group,run,step_idx,phase,num_reqs,total_num_scheduled_tokens,decode_us,update_states_us,prepare_inputs_us,total_us
shuffled,0,0,prefill,1,2048,559.34,172.42,170.18,904.2
shuffled,0,1,decode,1,1,96.5,14.77,75.76,191.29
shuffled,0,2,decode,1,1,84.29,6.66,56.94,150.16
shuffled,0,3,decode,1,1,80.15,6.38,54.7,143.27
shuffled,0,4,decode,1,1,78.23,6.07,53.1,139.4
shuffled,0,5,mixed,2,2048,470.81,173.49,130.26,777.95
shuffled,0,6,mixed,3,2048,461.08,179.36,130.58,776.22
shuffled,0,7,mixed,4,1030,459.65,173.39,132.97,771.48
shuffled,0,8,decode,4,4,93.02,16.5,67.76,181.72
shuffled,0,9,decode,4,4,82.32,9.62,56.84,151.41
shuffled,0,10,mixed,5,1028,447.5,146.6,113.65,711.47
shuffled,0,11,decode,5,5,92.61,18.98,68.86,184.83
shuffled,0,12,mixed,6,1029,447.18,148.47,112.93,712.54
shuffled,0,13,decode,6,6,92.96,18.62,68.25,184.4
shuffled,0,14,decode,6,6,82.0,11.82,57.37,153.41
shuffled,0,15,decode,6,6,79.48,11.62,55.6,148.72
shuffled,0,16,decode,6,6,77.8,11.18,54.22,145.09
shuffled,0,17,mixed,7,2048,474.43,170.59,127.11,776.04
shuffled,0,18,mixed,8,2048,444.02,163.22,127.63,740.18
shuffled,0,19,mixed,8,21,93.15,20.02,68.83,186.17
shuffled,0,20,mixed,9,1032,457.17,140.24,115.13,716.67
shuffled,0,21,decode,9,9,93.62,21.14,67.48,186.48
shuffled,0,22,decode,9,9,85.44,14.28,58.68,160.93
shuffled,0,23,mixed,10,1033,443.15,145.1,110.93,703.06
shuffled,0,24,decode,10,10,92.51,21.74,86.76,205.05
shuffled,0,25,decode,10,10,85.49,15.53,59.35,162.95
shuffled,0,26,decode,10,10,82.75,15.04,57.01,156.8
shuffled,0,27,decode,10,10,80.4,14.65,55.44,152.5
shuffled,0,28,decode,10,10,79.66,14.71,54.43,150.69
shuffled,0,29,decode,10,10,79.44,14.58,55.0,150.98
shuffled,0,30,decode,10,10,78.01,14.95,53.86,148.87
shuffled,0,31,mixed,11,2048,439.59,164.75,124.91,733.06
shuffled,0,32,mixed,11,21,97.44,23.18,73.05,198.14
shuffled,0,33,decode,11,11,86.9,15.97,59.21,164.59
shuffled,0,34,mixed,12,1035,438.73,142.29,112.87,698.08
shuffled,0,35,mixed,13,2048,443.96,168.15,144.18,762.26
shuffled,0,36,mixed,13,25,96.72,24.41,71.45,197.0
shuffled,0,37,decode,13,13,85.92,18.13,59.75,166.49
shuffled,0,38,decode,13,13,83.16,17.95,57.22,160.45
shuffled,0,39,mixed,14,1037,437.41,143.85,112.43,697.53
shuffled,0,40,decode,14,14,96.28,26.38,73.58,200.77
shuffled,0,41,decode,14,14,86.14,18.89,60.02,167.51
shuffled,0,42,decode,14,14,82.65,18.51,58.12,161.34
shuffled,0,43,mixed,15,1038,439.12,155.14,116.12,714.53
shuffled,0,44,mixed,16,2048,465.94,173.01,131.47,775.72
shuffled,0,45,mixed,16,31,97.98,28.78,75.59,207.0
shuffled,0,46,decode,16,16,88.19,21.2,61.48,173.44
shuffled,0,47,decode,16,16,86.77,20.82,59.05,168.93
shuffled,0,48,decode,16,16,82.63,20.62,57.9,163.37
shuffled,0,49,decode,16,16,95.22,20.11,59.84,177.42
shuffled,0,50,decode,16,16,82.49,20.41,57.97,163.0
shuffled,0,51,decode,16,16,82.61,20.32,57.65,162.57
shuffled,0,52,mixed,17,1040,503.1,157.06,122.66,787.08
shuffled,0,53,decode,17,17,99.92,29.77,75.16,209.36
shuffled,0,54,decode,17,17,90.92,21.87,64.94,180.35
shuffled,0,55,decode,17,17,86.15,21.39,59.67,169.54
shuffled,0,56,decode,17,17,84.47,21.29,58.38,166.37
shuffled,0,57,decode,17,17,84.25,21.33,58.42,166.28
shuffled,0,58,decode,17,17,83.62,21.11,57.83,164.72
shuffled,0,59,decode,17,17,82.62,21.02,57.53,163.33
shuffled,0,60,decode,17,17,83.53,21.11,57.4,164.15
shuffled,0,61,decode,17,17,82.97,21.3,59.72,166.13
shuffled,0,62,decode,17,17,81.66,20.93,57.21,162.04
shuffled,0,63,decode,17,17,82.78,20.8,56.4,161.94
shuffled,0,64,decode,17,17,82.23,20.9,56.73,161.85
shuffled,0,65,mixed,18,2048,518.06,176.75,134.13,833.28
shuffled,0,66,mixed,18,35,102.64,31.41,79.95,218.83
shuffled,0,67,decode,18,18,88.92,22.72,61.27,175.52
shuffled,0,68,decode,18,18,85.35,22.13,58.19,168.01
shuffled,0,69,decode,18,18,83.25,21.88,57.73,165.04
shuffled,0,70,decode,18,18,83.2,22.13,57.5,165.03
shuffled,0,71,mixed,19,2048,471.38,164.77,147.34,787.56
shuffled,0,72,mixed,19,37,99.37,33.5,75.25,212.74
shuffled,0,73,decode,19,19,89.14,25.22,60.8,178.01
shuffled,0,74,decode,19,19,84.93,24.37,59.05,170.47
shuffled,0,75,decode,19,19,83.79,24.49,57.62,168.22
shuffled,0,76,decode,19,19,83.1,24.1,57.12,166.61
shuffled,0,77,decode,19,19,84.11,24.26,59.42,169.9
shuffled,0,78,decode,19,19,89.89,24.01,57.7,173.81
shuffled,0,79,mixed,20,1043,463.66,148.42,121.06,737.32
shuffled,0,80,mixed,21,1044,455.94,170.22,116.4,748.37
shuffled,0,81,decode,21,21,101.18,34.05,75.52,215.17
shuffled,0,82,decode,21,21,88.92,26.93,60.53,178.99
shuffled,0,83,decode,21,21,85.33,25.61,58.72,172.03
shuffled,0,84,decode,21,21,84.83,25.98,57.48,170.24
shuffled,0,85,mixed,22,2048,454.73,174.82,129.05,762.53
shuffled,0,86,mixed,22,43,100.72,35.99,75.29,216.53
shuffled,0,87,decode,22,22,90.65,26.94,62.57,182.87
shuffled,0,88,decode,22,22,86.68,27.03,59.83,175.58
shuffled,0,89,decode,22,22,86.64,26.95,60.78,176.55
shuffled,0,90,decode,22,22,84.4,26.86,57.87,171.23
shuffled,0,91,decode,22,22,85.23,26.75,57.19,171.32
shuffled,0,92,mixed,23,2048,448.39,178.42,128.68,759.46
shuffled,0,93,mixed,23,45,119.38,38.14,81.24,243.68
shuffled,0,94,decode,23,23,91.2,27.73,60.4,181.76
shuffled,0,95,decode,23,23,87.63,27.85,59.06,177.06
shuffled,0,96,mixed,24,1047,457.0,157.33,115.67,733.97
shuffled,0,97,decode,24,24,103.07,38.13,76.93,222.66
shuffled,0,98,mixed,25,1048,453.9,161.66,112.65,732.45
shuffled,0,99,mixed,26,1049,453.82,151.76,114.36,725.41
shuffled,0,100,decode,26,26,105.89,39.97,79.59,230.34
shuffled,0,101,mixed,27,1050,448.59,156.15,114.01,723.09
shuffled,0,102,decode,27,27,101.87,39.58,74.58,220.47
shuffled,0,103,decode,27,27,92.68,32.46,64.02,191.96
shuffled,0,104,mixed,28,1051,450.31,162.85,114.03,731.07
shuffled,0,105,decode,28,28,104.63,41.02,76.92,227.41
shuffled,0,106,decode,28,28,115.08,33.14,64.96,215.94
shuffled,0,107,decode,28,28,89.99,31.57,60.77,184.61
shuffled,0,108,decode,28,28,86.9,31.83,59.76,180.81
shuffled,0,109,decode,28,28,87.86,31.22,59.1,180.38
shuffled,0,110,decode,28,28,86.87,31.57,58.75,179.43
shuffled,0,111,decode,28,28,86.12,31.82,58.4,178.42
shuffled,0,112,mixed,29,1052,455.86,153.09,112.83,725.93
shuffled,0,113,decode,29,29,103.33,42.07,76.95,226.99
shuffled,0,114,decode,29,29,92.95,34.02,62.47,192.34
shuffled,0,115,decode,29,29,90.38,32.38,63.46,188.39
shuffled,0,116,decode,29,29,88.58,32.5,59.85,183.51
shuffled,0,117,decode,29,29,88.73,32.93,59.74,183.52
shuffled,0,118,decode,29,29,87.82,32.64,59.42,182.23
shuffled,0,119,decode,29,29,87.03,32.44,60.08,181.69
shuffled,0,120,decode,29,29,87.94,33.51,62.22,185.88
shuffled,0,121,decode,29,29,86.65,32.29,59.67,181.0
shuffled,0,122,decode,29,29,85.85,32.87,59.41,180.34
shuffled,0,123,decode,29,29,86.02,32.04,58.3,178.62
shuffled,0,124,mixed,30,1053,450.52,163.16,118.45,736.21
shuffled,0,125,decode,30,30,104.37,43.7,79.02,231.95
shuffled,0,126,mixed,31,1054,462.49,165.72,119.1,751.8
shuffled,0,127,decode,31,31,105.25,44.83,81.06,236.28
shuffled,0,128,decode,30,30,94.65,59.49,68.88,225.78
shuffled,0,129,decode,30,30,95.87,34.12,63.27,195.88
shuffled,0,130,decode,30,30,92.25,33.66,60.45,188.68
shuffled,0,131,decode,30,30,91.61,33.65,76.75,204.5
shuffled,0,132,decode,30,30,90.07,34.63,60.79,187.86
shuffled,0,133,mixed,30,1053,461.78,165.46,117.99,749.64
shuffled,0,134,decode,29,29,103.71,69.26,78.93,256.93
shuffled,0,135,decode,28,28,100.68,57.16,68.71,229.66
shuffled,0,136,decode,28,28,96.4,33.34,62.44,194.69
shuffled,0,137,decode,28,28,91.39,32.4,60.95,187.19
shuffled,0,138,decode,27,27,87.73,54.12,62.43,206.56
shuffled,0,139,decode,27,27,92.35,31.46,76.16,202.4
shuffled,0,140,decode,26,26,88.07,53.14,63.04,206.74
shuffled,0,141,decode,26,26,91.54,30.06,60.79,184.86
shuffled,0,142,decode,26,26,88.2,30.46,59.3,180.22
shuffled,0,143,decode,26,26,85.77,30.23,60.13,178.34
shuffled,0,144,decode,26,26,85.3,30.03,58.94,176.48
shuffled,0,145,decode,25,25,86.75,58.38,68.07,215.68
shuffled,0,146,decode,24,24,90.81,53.77,61.24,208.27
shuffled,0,147,decode,24,24,87.6,28.19,59.54,177.86
shuffled,0,148,decode,23,23,84.43,51.73,62.19,200.64
shuffled,0,149,decode,23,23,87.94,27.52,58.12,176.07
shuffled,0,150,decode,23,23,87.97,27.65,60.32,178.28
shuffled,0,151,decode,22,22,85.55,49.09,61.06,197.94
shuffled,0,152,decode,22,22,87.96,26.84,59.35,176.72
shuffled,0,153,decode,22,22,83.89,26.41,58.01,170.5
shuffled,0,154,decode,22,22,82.57,26.26,57.87,168.82
shuffled,0,155,decode,22,22,83.18,26.07,57.55,169.12
shuffled,0,156,decode,22,22,84.03,27.41,59.17,172.82
shuffled,0,157,decode,22,22,82.38,25.75,57.18,167.38
shuffled,0,158,decode,22,22,82.41,26.13,57.02,167.75
shuffled,0,159,decode,21,21,83.5,52.33,61.14,199.09
shuffled,0,160,decode,21,21,87.47,25.63,56.41,171.91
shuffled,0,161,decode,21,21,82.81,25.66,57.13,167.94
shuffled,0,162,decode,20,20,82.58,48.22,64.19,197.14
shuffled,0,163,decode,19,19,86.72,48.3,60.75,198.16
shuffled,0,164,decode,19,19,85.91,24.05,58.34,170.66
shuffled,0,165,decode,19,19,85.17,23.88,56.64,167.8
shuffled,0,166,decode,19,19,83.93,23.64,56.17,165.71
shuffled,0,167,decode,18,18,82.05,43.81,59.3,187.28
shuffled,0,168,decode,18,18,87.44,22.46,60.39,172.53
shuffled,0,169,decode,18,18,83.79,22.48,56.4,164.71
shuffled,0,170,decode,18,18,80.4,21.87,57.06,161.56
shuffled,0,171,decode,17,17,81.92,42.79,59.32,186.14
shuffled,0,172,decode,16,16,85.65,43.7,58.33,190.11
shuffled,0,173,decode,16,16,82.71,20.16,56.68,161.75
shuffled,0,174,decode,16,16,83.22,20.04,55.58,160.85
shuffled,0,175,decode,16,16,81.26,20.07,58.0,161.36
shuffled,0,176,decode,16,16,80.64,20.35,56.22,159.06
shuffled,0,177,decode,16,16,79.75,19.92,55.85,157.43
shuffled,0,178,decode,16,16,80.18,19.99,55.52,157.77
shuffled,0,179,decode,16,16,79.93,19.6,56.5,158.05
shuffled,0,180,decode,15,15,79.99,35.22,61.02,178.15
shuffled,0,181,decode,15,15,83.25,19.04,56.23,160.69
shuffled,0,182,decode,15,15,82.26,19.31,56.74,160.64
shuffled,0,183,decode,15,15,80.11,18.86,56.49,157.38
shuffled,0,184,decode,15,15,79.56,19.13,55.24,155.96
shuffled,0,185,decode,15,15,79.57,18.82,54.82,155.03
shuffled,0,186,decode,15,15,79.01,19.21,56.11,156.44
shuffled,0,187,decode,15,15,78.73,18.53,54.77,153.91
shuffled,0,188,decode,15,15,78.49,18.93,54.79,154.1
shuffled,0,189,decode,15,15,78.66,18.76,55.61,154.86
shuffled,0,190,decode,15,15,80.04,18.79,58.21,158.99
shuffled,0,191,decode,15,15,78.97,18.82,55.79,155.47
shuffled,0,192,decode,15,15,80.25,18.54,55.48,156.28
shuffled,0,193,decode,14,14,78.9,37.91,59.97,178.6
shuffled,0,194,decode,14,14,84.18,17.89,54.74,158.98
shuffled,0,195,decode,14,14,80.65,17.68,54.92,155.32
shuffled,0,196,decode,14,14,81.18,17.69,54.71,155.47
shuffled,0,197,decode,14,14,79.77,30.72,56.69,168.97
shuffled,0,198,decode,14,14,81.65,17.98,54.96,156.57
shuffled,0,199,decode,13,13,78.58,35.65,58.7,174.93
shuffled,0,200,decode,13,13,82.73,17.19,55.38,157.45
shuffled,0,201,decode,13,13,79.13,16.91,55.21,153.18
shuffled,0,202,decode,13,13,79.79,17.05,54.33,153.05
shuffled,0,203,decode,13,13,80.61,16.9,54.66,154.1
shuffled,0,204,decode,13,13,78.99,16.85,55.07,152.92
shuffled,0,205,decode,13,13,87.54,17.38,56.38,163.2
shuffled,0,206,decode,13,13,80.09,16.91,55.06,154.08
shuffled,0,207,decode,12,12,77.92,32.26,59.61,171.51
shuffled,0,208,decode,11,11,82.56,28.79,58.24,171.73
shuffled,0,209,decode,11,11,80.83,15.59,54.92,153.31
shuffled,0,210,decode,11,11,79.59,15.44,53.4,150.4
shuffled,0,211,decode,11,11,78.81,15.29,54.12,150.1
shuffled,0,212,decode,11,11,79.35,15.53,54.52,151.31
shuffled,0,213,decode,10,10,78.61,30.99,56.88,168.22
shuffled,0,214,decode,10,10,81.49,14.57,55.52,153.82
shuffled,0,215,decode,10,10,78.48,14.6,53.82,148.81
shuffled,0,216,decode,10,10,76.65,14.4,53.22,146.16
shuffled,0,217,decode,10,10,78.19,14.44,52.95,147.37
shuffled,0,218,decode,10,10,77.33,14.0,53.56,146.81
shuffled,0,219,decode,10,10,76.93,14.6,54.14,147.49
shuffled,0,220,decode,9,9,76.15,31.94,57.22,167.1
shuffled,0,221,decode,9,9,80.28,13.44,53.15,148.82
shuffled,0,222,decode,9,9,77.7,13.41,52.92,145.82
shuffled,0,223,decode,9,9,77.91,13.39,55.21,148.37
shuffled,0,224,decode,8,8,78.59,26.78,56.41,163.66
shuffled,0,225,decode,8,8,78.92,12.66,53.11,146.77
shuffled,0,226,decode,7,7,76.77,24.74,56.38,159.88
shuffled,0,227,decode,6,6,79.46,23.89,55.28,160.75
shuffled,0,228,decode,6,6,79.36,11.21,53.19,145.81
shuffled,0,229,decode,5,5,75.83,21.85,55.22,154.89
shuffled,0,230,decode,5,5,77.34,9.81,52.97,142.26
shuffled,0,231,decode,5,5,75.73,9.88,52.98,140.68
shuffled,0,232,decode,4,4,75.22,20.77,54.12,151.89
shuffled,0,233,decode,4,4,75.64,8.63,52.63,139.11
shuffled,0,234,decode,4,4,74.78,8.98,53.62,139.33
shuffled,0,235,decode,4,4,73.72,8.91,51.66,136.1
shuffled,0,236,decode,4,4,73.72,8.6,52.34,136.29
shuffled,0,237,decode,4,4,73.16,8.82,52.18,135.85
shuffled,0,238,decode,4,4,73.21,8.77,51.8,135.58
shuffled,0,239,decode,4,4,74.56,8.94,51.74,136.95
shuffled,0,240,decode,3,3,73.34,21.57,54.28,151.01
shuffled,0,241,decode,3,3,75.63,8.08,52.43,138.27
shuffled,0,242,decode,3,3,74.5,7.92,51.62,135.87
shuffled,0,243,decode,3,3,74.27,7.89,52.25,136.08
shuffled,0,244,decode,3,3,73.25,8.0,52.29,135.2
shuffled,0,245,decode,3,3,73.74,7.97,51.81,135.23
shuffled,0,246,decode,3,3,74.02,7.93,51.76,135.56
shuffled,0,247,decode,3,3,75.32,7.76,55.19,140.09
shuffled,0,248,decode,3,3,74.04,7.93,53.45,137.2
shuffled,0,249,decode,3,3,72.33,8.07,52.13,134.24
shuffled,0,250,decode,3,3,73.15,8.05,51.81,134.72
shuffled,0,251,decode,3,3,73.0,7.94,56.9,139.54
shuffled,0,252,decode,2,2,72.98,20.56,55.03,150.27
shuffled,0,253,decode,2,2,75.43,7.03,52.4,136.88
shuffled,0,254,decode,1,1,73.27,25.19,53.62,153.8
shuffled,0,255,decode,1,1,74.8,5.8,52.51,134.92
shuffled,0,256,decode,1,1,73.23,5.85,50.93,131.6
shuffled,0,257,decode,1,1,71.71,5.79,50.64,129.75
shuffled,0,258,decode,1,1,71.5,5.65,49.92,128.71
shuffled,0,259,decode,1,1,71.58,5.94,49.97,129.21
shuffled,0,260,decode,1,1,71.5,5.79,50.61,129.46
shuffled,1,0,prefill,1,2048,621.85,168.22,178.15,971.91
shuffled,1,1,decode,1,1,97.1,14.26,73.14,189.43
shuffled,1,2,decode,1,1,82.52,6.75,58.53,150.41
shuffled,1,3,decode,1,1,77.48,6.38,55.85,141.78
shuffled,1,4,decode,1,1,75.36,6.1,53.77,137.06
shuffled,1,5,mixed,2,2048,496.42,162.56,133.89,796.56
shuffled,1,6,mixed,3,2048,473.82,166.46,133.86,779.8
shuffled,1,7,mixed,4,1030,473.69,159.23,119.95,758.35
shuffled,1,8,decode,4,4,93.59,17.22,69.51,185.24
shuffled,1,9,decode,4,4,82.2,9.68,56.39,150.53
shuffled,1,10,mixed,5,1028,461.75,139.95,116.24,722.13
shuffled,1,11,decode,5,5,91.4,17.09,66.77,179.83
shuffled,1,12,mixed,6,1029,456.35,132.63,129.94,722.65
shuffled,1,13,decode,6,6,95.31,19.37,68.9,188.0
shuffled,1,14,decode,6,6,83.62,11.81,56.84,154.77
shuffled,1,15,decode,6,6,80.08,11.28,55.23,148.63
shuffled,1,16,decode,6,6,79.27,11.09,54.19,146.75
shuffled,1,17,mixed,7,2048,466.03,159.69,128.77,758.06
shuffled,1,18,mixed,8,2048,465.23,165.92,131.58,768.26
shuffled,1,19,mixed,8,21,95.59,20.75,69.6,190.87
shuffled,1,20,mixed,9,1032,461.47,147.41,115.62,728.73
shuffled,1,21,decode,9,9,111.31,22.54,73.63,211.76
shuffled,1,22,decode,9,9,85.7,14.2,57.83,160.37
shuffled,1,23,mixed,10,1033,456.99,147.77,118.25,727.18
shuffled,1,24,decode,10,10,95.97,22.9,70.38,193.9
shuffled,1,25,decode,10,10,84.28,15.11,57.84,159.88
shuffled,1,26,decode,10,10,81.95,14.82,57.34,156.29
shuffled,1,27,decode,10,10,99.92,15.17,58.05,175.51
shuffled,1,28,decode,10,10,80.6,14.97,56.02,153.63
shuffled,1,29,decode,10,10,78.49,15.13,56.42,151.99
shuffled,1,30,decode,10,10,78.35,14.71,55.15,150.31
shuffled,1,31,mixed,11,2048,473.53,164.96,131.54,774.2
shuffled,1,32,mixed,11,21,98.18,25.23,71.61,199.29
shuffled,1,33,decode,11,11,88.36,16.55,59.5,167.03
shuffled,1,34,mixed,12,1035,459.93,149.85,120.16,733.88
shuffled,1,35,mixed,13,2048,472.08,174.68,135.79,787.71
shuffled,1,36,mixed,13,25,99.81,25.75,78.02,208.25
shuffled,1,37,decode,13,13,86.97,18.11,60.42,168.11
shuffled,1,38,decode,13,13,83.93,17.7,58.01,161.84
shuffled,1,39,mixed,14,1037,461.44,145.99,117.87,729.11
shuffled,1,40,decode,14,14,97.71,26.91,73.22,202.24
shuffled,1,41,decode,14,14,103.25,19.14,60.77,185.62
shuffled,1,42,decode,14,14,83.62,18.16,58.19,162.18
shuffled,1,43,mixed,15,1038,463.25,138.66,113.43,719.3
shuffled,1,44,mixed,16,2048,466.75,178.23,133.42,783.7
shuffled,1,45,mixed,16,31,101.74,28.38,77.5,212.35
shuffled,1,46,decode,16,16,88.41,21.14,61.48,173.71
shuffled,1,47,decode,16,16,84.6,20.92,58.44,166.13
shuffled,1,48,decode,16,16,83.54,20.29,58.43,164.24
shuffled,1,49,decode,16,16,81.51,20.48,57.36,161.48
shuffled,1,50,decode,16,16,81.79,20.39,56.66,160.74
shuffled,1,51,decode,16,16,82.05,20.95,58.91,164.13
shuffled,1,52,mixed,17,1040,471.51,155.76,119.45,750.74
shuffled,1,53,decode,17,17,98.27,29.92,72.27,205.18
shuffled,1,54,decode,17,17,88.19,21.74,60.14,172.81
shuffled,1,55,decode,17,17,85.39,21.48,58.61,167.85
shuffled,1,56,decode,17,17,85.1,21.49,59.53,168.32
shuffled,1,57,decode,17,17,82.99,21.41,57.32,164.21
shuffled,1,58,decode,17,17,83.1,21.54,56.52,163.23
shuffled,1,59,decode,17,17,81.56,21.63,56.62,162.03
shuffled,1,60,decode,17,17,82.35,21.04,56.86,162.29
shuffled,1,61,decode,17,17,80.56,20.83,56.38,159.9
shuffled,1,62,decode,17,17,81.08,21.41,56.66,161.17
shuffled,1,63,decode,17,17,82.97,21.23,58.74,165.1
shuffled,1,64,decode,17,17,81.29,20.4,56.63,160.46
shuffled,1,65,mixed,18,2048,473.81,171.16,132.35,781.33
shuffled,1,66,mixed,18,35,102.86,31.01,75.61,214.39
shuffled,1,67,decode,18,18,90.6,22.52,63.89,179.86
shuffled,1,68,decode,18,18,86.95,22.29,59.41,170.96
shuffled,1,69,decode,18,18,84.46,21.95,57.58,166.25
shuffled,1,70,decode,18,18,83.51,21.73,57.15,164.48
shuffled,1,71,mixed,19,2048,474.97,171.03,134.01,784.18
shuffled,1,72,mixed,19,37,104.65,32.76,80.54,222.79
shuffled,1,73,decode,19,19,89.86,25.04,60.81,178.61
shuffled,1,74,decode,19,19,86.85,24.33,59.13,172.66
shuffled,1,75,decode,19,19,84.38,23.88,57.35,167.73
shuffled,1,76,decode,19,19,83.63,23.8,57.22,166.79
shuffled,1,77,decode,19,19,83.51,23.51,57.06,166.17
shuffled,1,78,decode,19,19,82.93,24.31,59.22,168.51
shuffled,1,79,mixed,20,1043,487.73,162.76,119.95,774.43
shuffled,1,80,mixed,21,1044,481.87,163.31,120.78,771.74
shuffled,1,81,decode,21,21,104.53,35.29,79.09,224.18
shuffled,1,82,decode,21,21,90.13,26.64,61.74,181.04
shuffled,1,83,decode,21,21,86.73,25.9,59.0,173.83
shuffled,1,84,decode,21,21,84.32,26.02,57.52,170.0
shuffled,1,85,mixed,22,2048,478.02,176.28,143.77,802.03
shuffled,1,86,mixed,22,43,105.52,36.16,80.53,227.28
shuffled,1,87,decode,22,22,92.06,26.96,63.75,185.35
shuffled,1,88,decode,22,22,86.71,26.79,59.53,175.28
shuffled,1,89,decode,22,22,84.29,26.27,58.58,171.27
shuffled,1,90,decode,22,22,97.04,25.94,59.59,184.74
shuffled,1,91,decode,22,22,84.91,26.48,58.93,172.59
shuffled,1,92,mixed,23,2048,478.72,167.95,131.21,782.55
shuffled,1,93,mixed,23,45,108.04,37.82,79.16,229.74
shuffled,1,94,decode,23,23,93.63,28.21,65.17,189.86
shuffled,1,95,decode,23,23,88.26,27.87,60.72,179.04
shuffled,1,96,mixed,24,1047,476.62,155.16,119.69,756.07
shuffled,1,97,decode,24,24,106.43,37.88,75.64,225.22
shuffled,1,98,mixed,25,1048,481.7,156.77,120.72,763.82
shuffled,1,99,mixed,26,1049,481.69,161.59,120.31,769.97
shuffled,1,100,decode,26,26,109.78,39.54,81.05,235.21
shuffled,1,101,mixed,27,1050,477.44,154.55,118.61,755.12
shuffled,1,102,decode,27,27,106.99,40.54,77.1,229.61
shuffled,1,103,decode,27,27,95.31,47.47,65.65,211.23
shuffled,1,104,mixed,28,1051,476.69,162.77,117.84,761.96
shuffled,1,105,decode,28,28,107.48,41.46,78.05,232.04
shuffled,1,106,decode,28,28,95.25,32.7,64.09,194.67
shuffled,1,107,decode,28,28,90.85,31.57,64.78,190.07
shuffled,1,108,decode,28,28,89.7,31.86,61.55,185.65
shuffled,1,109,decode,28,28,89.17,31.26,59.71,182.67
shuffled,1,110,decode,28,28,87.43,32.81,59.99,182.55
shuffled,1,111,decode,28,28,87.09,31.65,59.72,180.64
shuffled,1,112,mixed,29,1052,483.57,155.68,120.47,763.94
shuffled,1,113,decode,29,29,105.44,42.44,78.39,231.68
shuffled,1,114,decode,29,29,94.72,34.13,63.38,195.13
shuffled,1,115,decode,29,29,103.88,33.5,62.38,202.19
shuffled,1,116,decode,29,29,88.42,33.08,60.09,183.93
shuffled,1,117,decode,29,29,89.26,32.99,59.39,183.92
shuffled,1,118,decode,29,29,88.09,32.53,59.81,182.62
shuffled,1,119,decode,29,29,86.48,32.48,60.16,181.51
shuffled,1,120,decode,29,29,96.56,33.35,62.28,194.53
shuffled,1,121,decode,29,29,89.69,32.85,60.23,185.04
shuffled,1,122,decode,29,29,88.01,32.71,59.31,182.26
shuffled,1,123,decode,29,29,87.19,32.62,59.44,181.46
shuffled,1,124,mixed,30,1053,504.65,158.59,120.09,787.96
shuffled,1,125,decode,30,30,110.06,44.08,86.14,245.7
shuffled,1,126,mixed,31,1054,507.26,161.11,125.49,798.83
shuffled,1,127,decode,31,31,109.87,44.47,81.12,240.78
shuffled,1,128,decode,30,30,96.51,60.41,69.39,229.03
shuffled,1,129,decode,30,30,97.42,33.69,61.59,195.31
shuffled,1,130,decode,30,30,90.04,33.85,61.1,187.35
shuffled,1,131,decode,30,30,89.39,33.32,59.78,185.03
shuffled,1,132,decode,30,30,90.31,34.17,61.89,188.52
shuffled,1,133,mixed,30,1053,496.77,173.06,121.47,795.56
shuffled,1,134,decode,29,29,109.15,70.14,80.36,264.88
shuffled,1,135,decode,28,28,101.54,55.73,69.49,229.97
shuffled,1,136,decode,28,28,95.82,32.89,62.84,194.39
shuffled,1,137,decode,28,28,91.93,32.04,60.22,186.59
shuffled,1,138,decode,27,27,90.14,55.78,62.75,210.92
shuffled,1,139,decode,27,27,93.49,31.33,60.29,188.08
shuffled,1,140,decode,26,26,91.99,54.42,65.72,214.47
shuffled,1,141,decode,26,26,91.07,30.24,59.7,183.7
shuffled,1,142,decode,26,26,87.19,30.1,58.35,178.04
shuffled,1,143,decode,26,26,86.41,29.99,58.37,176.8
shuffled,1,144,decode,26,26,85.81,30.13,58.72,177.0
shuffled,1,145,decode,25,25,88.05,57.62,67.66,215.55
shuffled,1,146,decode,24,24,90.73,55.17,64.69,213.06
shuffled,1,147,decode,24,24,91.2,28.46,59.55,181.6
shuffled,1,148,decode,23,23,87.5,50.95,61.09,201.66
shuffled,1,149,decode,23,23,92.45,27.03,57.75,179.59
shuffled,1,150,decode,23,23,85.11,27.8,74.69,189.86
shuffled,1,151,decode,22,22,85.8,50.52,62.06,200.83
shuffled,1,152,decode,22,22,91.42,26.83,58.38,179.23
shuffled,1,153,decode,22,22,84.54,25.87,57.11,169.7
shuffled,1,154,decode,22,22,84.62,25.89,59.04,171.5
shuffled,1,155,decode,22,22,83.81,26.7,57.91,170.59
shuffled,1,156,decode,22,22,98.97,26.88,59.2,187.27
shuffled,1,157,decode,22,22,85.47,26.14,58.37,171.97
shuffled,1,158,decode,22,22,85.48,26.45,58.97,173.03
shuffled,1,159,decode,21,21,84.14,53.36,64.74,204.3
shuffled,1,160,decode,21,21,89.17,25.7,56.96,174.3
shuffled,1,161,decode,21,21,86.66,25.65,57.33,171.74
shuffled,1,162,decode,20,20,97.63,50.3,65.64,215.82
shuffled,1,163,decode,19,19,89.27,49.8,61.73,203.24
shuffled,1,164,decode,19,19,89.34,23.8,58.48,174.37
shuffled,1,165,decode,19,19,83.38,23.42,57.51,166.36
shuffled,1,166,decode,19,19,82.62,23.32,56.57,164.72
shuffled,1,167,decode,18,18,83.46,45.56,62.04,193.1
shuffled,1,168,decode,18,18,85.76,22.01,57.11,167.83
shuffled,1,169,decode,18,18,83.72,21.81,59.53,167.14
shuffled,1,170,decode,18,18,81.89,21.74,56.69,162.49
shuffled,1,171,decode,17,17,80.76,43.72,60.76,187.4
shuffled,1,172,decode,16,16,86.45,44.2,60.51,193.65
shuffled,1,173,decode,16,16,82.44,20.38,55.58,160.51
shuffled,1,174,decode,16,16,80.61,20.26,55.46,158.27
shuffled,1,175,decode,16,16,80.76,20.25,68.82,171.73
shuffled,1,176,decode,16,16,83.21,20.07,57.5,163.08
shuffled,1,177,decode,16,16,81.12,20.09,56.23,159.21
shuffled,1,178,decode,16,16,84.6,20.47,59.82,166.98
shuffled,1,179,decode,16,16,85.05,20.54,62.38,170.2
shuffled,1,180,decode,15,15,80.01,37.59,66.92,186.31
shuffled,1,181,decode,15,15,92.7,20.4,76.64,193.32
shuffled,1,182,decode,15,15,98.33,20.62,91.04,213.12
shuffled,1,183,decode,15,15,114.65,21.93,98.71,237.98
shuffled,1,184,decode,15,15,115.32,22.93,100.46,242.12
shuffled,1,185,decode,15,15,121.57,27.46,126.43,279.83
shuffled,1,186,decode,15,15,120.95,30.47,116.98,272.94
shuffled,1,187,decode,15,15,125.42,21.86,129.58,280.11
shuffled,1,188,decode,15,15,126.01,29.59,126.41,285.66
shuffled,1,189,decode,15,15,118.57,24.3,125.67,271.57
shuffled,1,190,decode,15,15,126.31,25.06,128.31,283.58
shuffled,1,191,decode,15,15,97.91,21.36,94.36,216.24
shuffled,1,192,decode,15,15,84.48,18.89,74.73,180.23
shuffled,1,193,decode,14,14,86.32,43.77,72.49,204.53
shuffled,1,194,decode,14,14,92.8,19.29,71.4,186.16
shuffled,1,195,decode,14,14,83.94,18.19,61.79,165.79
shuffled,1,196,decode,14,14,82.11,18.15,61.16,163.47
shuffled,1,197,decode,14,14,82.14,17.93,60.18,162.38
shuffled,1,198,decode,14,14,81.64,18.07,60.6,162.48
shuffled,1,199,decode,13,13,79.32,39.55,64.12,184.91
shuffled,1,200,decode,13,13,84.44,17.44,58.3,162.39
shuffled,1,201,decode,13,13,84.96,18.03,62.57,167.51
shuffled,1,202,decode,13,13,84.59,17.03,61.44,165.04
shuffled,1,203,decode,13,13,82.53,17.31,57.73,159.47
shuffled,1,204,decode,13,13,79.97,17.19,57.16,156.15
shuffled,1,205,decode,13,13,78.06,16.75,56.01,152.65
shuffled,1,206,decode,13,13,77.6,16.84,57.05,153.54
shuffled,1,207,decode,12,12,79.22,37.28,62.58,180.81
shuffled,1,208,decode,11,11,83.52,30.75,58.26,174.86
shuffled,1,209,decode,11,11,81.79,16.04,55.69,155.58
shuffled,1,210,decode,11,11,81.68,15.9,58.76,158.35
shuffled,1,211,decode,11,11,80.39,15.86,55.5,153.58
shuffled,1,212,decode,11,11,79.31,15.7,55.16,151.97
shuffled,1,213,decode,10,10,77.74,35.17,59.15,173.75
shuffled,1,214,decode,10,10,80.87,14.72,54.67,152.17
shuffled,1,215,decode,10,10,79.63,14.59,54.77,150.8
shuffled,1,216,decode,10,10,79.45,14.49,53.96,149.74
shuffled,1,217,decode,10,10,78.11,14.32,55.02,149.35
shuffled,1,218,decode,10,10,76.49,13.91,54.8,146.94
shuffled,1,219,decode,10,10,78.75,14.58,56.9,152.01
shuffled,1,220,decode,9,9,77.09,35.03,59.85,173.84
shuffled,1,221,decode,9,9,79.11,13.55,54.93,149.43
shuffled,1,222,decode,9,9,79.21,13.74,55.88,150.75
shuffled,1,223,decode,9,9,79.71,13.27,56.29,151.14
shuffled,1,224,decode,8,8,78.66,29.99,59.78,170.2
shuffled,1,225,decode,8,8,80.71,12.95,55.72,151.46
shuffled,1,226,decode,7,7,77.17,29.04,61.55,169.67
shuffled,1,227,decode,6,6,80.19,27.83,58.09,168.29
shuffled,1,228,decode,6,6,81.54,11.89,57.35,152.83
shuffled,1,229,decode,5,5,78.5,25.12,56.94,162.48
shuffled,1,230,decode,5,5,78.97,10.05,53.65,144.66
shuffled,1,231,decode,5,5,77.53,9.82,53.21,142.31
shuffled,1,232,decode,4,4,75.27,23.9,53.8,154.85
shuffled,1,233,decode,4,4,75.23,9.57,55.17,141.74
shuffled,1,234,decode,4,4,76.86,9.2,53.55,141.4
shuffled,1,235,decode,4,4,73.65,8.59,53.84,137.76
shuffled,1,236,decode,4,4,72.82,8.74,53.55,136.79
shuffled,1,237,decode,4,4,72.19,8.58,53.04,135.38
shuffled,1,238,decode,4,4,73.37,8.63,53.55,137.22
shuffled,1,239,decode,4,4,75.27,9.08,58.51,144.45
shuffled,1,240,decode,3,3,72.31,32.74,58.88,165.56
shuffled,1,241,decode,3,3,76.62,7.89,55.35,141.87
shuffled,1,242,decode,3,3,74.55,7.87,52.52,136.62
shuffled,1,243,decode,3,3,74.98,7.95,52.64,137.31
shuffled,1,244,decode,3,3,73.6,7.91,52.44,135.59
shuffled,1,245,decode,3,3,72.92,7.82,53.45,135.85
shuffled,1,246,decode,3,3,74.01,7.57,54.01,137.31
shuffled,1,247,decode,3,3,72.75,7.59,52.97,134.98
shuffled,1,248,decode,3,3,72.23,7.62,53.28,134.82
shuffled,1,249,decode,3,3,71.89,7.58,53.15,134.38
shuffled,1,250,decode,3,3,72.59,7.74,52.2,134.13
shuffled,1,251,decode,3,3,72.21,7.66,52.9,134.36
shuffled,1,252,decode,2,2,72.2,23.97,53.98,151.77
shuffled,1,253,decode,2,2,75.12,6.95,52.45,136.24
shuffled,1,254,decode,1,1,81.55,29.75,55.2,168.3
shuffled,1,255,decode,1,1,73.06,5.82,52.14,132.92
shuffled,1,256,decode,1,1,71.65,5.68,50.26,129.14
shuffled,1,257,decode,1,1,70.15,5.7,50.78,128.31
shuffled,1,258,decode,1,1,70.72,5.47,50.19,127.94
shuffled,1,259,decode,1,1,70.75,5.46,50.99,128.78
shuffled,1,260,decode,1,1,71.86,5.59,49.17,128.2
shuffled,2,0,prefill,1,2048,604.22,186.46,169.47,962.93
shuffled,2,1,decode,1,1,98.59,14.65,75.91,193.87
shuffled,2,2,decode,1,1,100.16,6.77,60.72,169.95
shuffled,2,3,decode,1,1,78.36,6.04,54.82,141.23
shuffled,2,4,decode,1,1,75.26,6.35,55.98,139.38
shuffled,2,5,mixed,2,2048,498.69,180.28,136.47,819.35
shuffled,2,6,mixed,3,2048,494.28,178.09,135.31,813.7
shuffled,2,7,mixed,4,1030,493.96,164.93,124.48,789.15
shuffled,2,8,decode,4,4,96.09,16.81,75.34,193.41
shuffled,2,9,decode,4,4,83.86,10.5,60.43,157.51
shuffled,2,10,mixed,5,1028,483.94,155.65,121.73,765.35
shuffled,2,11,decode,5,5,94.8,18.71,77.06,195.41
shuffled,2,12,mixed,6,1029,480.29,167.59,124.3,776.6
shuffled,2,13,decode,6,6,94.1,18.79,75.29,192.11
shuffled,2,14,decode,6,6,81.08,12.03,60.41,156.19
shuffled,2,15,decode,6,6,78.43,11.69,58.0,150.41
shuffled,2,16,decode,6,6,78.18,10.95,56.76,147.83
shuffled,2,17,mixed,7,2048,498.71,188.98,133.95,825.65
shuffled,2,18,mixed,8,2048,483.69,200.35,140.02,829.61
shuffled,2,19,mixed,8,21,95.06,21.63,76.91,198.3
shuffled,2,20,mixed,9,1032,483.16,161.78,122.83,772.24
shuffled,2,21,decode,9,9,94.68,22.63,72.68,194.29
shuffled,2,22,decode,9,9,85.19,14.26,60.18,162.13
shuffled,2,23,mixed,10,1033,467.06,152.66,121.67,745.48
shuffled,2,24,decode,10,10,117.64,23.71,75.34,221.41
shuffled,2,25,decode,10,10,83.72,15.52,58.39,160.17
shuffled,2,26,decode,10,10,81.44,15.15,58.19,156.89
shuffled,2,27,decode,10,10,79.06,14.9,56.43,152.49
shuffled,2,28,decode,10,10,79.31,14.69,56.14,152.04
shuffled,2,29,decode,10,10,79.12,14.56,54.89,150.62
shuffled,2,30,decode,10,10,79.9,14.47,54.56,150.8
shuffled,2,31,mixed,11,2048,449.31,163.87,131.94,748.91
shuffled,2,32,mixed,11,21,93.48,23.63,73.81,195.31
shuffled,2,33,decode,11,11,83.1,16.01,58.77,160.27
shuffled,2,34,mixed,12,1035,425.88,147.42,112.24,689.48
shuffled,2,35,mixed,13,2048,424.86,187.56,126.84,744.9
shuffled,2,36,mixed,13,25,94.68,25.37,72.11,196.21
shuffled,2,37,decode,13,13,86.09,17.99,59.37,165.9
shuffled,2,38,decode,13,13,82.79,17.61,56.56,159.05
shuffled,2,39,mixed,14,1037,419.27,146.96,109.82,680.15
shuffled,2,40,decode,14,14,94.41,26.0,72.31,196.57
shuffled,2,41,decode,14,14,85.43,18.82,59.68,166.22
shuffled,2,42,decode,14,14,81.82,18.19,57.35,159.37
shuffled,2,43,mixed,15,1038,421.54,152.7,109.36,687.18
shuffled,2,44,mixed,16,2048,450.61,175.31,128.44,759.81
shuffled,2,45,mixed,16,31,95.82,27.67,72.37,200.21
shuffled,2,46,decode,16,16,87.45,21.22,60.8,171.77
shuffled,2,47,decode,16,16,84.0,20.94,58.83,165.98
shuffled,2,48,decode,16,16,81.59,20.47,57.25,161.25
shuffled,2,49,decode,16,16,91.17,20.29,58.51,172.14
shuffled,2,50,decode,16,16,81.01,20.16,56.57,159.83
shuffled,2,51,decode,16,16,81.83,20.11,56.34,160.34
shuffled,2,52,mixed,17,1040,424.64,145.04,109.33,683.04
shuffled,2,53,decode,17,17,94.61,28.4,69.09,196.46
shuffled,2,54,decode,17,17,103.3,21.98,60.87,188.64
shuffled,2,55,decode,17,17,84.81,21.21,57.93,166.15
shuffled,2,56,decode,17,17,82.1,20.87,58.04,163.2
shuffled,2,57,decode,17,17,81.41,20.49,56.59,160.68
shuffled,2,58,decode,17,17,80.97,21.13,56.96,161.05
shuffled,2,59,decode,17,17,82.49,21.27,58.07,163.78
shuffled,2,60,decode,17,17,80.2,20.94,56.7,159.94
shuffled,2,61,decode,17,17,90.39,21.45,57.25,171.25
shuffled,2,62,decode,17,17,81.62,20.86,56.38,160.86
shuffled,2,63,decode,17,17,80.43,20.83,56.34,159.71
shuffled,2,64,decode,17,17,81.16,20.71,56.11,159.98
shuffled,2,65,mixed,18,2048,434.91,169.92,123.14,731.48
shuffled,2,66,mixed,18,35,98.45,30.79,76.0,209.81
shuffled,2,67,decode,18,18,89.56,22.58,61.13,175.71
shuffled,2,68,decode,18,18,84.5,22.2,59.04,167.93
shuffled,2,69,decode,18,18,83.89,22.49,56.88,165.59
shuffled,2,70,decode,18,18,82.36,22.41,57.61,164.35
shuffled,2,71,mixed,19,2048,432.65,161.89,125.89,724.16
shuffled,2,72,mixed,19,37,96.55,33.16,77.09,211.09
shuffled,2,73,decode,19,19,87.57,25.15,59.9,174.99
shuffled,2,74,decode,19,19,83.89,23.98,58.46,168.34
shuffled,2,75,decode,19,19,83.09,24.28,58.49,168.0
shuffled,2,76,decode,19,19,82.02,23.97,56.76,164.86
shuffled,2,77,decode,19,19,82.89,24.53,57.99,167.34
shuffled,2,78,decode,19,19,83.51,24.1,56.53,166.37
shuffled,2,79,mixed,20,1043,430.72,140.82,112.14,687.56
shuffled,2,80,mixed,21,1044,433.25,151.5,110.86,700.88
shuffled,2,81,decode,21,21,98.93,33.86,74.12,211.37
shuffled,2,82,decode,21,21,89.74,26.6,60.59,179.63
shuffled,2,83,decode,21,21,85.53,25.86,59.4,172.89
shuffled,2,84,decode,21,21,84.16,25.86,57.96,170.14
shuffled,2,85,mixed,22,2048,423.84,176.52,126.81,731.22
shuffled,2,86,mixed,22,43,99.01,36.08,76.84,216.58
shuffled,2,87,decode,22,22,89.8,27.13,62.98,182.54
shuffled,2,88,decode,22,22,86.57,26.71,58.98,174.56
shuffled,2,89,decode,22,22,84.84,26.32,59.31,172.61
shuffled,2,90,decode,22,22,84.76,26.32,59.12,172.32
shuffled,2,91,decode,22,22,84.31,26.37,57.96,170.82
shuffled,2,92,mixed,23,2048,431.28,164.08,125.19,724.19
shuffled,2,93,mixed,23,45,100.26,35.61,75.79,216.25
shuffled,2,94,decode,23,23,91.0,28.05,62.6,184.06
shuffled,2,95,decode,23,23,86.91,27.38,59.27,175.78
shuffled,2,96,mixed,24,1047,432.46,159.72,111.23,707.4
shuffled,2,97,decode,24,24,99.92,36.63,74.49,215.34
shuffled,2,98,mixed,25,1048,430.65,149.69,109.32,693.72
shuffled,2,99,mixed,26,1049,436.97,151.66,110.78,705.13
shuffled,2,100,decode,26,26,114.81,39.16,75.78,234.2
shuffled,2,101,mixed,27,1050,440.51,161.31,113.74,720.05
shuffled,2,102,decode,27,27,100.65,39.92,75.31,220.82
shuffled,2,103,decode,27,27,91.4,31.83,61.33,187.18
shuffled,2,104,mixed,28,1051,428.12,157.77,112.45,702.44
shuffled,2,105,decode,28,28,102.47,40.4,73.93,221.11
shuffled,2,106,decode,28,28,91.13,32.89,62.89,189.53
shuffled,2,107,decode,28,28,88.24,32.28,61.64,193.45
shuffled,2,108,decode,28,28,88.87,31.77,59.67,182.48
shuffled,2,109,decode,28,28,89.05,30.86,58.39,180.46
shuffled,2,110,decode,28,28,86.81,31.68,60.66,181.45
shuffled,2,111,decode,28,28,85.84,32.04,59.16,179.34
shuffled,2,112,mixed,29,1052,450.07,160.75,115.45,730.69
shuffled,2,113,decode,29,29,102.41,42.25,76.24,225.77
shuffled,2,114,decode,29,29,93.5,34.19,62.82,193.17
shuffled,2,115,decode,29,29,88.88,33.04,59.81,183.97
shuffled,2,116,decode,29,29,89.38,32.78,61.91,186.32
shuffled,2,117,decode,29,29,87.12,32.71,59.33,181.41
shuffled,2,118,decode,29,29,87.09,32.22,59.46,181.26
shuffled,2,119,decode,29,29,85.6,32.54,59.05,179.42
shuffled,2,120,decode,29,29,85.49,32.4,58.33,178.37
shuffled,2,121,decode,29,29,86.87,32.87,61.41,183.4
shuffled,2,122,decode,29,29,86.18,32.42,58.85,179.46
shuffled,2,123,decode,29,29,86.23,31.94,59.84,180.24
shuffled,2,124,mixed,30,1053,434.4,166.02,114.76,719.32
shuffled,2,125,decode,30,30,102.0,42.55,75.94,225.13
shuffled,2,126,mixed,31,1054,430.71,159.11,112.64,707.18
shuffled,2,127,decode,31,31,101.85,43.09,74.91,224.09
shuffled,2,128,decode,30,30,94.15,59.43,69.13,225.43
shuffled,2,129,decode,30,30,94.89,33.96,60.96,192.29
shuffled,2,130,decode,30,30,91.61,33.98,60.39,188.12
shuffled,2,131,decode,30,30,90.52,33.82,60.15,186.67
shuffled,2,132,decode,30,30,89.92,42.23,61.49,195.79
shuffled,2,133,mixed,30,1053,436.82,169.1,113.12,723.37
shuffled,2,134,decode,29,29,102.68,69.01,74.87,251.22
shuffled,2,135,decode,28,28,97.55,54.37,65.95,220.67
shuffled,2,136,decode,28,28,93.39,33.03,64.26,193.16
shuffled,2,137,decode,28,28,90.69,32.59,59.48,184.98
shuffled,2,138,decode,27,27,88.44,54.52,62.23,207.45
shuffled,2,139,decode,27,27,89.45,31.82,58.81,182.27
shuffled,2,140,decode,26,26,86.47,52.63,60.67,202.09
shuffled,2,141,decode,26,26,91.1,30.53,61.99,186.31
shuffled,2,142,decode,26,26,88.07,30.44,59.32,179.82
shuffled,2,143,decode,26,26,85.24,30.09,58.81,176.33
shuffled,2,144,decode,26,26,84.19,30.88,57.99,175.36
shuffled,2,145,decode,25,25,84.96,57.47,61.9,206.52
shuffled,2,146,decode,24,24,89.77,54.07,63.27,209.57
shuffled,2,147,decode,24,24,87.14,28.8,58.54,176.8
shuffled,2,148,decode,23,23,84.67,50.0,60.23,196.99
shuffled,2,149,decode,23,23,87.6,26.99,57.77,174.71
shuffled,2,150,decode,23,23,85.88,27.48,56.79,172.22
shuffled,2,151,decode,22,22,83.01,47.79,59.64,192.44
shuffled,2,152,decode,22,22,87.54,26.61,59.77,176.05
shuffled,2,153,decode,22,22,83.11,26.74,57.36,169.23
shuffled,2,154,decode,22,22,84.95,26.67,57.22,170.71
shuffled,2,155,decode,22,22,82.66,26.72,57.77,169.11
shuffled,2,156,decode,22,22,82.9,26.13,56.75,167.8
shuffled,2,157,decode,22,22,84.07,26.19,68.66,180.92
shuffled,2,158,decode,22,22,83.62,26.4,57.88,169.98
shuffled,2,159,decode,21,21,83.41,52.81,60.1,198.31
shuffled,2,160,decode,21,21,87.04,25.78,56.66,171.82
shuffled,2,161,decode,21,21,85.16,25.8,56.11,169.21
shuffled,2,162,decode,20,20,82.83,46.99,59.9,191.65
shuffled,2,163,decode,19,19,85.01,47.93,71.41,206.72
shuffled,2,164,decode,19,19,87.01,24.41,57.61,171.47
shuffled,2,165,decode,19,19,83.42,24.3,56.47,166.1
shuffled,2,166,decode,19,19,82.15,23.85,56.31,164.34
shuffled,2,167,decode,18,18,83.48,44.13,60.24,190.09
shuffled,2,168,decode,18,18,85.24,22.4,56.78,166.59
shuffled,2,169,decode,18,18,82.3,21.71,54.95,160.99
shuffled,2,170,decode,18,18,81.67,21.8,58.14,163.63
shuffled,2,171,decode,17,17,81.97,42.73,59.86,186.51
shuffled,2,172,decode,16,16,85.7,43.3,57.83,189.02
shuffled,2,173,decode,16,16,84.07,20.18,56.04,162.41
shuffled,2,174,decode,16,16,81.12,20.62,55.59,159.28
shuffled,2,175,decode,16,16,81.68,19.89,55.49,158.86
shuffled,2,176,decode,16,16,80.71,20.12,55.07,157.87
shuffled,2,177,decode,16,16,79.69,20.2,57.69,159.67
shuffled,2,178,decode,16,16,78.87,19.89,55.75,156.39
shuffled,2,179,decode,16,16,79.09,19.8,55.67,156.42
shuffled,2,180,decode,15,15,79.96,34.92,60.65,177.45
shuffled,2,181,decode,15,15,83.22,18.98,55.13,159.44
shuffled,2,182,decode,15,15,80.56,18.92,54.61,156.01
shuffled,2,183,decode,15,15,79.46,19.23,54.43,154.94
shuffled,2,184,decode,15,15,91.88,18.95,56.57,169.32
shuffled,2,185,decode,15,15,81.57,18.41,55.96,157.92
shuffled,2,186,decode,15,15,78.94,18.74,55.37,155.0
shuffled,2,187,decode,15,15,78.15,18.63,54.45,153.24
shuffled,2,188,decode,15,15,78.32,18.69,54.53,153.5
shuffled,2,189,decode,15,15,78.87,18.89,54.44,153.99
shuffled,2,190,decode,15,15,78.65,18.65,55.27,154.35
shuffled,2,191,decode,15,15,77.96,18.94,54.99,153.64
shuffled,2,192,decode,15,15,78.44,18.76,56.96,156.07
shuffled,2,193,decode,14,14,78.56,37.06,58.07,175.58
shuffled,2,194,decode,14,14,82.44,18.2,54.8,157.52
shuffled,2,195,decode,14,14,80.52,18.47,54.68,155.54
shuffled,2,196,decode,14,14,79.5,18.16,54.55,154.07
shuffled,2,197,decode,14,14,77.91,17.9,53.9,151.43
shuffled,2,198,decode,14,14,77.95,18.19,54.61,152.53
shuffled,2,199,decode,13,13,77.26,35.78,59.32,174.34
shuffled,2,200,decode,13,13,83.51,17.61,56.62,159.92
shuffled,2,201,decode,13,13,80.22,17.16,54.75,154.0
shuffled,2,202,decode,13,13,79.17,17.26,55.04,153.35
shuffled,2,203,decode,13,13,79.21,17.25,53.89,152.2
shuffled,2,204,decode,13,13,78.22,17.26,53.92,151.28
shuffled,2,205,decode,13,13,78.47,17.08,53.59,151.07
shuffled,2,206,decode,13,13,77.52,17.05,54.02,150.47
shuffled,2,207,decode,12,12,78.59,31.2,57.24,168.78
shuffled,2,208,decode,11,11,82.06,28.83,58.72,171.8
shuffled,2,209,decode,11,11,81.32,15.37,54.83,153.67
shuffled,2,210,decode,11,11,77.62,15.43,54.3,149.42
shuffled,2,211,decode,11,11,77.55,15.23,54.03,148.71
shuffled,2,212,decode,11,11,77.14,15.31,53.86,148.26
shuffled,2,213,decode,10,10,76.4,32.21,58.17,168.57
shuffled,2,214,decode,10,10,79.21,14.63,53.77,149.56
shuffled,2,215,decode,10,10,77.41,14.55,53.41,147.21
shuffled,2,216,decode,10,10,77.94,14.37,53.74,147.85
shuffled,2,217,decode,10,10,78.83,14.69,54.98,150.42
shuffled,2,218,decode,10,10,77.39,14.38,53.93,147.49
shuffled,2,219,decode,10,10,78.02,14.46,53.86,148.1
shuffled,2,220,decode,9,9,78.14,30.15,56.18,166.18
shuffled,2,221,decode,9,9,79.95,13.56,54.17,149.61
shuffled,2,222,decode,9,9,75.86,13.49,53.44,144.59
shuffled,2,223,decode,9,9,75.42,13.8,52.77,143.92
shuffled,2,224,decode,8,8,75.88,27.66,56.0,161.25
shuffled,2,225,decode,8,8,79.87,12.66,53.6,148.18
shuffled,2,226,decode,7,7,87.93,25.43,58.84,174.15
shuffled,2,227,decode,6,6,78.7,23.32,56.72,160.78
shuffled,2,228,decode,6,6,77.67,11.5,53.22,144.44
shuffled,2,229,decode,5,5,75.1,21.86,55.12,153.84
shuffled,2,230,decode,5,5,75.82,10.22,52.68,140.73
shuffled,2,231,decode,5,5,74.88,9.97,52.49,139.3
shuffled,2,232,decode,4,4,74.64,21.76,55.49,153.77
shuffled,2,233,decode,4,4,75.75,9.29,53.05,140.2
shuffled,2,234,decode,4,4,73.96,8.88,52.44,137.16
shuffled,2,235,decode,4,4,73.02,8.87,52.79,136.44
shuffled,2,236,decode,4,4,74.55,8.68,51.49,136.4
shuffled,2,237,decode,4,4,74.03,9.09,51.67,136.57
shuffled,2,238,decode,4,4,85.69,8.71,52.78,148.94
shuffled,2,239,decode,4,4,74.13,8.82,51.93,136.64
shuffled,2,240,decode,3,3,72.37,20.53,55.07,149.76
shuffled,2,241,decode,3,3,74.73,8.02,52.46,137.27
shuffled,2,242,decode,3,3,73.6,7.84,50.99,134.11
shuffled,2,243,decode,3,3,71.87,7.8,51.25,132.62
shuffled,2,244,decode,3,3,73.04,7.74,51.45,134.0
shuffled,2,245,decode,3,3,72.43,7.72,51.81,133.61
shuffled,2,246,decode,3,3,72.47,7.69,52.28,134.08
shuffled,2,247,decode,3,3,73.89,7.76,52.36,135.79
shuffled,2,248,decode,3,3,72.45,7.75,51.61,133.5
shuffled,2,249,decode,3,3,72.08,7.82,52.01,133.66
shuffled,2,250,decode,3,3,72.36,7.79,51.98,133.79
shuffled,2,251,decode,3,3,72.16,7.76,52.15,133.77
shuffled,2,252,decode,2,2,72.3,20.11,56.93,151.08
shuffled,2,253,decode,2,2,73.36,6.93,51.49,133.91
shuffled,2,254,decode,1,1,71.94,23.88,52.99,150.58
shuffled,2,255,decode,1,1,74.06,5.92,51.3,133.2
shuffled,2,256,decode,1,1,72.16,5.8,50.65,130.2
shuffled,2,257,decode,1,1,70.78,5.61,49.84,127.99
shuffled,2,258,decode,1,1,70.32,5.71,50.7,128.38
shuffled,2,259,decode,1,1,70.21,5.61,50.36,127.72
shuffled,2,260,decode,1,1,70.24,5.7,50.28,127.97
shuffled,3,0,prefill,1,2048,551.64,162.39,175.54,891.86
shuffled,3,1,decode,1,1,90.95,14.02,69.56,178.67
shuffled,3,2,decode,1,1,81.86,6.78,56.28,147.13
shuffled,3,3,decode,1,1,77.02,6.03,53.44,138.45
shuffled,3,4,decode,1,1,74.86,5.99,53.0,135.76
shuffled,3,5,mixed,2,2048,425.19,155.06,124.8,708.39
shuffled,3,6,mixed,3,2048,438.22,155.98,129.5,729.04
shuffled,3,7,mixed,4,1030,424.35,149.63,112.31,691.58
shuffled,3,8,decode,4,4,88.39,15.58,65.52,173.43
shuffled,3,9,decode,4,4,79.43,9.69,56.42,147.86
shuffled,3,10,mixed,5,1028,417.43,142.73,108.11,671.33
shuffled,3,11,decode,5,5,86.57,16.68,64.46,171.54
shuffled,3,12,mixed,6,1029,416.25,137.62,108.67,666.38
shuffled,3,13,decode,6,6,88.89,18.18,65.01,175.8
shuffled,3,14,decode,6,6,80.78,11.8,69.57,164.47
shuffled,3,15,decode,6,6,79.65,11.72,56.61,149.93
shuffled,3,16,decode,6,6,94.41,12.21,59.69,168.61
shuffled,3,17,mixed,7,2048,422.22,158.58,124.96,709.5
shuffled,3,18,mixed,8,2048,424.52,163.93,128.18,721.72
shuffled,3,19,mixed,8,21,92.76,20.72,72.9,190.47
shuffled,3,20,mixed,9,1032,419.01,133.15,111.45,667.37
shuffled,3,21,decode,9,9,91.32,21.17,66.88,183.43
shuffled,3,22,decode,9,9,81.85,14.19,57.09,155.51
shuffled,3,23,mixed,10,1033,414.69,143.58,108.21,670.09
shuffled,3,24,decode,10,10,92.05,21.45,68.37,186.01
shuffled,3,25,decode,10,10,84.11,15.07,57.92,159.37
shuffled,3,26,decode,10,10,79.37,15.25,55.72,152.39
shuffled,3,27,decode,10,10,77.96,14.43,55.41,149.72
shuffled,3,28,decode,10,10,77.4,14.5,54.11,147.86
shuffled,3,29,decode,10,10,76.07,15.08,54.53,147.54
shuffled,3,30,decode,10,10,76.1,14.67,54.47,147.15
shuffled,3,31,mixed,11,2048,438.26,150.72,123.33,716.02
shuffled,3,32,mixed,11,21,91.97,22.55,69.65,188.74
shuffled,3,33,decode,11,11,83.49,15.91,57.53,159.39
shuffled,3,34,mixed,12,1035,420.83,146.33,107.15,678.13
shuffled,3,35,mixed,13,2048,425.33,167.06,125.48,723.04
shuffled,3,36,mixed,13,25,93.0,24.5,69.52,191.22
shuffled,3,37,decode,13,13,83.54,17.88,58.33,162.04
shuffled,3,38,decode,13,13,82.04,17.47,56.6,158.17
shuffled,3,39,mixed,14,1037,417.08,144.6,125.85,691.42
shuffled,3,40,decode,14,14,93.33,25.84,70.47,193.56
shuffled,3,41,decode,14,14,85.05,18.44,58.39,164.19
shuffled,3,42,decode,14,14,81.23,18.4,57.61,159.25
shuffled,3,43,mixed,15,1038,419.01,139.91,107.07,670.04
shuffled,3,44,mixed,16,2048,423.31,171.62,124.02,724.34
shuffled,3,45,mixed,16,31,94.71,27.09,67.91,193.96
shuffled,3,46,decode,16,16,85.37,21.48,59.73,169.0
shuffled,3,47,decode,16,16,82.71,20.63,58.86,164.25
shuffled,3,48,decode,16,16,80.83,20.09,74.55,177.58
shuffled,3,49,decode,16,16,81.7,20.1,57.57,161.2
shuffled,3,50,decode,16,16,80.34,20.37,56.03,158.77
shuffled,3,51,decode,16,16,81.09,20.49,55.9,159.53
shuffled,3,52,mixed,17,1040,421.28,141.3,110.51,676.85
shuffled,3,53,decode,17,17,93.3,27.96,81.37,206.65
shuffled,3,54,decode,17,17,88.31,21.86,61.62,174.19
shuffled,3,55,decode,17,17,83.45,21.28,58.75,165.55
shuffled,3,56,decode,17,17,82.26,21.07,57.51,162.98
shuffled,3,57,decode,17,17,82.06,21.05,57.1,162.36
shuffled,3,58,decode,17,17,80.94,20.96,56.13,160.06
shuffled,3,59,decode,17,17,80.56,20.8,57.04,160.4
shuffled,3,60,decode,17,17,81.57,20.85,68.27,172.71
shuffled,3,61,decode,17,17,81.29,21.0,57.85,161.97
shuffled,3,62,decode,17,17,80.41,21.26,57.27,160.92
shuffled,3,63,decode,17,17,80.74,21.22,56.42,160.35
shuffled,3,64,decode,17,17,79.48,21.05,56.27,158.83
shuffled,3,65,mixed,18,2048,430.22,158.16,124.78,716.97
shuffled,3,66,mixed,18,35,96.49,29.94,74.73,205.49
shuffled,3,67,decode,18,18,87.81,22.6,60.95,173.73
shuffled,3,68,decode,18,18,85.68,22.38,58.97,169.21
shuffled,3,69,decode,18,18,84.4,22.22,56.56,165.13
shuffled,3,70,decode,18,18,82.57,22.25,57.14,164.15
shuffled,3,71,mixed,19,2048,425.45,197.25,128.99,755.41
shuffled,3,72,mixed,19,37,96.38,32.47,74.27,207.6
shuffled,3,73,decode,19,19,87.83,24.66,60.51,175.72
shuffled,3,74,decode,19,19,86.01,24.68,58.16,171.2
shuffled,3,75,decode,19,19,82.64,23.67,58.18,166.59
shuffled,3,76,decode,19,19,97.4,24.51,58.77,182.82
shuffled,3,77,decode,19,19,82.63,24.23,56.64,165.53
shuffled,3,78,decode,19,19,81.41,23.85,56.16,163.46
shuffled,3,79,mixed,20,1043,425.23,145.49,112.28,686.79
shuffled,3,80,mixed,21,1044,439.76,158.59,112.53,716.68
shuffled,3,81,decode,21,21,96.96,34.01,70.1,205.47
shuffled,3,82,decode,21,21,88.22,26.45,60.78,178.19
shuffled,3,83,decode,21,21,85.67,26.24,59.26,173.28
shuffled,3,84,decode,21,21,83.54,25.83,58.09,169.55
shuffled,3,85,mixed,22,2048,422.44,165.51,126.75,718.59
shuffled,3,86,mixed,22,43,97.61,35.92,73.39,211.43
shuffled,3,87,decode,22,22,88.83,27.58,61.61,180.35
shuffled,3,88,decode,22,22,85.74,27.08,58.3,173.3
shuffled,3,89,decode,22,22,85.0,27.02,59.56,173.57
shuffled,3,90,decode,22,22,82.85,26.27,57.7,168.87
shuffled,3,91,decode,22,22,82.63,26.5,57.62,168.85
shuffled,3,92,mixed,23,2048,428.62,165.41,126.29,724.21
shuffled,3,93,mixed,23,45,117.38,38.52,75.6,235.81
shuffled,3,94,decode,23,23,89.07,28.82,61.24,181.94
shuffled,3,95,decode,23,23,85.43,27.37,59.45,174.36
shuffled,3,96,mixed,24,1047,426.05,151.16,110.42,691.51
shuffled,3,97,decode,24,24,113.78,38.78,76.48,233.82
shuffled,3,98,mixed,25,1048,427.26,150.13,110.36,691.93
shuffled,3,99,mixed,26,1049,426.02,152.42,113.02,697.11
shuffled,3,100,decode,26,26,100.39,38.66,74.63,217.92
shuffled,3,101,mixed,27,1050,427.06,147.9,112.09,691.06
shuffled,3,102,decode,27,27,99.75,39.57,71.63,215.36
shuffled,3,103,decode,27,27,90.61,32.22,63.52,189.17
shuffled,3,104,mixed,28,1051,426.08,152.99,110.24,693.38
shuffled,3,105,decode,28,28,100.12,39.9,73.49,217.8
shuffled,3,106,decode,28,28,92.15,33.01,63.02,190.8
shuffled,3,107,decode,28,28,90.44,32.82,64.17,189.76
shuffled,3,108,decode,28,28,87.08,32.41,59.85,181.65
shuffled,3,109,decode,28,28,87.29,31.38,59.25,180.05
shuffled,3,110,decode,28,28,86.03,31.89,59.54,179.48
shuffled,3,111,decode,28,28,86.04,31.72,59.02,178.83
shuffled,3,112,mixed,29,1052,430.93,155.17,110.46,700.41
shuffled,3,113,decode,29,29,99.68,40.67,73.72,218.17
shuffled,3,114,decode,29,29,91.52,33.66,61.3,189.09
shuffled,3,115,decode,29,29,88.23,45.71,61.85,198.12
shuffled,3,116,decode,29,29,88.44,32.89,59.25,182.67
shuffled,3,117,decode,29,29,86.25,33.04,58.98,180.4
shuffled,3,118,decode,29,29,86.29,32.74,58.38,179.44
shuffled,3,119,decode,29,29,85.86,32.76,57.92,178.7
shuffled,3,120,decode,29,29,85.66,32.78,73.23,193.92
shuffled,3,121,decode,29,29,86.42,32.29,59.69,180.65
shuffled,3,122,decode,29,29,85.59,31.93,57.83,177.4
shuffled,3,123,decode,29,29,84.35,32.78,58.08,177.24
shuffled,3,124,mixed,30,1053,429.57,149.61,109.82,693.29
shuffled,3,125,decode,30,30,100.4,41.75,74.48,220.96
shuffled,3,126,mixed,31,1054,429.78,157.86,111.25,703.69
shuffled,3,127,decode,31,31,115.51,44.34,84.41,249.05
shuffled,3,128,decode,30,30,93.48,57.74,66.27,220.18
shuffled,3,129,decode,30,30,95.38,33.42,61.5,192.84
shuffled,3,130,decode,30,30,91.62,33.95,60.34,188.18
shuffled,3,131,decode,30,30,90.43,33.15,59.35,185.19
shuffled,3,132,decode,30,30,90.49,33.99,61.22,188.0
shuffled,3,133,mixed,30,1053,431.51,171.4,111.36,718.17
shuffled,3,134,decode,29,29,99.77,66.55,75.28,246.2
shuffled,3,135,decode,28,28,108.77,55.13,66.6,233.32
shuffled,3,136,decode,28,28,91.63,33.62,61.69,189.47
shuffled,3,137,decode,28,28,88.0,31.58,60.44,182.22
shuffled,3,138,decode,27,27,87.31,54.48,62.53,206.48
shuffled,3,139,decode,27,27,89.69,31.8,59.29,183.14
shuffled,3,140,decode,26,26,100.49,53.11,63.72,219.53
shuffled,3,141,decode,26,26,88.1,30.53,59.71,180.73
shuffled,3,142,decode,26,26,87.16,30.06,57.46,176.95
shuffled,3,143,decode,26,26,85.71,29.55,59.27,176.6
shuffled,3,144,decode,26,26,84.42,29.61,59.19,175.34
shuffled,3,145,decode,25,25,83.43,54.94,61.4,201.93
shuffled,3,146,decode,24,24,89.38,53.01,61.81,206.56
shuffled,3,147,decode,24,24,87.6,27.95,57.87,175.77
shuffled,3,148,decode,23,23,84.68,50.14,60.11,197.09
shuffled,3,149,decode,23,23,85.66,26.87,57.41,172.22
shuffled,3,150,decode,23,23,84.74,26.85,57.05,170.81
shuffled,3,151,decode,22,22,84.19,48.78,62.41,197.42
shuffled,3,152,decode,22,22,85.72,25.99,57.04,171.05
shuffled,3,153,decode,22,22,82.49,26.51,56.29,167.28
shuffled,3,154,decode,22,22,83.05,26.37,56.73,168.39
shuffled,3,155,decode,22,22,81.87,26.54,57.13,167.68
shuffled,3,156,decode,22,22,82.69,26.22,56.3,167.2
shuffled,3,157,decode,22,22,83.11,26.73,58.87,170.75
shuffled,3,158,decode,22,22,82.93,26.19,56.65,167.91
shuffled,3,159,decode,21,21,81.37,50.57,60.09,194.13
shuffled,3,160,decode,21,21,85.66,25.6,56.6,170.07
shuffled,3,161,decode,21,21,81.27,25.08,56.06,164.52
shuffled,3,162,decode,20,20,82.75,46.23,58.21,189.31
shuffled,3,163,decode,19,19,84.71,48.36,60.67,196.04
shuffled,3,164,decode,19,19,84.59,23.95,56.35,167.15
shuffled,3,165,decode,19,19,82.06,23.48,55.94,163.53
shuffled,3,166,decode,19,19,82.35,23.42,56.43,164.28
shuffled,3,167,decode,18,18,82.35,42.5,58.41,185.21
shuffled,3,168,decode,18,18,82.94,22.24,56.73,164.08
shuffled,3,169,decode,18,18,82.22,21.5,56.2,161.82
shuffled,3,170,decode,18,18,81.35,21.66,58.98,163.83
shuffled,3,171,decode,17,17,78.96,41.25,58.59,180.77
shuffled,3,172,decode,16,16,83.07,42.57,58.62,186.55
shuffled,3,173,decode,16,16,81.76,20.36,55.46,159.7
shuffled,3,174,decode,16,16,79.74,20.13,55.9,157.7
shuffled,3,175,decode,16,16,79.72,19.98,55.0,156.45
shuffled,3,176,decode,16,16,79.06,19.57,54.42,154.99
shuffled,3,177,decode,16,16,78.76,20.22,56.88,157.68
shuffled,3,178,decode,16,16,78.32,19.64,55.67,155.63
shuffled,3,179,decode,16,16,78.18,19.41,55.12,154.51
shuffled,3,180,decode,15,15,77.0,34.37,59.91,173.02
shuffled,3,181,decode,15,15,81.13,18.89,55.29,157.34
shuffled,3,182,decode,15,15,80.29,18.67,54.5,155.21
shuffled,3,183,decode,15,15,79.45,18.63,55.14,155.15
shuffled,3,184,decode,15,15,79.64,18.52,57.25,157.31
shuffled,3,185,decode,15,15,79.19,18.88,55.59,155.57
shuffled,3,186,decode,15,15,79.41,18.69,55.59,155.67
shuffled,3,187,decode,15,15,79.8,18.91,54.0,154.57
shuffled,3,188,decode,15,15,79.17,18.38,55.43,154.84
shuffled,3,189,decode,15,15,77.86,18.6,54.97,153.31
shuffled,3,190,decode,15,15,77.32,18.81,54.22,152.21
shuffled,3,191,decode,15,15,77.66,18.56,55.35,153.38
shuffled,3,192,decode,15,15,79.19,18.66,55.81,155.43
shuffled,3,193,decode,14,14,76.64,36.06,60.42,175.05
shuffled,3,194,decode,14,14,81.51,17.82,55.08,156.52
shuffled,3,195,decode,14,14,79.73,18.23,55.55,155.28
shuffled,3,196,decode,14,14,79.61,17.88,54.61,154.02
shuffled,3,197,decode,14,14,77.34,18.0,54.43,151.59
shuffled,3,198,decode,14,14,78.15,17.77,54.8,152.55
shuffled,3,199,decode,13,13,84.83,34.66,61.38,182.61
shuffled,3,200,decode,13,13,80.96,16.97,55.07,155.28
shuffled,3,201,decode,13,13,78.25,16.93,54.09,151.11
shuffled,3,202,decode,13,13,78.71,16.84,55.8,153.23
shuffled,3,203,decode,13,13,76.92,16.58,54.66,149.99
shuffled,3,204,decode,13,13,76.52,16.91,55.13,150.36
shuffled,3,205,decode,13,13,76.55,16.97,53.99,149.21
shuffled,3,206,decode,13,13,77.61,16.97,54.22,150.79
shuffled,3,207,decode,12,12,76.31,31.21,64.29,173.55
shuffled,3,208,decode,11,11,81.95,28.38,57.91,170.53
shuffled,3,209,decode,11,11,80.5,15.73,54.78,153.01
shuffled,3,210,decode,11,11,78.85,14.97,53.68,149.33
shuffled,3,211,decode,11,11,77.74,15.24,54.46,149.3
shuffled,3,212,decode,11,11,78.09,15.41,53.79,149.08
shuffled,3,213,decode,10,10,77.29,30.79,56.53,166.38
shuffled,3,214,decode,10,10,79.88,14.59,53.71,150.06
shuffled,3,215,decode,10,10,78.76,14.44,54.74,149.79
shuffled,3,216,decode,10,10,85.73,14.77,55.12,157.42
shuffled,3,217,decode,10,10,75.96,14.29,53.9,145.95
shuffled,3,218,decode,10,10,76.16,14.22,53.89,145.96
shuffled,3,219,decode,10,10,75.59,14.12,53.12,144.64
shuffled,3,220,decode,9,9,76.13,30.65,55.63,164.2
shuffled,3,221,decode,9,9,78.24,13.52,52.74,146.44
shuffled,3,222,decode,9,9,76.89,13.41,53.75,145.89
shuffled,3,223,decode,9,9,75.7,13.46,52.88,143.8
shuffled,3,224,decode,8,8,76.31,26.59,55.01,159.68
shuffled,3,225,decode,8,8,77.12,12.88,53.56,145.49
shuffled,3,226,decode,7,7,75.17,24.38,58.68,160.14
shuffled,3,227,decode,6,6,77.66,22.63,55.55,157.61
shuffled,3,228,decode,6,6,77.23,10.85,52.78,142.82
shuffled,3,229,decode,5,5,74.88,22.14,53.41,152.15
shuffled,3,230,decode,5,5,75.88,10.02,53.65,141.46
shuffled,3,231,decode,5,5,75.09,9.88,52.7,139.46
shuffled,3,232,decode,4,4,74.1,20.7,55.37,152.02
shuffled,3,233,decode,4,4,76.48,9.38,52.51,140.37
shuffled,3,234,decode,4,4,74.13,8.76,52.52,137.26
shuffled,3,235,decode,4,4,79.3,8.71,53.42,143.13
shuffled,3,236,decode,4,4,73.69,8.93,51.85,136.3
shuffled,3,237,decode,4,4,73.15,8.71,52.03,135.48
shuffled,3,238,decode,4,4,74.4,8.84,53.76,138.69
shuffled,3,239,decode,4,4,72.93,8.93,52.49,136.12
shuffled,3,240,decode,3,3,72.38,20.11,54.73,148.84
shuffled,3,241,decode,3,3,73.59,8.08,51.89,135.41
shuffled,3,242,decode,3,3,72.72,7.9,52.43,134.69
shuffled,3,243,decode,3,3,72.95,7.89,51.72,134.23
shuffled,3,244,decode,3,3,71.91,7.73,51.44,132.82
shuffled,3,245,decode,3,3,72.04,7.82,51.2,132.78
shuffled,3,246,decode,3,3,71.79,7.98,51.86,133.46
shuffled,3,247,decode,3,3,72.8,7.79,53.37,135.61
shuffled,3,248,decode,3,3,72.64,7.76,51.6,133.68
shuffled,3,249,decode,3,3,71.88,7.78,51.34,132.66
shuffled,3,250,decode,3,3,71.2,7.39,51.76,131.97
shuffled,3,251,decode,3,3,81.05,7.61,52.96,143.34
shuffled,3,252,decode,2,2,70.84,19.84,54.76,147.15
shuffled,3,253,decode,2,2,72.64,6.98,50.86,132.32
shuffled,3,254,decode,1,1,72.0,23.67,53.28,150.55
shuffled,3,255,decode,1,1,73.45,5.62,51.91,132.86
shuffled,3,256,decode,1,1,71.73,5.88,50.58,129.89
shuffled,3,257,decode,1,1,70.22,5.75,49.67,127.24
shuffled,3,258,decode,1,1,70.74,5.65,50.38,128.43
shuffled,3,259,decode,1,1,71.83,5.75,50.13,129.37
shuffled,3,260,decode,1,1,71.09,5.61,49.43,127.83
shuffled,4,0,prefill,1,2048,636.74,413.55,185.8,1239.15
shuffled,4,1,decode,1,1,98.78,14.18,73.04,190.34
shuffled,4,2,decode,1,1,82.15,6.67,56.78,147.84
shuffled,4,3,decode,1,1,76.29,6.09,54.14,138.28
shuffled,4,4,decode,1,1,73.31,5.87,52.51,133.32
shuffled,4,5,mixed,2,2048,466.38,195.84,132.28,797.92
shuffled,4,6,mixed,3,2048,491.65,186.49,130.94,815.01
shuffled,4,7,mixed,4,1030,466.94,148.07,117.24,737.72
shuffled,4,8,decode,4,4,89.98,16.4,68.49,178.88
shuffled,4,9,decode,4,4,81.9,9.39,57.5,151.12
shuffled,4,10,mixed,5,1028,462.34,142.16,109.86,717.45
shuffled,4,11,decode,5,5,89.78,17.54,65.89,177.58
shuffled,4,12,mixed,6,1029,441.74,142.12,108.09,695.73
shuffled,4,13,decode,6,6,102.91,18.93,71.53,197.75
shuffled,4,14,decode,6,6,83.78,11.68,58.26,156.1
shuffled,4,15,decode,6,6,80.95,11.24,58.65,152.93
shuffled,4,16,decode,6,6,78.74,11.29,54.25,146.18
shuffled,4,17,mixed,7,2048,436.48,165.89,120.88,726.63
shuffled,4,18,mixed,8,2048,441.09,164.1,123.11,733.83
shuffled,4,19,mixed,8,21,96.93,20.52,74.53,196.19
shuffled,4,20,mixed,9,1032,444.1,140.18,109.64,698.03
shuffled,4,21,decode,9,9,94.23,21.18,67.79,187.17
shuffled,4,22,decode,9,9,83.44,14.72,58.34,158.93
shuffled,4,23,mixed,10,1033,444.59,147.23,109.59,705.18
shuffled,4,24,decode,10,10,95.12,22.02,69.52,190.8
shuffled,4,25,decode,10,10,85.04,15.41,58.33,161.2
shuffled,4,26,decode,10,10,80.39,14.9,56.79,154.09
shuffled,4,27,decode,10,10,78.59,14.82,56.59,151.9
shuffled,4,28,decode,10,10,78.48,14.66,54.42,149.47
shuffled,4,29,decode,10,10,77.37,14.45,54.74,148.59
shuffled,4,30,decode,10,10,76.71,14.32,54.56,147.41
shuffled,4,31,mixed,11,2048,468.46,161.57,128.61,762.09
shuffled,4,32,mixed,11,21,96.61,24.29,72.56,197.61
shuffled,4,33,decode,11,11,86.32,15.97,59.17,163.96
shuffled,4,34,mixed,12,1035,428.0,145.04,110.86,687.62
shuffled,4,35,mixed,13,2048,440.81,161.56,129.79,737.46
shuffled,4,36,mixed,13,25,96.19,25.91,76.26,202.87
shuffled,4,37,decode,13,13,89.13,18.12,60.1,169.85
shuffled,4,38,decode,13,13,81.81,17.57,57.57,159.06
shuffled,4,39,mixed,14,1037,450.18,152.32,115.41,721.84
shuffled,4,40,decode,14,14,94.67,27.2,73.01,199.09
shuffled,4,41,decode,14,14,86.35,18.92,59.49,167.16
shuffled,4,42,decode,14,14,83.14,18.39,58.74,162.3
shuffled,4,43,mixed,15,1038,433.69,142.77,113.31,693.73
shuffled,4,44,mixed,16,2048,438.34,179.65,129.4,752.43
shuffled,4,45,mixed,16,31,97.32,27.73,74.54,203.7
shuffled,4,46,decode,16,16,87.08,20.98,60.4,170.89
shuffled,4,47,decode,16,16,84.14,20.51,58.57,165.4
shuffled,4,48,decode,16,16,83.32,20.92,58.75,164.99
shuffled,4,49,decode,16,16,82.12,20.33,56.76,161.17
shuffled,4,50,decode,16,16,81.13,20.52,56.76,160.26
shuffled,4,51,decode,16,16,80.27,19.9,57.0,159.19
shuffled,4,52,mixed,17,1040,426.99,153.35,112.41,696.4
shuffled,4,53,decode,17,17,97.84,29.63,74.37,206.08
shuffled,4,54,decode,17,17,87.6,21.35,60.23,171.59
shuffled,4,55,decode,17,17,84.65,21.55,58.72,166.89
shuffled,4,56,decode,17,17,85.36,21.63,58.67,167.84
shuffled,4,57,decode,17,17,82.71,21.08,58.03,164.03
shuffled,4,58,decode,17,17,81.51,20.77,57.24,161.63
shuffled,4,59,decode,17,17,80.62,20.43,57.03,160.13
shuffled,4,60,decode,17,17,82.53,20.79,58.91,164.42
shuffled,4,61,decode,17,17,82.0,21.21,56.88,162.04
shuffled,4,62,decode,17,17,80.89,20.45,55.98,159.31
shuffled,4,63,decode,17,17,81.13,20.99,56.72,161.02
shuffled,4,64,decode,17,17,80.55,20.97,58.63,162.09
shuffled,4,65,mixed,18,2048,442.45,168.38,128.05,742.74
shuffled,4,66,mixed,18,35,99.47,31.16,80.56,216.02
shuffled,4,67,decode,18,18,89.6,22.58,60.74,175.68
shuffled,4,68,decode,18,18,85.82,21.76,58.58,168.43
shuffled,4,69,decode,18,18,83.4,21.65,58.12,165.24
shuffled,4,70,decode,18,18,84.37,21.83,58.07,166.34
shuffled,4,71,mixed,19,2048,449.57,177.52,128.55,759.42
shuffled,4,72,mixed,19,37,97.92,33.02,74.86,210.29
shuffled,4,73,decode,19,19,87.93,25.06,61.03,176.82
shuffled,4,74,decode,19,19,86.25,24.48,59.14,172.08
shuffled,4,75,decode,19,19,82.64,23.93,57.43,166.21
shuffled,4,76,decode,19,19,83.9,23.96,59.65,169.58
shuffled,4,77,decode,19,19,82.77,24.02,56.53,165.53
shuffled,4,78,decode,19,19,82.53,23.71,56.56,164.9
shuffled,4,79,mixed,20,1043,435.99,151.65,113.86,705.77
shuffled,4,80,mixed,21,1044,436.26,155.88,116.66,714.68
shuffled,4,81,decode,21,21,99.15,34.36,74.2,212.18
shuffled,4,82,decode,21,21,89.63,26.92,61.58,180.54
shuffled,4,83,decode,21,21,86.11,26.21,59.45,173.93
shuffled,4,84,decode,21,21,94.47,26.48,60.55,183.53
shuffled,4,85,mixed,22,2048,427.79,167.6,129.95,729.59
shuffled,4,86,mixed,22,43,100.24,35.44,78.45,219.15
shuffled,4,87,decode,22,22,90.36,27.22,62.75,183.01
shuffled,4,88,decode,22,22,108.7,27.25,67.9,206.26
shuffled,4,89,decode,22,22,87.64,26.94,60.77,177.5
shuffled,4,90,decode,22,22,84.61,26.79,58.91,172.52
shuffled,4,91,decode,22,22,85.12,26.71,57.91,171.92
shuffled,4,92,mixed,23,2048,446.04,176.49,126.82,752.9
shuffled,4,93,mixed,23,45,106.14,38.52,82.24,231.66
shuffled,4,94,decode,23,23,94.48,28.87,63.57,189.8
shuffled,4,95,decode,23,23,88.01,28.39,59.08,177.58
shuffled,4,96,mixed,24,1047,446.43,162.3,119.28,732.87
shuffled,4,97,decode,24,24,102.35,38.5,80.54,226.28
shuffled,4,98,mixed,25,1048,450.02,157.98,121.3,733.63
shuffled,4,99,mixed,26,1049,449.62,183.1,122.05,761.14
shuffled,4,100,decode,26,26,102.52,38.13,76.53,221.94
shuffled,4,101,mixed,27,1050,442.94,152.41,121.58,721.79
shuffled,4,102,decode,27,27,105.07,41.45,80.04,231.86
shuffled,4,103,decode,27,27,93.14,32.31,64.95,193.13
shuffled,4,104,mixed,28,1051,451.29,159.27,117.14,731.82
shuffled,4,105,decode,28,28,105.13,42.12,96.93,248.98
shuffled,4,106,decode,28,28,96.64,33.3,64.59,197.39
shuffled,4,107,decode,28,28,91.94,33.22,63.14,190.41
shuffled,4,108,decode,28,28,91.08,31.93,64.51,190.28
shuffled,4,109,decode,28,28,90.88,31.37,61.01,185.48
shuffled,4,110,decode,28,28,90.05,48.97,64.05,205.31
shuffled,4,111,decode,28,28,88.8,31.34,61.29,183.48
shuffled,4,112,mixed,29,1052,517.75,169.18,121.1,812.42
shuffled,4,113,decode,29,29,103.22,41.82,77.38,227.24
shuffled,4,114,decode,29,29,94.68,33.71,66.68,197.99
shuffled,4,115,decode,29,29,90.76,32.98,61.11,187.24
shuffled,4,116,decode,29,29,88.45,33.09,60.44,184.37
shuffled,4,117,decode,29,29,87.46,32.06,59.24,181.1
shuffled,4,118,decode,29,29,87.22,32.19,61.36,183.12
shuffled,4,119,decode,29,29,86.55,32.32,62.05,183.2
shuffled,4,120,decode,29,29,86.71,32.83,59.66,181.22
shuffled,4,121,decode,29,29,86.89,32.06,60.85,182.09
shuffled,4,122,decode,29,29,89.69,32.49,60.88,185.36
shuffled,4,123,decode,29,29,86.06,32.35,61.22,181.73
shuffled,4,124,mixed,30,1053,516.29,159.91,120.61,801.44
shuffled,4,125,decode,30,30,103.72,42.47,79.67,230.93
shuffled,4,126,mixed,31,1054,502.67,192.53,123.34,823.39
shuffled,4,127,decode,31,31,115.31,48.74,88.55,257.55
shuffled,4,128,decode,30,30,97.58,60.84,68.5,229.72
shuffled,4,129,decode,30,30,100.52,34.03,63.99,201.31
shuffled,4,130,decode,30,30,95.58,34.84,67.03,199.81
shuffled,4,131,decode,30,30,94.29,33.91,61.77,192.42
shuffled,4,132,decode,30,30,90.65,34.74,62.33,189.98
shuffled,4,133,mixed,30,1053,526.59,187.18,121.33,839.72
shuffled,4,134,decode,29,29,109.5,71.37,85.07,270.86
shuffled,4,135,decode,28,28,100.39,56.06,66.89,226.14
shuffled,4,136,decode,28,28,97.1,33.0,62.69,195.62
shuffled,4,137,decode,28,28,91.76,32.03,63.64,189.88
shuffled,4,138,decode,27,27,89.73,56.88,67.79,216.74
shuffled,4,139,decode,27,27,93.59,31.22,59.89,187.06
shuffled,4,140,decode,26,26,89.52,54.01,63.79,209.42
shuffled,4,141,decode,26,26,93.33,29.93,60.9,186.87
shuffled,4,142,decode,26,26,91.09,31.05,62.78,187.22
shuffled,4,143,decode,26,26,88.13,30.3,65.16,185.96
shuffled,4,144,decode,26,26,90.21,29.95,61.72,184.57
shuffled,4,145,decode,25,25,93.25,62.43,68.61,226.29
shuffled,4,146,decode,24,24,91.29,57.1,68.88,219.66
shuffled,4,147,decode,24,24,92.59,28.49,61.2,184.79
shuffled,4,148,decode,23,23,89.88,55.89,71.97,220.16
shuffled,4,149,decode,23,23,92.65,27.45,61.87,184.74
shuffled,4,150,decode,23,23,88.22,27.4,59.13,176.81
shuffled,4,151,decode,22,22,85.83,49.51,62.69,200.08
shuffled,4,152,decode,22,22,87.73,26.3,59.65,176.02
shuffled,4,153,decode,22,22,86.26,26.47,60.47,175.44
shuffled,4,154,decode,22,22,85.52,26.31,60.76,174.85
shuffled,4,155,decode,22,22,85.24,26.42,58.62,172.43
shuffled,4,156,decode,22,22,82.67,26.33,58.65,169.74
shuffled,4,157,decode,22,22,82.72,26.32,57.47,168.53
shuffled,4,158,decode,22,22,83.78,25.89,58.9,170.81
shuffled,4,159,decode,21,21,84.25,55.27,63.85,205.38
shuffled,4,160,decode,21,21,91.12,25.53,59.43,178.52
shuffled,4,161,decode,21,21,86.45,25.53,58.31,172.25
shuffled,4,162,decode,20,20,84.41,48.71,63.05,198.41
shuffled,4,163,decode,19,19,86.7,51.2,62.33,202.63
shuffled,4,164,decode,19,19,89.16,23.86,59.03,174.6
shuffled,4,165,decode,19,19,85.68,23.42,58.72,170.04
shuffled,4,166,decode,19,19,86.37,23.65,59.78,172.21
shuffled,4,167,decode,18,18,83.68,45.12,62.92,193.94
shuffled,4,168,decode,18,18,88.48,22.24,58.02,171.3
shuffled,4,169,decode,18,18,81.5,22.15,58.19,164.09
shuffled,4,170,decode,18,18,82.41,21.89,58.42,164.93
shuffled,4,171,decode,17,17,82.36,42.77,61.64,188.81
shuffled,4,172,decode,16,16,89.36,46.15,65.02,203.06
shuffled,4,173,decode,16,16,86.24,20.23,58.5,167.04
shuffled,4,174,decode,16,16,84.73,19.83,56.55,163.19
shuffled,4,175,decode,16,16,82.46,20.12,57.05,161.65
shuffled,4,176,decode,16,16,81.27,20.02,57.31,160.69
shuffled,4,177,decode,16,16,78.85,20.03,57.97,158.79
shuffled,4,178,decode,16,16,81.39,19.84,56.95,160.22
shuffled,4,179,decode,16,16,86.85,20.82,65.25,174.94
shuffled,4,180,decode,15,15,81.62,36.91,64.79,185.52
shuffled,4,181,decode,15,15,86.83,19.14,58.02,166.45
shuffled,4,182,decode,15,15,82.49,18.66,56.43,159.65
shuffled,4,183,decode,15,15,81.73,18.55,56.11,158.26
shuffled,4,184,decode,15,15,81.83,19.17,58.03,161.08
shuffled,4,185,decode,15,15,82.03,19.18,55.97,159.12
shuffled,4,186,decode,15,15,78.91,18.76,71.37,171.21
shuffled,4,187,decode,15,15,81.29,18.82,57.42,159.49
shuffled,4,188,decode,15,15,80.34,18.76,55.71,156.78
shuffled,4,189,decode,15,15,79.37,19.08,57.9,158.44
shuffled,4,190,decode,15,15,79.18,18.87,55.72,155.86
shuffled,4,191,decode,15,15,79.54,18.64,56.14,156.22
shuffled,4,192,decode,15,15,80.42,18.62,56.26,157.32
shuffled,4,193,decode,14,14,78.89,39.58,62.26,182.61
shuffled,4,194,decode,14,14,85.61,18.52,59.19,165.63
shuffled,4,195,decode,14,14,80.78,18.31,57.16,158.11
shuffled,4,196,decode,14,14,81.34,18.06,56.73,158.15
shuffled,4,197,decode,14,14,80.09,18.05,54.82,154.85
shuffled,4,198,decode,14,14,80.69,17.96,56.81,157.51
shuffled,4,199,decode,13,13,79.3,36.9,60.89,178.97
shuffled,4,200,decode,13,13,83.99,17.14,55.94,159.53
shuffled,4,201,decode,13,13,80.62,17.32,56.55,156.41
shuffled,4,202,decode,13,13,82.03,17.36,58.05,159.43
shuffled,4,203,decode,13,13,79.19,17.12,55.8,154.03
shuffled,4,204,decode,13,13,78.89,16.82,55.7,153.38
shuffled,4,205,decode,13,13,78.11,17.15,55.38,152.56
shuffled,4,206,decode,13,13,78.43,17.3,56.11,153.78
shuffled,4,207,decode,12,12,78.47,33.49,59.7,173.44
shuffled,4,208,decode,11,11,84.36,29.89,60.12,176.45
shuffled,4,209,decode,11,11,81.21,15.38,55.75,154.26
shuffled,4,210,decode,11,11,78.11,15.59,57.57,153.25
shuffled,4,211,decode,11,11,79.6,15.54,54.7,151.74
shuffled,4,212,decode,11,11,77.55,15.51,54.06,148.94
shuffled,4,213,decode,10,10,76.93,33.63,59.94,172.43
shuffled,4,214,decode,10,10,82.8,14.44,55.06,154.25
shuffled,4,215,decode,10,10,76.75,14.57,54.04,147.22
shuffled,4,216,decode,10,10,78.93,14.44,54.08,149.34
shuffled,4,217,decode,10,10,77.92,14.7,54.26,148.74
shuffled,4,218,decode,10,10,75.9,14.38,62.84,154.9
shuffled,4,219,decode,10,10,81.63,14.7,60.11,158.59
shuffled,4,220,decode,9,9,77.33,33.42,59.07,171.75
shuffled,4,221,decode,9,9,81.23,13.57,55.21,151.92
shuffled,4,222,decode,9,9,78.7,13.49,53.78,147.78
shuffled,4,223,decode,9,9,77.35,13.6,55.06,147.7
shuffled,4,224,decode,8,8,78.61,29.83,60.94,171.19
shuffled,4,225,decode,8,8,82.43,12.94,56.26,153.75
shuffled,4,226,decode,7,7,78.52,25.93,60.03,166.41
shuffled,4,227,decode,6,6,80.04,24.81,57.53,164.39
shuffled,4,228,decode,6,6,93.52,11.04,56.34,162.83
shuffled,4,229,decode,5,5,76.68,22.37,55.45,156.53
shuffled,4,230,decode,5,5,80.51,10.21,54.52,147.5
shuffled,4,231,decode,5,5,74.6,9.79,53.18,139.44
shuffled,4,232,decode,4,4,74.12,22.83,55.78,154.54
shuffled,4,233,decode,4,4,77.3,8.85,53.69,141.85
shuffled,4,234,decode,4,4,76.28,8.92,54.09,140.97
shuffled,4,235,decode,4,4,76.03,8.65,53.57,140.13
shuffled,4,236,decode,4,4,77.21,8.97,54.55,142.82
shuffled,4,237,decode,4,4,75.03,8.87,54.15,139.73
shuffled,4,238,decode,4,4,75.65,8.85,53.16,139.55
shuffled,4,239,decode,4,4,75.6,9.1,53.67,140.0
shuffled,4,240,decode,3,3,74.68,30.35,58.58,165.26
shuffled,4,241,decode,3,3,78.11,8.07,53.55,141.7
shuffled,4,242,decode,3,3,74.23,7.95,52.4,136.51
shuffled,4,243,decode,3,3,75.52,7.85,54.45,139.59
shuffled,4,244,decode,3,3,73.96,8.68,56.44,140.77
shuffled,4,245,decode,3,3,75.74,7.77,53.87,139.25
shuffled,4,246,decode,3,3,76.7,7.96,56.78,143.15
shuffled,4,247,decode,3,3,76.5,8.1,55.06,141.46
shuffled,4,248,decode,3,3,73.54,7.71,52.12,135.15
shuffled,4,249,decode,3,3,74.67,7.93,52.33,136.63
shuffled,4,250,decode,3,3,72.72,7.77,52.17,134.32
shuffled,4,251,decode,3,3,73.01,7.57,51.79,134.05
shuffled,4,252,decode,2,2,72.68,21.96,58.42,154.86
shuffled,4,253,decode,2,2,75.68,7.01,52.52,137.02
shuffled,4,254,decode,1,1,74.76,27.22,57.82,161.61
shuffled,4,255,decode,1,1,77.86,5.88,54.78,140.41
shuffled,4,256,decode,1,1,72.59,5.91,50.7,130.93
shuffled,4,257,decode,1,1,71.09,5.68,51.11,129.54
shuffled,4,258,decode,1,1,70.82,6.11,50.26,128.84
shuffled,4,259,decode,1,1,71.11,5.73,51.05,129.53
shuffled,4,260,decode,1,1,71.06,5.71,50.73,129.02
synth,0,0,prefill,1,2048,559.42,90.1,170.34,822.1
synth,0,1,decode,1,1,91.48,13.66,66.55,176.07
synth,0,2,decode,1,1,81.42,6.84,54.11,144.78
synth,0,3,decode,1,1,76.53,6.47,52.41,137.4
synth,0,4,decode,1,1,74.18,6.15,51.42,133.67
synth,0,5,mixed,2,2048,444.42,82.65,123.82,654.35
synth,0,6,mixed,3,2048,454.28,86.93,124.64,671.08
synth,0,7,mixed,4,1030,434.31,87.41,112.43,639.84
synth,0,8,decode,4,4,88.02,16.13,64.41,172.56
synth,0,9,decode,4,4,79.99,9.72,55.0,147.01
synth,0,10,mixed,5,1028,430.38,84.25,109.49,627.94
synth,0,11,decode,5,5,88.66,17.56,67.48,178.06
synth,0,12,mixed,6,1029,431.55,85.49,107.22,628.46
synth,0,13,decode,6,6,88.01,17.86,63.98,173.73
synth,0,14,decode,6,6,79.83,11.97,55.9,150.2
synth,0,15,decode,6,6,78.79,12.0,55.03,148.0
synth,0,16,decode,6,6,77.62,11.71,54.16,145.81
synth,0,17,mixed,7,2048,440.67,88.05,119.37,651.86
synth,0,18,mixed,8,2048,435.64,91.25,120.94,653.14
synth,0,19,mixed,8,21,89.51,20.33,65.59,179.2
synth,0,20,mixed,9,1032,435.94,88.33,122.87,651.51
synth,0,21,decode,9,9,90.01,21.05,65.96,180.91
synth,0,22,decode,9,9,82.54,14.88,57.77,157.88
synth,0,23,mixed,10,1033,428.09,88.57,108.31,628.77
synth,0,24,decode,10,10,88.52,21.75,65.21,179.55
synth,0,25,decode,10,10,82.48,15.54,73.81,174.36
synth,0,26,decode,10,10,81.02,15.44,57.02,155.48
synth,0,27,decode,10,10,79.79,15.31,55.63,152.75
synth,0,28,decode,10,10,77.78,15.26,55.0,150.23
synth,0,29,decode,10,10,76.34,14.87,54.09,147.24
synth,0,30,decode,10,10,76.84,14.77,54.03,147.65
synth,0,31,mixed,11,2048,437.23,90.49,122.01,653.68
synth,0,32,mixed,11,21,93.04,23.24,69.57,190.64
synth,0,33,decode,11,11,83.91,16.51,57.84,160.83
synth,0,34,mixed,12,1035,432.44,91.0,107.69,635.2
synth,0,35,mixed,13,2048,439.07,95.29,125.19,665.38
synth,0,36,mixed,13,25,93.91,25.72,70.54,193.97
synth,0,37,decode,13,13,85.73,18.61,58.84,165.9
synth,0,38,decode,13,13,83.13,18.08,56.94,160.43
synth,0,39,mixed,14,1037,433.45,93.09,108.65,639.22
synth,0,40,decode,14,14,91.57,25.7,67.25,188.92
synth,0,41,decode,14,14,83.5,19.37,67.71,173.04
synth,0,42,decode,14,14,84.06,18.98,58.89,164.02
synth,0,43,mixed,15,1038,439.93,92.86,110.68,647.37
synth,0,44,mixed,16,2048,435.09,100.14,126.69,667.51
synth,0,45,mixed,16,31,94.29,28.15,72.01,199.13
synth,0,46,decode,16,16,86.77,21.66,59.73,170.84
synth,0,47,decode,16,16,83.38,21.39,58.65,165.84
synth,0,48,decode,16,16,82.04,21.01,57.43,162.45
synth,0,49,decode,16,16,81.62,20.58,57.86,162.21
synth,0,50,decode,16,16,80.53,20.89,56.77,160.22
synth,0,51,decode,16,16,80.05,21.1,56.49,159.81
synth,0,52,mixed,17,1040,440.85,97.94,110.59,653.59
synth,0,53,decode,17,17,93.57,29.13,67.56,194.65
synth,0,54,decode,17,17,86.57,22.73,60.22,172.35
synth,0,55,decode,17,17,84.52,22.06,58.43,167.53
synth,0,56,decode,17,17,84.08,21.91,56.93,164.98
synth,0,57,decode,17,17,96.93,21.98,58.0,179.17
synth,0,58,decode,17,17,83.14,21.7,56.87,163.83
synth,0,59,decode,17,17,81.32,22.06,57.04,162.59
synth,0,60,decode,17,17,81.08,21.46,56.07,160.64
synth,0,61,decode,17,17,80.64,21.05,55.81,159.73
synth,0,62,decode,17,17,81.54,21.41,56.35,161.4
synth,0,63,decode,17,17,80.86,21.22,55.86,160.15
synth,0,64,decode,17,17,81.44,21.72,68.4,173.69
synth,0,65,mixed,18,2048,447.25,97.95,124.26,673.38
synth,0,66,mixed,18,35,95.16,30.61,70.48,200.4
synth,0,67,decode,18,18,87.79,23.57,59.29,173.28
synth,0,68,decode,18,18,83.9,22.83,58.56,167.46
synth,0,69,decode,18,18,96.17,22.85,59.72,180.86
synth,0,70,decode,18,18,83.42,22.79,57.69,166.03
synth,0,71,mixed,19,2048,438.33,100.03,123.91,666.6
synth,0,72,mixed,19,37,94.51,32.77,70.54,202.27
synth,0,73,decode,19,19,87.96,25.9,60.11,176.58
synth,0,74,decode,19,19,86.51,25.61,59.99,174.17
synth,0,75,decode,19,19,83.14,24.42,57.6,167.47
synth,0,76,decode,19,19,82.43,24.32,56.66,165.35
synth,0,77,decode,19,19,81.96,24.54,55.82,164.62
synth,0,78,decode,19,19,81.92,24.61,56.33,164.86
synth,0,79,mixed,20,1043,441.17,98.07,110.28,653.48
synth,0,80,mixed,21,1044,444.32,103.31,110.38,663.62
synth,0,81,decode,21,21,94.99,34.25,71.21,204.82
synth,0,82,decode,21,21,88.16,27.6,60.42,178.65
synth,0,83,decode,21,21,85.31,26.6,71.44,185.64
synth,0,84,decode,21,21,86.3,26.81,58.84,174.52
synth,0,85,mixed,22,2048,436.13,101.59,123.3,665.02
synth,0,86,mixed,22,43,96.86,35.6,73.52,210.26
synth,0,87,decode,22,22,89.7,27.89,60.14,180.56
synth,0,88,decode,22,22,88.1,27.72,60.91,179.27
synth,0,89,decode,22,22,85.85,27.6,58.45,174.16
synth,0,90,decode,22,22,84.82,27.0,57.96,171.95
synth,0,91,decode,22,22,83.53,27.04,57.1,169.69
synth,0,92,mixed,23,2048,443.53,102.78,122.36,672.97
synth,0,93,mixed,23,45,97.42,37.48,74.9,214.24
synth,0,94,decode,23,23,89.17,29.37,61.12,182.21
synth,0,95,decode,23,23,86.1,28.85,59.06,176.08
synth,0,96,mixed,24,1047,448.6,104.37,110.78,668.1
synth,0,97,decode,24,24,97.02,38.29,74.23,213.57
synth,0,98,mixed,25,1048,445.55,104.42,111.96,666.58
synth,0,99,mixed,26,1049,438.89,108.54,113.73,667.1
synth,0,100,decode,26,26,99.42,39.89,74.88,218.65
synth,0,101,mixed,27,1050,445.29,107.13,111.8,668.63
synth,0,102,decode,27,27,98.09,40.65,71.1,214.12
synth,0,103,decode,27,27,92.6,33.34,64.31,192.88
synth,0,104,mixed,28,1051,443.12,108.43,112.37,668.29
synth,0,105,decode,28,28,97.53,40.68,72.09,214.98
synth,0,106,decode,28,28,91.25,34.05,77.79,205.64
synth,0,107,decode,28,28,90.54,33.15,62.58,188.59
synth,0,108,decode,28,28,88.83,33.53,60.18,184.99
synth,0,109,decode,28,28,87.24,32.33,60.23,182.15
synth,0,110,decode,28,28,87.93,32.92,60.09,183.29
synth,0,111,decode,28,28,87.04,32.12,58.58,180.12
synth,0,112,mixed,29,1052,446.64,109.98,109.92,670.53
synth,0,113,decode,29,29,98.49,41.15,71.17,215.27
synth,0,114,decode,29,29,92.46,34.28,61.89,191.46
synth,0,115,decode,29,29,90.26,33.47,76.63,202.66
synth,0,116,decode,29,29,89.9,34.55,62.22,189.07
synth,0,117,decode,29,29,88.31,33.32,60.94,184.89
synth,0,118,decode,29,29,87.72,33.72,61.94,185.72
synth,0,119,decode,29,29,86.84,33.6,60.77,183.41
synth,0,120,decode,29,29,86.52,34.09,59.12,182.16
synth,0,121,decode,29,29,87.38,34.23,63.43,187.25
synth,0,122,decode,29,29,87.46,34.14,61.39,185.3
synth,0,123,decode,29,29,85.4,33.69,60.82,182.18
synth,0,124,mixed,30,1053,525.62,115.04,122.3,767.6
synth,0,125,decode,30,30,102.7,44.94,79.91,232.41
synth,0,126,mixed,31,1054,509.85,113.85,122.01,751.02
synth,0,127,decode,31,31,102.36,44.5,79.44,231.1
synth,0,128,decode,30,30,94.4,57.42,67.91,222.56
synth,0,129,decode,30,30,92.79,35.22,63.26,194.07
synth,0,130,decode,30,30,90.0,35.09,61.42,188.95
synth,0,131,decode,30,30,87.47,34.74,61.23,185.96
synth,0,132,decode,30,30,87.85,34.23,75.17,199.46
synth,0,133,mixed,30,1053,525.37,119.58,125.78,775.65
synth,0,134,decode,29,29,100.53,62.82,78.56,246.89
synth,0,135,decode,28,28,93.88,51.52,65.61,213.74
synth,0,136,decode,28,28,92.05,34.41,64.12,193.07
synth,0,137,decode,28,28,88.83,33.25,60.91,185.16
synth,0,138,decode,27,27,86.55,51.56,61.3,201.76
synth,0,139,decode,27,27,86.61,31.77,59.22,180.03
synth,0,140,decode,26,26,85.59,48.83,61.27,198.02
synth,0,141,decode,26,26,87.28,30.99,62.23,182.96
synth,0,142,decode,26,26,85.69,30.97,60.18,179.03
synth,0,143,decode,26,26,85.78,31.0,59.98,179.02
synth,0,144,decode,26,26,84.97,31.18,59.75,178.15
synth,0,145,decode,25,25,84.66,49.26,59.84,195.92
synth,0,146,decode,24,24,84.83,46.45,60.21,193.73
synth,0,147,decode,24,24,85.76,29.35,61.63,179.32
synth,0,148,decode,23,23,84.26,46.11,59.41,191.81
synth,0,149,decode,23,23,83.98,28.4,59.25,173.79
synth,0,150,decode,23,23,83.37,27.79,59.08,172.37
synth,0,151,decode,22,22,82.96,44.85,59.25,188.97
synth,0,152,decode,22,22,83.26,27.07,57.37,169.84
synth,0,153,decode,22,22,83.29,27.1,59.83,172.25
synth,0,154,decode,22,22,81.24,27.27,57.63,168.05
synth,0,155,decode,22,22,80.99,26.41,56.89,166.27
synth,0,156,decode,22,22,81.73,26.64,56.72,167.25
synth,0,157,decode,22,22,81.55,26.95,57.0,167.51
synth,0,158,decode,22,22,80.59,26.8,56.86,166.33
synth,0,159,decode,21,21,81.96,44.59,60.79,189.22
synth,0,160,decode,21,21,82.33,26.29,56.92,167.64
synth,0,161,decode,21,21,82.06,26.38,56.35,167.08
synth,0,162,decode,20,20,80.48,42.53,57.65,182.79
synth,0,163,decode,19,19,80.78,40.43,56.82,180.25
synth,0,164,decode,19,19,81.23,24.32,56.67,164.25
synth,0,165,decode,19,19,80.32,31.15,58.45,171.94
synth,0,166,decode,19,19,80.72,24.51,56.83,164.35
synth,0,167,decode,18,18,80.73,39.77,60.71,183.23
synth,0,168,decode,18,18,81.54,22.7,57.3,163.69
synth,0,169,decode,18,18,80.23,22.75,55.73,160.96
synth,0,170,decode,18,18,80.25,22.31,57.48,161.98
synth,0,171,decode,17,17,79.73,39.24,57.51,178.89
synth,0,172,decode,16,16,87.52,37.63,59.08,186.41
synth,0,173,decode,16,16,80.0,20.86,55.06,157.84
synth,0,174,decode,16,16,79.94,20.15,55.19,157.19
synth,0,175,decode,16,16,78.35,20.69,54.98,155.88
synth,0,176,decode,16,16,79.44,20.55,54.81,156.95
synth,0,177,decode,16,16,79.02,20.47,56.56,157.96
synth,0,178,decode,16,16,78.13,20.44,55.5,156.16
synth,0,179,decode,16,16,78.4,20.3,55.65,156.35
synth,0,180,decode,15,15,79.03,30.22,59.86,171.15
synth,0,181,decode,15,15,79.03,19.64,55.04,155.62
synth,0,182,decode,15,15,78.72,19.39,55.02,155.18
synth,0,183,decode,15,15,77.71,19.19,55.88,154.79
synth,0,184,decode,15,15,77.61,19.52,54.92,153.98
synth,0,185,decode,15,15,77.99,19.03,54.54,153.38
synth,0,186,decode,15,15,77.39,19.6,54.58,153.42
synth,0,187,decode,15,15,77.47,19.59,54.22,153.02
synth,0,188,decode,15,15,78.5,19.27,56.62,156.37
synth,0,189,decode,15,15,77.68,19.77,55.18,154.66
synth,0,190,decode,15,15,78.46,19.73,55.16,155.33
synth,0,191,decode,15,15,76.88,19.29,54.93,152.96
synth,0,192,decode,15,15,77.95,19.54,55.02,154.37
synth,0,193,decode,14,14,77.14,29.77,56.51,165.29
synth,0,194,decode,14,14,77.85,18.81,55.62,154.32
synth,0,195,decode,14,14,77.97,18.26,55.68,153.86
synth,0,196,decode,14,14,78.05,18.68,57.82,156.6
synth,0,197,decode,14,14,77.77,18.28,55.11,153.05
synth,0,198,decode,14,14,77.84,18.6,55.08,153.42
synth,0,199,decode,13,13,77.19,27.98,55.6,162.67
synth,0,200,decode,13,13,77.55,17.57,54.25,151.43
synth,0,201,decode,13,13,76.58,17.52,53.98,149.97
synth,0,202,decode,13,13,76.94,17.6,54.37,150.84
synth,0,203,decode,13,13,75.99,17.68,53.75,149.16
synth,0,204,decode,13,13,77.75,17.62,56.46,153.77
synth,0,205,decode,13,13,76.03,17.77,54.37,149.97
synth,0,206,decode,13,13,76.55,17.61,53.28,149.22
synth,0,207,decode,12,12,75.87,26.81,55.06,159.46
synth,0,208,decode,11,11,75.75,24.84,55.81,158.33
synth,0,209,decode,11,11,76.61,15.75,54.7,148.95
synth,0,210,decode,11,11,76.65,15.87,54.82,149.16
synth,0,211,decode,11,11,75.39,15.5,53.5,146.3
synth,0,212,decode,11,11,76.13,15.48,53.49,146.8
synth,0,213,decode,10,10,75.02,24.96,57.84,159.64
synth,0,214,decode,10,10,76.06,15.15,53.27,146.35
synth,0,215,decode,10,10,75.64,15.13,53.55,146.06
synth,0,216,decode,10,10,75.33,14.66,53.44,145.1
synth,0,217,decode,10,10,75.48,14.79,53.71,145.78
synth,0,218,decode,10,10,74.47,14.64,54.03,144.97
synth,0,219,decode,10,10,74.44,14.89,53.51,144.53
synth,0,220,decode,9,9,74.91,23.76,54.36,154.88
synth,0,221,decode,9,9,73.84,13.86,52.99,142.55
synth,0,222,decode,9,9,74.87,14.08,63.03,153.77
synth,0,223,decode,9,9,75.47,14.16,55.36,146.86
synth,0,224,decode,8,8,74.36,22.24,54.48,152.85
synth,0,225,decode,8,8,75.31,13.19,52.93,143.38
synth,0,226,decode,7,7,73.8,21.08,54.47,151.25
synth,0,227,decode,6,6,73.77,19.62,53.67,149.05
synth,0,228,decode,6,6,74.13,11.28,52.81,140.12
synth,0,229,decode,5,5,73.82,18.76,53.23,147.66
synth,0,230,decode,5,5,73.14,10.15,52.12,137.3
synth,0,231,decode,5,5,72.45,9.99,52.0,136.35
synth,0,232,decode,4,4,72.24,17.98,52.7,144.84
synth,0,233,decode,4,4,72.18,9.0,51.84,134.92
synth,0,234,decode,4,4,72.51,8.88,53.6,136.64
synth,0,235,decode,4,4,71.54,8.85,51.81,133.96
synth,0,236,decode,4,4,71.51,8.83,51.73,133.71
synth,0,237,decode,4,4,71.53,8.63,51.36,133.27
synth,0,238,decode,4,4,70.81,8.73,51.28,132.43
synth,0,239,decode,4,4,71.28,8.57,51.77,133.26
synth,0,240,decode,3,3,70.59,17.23,52.17,141.54
synth,0,241,decode,3,3,71.83,8.09,52.02,133.69
synth,0,242,decode,3,3,71.6,8.03,51.52,132.88
synth,0,243,decode,3,3,71.37,8.01,51.18,132.28
synth,0,244,decode,3,3,71.28,7.95,51.47,132.48
synth,0,245,decode,3,3,70.6,8.03,51.37,131.59
synth,0,246,decode,3,3,71.54,7.91,51.57,132.64
synth,0,247,decode,3,3,70.29,7.92,51.46,131.4
synth,0,248,decode,3,3,70.37,8.0,51.94,131.96
synth,0,249,decode,3,3,72.13,7.84,51.19,132.92
synth,0,250,decode,3,3,71.59,7.84,51.28,132.46
synth,0,251,decode,3,3,70.17,7.98,51.55,131.39
synth,0,252,decode,2,2,70.21,15.78,52.9,140.47
synth,0,253,decode,2,2,70.21,6.91,51.36,130.34
synth,0,254,decode,1,1,69.79,20.39,51.8,143.61
synth,0,255,decode,1,1,69.91,5.98,50.27,128.08
synth,0,256,decode,1,1,69.48,5.78,50.22,127.29
synth,0,257,decode,1,1,69.61,5.74,49.65,126.7
synth,0,258,decode,1,1,69.75,5.52,49.44,126.3
synth,0,259,decode,1,1,69.06,5.7,49.5,125.84
synth,0,260,decode,1,1,68.84,5.55,49.69,125.6
synth,1,0,prefill,1,2048,593.93,89.09,154.15,839.01
synth,1,1,decode,1,1,91.91,13.2,66.19,175.57
synth,1,2,decode,1,1,81.16,6.36,55.74,145.58
synth,1,3,decode,1,1,77.53,6.21,52.68,138.31
synth,1,4,decode,1,1,73.6,5.84,52.74,134.06
synth,1,5,mixed,2,2048,454.9,81.24,121.23,660.53
synth,1,6,mixed,3,2048,436.08,85.0,123.52,650.06
synth,1,7,mixed,4,1030,424.59,86.74,109.92,626.6
synth,1,8,decode,4,4,90.01,16.1,64.62,175.04
synth,1,9,decode,4,4,80.79,9.58,55.2,147.84
synth,1,10,mixed,5,1028,426.4,83.8,104.86,618.66
synth,1,11,decode,5,5,86.76,16.15,62.86,169.69
synth,1,12,mixed,6,1029,416.47,84.43,103.32,608.07
synth,1,13,decode,6,6,96.13,18.4,66.07,184.59
synth,1,14,decode,6,6,80.43,12.28,56.85,152.07
synth,1,15,decode,6,6,78.12,12.2,54.26,146.91
synth,1,16,decode,6,6,76.99,11.62,54.07,144.69
synth,1,17,mixed,7,2048,424.04,86.29,117.73,631.85
synth,1,18,mixed,8,2048,424.52,90.39,121.61,642.16
synth,1,19,mixed,8,21,89.41,20.28,69.26,183.01
synth,1,20,mixed,9,1032,421.3,88.7,107.31,621.28
synth,1,21,decode,9,9,87.78,20.52,65.15,177.25
synth,1,22,decode,9,9,82.23,14.85,57.36,156.81
synth,1,23,mixed,10,1033,419.84,89.72,108.53,621.91
synth,1,24,decode,10,10,89.53,22.06,68.38,184.06
synth,1,25,decode,10,10,82.09,15.74,57.22,157.62
synth,1,26,decode,10,10,79.96,15.55,56.57,154.05
synth,1,27,decode,10,10,78.95,15.27,55.38,151.56
synth,1,28,decode,10,10,77.86,15.26,54.35,149.47
synth,1,29,decode,10,10,77.09,14.93,54.9,148.8
synth,1,30,decode,10,10,76.32,15.0,54.33,147.58
synth,1,31,mixed,11,2048,445.66,91.64,124.44,665.67
synth,1,32,mixed,11,21,89.65,23.11,67.42,184.33
synth,1,33,decode,11,11,81.88,16.9,57.1,158.11
synth,1,34,mixed,12,1035,425.92,92.9,110.02,633.16
synth,1,35,mixed,13,2048,446.91,95.28,130.15,677.91
synth,1,36,mixed,13,25,91.75,24.69,67.45,188.32
synth,1,37,decode,13,13,83.08,18.54,59.95,164.24
synth,1,38,decode,13,13,81.29,18.5,56.59,158.55
synth,1,39,mixed,14,1037,425.33,93.83,110.17,632.77
synth,1,40,decode,14,14,90.68,26.29,70.61,191.78
synth,1,41,decode,14,14,83.93,19.25,58.48,164.05
synth,1,42,decode,14,14,81.32,19.24,56.4,159.08
synth,1,43,mixed,15,1038,422.33,94.84,110.65,631.33
synth,1,44,mixed,16,2048,438.57,98.35,126.95,669.58
synth,1,45,mixed,16,31,92.08,27.9,69.31,193.35
synth,1,46,decode,16,16,86.08,21.64,58.34,168.58
synth,1,47,decode,16,16,84.04,21.39,57.8,165.41
synth,1,48,decode,16,16,80.96,21.29,56.92,161.19
synth,1,49,decode,16,16,80.98,20.94,56.49,160.38
synth,1,50,decode,16,16,81.11,20.67,57.75,161.59
synth,1,51,decode,16,16,79.4,20.6,55.94,157.91
synth,1,52,mixed,17,1040,425.55,96.96,109.03,635.41
synth,1,53,decode,17,17,90.74,28.92,66.57,190.07
synth,1,54,decode,17,17,86.39,22.09,58.18,169.09
synth,1,55,decode,17,17,83.74,22.61,59.4,167.97
synth,1,56,decode,17,17,81.91,21.87,56.72,162.79
synth,1,57,decode,17,17,81.39,21.67,56.09,161.32
synth,1,58,decode,17,17,81.65,22.05,56.06,161.85
synth,1,59,decode,17,17,80.72,21.65,56.75,161.13
synth,1,60,decode,17,17,80.87,21.5,56.36,160.82
synth,1,61,decode,17,17,80.47,21.57,56.09,160.1
synth,1,62,decode,17,17,80.77,21.2,57.23,161.13
synth,1,63,decode,17,17,80.68,21.31,56.35,160.4
synth,1,64,decode,17,17,79.95,21.42,56.34,159.76
synth,1,65,mixed,18,2048,417.45,97.35,126.2,644.79
synth,1,66,mixed,18,35,93.29,29.4,71.13,197.89
synth,1,67,decode,18,18,101.7,23.14,61.28,188.6
synth,1,68,decode,18,18,85.26,22.87,57.93,168.17
synth,1,69,decode,18,18,83.74,22.52,58.02,166.15
synth,1,70,decode,18,18,82.08,22.58,57.14,163.87
synth,1,71,mixed,19,2048,415.37,98.48,123.57,641.47
synth,1,72,mixed,19,37,105.29,32.64,71.61,213.92
synth,1,73,decode,19,19,86.65,25.64,59.44,174.47
synth,1,74,decode,19,19,83.63,25.11,58.28,169.33
synth,1,75,decode,19,19,82.51,24.66,57.15,166.49
synth,1,76,decode,19,19,81.27,24.72,56.23,164.31
synth,1,77,decode,19,19,80.5,24.37,55.87,162.89
synth,1,78,decode,19,19,80.16,24.59,56.26,163.24
synth,1,79,mixed,20,1043,424.43,98.45,111.2,638.08
synth,1,80,mixed,21,1044,425.84,104.3,112.94,648.82
synth,1,81,decode,21,21,94.69,34.55,70.18,203.76
synth,1,82,decode,21,21,89.53,28.09,63.21,183.3
synth,1,83,decode,21,21,85.89,27.89,60.11,176.07
synth,1,84,decode,21,21,84.67,27.08,58.05,172.22
synth,1,85,mixed,22,2048,426.7,101.99,124.82,657.8
synth,1,86,mixed,22,43,97.54,36.72,74.52,212.93
synth,1,87,decode,22,22,87.74,27.78,61.12,179.09
synth,1,88,decode,22,22,84.98,27.17,58.75,173.23
synth,1,89,decode,22,22,84.82,27.26,58.07,172.24
synth,1,90,decode,22,22,83.81,27.1,58.38,171.46
synth,1,91,decode,22,22,82.8,27.0,57.31,169.32
synth,1,92,mixed,23,2048,449.52,103.52,127.72,684.77
synth,1,93,mixed,23,45,95.6,36.14,71.67,207.56
synth,1,94,decode,23,23,89.16,28.71,59.98,180.3
synth,1,95,decode,23,23,85.29,28.34,59.68,175.63
synth,1,96,mixed,24,1047,451.61,105.54,115.25,676.96
synth,1,97,decode,24,24,98.28,37.73,73.72,214.19
synth,1,98,mixed,25,1048,474.78,107.13,119.25,706.16
synth,1,99,mixed,26,1049,461.21,110.0,117.91,694.93
synth,1,100,decode,26,26,97.76,39.25,71.42,213.2
synth,1,101,mixed,27,1050,440.36,107.76,113.57,666.57
synth,1,102,decode,27,27,99.05,40.15,74.8,218.46
synth,1,103,decode,27,27,90.1,32.89,62.48,188.14
synth,1,104,mixed,28,1051,439.97,108.29,115.76,668.32
synth,1,105,decode,28,28,100.18,42.41,75.35,222.07
synth,1,106,decode,28,28,90.76,33.61,62.54,189.67
synth,1,107,decode,28,28,88.78,33.42,60.94,185.43
synth,1,108,decode,28,28,88.41,32.79,60.39,184.04
synth,1,109,decode,28,28,85.44,32.2,58.81,178.75
synth,1,110,decode,28,28,87.08,32.72,62.05,184.25
synth,1,111,decode,28,28,85.06,32.72,60.19,180.28
synth,1,112,mixed,29,1052,433.71,107.26,113.06,658.69
synth,1,113,decode,29,29,97.59,41.21,71.45,214.63
synth,1,114,decode,29,29,91.38,34.38,64.62,193.22
synth,1,115,decode,29,29,87.81,34.04,61.73,186.13
synth,1,116,decode,29,29,87.41,34.22,59.94,183.86
synth,1,117,decode,29,29,86.84,32.97,58.72,180.92
synth,1,118,decode,29,29,85.82,33.49,58.98,180.71
synth,1,119,decode,29,29,86.93,33.27,61.59,184.03
synth,1,120,decode,29,29,86.54,33.66,59.09,181.53
synth,1,121,decode,29,29,87.23,32.9,59.21,181.59
synth,1,122,decode,29,29,86.61,33.13,58.52,180.29
synth,1,123,decode,29,29,85.84,33.21,58.74,179.93
synth,1,124,mixed,30,1053,453.58,109.1,111.84,679.12
synth,1,125,decode,30,30,98.59,42.61,73.23,218.62
synth,1,126,mixed,31,1054,437.8,110.74,116.89,670.46
synth,1,127,decode,31,31,98.76,43.95,75.01,222.03
synth,1,128,decode,30,30,91.89,55.68,65.05,215.08
synth,1,129,decode,30,30,91.41,34.33,62.95,191.02
synth,1,130,decode,30,30,88.69,35.38,61.66,188.01
synth,1,131,decode,30,30,94.97,34.66,62.6,194.68
synth,1,132,decode,30,30,87.8,34.95,59.93,184.89
synth,1,133,mixed,30,1053,433.3,116.14,109.55,663.47
synth,1,134,decode,29,29,98.72,60.47,73.34,236.89
synth,1,135,decode,28,28,93.17,51.45,64.92,212.27
synth,1,136,decode,28,28,89.38,33.34,60.86,185.92
synth,1,137,decode,28,28,87.75,32.44,60.07,182.5
synth,1,138,decode,27,27,86.42,49.76,60.36,198.85
synth,1,139,decode,27,27,86.84,32.08,59.61,180.86
synth,1,140,decode,26,26,86.64,49.08,61.44,199.41
synth,1,141,decode,26,26,87.07,31.05,58.66,178.98
synth,1,142,decode,26,26,84.47,30.86,58.82,176.28
synth,1,143,decode,26,26,84.97,30.44,58.26,175.9
synth,1,144,decode,26,26,84.97,30.81,58.57,176.62
synth,1,145,decode,25,25,85.2,48.66,59.12,195.05
synth,1,146,decode,24,24,86.16,46.84,62.34,197.53
synth,1,147,decode,24,24,83.94,28.83,58.31,173.6
synth,1,148,decode,23,23,84.31,45.06,58.82,190.43
synth,1,149,decode,23,23,84.42,27.74,57.41,171.67
synth,1,150,decode,23,23,83.33,27.72,56.76,169.85
synth,1,151,decode,22,22,82.95,43.81,58.07,186.74
synth,1,152,decode,22,22,84.93,27.44,59.55,174.15
synth,1,153,decode,22,22,83.05,27.67,57.32,170.17
synth,1,154,decode,22,22,83.05,27.01,57.34,169.47
synth,1,155,decode,22,22,82.74,27.03,57.5,169.21
synth,1,156,decode,22,22,82.51,26.86,57.62,169.03
synth,1,157,decode,22,22,82.17,27.04,56.48,167.7
synth,1,158,decode,22,22,82.66,27.07,57.86,169.57
synth,1,159,decode,21,21,82.21,43.59,58.18,186.12
synth,1,160,decode,21,21,82.78,26.12,56.76,167.77
synth,1,161,decode,21,21,82.35,25.85,56.66,166.99
synth,1,162,decode,20,20,81.61,42.77,57.49,183.75
synth,1,163,decode,19,19,81.57,40.56,56.32,180.62
synth,1,164,decode,19,19,81.68,24.63,57.72,165.94
synth,1,165,decode,19,19,81.15,24.11,55.85,163.07
synth,1,166,decode,19,19,80.83,24.04,55.35,162.21
synth,1,167,decode,18,18,81.07,39.07,57.87,179.97
synth,1,168,decode,18,18,80.15,22.23,55.52,159.96
synth,1,169,decode,18,18,79.55,22.09,55.57,159.24
synth,1,170,decode,18,18,82.48,22.42,56.6,163.41
synth,1,171,decode,17,17,80.6,37.98,57.98,178.51
synth,1,172,decode,16,16,79.63,36.17,56.11,173.93
synth,1,173,decode,16,16,79.58,20.16,55.09,156.98
synth,1,174,decode,16,16,78.47,20.15,55.51,156.17
synth,1,175,decode,16,16,78.56,20.45,55.61,156.6
synth,1,176,decode,16,16,78.87,20.17,55.17,156.14
synth,1,177,decode,16,16,78.43,20.55,55.44,156.32
synth,1,178,decode,16,16,78.96,20.48,62.93,164.28
synth,1,179,decode,16,16,78.56,20.24,56.45,157.32
synth,1,180,decode,15,15,78.25,30.06,56.03,166.26
synth,1,181,decode,15,15,78.84,19.43,55.09,155.36
synth,1,182,decode,15,15,77.56,19.26,54.23,152.94
synth,1,183,decode,15,15,78.34,19.1,55.06,154.45
synth,1,184,decode,15,15,78.04,19.06,54.49,153.3
synth,1,185,decode,15,15,77.38,18.95,54.31,152.58
synth,1,186,decode,15,15,83.77,19.45,55.92,161.06
synth,1,187,decode,15,15,77.8,19.43,54.49,153.62
synth,1,188,decode,15,15,77.55,19.17,54.7,153.3
synth,1,189,decode,15,15,77.79,18.84,54.24,152.66
synth,1,190,decode,15,15,76.46,19.29,54.62,152.4
synth,1,191,decode,15,15,77.9,19.06,55.7,154.53
synth,1,192,decode,15,15,77.66,19.08,55.54,154.09
synth,1,193,decode,14,14,77.78,29.13,57.05,165.76
synth,1,194,decode,14,14,89.55,18.33,55.64,165.67
synth,1,195,decode,14,14,77.29,18.19,54.67,152.02
synth,1,196,decode,14,14,77.21,17.99,55.81,153.05
synth,1,197,decode,14,14,76.68,18.16,54.86,151.68
synth,1,198,decode,14,14,77.47,19.04,53.82,152.23
synth,1,199,decode,13,13,76.52,28.12,55.22,161.71
synth,1,200,decode,13,13,77.34,17.69,54.58,151.67
synth,1,201,decode,13,13,77.26,17.81,54.05,150.96
synth,1,202,decode,13,13,76.56,17.44,62.78,158.82
synth,1,203,decode,13,13,77.49,17.58,54.33,151.33
synth,1,204,decode,13,13,76.31,17.59,53.21,149.06
synth,1,205,decode,13,13,76.97,17.39,54.78,150.88
synth,1,206,decode,13,13,75.82,17.36,53.77,148.82
synth,1,207,decode,12,12,76.87,26.5,56.17,161.35
synth,1,208,decode,11,11,76.42,25.51,56.03,160.02
synth,1,209,decode,11,11,77.53,15.88,56.4,151.9
synth,1,210,decode,11,11,77.0,15.65,55.0,149.64
synth,1,211,decode,11,11,77.59,15.77,55.84,151.11
synth,1,212,decode,11,11,76.63,15.7,54.24,148.43
synth,1,213,decode,10,10,75.98,24.63,55.21,157.58
synth,1,214,decode,10,10,75.98,15.21,53.13,146.08
synth,1,215,decode,10,10,74.78,14.39,53.28,144.35
synth,1,216,decode,10,10,74.78,14.89,52.45,143.9
synth,1,217,decode,10,10,75.13,14.79,53.29,145.05
synth,1,218,decode,10,10,75.37,15.02,53.09,145.37
synth,1,219,decode,10,10,74.76,14.9,53.2,144.7
synth,1,220,decode,9,9,74.89,23.72,72.41,172.85
synth,1,221,decode,9,9,76.96,14.4,54.03,147.37
synth,1,222,decode,9,9,74.76,14.02,52.72,143.2
synth,1,223,decode,9,9,75.02,13.65,53.46,143.9
synth,1,224,decode,8,8,74.84,22.33,55.16,154.18
synth,1,225,decode,8,8,75.94,13.24,53.66,144.77
synth,1,226,decode,7,7,74.43,21.34,53.73,151.27
synth,1,227,decode,6,6,75.16,19.76,53.68,150.58
synth,1,228,decode,6,6,74.59,11.0,52.42,139.99
synth,1,229,decode,5,5,73.23,18.98,54.2,148.27
synth,1,230,decode,5,5,74.01,10.26,52.19,138.36
synth,1,231,decode,5,5,80.96,10.28,54.25,147.36
synth,1,232,decode,4,4,72.69,18.08,52.77,145.33
synth,1,233,decode,4,4,73.26,9.29,52.33,136.89
synth,1,234,decode,4,4,73.04,9.02,51.47,135.34
synth,1,235,decode,4,4,71.94,9.07,52.37,135.08
synth,1,236,decode,4,4,71.87,8.82,52.32,134.72
synth,1,237,decode,4,4,72.49,8.92,51.43,134.55
synth,1,238,decode,4,4,72.73,9.28,52.01,135.77
synth,1,239,decode,4,4,70.77,9.16,51.27,133.18
synth,1,240,decode,3,3,70.41,17.05,52.61,141.63
synth,1,241,decode,3,3,71.56,7.94,50.83,132.12
synth,1,242,decode,3,3,70.94,7.81,50.84,131.26
synth,1,243,decode,3,3,71.75,7.95,51.27,132.69
synth,1,244,decode,3,3,71.06,8.07,50.37,131.2
synth,1,245,decode,3,3,71.62,8.13,52.87,134.25
synth,1,246,decode,3,3,70.79,7.96,51.82,132.29
synth,1,247,decode,3,3,71.62,8.19,51.24,132.75
synth,1,248,decode,3,3,70.44,7.8,51.18,131.08
synth,1,249,decode,3,3,70.21,7.79,51.04,130.73
synth,1,250,decode,3,3,70.08,7.85,51.25,130.83
synth,1,251,decode,3,3,71.06,8.08,51.31,132.29
synth,1,252,decode,2,2,70.48,15.84,52.37,140.38
synth,1,253,decode,2,2,70.32,7.25,50.89,130.3
synth,1,254,decode,1,1,69.77,21.12,52.72,145.37
synth,1,255,decode,1,1,71.2,6.04,50.62,129.67
synth,1,256,decode,1,1,70.45,5.94,50.14,128.2
synth,1,257,decode,1,1,70.38,5.91,49.88,127.98
synth,1,258,decode,1,1,70.0,5.83,49.68,127.14
synth,1,259,decode,1,1,69.96,5.78,49.83,127.12
synth,1,260,decode,1,1,70.4,5.86,51.02,128.86
synth,2,0,prefill,1,2048,561.15,89.05,166.38,818.55
synth,2,1,decode,1,1,90.05,13.17,67.98,174.9
synth,2,2,decode,1,1,79.82,6.72,55.29,144.02
synth,2,3,decode,1,1,75.49,6.3,53.12,136.86
synth,2,4,decode,1,1,72.15,6.19,51.21,131.54
synth,2,5,mixed,2,2048,450.4,82.8,126.8,663.74
synth,2,6,mixed,3,2048,440.24,85.27,123.8,655.19
synth,2,7,mixed,4,1030,441.36,87.33,112.12,646.43
synth,2,8,decode,4,4,106.77,17.39,68.39,196.34
synth,2,9,decode,4,4,79.81,9.88,55.86,147.73
synth,2,10,mixed,5,1028,431.58,84.36,105.72,625.32
synth,2,11,decode,5,5,86.14,17.1,64.22,171.21
synth,2,12,mixed,6,1029,429.25,86.53,107.41,627.64
synth,2,13,decode,6,6,87.22,17.68,77.0,185.59
synth,2,14,decode,6,6,79.74,12.42,57.46,151.94
synth,2,15,decode,6,6,77.6,11.53,54.85,145.92
synth,2,16,decode,6,6,75.64,11.62,54.11,143.27
synth,2,17,mixed,7,2048,440.97,90.0,130.05,665.17
synth,2,18,mixed,8,2048,451.15,92.32,129.57,678.99
synth,2,19,mixed,8,21,90.25,21.17,70.06,185.26
synth,2,20,mixed,9,1032,438.79,89.0,109.85,641.39
synth,2,21,decode,9,9,88.85,21.22,66.49,180.26
synth,2,22,decode,9,9,80.64,14.63,56.23,153.92
synth,2,23,mixed,10,1033,432.32,89.59,109.09,634.81
synth,2,24,decode,10,10,90.48,22.5,68.55,185.29
synth,2,25,decode,10,10,80.82,15.6,57.07,156.02
synth,2,26,decode,10,10,78.11,15.37,56.22,151.67
synth,2,27,decode,10,10,78.32,15.14,55.76,151.12
synth,2,28,decode,10,10,77.3,15.05,54.71,148.91
synth,2,29,decode,10,10,76.21,14.8,54.69,147.53
synth,2,30,decode,10,10,75.3,15.1,54.66,146.78
synth,2,31,mixed,11,2048,453.24,90.6,124.46,672.33
synth,2,32,mixed,11,21,89.05,23.25,65.7,181.45
synth,2,33,decode,11,11,82.44,16.42,56.68,157.67
synth,2,34,mixed,12,1035,435.46,92.52,110.5,642.45
synth,2,35,mixed,13,2048,449.7,95.53,129.18,679.73
synth,2,36,mixed,13,25,90.2,24.84,68.8,187.7
synth,2,37,decode,13,13,81.65,18.47,59.03,161.53
synth,2,38,decode,13,13,79.79,18.21,57.52,157.62
synth,2,39,mixed,14,1037,436.53,93.32,111.26,645.68
synth,2,40,decode,14,14,91.24,27.09,69.37,191.48
synth,2,41,decode,14,14,82.53,19.26,58.7,162.95
synth,2,42,decode,14,14,79.7,18.93,56.29,156.97
synth,2,43,mixed,15,1038,437.15,95.31,109.38,645.59
synth,2,44,mixed,16,2048,449.11,99.01,127.95,681.58
synth,2,45,mixed,16,31,92.01,29.02,68.74,193.8
synth,2,46,decode,16,16,85.04,21.16,59.6,168.36
synth,2,47,decode,16,16,82.27,20.76,59.28,164.37
synth,2,48,decode,16,16,80.03,20.74,57.02,159.67
synth,2,49,decode,16,16,78.85,20.61,57.19,158.57
synth,2,50,decode,16,16,80.21,20.81,58.81,161.74
synth,2,51,decode,16,16,79.66,21.03,57.02,159.65
synth,2,52,mixed,17,1040,436.28,97.23,113.46,650.89
synth,2,53,decode,17,17,91.59,29.43,68.25,193.12
synth,2,54,decode,17,17,84.76,22.33,58.75,168.3
synth,2,55,decode,17,17,83.6,22.21,59.54,167.4
synth,2,56,decode,17,17,82.37,21.93,57.16,163.5
synth,2,57,decode,17,17,81.18,21.37,56.74,161.38
synth,2,58,decode,17,17,80.53,21.5,56.53,160.65
synth,2,59,decode,17,17,80.79,21.4,55.77,159.95
synth,2,60,decode,17,17,79.93,21.56,55.9,159.41
synth,2,61,decode,17,17,79.01,21.41,55.72,157.88
synth,2,62,decode,17,17,86.67,21.34,57.76,167.84
synth,2,63,decode,17,17,80.03,21.54,55.39,158.99
synth,2,64,decode,17,17,79.81,21.36,56.06,159.21
synth,2,65,mixed,18,2048,443.15,98.47,126.1,672.07
synth,2,66,mixed,18,35,94.14,29.63,70.53,198.21
synth,2,67,decode,18,18,85.89,23.15,70.61,182.41
synth,2,68,decode,18,18,84.96,22.96,58.26,168.32
synth,2,69,decode,18,18,81.75,22.73,56.57,163.14
synth,2,70,decode,18,18,81.38,22.79,57.22,163.46
synth,2,71,mixed,19,2048,439.91,99.06,123.76,666.94
synth,2,72,mixed,19,37,106.53,32.86,73.84,217.15
synth,2,73,decode,19,19,87.16,25.31,58.29,173.27
synth,2,74,decode,19,19,83.18,25.07,57.68,168.07
synth,2,75,decode,19,19,81.19,24.22,57.19,164.72
synth,2,76,decode,19,19,80.88,24.72,56.24,164.04
synth,2,77,decode,19,19,80.89,24.31,55.91,163.3
synth,2,78,decode,19,19,82.01,24.67,56.07,164.91
synth,2,79,mixed,20,1043,443.45,100.56,110.5,658.66
synth,2,80,mixed,21,1044,445.31,104.58,113.67,669.34
synth,2,81,decode,21,21,95.29,34.27,69.37,202.85
synth,2,82,decode,21,21,88.39,27.66,61.66,180.36
synth,2,83,decode,21,21,84.03,26.95,59.29,172.4
synth,2,84,decode,21,21,84.69,26.31,57.47,170.48
synth,2,85,mixed,22,2048,440.11,101.83,124.29,670.17
synth,2,86,mixed,22,43,97.59,36.61,74.7,213.07
synth,2,87,decode,22,22,86.89,27.93,60.69,178.19
synth,2,88,decode,22,22,85.7,27.84,58.68,174.21
synth,2,89,decode,22,22,84.71,26.88,58.42,172.04
synth,2,90,decode,22,22,82.92,27.17,58.05,170.14
synth,2,91,decode,22,22,82.25,26.74,56.75,167.84
synth,2,92,mixed,23,2048,462.01,103.88,124.56,694.76
synth,2,93,mixed,23,45,96.29,36.48,74.24,211.4
synth,2,94,decode,23,23,88.55,29.05,59.8,179.9
synth,2,95,decode,23,23,85.49,28.47,58.96,175.14
synth,2,96,mixed,24,1047,456.74,104.23,111.24,676.11
synth,2,97,decode,24,24,95.69,36.32,71.53,207.46
synth,2,98,mixed,25,1048,447.3,102.96,112.72,667.05
synth,2,99,mixed,26,1049,440.82,107.66,112.99,666.53
synth,2,100,decode,26,26,97.8,38.22,70.69,210.77
synth,2,101,mixed,27,1050,441.19,105.84,113.57,664.88
synth,2,102,decode,27,27,99.38,39.87,74.36,217.94
synth,2,103,decode,27,27,91.75,32.8,61.59,188.99
synth,2,104,mixed,28,1051,441.24,108.25,113.43,667.03
synth,2,105,decode,28,28,99.9,41.1,72.89,218.09
synth,2,106,decode,28,28,90.92,33.66,61.26,188.47
synth,2,107,decode,28,28,87.74,33.26,59.92,183.19
synth,2,108,decode,28,28,87.79,32.93,59.55,182.58
synth,2,109,decode,28,28,85.98,32.42,59.57,180.24
synth,2,110,decode,28,28,86.45,32.82,70.98,192.52
synth,2,111,decode,28,28,87.73,32.9,60.62,183.39
synth,2,112,mixed,29,1052,453.73,109.51,116.61,683.98
synth,2,113,decode,29,29,99.4,41.66,71.67,216.86
synth,2,114,decode,29,29,92.88,34.98,63.26,193.73
synth,2,115,decode,29,29,88.98,34.22,59.24,184.57
synth,2,116,decode,29,29,87.2,34.04,60.01,183.52
synth,2,117,decode,29,29,86.78,33.88,59.74,182.58
synth,2,118,decode,29,29,86.02,33.08,58.91,180.35
synth,2,119,decode,29,29,100.91,33.55,61.18,197.77
synth,2,120,decode,29,29,86.49,34.02,60.8,183.79
synth,2,121,decode,29,29,86.42,34.22,58.57,181.32
synth,2,122,decode,29,29,85.95,32.95,58.79,179.94
synth,2,123,decode,29,29,85.57,33.16,58.98,179.77
synth,2,124,mixed,30,1053,476.31,110.72,113.32,705.4
synth,2,125,decode,30,30,97.97,42.12,71.99,216.36
synth,2,126,mixed,31,1054,448.29,113.38,116.12,682.75
synth,2,127,decode,31,31,101.44,44.37,77.09,227.34
synth,2,128,decode,30,30,90.85,54.33,62.85,210.54
synth,2,129,decode,30,30,89.99,34.33,59.91,186.57
synth,2,130,decode,30,30,86.53,35.03,59.37,183.13
synth,2,131,decode,30,30,86.19,34.39,73.27,196.0
synth,2,132,decode,30,30,88.26,34.95,60.78,186.36
synth,2,133,mixed,30,1053,452.27,115.3,113.96,686.04
synth,2,134,decode,29,29,99.88,59.88,74.18,238.31
synth,2,135,decode,28,28,92.8,51.31,65.31,212.14
synth,2,136,decode,28,28,89.43,33.29,59.95,184.97
synth,2,137,decode,28,28,85.77,33.14,59.22,180.41
synth,2,138,decode,27,27,85.78,49.42,59.12,196.63
synth,2,139,decode,27,27,84.96,32.09,58.44,177.82
synth,2,140,decode,26,26,92.76,48.38,61.03,204.19
synth,2,141,decode,26,26,84.57,30.35,57.86,175.05
synth,2,142,decode,26,26,84.79,30.95,58.17,175.9
synth,2,143,decode,26,26,84.49,30.76,57.22,174.72
synth,2,144,decode,26,26,83.2,31.3,58.64,175.4
synth,2,145,decode,25,25,82.93,48.25,59.15,192.48
synth,2,146,decode,24,24,85.85,47.31,62.03,197.25
synth,2,147,decode,24,24,82.7,29.09,58.13,171.92
synth,2,148,decode,23,23,83.04,44.53,57.28,186.87
synth,2,149,decode,23,23,81.86,27.93,57.4,169.57
synth,2,150,decode,23,23,83.65,28.37,57.68,171.96
synth,2,151,decode,22,22,82.88,45.45,58.74,189.15
synth,2,152,decode,22,22,84.26,27.46,59.55,173.63
synth,2,153,decode,22,22,82.6,26.68,57.05,168.46
synth,2,154,decode,22,22,81.7,26.94,57.87,168.68
synth,2,155,decode,22,22,80.51,26.71,56.65,165.96
synth,2,156,decode,22,22,81.89,27.12,56.71,167.99
synth,2,157,decode,22,22,80.33,27.08,56.03,165.5
synth,2,158,decode,22,22,82.85,27.32,59.02,171.28
synth,2,159,decode,21,21,80.85,43.95,57.31,184.19
synth,2,160,decode,21,21,82.57,26.48,56.33,167.57
synth,2,161,decode,21,21,81.88,26.42,56.49,167.03
synth,2,162,decode,20,20,80.81,43.38,56.86,183.11
synth,2,163,decode,19,19,81.26,39.93,56.8,180.12
synth,2,164,decode,19,19,91.77,24.65,57.76,176.46
synth,2,165,decode,19,19,80.38,24.28,55.52,162.21
synth,2,166,decode,19,19,80.25,24.47,55.75,162.48
synth,2,167,decode,18,18,80.47,39.62,57.5,179.57
synth,2,168,decode,18,18,79.78,22.44,56.37,160.69
synth,2,169,decode,18,18,80.15,22.18,55.75,160.16
synth,2,170,decode,18,18,79.05,22.75,57.1,161.11
synth,2,171,decode,17,17,81.37,38.54,58.09,180.16
synth,2,172,decode,16,16,79.99,36.24,56.35,174.8
synth,2,173,decode,16,16,78.93,20.48,56.17,157.71
synth,2,174,decode,16,16,78.65,20.22,55.36,156.2
synth,2,175,decode,16,16,78.15,20.39,55.39,155.74
synth,2,176,decode,16,16,78.67,20.55,55.72,156.75
synth,2,177,decode,16,16,78.21,20.19,55.83,156.07
synth,2,178,decode,16,16,76.83,20.38,55.46,154.52
synth,2,179,decode,16,16,78.11,20.8,58.68,159.41
synth,2,180,decode,15,15,78.54,30.62,57.07,168.26
synth,2,181,decode,15,15,78.81,19.45,55.56,155.82
synth,2,182,decode,15,15,78.05,19.21,54.83,154.02
synth,2,183,decode,15,15,78.11,19.1,54.47,153.53
synth,2,184,decode,15,15,78.18,19.62,53.78,153.43
synth,2,185,decode,15,15,78.06,19.44,55.51,154.89
synth,2,186,decode,15,15,77.57,19.1,66.72,165.35
synth,2,187,decode,15,15,79.26,19.18,54.78,155.16
synth,2,188,decode,15,15,78.43,19.37,55.9,155.58
synth,2,189,decode,15,15,77.09,19.16,55.48,153.49
synth,2,190,decode,15,15,75.96,19.12,55.53,152.52
synth,2,191,decode,15,15,76.62,19.01,55.17,152.73
synth,2,192,decode,15,15,77.53,19.36,55.97,154.9
synth,2,193,decode,14,14,77.12,29.34,57.56,165.93
synth,2,194,decode,14,14,85.93,18.79,58.53,165.45
synth,2,195,decode,14,14,79.64,18.36,54.6,154.44
synth,2,196,decode,14,14,76.72,18.48,55.11,152.33
synth,2,197,decode,14,14,77.34,18.8,54.55,152.57
synth,2,198,decode,14,14,76.82,18.47,54.58,151.93
synth,2,199,decode,13,13,76.58,27.36,55.75,161.71
synth,2,200,decode,13,13,76.44,17.6,54.57,150.71
synth,2,201,decode,13,13,76.64,17.58,54.94,151.06
synth,2,202,decode,13,13,76.62,17.49,54.41,150.46
synth,2,203,decode,13,13,77.35,17.62,56.34,153.23
synth,2,204,decode,13,13,76.07,17.48,53.1,148.69
synth,2,205,decode,13,13,75.99,17.31,53.72,148.92
synth,2,206,decode,13,13,75.91,17.62,54.04,149.48
synth,2,207,decode,12,12,75.13,26.23,55.17,158.36
synth,2,208,decode,11,11,76.82,25.86,55.57,160.28
synth,2,209,decode,11,11,76.98,15.95,55.39,150.3
synth,2,210,decode,11,11,76.16,15.61,54.66,148.44
synth,2,211,decode,11,11,75.05,25.0,55.41,157.21
synth,2,212,decode,11,11,75.56,15.39,54.01,146.92
synth,2,213,decode,10,10,74.45,24.38,55.64,156.22
synth,2,214,decode,10,10,75.65,14.87,53.06,145.53
synth,2,215,decode,10,10,75.2,14.84,52.68,144.55
synth,2,216,decode,10,10,74.85,15.06,53.4,145.11
synth,2,217,decode,10,10,75.13,14.87,53.11,144.84
synth,2,218,decode,10,10,75.43,14.52,53.22,144.82
synth,2,219,decode,10,10,74.41,14.73,53.41,144.29
synth,2,220,decode,9,9,74.39,23.83,54.43,154.45
synth,2,221,decode,9,9,75.22,14.25,55.66,147.08
synth,2,222,decode,9,9,74.13,14.04,53.19,143.15
synth,2,223,decode,9,9,74.32,13.74,53.55,143.33
synth,2,224,decode,8,8,73.34,22.08,53.95,151.09
synth,2,225,decode,8,8,73.74,12.77,52.82,141.24
synth,2,226,decode,7,7,74.27,21.13,55.05,152.34
synth,2,227,decode,6,6,73.05,19.23,54.07,148.31
synth,2,228,decode,6,6,73.58,11.23,52.56,139.46
synth,2,229,decode,5,5,72.51,18.49,54.1,146.97
synth,2,230,decode,5,5,73.56,10.12,52.82,138.5
synth,2,231,decode,5,5,72.39,10.28,52.17,136.57
synth,2,232,decode,4,4,72.98,17.96,53.4,146.21
synth,2,233,decode,4,4,72.76,9.19,51.11,134.88
synth,2,234,decode,4,4,72.38,9.07,51.42,134.65
synth,2,235,decode,4,4,71.05,8.83,51.04,132.68
synth,2,236,decode,4,4,71.61,8.98,52.31,134.58
synth,2,237,decode,4,4,70.93,8.83,50.95,132.37
synth,2,238,decode,4,4,71.36,8.99,51.32,133.39
synth,2,239,decode,4,4,70.88,8.76,51.32,132.69
synth,2,240,decode,3,3,70.87,16.86,51.42,140.82
synth,2,241,decode,3,3,71.73,8.3,51.41,133.32
synth,2,242,decode,3,3,71.49,8.17,51.07,132.43
synth,2,243,decode,3,3,71.2,8.08,51.0,132.01
synth,2,244,decode,3,3,71.6,7.86,50.48,131.71
synth,2,245,decode,3,3,70.73,8.05,51.06,131.73
synth,2,246,decode,3,3,71.4,8.06,52.72,133.9
synth,2,247,decode,3,3,70.77,7.97,51.49,131.81
synth,2,248,decode,3,3,70.52,7.89,51.26,131.28
synth,2,249,decode,3,3,70.57,7.68,51.09,131.1
synth,2,250,decode,3,3,69.83,7.86,51.15,130.43
synth,2,251,decode,3,3,69.95,7.81,51.07,130.6
synth,2,252,decode,2,2,70.19,15.62,52.78,140.17
synth,2,253,decode,2,2,70.84,6.81,50.52,129.96
synth,2,254,decode,1,1,69.6,20.22,51.8,143.31
synth,2,255,decode,1,1,69.86,5.98,50.23,127.93
synth,2,256,decode,1,1,69.16,5.89,50.06,126.7
synth,2,257,decode,1,1,69.93,5.78,49.55,126.9
synth,2,258,decode,1,1,68.91,5.85,49.15,125.46
synth,2,259,decode,1,1,68.48,5.83,49.99,126.01
synth,2,260,decode,1,1,69.27,5.74,49.73,126.43
synth,3,0,prefill,1,2048,590.12,91.5,182.72,867.71
synth,3,1,decode,1,1,91.59,15.04,70.32,180.91
synth,3,2,decode,1,1,80.67,7.15,56.26,146.27
synth,3,3,decode,1,1,74.32,6.18,53.44,135.97
synth,3,4,decode,1,1,72.53,6.18,51.39,131.91
synth,3,5,mixed,2,2048,434.91,80.96,154.38,673.37
synth,3,6,mixed,3,2048,431.06,85.06,126.0,646.78
synth,3,7,mixed,4,1030,425.48,84.71,111.9,627.23
synth,3,8,decode,4,4,86.18,15.38,62.33,167.31
synth,3,9,decode,4,4,79.84,9.72,58.21,150.09
synth,3,10,mixed,5,1028,427.62,83.22,107.17,622.43
synth,3,11,decode,5,5,90.13,17.51,69.44,181.18
synth,3,12,mixed,6,1029,419.49,85.95,108.17,617.79
synth,3,13,decode,6,6,85.39,17.64,64.05,170.72
synth,3,14,decode,6,6,89.06,12.19,60.58,164.28
synth,3,15,decode,6,6,77.71,11.97,55.36,147.09
synth,3,16,decode,6,6,74.83,11.57,53.8,142.03
synth,3,17,mixed,7,2048,420.84,87.62,118.99,630.68
synth,3,18,mixed,8,2048,424.23,90.04,123.23,642.66
synth,3,19,mixed,8,21,90.05,20.2,69.11,183.22
synth,3,20,mixed,9,1032,422.94,88.32,108.17,623.49
synth,3,21,decode,9,9,87.0,20.52,64.62,175.73
synth,3,22,decode,9,9,81.29,14.72,56.47,154.78
synth,3,23,mixed,10,1033,418.64,88.16,107.71,618.48
synth,3,24,decode,10,10,89.83,22.65,68.43,184.71
synth,3,25,decode,10,10,80.98,15.39,56.6,155.15
synth,3,26,decode,10,10,77.74,15.12,56.15,151.0
synth,3,27,decode,10,10,77.3,15.19,54.76,149.15
synth,3,28,decode,10,10,75.78,15.21,53.83,146.62
synth,3,29,decode,10,10,77.1,14.85,53.36,147.21
synth,3,30,decode,10,10,75.59,14.71,53.57,145.65
synth,3,31,mixed,11,2048,424.53,90.21,140.97,659.33
synth,3,32,mixed,11,21,89.89,22.74,66.23,182.85
synth,3,33,decode,11,11,80.49,16.5,56.6,155.88
synth,3,34,mixed,12,1035,422.95,90.36,108.6,625.56
synth,3,35,mixed,13,2048,423.28,111.24,126.65,666.58
synth,3,36,mixed,13,25,90.05,24.53,67.47,185.82
synth,3,37,decode,13,13,82.85,18.46,57.76,161.35
synth,3,38,decode,13,13,80.98,18.46,59.13,160.83
synth,3,39,mixed,14,1037,426.58,92.12,108.26,630.47
synth,3,40,decode,14,14,91.38,26.13,69.28,190.8
synth,3,41,decode,14,14,84.59,19.19,59.95,166.04
synth,3,42,decode,14,14,80.69,18.69,56.39,157.86
synth,3,43,mixed,15,1038,425.41,93.86,108.49,631.31
synth,3,44,mixed,16,2048,429.76,99.11,142.41,676.54
synth,3,45,mixed,16,31,94.51,28.63,69.46,196.47
synth,3,46,decode,16,16,84.24,21.85,58.67,166.98
synth,3,47,decode,16,16,82.47,21.15,58.11,163.73
synth,3,48,decode,16,16,80.65,20.81,56.97,160.4
synth,3,49,decode,16,16,79.13,20.33,55.33,156.91
synth,3,50,decode,16,16,78.65,20.16,69.82,170.53
synth,3,51,decode,16,16,79.12,21.18,57.16,159.56
synth,3,52,mixed,17,1040,426.07,96.58,109.11,635.41
synth,3,53,decode,17,17,90.71,29.04,67.02,190.76
synth,3,54,decode,17,17,84.12,21.92,58.97,167.43
synth,3,55,decode,17,17,82.22,21.84,56.67,162.85
synth,3,56,decode,17,17,82.31,21.98,59.93,166.37
synth,3,57,decode,17,17,80.18,21.56,55.74,159.67
synth,3,58,decode,17,17,79.24,21.29,55.51,157.97
synth,3,59,decode,17,17,79.47,21.24,56.48,159.19
synth,3,60,decode,17,17,79.06,21.29,55.74,158.05
synth,3,61,decode,17,17,78.11,21.32,55.58,156.92
synth,3,62,decode,17,17,77.93,21.23,55.98,157.03
synth,3,63,decode,17,17,80.73,21.28,60.94,165.21
synth,3,64,decode,17,17,80.36,21.3,55.86,159.36
synth,3,65,mixed,18,2048,430.85,99.16,124.34,658.24
synth,3,66,mixed,18,35,94.51,31.61,75.8,205.97
synth,3,67,decode,18,18,84.33,23.45,59.52,169.65
synth,3,68,decode,18,18,83.97,23.42,60.56,170.18
synth,3,69,decode,18,18,82.04,23.25,58.54,165.87
synth,3,70,decode,18,18,81.97,22.34,56.76,163.22
synth,3,71,mixed,19,2048,428.32,98.78,123.33,654.6
synth,3,72,mixed,19,37,93.3,32.56,68.3,198.27
synth,3,73,decode,19,19,85.77,25.71,59.9,173.96
synth,3,74,decode,19,19,84.22,25.38,58.32,170.37
synth,3,75,decode,19,19,80.73,25.07,57.05,165.01
synth,3,76,decode,19,19,80.57,24.24,56.79,163.7
synth,3,77,decode,19,19,80.45,24.45,56.01,162.95
synth,3,78,decode,19,19,80.22,24.55,56.26,162.98
synth,3,79,mixed,20,1043,446.35,100.44,107.8,658.53
synth,3,80,mixed,21,1044,431.7,105.37,110.17,653.08
synth,3,81,decode,21,21,92.57,33.94,68.64,199.1
synth,3,82,decode,21,21,97.98,28.16,61.93,190.79
synth,3,83,decode,21,21,83.95,26.54,58.35,171.0
synth,3,84,decode,21,21,82.02,26.26,57.54,167.95
synth,3,85,mixed,22,2048,427.82,102.49,126.28,660.97
synth,3,86,mixed,22,43,94.58,35.18,72.52,206.24
synth,3,87,decode,22,22,88.96,28.02,61.6,181.24
synth,3,88,decode,22,22,84.53,27.71,58.24,172.58
synth,3,89,decode,22,22,84.57,27.05,58.3,172.18
synth,3,90,decode,22,22,85.89,27.23,61.09,176.33
synth,3,91,decode,22,22,82.66,27.15,56.96,168.91
synth,3,92,mixed,23,2048,453.88,102.64,124.13,684.59
synth,3,93,mixed,23,45,95.09,36.03,72.45,208.01
synth,3,94,decode,23,23,87.69,29.02,59.65,178.79
synth,3,95,decode,23,23,84.19,28.26,58.63,173.32
synth,3,96,mixed,24,1047,434.13,103.47,135.71,677.15
synth,3,97,decode,24,24,95.57,36.73,70.71,207.07
synth,3,98,mixed,25,1048,430.35,104.65,111.65,650.93
synth,3,99,mixed,26,1049,453.14,108.0,113.42,679.99
synth,3,100,decode,26,26,97.33,38.19,70.13,209.97
synth,3,101,mixed,27,1050,430.89,106.24,110.08,651.21
synth,3,102,decode,27,27,98.8,41.63,75.62,220.47
synth,3,103,decode,27,27,89.62,32.21,62.26,186.64
synth,3,104,mixed,28,1051,430.17,108.32,109.47,651.85
synth,3,105,decode,28,28,95.91,40.6,70.64,211.22
synth,3,106,decode,28,28,91.34,33.53,64.84,192.44
synth,3,107,decode,28,28,86.43,32.7,59.96,181.39
synth,3,108,decode,28,28,87.12,33.15,69.18,191.59
synth,3,109,decode,28,28,88.04,32.77,61.24,184.52
synth,3,110,decode,28,28,86.85,32.51,59.48,181.22
synth,3,111,decode,28,28,87.03,32.6,63.09,185.07
synth,3,112,mixed,29,1052,437.98,109.05,110.97,662.35
synth,3,113,decode,29,29,97.28,41.65,70.48,213.3
synth,3,114,decode,29,29,90.31,34.36,60.68,187.94
synth,3,115,decode,29,29,88.01,34.23,62.38,186.99
synth,3,116,decode,29,29,87.01,34.19,59.31,182.97
synth,3,117,decode,29,29,86.65,33.65,62.21,184.68
synth,3,118,decode,29,29,85.01,33.78,59.3,180.36
synth,3,119,decode,29,29,85.44,33.48,59.55,180.61
synth,3,120,decode,29,29,86.06,34.2,61.44,183.87
synth,3,121,decode,29,29,84.41,33.07,58.79,178.49
synth,3,122,decode,29,29,84.46,33.19,58.08,177.91
synth,3,123,decode,29,29,85.0,33.68,58.36,179.18
synth,3,124,mixed,30,1053,437.07,110.44,125.63,677.42
synth,3,125,decode,30,30,98.16,42.95,74.46,219.83
synth,3,126,mixed,31,1054,433.75,110.28,112.63,661.39
synth,3,127,decode,31,31,109.2,44.6,75.3,233.27
synth,3,128,decode,30,30,89.96,54.32,63.12,210.19
synth,3,129,decode,30,30,89.31,34.86,59.45,186.07
synth,3,130,decode,30,30,88.57,34.81,63.25,189.15
synth,3,131,decode,30,30,87.03,34.94,59.08,183.03
synth,3,132,decode,30,30,88.29,34.98,62.87,188.45
synth,3,133,mixed,30,1053,438.66,114.14,111.42,668.16
synth,3,134,decode,29,29,98.55,60.71,74.9,238.28
synth,3,135,decode,28,28,90.24,50.56,61.76,205.26
synth,3,136,decode,28,28,88.32,33.18,62.6,186.51
synth,3,137,decode,28,28,86.58,32.64,58.89,180.3
synth,3,138,decode,27,27,85.26,49.44,59.22,195.99
synth,3,139,decode,27,27,85.44,31.86,58.56,178.04
synth,3,140,decode,26,26,83.97,48.18,57.99,192.23
synth,3,141,decode,26,26,85.3,30.85,59.91,178.15
synth,3,142,decode,26,26,83.66,30.84,57.96,174.68
synth,3,143,decode,26,26,83.04,30.8,58.34,174.23
synth,3,144,decode,26,26,84.54,30.56,58.76,176.04
synth,3,145,decode,25,25,82.07,48.86,58.66,191.62
synth,3,146,decode,24,24,83.69,45.67,57.67,189.01
synth,3,147,decode,24,24,83.28,29.04,58.47,173.05
synth,3,148,decode,23,23,81.53,44.62,57.99,186.29
synth,3,149,decode,23,23,82.62,27.91,58.03,170.79
synth,3,150,decode,23,23,81.39,27.65,56.64,167.9
synth,3,151,decode,22,22,81.0,43.98,57.17,184.25
synth,3,152,decode,22,22,81.64,27.13,56.83,167.77
synth,3,153,decode,22,22,82.01,26.88,57.85,168.81
synth,3,154,decode,22,22,80.5,26.83,57.02,166.4
synth,3,155,decode,22,22,80.07,26.9,56.67,165.9
synth,3,156,decode,22,22,85.08,28.66,59.58,176.24
synth,3,157,decode,22,22,81.51,26.89,57.55,168.02
synth,3,158,decode,22,22,80.46,26.72,56.87,166.18
synth,3,159,decode,21,21,83.29,44.85,61.92,192.14
synth,3,160,decode,21,21,82.19,26.16,57.5,167.86
synth,3,161,decode,21,21,81.41,26.08,58.36,168.13
synth,3,162,decode,20,20,80.64,42.18,57.48,182.19
synth,3,163,decode,19,19,79.59,40.45,56.5,178.7
synth,3,164,decode,19,19,79.94,24.48,56.62,163.02
synth,3,165,decode,19,19,78.21,24.4,55.87,160.51
synth,3,166,decode,19,19,79.36,24.85,58.27,164.62
synth,3,167,decode,18,18,78.6,38.73,57.25,176.51
synth,3,168,decode,18,18,79.85,22.7,56.07,160.53
synth,3,169,decode,18,18,79.05,22.08,55.4,158.45
synth,3,170,decode,18,18,78.06,22.22,55.98,158.2
synth,3,171,decode,17,17,77.02,37.44,58.27,174.78
synth,3,172,decode,16,16,77.82,36.5,56.86,173.21
synth,3,173,decode,16,16,78.33,20.28,56.25,156.98
synth,3,174,decode,16,16,78.2,20.49,55.03,155.6
synth,3,175,decode,16,16,77.36,20.2,54.45,153.8
synth,3,176,decode,16,16,76.38,20.27,54.56,152.97
synth,3,177,decode,16,16,77.25,20.22,55.39,154.6
synth,3,178,decode,16,16,77.2,20.21,54.99,154.21
synth,3,179,decode,16,16,77.3,20.39,55.53,154.84
synth,3,180,decode,15,15,77.21,43.3,58.35,180.66
synth,3,181,decode,15,15,78.29,19.52,54.81,154.49
synth,3,182,decode,15,15,76.48,19.27,54.62,152.07
synth,3,183,decode,15,15,76.86,19.06,54.57,152.22
synth,3,184,decode,15,15,76.99,19.11,54.11,152.0
synth,3,185,decode,15,15,76.13,19.3,53.9,151.15
synth,3,186,decode,15,15,77.06,19.23,55.0,153.07
synth,3,187,decode,15,15,77.23,19.05,55.66,153.76
synth,3,188,decode,15,15,87.14,19.0,54.94,162.86
synth,3,189,decode,15,15,77.32,18.86,55.09,153.1
synth,3,190,decode,15,15,76.45,18.92,55.02,152.16
synth,3,191,decode,15,15,75.67,19.05,54.02,150.57
synth,3,192,decode,15,15,76.66,18.93,54.25,151.72
synth,3,193,decode,14,14,77.27,29.21,61.07,169.47
synth,3,194,decode,14,14,77.32,18.49,54.92,152.73
synth,3,195,decode,14,14,74.74,17.96,54.57,149.19
synth,3,196,decode,14,14,88.89,19.08,58.57,168.56
synth,3,197,decode,14,14,77.74,18.02,54.09,151.71
synth,3,198,decode,14,14,75.34,18.06,54.7,149.87
synth,3,199,decode,13,13,75.49,27.49,56.63,161.52
synth,3,200,decode,13,13,76.51,17.6,54.16,150.38
synth,3,201,decode,13,13,76.0,17.37,53.7,148.95
synth,3,202,decode,13,13,75.41,17.15,54.55,148.88
synth,3,203,decode,13,13,74.76,17.33,53.83,147.77
synth,3,204,decode,13,13,74.76,17.29,54.53,148.3
synth,3,205,decode,13,13,76.99,18.05,54.15,151.06
synth,3,206,decode,13,13,74.92,17.27,54.21,148.13
synth,3,207,decode,12,12,74.64,26.72,55.05,158.28
synth,3,208,decode,11,11,75.21,25.25,55.41,157.66
synth,3,209,decode,11,11,75.09,15.32,53.24,145.55
synth,3,210,decode,11,11,75.92,15.42,55.0,148.32
synth,3,211,decode,11,11,74.52,15.21,53.44,144.93
synth,3,212,decode,11,11,74.19,15.46,53.32,144.7
synth,3,213,decode,10,10,73.82,23.98,55.5,155.2
synth,3,214,decode,10,10,75.18,14.84,54.84,146.73
synth,3,215,decode,10,10,74.25,14.42,53.13,143.6
synth,3,216,decode,10,10,74.9,14.92,53.39,144.96
synth,3,217,decode,10,10,74.4,14.61,53.03,143.76
synth,3,218,decode,10,10,73.45,14.47,52.96,142.57
synth,3,219,decode,10,10,73.71,14.45,53.05,142.95
synth,3,220,decode,9,9,73.55,24.09,54.16,153.5
synth,3,221,decode,9,9,73.69,13.46,52.79,141.81
synth,3,222,decode,9,9,73.29,13.91,52.55,141.59
synth,3,223,decode,9,9,73.5,13.66,52.96,141.93
synth,3,224,decode,8,8,75.4,21.72,55.63,154.54
synth,3,225,decode,8,8,73.62,12.9,52.67,141.0
synth,3,226,decode,7,7,72.89,20.38,54.61,149.67
synth,3,227,decode,6,6,72.98,19.54,53.85,148.37
synth,3,228,decode,6,6,72.9,10.85,52.51,138.03
synth,3,229,decode,5,5,71.64,18.85,53.3,145.61
synth,3,230,decode,5,5,72.67,10.07,52.02,136.53
synth,3,231,decode,5,5,90.66,10.3,53.65,156.52
synth,3,232,decode,4,4,72.83,17.37,52.55,144.64
synth,3,233,decode,4,4,72.63,8.91,51.99,135.49
synth,3,234,decode,4,4,72.19,8.83,50.9,133.56
synth,3,235,decode,4,4,71.45,8.64,51.16,132.98
synth,3,236,decode,4,4,71.82,8.89,52.53,134.89
synth,3,237,decode,4,4,70.29,8.74,51.83,132.61
synth,3,238,decode,4,4,70.82,8.56,51.29,132.32
synth,3,239,decode,4,4,71.42,8.8,53.14,135.08
synth,3,240,decode,3,3,71.16,16.35,52.21,141.37
synth,3,241,decode,3,3,70.04,8.01,51.67,131.47
synth,3,242,decode,3,3,70.56,7.88,50.88,130.97
synth,3,243,decode,3,3,70.79,7.79,50.93,131.15
synth,3,244,decode,3,3,71.36,7.99,53.8,134.94
synth,3,245,decode,3,3,69.98,7.75,52.07,131.44
synth,3,246,decode,3,3,70.3,7.93,51.06,130.88
synth,3,247,decode,3,3,70.04,7.97,51.67,131.39
synth,3,248,decode,3,3,70.58,7.6,50.89,130.69
synth,3,249,decode,3,3,69.46,7.64,50.71,129.47
synth,3,250,decode,3,3,72.13,8.05,53.79,135.55
synth,3,251,decode,3,3,69.94,7.93,51.24,130.95
synth,3,252,decode,2,2,70.69,15.06,51.3,138.6
synth,3,253,decode,2,2,70.68,7.12,51.07,130.55
synth,3,254,decode,1,1,69.12,20.68,51.54,143.03
synth,3,255,decode,1,1,69.57,5.89,50.38,127.53
synth,3,256,decode,1,1,69.05,5.94,49.34,125.92
synth,3,257,decode,1,1,68.08,5.62,50.11,125.45
synth,3,258,decode,1,1,69.37,5.64,49.69,126.37
synth,3,259,decode,1,1,68.43,5.74,50.07,125.95
synth,3,260,decode,1,1,68.14,5.68,49.96,125.2
synth,4,0,prefill,1,2048,577.07,93.41,187.05,860.13
synth,4,1,decode,1,1,90.72,13.46,69.93,177.94
synth,4,2,decode,1,1,80.6,6.74,54.23,143.87
synth,4,3,decode,1,1,74.77,6.46,53.02,136.25
synth,4,4,decode,1,1,72.97,5.92,51.7,132.38
synth,4,5,mixed,2,2048,451.73,81.62,129.03,666.16
synth,4,6,mixed,3,2048,440.03,86.03,126.77,658.55
synth,4,7,mixed,4,1030,434.16,86.71,112.27,638.45
synth,4,8,decode,4,4,86.56,15.91,63.66,169.62
synth,4,9,decode,4,4,79.17,9.91,72.69,164.09
synth,4,10,mixed,5,1028,425.38,84.4,109.62,623.22
synth,4,11,decode,5,5,86.66,17.26,61.84,169.58
synth,4,12,mixed,6,1029,424.07,85.74,109.26,623.04
synth,4,13,decode,6,6,87.82,18.29,64.4,174.09
synth,4,14,decode,6,6,79.41,12.37,55.53,149.7
synth,4,15,decode,6,6,78.16,11.97,55.47,147.6
synth,4,16,decode,6,6,75.24,11.31,54.19,142.68
synth,4,17,mixed,7,2048,418.16,85.97,122.13,629.64
synth,4,18,mixed,8,2048,421.8,91.94,122.7,641.39
synth,4,19,mixed,8,21,104.23,20.66,69.52,198.28
synth,4,20,mixed,9,1032,425.33,88.56,117.98,635.82
synth,4,21,decode,9,9,91.7,21.67,71.12,188.63
synth,4,22,decode,9,9,81.05,14.57,56.38,154.53
synth,4,23,mixed,10,1033,426.77,89.38,110.52,630.41
synth,4,24,decode,10,10,90.59,22.98,69.53,186.87
synth,4,25,decode,10,10,81.1,15.4,56.98,155.91
synth,4,26,decode,10,10,78.95,15.14,55.19,151.38
synth,4,27,decode,10,10,78.21,14.71,54.71,149.55
synth,4,28,decode,10,10,77.77,14.9,54.38,149.1
synth,4,29,decode,10,10,76.64,14.88,53.53,146.83
synth,4,30,decode,10,10,75.83,14.71,53.02,145.5
synth,4,31,mixed,11,2048,429.34,90.89,123.12,647.16
synth,4,32,mixed,11,21,92.7,23.51,69.38,189.73
synth,4,33,decode,11,11,82.62,16.28,57.73,158.81
synth,4,34,mixed,12,1035,429.28,92.29,109.38,634.9
synth,4,35,mixed,13,2048,423.87,96.56,139.89,666.02
synth,4,36,mixed,13,25,92.44,25.37,67.6,189.2
synth,4,37,decode,13,13,82.75,18.01,58.15,161.32
synth,4,38,decode,13,13,81.02,18.02,57.78,158.97
synth,4,39,mixed,14,1037,415.53,93.42,110.0,622.85
synth,4,40,decode,14,14,91.3,26.44,69.41,191.22
synth,4,41,decode,14,14,83.91,19.44,58.53,164.14
synth,4,42,decode,14,14,80.2,19.42,56.31,157.99
synth,4,43,mixed,15,1038,424.77,92.77,107.9,629.79
synth,4,44,mixed,16,2048,425.5,99.57,124.9,655.47
synth,4,45,mixed,16,31,116.73,31.21,78.34,231.96
synth,4,46,decode,16,16,87.83,21.68,60.27,172.18
synth,4,47,decode,16,16,83.15,21.82,58.07,165.06
synth,4,48,decode,16,16,80.87,21.15,56.87,160.79
synth,4,49,decode,16,16,80.77,20.48,58.05,161.19
synth,4,50,decode,16,16,79.64,20.91,58.25,160.76
synth,4,51,decode,16,16,79.83,20.78,59.16,161.73
synth,4,52,mixed,17,1040,423.92,95.82,110.26,634.03
synth,4,53,decode,17,17,92.76,28.88,68.69,194.12
synth,4,54,decode,17,17,86.13,22.11,59.85,170.69
synth,4,55,decode,17,17,82.33,21.72,57.73,163.88
synth,4,56,decode,17,17,81.51,21.81,58.49,163.92
synth,4,57,decode,17,17,81.92,21.61,56.79,162.41
synth,4,58,decode,17,17,82.5,21.62,57.55,163.87
synth,4,59,decode,17,17,80.8,21.6,56.68,161.09
synth,4,60,decode,17,17,80.76,21.79,56.85,161.39
synth,4,61,decode,17,17,79.3,21.84,56.28,159.39
synth,4,62,decode,17,17,80.86,21.92,57.21,162.07
synth,4,63,decode,17,17,80.27,21.74,58.18,162.18
synth,4,64,decode,17,17,79.28,21.45,55.85,158.66
synth,4,65,mixed,18,2048,427.99,97.98,124.81,654.93
synth,4,66,mixed,18,35,94.01,30.12,70.88,199.02
synth,4,67,decode,18,18,86.82,23.22,61.58,174.28
synth,4,68,decode,18,18,96.13,23.32,60.42,182.2
synth,4,69,decode,18,18,83.08,23.18,57.77,166.13
synth,4,70,decode,18,18,82.2,22.47,57.45,164.34
synth,4,71,mixed,19,2048,425.03,99.5,122.9,651.4
synth,4,72,mixed,19,37,94.89,32.69,71.18,202.76
synth,4,73,decode,19,19,88.38,25.88,62.45,179.14
synth,4,74,decode,19,19,84.06,24.71,58.28,169.4
synth,4,75,decode,19,19,84.22,24.53,62.94,174.06
synth,4,76,decode,19,19,81.52,24.64,56.96,165.56
synth,4,77,decode,19,19,80.87,23.79,56.46,163.12
synth,4,78,decode,19,19,81.23,23.91,55.91,163.3
synth,4,79,mixed,20,1043,450.08,100.43,112.37,667.18
synth,4,80,mixed,21,1044,430.11,104.73,112.98,653.71
synth,4,81,decode,21,21,96.07,34.65,72.32,207.34
synth,4,82,decode,21,21,88.79,27.33,69.69,188.32
synth,4,83,decode,21,21,85.52,27.38,59.45,174.71
synth,4,84,decode,21,21,84.85,26.88,58.4,172.24
synth,4,85,mixed,22,2048,427.56,102.56,124.47,658.11
synth,4,86,mixed,22,43,96.69,35.59,74.39,210.96
synth,4,87,decode,22,22,88.82,28.54,62.59,182.48
synth,4,88,decode,22,22,85.98,27.37,57.72,173.28
synth,4,89,decode,22,22,82.12,27.46,58.85,170.63
synth,4,90,decode,22,22,83.29,27.17,56.8,169.44
synth,4,91,decode,22,22,82.1,27.25,56.57,168.03
synth,4,92,mixed,23,2048,427.3,123.25,124.37,678.88
synth,4,93,mixed,23,45,96.73,35.86,70.58,207.08
synth,4,94,decode,23,23,88.3,28.77,59.63,179.09
synth,4,95,decode,23,23,86.83,28.6,59.81,177.66
synth,4,96,mixed,24,1047,426.64,104.01,110.55,645.68
synth,4,97,decode,24,24,104.2,38.52,78.1,225.09
synth,4,98,mixed,25,1048,427.83,105.01,115.42,652.93
synth,4,99,mixed,26,1049,450.78,110.14,117.7,684.56
synth,4,100,decode,26,26,98.5,37.79,71.87,212.3
synth,4,101,mixed,27,1050,428.74,108.32,114.78,656.58
synth,4,102,decode,27,27,98.2,40.17,73.94,216.55
synth,4,103,decode,27,27,90.48,32.8,61.53,187.79
synth,4,104,mixed,28,1051,428.37,109.73,113.96,656.71
synth,4,105,decode,28,28,97.69,41.98,73.33,217.14
synth,4,106,decode,28,28,90.71,33.96,64.38,191.82
synth,4,107,decode,28,28,88.01,33.42,60.97,184.6
synth,4,108,decode,28,28,87.84,32.93,59.33,182.43
synth,4,109,decode,28,28,85.65,32.13,60.16,180.35
synth,4,110,decode,28,28,85.9,32.44,59.96,180.51
synth,4,111,decode,28,28,86.41,33.27,59.78,181.57
synth,4,112,mixed,29,1052,438.39,109.01,115.87,667.24
synth,4,113,decode,29,29,97.55,41.53,73.65,217.22
synth,4,114,decode,29,29,90.63,34.6,62.54,190.38
synth,4,115,decode,29,29,88.89,33.55,62.82,187.77
synth,4,116,decode,29,29,96.06,34.26,63.26,195.93
synth,4,117,decode,29,29,87.91,33.46,60.24,184.07
synth,4,118,decode,29,29,84.81,33.41,59.77,180.14
synth,4,119,decode,29,29,85.61,33.73,59.36,180.75
synth,4,120,decode,29,29,87.36,34.7,62.77,187.23
synth,4,121,decode,29,29,86.25,33.78,59.45,181.67
synth,4,122,decode,29,29,86.12,33.68,60.94,183.03
synth,4,123,decode,29,29,86.15,33.59,58.96,180.99
synth,4,124,mixed,30,1053,433.87,110.38,123.8,672.23
synth,4,125,decode,30,30,97.89,43.55,75.34,220.79
synth,4,126,mixed,31,1054,432.81,111.49,114.48,663.16
synth,4,127,decode,31,31,100.82,45.35,76.1,226.45
synth,4,128,decode,30,30,91.7,53.69,62.77,210.76
synth,4,129,decode,30,30,90.75,35.2,60.26,188.57
synth,4,130,decode,30,30,88.15,35.31,60.39,186.17
synth,4,131,decode,30,30,88.25,34.74,60.27,185.54
synth,4,132,decode,30,30,89.26,34.49,61.28,187.36
synth,4,133,mixed,30,1053,433.6,115.3,113.12,666.04
synth,4,134,decode,29,29,98.24,60.11,72.98,235.7
synth,4,135,decode,28,28,91.88,50.88,62.41,208.04
synth,4,136,decode,28,28,89.07,33.68,62.75,187.82
synth,4,137,decode,28,28,97.58,33.9,63.42,197.29
synth,4,138,decode,27,27,86.65,50.91,61.72,201.5
synth,4,139,decode,27,27,85.74,32.47,58.88,179.46
synth,4,140,decode,26,26,85.93,49.05,61.25,198.61
synth,4,141,decode,26,26,86.79,31.53,62.56,183.29
synth,4,142,decode,26,26,84.67,30.66,58.51,176.09
synth,4,143,decode,26,26,84.51,30.6,58.55,175.73
synth,4,144,decode,26,26,84.22,31.09,58.15,175.76
synth,4,145,decode,25,25,85.17,48.96,61.16,197.32
synth,4,146,decode,24,24,83.24,46.23,69.26,200.84
synth,4,147,decode,24,24,84.74,29.12,58.37,174.52
synth,4,148,decode,23,23,82.4,45.24,58.79,188.57
synth,4,149,decode,23,23,83.18,27.32,56.91,169.72
synth,4,150,decode,23,23,82.57,27.36,56.97,169.11
synth,4,151,decode,22,22,82.28,44.27,58.53,187.13
synth,4,152,decode,22,22,97.6,27.55,59.78,187.34
synth,4,153,decode,22,22,83.13,27.08,57.68,170.11
synth,4,154,decode,22,22,83.0,27.22,57.87,170.22
synth,4,155,decode,22,22,82.06,27.01,57.0,168.1
synth,4,156,decode,22,22,81.1,26.6,57.01,166.63
synth,4,157,decode,22,22,80.87,26.48,55.67,165.18
synth,4,158,decode,22,22,81.51,27.42,56.83,167.7
synth,4,159,decode,21,21,81.38,44.17,59.39,187.1
synth,4,160,decode,21,21,81.1,26.51,57.88,167.52
synth,4,161,decode,21,21,80.98,26.06,58.04,167.2
synth,4,162,decode,20,20,81.26,42.65,58.15,184.08
synth,4,163,decode,19,19,81.61,41.08,57.83,182.62
synth,4,164,decode,19,19,79.89,24.65,57.21,163.86
synth,4,165,decode,19,19,82.41,24.82,58.79,168.17
synth,4,166,decode,19,19,81.04,24.92,57.25,165.4
synth,4,167,decode,18,18,90.79,41.51,63.84,198.31
synth,4,168,decode,18,18,81.91,22.91,57.51,164.6
synth,4,169,decode,18,18,81.46,22.81,57.69,164.09
synth,4,170,decode,18,18,79.87,22.53,58.17,162.73
synth,4,171,decode,17,17,79.36,37.78,57.88,177.02
synth,4,172,decode,16,16,82.28,37.78,61.38,183.48
synth,4,173,decode,16,16,80.15,20.62,56.02,158.87
synth,4,174,decode,16,16,79.42,20.23,56.15,157.73
synth,4,175,decode,16,16,77.63,20.28,55.66,155.52
synth,4,176,decode,16,16,77.97,20.25,55.51,155.72
synth,4,177,decode,16,16,77.81,20.46,56.21,156.45
synth,4,178,decode,16,16,77.7,20.41,55.12,155.2
synth,4,179,decode,16,16,96.04,20.6,58.02,176.58
synth,4,180,decode,15,15,79.95,31.07,58.94,171.94
synth,4,181,decode,15,15,78.64,19.35,55.14,155.24
synth,4,182,decode,15,15,77.81,19.19,54.86,153.85
synth,4,183,decode,15,15,79.2,19.57,57.04,157.74
synth,4,184,decode,15,15,77.76,19.29,55.1,154.09
synth,4,185,decode,15,15,77.38,18.95,54.25,152.49
synth,4,186,decode,15,15,77.87,19.35,56.36,155.42
synth,4,187,decode,15,15,78.91,19.23,57.86,157.91
synth,4,188,decode,15,15,77.3,19.33,55.97,154.49
synth,4,189,decode,15,15,76.06,19.51,55.09,152.61
synth,4,190,decode,15,15,77.67,19.28,55.68,154.58
synth,4,191,decode,15,15,77.15,19.32,57.17,155.57
synth,4,192,decode,15,15,78.16,19.21,55.78,155.03
synth,4,193,decode,14,14,77.42,29.77,58.1,167.26
synth,4,194,decode,14,14,77.67,18.79,54.51,152.97
synth,4,195,decode,14,14,77.72,18.77,58.3,156.75
synth,4,196,decode,14,14,77.95,18.21,56.15,154.63
synth,4,197,decode,14,14,77.6,18.49,55.83,153.88
synth,4,198,decode,14,14,76.96,18.58,55.65,153.02
synth,4,199,decode,13,13,76.99,28.47,57.93,165.25
synth,4,200,decode,13,13,78.59,17.64,54.89,153.06
synth,4,201,decode,13,13,77.17,17.59,55.86,152.44
synth,4,202,decode,13,13,77.1,17.66,55.3,151.88
synth,4,203,decode,13,13,85.63,17.91,55.56,161.05
synth,4,204,decode,13,13,77.14,17.35,54.08,150.52
synth,4,205,decode,13,13,76.27,17.75,53.94,149.75
synth,4,206,decode,13,13,85.39,18.24,59.28,164.81
synth,4,207,decode,12,12,77.43,27.79,58.73,165.82
synth,4,208,decode,11,11,77.52,25.92,56.27,161.76
synth,4,209,decode,11,11,76.78,15.79,54.53,149.03
synth,4,210,decode,11,11,75.92,16.2,54.15,148.14
synth,4,211,decode,11,11,76.19,16.01,54.31,148.41
synth,4,212,decode,11,11,77.06,15.68,59.6,154.3
synth,4,213,decode,10,10,76.35,25.18,57.52,160.89
synth,4,214,decode,10,10,77.1,15.05,55.27,149.4
synth,4,215,decode,10,10,75.61,15.29,53.67,146.35
synth,4,216,decode,10,10,75.52,15.02,53.65,145.99
synth,4,217,decode,10,10,75.26,14.78,53.67,145.54
synth,4,218,decode,10,10,78.14,14.86,55.89,150.64
synth,4,219,decode,10,10,75.43,14.66,55.27,147.25
synth,4,220,decode,9,9,74.65,23.9,55.68,156.03
synth,4,221,decode,9,9,75.35,30.42,54.98,162.59
synth,4,222,decode,9,9,75.43,13.75,54.07,145.14
synth,4,223,decode,9,9,75.36,14.06,53.1,144.34
synth,4,224,decode,8,8,74.61,22.61,54.47,153.42
synth,4,225,decode,8,8,74.52,13.21,54.19,143.97
synth,4,226,decode,7,7,74.84,21.87,56.31,154.82
synth,4,227,decode,6,6,74.17,19.74,54.69,150.62
synth,4,228,decode,6,6,73.63,11.34,52.49,139.4
synth,4,229,decode,5,5,74.25,19.5,54.46,150.09
synth,4,230,decode,5,5,74.36,9.99,52.28,138.65
synth,4,231,decode,5,5,72.92,10.04,52.3,137.06
synth,4,232,decode,4,4,72.65,31.29,53.97,159.74
synth,4,233,decode,4,4,74.23,9.0,52.62,137.8
synth,4,234,decode,4,4,74.4,8.93,52.08,137.09
synth,4,235,decode,4,4,71.65,8.62,51.35,133.23
synth,4,236,decode,4,4,71.72,8.77,51.32,133.56
synth,4,237,decode,4,4,71.75,8.99,52.11,134.49
synth,4,238,decode,4,4,72.61,8.57,51.42,134.28
synth,4,239,decode,4,4,71.25,8.86,52.43,134.2
synth,4,240,decode,3,3,70.16,17.28,54.35,143.49
synth,4,241,decode,3,3,72.16,7.92,51.07,132.97
synth,4,242,decode,3,3,70.95,8.12,50.44,131.27
synth,4,243,decode,3,3,71.74,7.87,51.14,132.46
synth,4,244,decode,3,3,72.68,8.17,53.24,135.84
synth,4,245,decode,3,3,72.12,8.03,51.19,133.14
synth,4,246,decode,3,3,72.84,7.86,52.57,135.02
synth,4,247,decode,3,3,71.61,7.81,51.86,132.97
synth,4,248,decode,3,3,70.33,7.89,51.13,131.06
synth,4,249,decode,3,3,74.81,8.01,51.39,136.09
synth,4,250,decode,3,3,71.89,7.68,50.72,132.0
synth,4,251,decode,3,3,72.43,8.06,51.51,133.73
synth,4,252,decode,2,2,71.54,16.39,52.93,142.54
synth,4,253,decode,2,2,71.46,6.86,50.23,130.2
synth,4,254,decode,1,1,70.32,21.41,53.17,146.62
synth,4,255,decode,1,1,71.15,5.76,50.16,128.69
synth,4,256,decode,1,1,70.3,5.71,50.27,127.83
synth,4,257,decode,1,1,70.98,5.96,49.58,128.09
synth,4,258,decode,1,1,69.17,5.82,49.91,126.59
synth,4,259,decode,1,1,69.54,5.69,50.28,127.07
synth,4,260,decode,1,1,69.17,5.75,49.71,126.16
