step,phase,scope,self_us,incl_us,max_us,n_calls,wall_us,num_reqs,total_tokens,tid,pid
1,prefill,pi: update_states,748.150,748.150,748.150,1,3569338.200,1,99,131,131
1,prefill,pi: tokens_list,1.440,1.440,1.440,1,3569338.200,1,99,131,131
1,prefill,pi: phase_classify,167.250,167.250,167.250,1,3569338.200,1,99,131,131
1,prefill,pi: in.block_table_commit,126.320,126.320,126.320,1,3569338.200,1,99,131,131
1,prefill,pi: in.req_indices,12.620,12.620,12.620,1,3569338.200,1,99,131,131
1,prefill,pi: in.attn_state,34.260,34.260,34.260,1,3569338.200,1,99,131,131
1,prefill,pi: in.positions,51.480,51.480,51.480,1,3569338.200,1,99,131,131
1,prefill,pi: in.prev_positions,6.720,6.720,6.720,1,3569338.200,1,99,131,131
1,prefill,pi: in.token_indices_select,90.090,90.090,90.090,1,3569338.200,1,99,131,131
1,prefill,pi: in.query_start_loc,51.690,51.690,51.690,1,3569338.200,1,99,131,131
1,prefill,pi: in.optimistic_seq_lens,221.000,221.000,221.000,1,3569338.200,1,99,131,131
1,prefill,pi: in.prepare_input_ids,25.390,25.390,25.390,1,3569338.200,1,99,131,131
1,prefill,pi: in.mrope_positions,77.250,77.250,77.250,1,3569338.200,1,99,131,131
1,prefill,pi: in.discard_mask,92.100,92.100,92.100,1,3569338.200,1,99,131,131
1,prefill,pi: in.num_accepted_tokens,44.220,44.220,44.220,1,3569338.200,1,99,131,131
1,prefill,pi: in.num_computed_tokens,20.790,20.790,20.790,1,3569338.200,1,99,131,131
1,prefill,pi: in.tokens_to_gpu,87.600,87.600,87.600,1,3569338.200,1,99,131,131
1,prefill,pi: in.positions_assembly,834.810,834.810,834.810,1,3569338.200,1,99,131,131
1,prefill,pi: in.seq_lens,965.630,965.630,965.630,1,3569338.200,1,99,131,131
1,prefill,pi: in.slot_mapping,3550912.810,3550912.810,3550912.810,1,3569338.200,1,99,131,131
1,prefill,pi: in.mrope_drift,2.050,2.050,2.050,1,3569338.200,1,99,131,131
1,prefill,pi: in.logits_indices,299.310,299.310,294.670,2,3569338.200,1,99,131,131
1,prefill,pi: prepare_inputs,188.460,3554144.600,3554144.600,1,3569338.200,1,99,131,131
1,prefill,pi: cascade_attn_prefix_lens,38.810,38.810,38.810,1,3569338.200,1,99,131,131
1,prefill,pi: batch_exec_and_padding,119.500,119.500,119.500,1,3569338.200,1,99,131,131
1,prefill,pi: ubatch_slices,4.280,4.280,4.280,1,3569338.200,1,99,131,131
1,prefill,pi: am.max_seq_len,50.840,50.840,50.840,1,3569338.200,1,99,131,131
1,prefill,pi: am.cm_base_pre,185.280,185.280,185.280,1,3569338.200,1,99,131,131
1,prefill,pi: am.build.split_decodes,51.270,51.270,51.270,1,3569338.200,1,99,131,131
1,prefill,pi: am.build.seq_lens_select,8.700,8.700,8.700,1,3569338.200,1,99,131,131
1,prefill,pi: am.build.attn_mask,2.220,2.220,2.220,1,3569338.200,1,99,131,131
1,prefill,pi: am.build.qsl_h2d,77.420,77.420,77.420,1,3569338.200,1,99,131,131
1,prefill,pi: am.build.tolist,16.040,16.040,16.040,1,3569338.200,1,99,131,131
1,prefill,pi: am.build.fia_pad,3.450,3.450,3.450,1,3569338.200,1,99,131,131
1,prefill,pi: am.build.backend_metadata,16.630,16.630,16.630,1,3569338.200,1,99,131,131
1,prefill,pi: am.build.metadata_ctor,10.360,10.360,10.360,1,3569338.200,1,99,131,131
1,prefill,pi: am.builder_build@AscendAttentionMetadataBuilder,44.530,230.620,230.620,1,3569338.200,1,99,131,131
1,prefill,pi: am.builder_build,23.020,5413.620,2249.540,4,3569338.200,1,99,131,131
1,prefill,pi: am.layer_assign,9.540,9.540,3.070,4,3569338.200,1,99,131,131
1,prefill,pi: am.group_loop,113.950,5537.110,2278.390,4,3569338.200,1,99,131,131
1,prefill,pi: am.builder_build@AscendGDNAttentionMetadataBuilder,5159.980,5159.980,2243.510,3,3569338.200,1,99,131,131
1,prefill,pi: build_attention_metadata,368.450,6141.680,6141.680,1,3569338.200,1,99,131,131
1,prefill,pi: sanitize_placeholder_ids,2.290,2.290,2.290,1,3569338.200,1,99,131,131
1,prefill,pi: sync_input_prep,196.010,3561564.010,3561564.010,1,3569338.200,1,99,131,131
1,prefill,pi: TOTAL,3569338.200,3569338.200,3569338.200,1,3569338.200,1,99,131,131
2,decode,pi: update_states,217.240,217.240,217.240,1,4138.170,1,1,131,131
2,decode,pi: tokens_list,1.240,1.240,1.240,1,4138.170,1,1,131,131
2,decode,pi: phase_classify,122.970,122.970,122.970,1,4138.170,1,1,131,131
2,decode,pi: in.block_table_commit,94.740,94.740,94.740,1,4138.170,1,1,131,131
2,decode,pi: in.req_indices,12.440,12.440,12.440,1,4138.170,1,1,131,131
2,decode,pi: in.attn_state,38.290,38.290,38.290,1,4138.170,1,1,131,131
2,decode,pi: in.positions,42.260,42.260,42.260,1,4138.170,1,1,131,131
2,decode,pi: in.prev_positions,38.210,38.210,38.210,1,4138.170,1,1,131,131
2,decode,pi: in.token_indices_select,48.930,48.930,48.930,1,4138.170,1,1,131,131
2,decode,pi: in.query_start_loc,46.850,46.850,46.850,1,4138.170,1,1,131,131
2,decode,pi: in.optimistic_seq_lens,72.660,72.660,72.660,1,4138.170,1,1,131,131
2,decode,pi: in.prepare_input_ids,86.640,86.640,86.640,1,4138.170,1,1,131,131
2,decode,pi: in.mrope_positions,54.830,54.830,54.830,1,4138.170,1,1,131,131
2,decode,pi: in.discard_mask,82.380,82.380,82.380,1,4138.170,1,1,131,131
2,decode,pi: in.num_accepted_tokens,15.590,15.590,15.590,1,4138.170,1,1,131,131
2,decode,pi: in.num_computed_tokens,19.390,19.390,19.390,1,4138.170,1,1,131,131
2,decode,pi: in.tokens_to_gpu,83.770,83.770,83.770,1,4138.170,1,1,131,131
2,decode,pi: in.positions_assembly,211.350,211.350,211.350,1,4138.170,1,1,131,131
2,decode,pi: in.seq_lens,76.660,76.660,76.660,1,4138.170,1,1,131,131
2,decode,pi: in.slot_mapping,156.100,156.100,156.100,1,4138.170,1,1,131,131
2,decode,pi: in.mrope_drift,1.010,1.010,1.010,1,4138.170,1,1,131,131
2,decode,pi: in.logits_indices,46.610,46.610,43.320,2,4138.170,1,1,131,131
2,decode,pi: prepare_inputs,129.110,1357.820,1357.820,1,4138.170,1,1,131,131
2,decode,pi: cascade_attn_prefix_lens,16.490,16.490,16.490,1,4138.170,1,1,131,131
2,decode,pi: batch_exec_and_padding,75.730,75.730,75.730,1,4138.170,1,1,131,131
2,decode,pi: ubatch_slices,3.370,3.370,3.370,1,4138.170,1,1,131,131
2,decode,pi: pad_query_start_loc,31.810,31.810,31.810,1,4138.170,1,1,131,131
2,decode,pi: am.max_seq_len,20.330,20.330,20.330,1,4138.170,1,1,131,131
2,decode,pi: am.cm_base_pre,102.590,102.590,102.590,1,4138.170,1,1,131,131
2,decode,pi: am.build.split_decodes,12.790,12.790,12.790,1,4138.170,1,1,131,131
2,decode,pi: am.build.seq_lens_select,8.900,8.900,8.900,1,4138.170,1,1,131,131
2,decode,pi: am.build.attn_mask,1.920,1.920,1.920,1,4138.170,1,1,131,131
2,decode,pi: am.build.qsl_h2d,56.130,56.130,56.130,1,4138.170,1,1,131,131
2,decode,pi: am.build.tolist,12.420,12.420,12.420,1,4138.170,1,1,131,131
2,decode,pi: am.build.fia_pad,2.070,2.070,2.070,1,4138.170,1,1,131,131
2,decode,pi: am.build.backend_metadata,19.300,19.300,19.300,1,4138.170,1,1,131,131
2,decode,pi: am.build.metadata_ctor,7.650,7.650,7.650,1,4138.170,1,1,131,131
2,decode,pi: am.builder_build@AscendAttentionMetadataBuilder,39.020,160.200,160.200,1,4138.170,1,1,131,131
2,decode,pi: am.builder_build,19.180,1245.930,421.390,4,4138.170,1,1,131,131
2,decode,pi: am.layer_assign,7.360,7.360,2.050,4,4138.170,1,1,131,131
2,decode,pi: am.group_loop,97.310,1350.600,446.220,4,4138.170,1,1,131,131
2,decode,pi: am.builder_build@AscendGDNAttentionMetadataBuilder,1066.550,1066.550,416.320,3,4138.170,1,1,131,131
2,decode,pi: build_attention_metadata,303.420,1776.940,1776.940,1,4138.170,1,1,131,131
2,decode,pi: sanitize_placeholder_ids,1.960,1.960,1.960,1,4138.170,1,1,131,131
2,decode,pi: sync_input_prep,125.280,3730.850,3730.850,1,4138.170,1,1,131,131
2,decode,pi: TOTAL,4138.170,4138.170,4138.170,1,4138.170,1,1,131,131
3,decode,pi: update_states,143.660,143.660,143.660,1,3372.120,1,1,131,131
3,decode,pi: tokens_list,1.060,1.060,1.060,1,3372.120,1,1,131,131
3,decode,pi: phase_classify,69.340,69.340,69.340,1,3372.120,1,1,131,131
3,decode,pi: in.block_table_commit,102.230,102.230,102.230,1,3372.120,1,1,131,131
3,decode,pi: in.req_indices,10.580,10.580,10.580,1,3372.120,1,1,131,131
3,decode,pi: in.attn_state,30.710,30.710,30.710,1,3372.120,1,1,131,131
3,decode,pi: in.positions,29.410,29.410,29.410,1,3372.120,1,1,131,131
3,decode,pi: in.prev_positions,32.450,32.450,32.450,1,3372.120,1,1,131,131
3,decode,pi: in.token_indices_select,29.820,29.820,29.820,1,3372.120,1,1,131,131
3,decode,pi: in.query_start_loc,25.080,25.080,25.080,1,3372.120,1,1,131,131
3,decode,pi: in.optimistic_seq_lens,54.990,54.990,54.990,1,3372.120,1,1,131,131
3,decode,pi: in.prepare_input_ids,74.470,74.470,74.470,1,3372.120,1,1,131,131
3,decode,pi: in.mrope_positions,52.210,52.210,52.210,1,3372.120,1,1,131,131
3,decode,pi: in.discard_mask,63.390,63.390,63.390,1,3372.120,1,1,131,131
3,decode,pi: in.num_accepted_tokens,14.630,14.630,14.630,1,3372.120,1,1,131,131
3,decode,pi: in.num_computed_tokens,17.680,17.680,17.680,1,3372.120,1,1,131,131
3,decode,pi: in.tokens_to_gpu,59.310,59.310,59.310,1,3372.120,1,1,131,131
3,decode,pi: in.positions_assembly,132.750,132.750,132.750,1,3372.120,1,1,131,131
3,decode,pi: in.seq_lens,54.620,54.620,54.620,1,3372.120,1,1,131,131
3,decode,pi: in.slot_mapping,140.910,140.910,140.910,1,3372.120,1,1,131,131
3,decode,pi: in.mrope_drift,0.690,0.690,0.690,1,3372.120,1,1,131,131
3,decode,pi: in.logits_indices,47.680,47.680,44.880,2,3372.120,1,1,131,131
3,decode,pi: prepare_inputs,103.760,1077.370,1077.370,1,3372.120,1,1,131,131
3,decode,pi: cascade_attn_prefix_lens,10.370,10.370,10.370,1,3372.120,1,1,131,131
3,decode,pi: batch_exec_and_padding,58.080,58.080,58.080,1,3372.120,1,1,131,131
3,decode,pi: ubatch_slices,1.670,1.670,1.670,1,3372.120,1,1,131,131
3,decode,pi: pad_query_start_loc,31.200,31.200,31.200,1,3372.120,1,1,131,131
3,decode,pi: am.max_seq_len,21.850,21.850,21.850,1,3372.120,1,1,131,131
3,decode,pi: am.cm_base_pre,81.620,81.620,81.620,1,3372.120,1,1,131,131
3,decode,pi: am.build.split_decodes,10.190,10.190,10.190,1,3372.120,1,1,131,131
3,decode,pi: am.build.seq_lens_select,8.510,8.510,8.510,1,3372.120,1,1,131,131
3,decode,pi: am.build.attn_mask,1.470,1.470,1.470,1,3372.120,1,1,131,131
3,decode,pi: am.build.qsl_h2d,37.900,37.900,37.900,1,3372.120,1,1,131,131
3,decode,pi: am.build.tolist,11.070,11.070,11.070,1,3372.120,1,1,131,131
3,decode,pi: am.build.fia_pad,2.250,2.250,2.250,1,3372.120,1,1,131,131
3,decode,pi: am.build.backend_metadata,16.640,16.640,16.640,1,3372.120,1,1,131,131
3,decode,pi: am.build.metadata_ctor,8.280,8.280,8.280,1,3372.120,1,1,131,131
3,decode,pi: am.builder_build@AscendAttentionMetadataBuilder,37.800,134.110,134.110,1,3372.120,1,1,131,131
3,decode,pi: am.builder_build,20.180,1076.920,347.030,4,3372.120,1,1,131,131
3,decode,pi: am.layer_assign,7.350,7.350,2.170,4,3372.120,1,1,131,131
3,decode,pi: am.group_loop,86.550,1170.820,370.920,4,3372.120,1,1,131,131
3,decode,pi: am.builder_build@AscendGDNAttentionMetadataBuilder,922.630,922.630,341.820,3,3372.120,1,1,131,131
3,decode,pi: build_attention_metadata,304.770,1579.060,1579.060,1,3372.120,1,1,131,131
3,decode,pi: sanitize_placeholder_ids,1.450,1.450,1.450,1,3372.120,1,1,131,131
3,decode,pi: sync_input_prep,196.360,3169.620,3169.620,1,3372.120,1,1,131,131
3,decode,pi: TOTAL,3372.120,3372.120,3372.120,1,3372.120,1,1,131,131
4,decode,pi: update_states,121.920,121.920,121.920,1,3215.360,1,1,131,131
4,decode,pi: tokens_list,1.130,1.130,1.130,1,3215.360,1,1,131,131
4,decode,pi: phase_classify,54.690,54.690,54.690,1,3215.360,1,1,131,131
4,decode,pi: in.block_table_commit,81.660,81.660,81.660,1,3215.360,1,1,131,131
4,decode,pi: in.req_indices,9.460,9.460,9.460,1,3215.360,1,1,131,131
4,decode,pi: in.attn_state,28.040,28.040,28.040,1,3215.360,1,1,131,131
4,decode,pi: in.positions,26.920,26.920,26.920,1,3215.360,1,1,131,131
4,decode,pi: in.prev_positions,30.770,30.770,30.770,1,3215.360,1,1,131,131
4,decode,pi: in.token_indices_select,29.210,29.210,29.210,1,3215.360,1,1,131,131
4,decode,pi: in.query_start_loc,42.380,42.380,42.380,1,3215.360,1,1,131,131
4,decode,pi: in.optimistic_seq_lens,52.320,52.320,52.320,1,3215.360,1,1,131,131
4,decode,pi: in.prepare_input_ids,66.250,66.250,66.250,1,3215.360,1,1,131,131
4,decode,pi: in.mrope_positions,42.010,42.010,42.010,1,3215.360,1,1,131,131
4,decode,pi: in.discard_mask,58.840,58.840,58.840,1,3215.360,1,1,131,131
4,decode,pi: in.num_accepted_tokens,13.600,13.600,13.600,1,3215.360,1,1,131,131
4,decode,pi: in.num_computed_tokens,17.930,17.930,17.930,1,3215.360,1,1,131,131
4,decode,pi: in.tokens_to_gpu,72.930,72.930,72.930,1,3215.360,1,1,131,131
4,decode,pi: in.positions_assembly,109.190,109.190,109.190,1,3215.360,1,1,131,131
4,decode,pi: in.seq_lens,70.720,70.720,70.720,1,3215.360,1,1,131,131
4,decode,pi: in.slot_mapping,134.130,134.130,134.130,1,3215.360,1,1,131,131
4,decode,pi: in.mrope_drift,0.590,0.590,0.590,1,3215.360,1,1,131,131
4,decode,pi: in.logits_indices,40.130,40.130,37.590,2,3215.360,1,1,131,131
4,decode,pi: prepare_inputs,97.310,1024.390,1024.390,1,3215.360,1,1,131,131
4,decode,pi: cascade_attn_prefix_lens,10.670,10.670,10.670,1,3215.360,1,1,131,131
4,decode,pi: batch_exec_and_padding,52.240,52.240,52.240,1,3215.360,1,1,131,131
4,decode,pi: ubatch_slices,1.550,1.550,1.550,1,3215.360,1,1,131,131
4,decode,pi: pad_query_start_loc,29.390,29.390,29.390,1,3215.360,1,1,131,131
4,decode,pi: am.max_seq_len,17.670,17.670,17.670,1,3215.360,1,1,131,131
4,decode,pi: am.cm_base_pre,75.870,75.870,75.870,1,3215.360,1,1,131,131
4,decode,pi: am.build.split_decodes,8.640,8.640,8.640,1,3215.360,1,1,131,131
4,decode,pi: am.build.seq_lens_select,8.150,8.150,8.150,1,3215.360,1,1,131,131
4,decode,pi: am.build.attn_mask,1.260,1.260,1.260,1,3215.360,1,1,131,131
4,decode,pi: am.build.qsl_h2d,33.410,33.410,33.410,1,3215.360,1,1,131,131
4,decode,pi: am.build.tolist,9.450,9.450,9.450,1,3215.360,1,1,131,131
4,decode,pi: am.build.fia_pad,1.700,1.700,1.700,1,3215.360,1,1,131,131
4,decode,pi: am.build.backend_metadata,16.080,16.080,16.080,1,3215.360,1,1,131,131
4,decode,pi: am.build.metadata_ctor,6.320,6.320,6.320,1,3215.360,1,1,131,131
4,decode,pi: am.builder_build@AscendAttentionMetadataBuilder,36.080,121.090,121.090,1,3215.360,1,1,131,131
4,decode,pi: am.builder_build,20.190,1065.490,327.440,4,3215.360,1,1,131,131
4,decode,pi: am.layer_assign,7.070,7.070,2.040,4,3215.360,1,1,131,131
4,decode,pi: am.group_loop,86.830,1159.390,351.200,4,3215.360,1,1,131,131
4,decode,pi: am.builder_build@AscendGDNAttentionMetadataBuilder,924.210,924.210,322.150,3,3215.360,1,1,131,131
4,decode,pi: build_attention_metadata,315.760,1568.690,1568.690,1,3215.360,1,1,131,131
4,decode,pi: sanitize_placeholder_ids,1.110,1.110,1.110,1,3215.360,1,1,131,131
4,decode,pi: sync_input_prep,143.380,3009.160,3009.160,1,3215.360,1,1,131,131
4,decode,pi: TOTAL,3215.360,3215.360,3215.360,1,3215.360,1,1,131,131
5,decode,pi: update_states,115.620,115.620,115.620,1,3219.120,1,1,131,131
5,decode,pi: tokens_list,1.140,1.140,1.140,1,3219.120,1,1,131,131
5,decode,pi: phase_classify,52.090,52.090,52.090,1,3219.120,1,1,131,131
5,decode,pi: in.block_table_commit,99.260,99.260,99.260,1,3219.120,1,1,131,131
5,decode,pi: in.req_indices,10.430,10.430,10.430,1,3219.120,1,1,131,131
5,decode,pi: in.attn_state,27.660,27.660,27.660,1,3219.120,1,1,131,131
5,decode,pi: in.positions,26.300,26.300,26.300,1,3219.120,1,1,131,131
5,decode,pi: in.prev_positions,30.830,30.830,30.830,1,3219.120,1,1,131,131
5,decode,pi: in.token_indices_select,29.220,29.220,29.220,1,3219.120,1,1,131,131
5,decode,pi: in.query_start_loc,28.150,28.150,28.150,1,3219.120,1,1,131,131
5,decode,pi: in.optimistic_seq_lens,50.750,50.750,50.750,1,3219.120,1,1,131,131
5,decode,pi: in.prepare_input_ids,64.680,64.680,64.680,1,3219.120,1,1,131,131
5,decode,pi: in.mrope_positions,40.550,40.550,40.550,1,3219.120,1,1,131,131
5,decode,pi: in.discard_mask,57.500,57.500,57.500,1,3219.120,1,1,131,131
5,decode,pi: in.num_accepted_tokens,29.110,29.110,29.110,1,3219.120,1,1,131,131
5,decode,pi: in.num_computed_tokens,18.290,18.290,18.290,1,3219.120,1,1,131,131
5,decode,pi: in.tokens_to_gpu,58.740,58.740,58.740,1,3219.120,1,1,131,131
5,decode,pi: in.positions_assembly,123.270,123.270,123.270,1,3219.120,1,1,131,131
5,decode,pi: in.seq_lens,52.180,52.180,52.180,1,3219.120,1,1,131,131
5,decode,pi: in.slot_mapping,136.420,136.420,136.420,1,3219.120,1,1,131,131
5,decode,pi: in.mrope_drift,0.660,0.660,0.660,1,3219.120,1,1,131,131
5,decode,pi: in.logits_indices,40.480,40.480,37.730,2,3219.120,1,1,131,131
5,decode,pi: prepare_inputs,94.980,1019.460,1019.460,1,3219.120,1,1,131,131
5,decode,pi: cascade_attn_prefix_lens,10.350,10.350,10.350,1,3219.120,1,1,131,131
5,decode,pi: batch_exec_and_padding,50.750,50.750,50.750,1,3219.120,1,1,131,131
5,decode,pi: ubatch_slices,1.490,1.490,1.490,1,3219.120,1,1,131,131
5,decode,pi: pad_query_start_loc,28.430,28.430,28.430,1,3219.120,1,1,131,131
5,decode,pi: am.max_seq_len,18.370,18.370,18.370,1,3219.120,1,1,131,131
5,decode,pi: am.cm_base_pre,110.470,110.470,110.470,1,3219.120,1,1,131,131
5,decode,pi: am.build.split_decodes,9.340,9.340,9.340,1,3219.120,1,1,131,131
5,decode,pi: am.build.seq_lens_select,8.420,8.420,8.420,1,3219.120,1,1,131,131
5,decode,pi: am.build.attn_mask,1.220,1.220,1.220,1,3219.120,1,1,131,131
5,decode,pi: am.build.qsl_h2d,35.130,35.130,35.130,1,3219.120,1,1,131,131
5,decode,pi: am.build.tolist,9.010,9.010,9.010,1,3219.120,1,1,131,131
5,decode,pi: am.build.fia_pad,2.250,2.250,2.250,1,3219.120,1,1,131,131
5,decode,pi: am.build.backend_metadata,15.060,15.060,15.060,1,3219.120,1,1,131,131
5,decode,pi: am.build.metadata_ctor,6.200,6.200,6.200,1,3219.120,1,1,131,131
5,decode,pi: am.builder_build@AscendAttentionMetadataBuilder,36.030,122.660,122.660,1,3219.120,1,1,131,131
5,decode,pi: am.builder_build,20.170,1075.220,337.550,4,3219.120,1,1,131,131
5,decode,pi: am.layer_assign,7.250,7.250,2.080,4,3219.120,1,1,131,131
5,decode,pi: am.group_loop,85.220,1167.690,360.330,4,3219.120,1,1,131,131
5,decode,pi: am.builder_build@AscendGDNAttentionMetadataBuilder,932.390,932.390,332.160,3,3219.120,1,1,131,131
5,decode,pi: build_attention_metadata,288.460,1584.990,1584.990,1,3219.120,1,1,131,131
5,decode,pi: sanitize_placeholder_ids,1.300,1.300,1.300,1,3219.120,1,1,131,131
5,decode,pi: sync_input_prep,159.610,3025.230,3025.230,1,3219.120,1,1,131,131
5,decode,pi: TOTAL,3219.120,3219.120,3219.120,1,3219.120,1,1,131,131
6,decode,pi: update_states,114.700,114.700,114.700,1,3140.780,1,1,131,131
6,decode,pi: tokens_list,1.090,1.090,1.090,1,3140.780,1,1,131,131
6,decode,pi: phase_classify,52.700,52.700,52.700,1,3140.780,1,1,131,131
6,decode,pi: in.block_table_commit,98.740,98.740,98.740,1,3140.780,1,1,131,131
6,decode,pi: in.req_indices,23.770,23.770,23.770,1,3140.780,1,1,131,131
6,decode,pi: in.attn_state,29.190,29.190,29.190,1,3140.780,1,1,131,131
6,decode,pi: in.positions,25.810,25.810,25.810,1,3140.780,1,1,131,131
6,decode,pi: in.prev_positions,31.290,31.290,31.290,1,3140.780,1,1,131,131
6,decode,pi: in.token_indices_select,27.660,27.660,27.660,1,3140.780,1,1,131,131
6,decode,pi: in.query_start_loc,26.580,26.580,26.580,1,3140.780,1,1,131,131
6,decode,pi: in.optimistic_seq_lens,55.600,55.600,55.600,1,3140.780,1,1,131,131
6,decode,pi: in.prepare_input_ids,66.510,66.510,66.510,1,3140.780,1,1,131,131
6,decode,pi: in.mrope_positions,41.730,41.730,41.730,1,3140.780,1,1,131,131
6,decode,pi: in.discard_mask,56.010,56.010,56.010,1,3140.780,1,1,131,131
6,decode,pi: in.num_accepted_tokens,13.840,13.840,13.840,1,3140.780,1,1,131,131
6,decode,pi: in.num_computed_tokens,15.360,15.360,15.360,1,3140.780,1,1,131,131
6,decode,pi: in.tokens_to_gpu,71.850,71.850,71.850,1,3140.780,1,1,131,131
6,decode,pi: in.positions_assembly,109.980,109.980,109.980,1,3140.780,1,1,131,131
6,decode,pi: in.seq_lens,59.690,59.690,59.690,1,3140.780,1,1,131,131
6,decode,pi: in.slot_mapping,133.850,133.850,133.850,1,3140.780,1,1,131,131
6,decode,pi: in.mrope_drift,0.650,0.650,0.650,1,3140.780,1,1,131,131
6,decode,pi: in.logits_indices,39.770,39.770,37.560,2,3140.780,1,1,131,131
6,decode,pi: prepare_inputs,95.830,1023.710,1023.710,1,3140.780,1,1,131,131
6,decode,pi: cascade_attn_prefix_lens,10.180,10.180,10.180,1,3140.780,1,1,131,131
6,decode,pi: batch_exec_and_padding,50.450,50.450,50.450,1,3140.780,1,1,131,131
6,decode,pi: ubatch_slices,1.470,1.470,1.470,1,3140.780,1,1,131,131
6,decode,pi: pad_query_start_loc,28.560,28.560,28.560,1,3140.780,1,1,131,131
6,decode,pi: am.max_seq_len,18.410,18.410,18.410,1,3140.780,1,1,131,131
6,decode,pi: am.cm_base_pre,72.140,72.140,72.140,1,3140.780,1,1,131,131
6,decode,pi: am.build.split_decodes,12.240,12.240,12.240,1,3140.780,1,1,131,131
6,decode,pi: am.build.seq_lens_select,10.100,10.100,10.100,1,3140.780,1,1,131,131
6,decode,pi: am.build.attn_mask,1.290,1.290,1.290,1,3140.780,1,1,131,131
6,decode,pi: am.build.qsl_h2d,35.670,35.670,35.670,1,3140.780,1,1,131,131
6,decode,pi: am.build.tolist,10.330,10.330,10.330,1,3140.780,1,1,131,131
6,decode,pi: am.build.fia_pad,1.880,1.880,1.880,1,3140.780,1,1,131,131
6,decode,pi: am.build.backend_metadata,16.250,16.250,16.250,1,3140.780,1,1,131,131
6,decode,pi: am.build.metadata_ctor,6.530,6.530,6.530,1,3140.780,1,1,131,131
6,decode,pi: am.builder_build@AscendAttentionMetadataBuilder,39.490,133.780,133.780,1,3140.780,1,1,131,131
6,decode,pi: am.builder_build,20.000,1071.840,323.960,4,3140.780,1,1,131,131
6,decode,pi: am.layer_assign,7.120,7.120,2.130,4,3140.780,1,1,131,131
6,decode,pi: am.group_loop,85.350,1164.310,348.020,4,3140.780,1,1,131,131
6,decode,pi: am.builder_build@AscendGDNAttentionMetadataBuilder,918.060,918.060,318.590,3,3140.780,1,1,131,131
6,decode,pi: build_attention_metadata,291.360,1546.220,1546.220,1,3140.780,1,1,131,131
6,decode,pi: sanitize_placeholder_ids,1.010,1.010,1.010,1,3140.780,1,1,131,131
6,decode,pi: sync_input_prep,123.550,2953.640,2953.640,1,3140.780,1,1,131,131
6,decode,pi: TOTAL,3140.780,3140.780,3140.780,1,3140.780,1,1,131,131
7,decode,pi: update_states,100.240,100.240,100.240,1,3125.090,1,1,131,131
7,decode,pi: tokens_list,1.010,1.010,1.010,1,3125.090,1,1,131,131
7,decode,pi: phase_classify,79.440,79.440,79.440,1,3125.090,1,1,131,131
7,decode,pi: in.block_table_commit,86.200,86.200,86.200,1,3125.090,1,1,131,131
7,decode,pi: in.req_indices,10.320,10.320,10.320,1,3125.090,1,1,131,131
7,decode,pi: in.attn_state,28.660,28.660,28.660,1,3125.090,1,1,131,131
7,decode,pi: in.positions,25.360,25.360,25.360,1,3125.090,1,1,131,131
7,decode,pi: in.prev_positions,45.380,45.380,45.380,1,3125.090,1,1,131,131
7,decode,pi: in.token_indices_select,27.810,27.810,27.810,1,3125.090,1,1,131,131
7,decode,pi: in.query_start_loc,27.540,27.540,27.540,1,3125.090,1,1,131,131
7,decode,pi: in.optimistic_seq_lens,49.610,49.610,49.610,1,3125.090,1,1,131,131
7,decode,pi: in.prepare_input_ids,65.790,65.790,65.790,1,3125.090,1,1,131,131
7,decode,pi: in.mrope_positions,39.020,39.020,39.020,1,3125.090,1,1,131,131
7,decode,pi: in.discard_mask,57.290,57.290,57.290,1,3125.090,1,1,131,131
7,decode,pi: in.num_accepted_tokens,13.870,13.870,13.870,1,3125.090,1,1,131,131
7,decode,pi: in.num_computed_tokens,32.070,32.070,32.070,1,3125.090,1,1,131,131
7,decode,pi: in.tokens_to_gpu,60.040,60.040,60.040,1,3125.090,1,1,131,131
7,decode,pi: in.positions_assembly,123.940,123.940,123.940,1,3125.090,1,1,131,131
7,decode,pi: in.seq_lens,58.130,58.130,58.130,1,3125.090,1,1,131,131
7,decode,pi: in.slot_mapping,133.180,133.180,133.180,1,3125.090,1,1,131,131
7,decode,pi: in.mrope_drift,0.690,0.690,0.690,1,3125.090,1,1,131,131
7,decode,pi: in.logits_indices,40.080,40.080,37.280,2,3125.090,1,1,131,131
7,decode,pi: prepare_inputs,94.720,1019.700,1019.700,1,3125.090,1,1,131,131
7,decode,pi: cascade_attn_prefix_lens,10.030,10.030,10.030,1,3125.090,1,1,131,131
7,decode,pi: batch_exec_and_padding,49.340,49.340,49.340,1,3125.090,1,1,131,131
7,decode,pi: ubatch_slices,1.460,1.460,1.460,1,3125.090,1,1,131,131
7,decode,pi: pad_query_start_loc,28.580,28.580,28.580,1,3125.090,1,1,131,131
7,decode,pi: am.max_seq_len,18.350,18.350,18.350,1,3125.090,1,1,131,131
7,decode,pi: am.cm_base_pre,90.590,90.590,90.590,1,3125.090,1,1,131,131
7,decode,pi: am.build.split_decodes,9.130,9.130,9.130,1,3125.090,1,1,131,131
7,decode,pi: am.build.seq_lens_select,8.610,8.610,8.610,1,3125.090,1,1,131,131
7,decode,pi: am.build.attn_mask,1.220,1.220,1.220,1,3125.090,1,1,131,131
7,decode,pi: am.build.qsl_h2d,32.290,32.290,32.290,1,3125.090,1,1,131,131
7,decode,pi: am.build.tolist,9.230,9.230,9.230,1,3125.090,1,1,131,131
7,decode,pi: am.build.fia_pad,1.910,1.910,1.910,1,3125.090,1,1,131,131
7,decode,pi: am.build.backend_metadata,15.090,15.090,15.090,1,3125.090,1,1,131,131
7,decode,pi: am.build.metadata_ctor,6.220,6.220,6.220,1,3125.090,1,1,131,131
7,decode,pi: am.builder_build@AscendAttentionMetadataBuilder,35.490,119.190,119.190,1,3125.090,1,1,131,131
7,decode,pi: am.builder_build,20.470,1051.170,318.170,4,3125.090,1,1,131,131
7,decode,pi: am.layer_assign,6.860,6.860,1.930,4,3125.090,1,1,131,131
7,decode,pi: am.group_loop,83.480,1141.510,340.860,4,3125.090,1,1,131,131
7,decode,pi: am.builder_build@AscendGDNAttentionMetadataBuilder,911.510,911.510,312.950,3,3125.090,1,1,131,131
7,decode,pi: build_attention_metadata,270.210,1520.660,1520.660,1,3125.090,1,1,131,131
7,decode,pi: sanitize_placeholder_ids,0.960,0.960,0.960,1,3125.090,1,1,131,131
7,decode,pi: sync_input_prep,106.100,2917.520,2917.520,1,3125.090,1,1,131,131
7,decode,pi: TOTAL,3125.090,3125.090,3125.090,1,3125.090,1,1,131,131
8,decode,pi: update_states,110.690,110.690,110.690,1,3154.420,1,1,131,131
8,decode,pi: tokens_list,1.060,1.060,1.060,1,3154.420,1,1,131,131
8,decode,pi: phase_classify,51.410,51.410,51.410,1,3154.420,1,1,131,131
8,decode,pi: in.block_table_commit,99.910,99.910,99.910,1,3154.420,1,1,131,131
8,decode,pi: in.req_indices,9.910,9.910,9.910,1,3154.420,1,1,131,131
8,decode,pi: in.attn_state,27.990,27.990,27.990,1,3154.420,1,1,131,131
8,decode,pi: in.positions,25.180,25.180,25.180,1,3154.420,1,1,131,131
8,decode,pi: in.prev_positions,29.450,29.450,29.450,1,3154.420,1,1,131,131
8,decode,pi: in.token_indices_select,26.860,26.860,26.860,1,3154.420,1,1,131,131
8,decode,pi: in.query_start_loc,24.820,24.820,24.820,1,3154.420,1,1,131,131
8,decode,pi: in.optimistic_seq_lens,48.950,48.950,48.950,1,3154.420,1,1,131,131
8,decode,pi: in.prepare_input_ids,70.950,70.950,70.950,1,3154.420,1,1,131,131
8,decode,pi: in.mrope_positions,39.730,39.730,39.730,1,3154.420,1,1,131,131
8,decode,pi: in.discard_mask,57.420,57.420,57.420,1,3154.420,1,1,131,131
8,decode,pi: in.num_accepted_tokens,14.230,14.230,14.230,1,3154.420,1,1,131,131
8,decode,pi: in.num_computed_tokens,17.870,17.870,17.870,1,3154.420,1,1,131,131
8,decode,pi: in.tokens_to_gpu,56.690,56.690,56.690,1,3154.420,1,1,131,131
8,decode,pi: in.positions_assembly,124.300,124.300,124.300,1,3154.420,1,1,131,131
8,decode,pi: in.seq_lens,54.720,54.720,54.720,1,3154.420,1,1,131,131
8,decode,pi: in.slot_mapping,142.320,142.320,142.320,1,3154.420,1,1,131,131
8,decode,pi: in.mrope_drift,0.640,0.640,0.640,1,3154.420,1,1,131,131
8,decode,pi: in.logits_indices,39.850,39.850,37.440,2,3154.420,1,1,131,131
8,decode,pi: prepare_inputs,93.540,1005.330,1005.330,1,3154.420,1,1,131,131
8,decode,pi: cascade_attn_prefix_lens,10.600,10.600,10.600,1,3154.420,1,1,131,131
8,decode,pi: batch_exec_and_padding,49.690,49.690,49.690,1,3154.420,1,1,131,131
8,decode,pi: ubatch_slices,1.560,1.560,1.560,1,3154.420,1,1,131,131
8,decode,pi: pad_query_start_loc,29.120,29.120,29.120,1,3154.420,1,1,131,131
8,decode,pi: am.max_seq_len,18.420,18.420,18.420,1,3154.420,1,1,131,131
8,decode,pi: am.cm_base_pre,72.410,72.410,72.410,1,3154.420,1,1,131,131
8,decode,pi: am.build.split_decodes,9.610,9.610,9.610,1,3154.420,1,1,131,131
8,decode,pi: am.build.seq_lens_select,9.070,9.070,9.070,1,3154.420,1,1,131,131
8,decode,pi: am.build.attn_mask,1.080,1.080,1.080,1,3154.420,1,1,131,131
8,decode,pi: am.build.qsl_h2d,33.680,33.680,33.680,1,3154.420,1,1,131,131
8,decode,pi: am.build.tolist,9.750,9.750,9.750,1,3154.420,1,1,131,131
8,decode,pi: am.build.fia_pad,1.800,1.800,1.800,1,3154.420,1,1,131,131
8,decode,pi: am.build.backend_metadata,16.240,16.240,16.240,1,3154.420,1,1,131,131
8,decode,pi: am.build.metadata_ctor,6.450,6.450,6.450,1,3154.420,1,1,131,131
8,decode,pi: am.builder_build@AscendAttentionMetadataBuilder,39.070,126.750,126.750,1,3154.420,1,1,131,131
8,decode,pi: am.builder_build,20.970,1111.590,338.330,4,3154.420,1,1,131,131
8,decode,pi: am.layer_assign,7.180,7.180,2.050,4,3154.420,1,1,131,131
8,decode,pi: am.group_loop,88.080,1206.850,362.060,4,3154.420,1,1,131,131
8,decode,pi: am.builder_build@AscendGDNAttentionMetadataBuilder,963.870,963.870,333.110,3,3154.420,1,1,131,131
8,decode,pi: build_attention_metadata,290.790,1588.470,1588.470,1,3154.420,1,1,131,131
8,decode,pi: sanitize_placeholder_ids,1.100,1.100,1.100,1,3154.420,1,1,131,131
8,decode,pi: sync_input_prep,124.010,2973.040,2973.040,1,3154.420,1,1,131,131
8,decode,pi: TOTAL,3154.420,3154.420,3154.420,1,3154.420,1,1,131,131
9,decode,pi: update_states,109.890,109.890,109.890,1,3072.430,1,1,131,131
9,decode,pi: tokens_list,1.050,1.050,1.050,1,3072.430,1,1,131,131
9,decode,pi: phase_classify,49.480,49.480,49.480,1,3072.430,1,1,131,131
9,decode,pi: in.block_table_commit,81.150,81.150,81.150,1,3072.430,1,1,131,131
9,decode,pi: in.req_indices,9.510,9.510,9.510,1,3072.430,1,1,131,131
9,decode,pi: in.attn_state,26.680,26.680,26.680,1,3072.430,1,1,131,131
9,decode,pi: in.positions,25.250,25.250,25.250,1,3072.430,1,1,131,131
9,decode,pi: in.prev_positions,29.630,29.630,29.630,1,3072.430,1,1,131,131
9,decode,pi: in.token_indices_select,26.340,26.340,26.340,1,3072.430,1,1,131,131
9,decode,pi: in.query_start_loc,33.530,33.530,33.530,1,3072.430,1,1,131,131
9,decode,pi: in.optimistic_seq_lens,49.860,49.860,49.860,1,3072.430,1,1,131,131
9,decode,pi: in.prepare_input_ids,63.950,63.950,63.950,1,3072.430,1,1,131,131
9,decode,pi: in.mrope_positions,39.400,39.400,39.400,1,3072.430,1,1,131,131
9,decode,pi: in.discard_mask,56.140,56.140,56.140,1,3072.430,1,1,131,131
9,decode,pi: in.num_accepted_tokens,14.410,14.410,14.410,1,3072.430,1,1,131,131
9,decode,pi: in.num_computed_tokens,17.190,17.190,17.190,1,3072.430,1,1,131,131
9,decode,pi: in.tokens_to_gpu,73.270,73.270,73.270,1,3072.430,1,1,131,131
9,decode,pi: in.positions_assembly,109.430,109.430,109.430,1,3072.430,1,1,131,131
9,decode,pi: in.seq_lens,58.190,58.190,58.190,1,3072.430,1,1,131,131
9,decode,pi: in.slot_mapping,132.800,132.800,132.800,1,3072.430,1,1,131,131
9,decode,pi: in.mrope_drift,0.690,0.690,0.690,1,3072.430,1,1,131,131
9,decode,pi: in.logits_indices,39.240,39.240,35.760,2,3072.430,1,1,131,131
9,decode,pi: prepare_inputs,108.010,994.670,994.670,1,3072.430,1,1,131,131
9,decode,pi: cascade_attn_prefix_lens,10.560,10.560,10.560,1,3072.430,1,1,131,131
9,decode,pi: batch_exec_and_padding,52.210,52.210,52.210,1,3072.430,1,1,131,131
9,decode,pi: ubatch_slices,1.450,1.450,1.450,1,3072.430,1,1,131,131
9,decode,pi: pad_query_start_loc,29.150,29.150,29.150,1,3072.430,1,1,131,131
9,decode,pi: am.max_seq_len,18.710,18.710,18.710,1,3072.430,1,1,131,131
9,decode,pi: am.cm_base_pre,74.060,74.060,74.060,1,3072.430,1,1,131,131
9,decode,pi: am.build.split_decodes,8.970,8.970,8.970,1,3072.430,1,1,131,131
9,decode,pi: am.build.seq_lens_select,8.530,8.530,8.530,1,3072.430,1,1,131,131
9,decode,pi: am.build.attn_mask,1.180,1.180,1.180,1,3072.430,1,1,131,131
9,decode,pi: am.build.qsl_h2d,37.310,37.310,37.310,1,3072.430,1,1,131,131
9,decode,pi: am.build.tolist,9.460,9.460,9.460,1,3072.430,1,1,131,131
9,decode,pi: am.build.fia_pad,1.800,1.800,1.800,1,3072.430,1,1,131,131
9,decode,pi: am.build.backend_metadata,15.130,15.130,15.130,1,3072.430,1,1,131,131
9,decode,pi: am.build.metadata_ctor,6.620,6.620,6.620,1,3072.430,1,1,131,131
9,decode,pi: am.builder_build@AscendAttentionMetadataBuilder,36.690,125.690,125.690,1,3072.430,1,1,131,131
9,decode,pi: am.builder_build,19.470,1046.040,325.770,4,3072.430,1,1,131,131
9,decode,pi: am.layer_assign,7.110,7.110,1.990,4,3072.430,1,1,131,131
9,decode,pi: am.group_loop,84.080,1137.230,349.050,4,3072.430,1,1,131,131
9,decode,pi: am.builder_build@AscendGDNAttentionMetadataBuilder,900.880,900.880,320.740,3,3072.430,1,1,131,131
9,decode,pi: build_attention_metadata,272.050,1502.050,1502.050,1,3072.430,1,1,131,131
9,decode,pi: sanitize_placeholder_ids,1.100,1.100,1.100,1,3072.430,1,1,131,131
9,decode,pi: sync_input_prep,131.470,2883.080,2883.080,1,3072.430,1,1,131,131
9,decode,pi: TOTAL,3072.430,3072.430,3072.430,1,3072.430,1,1,131,131
10,decode,pi: update_states,108.940,108.940,108.940,1,3081.520,1,1,131,131
10,decode,pi: tokens_list,1.040,1.040,1.040,1,3081.520,1,1,131,131
10,decode,pi: phase_classify,49.900,49.900,49.900,1,3081.520,1,1,131,131
10,decode,pi: in.block_table_commit,110.040,110.040,110.040,1,3081.520,1,1,131,131
10,decode,pi: in.req_indices,10.390,10.390,10.390,1,3081.520,1,1,131,131
10,decode,pi: in.attn_state,28.250,28.250,28.250,1,3081.520,1,1,131,131
10,decode,pi: in.positions,27.300,27.300,27.300,1,3081.520,1,1,131,131
10,decode,pi: in.prev_positions,29.840,29.840,29.840,1,3081.520,1,1,131,131
10,decode,pi: in.token_indices_select,26.940,26.940,26.940,1,3081.520,1,1,131,131
10,decode,pi: in.query_start_loc,26.970,26.970,26.970,1,3081.520,1,1,131,131
10,decode,pi: in.optimistic_seq_lens,50.090,50.090,50.090,1,3081.520,1,1,131,131
10,decode,pi: in.prepare_input_ids,64.610,64.610,64.610,1,3081.520,1,1,131,131
10,decode,pi: in.mrope_positions,39.720,39.720,39.720,1,3081.520,1,1,131,131
10,decode,pi: in.discard_mask,60.410,60.410,60.410,1,3081.520,1,1,131,131
10,decode,pi: in.num_accepted_tokens,14.470,14.470,14.470,1,3081.520,1,1,131,131
10,decode,pi: in.num_computed_tokens,18.000,18.000,18.000,1,3081.520,1,1,131,131
10,decode,pi: in.tokens_to_gpu,57.130,57.130,57.130,1,3081.520,1,1,131,131
10,decode,pi: in.positions_assembly,110.750,110.750,110.750,1,3081.520,1,1,131,131
10,decode,pi: in.seq_lens,55.330,55.330,55.330,1,3081.520,1,1,131,131
10,decode,pi: in.slot_mapping,131.940,131.940,131.940,1,3081.520,1,1,131,131
10,decode,pi: in.mrope_drift,0.600,0.600,0.600,1,3081.520,1,1,131,131
10,decode,pi: in.logits_indices,38.820,38.820,36.530,2,3081.520,1,1,131,131
10,decode,pi: prepare_inputs,95.430,997.030,997.030,1,3081.520,1,1,131,131
10,decode,pi: cascade_attn_prefix_lens,10.490,10.490,10.490,1,3081.520,1,1,131,131
10,decode,pi: batch_exec_and_padding,48.810,48.810,48.810,1,3081.520,1,1,131,131
10,decode,pi: ubatch_slices,1.490,1.490,1.490,1,3081.520,1,1,131,131
10,decode,pi: pad_query_start_loc,32.220,32.220,32.220,1,3081.520,1,1,131,131
10,decode,pi: am.max_seq_len,19.090,19.090,19.090,1,3081.520,1,1,131,131
10,decode,pi: am.cm_base_pre,75.050,75.050,75.050,1,3081.520,1,1,131,131
10,decode,pi: am.build.split_decodes,9.060,9.060,9.060,1,3081.520,1,1,131,131
10,decode,pi: am.build.seq_lens_select,9.280,9.280,9.280,1,3081.520,1,1,131,131
10,decode,pi: am.build.attn_mask,1.250,1.250,1.250,1,3081.520,1,1,131,131
10,decode,pi: am.build.qsl_h2d,33.280,33.280,33.280,1,3081.520,1,1,131,131
10,decode,pi: am.build.tolist,9.750,9.750,9.750,1,3081.520,1,1,131,131
10,decode,pi: am.build.fia_pad,2.660,2.660,2.660,1,3081.520,1,1,131,131
10,decode,pi: am.build.backend_metadata,19.880,19.880,19.880,1,3081.520,1,1,131,131
10,decode,pi: am.build.metadata_ctor,7.460,7.460,7.460,1,3081.520,1,1,131,131
10,decode,pi: am.builder_build@AscendAttentionMetadataBuilder,38.630,131.250,131.250,1,3081.520,1,1,131,131
10,decode,pi: am.builder_build,19.530,1048.920,322.230,4,3081.520,1,1,131,131
10,decode,pi: am.layer_assign,7.180,7.180,1.950,4,3081.520,1,1,131,131
10,decode,pi: am.group_loop,84.340,1140.440,345.620,4,3081.520,1,1,131,131
10,decode,pi: am.builder_build@AscendGDNAttentionMetadataBuilder,898.140,898.140,317.010,3,3081.520,1,1,131,131
10,decode,pi: build_attention_metadata,279.850,1514.430,1514.430,1,3081.520,1,1,131,131
10,decode,pi: sanitize_placeholder_ids,1.100,1.100,1.100,1,3081.520,1,1,131,131
10,decode,pi: sync_input_prep,132.210,2897.660,2897.660,1,3081.520,1,1,131,131
10,decode,pi: TOTAL,3081.520,3081.520,3081.520,1,3081.520,1,1,131,131
11,decode,pi: update_states,110.480,110.480,110.480,1,3039.840,1,1,131,131
11,decode,pi: tokens_list,1.030,1.030,1.030,1,3039.840,1,1,131,131
11,decode,pi: phase_classify,48.860,48.860,48.860,1,3039.840,1,1,131,131
11,decode,pi: in.block_table_commit,84.450,84.450,84.450,1,3039.840,1,1,131,131
11,decode,pi: in.req_indices,9.570,9.570,9.570,1,3039.840,1,1,131,131
11,decode,pi: in.attn_state,26.340,26.340,26.340,1,3039.840,1,1,131,131
11,decode,pi: in.positions,25.410,25.410,25.410,1,3039.840,1,1,131,131
11,decode,pi: in.prev_positions,29.030,29.030,29.030,1,3039.840,1,1,131,131
11,decode,pi: in.token_indices_select,25.040,25.040,25.040,1,3039.840,1,1,131,131
11,decode,pi: in.query_start_loc,30.880,30.880,30.880,1,3039.840,1,1,131,131
11,decode,pi: in.optimistic_seq_lens,49.620,49.620,49.620,1,3039.840,1,1,131,131
11,decode,pi: in.prepare_input_ids,65.820,65.820,65.820,1,3039.840,1,1,131,131
11,decode,pi: in.mrope_positions,38.710,38.710,38.710,1,3039.840,1,1,131,131
11,decode,pi: in.discard_mask,56.990,56.990,56.990,1,3039.840,1,1,131,131
11,decode,pi: in.num_accepted_tokens,13.430,13.430,13.430,1,3039.840,1,1,131,131
11,decode,pi: in.num_computed_tokens,18.150,18.150,18.150,1,3039.840,1,1,131,131
11,decode,pi: in.tokens_to_gpu,60.560,60.560,60.560,1,3039.840,1,1,131,131
11,decode,pi: in.positions_assembly,109.830,109.830,109.830,1,3039.840,1,1,131,131
11,decode,pi: in.seq_lens,58.640,58.640,58.640,1,3039.840,1,1,131,131
11,decode,pi: in.slot_mapping,136.140,136.140,136.140,1,3039.840,1,1,131,131
11,decode,pi: in.mrope_drift,0.670,0.670,0.670,1,3039.840,1,1,131,131
11,decode,pi: in.logits_indices,38.430,38.430,35.480,2,3039.840,1,1,131,131
11,decode,pi: prepare_inputs,93.200,970.910,970.910,1,3039.840,1,1,131,131
11,decode,pi: cascade_attn_prefix_lens,10.140,10.140,10.140,1,3039.840,1,1,131,131
11,decode,pi: batch_exec_and_padding,51.180,51.180,51.180,1,3039.840,1,1,131,131
11,decode,pi: ubatch_slices,1.440,1.440,1.440,1,3039.840,1,1,131,131
11,decode,pi: pad_query_start_loc,28.690,28.690,28.690,1,3039.840,1,1,131,131
11,decode,pi: am.max_seq_len,17.550,17.550,17.550,1,3039.840,1,1,131,131
11,decode,pi: am.cm_base_pre,74.420,74.420,74.420,1,3039.840,1,1,131,131
11,decode,pi: am.build.split_decodes,8.880,8.880,8.880,1,3039.840,1,1,131,131
11,decode,pi: am.build.seq_lens_select,8.780,8.780,8.780,1,3039.840,1,1,131,131
11,decode,pi: am.build.attn_mask,1.330,1.330,1.330,1,3039.840,1,1,131,131
11,decode,pi: am.build.qsl_h2d,33.450,33.450,33.450,1,3039.840,1,1,131,131
11,decode,pi: am.build.tolist,9.740,9.740,9.740,1,3039.840,1,1,131,131
11,decode,pi: am.build.fia_pad,1.690,1.690,1.690,1,3039.840,1,1,131,131
11,decode,pi: am.build.backend_metadata,15.670,15.670,15.670,1,3039.840,1,1,131,131
11,decode,pi: am.build.metadata_ctor,6.260,6.260,6.260,1,3039.840,1,1,131,131
11,decode,pi: am.builder_build@AscendAttentionMetadataBuilder,36.480,122.280,122.280,1,3039.840,1,1,131,131
11,decode,pi: am.builder_build,19.520,1034.220,317.190,4,3039.840,1,1,131,131
11,decode,pi: am.layer_assign,7.080,7.080,2.040,4,3039.840,1,1,131,131
11,decode,pi: am.group_loop,84.900,1126.200,340.570,4,3039.840,1,1,131,131
11,decode,pi: am.builder_build@AscendGDNAttentionMetadataBuilder,892.420,892.420,312.200,3,3039.840,1,1,131,131
11,decode,pi: build_attention_metadata,278.120,1496.290,1496.290,1,3039.840,1,1,131,131
11,decode,pi: sanitize_placeholder_ids,1.020,1.020,1.020,1,3039.840,1,1,131,131
11,decode,pi: sync_input_prep,132.050,2852.090,2852.090,1,3039.840,1,1,131,131
11,decode,pi: TOTAL,3039.840,3039.840,3039.840,1,3039.840,1,1,131,131
12,decode,pi: update_states,111.080,111.080,111.080,1,3103.490,1,1,131,131
12,decode,pi: tokens_list,1.060,1.060,1.060,1,3103.490,1,1,131,131
12,decode,pi: phase_classify,49.350,49.350,49.350,1,3103.490,1,1,131,131
12,decode,pi: in.block_table_commit,95.850,95.850,95.850,1,3103.490,1,1,131,131
12,decode,pi: in.req_indices,10.690,10.690,10.690,1,3103.490,1,1,131,131
12,decode,pi: in.attn_state,30.050,30.050,30.050,1,3103.490,1,1,131,131
12,decode,pi: in.positions,25.920,25.920,25.920,1,3103.490,1,1,131,131
12,decode,pi: in.prev_positions,30.040,30.040,30.040,1,3103.490,1,1,131,131
12,decode,pi: in.token_indices_select,25.850,25.850,25.850,1,3103.490,1,1,131,131
12,decode,pi: in.query_start_loc,27.080,27.080,27.080,1,3103.490,1,1,131,131
12,decode,pi: in.optimistic_seq_lens,48.950,48.950,48.950,1,3103.490,1,1,131,131
12,decode,pi: in.prepare_input_ids,65.090,65.090,65.090,1,3103.490,1,1,131,131
12,decode,pi: in.mrope_positions,40.410,40.410,40.410,1,3103.490,1,1,131,131
12,decode,pi: in.discard_mask,57.290,57.290,57.290,1,3103.490,1,1,131,131
12,decode,pi: in.num_accepted_tokens,17.620,17.620,17.620,1,3103.490,1,1,131,131
12,decode,pi: in.num_computed_tokens,18.130,18.130,18.130,1,3103.490,1,1,131,131
12,decode,pi: in.tokens_to_gpu,58.350,58.350,58.350,1,3103.490,1,1,131,131
12,decode,pi: in.positions_assembly,111.100,111.100,111.100,1,3103.490,1,1,131,131
12,decode,pi: in.seq_lens,60.050,60.050,60.050,1,3103.490,1,1,131,131
12,decode,pi: in.slot_mapping,131.610,131.610,131.610,1,3103.490,1,1,131,131
12,decode,pi: in.mrope_drift,0.610,0.610,0.610,1,3103.490,1,1,131,131
12,decode,pi: in.logits_indices,39.490,39.490,36.990,2,3103.490,1,1,131,131
12,decode,pi: prepare_inputs,95.300,989.480,989.480,1,3103.490,1,1,131,131
12,decode,pi: cascade_attn_prefix_lens,10.100,10.100,10.100,1,3103.490,1,1,131,131
12,decode,pi: batch_exec_and_padding,49.810,49.810,49.810,1,3103.490,1,1,131,131
12,decode,pi: ubatch_slices,1.580,1.580,1.580,1,3103.490,1,1,131,131
12,decode,pi: pad_query_start_loc,29.440,29.440,29.440,1,3103.490,1,1,131,131
12,decode,pi: am.max_seq_len,17.990,17.990,17.990,1,3103.490,1,1,131,131
12,decode,pi: am.cm_base_pre,76.840,76.840,76.840,1,3103.490,1,1,131,131
12,decode,pi: am.build.split_decodes,9.390,9.390,9.390,1,3103.490,1,1,131,131
12,decode,pi: am.build.seq_lens_select,8.600,8.600,8.600,1,3103.490,1,1,131,131
12,decode,pi: am.build.attn_mask,1.310,1.310,1.310,1,3103.490,1,1,131,131
12,decode,pi: am.build.qsl_h2d,32.160,32.160,32.160,1,3103.490,1,1,131,131
12,decode,pi: am.build.tolist,9.400,9.400,9.400,1,3103.490,1,1,131,131
12,decode,pi: am.build.fia_pad,1.650,1.650,1.650,1,3103.490,1,1,131,131
12,decode,pi: am.build.backend_metadata,15.520,15.520,15.520,1,3103.490,1,1,131,131
12,decode,pi: am.build.metadata_ctor,6.460,6.460,6.460,1,3103.490,1,1,131,131
12,decode,pi: am.builder_build@AscendAttentionMetadataBuilder,34.970,119.460,119.460,1,3103.490,1,1,131,131
12,decode,pi: am.builder_build,19.750,1059.560,331.110,4,3103.490,1,1,131,131
12,decode,pi: am.layer_assign,7.150,7.150,2.080,4,3103.490,1,1,131,131
12,decode,pi: am.group_loop,86.270,1152.980,355.270,4,3103.490,1,1,131,131
12,decode,pi: am.builder_build@AscendGDNAttentionMetadataBuilder,920.350,920.350,325.830,3,3103.490,1,1,131,131
12,decode,pi: build_attention_metadata,288.420,1536.230,1536.230,1,3103.490,1,1,131,131
12,decode,pi: sanitize_placeholder_ids,1.370,1.370,1.370,1,3103.490,1,1,131,131
12,decode,pi: sync_input_prep,135.980,2915.480,2915.480,1,3103.490,1,1,131,131
12,decode,pi: TOTAL,3103.490,3103.490,3103.490,1,3103.490,1,1,131,131
13,decode,pi: update_states,109.840,109.840,109.840,1,3051.570,1,1,131,131
13,decode,pi: tokens_list,1.050,1.050,1.050,1,3051.570,1,1,131,131
13,decode,pi: phase_classify,48.980,48.980,48.980,1,3051.570,1,1,131,131
13,decode,pi: in.block_table_commit,86.180,86.180,86.180,1,3051.570,1,1,131,131
13,decode,pi: in.req_indices,9.280,9.280,9.280,1,3051.570,1,1,131,131
13,decode,pi: in.attn_state,26.970,26.970,26.970,1,3051.570,1,1,131,131
13,decode,pi: in.positions,24.790,24.790,24.790,1,3051.570,1,1,131,131
13,decode,pi: in.prev_positions,29.410,29.410,29.410,1,3051.570,1,1,131,131
13,decode,pi: in.token_indices_select,25.590,25.590,25.590,1,3051.570,1,1,131,131
13,decode,pi: in.query_start_loc,26.790,26.790,26.790,1,3051.570,1,1,131,131
13,decode,pi: in.optimistic_seq_lens,48.380,48.380,48.380,1,3051.570,1,1,131,131
13,decode,pi: in.prepare_input_ids,68.250,68.250,68.250,1,3051.570,1,1,131,131
13,decode,pi: in.mrope_positions,40.610,40.610,40.610,1,3051.570,1,1,131,131
13,decode,pi: in.discard_mask,57.490,57.490,57.490,1,3051.570,1,1,131,131
13,decode,pi: in.num_accepted_tokens,14.220,14.220,14.220,1,3051.570,1,1,131,131
13,decode,pi: in.num_computed_tokens,15.660,15.660,15.660,1,3051.570,1,1,131,131
13,decode,pi: in.tokens_to_gpu,60.440,60.440,60.440,1,3051.570,1,1,131,131
13,decode,pi: in.positions_assembly,109.880,109.880,109.880,1,3051.570,1,1,131,131
13,decode,pi: in.seq_lens,55.280,55.280,55.280,1,3051.570,1,1,131,131
13,decode,pi: in.slot_mapping,138.030,138.030,138.030,1,3051.570,1,1,131,131
13,decode,pi: in.mrope_drift,0.660,0.660,0.660,1,3051.570,1,1,131,131
13,decode,pi: in.logits_indices,40.000,40.000,37.140,2,3051.570,1,1,131,131
13,decode,pi: prepare_inputs,94.890,972.800,972.800,1,3051.570,1,1,131,131
13,decode,pi: cascade_attn_prefix_lens,10.450,10.450,10.450,1,3051.570,1,1,131,131
13,decode,pi: batch_exec_and_padding,49.190,49.190,49.190,1,3051.570,1,1,131,131
13,decode,pi: ubatch_slices,1.520,1.520,1.520,1,3051.570,1,1,131,131
13,decode,pi: pad_query_start_loc,28.500,28.500,28.500,1,3051.570,1,1,131,131
13,decode,pi: am.max_seq_len,18.470,18.470,18.470,1,3051.570,1,1,131,131
13,decode,pi: am.cm_base_pre,71.620,71.620,71.620,1,3051.570,1,1,131,131
13,decode,pi: am.build.split_decodes,8.960,8.960,8.960,1,3051.570,1,1,131,131
13,decode,pi: am.build.seq_lens_select,8.560,8.560,8.560,1,3051.570,1,1,131,131
13,decode,pi: am.build.attn_mask,1.180,1.180,1.180,1,3051.570,1,1,131,131
13,decode,pi: am.build.qsl_h2d,33.610,33.610,33.610,1,3051.570,1,1,131,131
13,decode,pi: am.build.tolist,9.450,9.450,9.450,1,3051.570,1,1,131,131
13,decode,pi: am.build.fia_pad,1.780,1.780,1.780,1,3051.570,1,1,131,131
13,decode,pi: am.build.backend_metadata,15.230,15.230,15.230,1,3051.570,1,1,131,131
13,decode,pi: am.build.metadata_ctor,6.390,6.390,6.390,1,3051.570,1,1,131,131
13,decode,pi: am.builder_build@AscendAttentionMetadataBuilder,36.780,121.940,121.940,1,3051.570,1,1,131,131
13,decode,pi: am.builder_build,19.870,1030.340,315.600,4,3051.570,1,1,131,131
13,decode,pi: am.layer_assign,7.710,7.710,2.230,4,3051.570,1,1,131,131
13,decode,pi: am.group_loop,102.270,1140.320,339.890,4,3051.570,1,1,131,131
13,decode,pi: am.builder_build@AscendGDNAttentionMetadataBuilder,888.530,888.530,310.390,3,3051.570,1,1,131,131
13,decode,pi: build_attention_metadata,282.770,1513.180,1513.180,1,3051.570,1,1,131,131
13,decode,pi: sanitize_placeholder_ids,1.150,1.150,1.150,1,3051.570,1,1,131,131
13,decode,pi: sync_input_prep,130.630,2867.290,2867.290,1,3051.570,1,1,131,131
13,decode,pi: TOTAL,3051.570,3051.570,3051.570,1,3051.570,1,1,131,131
14,decode,pi: update_states,108.950,108.950,108.950,1,3089.990,1,1,131,131
14,decode,pi: tokens_list,0.970,0.970,0.970,1,3089.990,1,1,131,131
14,decode,pi: phase_classify,49.460,49.460,49.460,1,3089.990,1,1,131,131
14,decode,pi: in.block_table_commit,86.180,86.180,86.180,1,3089.990,1,1,131,131
14,decode,pi: in.req_indices,8.980,8.980,8.980,1,3089.990,1,1,131,131
14,decode,pi: in.attn_state,26.600,26.600,26.600,1,3089.990,1,1,131,131
14,decode,pi: in.positions,25.120,25.120,25.120,1,3089.990,1,1,131,131
14,decode,pi: in.prev_positions,33.140,33.140,33.140,1,3089.990,1,1,131,131
14,decode,pi: in.token_indices_select,25.760,25.760,25.760,1,3089.990,1,1,131,131
14,decode,pi: in.query_start_loc,26.630,26.630,26.630,1,3089.990,1,1,131,131
14,decode,pi: in.optimistic_seq_lens,49.960,49.960,49.960,1,3089.990,1,1,131,131
14,decode,pi: in.prepare_input_ids,71.210,71.210,71.210,1,3089.990,1,1,131,131
14,decode,pi: in.mrope_positions,41.430,41.430,41.430,1,3089.990,1,1,131,131
14,decode,pi: in.discard_mask,58.950,58.950,58.950,1,3089.990,1,1,131,131
14,decode,pi: in.num_accepted_tokens,14.840,14.840,14.840,1,3089.990,1,1,131,131
14,decode,pi: in.num_computed_tokens,41.210,41.210,41.210,1,3089.990,1,1,131,131
14,decode,pi: in.tokens_to_gpu,58.720,58.720,58.720,1,3089.990,1,1,131,131
14,decode,pi: in.positions_assembly,110.130,110.130,110.130,1,3089.990,1,1,131,131
14,decode,pi: in.seq_lens,58.740,58.740,58.740,1,3089.990,1,1,131,131
14,decode,pi: in.slot_mapping,135.580,135.580,135.580,1,3089.990,1,1,131,131
14,decode,pi: in.mrope_drift,0.770,0.770,0.770,1,3089.990,1,1,131,131
14,decode,pi: in.logits_indices,39.020,39.020,36.580,2,3089.990,1,1,131,131
14,decode,pi: prepare_inputs,94.300,1007.270,1007.270,1,3089.990,1,1,131,131
14,decode,pi: cascade_attn_prefix_lens,10.340,10.340,10.340,1,3089.990,1,1,131,131
14,decode,pi: batch_exec_and_padding,50.020,50.020,50.020,1,3089.990,1,1,131,131
14,decode,pi: ubatch_slices,1.480,1.480,1.480,1,3089.990,1,1,131,131
14,decode,pi: pad_query_start_loc,27.930,27.930,27.930,1,3089.990,1,1,131,131
14,decode,pi: am.max_seq_len,18.210,18.210,18.210,1,3089.990,1,1,131,131
14,decode,pi: am.cm_base_pre,77.700,77.700,77.700,1,3089.990,1,1,131,131
14,decode,pi: am.build.split_decodes,9.190,9.190,9.190,1,3089.990,1,1,131,131
14,decode,pi: am.build.seq_lens_select,8.740,8.740,8.740,1,3089.990,1,1,131,131
14,decode,pi: am.build.attn_mask,1.280,1.280,1.280,1,3089.990,1,1,131,131
14,decode,pi: am.build.qsl_h2d,33.590,33.590,33.590,1,3089.990,1,1,131,131
14,decode,pi: am.build.tolist,9.090,9.090,9.090,1,3089.990,1,1,131,131
14,decode,pi: am.build.fia_pad,1.770,1.770,1.770,1,3089.990,1,1,131,131
14,decode,pi: am.build.backend_metadata,14.720,14.720,14.720,1,3089.990,1,1,131,131
14,decode,pi: am.build.metadata_ctor,6.530,6.530,6.530,1,3089.990,1,1,131,131
14,decode,pi: am.builder_build@AscendAttentionMetadataBuilder,36.540,121.450,121.450,1,3089.990,1,1,131,131
14,decode,pi: am.builder_build,19.550,1051.450,315.780,4,3089.990,1,1,131,131
14,decode,pi: am.layer_assign,7.250,7.250,2.040,4,3089.990,1,1,131,131
14,decode,pi: am.group_loop,86.200,1144.900,339.630,4,3089.990,1,1,131,131
14,decode,pi: am.builder_build@AscendGDNAttentionMetadataBuilder,910.450,910.450,310.480,3,3089.990,1,1,131,131
14,decode,pi: build_attention_metadata,273.050,1513.860,1513.860,1,3089.990,1,1,131,131
14,decode,pi: sanitize_placeholder_ids,1.130,1.130,1.130,1,3089.990,1,1,131,131
14,decode,pi: sync_input_prep,128.400,2899.810,2899.810,1,3089.990,1,1,131,131
14,decode,pi: TOTAL,3089.990,3089.990,3089.990,1,3089.990,1,1,131,131
15,decode,pi: update_states,101.280,101.280,101.280,1,3038.310,1,1,131,131
15,decode,pi: tokens_list,1.060,1.060,1.060,1,3038.310,1,1,131,131
15,decode,pi: phase_classify,77.210,77.210,77.210,1,3038.310,1,1,131,131
15,decode,pi: in.block_table_commit,88.630,88.630,88.630,1,3038.310,1,1,131,131
15,decode,pi: in.req_indices,10.780,10.780,10.780,1,3038.310,1,1,131,131
15,decode,pi: in.attn_state,28.520,28.520,28.520,1,3038.310,1,1,131,131
15,decode,pi: in.positions,24.910,24.910,24.910,1,3038.310,1,1,131,131
15,decode,pi: in.prev_positions,28.840,28.840,28.840,1,3038.310,1,1,131,131
15,decode,pi: in.token_indices_select,25.070,25.070,25.070,1,3038.310,1,1,131,131
15,decode,pi: in.query_start_loc,26.250,26.250,26.250,1,3038.310,1,1,131,131
15,decode,pi: in.optimistic_seq_lens,50.280,50.280,50.280,1,3038.310,1,1,131,131
15,decode,pi: in.prepare_input_ids,68.950,68.950,68.950,1,3038.310,1,1,131,131
15,decode,pi: in.mrope_positions,38.760,38.760,38.760,1,3038.310,1,1,131,131
15,decode,pi: in.discard_mask,58.290,58.290,58.290,1,3038.310,1,1,131,131
15,decode,pi: in.num_accepted_tokens,14.160,14.160,14.160,1,3038.310,1,1,131,131
15,decode,pi: in.num_computed_tokens,18.100,18.100,18.100,1,3038.310,1,1,131,131
15,decode,pi: in.tokens_to_gpu,57.110,57.110,57.110,1,3038.310,1,1,131,131
15,decode,pi: in.positions_assembly,112.510,112.510,112.510,1,3038.310,1,1,131,131
15,decode,pi: in.seq_lens,55.130,55.130,55.130,1,3038.310,1,1,131,131
15,decode,pi: in.slot_mapping,136.560,136.560,136.560,1,3038.310,1,1,131,131
15,decode,pi: in.mrope_drift,0.730,0.730,0.730,1,3038.310,1,1,131,131
15,decode,pi: in.logits_indices,40.230,40.230,37.500,2,3038.310,1,1,131,131
15,decode,pi: prepare_inputs,94.720,978.530,978.530,1,3038.310,1,1,131,131
15,decode,pi: cascade_attn_prefix_lens,10.360,10.360,10.360,1,3038.310,1,1,131,131
15,decode,pi: batch_exec_and_padding,49.090,49.090,49.090,1,3038.310,1,1,131,131
15,decode,pi: ubatch_slices,1.530,1.530,1.530,1,3038.310,1,1,131,131
15,decode,pi: pad_query_start_loc,28.660,28.660,28.660,1,3038.310,1,1,131,131
15,decode,pi: am.max_seq_len,17.970,17.970,17.970,1,3038.310,1,1,131,131
15,decode,pi: am.cm_base_pre,74.480,74.480,74.480,1,3038.310,1,1,131,131
15,decode,pi: am.build.split_decodes,8.980,8.980,8.980,1,3038.310,1,1,131,131
15,decode,pi: am.build.seq_lens_select,8.930,8.930,8.930,1,3038.310,1,1,131,131
15,decode,pi: am.build.attn_mask,1.200,1.200,1.200,1,3038.310,1,1,131,131
15,decode,pi: am.build.qsl_h2d,34.020,34.020,34.020,1,3038.310,1,1,131,131
15,decode,pi: am.build.tolist,9.020,9.020,9.020,1,3038.310,1,1,131,131
15,decode,pi: am.build.fia_pad,1.640,1.640,1.640,1,3038.310,1,1,131,131
15,decode,pi: am.build.backend_metadata,15.080,15.080,15.080,1,3038.310,1,1,131,131
15,decode,pi: am.build.metadata_ctor,6.340,6.340,6.340,1,3038.310,1,1,131,131
15,decode,pi: am.builder_build@AscendAttentionMetadataBuilder,35.830,121.040,121.040,1,3038.310,1,1,131,131
15,decode,pi: am.builder_build,19.720,1042.190,323.650,4,3038.310,1,1,131,131
15,decode,pi: am.layer_assign,7.290,7.290,2.150,4,3038.310,1,1,131,131
15,decode,pi: am.group_loop,84.370,1133.850,346.680,4,3038.310,1,1,131,131
15,decode,pi: am.builder_build@AscendGDNAttentionMetadataBuilder,901.430,901.430,318.140,3,3038.310,1,1,131,131
15,decode,pi: build_attention_metadata,277.480,1503.780,1503.780,1,3038.310,1,1,131,131
15,decode,pi: sanitize_placeholder_ids,1.030,1.030,1.030,1,3038.310,1,1,131,131
15,decode,pi: sync_input_prep,102.470,2855.000,2855.000,1,3038.310,1,1,131,131
15,decode,pi: TOTAL,3038.310,3038.310,3038.310,1,3038.310,1,1,131,131
16,decode,pi: update_states,108.180,108.180,108.180,1,3092.490,1,1,131,131
16,decode,pi: tokens_list,1.060,1.060,1.060,1,3092.490,1,1,131,131
16,decode,pi: phase_classify,48.880,48.880,48.880,1,3092.490,1,1,131,131
16,decode,pi: in.block_table_commit,82.860,82.860,82.860,1,3092.490,1,1,131,131
16,decode,pi: in.req_indices,9.410,9.410,9.410,1,3092.490,1,1,131,131
16,decode,pi: in.attn_state,27.100,27.100,27.100,1,3092.490,1,1,131,131
16,decode,pi: in.positions,24.930,24.930,24.930,1,3092.490,1,1,131,131
16,decode,pi: in.prev_positions,30.190,30.190,30.190,1,3092.490,1,1,131,131
16,decode,pi: in.token_indices_select,25.550,25.550,25.550,1,3092.490,1,1,131,131
16,decode,pi: in.query_start_loc,31.830,31.830,31.830,1,3092.490,1,1,131,131
16,decode,pi: in.optimistic_seq_lens,47.490,47.490,47.490,1,3092.490,1,1,131,131
16,decode,pi: in.prepare_input_ids,64.850,64.850,64.850,1,3092.490,1,1,131,131
16,decode,pi: in.mrope_positions,38.600,38.600,38.600,1,3092.490,1,1,131,131
16,decode,pi: in.discard_mask,57.400,57.400,57.400,1,3092.490,1,1,131,131
16,decode,pi: in.num_accepted_tokens,13.640,13.640,13.640,1,3092.490,1,1,131,131
16,decode,pi: in.num_computed_tokens,18.060,18.060,18.060,1,3092.490,1,1,131,131
16,decode,pi: in.tokens_to_gpu,61.180,61.180,61.180,1,3092.490,1,1,131,131
16,decode,pi: in.positions_assembly,117.830,117.830,117.830,1,3092.490,1,1,131,131
16,decode,pi: in.seq_lens,61.780,61.780,61.780,1,3092.490,1,1,131,131
16,decode,pi: in.slot_mapping,137.950,137.950,137.950,1,3092.490,1,1,131,131
16,decode,pi: in.mrope_drift,0.660,0.660,0.660,1,3092.490,1,1,131,131
16,decode,pi: in.logits_indices,39.540,39.540,37.170,2,3092.490,1,1,131,131
16,decode,pi: prepare_inputs,94.300,985.150,985.150,1,3092.490,1,1,131,131
16,decode,pi: cascade_attn_prefix_lens,10.710,10.710,10.710,1,3092.490,1,1,131,131
16,decode,pi: batch_exec_and_padding,50.190,50.190,50.190,1,3092.490,1,1,131,131
16,decode,pi: ubatch_slices,1.590,1.590,1.590,1,3092.490,1,1,131,131
16,decode,pi: pad_query_start_loc,28.070,28.070,28.070,1,3092.490,1,1,131,131
16,decode,pi: am.max_seq_len,18.050,18.050,18.050,1,3092.490,1,1,131,131
16,decode,pi: am.cm_base_pre,72.260,72.260,72.260,1,3092.490,1,1,131,131
16,decode,pi: am.build.split_decodes,9.160,9.160,9.160,1,3092.490,1,1,131,131
16,decode,pi: am.build.seq_lens_select,8.370,8.370,8.370,1,3092.490,1,1,131,131
16,decode,pi: am.build.attn_mask,1.120,1.120,1.120,1,3092.490,1,1,131,131
16,decode,pi: am.build.qsl_h2d,35.340,35.340,35.340,1,3092.490,1,1,131,131
16,decode,pi: am.build.tolist,9.120,9.120,9.120,1,3092.490,1,1,131,131
16,decode,pi: am.build.fia_pad,1.730,1.730,1.730,1,3092.490,1,1,131,131
16,decode,pi: am.build.backend_metadata,14.220,14.220,14.220,1,3092.490,1,1,131,131
16,decode,pi: am.build.metadata_ctor,6.310,6.310,6.310,1,3092.490,1,1,131,131
16,decode,pi: am.builder_build@AscendAttentionMetadataBuilder,35.360,120.730,120.730,1,3092.490,1,1,131,131
16,decode,pi: am.builder_build,20.070,1064.670,324.150,4,3092.490,1,1,131,131
16,decode,pi: am.layer_assign,7.310,7.310,2.090,4,3092.490,1,1,131,131
16,decode,pi: am.group_loop,84.360,1156.340,347.470,4,3092.490,1,1,131,131
16,decode,pi: am.builder_build@AscendGDNAttentionMetadataBuilder,923.870,923.870,318.950,3,3092.490,1,1,131,131
16,decode,pi: build_attention_metadata,271.990,1518.640,1518.640,1,3092.490,1,1,131,131
16,decode,pi: sanitize_placeholder_ids,1.230,1.230,1.230,1,3092.490,1,1,131,131
16,decode,pi: sync_input_prep,129.950,2883.650,2883.650,1,3092.490,1,1,131,131
16,decode,pi: TOTAL,3092.490,3092.490,3092.490,1,3092.490,1,1,131,131
17,decode,pi: update_states,99.960,99.960,99.960,1,3075.690,1,1,131,131
17,decode,pi: tokens_list,1.050,1.050,1.050,1,3075.690,1,1,131,131
17,decode,pi: phase_classify,77.780,77.780,77.780,1,3075.690,1,1,131,131
17,decode,pi: in.block_table_commit,87.330,87.330,87.330,1,3075.690,1,1,131,131
17,decode,pi: in.req_indices,10.920,10.920,10.920,1,3075.690,1,1,131,131
17,decode,pi: in.attn_state,28.710,28.710,28.710,1,3075.690,1,1,131,131
17,decode,pi: in.positions,26.280,26.280,26.280,1,3075.690,1,1,131,131
17,decode,pi: in.prev_positions,29.270,29.270,29.270,1,3075.690,1,1,131,131
17,decode,pi: in.token_indices_select,25.530,25.530,25.530,1,3075.690,1,1,131,131
17,decode,pi: in.query_start_loc,27.840,27.840,27.840,1,3075.690,1,1,131,131
17,decode,pi: in.optimistic_seq_lens,50.110,50.110,50.110,1,3075.690,1,1,131,131
17,decode,pi: in.prepare_input_ids,64.660,64.660,64.660,1,3075.690,1,1,131,131
17,decode,pi: in.mrope_positions,38.240,38.240,38.240,1,3075.690,1,1,131,131
17,decode,pi: in.discard_mask,62.460,62.460,62.460,1,3075.690,1,1,131,131
17,decode,pi: in.num_accepted_tokens,14.880,14.880,14.880,1,3075.690,1,1,131,131
17,decode,pi: in.num_computed_tokens,18.270,18.270,18.270,1,3075.690,1,1,131,131
17,decode,pi: in.tokens_to_gpu,56.460,56.460,56.460,1,3075.690,1,1,131,131
17,decode,pi: in.positions_assembly,113.200,113.200,113.200,1,3075.690,1,1,131,131
17,decode,pi: in.seq_lens,55.070,55.070,55.070,1,3075.690,1,1,131,131
17,decode,pi: in.slot_mapping,131.340,131.340,131.340,1,3075.690,1,1,131,131
17,decode,pi: in.mrope_drift,0.640,0.640,0.640,1,3075.690,1,1,131,131
17,decode,pi: in.logits_indices,39.380,39.380,36.610,2,3075.690,1,1,131,131
17,decode,pi: prepare_inputs,93.670,974.260,974.260,1,3075.690,1,1,131,131
17,decode,pi: cascade_attn_prefix_lens,10.040,10.040,10.040,1,3075.690,1,1,131,131
17,decode,pi: batch_exec_and_padding,50.270,50.270,50.270,1,3075.690,1,1,131,131
17,decode,pi: ubatch_slices,1.450,1.450,1.450,1,3075.690,1,1,131,131
17,decode,pi: pad_query_start_loc,31.130,31.130,31.130,1,3075.690,1,1,131,131
17,decode,pi: am.max_seq_len,17.520,17.520,17.520,1,3075.690,1,1,131,131
17,decode,pi: am.cm_base_pre,75.080,75.080,75.080,1,3075.690,1,1,131,131
17,decode,pi: am.build.split_decodes,9.210,9.210,9.210,1,3075.690,1,1,131,131
17,decode,pi: am.build.seq_lens_select,9.260,9.260,9.260,1,3075.690,1,1,131,131
17,decode,pi: am.build.attn_mask,1.270,1.270,1.270,1,3075.690,1,1,131,131
17,decode,pi: am.build.qsl_h2d,31.950,31.950,31.950,1,3075.690,1,1,131,131
17,decode,pi: am.build.tolist,9.210,9.210,9.210,1,3075.690,1,1,131,131
17,decode,pi: am.build.fia_pad,1.820,1.820,1.820,1,3075.690,1,1,131,131
17,decode,pi: am.build.backend_metadata,15.220,15.220,15.220,1,3075.690,1,1,131,131
17,decode,pi: am.build.metadata_ctor,6.250,6.250,6.250,1,3075.690,1,1,131,131
17,decode,pi: am.builder_build@AscendAttentionMetadataBuilder,35.780,119.970,119.970,1,3075.690,1,1,131,131
17,decode,pi: am.builder_build,20.370,1049.670,322.370,4,3075.690,1,1,131,131
17,decode,pi: am.layer_assign,7.370,7.370,2.180,4,3075.690,1,1,131,131
17,decode,pi: am.group_loop,107.330,1164.370,353.500,4,3075.690,1,1,131,131
17,decode,pi: am.builder_build@AscendGDNAttentionMetadataBuilder,909.330,909.330,316.990,3,3075.690,1,1,131,131
17,decode,pi: build_attention_metadata,282.980,1539.950,1539.950,1,3075.690,1,1,131,131
17,decode,pi: sanitize_placeholder_ids,1.150,1.150,1.150,1,3075.690,1,1,131,131
17,decode,pi: sync_input_prep,104.700,2891.740,2891.740,1,3075.690,1,1,131,131
17,decode,pi: TOTAL,3075.690,3075.690,3075.690,1,3075.690,1,1,131,131
18,decode,pi: update_states,108.580,108.580,108.580,1,3099.310,1,1,131,131
18,decode,pi: tokens_list,1.080,1.080,1.080,1,3099.310,1,1,131,131
18,decode,pi: phase_classify,49.990,49.990,49.990,1,3099.310,1,1,131,131
18,decode,pi: in.block_table_commit,83.990,83.990,83.990,1,3099.310,1,1,131,131
18,decode,pi: in.req_indices,9.620,9.620,9.620,1,3099.310,1,1,131,131
18,decode,pi: in.attn_state,28.090,28.090,28.090,1,3099.310,1,1,131,131
18,decode,pi: in.positions,26.280,26.280,26.280,1,3099.310,1,1,131,131
18,decode,pi: in.prev_positions,29.070,29.070,29.070,1,3099.310,1,1,131,131
18,decode,pi: in.token_indices_select,24.580,24.580,24.580,1,3099.310,1,1,131,131
18,decode,pi: in.query_start_loc,26.540,26.540,26.540,1,3099.310,1,1,131,131
18,decode,pi: in.optimistic_seq_lens,52.900,52.900,52.900,1,3099.310,1,1,131,131
18,decode,pi: in.prepare_input_ids,64.680,64.680,64.680,1,3099.310,1,1,131,131
18,decode,pi: in.mrope_positions,39.610,39.610,39.610,1,3099.310,1,1,131,131
18,decode,pi: in.discard_mask,58.380,58.380,58.380,1,3099.310,1,1,131,131
18,decode,pi: in.num_accepted_tokens,15.800,15.800,15.800,1,3099.310,1,1,131,131
18,decode,pi: in.num_computed_tokens,18.050,18.050,18.050,1,3099.310,1,1,131,131
18,decode,pi: in.tokens_to_gpu,63.660,63.660,63.660,1,3099.310,1,1,131,131
18,decode,pi: in.positions_assembly,110.390,110.390,110.390,1,3099.310,1,1,131,131
18,decode,pi: in.seq_lens,58.300,58.300,58.300,1,3099.310,1,1,131,131
18,decode,pi: in.slot_mapping,131.300,131.300,131.300,1,3099.310,1,1,131,131
18,decode,pi: in.mrope_drift,0.630,0.630,0.630,1,3099.310,1,1,131,131
18,decode,pi: in.logits_indices,44.440,44.440,41.820,2,3099.310,1,1,131,131
18,decode,pi: prepare_inputs,94.350,980.660,980.660,1,3099.310,1,1,131,131
18,decode,pi: cascade_attn_prefix_lens,10.890,10.890,10.890,1,3099.310,1,1,131,131
18,decode,pi: batch_exec_and_padding,51.920,51.920,51.920,1,3099.310,1,1,131,131
18,decode,pi: ubatch_slices,1.570,1.570,1.570,1,3099.310,1,1,131,131
18,decode,pi: pad_query_start_loc,29.790,29.790,29.790,1,3099.310,1,1,131,131
18,decode,pi: am.max_seq_len,18.510,18.510,18.510,1,3099.310,1,1,131,131
18,decode,pi: am.cm_base_pre,75.210,75.210,75.210,1,3099.310,1,1,131,131
18,decode,pi: am.build.split_decodes,9.290,9.290,9.290,1,3099.310,1,1,131,131
18,decode,pi: am.build.seq_lens_select,8.710,8.710,8.710,1,3099.310,1,1,131,131
18,decode,pi: am.build.attn_mask,1.220,1.220,1.220,1,3099.310,1,1,131,131
18,decode,pi: am.build.qsl_h2d,34.120,34.120,34.120,1,3099.310,1,1,131,131
18,decode,pi: am.build.tolist,9.450,9.450,9.450,1,3099.310,1,1,131,131
18,decode,pi: am.build.fia_pad,1.740,1.740,1.740,1,3099.310,1,1,131,131
18,decode,pi: am.build.backend_metadata,15.470,15.470,15.470,1,3099.310,1,1,131,131
18,decode,pi: am.build.metadata_ctor,6.400,6.400,6.400,1,3099.310,1,1,131,131
18,decode,pi: am.builder_build@AscendAttentionMetadataBuilder,35.810,122.210,122.210,1,3099.310,1,1,131,131
18,decode,pi: am.builder_build,19.840,1051.510,324.790,4,3099.310,1,1,131,131
18,decode,pi: am.layer_assign,7.250,7.250,2.020,4,3099.310,1,1,131,131
18,decode,pi: am.group_loop,85.880,1144.640,348.210,4,3099.310,1,1,131,131
18,decode,pi: am.builder_build@AscendGDNAttentionMetadataBuilder,909.460,909.460,319.680,3,3099.310,1,1,131,131
18,decode,pi: build_attention_metadata,284.150,1522.510,1522.510,1,3099.310,1,1,131,131
18,decode,pi: sanitize_placeholder_ids,1.170,1.170,1.170,1,3099.310,1,1,131,131
18,decode,pi: sync_input_prep,147.930,2906.090,2906.090,1,3099.310,1,1,131,131
18,decode,pi: TOTAL,3099.310,3099.310,3099.310,1,3099.310,1,1,131,131
19,decode,pi: update_states,99.510,99.510,99.510,1,3083.060,1,1,131,131
19,decode,pi: tokens_list,1.020,1.020,1.020,1,3083.060,1,1,131,131
19,decode,pi: phase_classify,79.040,79.040,79.040,1,3083.060,1,1,131,131
19,decode,pi: in.block_table_commit,102.520,102.520,102.520,1,3083.060,1,1,131,131
19,decode,pi: in.req_indices,10.990,10.990,10.990,1,3083.060,1,1,131,131
19,decode,pi: in.attn_state,29.500,29.500,29.500,1,3083.060,1,1,131,131
19,decode,pi: in.positions,25.300,25.300,25.300,1,3083.060,1,1,131,131
19,decode,pi: in.prev_positions,34.150,34.150,34.150,1,3083.060,1,1,131,131
19,decode,pi: in.token_indices_select,25.410,25.410,25.410,1,3083.060,1,1,131,131
19,decode,pi: in.query_start_loc,27.320,27.320,27.320,1,3083.060,1,1,131,131
19,decode,pi: in.optimistic_seq_lens,49.010,49.010,49.010,1,3083.060,1,1,131,131
19,decode,pi: in.prepare_input_ids,64.840,64.840,64.840,1,3083.060,1,1,131,131
19,decode,pi: in.mrope_positions,40.220,40.220,40.220,1,3083.060,1,1,131,131
19,decode,pi: in.discard_mask,57.410,57.410,57.410,1,3083.060,1,1,131,131
19,decode,pi: in.num_accepted_tokens,17.240,17.240,17.240,1,3083.060,1,1,131,131
19,decode,pi: in.num_computed_tokens,18.670,18.670,18.670,1,3083.060,1,1,131,131
19,decode,pi: in.tokens_to_gpu,58.950,58.950,58.950,1,3083.060,1,1,131,131
19,decode,pi: in.positions_assembly,113.470,113.470,113.470,1,3083.060,1,1,131,131
19,decode,pi: in.seq_lens,55.210,55.210,55.210,1,3083.060,1,1,131,131
19,decode,pi: in.slot_mapping,136.090,136.090,136.090,1,3083.060,1,1,131,131
19,decode,pi: in.mrope_drift,0.680,0.680,0.680,1,3083.060,1,1,131,131
19,decode,pi: in.logits_indices,40.160,40.160,37.360,2,3083.060,1,1,131,131
19,decode,pi: prepare_inputs,94.110,1001.250,1001.250,1,3083.060,1,1,131,131
19,decode,pi: cascade_attn_prefix_lens,10.210,10.210,10.210,1,3083.060,1,1,131,131
19,decode,pi: batch_exec_and_padding,49.770,49.770,49.770,1,3083.060,1,1,131,131
19,decode,pi: ubatch_slices,1.490,1.490,1.490,1,3083.060,1,1,131,131
19,decode,pi: pad_query_start_loc,28.080,28.080,28.080,1,3083.060,1,1,131,131
19,decode,pi: am.max_seq_len,17.910,17.910,17.910,1,3083.060,1,1,131,131
19,decode,pi: am.cm_base_pre,79.670,79.670,79.670,1,3083.060,1,1,131,131
19,decode,pi: am.build.split_decodes,9.130,9.130,9.130,1,3083.060,1,1,131,131
19,decode,pi: am.build.seq_lens_select,8.440,8.440,8.440,1,3083.060,1,1,131,131
19,decode,pi: am.build.attn_mask,1.240,1.240,1.240,1,3083.060,1,1,131,131
19,decode,pi: am.build.qsl_h2d,32.550,32.550,32.550,1,3083.060,1,1,131,131
19,decode,pi: am.build.tolist,9.700,9.700,9.700,1,3083.060,1,1,131,131
19,decode,pi: am.build.fia_pad,1.630,1.630,1.630,1,3083.060,1,1,131,131
19,decode,pi: am.build.backend_metadata,15.740,15.740,15.740,1,3083.060,1,1,131,131
19,decode,pi: am.build.metadata_ctor,6.110,6.110,6.110,1,3083.060,1,1,131,131
19,decode,pi: am.builder_build@AscendAttentionMetadataBuilder,36.320,120.860,120.860,1,3083.060,1,1,131,131
19,decode,pi: am.builder_build,19.290,1049.650,325.600,4,3083.060,1,1,131,131
19,decode,pi: am.layer_assign,7.470,7.470,2.180,4,3083.060,1,1,131,131
19,decode,pi: am.group_loop,85.310,1142.430,349.240,4,3083.060,1,1,131,131
19,decode,pi: am.builder_build@AscendGDNAttentionMetadataBuilder,909.500,909.500,320.460,3,3083.060,1,1,131,131
19,decode,pi: build_attention_metadata,275.980,1515.990,1515.990,1,3083.060,1,1,131,131
19,decode,pi: sanitize_placeholder_ids,1.090,1.090,1.090,1,3083.060,1,1,131,131
19,decode,pi: sync_input_prep,106.600,2894.050,2894.050,1,3083.060,1,1,131,131
19,decode,pi: TOTAL,3083.060,3083.060,3083.060,1,3083.060,1,1,131,131
20,decode,pi: update_states,109.510,109.510,109.510,1,3067.180,1,1,131,131
20,decode,pi: tokens_list,1.080,1.080,1.080,1,3067.180,1,1,131,131
20,decode,pi: phase_classify,49.820,49.820,49.820,1,3067.180,1,1,131,131
20,decode,pi: in.block_table_commit,85.090,85.090,85.090,1,3067.180,1,1,131,131
20,decode,pi: in.req_indices,9.490,9.490,9.490,1,3067.180,1,1,131,131
20,decode,pi: in.attn_state,27.770,27.770,27.770,1,3067.180,1,1,131,131
20,decode,pi: in.positions,25.050,25.050,25.050,1,3067.180,1,1,131,131
20,decode,pi: in.prev_positions,29.090,29.090,29.090,1,3067.180,1,1,131,131
20,decode,pi: in.token_indices_select,25.000,25.000,25.000,1,3067.180,1,1,131,131
20,decode,pi: in.query_start_loc,25.940,25.940,25.940,1,3067.180,1,1,131,131
20,decode,pi: in.optimistic_seq_lens,52.300,52.300,52.300,1,3067.180,1,1,131,131
20,decode,pi: in.prepare_input_ids,64.540,64.540,64.540,1,3067.180,1,1,131,131
20,decode,pi: in.mrope_positions,38.610,38.610,38.610,1,3067.180,1,1,131,131
20,decode,pi: in.discard_mask,56.640,56.640,56.640,1,3067.180,1,1,131,131
20,decode,pi: in.num_accepted_tokens,14.310,14.310,14.310,1,3067.180,1,1,131,131
20,decode,pi: in.num_computed_tokens,16.100,16.100,16.100,1,3067.180,1,1,131,131
20,decode,pi: in.tokens_to_gpu,62.650,62.650,62.650,1,3067.180,1,1,131,131
20,decode,pi: in.positions_assembly,109.270,109.270,109.270,1,3067.180,1,1,131,131
20,decode,pi: in.seq_lens,59.300,59.300,59.300,1,3067.180,1,1,131,131
20,decode,pi: in.slot_mapping,136.280,136.280,136.280,1,3067.180,1,1,131,131
20,decode,pi: in.mrope_drift,0.630,0.630,0.630,1,3067.180,1,1,131,131
20,decode,pi: in.logits_indices,40.220,40.220,37.860,2,3067.180,1,1,131,131
20,decode,pi: prepare_inputs,94.490,972.770,972.770,1,3067.180,1,1,131,131
20,decode,pi: cascade_attn_prefix_lens,10.200,10.200,10.200,1,3067.180,1,1,131,131
20,decode,pi: batch_exec_and_padding,49.390,49.390,49.390,1,3067.180,1,1,131,131
20,decode,pi: ubatch_slices,1.460,1.460,1.460,1,3067.180,1,1,131,131
20,decode,pi: pad_query_start_loc,28.880,28.880,28.880,1,3067.180,1,1,131,131
20,decode,pi: am.max_seq_len,17.280,17.280,17.280,1,3067.180,1,1,131,131
20,decode,pi: am.cm_base_pre,72.140,72.140,72.140,1,3067.180,1,1,131,131
20,decode,pi: am.build.split_decodes,8.850,8.850,8.850,1,3067.180,1,1,131,131
20,decode,pi: am.build.seq_lens_select,9.220,9.220,9.220,1,3067.180,1,1,131,131
20,decode,pi: am.build.attn_mask,1.170,1.170,1.170,1,3067.180,1,1,131,131
20,decode,pi: am.build.qsl_h2d,34.360,34.360,34.360,1,3067.180,1,1,131,131
20,decode,pi: am.build.tolist,9.550,9.550,9.550,1,3067.180,1,1,131,131
20,decode,pi: am.build.fia_pad,1.780,1.780,1.780,1,3067.180,1,1,131,131
20,decode,pi: am.build.backend_metadata,15.540,15.540,15.540,1,3067.180,1,1,131,131
20,decode,pi: am.build.metadata_ctor,6.340,6.340,6.340,1,3067.180,1,1,131,131
20,decode,pi: am.builder_build@AscendAttentionMetadataBuilder,36.270,123.080,123.080,1,3067.180,1,1,131,131
20,decode,pi: am.builder_build,19.470,1052.120,323.800,4,3067.180,1,1,131,131
20,decode,pi: am.layer_assign,7.340,7.340,2.140,4,3067.180,1,1,131,131
20,decode,pi: am.group_loop,85.790,1145.250,347.430,4,3067.180,1,1,131,131
20,decode,pi: am.builder_build@AscendGDNAttentionMetadataBuilder,909.570,909.570,318.560,3,3067.180,1,1,131,131
20,decode,pi: build_attention_metadata,288.900,1523.570,1523.570,1,3067.180,1,1,131,131
20,decode,pi: sanitize_placeholder_ids,1.130,1.130,1.130,1,3067.180,1,1,131,131
20,decode,pi: sync_input_prep,130.930,2878.740,2878.740,1,3067.180,1,1,131,131
20,decode,pi: TOTAL,3067.180,3067.180,3067.180,1,3067.180,1,1,131,131
21,decode,pi: update_states,111.750,111.750,111.750,1,3081.470,1,1,131,131
21,decode,pi: tokens_list,1.070,1.070,1.070,1,3081.470,1,1,131,131
21,decode,pi: phase_classify,50.080,50.080,50.080,1,3081.470,1,1,131,131
21,decode,pi: in.block_table_commit,89.290,89.290,89.290,1,3081.470,1,1,131,131
21,decode,pi: in.req_indices,9.580,9.580,9.580,1,3081.470,1,1,131,131
21,decode,pi: in.attn_state,26.640,26.640,26.640,1,3081.470,1,1,131,131
21,decode,pi: in.positions,24.740,24.740,24.740,1,3081.470,1,1,131,131
21,decode,pi: in.prev_positions,29.300,29.300,29.300,1,3081.470,1,1,131,131
21,decode,pi: in.token_indices_select,24.890,24.890,24.890,1,3081.470,1,1,131,131
21,decode,pi: in.query_start_loc,30.000,30.000,30.000,1,3081.470,1,1,131,131
21,decode,pi: in.optimistic_seq_lens,50.700,50.700,50.700,1,3081.470,1,1,131,131
21,decode,pi: in.prepare_input_ids,64.350,64.350,64.350,1,3081.470,1,1,131,131
21,decode,pi: in.mrope_positions,38.800,38.800,38.800,1,3081.470,1,1,131,131
21,decode,pi: in.discard_mask,55.960,55.960,55.960,1,3081.470,1,1,131,131
21,decode,pi: in.num_accepted_tokens,14.290,14.290,14.290,1,3081.470,1,1,131,131
21,decode,pi: in.num_computed_tokens,21.830,21.830,21.830,1,3081.470,1,1,131,131
21,decode,pi: in.tokens_to_gpu,59.500,59.500,59.500,1,3081.470,1,1,131,131
21,decode,pi: in.positions_assembly,105.520,105.520,105.520,1,3081.470,1,1,131,131
21,decode,pi: in.seq_lens,58.940,58.940,58.940,1,3081.470,1,1,131,131
21,decode,pi: in.slot_mapping,133.110,133.110,133.110,1,3081.470,1,1,131,131
21,decode,pi: in.mrope_drift,0.700,0.700,0.700,1,3081.470,1,1,131,131
21,decode,pi: in.logits_indices,39.880,39.880,37.010,2,3081.470,1,1,131,131
21,decode,pi: prepare_inputs,93.150,971.170,971.170,1,3081.470,1,1,131,131
21,decode,pi: cascade_attn_prefix_lens,10.380,10.380,10.380,1,3081.470,1,1,131,131
21,decode,pi: batch_exec_and_padding,49.650,49.650,49.650,1,3081.470,1,1,131,131
21,decode,pi: ubatch_slices,1.480,1.480,1.480,1,3081.470,1,1,131,131
21,decode,pi: pad_query_start_loc,29.230,29.230,29.230,1,3081.470,1,1,131,131
21,decode,pi: am.max_seq_len,17.730,17.730,17.730,1,3081.470,1,1,131,131
21,decode,pi: am.cm_base_pre,77.050,77.050,77.050,1,3081.470,1,1,131,131
21,decode,pi: am.build.split_decodes,8.770,8.770,8.770,1,3081.470,1,1,131,131
21,decode,pi: am.build.seq_lens_select,8.170,8.170,8.170,1,3081.470,1,1,131,131
21,decode,pi: am.build.attn_mask,1.290,1.290,1.290,1,3081.470,1,1,131,131
21,decode,pi: am.build.qsl_h2d,33.290,33.290,33.290,1,3081.470,1,1,131,131
21,decode,pi: am.build.tolist,10.250,10.250,10.250,1,3081.470,1,1,131,131
21,decode,pi: am.build.fia_pad,1.730,1.730,1.730,1,3081.470,1,1,131,131
21,decode,pi: am.build.backend_metadata,15.420,15.420,15.420,1,3081.470,1,1,131,131
21,decode,pi: am.build.metadata_ctor,6.350,6.350,6.350,1,3081.470,1,1,131,131
21,decode,pi: am.builder_build@AscendAttentionMetadataBuilder,35.900,121.170,121.170,1,3081.470,1,1,131,131
21,decode,pi: am.builder_build,20.090,1073.090,324.360,4,3081.470,1,1,131,131
21,decode,pi: am.layer_assign,7.340,7.340,2.220,4,3081.470,1,1,131,131
21,decode,pi: am.group_loop,85.380,1165.810,347.780,4,3081.470,1,1,131,131
21,decode,pi: am.builder_build@AscendGDNAttentionMetadataBuilder,931.830,931.830,318.540,3,3081.470,1,1,131,131
21,decode,pi: build_attention_metadata,273.180,1533.770,1533.770,1,3081.470,1,1,131,131
21,decode,pi: sanitize_placeholder_ids,1.220,1.220,1.220,1,3081.470,1,1,131,131
21,decode,pi: sync_input_prep,131.530,2891.330,2891.330,1,3081.470,1,1,131,131
21,decode,pi: TOTAL,3081.470,3081.470,3081.470,1,3081.470,1,1,131,131
22,decode,pi: update_states,109.590,109.590,109.590,1,3093.320,1,1,131,131
22,decode,pi: tokens_list,1.080,1.080,1.080,1,3093.320,1,1,131,131
22,decode,pi: phase_classify,49.280,49.280,49.280,1,3093.320,1,1,131,131
22,decode,pi: in.block_table_commit,86.860,86.860,86.860,1,3093.320,1,1,131,131
22,decode,pi: in.req_indices,9.350,9.350,9.350,1,3093.320,1,1,131,131
22,decode,pi: in.attn_state,27.600,27.600,27.600,1,3093.320,1,1,131,131
22,decode,pi: in.positions,24.630,24.630,24.630,1,3093.320,1,1,131,131
22,decode,pi: in.prev_positions,29.910,29.910,29.910,1,3093.320,1,1,131,131
22,decode,pi: in.token_indices_select,24.940,24.940,24.940,1,3093.320,1,1,131,131
22,decode,pi: in.query_start_loc,25.170,25.170,25.170,1,3093.320,1,1,131,131
22,decode,pi: in.optimistic_seq_lens,51.270,51.270,51.270,1,3093.320,1,1,131,131
22,decode,pi: in.prepare_input_ids,65.950,65.950,65.950,1,3093.320,1,1,131,131
22,decode,pi: in.mrope_positions,42.180,42.180,42.180,1,3093.320,1,1,131,131
22,decode,pi: in.discard_mask,58.110,58.110,58.110,1,3093.320,1,1,131,131
22,decode,pi: in.num_accepted_tokens,14.230,14.230,14.230,1,3093.320,1,1,131,131
22,decode,pi: in.num_computed_tokens,18.210,18.210,18.210,1,3093.320,1,1,131,131
22,decode,pi: in.tokens_to_gpu,61.790,61.790,61.790,1,3093.320,1,1,131,131
22,decode,pi: in.positions_assembly,113.510,113.510,113.510,1,3093.320,1,1,131,131
22,decode,pi: in.seq_lens,54.500,54.500,54.500,1,3093.320,1,1,131,131
22,decode,pi: in.slot_mapping,135.020,135.020,135.020,1,3093.320,1,1,131,131
22,decode,pi: in.mrope_drift,0.600,0.600,0.600,1,3093.320,1,1,131,131
22,decode,pi: in.logits_indices,42.080,42.080,39.770,2,3093.320,1,1,131,131
22,decode,pi: prepare_inputs,93.900,979.810,979.810,1,3093.320,1,1,131,131
22,decode,pi: cascade_attn_prefix_lens,10.330,10.330,10.330,1,3093.320,1,1,131,131
22,decode,pi: batch_exec_and_padding,49.290,49.290,49.290,1,3093.320,1,1,131,131
22,decode,pi: ubatch_slices,1.470,1.470,1.470,1,3093.320,1,1,131,131
22,decode,pi: pad_query_start_loc,28.500,28.500,28.500,1,3093.320,1,1,131,131
22,decode,pi: am.max_seq_len,18.350,18.350,18.350,1,3093.320,1,1,131,131
22,decode,pi: am.cm_base_pre,76.420,76.420,76.420,1,3093.320,1,1,131,131
22,decode,pi: am.build.split_decodes,9.090,9.090,9.090,1,3093.320,1,1,131,131
22,decode,pi: am.build.seq_lens_select,8.020,8.020,8.020,1,3093.320,1,1,131,131
22,decode,pi: am.build.attn_mask,1.220,1.220,1.220,1,3093.320,1,1,131,131
22,decode,pi: am.build.qsl_h2d,32.600,32.600,32.600,1,3093.320,1,1,131,131
22,decode,pi: am.build.tolist,9.620,9.620,9.620,1,3093.320,1,1,131,131
22,decode,pi: am.build.fia_pad,1.760,1.760,1.760,1,3093.320,1,1,131,131
22,decode,pi: am.build.backend_metadata,15.200,15.200,15.200,1,3093.320,1,1,131,131
22,decode,pi: am.build.metadata_ctor,6.450,6.450,6.450,1,3093.320,1,1,131,131
22,decode,pi: am.builder_build@AscendAttentionMetadataBuilder,36.080,120.040,120.040,1,3093.320,1,1,131,131
22,decode,pi: am.builder_build,19.670,1053.450,330.710,4,3093.320,1,1,131,131
22,decode,pi: am.layer_assign,7.470,7.470,2.180,4,3093.320,1,1,131,131
22,decode,pi: am.group_loop,87.570,1148.490,355.670,4,3093.320,1,1,131,131
22,decode,pi: am.builder_build@AscendGDNAttentionMetadataBuilder,913.740,913.740,325.250,3,3093.320,1,1,131,131
22,decode,pi: build_attention_metadata,301.040,1544.300,1544.300,1,3093.320,1,1,131,131
22,decode,pi: sanitize_placeholder_ids,1.230,1.230,1.230,1,3093.320,1,1,131,131
22,decode,pi: sync_input_prep,131.360,2906.240,2906.240,1,3093.320,1,1,131,131
22,decode,pi: TOTAL,3093.320,3093.320,3093.320,1,3093.320,1,1,131,131
23,decode,pi: update_states,100.870,100.870,100.870,1,3086.140,1,1,131,131
23,decode,pi: tokens_list,1.150,1.150,1.150,1,3086.140,1,1,131,131
23,decode,pi: phase_classify,78.820,78.820,78.820,1,3086.140,1,1,131,131
23,decode,pi: in.block_table_commit,82.450,82.450,82.450,1,3086.140,1,1,131,131
23,decode,pi: in.req_indices,10.310,10.310,10.310,1,3086.140,1,1,131,131
23,decode,pi: in.attn_state,28.640,28.640,28.640,1,3086.140,1,1,131,131
23,decode,pi: in.positions,24.520,24.520,24.520,1,3086.140,1,1,131,131
23,decode,pi: in.prev_positions,31.270,31.270,31.270,1,3086.140,1,1,131,131
23,decode,pi: in.token_indices_select,25.420,25.420,25.420,1,3086.140,1,1,131,131
23,decode,pi: in.query_start_loc,30.370,30.370,30.370,1,3086.140,1,1,131,131
23,decode,pi: in.optimistic_seq_lens,50.440,50.440,50.440,1,3086.140,1,1,131,131
23,decode,pi: in.prepare_input_ids,66.560,66.560,66.560,1,3086.140,1,1,131,131
23,decode,pi: in.mrope_positions,38.880,38.880,38.880,1,3086.140,1,1,131,131
23,decode,pi: in.discard_mask,57.150,57.150,57.150,1,3086.140,1,1,131,131
23,decode,pi: in.num_accepted_tokens,14.370,14.370,14.370,1,3086.140,1,1,131,131
23,decode,pi: in.num_computed_tokens,30.390,30.390,30.390,1,3086.140,1,1,131,131
23,decode,pi: in.tokens_to_gpu,64.090,64.090,64.090,1,3086.140,1,1,131,131
23,decode,pi: in.positions_assembly,112.650,112.650,112.650,1,3086.140,1,1,131,131
23,decode,pi: in.seq_lens,62.720,62.720,62.720,1,3086.140,1,1,131,131
23,decode,pi: in.slot_mapping,133.370,133.370,133.370,1,3086.140,1,1,131,131
23,decode,pi: in.mrope_drift,0.690,0.690,0.690,1,3086.140,1,1,131,131
23,decode,pi: in.logits_indices,39.760,39.760,36.940,2,3086.140,1,1,131,131
23,decode,pi: prepare_inputs,94.860,998.910,998.910,1,3086.140,1,1,131,131
23,decode,pi: cascade_attn_prefix_lens,10.270,10.270,10.270,1,3086.140,1,1,131,131
23,decode,pi: batch_exec_and_padding,50.610,50.610,50.610,1,3086.140,1,1,131,131
23,decode,pi: ubatch_slices,1.520,1.520,1.520,1,3086.140,1,1,131,131
23,decode,pi: pad_query_start_loc,28.780,28.780,28.780,1,3086.140,1,1,131,131
23,decode,pi: am.max_seq_len,17.910,17.910,17.910,1,3086.140,1,1,131,131
23,decode,pi: am.cm_base_pre,74.910,74.910,74.910,1,3086.140,1,1,131,131
23,decode,pi: am.build.split_decodes,9.020,9.020,9.020,1,3086.140,1,1,131,131
23,decode,pi: am.build.seq_lens_select,8.160,8.160,8.160,1,3086.140,1,1,131,131
23,decode,pi: am.build.attn_mask,1.250,1.250,1.250,1,3086.140,1,1,131,131
23,decode,pi: am.build.qsl_h2d,37.470,37.470,37.470,1,3086.140,1,1,131,131
23,decode,pi: am.build.tolist,9.030,9.030,9.030,1,3086.140,1,1,131,131
23,decode,pi: am.build.fia_pad,1.730,1.730,1.730,1,3086.140,1,1,131,131
23,decode,pi: am.build.backend_metadata,15.030,15.030,15.030,1,3086.140,1,1,131,131
23,decode,pi: am.build.metadata_ctor,6.400,6.400,6.400,1,3086.140,1,1,131,131
23,decode,pi: am.builder_build@AscendAttentionMetadataBuilder,36.730,124.820,124.820,1,3086.140,1,1,131,131
23,decode,pi: am.builder_build,19.560,1055.300,320.900,4,3086.140,1,1,131,131
23,decode,pi: am.layer_assign,7.250,7.250,2.200,4,3086.140,1,1,131,131
23,decode,pi: am.group_loop,84.520,1147.070,344.150,4,3086.140,1,1,131,131
23,decode,pi: am.builder_build@AscendGDNAttentionMetadataBuilder,910.920,910.920,315.930,3,3086.140,1,1,131,131
23,decode,pi: build_attention_metadata,276.910,1516.800,1516.800,1,3086.140,1,1,131,131
23,decode,pi: sanitize_placeholder_ids,1.290,1.290,1.290,1,3086.140,1,1,131,131
23,decode,pi: sync_input_prep,104.960,2893.980,2893.980,1,3086.140,1,1,131,131
23,decode,pi: TOTAL,3086.140,3086.140,3086.140,1,3086.140,1,1,131,131
24,decode,pi: update_states,99.130,99.130,99.130,1,3074.160,1,1,131,131
24,decode,pi: tokens_list,1.050,1.050,1.050,1,3074.160,1,1,131,131
24,decode,pi: phase_classify,78.850,78.850,78.850,1,3074.160,1,1,131,131
24,decode,pi: in.block_table_commit,90.600,90.600,90.600,1,3074.160,1,1,131,131
24,decode,pi: in.req_indices,10.610,10.610,10.610,1,3074.160,1,1,131,131
24,decode,pi: in.attn_state,28.330,28.330,28.330,1,3074.160,1,1,131,131
24,decode,pi: in.positions,25.300,25.300,25.300,1,3074.160,1,1,131,131
24,decode,pi: in.prev_positions,31.250,31.250,31.250,1,3074.160,1,1,131,131
24,decode,pi: in.token_indices_select,25.470,25.470,25.470,1,3074.160,1,1,131,131
24,decode,pi: in.query_start_loc,27.610,27.610,27.610,1,3074.160,1,1,131,131
24,decode,pi: in.optimistic_seq_lens,50.810,50.810,50.810,1,3074.160,1,1,131,131
24,decode,pi: in.prepare_input_ids,66.250,66.250,66.250,1,3074.160,1,1,131,131
24,decode,pi: in.mrope_positions,39.090,39.090,39.090,1,3074.160,1,1,131,131
24,decode,pi: in.discard_mask,60.750,60.750,60.750,1,3074.160,1,1,131,131
24,decode,pi: in.num_accepted_tokens,14.560,14.560,14.560,1,3074.160,1,1,131,131
24,decode,pi: in.num_computed_tokens,18.230,18.230,18.230,1,3074.160,1,1,131,131
24,decode,pi: in.tokens_to_gpu,57.870,57.870,57.870,1,3074.160,1,1,131,131
24,decode,pi: in.positions_assembly,111.640,111.640,111.640,1,3074.160,1,1,131,131
24,decode,pi: in.seq_lens,53.770,53.770,53.770,1,3074.160,1,1,131,131
24,decode,pi: in.slot_mapping,133.300,133.300,133.300,1,3074.160,1,1,131,131
24,decode,pi: in.mrope_drift,0.600,0.600,0.600,1,3074.160,1,1,131,131
24,decode,pi: in.logits_indices,39.250,39.250,36.880,2,3074.160,1,1,131,131
24,decode,pi: prepare_inputs,95.280,980.570,980.570,1,3074.160,1,1,131,131
24,decode,pi: cascade_attn_prefix_lens,10.520,10.520,10.520,1,3074.160,1,1,131,131
24,decode,pi: batch_exec_and_padding,51.000,51.000,51.000,1,3074.160,1,1,131,131
24,decode,pi: ubatch_slices,1.430,1.430,1.430,1,3074.160,1,1,131,131
24,decode,pi: pad_query_start_loc,33.680,33.680,33.680,1,3074.160,1,1,131,131
24,decode,pi: am.max_seq_len,18.520,18.520,18.520,1,3074.160,1,1,131,131
24,decode,pi: am.cm_base_pre,76.190,76.190,76.190,1,3074.160,1,1,131,131
24,decode,pi: am.build.split_decodes,8.990,8.990,8.990,1,3074.160,1,1,131,131
24,decode,pi: am.build.seq_lens_select,8.010,8.010,8.010,1,3074.160,1,1,131,131
24,decode,pi: am.build.attn_mask,1.230,1.230,1.230,1,3074.160,1,1,131,131
24,decode,pi: am.build.qsl_h2d,32.630,32.630,32.630,1,3074.160,1,1,131,131
24,decode,pi: am.build.tolist,9.000,9.000,9.000,1,3074.160,1,1,131,131
24,decode,pi: am.build.fia_pad,1.740,1.740,1.740,1,3074.160,1,1,131,131
24,decode,pi: am.build.backend_metadata,14.680,14.680,14.680,1,3074.160,1,1,131,131
24,decode,pi: am.build.metadata_ctor,6.430,6.430,6.430,1,3074.160,1,1,131,131
24,decode,pi: am.builder_build@AscendAttentionMetadataBuilder,35.970,118.680,118.680,1,3074.160,1,1,131,131
24,decode,pi: am.builder_build,20.020,1052.210,330.810,4,3074.160,1,1,131,131
24,decode,pi: am.layer_assign,7.310,7.310,2.170,4,3074.160,1,1,131,131
24,decode,pi: am.group_loop,85.240,1144.760,354.470,4,3074.160,1,1,131,131
24,decode,pi: am.builder_build@AscendGDNAttentionMetadataBuilder,913.510,913.510,325.420,3,3074.160,1,1,131,131
24,decode,pi: build_attention_metadata,279.470,1518.940,1518.940,1,3074.160,1,1,131,131
24,decode,pi: sanitize_placeholder_ids,1.160,1.160,1.160,1,3074.160,1,1,131,131
24,decode,pi: sync_input_prep,108.010,2884.340,2884.340,1,3074.160,1,1,131,131
24,decode,pi: TOTAL,3074.160,3074.160,3074.160,1,3074.160,1,1,131,131
25,decode,pi: update_states,108.170,108.170,108.170,1,3079.800,1,1,131,131
25,decode,pi: tokens_list,0.990,0.990,0.990,1,3079.800,1,1,131,131
25,decode,pi: phase_classify,48.940,48.940,48.940,1,3079.800,1,1,131,131
25,decode,pi: in.block_table_commit,86.780,86.780,86.780,1,3079.800,1,1,131,131
25,decode,pi: in.req_indices,9.300,9.300,9.300,1,3079.800,1,1,131,131
25,decode,pi: in.attn_state,27.800,27.800,27.800,1,3079.800,1,1,131,131
25,decode,pi: in.positions,25.740,25.740,25.740,1,3079.800,1,1,131,131
25,decode,pi: in.prev_positions,28.480,28.480,28.480,1,3079.800,1,1,131,131
25,decode,pi: in.token_indices_select,25.080,25.080,25.080,1,3079.800,1,1,131,131
25,decode,pi: in.query_start_loc,25.990,25.990,25.990,1,3079.800,1,1,131,131
25,decode,pi: in.optimistic_seq_lens,51.650,51.650,51.650,1,3079.800,1,1,131,131
25,decode,pi: in.prepare_input_ids,66.420,66.420,66.420,1,3079.800,1,1,131,131
25,decode,pi: in.mrope_positions,39.090,39.090,39.090,1,3079.800,1,1,131,131
25,decode,pi: in.discard_mask,57.410,57.410,57.410,1,3079.800,1,1,131,131
25,decode,pi: in.num_accepted_tokens,14.180,14.180,14.180,1,3079.800,1,1,131,131
25,decode,pi: in.num_computed_tokens,15.620,15.620,15.620,1,3079.800,1,1,131,131
25,decode,pi: in.tokens_to_gpu,61.100,61.100,61.100,1,3079.800,1,1,131,131
25,decode,pi: in.positions_assembly,109.910,109.910,109.910,1,3079.800,1,1,131,131
25,decode,pi: in.seq_lens,58.370,58.370,58.370,1,3079.800,1,1,131,131
25,decode,pi: in.slot_mapping,133.160,133.160,133.160,1,3079.800,1,1,131,131
25,decode,pi: in.mrope_drift,0.690,0.690,0.690,1,3079.800,1,1,131,131
25,decode,pi: in.logits_indices,39.180,39.180,36.390,2,3079.800,1,1,131,131
25,decode,pi: prepare_inputs,93.170,969.120,969.120,1,3079.800,1,1,131,131
25,decode,pi: cascade_attn_prefix_lens,10.540,10.540,10.540,1,3079.800,1,1,131,131
25,decode,pi: batch_exec_and_padding,49.740,49.740,49.740,1,3079.800,1,1,131,131
25,decode,pi: ubatch_slices,1.510,1.510,1.510,1,3079.800,1,1,131,131
25,decode,pi: pad_query_start_loc,28.680,28.680,28.680,1,3079.800,1,1,131,131
25,decode,pi: am.max_seq_len,18.560,18.560,18.560,1,3079.800,1,1,131,131
25,decode,pi: am.cm_base_pre,73.120,73.120,73.120,1,3079.800,1,1,131,131
25,decode,pi: am.build.split_decodes,9.280,9.280,9.280,1,3079.800,1,1,131,131
25,decode,pi: am.build.seq_lens_select,7.990,7.990,7.990,1,3079.800,1,1,131,131
25,decode,pi: am.build.attn_mask,1.280,1.280,1.280,1,3079.800,1,1,131,131
25,decode,pi: am.build.qsl_h2d,34.250,34.250,34.250,1,3079.800,1,1,131,131
25,decode,pi: am.build.tolist,9.760,9.760,9.760,1,3079.800,1,1,131,131
25,decode,pi: am.build.fia_pad,2.030,2.030,2.030,1,3079.800,1,1,131,131
25,decode,pi: am.build.backend_metadata,15.430,15.430,15.430,1,3079.800,1,1,131,131
25,decode,pi: am.build.metadata_ctor,6.910,6.910,6.910,1,3079.800,1,1,131,131
25,decode,pi: am.builder_build@AscendAttentionMetadataBuilder,36.330,123.260,123.260,1,3079.800,1,1,131,131
25,decode,pi: am.builder_build,19.810,1053.230,328.290,4,3079.800,1,1,131,131
25,decode,pi: am.layer_assign,7.440,7.440,2.180,4,3079.800,1,1,131,131
25,decode,pi: am.group_loop,84.920,1145.590,351.820,4,3079.800,1,1,131,131
25,decode,pi: am.builder_build@AscendGDNAttentionMetadataBuilder,910.160,910.160,322.850,3,3079.800,1,1,131,131
25,decode,pi: build_attention_metadata,283.710,1520.980,1520.980,1,3079.800,1,1,131,131
25,decode,pi: sanitize_placeholder_ids,1.160,1.160,1.160,1,3079.800,1,1,131,131
25,decode,pi: sync_input_prep,133.400,2873.230,2873.230,1,3079.800,1,1,131,131
25,decode,pi: TOTAL,3079.800,3079.800,3079.800,1,3079.800,1,1,131,131
26,decode,pi: update_states,108.400,108.400,108.400,1,3127.750,1,1,131,131
26,decode,pi: tokens_list,1.090,1.090,1.090,1,3127.750,1,1,131,131
26,decode,pi: phase_classify,51.330,51.330,51.330,1,3127.750,1,1,131,131
26,decode,pi: in.block_table_commit,93.600,93.600,93.600,1,3127.750,1,1,131,131
26,decode,pi: in.req_indices,9.790,9.790,9.790,1,3127.750,1,1,131,131
26,decode,pi: in.attn_state,28.020,28.020,28.020,1,3127.750,1,1,131,131
26,decode,pi: in.positions,25.340,25.340,25.340,1,3127.750,1,1,131,131
26,decode,pi: in.prev_positions,29.640,29.640,29.640,1,3127.750,1,1,131,131
26,decode,pi: in.token_indices_select,25.560,25.560,25.560,1,3127.750,1,1,131,131
26,decode,pi: in.query_start_loc,26.900,26.900,26.900,1,3127.750,1,1,131,131
26,decode,pi: in.optimistic_seq_lens,48.890,48.890,48.890,1,3127.750,1,1,131,131
26,decode,pi: in.prepare_input_ids,67.270,67.270,67.270,1,3127.750,1,1,131,131
26,decode,pi: in.mrope_positions,38.950,38.950,38.950,1,3127.750,1,1,131,131
26,decode,pi: in.discard_mask,56.410,56.410,56.410,1,3127.750,1,1,131,131
26,decode,pi: in.num_accepted_tokens,14.590,14.590,14.590,1,3127.750,1,1,131,131
26,decode,pi: in.num_computed_tokens,21.090,21.090,21.090,1,3127.750,1,1,131,131
26,decode,pi: in.tokens_to_gpu,61.600,61.600,61.600,1,3127.750,1,1,131,131
26,decode,pi: in.positions_assembly,111.680,111.680,111.680,1,3127.750,1,1,131,131
26,decode,pi: in.seq_lens,56.960,56.960,56.960,1,3127.750,1,1,131,131
26,decode,pi: in.slot_mapping,136.470,136.470,136.470,1,3127.750,1,1,131,131
26,decode,pi: in.mrope_drift,0.790,0.790,0.790,1,3127.750,1,1,131,131
26,decode,pi: in.logits_indices,41.580,41.580,38.910,2,3127.750,1,1,131,131
26,decode,pi: prepare_inputs,96.340,991.470,991.470,1,3127.750,1,1,131,131
26,decode,pi: cascade_attn_prefix_lens,10.810,10.810,10.810,1,3127.750,1,1,131,131
26,decode,pi: batch_exec_and_padding,51.310,51.310,51.310,1,3127.750,1,1,131,131
26,decode,pi: ubatch_slices,1.490,1.490,1.490,1,3127.750,1,1,131,131
26,decode,pi: pad_query_start_loc,29.270,29.270,29.270,1,3127.750,1,1,131,131
26,decode,pi: am.max_seq_len,18.350,18.350,18.350,1,3127.750,1,1,131,131
26,decode,pi: am.cm_base_pre,78.860,78.860,78.860,1,3127.750,1,1,131,131
26,decode,pi: am.build.split_decodes,9.160,9.160,9.160,1,3127.750,1,1,131,131
26,decode,pi: am.build.seq_lens_select,8.550,8.550,8.550,1,3127.750,1,1,131,131
26,decode,pi: am.build.attn_mask,1.240,1.240,1.240,1,3127.750,1,1,131,131
26,decode,pi: am.build.qsl_h2d,34.560,34.560,34.560,1,3127.750,1,1,131,131
26,decode,pi: am.build.tolist,9.920,9.920,9.920,1,3127.750,1,1,131,131
26,decode,pi: am.build.fia_pad,1.780,1.780,1.780,1,3127.750,1,1,131,131
26,decode,pi: am.build.backend_metadata,15.060,15.060,15.060,1,3127.750,1,1,131,131
26,decode,pi: am.build.metadata_ctor,6.670,6.670,6.670,1,3127.750,1,1,131,131
26,decode,pi: am.builder_build@AscendAttentionMetadataBuilder,37.110,124.050,124.050,1,3127.750,1,1,131,131
26,decode,pi: am.builder_build,19.490,1088.360,357.180,4,3127.750,1,1,131,131
26,decode,pi: am.layer_assign,6.930,6.930,1.960,4,3127.750,1,1,131,131
26,decode,pi: am.group_loop,85.820,1181.110,381.300,4,3127.750,1,1,131,131
26,decode,pi: am.builder_build@AscendGDNAttentionMetadataBuilder,944.820,944.820,351.980,3,3127.750,1,1,131,131
26,decode,pi: build_attention_metadata,280.050,1558.370,1558.370,1,3127.750,1,1,131,131
26,decode,pi: sanitize_placeholder_ids,1.280,1.280,1.280,1,3127.750,1,1,131,131
26,decode,pi: sync_input_prep,133.780,2938.600,2938.600,1,3127.750,1,1,131,131
26,decode,pi: TOTAL,3127.750,3127.750,3127.750,1,3127.750,1,1,131,131
27,decode,pi: update_states,110.610,110.610,110.610,1,3109.900,1,1,131,131
27,decode,pi: tokens_list,1.120,1.120,1.120,1,3109.900,1,1,131,131
27,decode,pi: phase_classify,49.240,49.240,49.240,1,3109.900,1,1,131,131
27,decode,pi: in.block_table_commit,92.140,92.140,92.140,1,3109.900,1,1,131,131
27,decode,pi: in.req_indices,10.000,10.000,10.000,1,3109.900,1,1,131,131
27,decode,pi: in.attn_state,28.230,28.230,28.230,1,3109.900,1,1,131,131
27,decode,pi: in.positions,25.550,25.550,25.550,1,3109.900,1,1,131,131
27,decode,pi: in.prev_positions,29.360,29.360,29.360,1,3109.900,1,1,131,131
27,decode,pi: in.token_indices_select,26.250,26.250,26.250,1,3109.900,1,1,131,131
27,decode,pi: in.query_start_loc,29.810,29.810,29.810,1,3109.900,1,1,131,131
27,decode,pi: in.optimistic_seq_lens,48.960,48.960,48.960,1,3109.900,1,1,131,131
27,decode,pi: in.prepare_input_ids,69.000,69.000,69.000,1,3109.900,1,1,131,131
27,decode,pi: in.mrope_positions,40.410,40.410,40.410,1,3109.900,1,1,131,131
27,decode,pi: in.discard_mask,57.410,57.410,57.410,1,3109.900,1,1,131,131
27,decode,pi: in.num_accepted_tokens,15.240,15.240,15.240,1,3109.900,1,1,131,131
27,decode,pi: in.num_computed_tokens,18.230,18.230,18.230,1,3109.900,1,1,131,131
27,decode,pi: in.tokens_to_gpu,78.160,78.160,78.160,1,3109.900,1,1,131,131
27,decode,pi: in.positions_assembly,116.970,116.970,116.970,1,3109.900,1,1,131,131
27,decode,pi: in.seq_lens,58.650,58.650,58.650,1,3109.900,1,1,131,131
27,decode,pi: in.slot_mapping,138.770,138.770,138.770,1,3109.900,1,1,131,131
27,decode,pi: in.mrope_drift,0.660,0.660,0.660,1,3109.900,1,1,131,131
27,decode,pi: in.logits_indices,40.050,40.050,37.170,2,3109.900,1,1,131,131
27,decode,pi: prepare_inputs,96.510,1020.360,1020.360,1,3109.900,1,1,131,131
27,decode,pi: cascade_attn_prefix_lens,10.730,10.730,10.730,1,3109.900,1,1,131,131
27,decode,pi: batch_exec_and_padding,50.030,50.030,50.030,1,3109.900,1,1,131,131
27,decode,pi: ubatch_slices,1.560,1.560,1.560,1,3109.900,1,1,131,131
27,decode,pi: pad_query_start_loc,28.200,28.200,28.200,1,3109.900,1,1,131,131
27,decode,pi: am.max_seq_len,17.220,17.220,17.220,1,3109.900,1,1,131,131
27,decode,pi: am.cm_base_pre,74.190,74.190,74.190,1,3109.900,1,1,131,131
27,decode,pi: am.build.split_decodes,9.230,9.230,9.230,1,3109.900,1,1,131,131
27,decode,pi: am.build.seq_lens_select,8.490,8.490,8.490,1,3109.900,1,1,131,131
27,decode,pi: am.build.attn_mask,1.250,1.250,1.250,1,3109.900,1,1,131,131
27,decode,pi: am.build.qsl_h2d,34.550,34.550,34.550,1,3109.900,1,1,131,131
27,decode,pi: am.build.tolist,9.160,9.160,9.160,1,3109.900,1,1,131,131
27,decode,pi: am.build.fia_pad,1.830,1.830,1.830,1,3109.900,1,1,131,131
27,decode,pi: am.build.backend_metadata,14.840,14.840,14.840,1,3109.900,1,1,131,131
27,decode,pi: am.build.metadata_ctor,6.530,6.530,6.530,1,3109.900,1,1,131,131
27,decode,pi: am.builder_build@AscendAttentionMetadataBuilder,36.500,122.380,122.380,1,3109.900,1,1,131,131
27,decode,pi: am.builder_build,20.390,1046.350,321.800,4,3109.900,1,1,131,131
27,decode,pi: am.layer_assign,7.300,7.300,2.150,4,3109.900,1,1,131,131
27,decode,pi: am.group_loop,85.870,1139.520,345.130,4,3109.900,1,1,131,131
27,decode,pi: am.builder_build@AscendGDNAttentionMetadataBuilder,903.580,903.580,316.470,3,3109.900,1,1,131,131
27,decode,pi: build_attention_metadata,283.270,1514.200,1514.200,1,3109.900,1,1,131,131
27,decode,pi: sanitize_placeholder_ids,1.430,1.430,1.430,1,3109.900,1,1,131,131
27,decode,pi: sync_input_prep,132.810,2920.290,2920.290,1,3109.900,1,1,131,131
27,decode,pi: TOTAL,3109.900,3109.900,3109.900,1,3109.900,1,1,131,131
28,decode,pi: update_states,100.000,100.000,100.000,1,3076.320,1,1,131,131
28,decode,pi: tokens_list,1.100,1.100,1.100,1,3076.320,1,1,131,131
28,decode,pi: phase_classify,79.150,79.150,79.150,1,3076.320,1,1,131,131
28,decode,pi: in.block_table_commit,91.960,91.960,91.960,1,3076.320,1,1,131,131
28,decode,pi: in.req_indices,10.510,10.510,10.510,1,3076.320,1,1,131,131
28,decode,pi: in.attn_state,29.110,29.110,29.110,1,3076.320,1,1,131,131
28,decode,pi: in.positions,25.320,25.320,25.320,1,3076.320,1,1,131,131
28,decode,pi: in.prev_positions,31.400,31.400,31.400,1,3076.320,1,1,131,131
28,decode,pi: in.token_indices_select,25.440,25.440,25.440,1,3076.320,1,1,131,131
28,decode,pi: in.query_start_loc,32.050,32.050,32.050,1,3076.320,1,1,131,131
28,decode,pi: in.optimistic_seq_lens,47.960,47.960,47.960,1,3076.320,1,1,131,131
28,decode,pi: in.prepare_input_ids,66.980,66.980,66.980,1,3076.320,1,1,131,131
28,decode,pi: in.mrope_positions,40.850,40.850,40.850,1,3076.320,1,1,131,131
28,decode,pi: in.discard_mask,58.280,58.280,58.280,1,3076.320,1,1,131,131
28,decode,pi: in.num_accepted_tokens,13.910,13.910,13.910,1,3076.320,1,1,131,131
28,decode,pi: in.num_computed_tokens,17.750,17.750,17.750,1,3076.320,1,1,131,131
28,decode,pi: in.tokens_to_gpu,63.510,63.510,63.510,1,3076.320,1,1,131,131
28,decode,pi: in.positions_assembly,110.780,110.780,110.780,1,3076.320,1,1,131,131
28,decode,pi: in.seq_lens,60.590,60.590,60.590,1,3076.320,1,1,131,131
28,decode,pi: in.slot_mapping,134.370,134.370,134.370,1,3076.320,1,1,131,131
28,decode,pi: in.mrope_drift,0.670,0.670,0.670,1,3076.320,1,1,131,131
28,decode,pi: in.logits_indices,39.180,39.180,36.930,2,3076.320,1,1,131,131
28,decode,pi: prepare_inputs,95.070,995.690,995.690,1,3076.320,1,1,131,131
28,decode,pi: cascade_attn_prefix_lens,10.520,10.520,10.520,1,3076.320,1,1,131,131
28,decode,pi: batch_exec_and_padding,50.530,50.530,50.530,1,3076.320,1,1,131,131
28,decode,pi: ubatch_slices,1.480,1.480,1.480,1,3076.320,1,1,131,131
28,decode,pi: pad_query_start_loc,28.790,28.790,28.790,1,3076.320,1,1,131,131
28,decode,pi: am.max_seq_len,18.220,18.220,18.220,1,3076.320,1,1,131,131
28,decode,pi: am.cm_base_pre,71.290,71.290,71.290,1,3076.320,1,1,131,131
28,decode,pi: am.build.split_decodes,9.300,9.300,9.300,1,3076.320,1,1,131,131
28,decode,pi: am.build.seq_lens_select,8.410,8.410,8.410,1,3076.320,1,1,131,131
28,decode,pi: am.build.attn_mask,1.200,1.200,1.200,1,3076.320,1,1,131,131
28,decode,pi: am.build.qsl_h2d,35.600,35.600,35.600,1,3076.320,1,1,131,131
28,decode,pi: am.build.tolist,9.260,9.260,9.260,1,3076.320,1,1,131,131
28,decode,pi: am.build.fia_pad,1.740,1.740,1.740,1,3076.320,1,1,131,131
28,decode,pi: am.build.backend_metadata,15.320,15.320,15.320,1,3076.320,1,1,131,131
28,decode,pi: am.build.metadata_ctor,6.250,6.250,6.250,1,3076.320,1,1,131,131
28,decode,pi: am.builder_build@AscendAttentionMetadataBuilder,35.620,122.700,122.700,1,3076.320,1,1,131,131
28,decode,pi: am.builder_build,19.840,1053.080,319.560,4,3076.320,1,1,131,131
28,decode,pi: am.layer_assign,7.130,7.130,2.050,4,3076.320,1,1,131,131
28,decode,pi: am.group_loop,85.990,1146.200,343.650,4,3076.320,1,1,131,131
28,decode,pi: am.builder_build@AscendGDNAttentionMetadataBuilder,910.540,910.540,314.180,3,3076.320,1,1,131,131
28,decode,pi: build_attention_metadata,276.460,1512.170,1512.170,1,3076.320,1,1,131,131
28,decode,pi: sanitize_placeholder_ids,1.240,1.240,1.240,1,3076.320,1,1,131,131
28,decode,pi: sync_input_prep,103.790,2884.460,2884.460,1,3076.320,1,1,131,131
28,decode,pi: TOTAL,3076.320,3076.320,3076.320,1,3076.320,1,1,131,131
29,decode,pi: update_states,108.660,108.660,108.660,1,3106.180,1,1,131,131
29,decode,pi: tokens_list,1.000,1.000,1.000,1,3106.180,1,1,131,131
29,decode,pi: phase_classify,48.830,48.830,48.830,1,3106.180,1,1,131,131
29,decode,pi: in.block_table_commit,89.850,89.850,89.850,1,3106.180,1,1,131,131
29,decode,pi: in.req_indices,9.560,9.560,9.560,1,3106.180,1,1,131,131
29,decode,pi: in.attn_state,27.280,27.280,27.280,1,3106.180,1,1,131,131
29,decode,pi: in.positions,25.240,25.240,25.240,1,3106.180,1,1,131,131
29,decode,pi: in.prev_positions,29.730,29.730,29.730,1,3106.180,1,1,131,131
29,decode,pi: in.token_indices_select,24.800,24.800,24.800,1,3106.180,1,1,131,131
29,decode,pi: in.query_start_loc,27.560,27.560,27.560,1,3106.180,1,1,131,131
29,decode,pi: in.optimistic_seq_lens,48.080,48.080,48.080,1,3106.180,1,1,131,131
29,decode,pi: in.prepare_input_ids,65.880,65.880,65.880,1,3106.180,1,1,131,131
29,decode,pi: in.mrope_positions,42.580,42.580,42.580,1,3106.180,1,1,131,131
29,decode,pi: in.discard_mask,58.120,58.120,58.120,1,3106.180,1,1,131,131
29,decode,pi: in.num_accepted_tokens,14.740,14.740,14.740,1,3106.180,1,1,131,131
29,decode,pi: in.num_computed_tokens,17.830,17.830,17.830,1,3106.180,1,1,131,131
29,decode,pi: in.tokens_to_gpu,59.540,59.540,59.540,1,3106.180,1,1,131,131
29,decode,pi: in.positions_assembly,114.470,114.470,114.470,1,3106.180,1,1,131,131
29,decode,pi: in.seq_lens,55.150,55.150,55.150,1,3106.180,1,1,131,131
29,decode,pi: in.slot_mapping,133.490,133.490,133.490,1,3106.180,1,1,131,131
29,decode,pi: in.mrope_drift,0.640,0.640,0.640,1,3106.180,1,1,131,131
29,decode,pi: in.logits_indices,41.600,41.600,38.810,2,3106.180,1,1,131,131
29,decode,pi: prepare_inputs,93.910,980.050,980.050,1,3106.180,1,1,131,131
29,decode,pi: cascade_attn_prefix_lens,10.410,10.410,10.410,1,3106.180,1,1,131,131
29,decode,pi: batch_exec_and_padding,49.420,49.420,49.420,1,3106.180,1,1,131,131
29,decode,pi: ubatch_slices,1.420,1.420,1.420,1,3106.180,1,1,131,131
29,decode,pi: pad_query_start_loc,28.170,28.170,28.170,1,3106.180,1,1,131,131
29,decode,pi: am.max_seq_len,18.010,18.010,18.010,1,3106.180,1,1,131,131
29,decode,pi: am.cm_base_pre,75.810,75.810,75.810,1,3106.180,1,1,131,131
29,decode,pi: am.build.split_decodes,9.450,9.450,9.450,1,3106.180,1,1,131,131
29,decode,pi: am.build.seq_lens_select,8.030,8.030,8.030,1,3106.180,1,1,131,131
29,decode,pi: am.build.attn_mask,1.210,1.210,1.210,1,3106.180,1,1,131,131
29,decode,pi: am.build.qsl_h2d,34.730,34.730,34.730,1,3106.180,1,1,131,131
29,decode,pi: am.build.tolist,9.720,9.720,9.720,1,3106.180,1,1,131,131
29,decode,pi: am.build.fia_pad,1.720,1.720,1.720,1,3106.180,1,1,131,131
29,decode,pi: am.build.backend_metadata,15.030,15.030,15.030,1,3106.180,1,1,131,131
29,decode,pi: am.build.metadata_ctor,6.460,6.460,6.460,1,3106.180,1,1,131,131
29,decode,pi: am.builder_build@AscendAttentionMetadataBuilder,37.000,123.350,123.350,1,3106.180,1,1,131,131
29,decode,pi: am.builder_build,19.930,1066.300,330.320,4,3106.180,1,1,131,131
29,decode,pi: am.layer_assign,7.290,7.290,2.030,4,3106.180,1,1,131,131
29,decode,pi: am.group_loop,85.610,1159.200,353.760,4,3106.180,1,1,131,131
29,decode,pi: am.builder_build@AscendGDNAttentionMetadataBuilder,923.020,923.020,324.830,3,3106.180,1,1,131,131
29,decode,pi: build_attention_metadata,283.490,1536.510,1536.510,1,3106.180,1,1,131,131
29,decode,pi: sanitize_placeholder_ids,1.060,1.060,1.060,1,3106.180,1,1,131,131
29,decode,pi: sync_input_prep,131.280,2896.810,2896.810,1,3106.180,1,1,131,131
29,decode,pi: TOTAL,3106.180,3106.180,3106.180,1,3106.180,1,1,131,131
30,decode,pi: update_states,109.700,109.700,109.700,1,3114.160,1,1,131,131
30,decode,pi: tokens_list,1.100,1.100,1.100,1,3114.160,1,1,131,131
30,decode,pi: phase_classify,49.320,49.320,49.320,1,3114.160,1,1,131,131
30,decode,pi: in.block_table_commit,85.170,85.170,85.170,1,3114.160,1,1,131,131
30,decode,pi: in.req_indices,9.800,9.800,9.800,1,3114.160,1,1,131,131
30,decode,pi: in.attn_state,27.660,27.660,27.660,1,3114.160,1,1,131,131
30,decode,pi: in.positions,25.630,25.630,25.630,1,3114.160,1,1,131,131
30,decode,pi: in.prev_positions,29.730,29.730,29.730,1,3114.160,1,1,131,131
30,decode,pi: in.token_indices_select,25.200,25.200,25.200,1,3114.160,1,1,131,131
30,decode,pi: in.query_start_loc,30.450,30.450,30.450,1,3114.160,1,1,131,131
30,decode,pi: in.optimistic_seq_lens,50.380,50.380,50.380,1,3114.160,1,1,131,131
30,decode,pi: in.prepare_input_ids,65.000,65.000,65.000,1,3114.160,1,1,131,131
30,decode,pi: in.mrope_positions,38.780,38.780,38.780,1,3114.160,1,1,131,131
30,decode,pi: in.discard_mask,56.850,56.850,56.850,1,3114.160,1,1,131,131
30,decode,pi: in.num_accepted_tokens,14.120,14.120,14.120,1,3114.160,1,1,131,131
30,decode,pi: in.num_computed_tokens,18.470,18.470,18.470,1,3114.160,1,1,131,131
30,decode,pi: in.tokens_to_gpu,64.220,64.220,64.220,1,3114.160,1,1,131,131
30,decode,pi: in.positions_assembly,111.350,111.350,111.350,1,3114.160,1,1,131,131
30,decode,pi: in.seq_lens,59.310,59.310,59.310,1,3114.160,1,1,131,131
30,decode,pi: in.slot_mapping,135.340,135.340,135.340,1,3114.160,1,1,131,131
30,decode,pi: in.mrope_drift,0.680,0.680,0.680,1,3114.160,1,1,131,131
30,decode,pi: in.logits_indices,38.340,38.340,36.110,2,3114.160,1,1,131,131
30,decode,pi: prepare_inputs,94.100,980.580,980.580,1,3114.160,1,1,131,131
30,decode,pi: cascade_attn_prefix_lens,10.110,10.110,10.110,1,3114.160,1,1,131,131
30,decode,pi: batch_exec_and_padding,49.440,49.440,49.440,1,3114.160,1,1,131,131
30,decode,pi: ubatch_slices,1.630,1.630,1.630,1,3114.160,1,1,131,131
30,decode,pi: pad_query_start_loc,28.790,28.790,28.790,1,3114.160,1,1,131,131
30,decode,pi: am.max_seq_len,17.800,17.800,17.800,1,3114.160,1,1,131,131
30,decode,pi: am.cm_base_pre,73.090,73.090,73.090,1,3114.160,1,1,131,131
30,decode,pi: am.build.split_decodes,9.230,9.230,9.230,1,3114.160,1,1,131,131
30,decode,pi: am.build.seq_lens_select,8.410,8.410,8.410,1,3114.160,1,1,131,131
30,decode,pi: am.build.attn_mask,1.210,1.210,1.210,1,3114.160,1,1,131,131
30,decode,pi: am.build.qsl_h2d,32.960,32.960,32.960,1,3114.160,1,1,131,131
30,decode,pi: am.build.tolist,9.470,9.470,9.470,1,3114.160,1,1,131,131
30,decode,pi: am.build.fia_pad,1.830,1.830,1.830,1,3114.160,1,1,131,131
30,decode,pi: am.build.backend_metadata,15.210,15.210,15.210,1,3114.160,1,1,131,131
30,decode,pi: am.build.metadata_ctor,6.570,6.570,6.570,1,3114.160,1,1,131,131
30,decode,pi: am.builder_build@AscendAttentionMetadataBuilder,36.470,121.360,121.360,1,3114.160,1,1,131,131
30,decode,pi: am.builder_build,21.130,1072.080,325.710,4,3114.160,1,1,131,131
30,decode,pi: am.layer_assign,7.240,7.240,2.120,4,3114.160,1,1,131,131
30,decode,pi: am.group_loop,87.640,1166.960,349.280,4,3114.160,1,1,131,131
30,decode,pi: am.builder_build@AscendGDNAttentionMetadataBuilder,929.590,929.590,320.280,3,3114.160,1,1,131,131
30,decode,pi: build_attention_metadata,302.600,1560.450,1560.450,1,3114.160,1,1,131,131
30,decode,pi: sanitize_placeholder_ids,1.110,1.110,1.110,1,3114.160,1,1,131,131
30,decode,pi: sync_input_prep,130.870,2923.100,2923.100,1,3114.160,1,1,131,131
30,decode,pi: TOTAL,3114.160,3114.160,3114.160,1,3114.160,1,1,131,131
31,decode,pi: update_states,107.500,107.500,107.500,1,3088.420,1,1,131,131
31,decode,pi: tokens_list,1.070,1.070,1.070,1,3088.420,1,1,131,131
31,decode,pi: phase_classify,48.600,48.600,48.600,1,3088.420,1,1,131,131
31,decode,pi: in.block_table_commit,87.210,87.210,87.210,1,3088.420,1,1,131,131
31,decode,pi: in.req_indices,9.610,9.610,9.610,1,3088.420,1,1,131,131
31,decode,pi: in.attn_state,28.000,28.000,28.000,1,3088.420,1,1,131,131
31,decode,pi: in.positions,25.210,25.210,25.210,1,3088.420,1,1,131,131
31,decode,pi: in.prev_positions,30.310,30.310,30.310,1,3088.420,1,1,131,131
31,decode,pi: in.token_indices_select,24.650,24.650,24.650,1,3088.420,1,1,131,131
31,decode,pi: in.query_start_loc,26.500,26.500,26.500,1,3088.420,1,1,131,131
31,decode,pi: in.optimistic_seq_lens,49.590,49.590,49.590,1,3088.420,1,1,131,131
31,decode,pi: in.prepare_input_ids,64.810,64.810,64.810,1,3088.420,1,1,131,131
31,decode,pi: in.mrope_positions,38.390,38.390,38.390,1,3088.420,1,1,131,131
31,decode,pi: in.discard_mask,56.610,56.610,56.610,1,3088.420,1,1,131,131
31,decode,pi: in.num_accepted_tokens,17.390,17.390,17.390,1,3088.420,1,1,131,131
31,decode,pi: in.num_computed_tokens,18.350,18.350,18.350,1,3088.420,1,1,131,131
31,decode,pi: in.tokens_to_gpu,59.420,59.420,59.420,1,3088.420,1,1,131,131
31,decode,pi: in.positions_assembly,111.590,111.590,111.590,1,3088.420,1,1,131,131
31,decode,pi: in.seq_lens,57.280,57.280,57.280,1,3088.420,1,1,131,131
31,decode,pi: in.slot_mapping,133.180,133.180,133.180,1,3088.420,1,1,131,131
31,decode,pi: in.mrope_drift,0.760,0.760,0.760,1,3088.420,1,1,131,131
31,decode,pi: in.logits_indices,53.850,53.850,51.090,2,3088.420,1,1,131,131
31,decode,pi: prepare_inputs,94.140,986.850,986.850,1,3088.420,1,1,131,131
31,decode,pi: cascade_attn_prefix_lens,11.250,11.250,11.250,1,3088.420,1,1,131,131
31,decode,pi: batch_exec_and_padding,50.630,50.630,50.630,1,3088.420,1,1,131,131
31,decode,pi: ubatch_slices,1.510,1.510,1.510,1,3088.420,1,1,131,131
31,decode,pi: pad_query_start_loc,28.840,28.840,28.840,1,3088.420,1,1,131,131
31,decode,pi: am.max_seq_len,18.440,18.440,18.440,1,3088.420,1,1,131,131
31,decode,pi: am.cm_base_pre,78.760,78.760,78.760,1,3088.420,1,1,131,131
31,decode,pi: am.build.split_decodes,8.830,8.830,8.830,1,3088.420,1,1,131,131
31,decode,pi: am.build.seq_lens_select,8.360,8.360,8.360,1,3088.420,1,1,131,131
31,decode,pi: am.build.attn_mask,1.150,1.150,1.150,1,3088.420,1,1,131,131
31,decode,pi: am.build.qsl_h2d,34.750,34.750,34.750,1,3088.420,1,1,131,131
31,decode,pi: am.build.tolist,9.830,9.830,9.830,1,3088.420,1,1,131,131
31,decode,pi: am.build.fia_pad,1.740,1.740,1.740,1,3088.420,1,1,131,131
31,decode,pi: am.build.backend_metadata,15.450,15.450,15.450,1,3088.420,1,1,131,131
31,decode,pi: am.build.metadata_ctor,6.390,6.390,6.390,1,3088.420,1,1,131,131
31,decode,pi: am.builder_build@AscendAttentionMetadataBuilder,35.840,122.340,122.340,1,3088.420,1,1,131,131
31,decode,pi: am.builder_build,20.380,1058.320,326.170,4,3088.420,1,1,131,131
31,decode,pi: am.layer_assign,7.240,7.240,2.130,4,3088.420,1,1,131,131
31,decode,pi: am.group_loop,83.990,1149.550,349.310,4,3088.420,1,1,131,131
31,decode,pi: am.builder_build@AscendGDNAttentionMetadataBuilder,915.600,915.600,320.650,3,3088.420,1,1,131,131
31,decode,pi: build_attention_metadata,284.980,1531.730,1531.730,1,3088.420,1,1,131,131
31,decode,pi: sanitize_placeholder_ids,1.210,1.210,1.210,1,3088.420,1,1,131,131
31,decode,pi: sync_input_prep,131.450,2900.640,2900.640,1,3088.420,1,1,131,131
31,decode,pi: TOTAL,3088.420,3088.420,3088.420,1,3088.420,1,1,131,131
32,decode,pi: update_states,108.720,108.720,108.720,1,3125.680,1,1,131,131
32,decode,pi: tokens_list,1.210,1.210,1.210,1,3125.680,1,1,131,131
32,decode,pi: phase_classify,49.070,49.070,49.070,1,3125.680,1,1,131,131
32,decode,pi: in.block_table_commit,112.940,112.940,112.940,1,3125.680,1,1,131,131
32,decode,pi: in.req_indices,10.530,10.530,10.530,1,3125.680,1,1,131,131
32,decode,pi: in.attn_state,29.660,29.660,29.660,1,3125.680,1,1,131,131
32,decode,pi: in.positions,25.070,25.070,25.070,1,3125.680,1,1,131,131
32,decode,pi: in.prev_positions,30.820,30.820,30.820,1,3125.680,1,1,131,131
32,decode,pi: in.token_indices_select,25.430,25.430,25.430,1,3125.680,1,1,131,131
32,decode,pi: in.query_start_loc,26.790,26.790,26.790,1,3125.680,1,1,131,131
32,decode,pi: in.optimistic_seq_lens,48.550,48.550,48.550,1,3125.680,1,1,131,131
32,decode,pi: in.prepare_input_ids,67.220,67.220,67.220,1,3125.680,1,1,131,131
32,decode,pi: in.mrope_positions,38.940,38.940,38.940,1,3125.680,1,1,131,131
32,decode,pi: in.discard_mask,56.690,56.690,56.690,1,3125.680,1,1,131,131
32,decode,pi: in.num_accepted_tokens,14.040,14.040,14.040,1,3125.680,1,1,131,131
32,decode,pi: in.num_computed_tokens,17.780,17.780,17.780,1,3125.680,1,1,131,131
32,decode,pi: in.tokens_to_gpu,62.860,62.860,62.860,1,3125.680,1,1,131,131
32,decode,pi: in.positions_assembly,111.580,111.580,111.580,1,3125.680,1,1,131,131
32,decode,pi: in.seq_lens,56.430,56.430,56.430,1,3125.680,1,1,131,131
32,decode,pi: in.slot_mapping,137.060,137.060,137.060,1,3125.680,1,1,131,131
32,decode,pi: in.mrope_drift,0.670,0.670,0.670,1,3125.680,1,1,131,131
32,decode,pi: in.logits_indices,38.390,38.390,36.320,2,3125.680,1,1,131,131
32,decode,pi: prepare_inputs,94.580,1006.030,1006.030,1,3125.680,1,1,131,131
32,decode,pi: cascade_attn_prefix_lens,10.620,10.620,10.620,1,3125.680,1,1,131,131
32,decode,pi: batch_exec_and_padding,51.440,51.440,51.440,1,3125.680,1,1,131,131
32,decode,pi: ubatch_slices,1.510,1.510,1.510,1,3125.680,1,1,131,131
32,decode,pi: pad_query_start_loc,27.900,27.900,27.900,1,3125.680,1,1,131,131
32,decode,pi: am.max_seq_len,18.460,18.460,18.460,1,3125.680,1,1,131,131
32,decode,pi: am.cm_base_pre,77.320,77.320,77.320,1,3125.680,1,1,131,131
32,decode,pi: am.build.split_decodes,9.060,9.060,9.060,1,3125.680,1,1,131,131
32,decode,pi: am.build.seq_lens_select,8.620,8.620,8.620,1,3125.680,1,1,131,131
32,decode,pi: am.build.attn_mask,1.160,1.160,1.160,1,3125.680,1,1,131,131
32,decode,pi: am.build.qsl_h2d,33.970,33.970,33.970,1,3125.680,1,1,131,131
32,decode,pi: am.build.tolist,9.150,9.150,9.150,1,3125.680,1,1,131,131
32,decode,pi: am.build.fia_pad,1.680,1.680,1.680,1,3125.680,1,1,131,131
32,decode,pi: am.build.backend_metadata,14.890,14.890,14.890,1,3125.680,1,1,131,131
32,decode,pi: am.build.metadata_ctor,6.510,6.510,6.510,1,3125.680,1,1,131,131
32,decode,pi: am.builder_build@AscendAttentionMetadataBuilder,36.150,121.190,121.190,1,3125.680,1,1,131,131
32,decode,pi: am.builder_build,19.830,1071.600,326.020,4,3125.680,1,1,131,131
32,decode,pi: am.layer_assign,6.800,6.800,2.010,4,3125.680,1,1,131,131
32,decode,pi: am.group_loop,86.410,1164.810,350.050,4,3125.680,1,1,131,131
32,decode,pi: am.builder_build@AscendGDNAttentionMetadataBuilder,930.580,930.580,320.750,3,3125.680,1,1,131,131
32,decode,pi: build_attention_metadata,286.100,1546.690,1546.690,1,3125.680,1,1,131,131
32,decode,pi: sanitize_placeholder_ids,1.150,1.150,1.150,1,3125.680,1,1,131,131
32,decode,pi: sync_input_prep,132.360,2936.700,2936.700,1,3125.680,1,1,131,131
32,decode,pi: TOTAL,3125.680,3125.680,3125.680,1,3125.680,1,1,131,131
33,decode,pi: update_states,98.060,98.060,98.060,1,3042.290,1,1,131,131
33,decode,pi: tokens_list,0.970,0.970,0.970,1,3042.290,1,1,131,131
33,decode,pi: phase_classify,66.920,66.920,66.920,1,3042.290,1,1,131,131
33,decode,pi: in.block_table_commit,83.620,83.620,83.620,1,3042.290,1,1,131,131
33,decode,pi: in.req_indices,10.440,10.440,10.440,1,3042.290,1,1,131,131
33,decode,pi: in.attn_state,29.190,29.190,29.190,1,3042.290,1,1,131,131
33,decode,pi: in.positions,24.730,24.730,24.730,1,3042.290,1,1,131,131
33,decode,pi: in.prev_positions,34.320,34.320,34.320,1,3042.290,1,1,131,131
33,decode,pi: in.token_indices_select,25.610,25.610,25.610,1,3042.290,1,1,131,131
33,decode,pi: in.query_start_loc,27.760,27.760,27.760,1,3042.290,1,1,131,131
33,decode,pi: in.optimistic_seq_lens,49.010,49.010,49.010,1,3042.290,1,1,131,131
33,decode,pi: in.prepare_input_ids,64.110,64.110,64.110,1,3042.290,1,1,131,131
33,decode,pi: in.mrope_positions,41.490,41.490,41.490,1,3042.290,1,1,131,131
33,decode,pi: in.discard_mask,57.740,57.740,57.740,1,3042.290,1,1,131,131
33,decode,pi: in.num_accepted_tokens,14.620,14.620,14.620,1,3042.290,1,1,131,131
33,decode,pi: in.num_computed_tokens,21.150,21.150,21.150,1,3042.290,1,1,131,131
33,decode,pi: in.tokens_to_gpu,57.220,57.220,57.220,1,3042.290,1,1,131,131
33,decode,pi: in.positions_assembly,110.370,110.370,110.370,1,3042.290,1,1,131,131
33,decode,pi: in.seq_lens,56.010,56.010,56.010,1,3042.290,1,1,131,131
33,decode,pi: in.slot_mapping,133.030,133.030,133.030,1,3042.290,1,1,131,131
33,decode,pi: in.mrope_drift,0.630,0.630,0.630,1,3042.290,1,1,131,131
33,decode,pi: in.logits_indices,39.860,39.860,37.220,2,3042.290,1,1,131,131
33,decode,pi: prepare_inputs,93.960,974.870,974.870,1,3042.290,1,1,131,131
33,decode,pi: cascade_attn_prefix_lens,10.400,10.400,10.400,1,3042.290,1,1,131,131
33,decode,pi: batch_exec_and_padding,49.450,49.450,49.450,1,3042.290,1,1,131,131
33,decode,pi: ubatch_slices,1.570,1.570,1.570,1,3042.290,1,1,131,131
33,decode,pi: pad_query_start_loc,28.730,28.730,28.730,1,3042.290,1,1,131,131
33,decode,pi: am.max_seq_len,17.210,17.210,17.210,1,3042.290,1,1,131,131
33,decode,pi: am.cm_base_pre,77.300,77.300,77.300,1,3042.290,1,1,131,131
33,decode,pi: am.build.split_decodes,9.040,9.040,9.040,1,3042.290,1,1,131,131
33,decode,pi: am.build.seq_lens_select,8.390,8.390,8.390,1,3042.290,1,1,131,131
33,decode,pi: am.build.attn_mask,1.170,1.170,1.170,1,3042.290,1,1,131,131
33,decode,pi: am.build.qsl_h2d,32.560,32.560,32.560,1,3042.290,1,1,131,131
33,decode,pi: am.build.tolist,8.950,8.950,8.950,1,3042.290,1,1,131,131
33,decode,pi: am.build.fia_pad,1.760,1.760,1.760,1,3042.290,1,1,131,131
33,decode,pi: am.build.backend_metadata,14.800,14.800,14.800,1,3042.290,1,1,131,131
33,decode,pi: am.build.metadata_ctor,6.120,6.120,6.120,1,3042.290,1,1,131,131
33,decode,pi: am.builder_build@AscendAttentionMetadataBuilder,36.260,119.050,119.050,1,3042.290,1,1,131,131
33,decode,pi: am.builder_build,19.400,1046.960,327.360,4,3042.290,1,1,131,131
33,decode,pi: am.layer_assign,7.180,7.180,2.050,4,3042.290,1,1,131,131
33,decode,pi: am.group_loop,83.630,1137.770,350.190,4,3042.290,1,1,131,131
33,decode,pi: am.builder_build@AscendGDNAttentionMetadataBuilder,908.510,908.510,322.180,3,3042.290,1,1,131,131
33,decode,pi: build_attention_metadata,277.540,1509.820,1509.820,1,3042.290,1,1,131,131
33,decode,pi: sanitize_placeholder_ids,1.160,1.160,1.160,1,3042.290,1,1,131,131
33,decode,pi: sync_input_prep,110.700,2852.650,2852.650,1,3042.290,1,1,131,131
33,decode,pi: TOTAL,3042.290,3042.290,3042.290,1,3042.290,1,1,131,131
34,decode,pi: update_states,99.400,99.400,99.400,1,3105.970,1,1,131,131
34,decode,pi: tokens_list,1.050,1.050,1.050,1,3105.970,1,1,131,131
34,decode,pi: phase_classify,80.090,80.090,80.090,1,3105.970,1,1,131,131
34,decode,pi: in.block_table_commit,92.130,92.130,92.130,1,3105.970,1,1,131,131
34,decode,pi: in.req_indices,11.160,11.160,11.160,1,3105.970,1,1,131,131
34,decode,pi: in.attn_state,28.940,28.940,28.940,1,3105.970,1,1,131,131
34,decode,pi: in.positions,25.840,25.840,25.840,1,3105.970,1,1,131,131
34,decode,pi: in.prev_positions,30.160,30.160,30.160,1,3105.970,1,1,131,131
34,decode,pi: in.token_indices_select,25.750,25.750,25.750,1,3105.970,1,1,131,131
34,decode,pi: in.query_start_loc,27.720,27.720,27.720,1,3105.970,1,1,131,131
34,decode,pi: in.optimistic_seq_lens,49.300,49.300,49.300,1,3105.970,1,1,131,131
34,decode,pi: in.prepare_input_ids,64.970,64.970,64.970,1,3105.970,1,1,131,131
34,decode,pi: in.mrope_positions,42.970,42.970,42.970,1,3105.970,1,1,131,131
34,decode,pi: in.discard_mask,57.660,57.660,57.660,1,3105.970,1,1,131,131
34,decode,pi: in.num_accepted_tokens,14.710,14.710,14.710,1,3105.970,1,1,131,131
34,decode,pi: in.num_computed_tokens,17.650,17.650,17.650,1,3105.970,1,1,131,131
34,decode,pi: in.tokens_to_gpu,58.460,58.460,58.460,1,3105.970,1,1,131,131
34,decode,pi: in.positions_assembly,110.630,110.630,110.630,1,3105.970,1,1,131,131
34,decode,pi: in.seq_lens,56.350,56.350,56.350,1,3105.970,1,1,131,131
34,decode,pi: in.slot_mapping,134.180,134.180,134.180,1,3105.970,1,1,131,131
34,decode,pi: in.mrope_drift,0.650,0.650,0.650,1,3105.970,1,1,131,131
34,decode,pi: in.logits_indices,39.710,39.710,37.400,2,3105.970,1,1,131,131
34,decode,pi: prepare_inputs,94.910,983.850,983.850,1,3105.970,1,1,131,131
34,decode,pi: cascade_attn_prefix_lens,10.440,10.440,10.440,1,3105.970,1,1,131,131
34,decode,pi: batch_exec_and_padding,49.870,49.870,49.870,1,3105.970,1,1,131,131
34,decode,pi: ubatch_slices,1.480,1.480,1.480,1,3105.970,1,1,131,131
34,decode,pi: pad_query_start_loc,29.590,29.590,29.590,1,3105.970,1,1,131,131
34,decode,pi: am.max_seq_len,18.220,18.220,18.220,1,3105.970,1,1,131,131
34,decode,pi: am.cm_base_pre,74.190,74.190,74.190,1,3105.970,1,1,131,131
34,decode,pi: am.build.split_decodes,9.050,9.050,9.050,1,3105.970,1,1,131,131
34,decode,pi: am.build.seq_lens_select,8.540,8.540,8.540,1,3105.970,1,1,131,131
34,decode,pi: am.build.attn_mask,1.220,1.220,1.220,1,3105.970,1,1,131,131
34,decode,pi: am.build.qsl_h2d,32.530,32.530,32.530,1,3105.970,1,1,131,131
34,decode,pi: am.build.tolist,8.640,8.640,8.640,1,3105.970,1,1,131,131
34,decode,pi: am.build.fia_pad,1.810,1.810,1.810,1,3105.970,1,1,131,131
34,decode,pi: am.build.backend_metadata,14.750,14.750,14.750,1,3105.970,1,1,131,131
34,decode,pi: am.build.metadata_ctor,6.450,6.450,6.450,1,3105.970,1,1,131,131
34,decode,pi: am.builder_build@AscendAttentionMetadataBuilder,35.820,118.810,118.810,1,3105.970,1,1,131,131
34,decode,pi: am.builder_build,20.750,1058.670,320.160,4,3105.970,1,1,131,131
34,decode,pi: am.layer_assign,7.030,7.030,2.200,4,3105.970,1,1,131,131
34,decode,pi: am.group_loop,104.210,1169.910,351.810,4,3105.970,1,1,131,131
34,decode,pi: am.builder_build@AscendGDNAttentionMetadataBuilder,919.110,919.110,314.610,3,3105.970,1,1,131,131
34,decode,pi: build_attention_metadata,284.620,1546.940,1546.940,1,3105.970,1,1,131,131
34,decode,pi: sanitize_placeholder_ids,1.130,1.130,1.130,1,3105.970,1,1,131,131
34,decode,pi: sync_input_prep,104.140,2907.980,2907.980,1,3105.970,1,1,131,131
34,decode,pi: TOTAL,3105.970,3105.970,3105.970,1,3105.970,1,1,131,131
35,decode,pi: update_states,100.770,100.770,100.770,1,3068.080,1,1,131,131
35,decode,pi: tokens_list,1.040,1.040,1.040,1,3068.080,1,1,131,131
35,decode,pi: phase_classify,69.730,69.730,69.730,1,3068.080,1,1,131,131
35,decode,pi: in.block_table_commit,90.990,90.990,90.990,1,3068.080,1,1,131,131
35,decode,pi: in.req_indices,10.500,10.500,10.500,1,3068.080,1,1,131,131
35,decode,pi: in.attn_state,29.080,29.080,29.080,1,3068.080,1,1,131,131
35,decode,pi: in.positions,24.890,24.890,24.890,1,3068.080,1,1,131,131
35,decode,pi: in.prev_positions,29.980,29.980,29.980,1,3068.080,1,1,131,131
35,decode,pi: in.token_indices_select,25.590,25.590,25.590,1,3068.080,1,1,131,131
35,decode,pi: in.query_start_loc,30.870,30.870,30.870,1,3068.080,1,1,131,131
35,decode,pi: in.optimistic_seq_lens,49.170,49.170,49.170,1,3068.080,1,1,131,131
35,decode,pi: in.prepare_input_ids,66.190,66.190,66.190,1,3068.080,1,1,131,131
35,decode,pi: in.mrope_positions,39.550,39.550,39.550,1,3068.080,1,1,131,131
35,decode,pi: in.discard_mask,57.070,57.070,57.070,1,3068.080,1,1,131,131
35,decode,pi: in.num_accepted_tokens,15.130,15.130,15.130,1,3068.080,1,1,131,131
35,decode,pi: in.num_computed_tokens,17.650,17.650,17.650,1,3068.080,1,1,131,131
35,decode,pi: in.tokens_to_gpu,61.030,61.030,61.030,1,3068.080,1,1,131,131
35,decode,pi: in.positions_assembly,108.840,108.840,108.840,1,3068.080,1,1,131,131
35,decode,pi: in.seq_lens,60.910,60.910,60.910,1,3068.080,1,1,131,131
35,decode,pi: in.slot_mapping,132.500,132.500,132.500,1,3068.080,1,1,131,131
35,decode,pi: in.mrope_drift,0.730,0.730,0.730,1,3068.080,1,1,131,131
35,decode,pi: in.logits_indices,39.470,39.470,36.590,2,3068.080,1,1,131,131
35,decode,pi: prepare_inputs,94.490,984.630,984.630,1,3068.080,1,1,131,131
35,decode,pi: cascade_attn_prefix_lens,10.270,10.270,10.270,1,3068.080,1,1,131,131
35,decode,pi: batch_exec_and_padding,50.070,50.070,50.070,1,3068.080,1,1,131,131
35,decode,pi: ubatch_slices,1.610,1.610,1.610,1,3068.080,1,1,131,131
35,decode,pi: pad_query_start_loc,28.570,28.570,28.570,1,3068.080,1,1,131,131
35,decode,pi: am.max_seq_len,17.460,17.460,17.460,1,3068.080,1,1,131,131
35,decode,pi: am.cm_base_pre,72.410,72.410,72.410,1,3068.080,1,1,131,131
35,decode,pi: am.build.split_decodes,9.160,9.160,9.160,1,3068.080,1,1,131,131
35,decode,pi: am.build.seq_lens_select,8.920,8.920,8.920,1,3068.080,1,1,131,131
35,decode,pi: am.build.attn_mask,1.300,1.300,1.300,1,3068.080,1,1,131,131
35,decode,pi: am.build.qsl_h2d,36.170,36.170,36.170,1,3068.080,1,1,131,131
35,decode,pi: am.build.tolist,8.990,8.990,8.990,1,3068.080,1,1,131,131
35,decode,pi: am.build.fia_pad,1.520,1.520,1.520,1,3068.080,1,1,131,131
35,decode,pi: am.build.backend_metadata,31.060,31.060,31.060,1,3068.080,1,1,131,131
35,decode,pi: am.build.metadata_ctor,6.890,6.890,6.890,1,3068.080,1,1,131,131
35,decode,pi: am.builder_build@AscendAttentionMetadataBuilder,36.580,140.590,140.590,1,3068.080,1,1,131,131
35,decode,pi: am.builder_build,19.400,1060.840,319.260,4,3068.080,1,1,131,131
35,decode,pi: am.layer_assign,7.290,7.290,2.020,4,3068.080,1,1,131,131
35,decode,pi: am.group_loop,84.920,1153.050,342.460,4,3068.080,1,1,131,131
35,decode,pi: am.builder_build@AscendGDNAttentionMetadataBuilder,900.850,900.850,314.180,3,3068.080,1,1,131,131
35,decode,pi: build_attention_metadata,279.230,1522.150,1522.150,1,3068.080,1,1,131,131
35,decode,pi: sanitize_placeholder_ids,1.190,1.190,1.190,1,3068.080,1,1,131,131
35,decode,pi: sync_input_prep,106.690,2876.720,2876.720,1,3068.080,1,1,131,131
35,decode,pi: TOTAL,3068.080,3068.080,3068.080,1,3068.080,1,1,131,131
36,decode,pi: update_states,108.410,108.410,108.410,1,3075.480,1,1,131,131
36,decode,pi: tokens_list,1.100,1.100,1.100,1,3075.480,1,1,131,131
36,decode,pi: phase_classify,49.190,49.190,49.190,1,3075.480,1,1,131,131
36,decode,pi: in.block_table_commit,85.340,85.340,85.340,1,3075.480,1,1,131,131
36,decode,pi: in.req_indices,9.370,9.370,9.370,1,3075.480,1,1,131,131
36,decode,pi: in.attn_state,27.040,27.040,27.040,1,3075.480,1,1,131,131
36,decode,pi: in.positions,24.920,24.920,24.920,1,3075.480,1,1,131,131
36,decode,pi: in.prev_positions,29.410,29.410,29.410,1,3075.480,1,1,131,131
36,decode,pi: in.token_indices_select,24.620,24.620,24.620,1,3075.480,1,1,131,131
36,decode,pi: in.query_start_loc,26.120,26.120,26.120,1,3075.480,1,1,131,131
36,decode,pi: in.optimistic_seq_lens,48.430,48.430,48.430,1,3075.480,1,1,131,131
36,decode,pi: in.prepare_input_ids,63.810,63.810,63.810,1,3075.480,1,1,131,131
36,decode,pi: in.mrope_positions,38.670,38.670,38.670,1,3075.480,1,1,131,131
36,decode,pi: in.discard_mask,60.250,60.250,60.250,1,3075.480,1,1,131,131
36,decode,pi: in.num_accepted_tokens,14.090,14.090,14.090,1,3075.480,1,1,131,131
36,decode,pi: in.num_computed_tokens,32.770,32.770,32.770,1,3075.480,1,1,131,131
36,decode,pi: in.tokens_to_gpu,59.490,59.490,59.490,1,3075.480,1,1,131,131
36,decode,pi: in.positions_assembly,112.960,112.960,112.960,1,3075.480,1,1,131,131
36,decode,pi: in.seq_lens,56.350,56.350,56.350,1,3075.480,1,1,131,131
36,decode,pi: in.slot_mapping,134.090,134.090,134.090,1,3075.480,1,1,131,131
36,decode,pi: in.mrope_drift,0.740,0.740,0.740,1,3075.480,1,1,131,131
36,decode,pi: in.logits_indices,40.420,40.420,37.850,2,3075.480,1,1,131,131
36,decode,pi: prepare_inputs,94.010,982.900,982.900,1,3075.480,1,1,131,131
36,decode,pi: cascade_attn_prefix_lens,10.280,10.280,10.280,1,3075.480,1,1,131,131
36,decode,pi: batch_exec_and_padding,49.600,49.600,49.600,1,3075.480,1,1,131,131
36,decode,pi: ubatch_slices,1.520,1.520,1.520,1,3075.480,1,1,131,131
36,decode,pi: pad_query_start_loc,31.310,31.310,31.310,1,3075.480,1,1,131,131
36,decode,pi: am.max_seq_len,18.120,18.120,18.120,1,3075.480,1,1,131,131
36,decode,pi: am.cm_base_pre,72.810,72.810,72.810,1,3075.480,1,1,131,131
36,decode,pi: am.build.split_decodes,8.960,8.960,8.960,1,3075.480,1,1,131,131
36,decode,pi: am.build.seq_lens_select,8.770,8.770,8.770,1,3075.480,1,1,131,131
36,decode,pi: am.build.attn_mask,1.180,1.180,1.180,1,3075.480,1,1,131,131
36,decode,pi: am.build.qsl_h2d,32.830,32.830,32.830,1,3075.480,1,1,131,131
36,decode,pi: am.build.tolist,9.340,9.340,9.340,1,3075.480,1,1,131,131
36,decode,pi: am.build.fia_pad,1.770,1.770,1.770,1,3075.480,1,1,131,131
36,decode,pi: am.build.backend_metadata,15.360,15.360,15.360,1,3075.480,1,1,131,131
36,decode,pi: am.build.metadata_ctor,6.310,6.310,6.310,1,3075.480,1,1,131,131
36,decode,pi: am.builder_build@AscendAttentionMetadataBuilder,35.790,120.310,120.310,1,3075.480,1,1,131,131
36,decode,pi: am.builder_build,19.620,1059.830,325.490,4,3075.480,1,1,131,131
36,decode,pi: am.layer_assign,7.040,7.040,1.990,4,3075.480,1,1,131,131
36,decode,pi: am.group_loop,85.220,1152.090,348.690,4,3075.480,1,1,131,131
36,decode,pi: am.builder_build@AscendGDNAttentionMetadataBuilder,919.900,919.900,320.210,3,3075.480,1,1,131,131
36,decode,pi: build_attention_metadata,277.140,1520.160,1520.160,1,3075.480,1,1,131,131
36,decode,pi: sanitize_placeholder_ids,1.110,1.110,1.110,1,3075.480,1,1,131,131
36,decode,pi: sync_input_prep,131.850,2887.430,2887.430,1,3075.480,1,1,131,131
36,decode,pi: TOTAL,3075.480,3075.480,3075.480,1,3075.480,1,1,131,131
37,decode,pi: update_states,101.730,101.730,101.730,1,3020.740,1,1,131,131
37,decode,pi: tokens_list,1.040,1.040,1.040,1,3020.740,1,1,131,131
37,decode,pi: phase_classify,77.880,77.880,77.880,1,3020.740,1,1,131,131
37,decode,pi: in.block_table_commit,84.610,84.610,84.610,1,3020.740,1,1,131,131
37,decode,pi: in.req_indices,10.300,10.300,10.300,1,3020.740,1,1,131,131
37,decode,pi: in.attn_state,28.270,28.270,28.270,1,3020.740,1,1,131,131
37,decode,pi: in.positions,25.160,25.160,25.160,1,3020.740,1,1,131,131
37,decode,pi: in.prev_positions,30.270,30.270,30.270,1,3020.740,1,1,131,131
37,decode,pi: in.token_indices_select,25.760,25.760,25.760,1,3020.740,1,1,131,131
37,decode,pi: in.query_start_loc,27.630,27.630,27.630,1,3020.740,1,1,131,131
37,decode,pi: in.optimistic_seq_lens,48.590,48.590,48.590,1,3020.740,1,1,131,131
37,decode,pi: in.prepare_input_ids,64.650,64.650,64.650,1,3020.740,1,1,131,131
37,decode,pi: in.mrope_positions,38.650,38.650,38.650,1,3020.740,1,1,131,131
37,decode,pi: in.discard_mask,56.920,56.920,56.920,1,3020.740,1,1,131,131
37,decode,pi: in.num_accepted_tokens,14.300,14.300,14.300,1,3020.740,1,1,131,131
37,decode,pi: in.num_computed_tokens,17.580,17.580,17.580,1,3020.740,1,1,131,131
37,decode,pi: in.tokens_to_gpu,59.970,59.970,59.970,1,3020.740,1,1,131,131
37,decode,pi: in.positions_assembly,110.560,110.560,110.560,1,3020.740,1,1,131,131
37,decode,pi: in.seq_lens,57.460,57.460,57.460,1,3020.740,1,1,131,131
37,decode,pi: in.slot_mapping,130.650,130.650,130.650,1,3020.740,1,1,131,131
37,decode,pi: in.mrope_drift,0.750,0.750,0.750,1,3020.740,1,1,131,131
37,decode,pi: in.logits_indices,39.280,39.280,36.510,2,3020.740,1,1,131,131
37,decode,pi: prepare_inputs,94.150,965.510,965.510,1,3020.740,1,1,131,131
37,decode,pi: cascade_attn_prefix_lens,10.240,10.240,10.240,1,3020.740,1,1,131,131
37,decode,pi: batch_exec_and_padding,49.960,49.960,49.960,1,3020.740,1,1,131,131
37,decode,pi: ubatch_slices,1.510,1.510,1.510,1,3020.740,1,1,131,131
37,decode,pi: pad_query_start_loc,29.790,29.790,29.790,1,3020.740,1,1,131,131
37,decode,pi: am.max_seq_len,18.030,18.030,18.030,1,3020.740,1,1,131,131
37,decode,pi: am.cm_base_pre,75.560,75.560,75.560,1,3020.740,1,1,131,131
37,decode,pi: am.build.split_decodes,9.080,9.080,9.080,1,3020.740,1,1,131,131
37,decode,pi: am.build.seq_lens_select,8.720,8.720,8.720,1,3020.740,1,1,131,131
37,decode,pi: am.build.attn_mask,1.110,1.110,1.110,1,3020.740,1,1,131,131
37,decode,pi: am.build.qsl_h2d,32.870,32.870,32.870,1,3020.740,1,1,131,131
37,decode,pi: am.build.tolist,9.220,9.220,9.220,1,3020.740,1,1,131,131
37,decode,pi: am.build.fia_pad,1.710,1.710,1.710,1,3020.740,1,1,131,131
37,decode,pi: am.build.backend_metadata,14.980,14.980,14.980,1,3020.740,1,1,131,131
37,decode,pi: am.build.metadata_ctor,6.280,6.280,6.280,1,3020.740,1,1,131,131
37,decode,pi: am.builder_build@AscendAttentionMetadataBuilder,35.860,119.830,119.830,1,3020.740,1,1,131,131
37,decode,pi: am.builder_build,19.750,1027.880,318.570,4,3020.740,1,1,131,131
37,decode,pi: am.layer_assign,7.050,7.050,2.060,4,3020.740,1,1,131,131
37,decode,pi: am.group_loop,84.180,1119.110,341.470,4,3020.740,1,1,131,131
37,decode,pi: am.builder_build@AscendGDNAttentionMetadataBuilder,888.300,888.300,313.350,3,3020.740,1,1,131,131
37,decode,pi: build_attention_metadata,279.150,1491.850,1491.850,1,3020.740,1,1,131,131
37,decode,pi: sanitize_placeholder_ids,1.140,1.140,1.140,1,3020.740,1,1,131,131
37,decode,pi: sync_input_prep,102.930,2833.580,2833.580,1,3020.740,1,1,131,131
37,decode,pi: TOTAL,3020.740,3020.740,3020.740,1,3020.740,1,1,131,131
38,decode,pi: update_states,110.140,110.140,110.140,1,3037.800,1,1,131,131
38,decode,pi: tokens_list,1.070,1.070,1.070,1,3037.800,1,1,131,131
38,decode,pi: phase_classify,49.590,49.590,49.590,1,3037.800,1,1,131,131
38,decode,pi: in.block_table_commit,81.510,81.510,81.510,1,3037.800,1,1,131,131
38,decode,pi: in.req_indices,9.150,9.150,9.150,1,3037.800,1,1,131,131
38,decode,pi: in.attn_state,26.740,26.740,26.740,1,3037.800,1,1,131,131
38,decode,pi: in.positions,25.140,25.140,25.140,1,3037.800,1,1,131,131
38,decode,pi: in.prev_positions,29.820,29.820,29.820,1,3037.800,1,1,131,131
38,decode,pi: in.token_indices_select,25.280,25.280,25.280,1,3037.800,1,1,131,131
38,decode,pi: in.query_start_loc,27.620,27.620,27.620,1,3037.800,1,1,131,131
38,decode,pi: in.optimistic_seq_lens,49.110,49.110,49.110,1,3037.800,1,1,131,131
38,decode,pi: in.prepare_input_ids,65.210,65.210,65.210,1,3037.800,1,1,131,131
38,decode,pi: in.mrope_positions,40.040,40.040,40.040,1,3037.800,1,1,131,131
38,decode,pi: in.discard_mask,57.710,57.710,57.710,1,3037.800,1,1,131,131
38,decode,pi: in.num_accepted_tokens,15.030,15.030,15.030,1,3037.800,1,1,131,131
38,decode,pi: in.num_computed_tokens,17.860,17.860,17.860,1,3037.800,1,1,131,131
38,decode,pi: in.tokens_to_gpu,58.350,58.350,58.350,1,3037.800,1,1,131,131
38,decode,pi: in.positions_assembly,108.500,108.500,108.500,1,3037.800,1,1,131,131
38,decode,pi: in.seq_lens,58.610,58.610,58.610,1,3037.800,1,1,131,131
38,decode,pi: in.slot_mapping,132.220,132.220,132.220,1,3037.800,1,1,131,131
38,decode,pi: in.mrope_drift,0.660,0.660,0.660,1,3037.800,1,1,131,131
38,decode,pi: in.logits_indices,38.760,38.760,36.380,2,3037.800,1,1,131,131
38,decode,pi: prepare_inputs,93.960,961.280,961.280,1,3037.800,1,1,131,131
38,decode,pi: cascade_attn_prefix_lens,10.660,10.660,10.660,1,3037.800,1,1,131,131
38,decode,pi: batch_exec_and_padding,49.870,49.870,49.870,1,3037.800,1,1,131,131
38,decode,pi: ubatch_slices,1.560,1.560,1.560,1,3037.800,1,1,131,131
38,decode,pi: pad_query_start_loc,28.400,28.400,28.400,1,3037.800,1,1,131,131
38,decode,pi: am.max_seq_len,18.160,18.160,18.160,1,3037.800,1,1,131,131
38,decode,pi: am.cm_base_pre,72.760,72.760,72.760,1,3037.800,1,1,131,131
38,decode,pi: am.build.split_decodes,8.860,8.860,8.860,1,3037.800,1,1,131,131
38,decode,pi: am.build.seq_lens_select,8.730,8.730,8.730,1,3037.800,1,1,131,131
38,decode,pi: am.build.attn_mask,1.140,1.140,1.140,1,3037.800,1,1,131,131
38,decode,pi: am.build.qsl_h2d,32.050,32.050,32.050,1,3037.800,1,1,131,131
38,decode,pi: am.build.tolist,8.660,8.660,8.660,1,3037.800,1,1,131,131
38,decode,pi: am.build.fia_pad,1.710,1.710,1.710,1,3037.800,1,1,131,131
38,decode,pi: am.build.backend_metadata,14.640,14.640,14.640,1,3037.800,1,1,131,131
38,decode,pi: am.build.metadata_ctor,6.200,6.200,6.200,1,3037.800,1,1,131,131
38,decode,pi: am.builder_build@AscendAttentionMetadataBuilder,35.150,117.140,117.140,1,3037.800,1,1,131,131
38,decode,pi: am.builder_build,19.260,1029.660,324.300,4,3037.800,1,1,131,131
38,decode,pi: am.layer_assign,7.010,7.010,1.940,4,3037.800,1,1,131,131
38,decode,pi: am.group_loop,84.080,1120.750,347.350,4,3037.800,1,1,131,131
38,decode,pi: am.builder_build@AscendGDNAttentionMetadataBuilder,893.260,893.260,319.120,3,3037.800,1,1,131,131
38,decode,pi: build_attention_metadata,276.960,1488.630,1488.630,1,3037.800,1,1,131,131
38,decode,pi: sanitize_placeholder_ids,1.060,1.060,1.060,1,3037.800,1,1,131,131
38,decode,pi: sync_input_prep,130.420,2832.680,2832.680,1,3037.800,1,1,131,131
38,decode,pi: TOTAL,3037.800,3037.800,3037.800,1,3037.800,1,1,131,131
39,decode,pi: update_states,108.880,108.880,108.880,1,3066.410,1,1,131,131
39,decode,pi: tokens_list,1.030,1.030,1.030,1,3066.410,1,1,131,131
39,decode,pi: phase_classify,49.450,49.450,49.450,1,3066.410,1,1,131,131
39,decode,pi: in.block_table_commit,83.640,83.640,83.640,1,3066.410,1,1,131,131
39,decode,pi: in.req_indices,9.320,9.320,9.320,1,3066.410,1,1,131,131
39,decode,pi: in.attn_state,27.870,27.870,27.870,1,3066.410,1,1,131,131
39,decode,pi: in.positions,30.970,30.970,30.970,1,3066.410,1,1,131,131
39,decode,pi: in.prev_positions,31.910,31.910,31.910,1,3066.410,1,1,131,131
39,decode,pi: in.token_indices_select,25.680,25.680,25.680,1,3066.410,1,1,131,131
39,decode,pi: in.query_start_loc,26.930,26.930,26.930,1,3066.410,1,1,131,131
39,decode,pi: in.optimistic_seq_lens,48.230,48.230,48.230,1,3066.410,1,1,131,131
39,decode,pi: in.prepare_input_ids,64.260,64.260,64.260,1,3066.410,1,1,131,131
39,decode,pi: in.mrope_positions,38.150,38.150,38.150,1,3066.410,1,1,131,131
39,decode,pi: in.discard_mask,56.460,56.460,56.460,1,3066.410,1,1,131,131
39,decode,pi: in.num_accepted_tokens,15.110,15.110,15.110,1,3066.410,1,1,131,131
39,decode,pi: in.num_computed_tokens,17.860,17.860,17.860,1,3066.410,1,1,131,131
39,decode,pi: in.tokens_to_gpu,56.840,56.840,56.840,1,3066.410,1,1,131,131
39,decode,pi: in.positions_assembly,107.040,107.040,107.040,1,3066.410,1,1,131,131
39,decode,pi: in.seq_lens,54.190,54.190,54.190,1,3066.410,1,1,131,131
39,decode,pi: in.slot_mapping,133.300,133.300,133.300,1,3066.410,1,1,131,131
39,decode,pi: in.mrope_drift,0.730,0.730,0.730,1,3066.410,1,1,131,131
39,decode,pi: in.logits_indices,39.110,39.110,36.390,2,3066.410,1,1,131,131
39,decode,pi: prepare_inputs,93.820,961.420,961.420,1,3066.410,1,1,131,131
39,decode,pi: cascade_attn_prefix_lens,10.540,10.540,10.540,1,3066.410,1,1,131,131
39,decode,pi: batch_exec_and_padding,49.300,49.300,49.300,1,3066.410,1,1,131,131
39,decode,pi: ubatch_slices,1.500,1.500,1.500,1,3066.410,1,1,131,131
39,decode,pi: pad_query_start_loc,28.760,28.760,28.760,1,3066.410,1,1,131,131
39,decode,pi: am.max_seq_len,17.440,17.440,17.440,1,3066.410,1,1,131,131
39,decode,pi: am.cm_base_pre,71.720,71.720,71.720,1,3066.410,1,1,131,131
39,decode,pi: am.build.split_decodes,9.090,9.090,9.090,1,3066.410,1,1,131,131
39,decode,pi: am.build.seq_lens_select,8.810,8.810,8.810,1,3066.410,1,1,131,131
39,decode,pi: am.build.attn_mask,1.180,1.180,1.180,1,3066.410,1,1,131,131
39,decode,pi: am.build.qsl_h2d,32.250,32.250,32.250,1,3066.410,1,1,131,131
39,decode,pi: am.build.tolist,9.990,9.990,9.990,1,3066.410,1,1,131,131
39,decode,pi: am.build.fia_pad,1.620,1.620,1.620,1,3066.410,1,1,131,131
39,decode,pi: am.build.backend_metadata,15.110,15.110,15.110,1,3066.410,1,1,131,131
39,decode,pi: am.build.metadata_ctor,6.340,6.340,6.340,1,3066.410,1,1,131,131
39,decode,pi: am.builder_build@AscendAttentionMetadataBuilder,36.190,120.580,120.580,1,3066.410,1,1,131,131
39,decode,pi: am.builder_build,19.840,1076.010,328.300,4,3066.410,1,1,131,131
39,decode,pi: am.layer_assign,7.130,7.130,2.120,4,3066.410,1,1,131,131
39,decode,pi: am.group_loop,84.920,1168.060,351.580,4,3066.410,1,1,131,131
39,decode,pi: am.builder_build@AscendGDNAttentionMetadataBuilder,935.590,935.590,323.030,3,3066.410,1,1,131,131
39,decode,pi: build_attention_metadata,281.800,1539.020,1539.020,1,3066.410,1,1,131,131
39,decode,pi: sanitize_placeholder_ids,1.040,1.040,1.040,1,3066.410,1,1,131,131
39,decode,pi: sync_input_prep,129.550,2880.490,2880.490,1,3066.410,1,1,131,131
39,decode,pi: TOTAL,3066.410,3066.410,3066.410,1,3066.410,1,1,131,131
40,decode,pi: update_states,99.980,99.980,99.980,1,3061.990,1,1,131,131
40,decode,pi: tokens_list,1.080,1.080,1.080,1,3061.990,1,1,131,131
40,decode,pi: phase_classify,76.730,76.730,76.730,1,3061.990,1,1,131,131
40,decode,pi: in.block_table_commit,90.500,90.500,90.500,1,3061.990,1,1,131,131
40,decode,pi: in.req_indices,10.640,10.640,10.640,1,3061.990,1,1,131,131
40,decode,pi: in.attn_state,28.420,28.420,28.420,1,3061.990,1,1,131,131
40,decode,pi: in.positions,24.560,24.560,24.560,1,3061.990,1,1,131,131
40,decode,pi: in.prev_positions,31.520,31.520,31.520,1,3061.990,1,1,131,131
40,decode,pi: in.token_indices_select,25.310,25.310,25.310,1,3061.990,1,1,131,131
40,decode,pi: in.query_start_loc,29.790,29.790,29.790,1,3061.990,1,1,131,131
40,decode,pi: in.optimistic_seq_lens,49.830,49.830,49.830,1,3061.990,1,1,131,131
40,decode,pi: in.prepare_input_ids,65.510,65.510,65.510,1,3061.990,1,1,131,131
40,decode,pi: in.mrope_positions,40.620,40.620,40.620,1,3061.990,1,1,131,131
40,decode,pi: in.discard_mask,57.910,57.910,57.910,1,3061.990,1,1,131,131
40,decode,pi: in.num_accepted_tokens,15.250,15.250,15.250,1,3061.990,1,1,131,131
40,decode,pi: in.num_computed_tokens,17.610,17.610,17.610,1,3061.990,1,1,131,131
40,decode,pi: in.tokens_to_gpu,60.650,60.650,60.650,1,3061.990,1,1,131,131
40,decode,pi: in.positions_assembly,109.620,109.620,109.620,1,3061.990,1,1,131,131
40,decode,pi: in.seq_lens,54.350,54.350,54.350,1,3061.990,1,1,131,131
40,decode,pi: in.slot_mapping,133.750,133.750,133.750,1,3061.990,1,1,131,131
40,decode,pi: in.mrope_drift,0.750,0.750,0.750,1,3061.990,1,1,131,131
40,decode,pi: in.logits_indices,39.910,39.910,37.770,2,3061.990,1,1,131,131
40,decode,pi: prepare_inputs,95.210,981.710,981.710,1,3061.990,1,1,131,131
40,decode,pi: cascade_attn_prefix_lens,10.470,10.470,10.470,1,3061.990,1,1,131,131
40,decode,pi: batch_exec_and_padding,49.570,49.570,49.570,1,3061.990,1,1,131,131
40,decode,pi: ubatch_slices,1.500,1.500,1.500,1,3061.990,1,1,131,131
40,decode,pi: pad_query_start_loc,29.580,29.580,29.580,1,3061.990,1,1,131,131
40,decode,pi: am.max_seq_len,34.920,34.920,34.920,1,3061.990,1,1,131,131
40,decode,pi: am.cm_base_pre,80.600,80.600,80.600,1,3061.990,1,1,131,131
40,decode,pi: am.build.split_decodes,9.300,9.300,9.300,1,3061.990,1,1,131,131
40,decode,pi: am.build.seq_lens_select,8.730,8.730,8.730,1,3061.990,1,1,131,131
40,decode,pi: am.build.attn_mask,1.260,1.260,1.260,1,3061.990,1,1,131,131
40,decode,pi: am.build.qsl_h2d,33.860,33.860,33.860,1,3061.990,1,1,131,131
40,decode,pi: am.build.tolist,9.320,9.320,9.320,1,3061.990,1,1,131,131
40,decode,pi: am.build.fia_pad,2.040,2.040,2.040,1,3061.990,1,1,131,131
40,decode,pi: am.build.backend_metadata,14.700,14.700,14.700,1,3061.990,1,1,131,131
40,decode,pi: am.build.metadata_ctor,6.590,6.590,6.590,1,3061.990,1,1,131,131
40,decode,pi: am.builder_build@AscendAttentionMetadataBuilder,36.830,122.630,122.630,1,3061.990,1,1,131,131
40,decode,pi: am.builder_build,19.970,1029.350,314.400,4,3061.990,1,1,131,131
40,decode,pi: am.layer_assign,6.880,6.880,2.050,4,3061.990,1,1,131,131
40,decode,pi: am.group_loop,83.680,1119.910,336.880,4,3061.990,1,1,131,131
40,decode,pi: am.builder_build@AscendGDNAttentionMetadataBuilder,886.750,886.750,309.240,3,3061.990,1,1,131,131
40,decode,pi: build_attention_metadata,281.430,1516.860,1516.860,1,3061.990,1,1,131,131
40,decode,pi: sanitize_placeholder_ids,1.100,1.100,1.100,1,3061.990,1,1,131,131
40,decode,pi: sync_input_prep,105.850,2874.430,2874.430,1,3061.990,1,1,131,131
40,decode,pi: TOTAL,3061.990,3061.990,3061.990,1,3061.990,1,1,131,131
41,decode,pi: update_states,108.860,108.860,108.860,1,3080.880,1,1,131,131
41,decode,pi: tokens_list,0.980,0.980,0.980,1,3080.880,1,1,131,131
41,decode,pi: phase_classify,49.690,49.690,49.690,1,3080.880,1,1,131,131
41,decode,pi: in.block_table_commit,89.520,89.520,89.520,1,3080.880,1,1,131,131
41,decode,pi: in.req_indices,9.220,9.220,9.220,1,3080.880,1,1,131,131
41,decode,pi: in.attn_state,27.220,27.220,27.220,1,3080.880,1,1,131,131
41,decode,pi: in.positions,25.400,25.400,25.400,1,3080.880,1,1,131,131
41,decode,pi: in.prev_positions,30.380,30.380,30.380,1,3080.880,1,1,131,131
41,decode,pi: in.token_indices_select,25.410,25.410,25.410,1,3080.880,1,1,131,131
41,decode,pi: in.query_start_loc,44.690,44.690,44.690,1,3080.880,1,1,131,131
41,decode,pi: in.optimistic_seq_lens,51.970,51.970,51.970,1,3080.880,1,1,131,131
41,decode,pi: in.prepare_input_ids,65.820,65.820,65.820,1,3080.880,1,1,131,131
41,decode,pi: in.mrope_positions,39.810,39.810,39.810,1,3080.880,1,1,131,131
41,decode,pi: in.discard_mask,56.800,56.800,56.800,1,3080.880,1,1,131,131
41,decode,pi: in.num_accepted_tokens,17.880,17.880,17.880,1,3080.880,1,1,131,131
41,decode,pi: in.num_computed_tokens,18.490,18.490,18.490,1,3080.880,1,1,131,131
41,decode,pi: in.tokens_to_gpu,61.360,61.360,61.360,1,3080.880,1,1,131,131
41,decode,pi: in.positions_assembly,109.650,109.650,109.650,1,3080.880,1,1,131,131
41,decode,pi: in.seq_lens,55.460,55.460,55.460,1,3080.880,1,1,131,131
41,decode,pi: in.slot_mapping,134.570,134.570,134.570,1,3080.880,1,1,131,131
41,decode,pi: in.mrope_drift,0.740,0.740,0.740,1,3080.880,1,1,131,131
41,decode,pi: in.logits_indices,39.230,39.230,36.670,2,3080.880,1,1,131,131
41,decode,pi: prepare_inputs,96.830,1000.450,1000.450,1,3080.880,1,1,131,131
41,decode,pi: cascade_attn_prefix_lens,10.660,10.660,10.660,1,3080.880,1,1,131,131
41,decode,pi: batch_exec_and_padding,50.620,50.620,50.620,1,3080.880,1,1,131,131
41,decode,pi: ubatch_slices,1.480,1.480,1.480,1,3080.880,1,1,131,131
41,decode,pi: pad_query_start_loc,28.220,28.220,28.220,1,3080.880,1,1,131,131
41,decode,pi: am.max_seq_len,18.600,18.600,18.600,1,3080.880,1,1,131,131
41,decode,pi: am.cm_base_pre,75.730,75.730,75.730,1,3080.880,1,1,131,131
41,decode,pi: am.build.split_decodes,8.960,8.960,8.960,1,3080.880,1,1,131,131
41,decode,pi: am.build.seq_lens_select,8.780,8.780,8.780,1,3080.880,1,1,131,131
41,decode,pi: am.build.attn_mask,1.150,1.150,1.150,1,3080.880,1,1,131,131
41,decode,pi: am.build.qsl_h2d,32.590,32.590,32.590,1,3080.880,1,1,131,131
41,decode,pi: am.build.tolist,9.620,9.620,9.620,1,3080.880,1,1,131,131
41,decode,pi: am.build.fia_pad,1.640,1.640,1.640,1,3080.880,1,1,131,131
41,decode,pi: am.build.backend_metadata,14.930,14.930,14.930,1,3080.880,1,1,131,131
41,decode,pi: am.build.metadata_ctor,6.560,6.560,6.560,1,3080.880,1,1,131,131
41,decode,pi: am.builder_build@AscendAttentionMetadataBuilder,36.490,120.720,120.720,1,3080.880,1,1,131,131
41,decode,pi: am.builder_build,20.000,1045.610,325.440,4,3080.880,1,1,131,131
41,decode,pi: am.layer_assign,7.160,7.160,2.040,4,3080.880,1,1,131,131
41,decode,pi: am.group_loop,84.760,1137.530,348.550,4,3080.880,1,1,131,131
41,decode,pi: am.builder_build@AscendGDNAttentionMetadataBuilder,904.890,904.890,319.930,3,3080.880,1,1,131,131
41,decode,pi: build_attention_metadata,281.400,1513.260,1513.260,1,3080.880,1,1,131,131
41,decode,pi: sanitize_placeholder_ids,1.000,1.000,1.000,1,3080.880,1,1,131,131
41,decode,pi: sync_input_prep,131.920,2897.140,2897.140,1,3080.880,1,1,131,131
41,decode,pi: TOTAL,3080.880,3080.880,3080.880,1,3080.880,1,1,131,131
42,decode,pi: update_states,107.890,107.890,107.890,1,3016.620,1,1,131,131
42,decode,pi: tokens_list,1.140,1.140,1.140,1,3016.620,1,1,131,131
42,decode,pi: phase_classify,49.640,49.640,49.640,1,3016.620,1,1,131,131
42,decode,pi: in.block_table_commit,84.440,84.440,84.440,1,3016.620,1,1,131,131
42,decode,pi: in.req_indices,9.580,9.580,9.580,1,3016.620,1,1,131,131
42,decode,pi: in.attn_state,27.140,27.140,27.140,1,3016.620,1,1,131,131
42,decode,pi: in.positions,25.240,25.240,25.240,1,3016.620,1,1,131,131
42,decode,pi: in.prev_positions,31.060,31.060,31.060,1,3016.620,1,1,131,131
42,decode,pi: in.token_indices_select,24.550,24.550,24.550,1,3016.620,1,1,131,131
42,decode,pi: in.query_start_loc,26.540,26.540,26.540,1,3016.620,1,1,131,131
42,decode,pi: in.optimistic_seq_lens,48.820,48.820,48.820,1,3016.620,1,1,131,131
42,decode,pi: in.prepare_input_ids,63.680,63.680,63.680,1,3016.620,1,1,131,131
42,decode,pi: in.mrope_positions,38.420,38.420,38.420,1,3016.620,1,1,131,131
42,decode,pi: in.discard_mask,57.030,57.030,57.030,1,3016.620,1,1,131,131
42,decode,pi: in.num_accepted_tokens,14.650,14.650,14.650,1,3016.620,1,1,131,131
42,decode,pi: in.num_computed_tokens,17.720,17.720,17.720,1,3016.620,1,1,131,131
42,decode,pi: in.tokens_to_gpu,58.360,58.360,58.360,1,3016.620,1,1,131,131
42,decode,pi: in.positions_assembly,108.470,108.470,108.470,1,3016.620,1,1,131,131
42,decode,pi: in.seq_lens,55.500,55.500,55.500,1,3016.620,1,1,131,131
42,decode,pi: in.slot_mapping,132.820,132.820,132.820,1,3016.620,1,1,131,131
42,decode,pi: in.mrope_drift,0.670,0.670,0.670,1,3016.620,1,1,131,131
42,decode,pi: in.logits_indices,39.720,39.720,37.430,2,3016.620,1,1,131,131
42,decode,pi: prepare_inputs,94.600,959.010,959.010,1,3016.620,1,1,131,131
42,decode,pi: cascade_attn_prefix_lens,10.390,10.390,10.390,1,3016.620,1,1,131,131
42,decode,pi: batch_exec_and_padding,49.960,49.960,49.960,1,3016.620,1,1,131,131
42,decode,pi: ubatch_slices,1.590,1.590,1.590,1,3016.620,1,1,131,131
42,decode,pi: pad_query_start_loc,29.160,29.160,29.160,1,3016.620,1,1,131,131
42,decode,pi: am.max_seq_len,18.020,18.020,18.020,1,3016.620,1,1,131,131
42,decode,pi: am.cm_base_pre,75.840,75.840,75.840,1,3016.620,1,1,131,131
42,decode,pi: am.build.split_decodes,9.030,9.030,9.030,1,3016.620,1,1,131,131
42,decode,pi: am.build.seq_lens_select,8.790,8.790,8.790,1,3016.620,1,1,131,131
42,decode,pi: am.build.attn_mask,1.180,1.180,1.180,1,3016.620,1,1,131,131
42,decode,pi: am.build.qsl_h2d,31.720,31.720,31.720,1,3016.620,1,1,131,131
42,decode,pi: am.build.tolist,9.000,9.000,9.000,1,3016.620,1,1,131,131
42,decode,pi: am.build.fia_pad,1.770,1.770,1.770,1,3016.620,1,1,131,131
42,decode,pi: am.build.backend_metadata,14.400,14.400,14.400,1,3016.620,1,1,131,131
42,decode,pi: am.build.metadata_ctor,6.340,6.340,6.340,1,3016.620,1,1,131,131
42,decode,pi: am.builder_build@AscendAttentionMetadataBuilder,35.670,117.900,117.900,1,3016.620,1,1,131,131
42,decode,pi: am.builder_build,19.730,1028.520,316.720,4,3016.620,1,1,131,131
42,decode,pi: am.layer_assign,7.230,7.230,1.970,4,3016.620,1,1,131,131
42,decode,pi: am.group_loop,83.860,1119.610,339.580,4,3016.620,1,1,131,131
42,decode,pi: am.builder_build@AscendGDNAttentionMetadataBuilder,890.890,890.890,311.470,3,3016.620,1,1,131,131
42,decode,pi: build_attention_metadata,280.190,1493.660,1493.660,1,3016.620,1,1,131,131
42,decode,pi: sanitize_placeholder_ids,1.090,1.090,1.090,1,3016.620,1,1,131,131
42,decode,pi: sync_input_prep,131.550,2835.080,2835.080,1,3016.620,1,1,131,131
42,decode,pi: TOTAL,3016.620,3016.620,3016.620,1,3016.620,1,1,131,131
43,decode,pi: update_states,109.510,109.510,109.510,1,3081.070,1,1,131,131
43,decode,pi: tokens_list,1.040,1.040,1.040,1,3081.070,1,1,131,131
43,decode,pi: phase_classify,49.770,49.770,49.770,1,3081.070,1,1,131,131
43,decode,pi: in.block_table_commit,83.530,83.530,83.530,1,3081.070,1,1,131,131
43,decode,pi: in.req_indices,10.070,10.070,10.070,1,3081.070,1,1,131,131
43,decode,pi: in.attn_state,26.640,26.640,26.640,1,3081.070,1,1,131,131
43,decode,pi: in.positions,24.640,24.640,24.640,1,3081.070,1,1,131,131
43,decode,pi: in.prev_positions,32.040,32.040,32.040,1,3081.070,1,1,131,131
43,decode,pi: in.token_indices_select,25.020,25.020,25.020,1,3081.070,1,1,131,131
43,decode,pi: in.query_start_loc,27.460,27.460,27.460,1,3081.070,1,1,131,131
43,decode,pi: in.optimistic_seq_lens,49.050,49.050,49.050,1,3081.070,1,1,131,131
43,decode,pi: in.prepare_input_ids,65.850,65.850,65.850,1,3081.070,1,1,131,131
43,decode,pi: in.mrope_positions,39.740,39.740,39.740,1,3081.070,1,1,131,131
43,decode,pi: in.discard_mask,58.510,58.510,58.510,1,3081.070,1,1,131,131
43,decode,pi: in.num_accepted_tokens,13.970,13.970,13.970,1,3081.070,1,1,131,131
43,decode,pi: in.num_computed_tokens,17.920,17.920,17.920,1,3081.070,1,1,131,131
43,decode,pi: in.tokens_to_gpu,62.890,62.890,62.890,1,3081.070,1,1,131,131
43,decode,pi: in.positions_assembly,110.380,110.380,110.380,1,3081.070,1,1,131,131
43,decode,pi: in.seq_lens,55.750,55.750,55.750,1,3081.070,1,1,131,131
43,decode,pi: in.slot_mapping,138.840,138.840,138.840,1,3081.070,1,1,131,131
43,decode,pi: in.mrope_drift,0.740,0.740,0.740,1,3081.070,1,1,131,131
43,decode,pi: in.logits_indices,41.880,41.880,38.870,2,3081.070,1,1,131,131
43,decode,pi: prepare_inputs,94.430,979.350,979.350,1,3081.070,1,1,131,131
43,decode,pi: cascade_attn_prefix_lens,10.470,10.470,10.470,1,3081.070,1,1,131,131
43,decode,pi: batch_exec_and_padding,50.650,50.650,50.650,1,3081.070,1,1,131,131
43,decode,pi: ubatch_slices,1.550,1.550,1.550,1,3081.070,1,1,131,131
43,decode,pi: pad_query_start_loc,28.900,28.900,28.900,1,3081.070,1,1,131,131
43,decode,pi: am.max_seq_len,18.800,18.800,18.800,1,3081.070,1,1,131,131
43,decode,pi: am.cm_base_pre,74.440,74.440,74.440,1,3081.070,1,1,131,131
43,decode,pi: am.build.split_decodes,9.130,9.130,9.130,1,3081.070,1,1,131,131
43,decode,pi: am.build.seq_lens_select,8.660,8.660,8.660,1,3081.070,1,1,131,131
43,decode,pi: am.build.attn_mask,1.190,1.190,1.190,1,3081.070,1,1,131,131
43,decode,pi: am.build.qsl_h2d,34.200,34.200,34.200,1,3081.070,1,1,131,131
43,decode,pi: am.build.tolist,10.440,10.440,10.440,1,3081.070,1,1,131,131
43,decode,pi: am.build.fia_pad,1.820,1.820,1.820,1,3081.070,1,1,131,131
43,decode,pi: am.build.backend_metadata,15.130,15.130,15.130,1,3081.070,1,1,131,131
43,decode,pi: am.build.metadata_ctor,6.520,6.520,6.520,1,3081.070,1,1,131,131
43,decode,pi: am.builder_build@AscendAttentionMetadataBuilder,37.490,124.580,124.580,1,3081.070,1,1,131,131
43,decode,pi: am.builder_build,20.070,1064.660,316.540,4,3081.070,1,1,131,131
43,decode,pi: am.layer_assign,7.340,7.340,2.240,4,3081.070,1,1,131,131
43,decode,pi: am.group_loop,85.040,1157.040,339.690,4,3081.070,1,1,131,131
43,decode,pi: am.builder_build@AscendGDNAttentionMetadataBuilder,920.010,920.010,311.200,3,3081.070,1,1,131,131
43,decode,pi: build_attention_metadata,280.890,1531.170,1531.170,1,3081.070,1,1,131,131
43,decode,pi: sanitize_placeholder_ids,1.040,1.040,1.040,1,3081.070,1,1,131,131
43,decode,pi: sync_input_prep,129.890,2893.340,2893.340,1,3081.070,1,1,131,131
43,decode,pi: TOTAL,3081.070,3081.070,3081.070,1,3081.070,1,1,131,131
44,decode,pi: update_states,108.520,108.520,108.520,1,3066.870,1,1,131,131
44,decode,pi: tokens_list,1.100,1.100,1.100,1,3066.870,1,1,131,131
44,decode,pi: phase_classify,49.180,49.180,49.180,1,3066.870,1,1,131,131
44,decode,pi: in.block_table_commit,82.790,82.790,82.790,1,3066.870,1,1,131,131
44,decode,pi: in.req_indices,9.090,9.090,9.090,1,3066.870,1,1,131,131
44,decode,pi: in.attn_state,26.550,26.550,26.550,1,3066.870,1,1,131,131
44,decode,pi: in.positions,25.240,25.240,25.240,1,3066.870,1,1,131,131
44,decode,pi: in.prev_positions,29.150,29.150,29.150,1,3066.870,1,1,131,131
44,decode,pi: in.token_indices_select,25.380,25.380,25.380,1,3066.870,1,1,131,131
44,decode,pi: in.query_start_loc,26.730,26.730,26.730,1,3066.870,1,1,131,131
44,decode,pi: in.optimistic_seq_lens,49.280,49.280,49.280,1,3066.870,1,1,131,131
44,decode,pi: in.prepare_input_ids,63.880,63.880,63.880,1,3066.870,1,1,131,131
44,decode,pi: in.mrope_positions,38.790,38.790,38.790,1,3066.870,1,1,131,131
44,decode,pi: in.discard_mask,57.400,57.400,57.400,1,3066.870,1,1,131,131
44,decode,pi: in.num_accepted_tokens,16.020,16.020,16.020,1,3066.870,1,1,131,131
44,decode,pi: in.num_computed_tokens,18.030,18.030,18.030,1,3066.870,1,1,131,131
44,decode,pi: in.tokens_to_gpu,58.040,58.040,58.040,1,3066.870,1,1,131,131
44,decode,pi: in.positions_assembly,108.690,108.690,108.690,1,3066.870,1,1,131,131
44,decode,pi: in.seq_lens,55.040,55.040,55.040,1,3066.870,1,1,131,131
44,decode,pi: in.slot_mapping,132.820,132.820,132.820,1,3066.870,1,1,131,131
44,decode,pi: in.mrope_drift,0.670,0.670,0.670,1,3066.870,1,1,131,131
44,decode,pi: in.logits_indices,38.840,38.840,36.350,2,3066.870,1,1,131,131
44,decode,pi: prepare_inputs,94.750,957.180,957.180,1,3066.870,1,1,131,131
44,decode,pi: cascade_attn_prefix_lens,10.510,10.510,10.510,1,3066.870,1,1,131,131
44,decode,pi: batch_exec_and_padding,49.730,49.730,49.730,1,3066.870,1,1,131,131
44,decode,pi: ubatch_slices,1.530,1.530,1.530,1,3066.870,1,1,131,131
44,decode,pi: pad_query_start_loc,29.150,29.150,29.150,1,3066.870,1,1,131,131
44,decode,pi: am.max_seq_len,18.100,18.100,18.100,1,3066.870,1,1,131,131
44,decode,pi: am.cm_base_pre,72.540,72.540,72.540,1,3066.870,1,1,131,131
44,decode,pi: am.build.split_decodes,9.280,9.280,9.280,1,3066.870,1,1,131,131
44,decode,pi: am.build.seq_lens_select,8.730,8.730,8.730,1,3066.870,1,1,131,131
44,decode,pi: am.build.attn_mask,1.200,1.200,1.200,1,3066.870,1,1,131,131
44,decode,pi: am.build.qsl_h2d,31.570,31.570,31.570,1,3066.870,1,1,131,131
44,decode,pi: am.build.tolist,9.120,9.120,9.120,1,3066.870,1,1,131,131
44,decode,pi: am.build.fia_pad,1.660,1.660,1.660,1,3066.870,1,1,131,131
44,decode,pi: am.build.backend_metadata,14.100,14.100,14.100,1,3066.870,1,1,131,131
44,decode,pi: am.build.metadata_ctor,6.300,6.300,6.300,1,3066.870,1,1,131,131
44,decode,pi: am.builder_build@AscendAttentionMetadataBuilder,35.360,117.320,117.320,1,3066.870,1,1,131,131
44,decode,pi: am.builder_build,20.200,1075.420,344.270,4,3066.870,1,1,131,131
44,decode,pi: am.layer_assign,7.230,7.230,2.080,4,3066.870,1,1,131,131
44,decode,pi: am.group_loop,85.880,1168.530,368.410,4,3066.870,1,1,131,131
44,decode,pi: am.builder_build@AscendGDNAttentionMetadataBuilder,937.900,937.900,338.550,3,3066.870,1,1,131,131
44,decode,pi: build_attention_metadata,282.150,1541.320,1541.320,1,3066.870,1,1,131,131
44,decode,pi: sanitize_placeholder_ids,1.110,1.110,1.110,1,3066.870,1,1,131,131
44,decode,pi: sync_input_prep,131.780,2881.110,2881.110,1,3066.870,1,1,131,131
44,decode,pi: TOTAL,3066.870,3066.870,3066.870,1,3066.870,1,1,131,131
45,decode,pi: update_states,108.770,108.770,108.770,1,3076.580,1,1,131,131
45,decode,pi: tokens_list,1.020,1.020,1.020,1,3076.580,1,1,131,131
45,decode,pi: phase_classify,49.650,49.650,49.650,1,3076.580,1,1,131,131
45,decode,pi: in.block_table_commit,83.370,83.370,83.370,1,3076.580,1,1,131,131
45,decode,pi: in.req_indices,9.540,9.540,9.540,1,3076.580,1,1,131,131
45,decode,pi: in.attn_state,26.910,26.910,26.910,1,3076.580,1,1,131,131
45,decode,pi: in.positions,25.050,25.050,25.050,1,3076.580,1,1,131,131
45,decode,pi: in.prev_positions,29.790,29.790,29.790,1,3076.580,1,1,131,131
45,decode,pi: in.token_indices_select,25.250,25.250,25.250,1,3076.580,1,1,131,131
45,decode,pi: in.query_start_loc,26.500,26.500,26.500,1,3076.580,1,1,131,131
45,decode,pi: in.optimistic_seq_lens,49.690,49.690,49.690,1,3076.580,1,1,131,131
45,decode,pi: in.prepare_input_ids,66.070,66.070,66.070,1,3076.580,1,1,131,131
45,decode,pi: in.mrope_positions,38.990,38.990,38.990,1,3076.580,1,1,131,131
45,decode,pi: in.discard_mask,57.230,57.230,57.230,1,3076.580,1,1,131,131
45,decode,pi: in.num_accepted_tokens,13.840,13.840,13.840,1,3076.580,1,1,131,131
45,decode,pi: in.num_computed_tokens,18.070,18.070,18.070,1,3076.580,1,1,131,131
45,decode,pi: in.tokens_to_gpu,60.010,60.010,60.010,1,3076.580,1,1,131,131
45,decode,pi: in.positions_assembly,109.870,109.870,109.870,1,3076.580,1,1,131,131
45,decode,pi: in.seq_lens,56.820,56.820,56.820,1,3076.580,1,1,131,131
45,decode,pi: in.slot_mapping,154.030,154.030,154.030,1,3076.580,1,1,131,131
45,decode,pi: in.mrope_drift,0.660,0.660,0.660,1,3076.580,1,1,131,131
45,decode,pi: in.logits_indices,42.510,42.510,39.520,2,3076.580,1,1,131,131
45,decode,pi: prepare_inputs,95.030,989.230,989.230,1,3076.580,1,1,131,131
45,decode,pi: cascade_attn_prefix_lens,10.820,10.820,10.820,1,3076.580,1,1,131,131
45,decode,pi: batch_exec_and_padding,50.550,50.550,50.550,1,3076.580,1,1,131,131
45,decode,pi: ubatch_slices,1.570,1.570,1.570,1,3076.580,1,1,131,131
45,decode,pi: pad_query_start_loc,29.920,29.920,29.920,1,3076.580,1,1,131,131
45,decode,pi: am.max_seq_len,18.530,18.530,18.530,1,3076.580,1,1,131,131
45,decode,pi: am.cm_base_pre,75.350,75.350,75.350,1,3076.580,1,1,131,131
45,decode,pi: am.build.split_decodes,9.530,9.530,9.530,1,3076.580,1,1,131,131
45,decode,pi: am.build.seq_lens_select,8.840,8.840,8.840,1,3076.580,1,1,131,131
45,decode,pi: am.build.attn_mask,1.200,1.200,1.200,1,3076.580,1,1,131,131
45,decode,pi: am.build.qsl_h2d,36.010,36.010,36.010,1,3076.580,1,1,131,131
45,decode,pi: am.build.tolist,9.590,9.590,9.590,1,3076.580,1,1,131,131
45,decode,pi: am.build.fia_pad,1.640,1.640,1.640,1,3076.580,1,1,131,131
45,decode,pi: am.build.backend_metadata,16.070,16.070,16.070,1,3076.580,1,1,131,131
45,decode,pi: am.build.metadata_ctor,6.330,6.330,6.330,1,3076.580,1,1,131,131
45,decode,pi: am.builder_build@AscendAttentionMetadataBuilder,36.490,125.700,125.700,1,3076.580,1,1,131,131
45,decode,pi: am.builder_build,19.740,1042.580,322.370,4,3076.580,1,1,131,131
45,decode,pi: am.layer_assign,7.460,7.460,2.100,4,3076.580,1,1,131,131
45,decode,pi: am.group_loop,85.280,1135.320,345.930,4,3076.580,1,1,131,131
45,decode,pi: am.builder_build@AscendGDNAttentionMetadataBuilder,897.140,897.140,317.190,3,3076.580,1,1,131,131
45,decode,pi: build_attention_metadata,286.230,1515.430,1515.430,1,3076.580,1,1,131,131
45,decode,pi: sanitize_placeholder_ids,1.060,1.060,1.060,1,3076.580,1,1,131,131
45,decode,pi: sync_input_prep,132.840,2890.860,2890.860,1,3076.580,1,1,131,131
45,decode,pi: TOTAL,3076.580,3076.580,3076.580,1,3076.580,1,1,131,131
46,decode,pi: update_states,100.320,100.320,100.320,1,3050.840,1,1,131,131
46,decode,pi: tokens_list,1.050,1.050,1.050,1,3050.840,1,1,131,131
46,decode,pi: phase_classify,87.240,87.240,87.240,1,3050.840,1,1,131,131
46,decode,pi: in.block_table_commit,90.050,90.050,90.050,1,3050.840,1,1,131,131
46,decode,pi: in.req_indices,11.100,11.100,11.100,1,3050.840,1,1,131,131
46,decode,pi: in.attn_state,29.140,29.140,29.140,1,3050.840,1,1,131,131
46,decode,pi: in.positions,25.260,25.260,25.260,1,3050.840,1,1,131,131
46,decode,pi: in.prev_positions,30.590,30.590,30.590,1,3050.840,1,1,131,131
46,decode,pi: in.token_indices_select,25.740,25.740,25.740,1,3050.840,1,1,131,131
46,decode,pi: in.query_start_loc,27.220,27.220,27.220,1,3050.840,1,1,131,131
46,decode,pi: in.optimistic_seq_lens,48.880,48.880,48.880,1,3050.840,1,1,131,131
46,decode,pi: in.prepare_input_ids,64.720,64.720,64.720,1,3050.840,1,1,131,131
46,decode,pi: in.mrope_positions,38.660,38.660,38.660,1,3050.840,1,1,131,131
46,decode,pi: in.discard_mask,57.480,57.480,57.480,1,3050.840,1,1,131,131
46,decode,pi: in.num_accepted_tokens,14.460,14.460,14.460,1,3050.840,1,1,131,131
46,decode,pi: in.num_computed_tokens,17.850,17.850,17.850,1,3050.840,1,1,131,131
46,decode,pi: in.tokens_to_gpu,61.020,61.020,61.020,1,3050.840,1,1,131,131
46,decode,pi: in.positions_assembly,108.410,108.410,108.410,1,3050.840,1,1,131,131
46,decode,pi: in.seq_lens,56.560,56.560,56.560,1,3050.840,1,1,131,131
46,decode,pi: in.slot_mapping,133.910,133.910,133.910,1,3050.840,1,1,131,131
46,decode,pi: in.mrope_drift,0.660,0.660,0.660,1,3050.840,1,1,131,131
46,decode,pi: in.logits_indices,38.930,38.930,36.830,2,3050.840,1,1,131,131
46,decode,pi: prepare_inputs,95.000,975.640,975.640,1,3050.840,1,1,131,131
46,decode,pi: cascade_attn_prefix_lens,10.220,10.220,10.220,1,3050.840,1,1,131,131
46,decode,pi: batch_exec_and_padding,49.290,49.290,49.290,1,3050.840,1,1,131,131
46,decode,pi: ubatch_slices,1.430,1.430,1.430,1,3050.840,1,1,131,131
46,decode,pi: pad_query_start_loc,28.830,28.830,28.830,1,3050.840,1,1,131,131
46,decode,pi: am.max_seq_len,18.440,18.440,18.440,1,3050.840,1,1,131,131
46,decode,pi: am.cm_base_pre,76.370,76.370,76.370,1,3050.840,1,1,131,131
46,decode,pi: am.build.split_decodes,9.080,9.080,9.080,1,3050.840,1,1,131,131
46,decode,pi: am.build.seq_lens_select,8.790,8.790,8.790,1,3050.840,1,1,131,131
46,decode,pi: am.build.attn_mask,1.220,1.220,1.220,1,3050.840,1,1,131,131
46,decode,pi: am.build.qsl_h2d,32.510,32.510,32.510,1,3050.840,1,1,131,131
46,decode,pi: am.build.tolist,9.520,9.520,9.520,1,3050.840,1,1,131,131
46,decode,pi: am.build.fia_pad,1.620,1.620,1.620,1,3050.840,1,1,131,131
46,decode,pi: am.build.backend_metadata,15.090,15.090,15.090,1,3050.840,1,1,131,131
46,decode,pi: am.build.metadata_ctor,6.250,6.250,6.250,1,3050.840,1,1,131,131
46,decode,pi: am.builder_build@AscendAttentionMetadataBuilder,36.270,120.350,120.350,1,3050.840,1,1,131,131
46,decode,pi: am.builder_build,19.230,1030.150,316.400,4,3050.840,1,1,131,131
46,decode,pi: am.layer_assign,7.320,7.320,2.110,4,3050.840,1,1,131,131
46,decode,pi: am.group_loop,83.620,1121.090,339.220,4,3050.840,1,1,131,131
46,decode,pi: am.builder_build@AscendGDNAttentionMetadataBuilder,890.570,890.570,311.170,3,3050.840,1,1,131,131
46,decode,pi: build_attention_metadata,281.550,1497.450,1497.450,1,3050.840,1,1,131,131
46,decode,pi: sanitize_placeholder_ids,1.110,1.110,1.110,1,3050.840,1,1,131,131
46,decode,pi: sync_input_prep,108.940,2861.520,2861.520,1,3050.840,1,1,131,131
46,decode,pi: TOTAL,3050.840,3050.840,3050.840,1,3050.840,1,1,131,131
47,decode,pi: update_states,113.390,113.390,113.390,1,3052.290,1,1,131,131
47,decode,pi: tokens_list,1.070,1.070,1.070,1,3052.290,1,1,131,131
47,decode,pi: phase_classify,49.200,49.200,49.200,1,3052.290,1,1,131,131
47,decode,pi: in.block_table_commit,82.830,82.830,82.830,1,3052.290,1,1,131,131
47,decode,pi: in.req_indices,9.790,9.790,9.790,1,3052.290,1,1,131,131
47,decode,pi: in.attn_state,27.010,27.010,27.010,1,3052.290,1,1,131,131
47,decode,pi: in.positions,24.900,24.900,24.900,1,3052.290,1,1,131,131
47,decode,pi: in.prev_positions,30.150,30.150,30.150,1,3052.290,1,1,131,131
47,decode,pi: in.token_indices_select,24.940,24.940,24.940,1,3052.290,1,1,131,131
47,decode,pi: in.query_start_loc,26.850,26.850,26.850,1,3052.290,1,1,131,131
47,decode,pi: in.optimistic_seq_lens,49.640,49.640,49.640,1,3052.290,1,1,131,131
47,decode,pi: in.prepare_input_ids,64.270,64.270,64.270,1,3052.290,1,1,131,131
47,decode,pi: in.mrope_positions,40.590,40.590,40.590,1,3052.290,1,1,131,131
47,decode,pi: in.discard_mask,56.730,56.730,56.730,1,3052.290,1,1,131,131
47,decode,pi: in.num_accepted_tokens,13.580,13.580,13.580,1,3052.290,1,1,131,131
47,decode,pi: in.num_computed_tokens,18.090,18.090,18.090,1,3052.290,1,1,131,131
47,decode,pi: in.tokens_to_gpu,56.800,56.800,56.800,1,3052.290,1,1,131,131
47,decode,pi: in.positions_assembly,110.890,110.890,110.890,1,3052.290,1,1,131,131
47,decode,pi: in.seq_lens,56.400,56.400,56.400,1,3052.290,1,1,131,131
47,decode,pi: in.slot_mapping,132.600,132.600,132.600,1,3052.290,1,1,131,131
47,decode,pi: in.mrope_drift,0.670,0.670,0.670,1,3052.290,1,1,131,131
47,decode,pi: in.logits_indices,39.540,39.540,36.850,2,3052.290,1,1,131,131
47,decode,pi: prepare_inputs,93.530,959.800,959.800,1,3052.290,1,1,131,131
47,decode,pi: cascade_attn_prefix_lens,10.480,10.480,10.480,1,3052.290,1,1,131,131
47,decode,pi: batch_exec_and_padding,49.300,49.300,49.300,1,3052.290,1,1,131,131
47,decode,pi: ubatch_slices,1.530,1.530,1.530,1,3052.290,1,1,131,131
47,decode,pi: pad_query_start_loc,28.040,28.040,28.040,1,3052.290,1,1,131,131
47,decode,pi: am.max_seq_len,17.250,17.250,17.250,1,3052.290,1,1,131,131
47,decode,pi: am.cm_base_pre,73.840,73.840,73.840,1,3052.290,1,1,131,131
47,decode,pi: am.build.split_decodes,9.190,9.190,9.190,1,3052.290,1,1,131,131
47,decode,pi: am.build.seq_lens_select,8.110,8.110,8.110,1,3052.290,1,1,131,131
47,decode,pi: am.build.attn_mask,1.220,1.220,1.220,1,3052.290,1,1,131,131
47,decode,pi: am.build.qsl_h2d,34.250,34.250,34.250,1,3052.290,1,1,131,131
47,decode,pi: am.build.tolist,9.950,9.950,9.950,1,3052.290,1,1,131,131
47,decode,pi: am.build.fia_pad,1.680,1.680,1.680,1,3052.290,1,1,131,131
47,decode,pi: am.build.backend_metadata,14.720,14.720,14.720,1,3052.290,1,1,131,131
47,decode,pi: am.build.metadata_ctor,6.590,6.590,6.590,1,3052.290,1,1,131,131
47,decode,pi: am.builder_build@AscendAttentionMetadataBuilder,36.720,122.430,122.430,1,3052.290,1,1,131,131
47,decode,pi: am.builder_build,19.640,1057.980,334.740,4,3052.290,1,1,131,131
47,decode,pi: am.layer_assign,7.210,7.210,2.090,4,3052.290,1,1,131,131
47,decode,pi: am.group_loop,83.650,1148.840,358.510,4,3052.290,1,1,131,131
47,decode,pi: am.builder_build@AscendGDNAttentionMetadataBuilder,915.910,915.910,329.490,3,3052.290,1,1,131,131
47,decode,pi: build_attention_metadata,279.350,1519.280,1519.280,1,3052.290,1,1,131,131
47,decode,pi: sanitize_placeholder_ids,1.060,1.060,1.060,1,3052.290,1,1,131,131
47,decode,pi: sync_input_prep,131.410,2864.560,2864.560,1,3052.290,1,1,131,131
47,decode,pi: TOTAL,3052.290,3052.290,3052.290,1,3052.290,1,1,131,131
48,decode,pi: update_states,108.810,108.810,108.810,1,3052.980,1,1,131,131
48,decode,pi: tokens_list,1.080,1.080,1.080,1,3052.980,1,1,131,131
48,decode,pi: phase_classify,49.170,49.170,49.170,1,3052.980,1,1,131,131
48,decode,pi: in.block_table_commit,83.030,83.030,83.030,1,3052.980,1,1,131,131
48,decode,pi: in.req_indices,9.470,9.470,9.470,1,3052.980,1,1,131,131
48,decode,pi: in.attn_state,27.930,27.930,27.930,1,3052.980,1,1,131,131
48,decode,pi: in.positions,25.360,25.360,25.360,1,3052.980,1,1,131,131
48,decode,pi: in.prev_positions,31.590,31.590,31.590,1,3052.980,1,1,131,131
48,decode,pi: in.token_indices_select,25.590,25.590,25.590,1,3052.980,1,1,131,131
48,decode,pi: in.query_start_loc,26.880,26.880,26.880,1,3052.980,1,1,131,131
48,decode,pi: in.optimistic_seq_lens,49.140,49.140,49.140,1,3052.980,1,1,131,131
48,decode,pi: in.prepare_input_ids,66.650,66.650,66.650,1,3052.980,1,1,131,131
48,decode,pi: in.mrope_positions,39.280,39.280,39.280,1,3052.980,1,1,131,131
48,decode,pi: in.discard_mask,58.790,58.790,58.790,1,3052.980,1,1,131,131
48,decode,pi: in.num_accepted_tokens,14.510,14.510,14.510,1,3052.980,1,1,131,131
48,decode,pi: in.num_computed_tokens,18.570,18.570,18.570,1,3052.980,1,1,131,131
48,decode,pi: in.tokens_to_gpu,64.440,64.440,64.440,1,3052.980,1,1,131,131
48,decode,pi: in.positions_assembly,110.580,110.580,110.580,1,3052.980,1,1,131,131
48,decode,pi: in.seq_lens,56.150,56.150,56.150,1,3052.980,1,1,131,131
48,decode,pi: in.slot_mapping,133.020,133.020,133.020,1,3052.980,1,1,131,131
48,decode,pi: in.mrope_drift,0.670,0.670,0.670,1,3052.980,1,1,131,131
48,decode,pi: in.logits_indices,39.030,39.030,36.700,2,3052.980,1,1,131,131
48,decode,pi: prepare_inputs,94.430,975.110,975.110,1,3052.980,1,1,131,131
48,decode,pi: cascade_attn_prefix_lens,10.390,10.390,10.390,1,3052.980,1,1,131,131
48,decode,pi: batch_exec_and_padding,50.390,50.390,50.390,1,3052.980,1,1,131,131
48,decode,pi: ubatch_slices,1.480,1.480,1.480,1,3052.980,1,1,131,131
48,decode,pi: pad_query_start_loc,28.030,28.030,28.030,1,3052.980,1,1,131,131
48,decode,pi: am.max_seq_len,18.550,18.550,18.550,1,3052.980,1,1,131,131
48,decode,pi: am.cm_base_pre,74.840,74.840,74.840,1,3052.980,1,1,131,131
48,decode,pi: am.build.split_decodes,8.900,8.900,8.900,1,3052.980,1,1,131,131
48,decode,pi: am.build.seq_lens_select,8.480,8.480,8.480,1,3052.980,1,1,131,131
48,decode,pi: am.build.attn_mask,1.160,1.160,1.160,1,3052.980,1,1,131,131
48,decode,pi: am.build.qsl_h2d,32.710,32.710,32.710,1,3052.980,1,1,131,131
48,decode,pi: am.build.tolist,9.180,9.180,9.180,1,3052.980,1,1,131,131
48,decode,pi: am.build.fia_pad,1.730,1.730,1.730,1,3052.980,1,1,131,131
48,decode,pi: am.build.backend_metadata,14.560,14.560,14.560,1,3052.980,1,1,131,131
48,decode,pi: am.build.metadata_ctor,6.310,6.310,6.310,1,3052.980,1,1,131,131
48,decode,pi: am.builder_build@AscendAttentionMetadataBuilder,35.880,118.910,118.910,1,3052.980,1,1,131,131
48,decode,pi: am.builder_build,19.680,1030.230,311.010,4,3052.980,1,1,131,131
48,decode,pi: am.layer_assign,7.290,7.290,2.040,4,3052.980,1,1,131,131
48,decode,pi: am.group_loop,85.090,1122.610,334.010,4,3052.980,1,1,131,131
48,decode,pi: am.builder_build@AscendGDNAttentionMetadataBuilder,891.640,891.640,305.760,3,3052.980,1,1,131,131
48,decode,pi: build_attention_metadata,297.400,1513.400,1513.400,1,3052.980,1,1,131,131
48,decode,pi: sanitize_placeholder_ids,1.120,1.120,1.120,1,3052.980,1,1,131,131
48,decode,pi: sync_input_prep,129.680,2868.660,2868.660,1,3052.980,1,1,131,131
48,decode,pi: TOTAL,3052.980,3052.980,3052.980,1,3052.980,1,1,131,131
49,decode,pi: update_states,108.400,108.400,108.400,1,3076.520,1,1,131,131
49,decode,pi: tokens_list,1.020,1.020,1.020,1,3076.520,1,1,131,131
49,decode,pi: phase_classify,49.590,49.590,49.590,1,3076.520,1,1,131,131
49,decode,pi: in.block_table_commit,82.960,82.960,82.960,1,3076.520,1,1,131,131
49,decode,pi: in.req_indices,9.130,9.130,9.130,1,3076.520,1,1,131,131
49,decode,pi: in.attn_state,26.610,26.610,26.610,1,3076.520,1,1,131,131
49,decode,pi: in.positions,25.200,25.200,25.200,1,3076.520,1,1,131,131
49,decode,pi: in.prev_positions,28.260,28.260,28.260,1,3076.520,1,1,131,131
49,decode,pi: in.token_indices_select,24.930,24.930,24.930,1,3076.520,1,1,131,131
49,decode,pi: in.query_start_loc,31.350,31.350,31.350,1,3076.520,1,1,131,131
49,decode,pi: in.optimistic_seq_lens,51.500,51.500,51.500,1,3076.520,1,1,131,131
49,decode,pi: in.prepare_input_ids,64.720,64.720,64.720,1,3076.520,1,1,131,131
49,decode,pi: in.mrope_positions,38.680,38.680,38.680,1,3076.520,1,1,131,131
49,decode,pi: in.discard_mask,57.690,57.690,57.690,1,3076.520,1,1,131,131
49,decode,pi: in.num_accepted_tokens,15.100,15.100,15.100,1,3076.520,1,1,131,131
49,decode,pi: in.num_computed_tokens,18.110,18.110,18.110,1,3076.520,1,1,131,131
49,decode,pi: in.tokens_to_gpu,57.520,57.520,57.520,1,3076.520,1,1,131,131
49,decode,pi: in.positions_assembly,109.880,109.880,109.880,1,3076.520,1,1,131,131
49,decode,pi: in.seq_lens,56.470,56.470,56.470,1,3076.520,1,1,131,131
49,decode,pi: in.slot_mapping,132.680,132.680,132.680,1,3076.520,1,1,131,131
49,decode,pi: in.mrope_drift,0.720,0.720,0.720,1,3076.520,1,1,131,131
49,decode,pi: in.logits_indices,39.720,39.720,36.790,2,3076.520,1,1,131,131
49,decode,pi: prepare_inputs,94.010,965.240,965.240,1,3076.520,1,1,131,131
49,decode,pi: cascade_attn_prefix_lens,10.500,10.500,10.500,1,3076.520,1,1,131,131
49,decode,pi: batch_exec_and_padding,49.970,49.970,49.970,1,3076.520,1,1,131,131
49,decode,pi: ubatch_slices,1.640,1.640,1.640,1,3076.520,1,1,131,131
49,decode,pi: pad_query_start_loc,28.300,28.300,28.300,1,3076.520,1,1,131,131
49,decode,pi: am.max_seq_len,17.620,17.620,17.620,1,3076.520,1,1,131,131
49,decode,pi: am.cm_base_pre,71.890,71.890,71.890,1,3076.520,1,1,131,131
49,decode,pi: am.build.split_decodes,8.820,8.820,8.820,1,3076.520,1,1,131,131
49,decode,pi: am.build.seq_lens_select,8.880,8.880,8.880,1,3076.520,1,1,131,131
49,decode,pi: am.build.attn_mask,1.220,1.220,1.220,1,3076.520,1,1,131,131
49,decode,pi: am.build.qsl_h2d,32.830,32.830,32.830,1,3076.520,1,1,131,131
49,decode,pi: am.build.tolist,8.830,8.830,8.830,1,3076.520,1,1,131,131
49,decode,pi: am.build.fia_pad,1.740,1.740,1.740,1,3076.520,1,1,131,131
49,decode,pi: am.build.backend_metadata,28.980,28.980,28.980,1,3076.520,1,1,131,131
49,decode,pi: am.build.metadata_ctor,6.560,6.560,6.560,1,3076.520,1,1,131,131
49,decode,pi: am.builder_build@AscendAttentionMetadataBuilder,35.920,133.780,133.780,1,3076.520,1,1,131,131
49,decode,pi: am.builder_build,20.330,1078.950,333.510,4,3076.520,1,1,131,131
49,decode,pi: am.layer_assign,7.530,7.530,2.210,4,3076.520,1,1,131,131
49,decode,pi: am.group_loop,88.210,1174.690,360.360,4,3076.520,1,1,131,131
49,decode,pi: am.builder_build@AscendGDNAttentionMetadataBuilder,924.840,924.840,326.890,3,3076.520,1,1,131,131
49,decode,pi: build_attention_metadata,283.300,1547.500,1547.500,1,3076.520,1,1,131,131
49,decode,pi: sanitize_placeholder_ids,1.070,1.070,1.070,1,3076.520,1,1,131,131
49,decode,pi: sync_input_prep,129.350,2892.580,2892.580,1,3076.520,1,1,131,131
49,decode,pi: TOTAL,3076.520,3076.520,3076.520,1,3076.520,1,1,131,131
50,decode,pi: update_states,109.300,109.300,109.300,1,3007.870,1,1,131,131
50,decode,pi: tokens_list,1.060,1.060,1.060,1,3007.870,1,1,131,131
50,decode,pi: phase_classify,49.810,49.810,49.810,1,3007.870,1,1,131,131
50,decode,pi: in.block_table_commit,81.360,81.360,81.360,1,3007.870,1,1,131,131
50,decode,pi: in.req_indices,9.450,9.450,9.450,1,3007.870,1,1,131,131
50,decode,pi: in.attn_state,26.730,26.730,26.730,1,3007.870,1,1,131,131
50,decode,pi: in.positions,24.970,24.970,24.970,1,3007.870,1,1,131,131
50,decode,pi: in.prev_positions,29.250,29.250,29.250,1,3007.870,1,1,131,131
50,decode,pi: in.token_indices_select,24.970,24.970,24.970,1,3007.870,1,1,131,131
50,decode,pi: in.query_start_loc,26.170,26.170,26.170,1,3007.870,1,1,131,131
50,decode,pi: in.optimistic_seq_lens,48.630,48.630,48.630,1,3007.870,1,1,131,131
50,decode,pi: in.prepare_input_ids,63.790,63.790,63.790,1,3007.870,1,1,131,131
50,decode,pi: in.mrope_positions,38.250,38.250,38.250,1,3007.870,1,1,131,131
50,decode,pi: in.discard_mask,73.410,73.410,73.410,1,3007.870,1,1,131,131
50,decode,pi: in.num_accepted_tokens,15.660,15.660,15.660,1,3007.870,1,1,131,131
50,decode,pi: in.num_computed_tokens,18.400,18.400,18.400,1,3007.870,1,1,131,131
50,decode,pi: in.tokens_to_gpu,58.700,58.700,58.700,1,3007.870,1,1,131,131
50,decode,pi: in.positions_assembly,109.540,109.540,109.540,1,3007.870,1,1,131,131
50,decode,pi: in.seq_lens,55.950,55.950,55.950,1,3007.870,1,1,131,131
50,decode,pi: in.slot_mapping,133.120,133.120,133.120,1,3007.870,1,1,131,131
50,decode,pi: in.mrope_drift,0.700,0.700,0.700,1,3007.870,1,1,131,131
50,decode,pi: in.logits_indices,39.800,39.800,37.360,2,3007.870,1,1,131,131
50,decode,pi: prepare_inputs,94.510,973.360,973.360,1,3007.870,1,1,131,131
50,decode,pi: cascade_attn_prefix_lens,10.510,10.510,10.510,1,3007.870,1,1,131,131
50,decode,pi: batch_exec_and_padding,49.820,49.820,49.820,1,3007.870,1,1,131,131
50,decode,pi: ubatch_slices,1.650,1.650,1.650,1,3007.870,1,1,131,131
50,decode,pi: pad_query_start_loc,28.440,28.440,28.440,1,3007.870,1,1,131,131
50,decode,pi: am.max_seq_len,16.960,16.960,16.960,1,3007.870,1,1,131,131
50,decode,pi: am.cm_base_pre,74.260,74.260,74.260,1,3007.870,1,1,131,131
50,decode,pi: am.build.split_decodes,9.280,9.280,9.280,1,3007.870,1,1,131,131
50,decode,pi: am.build.seq_lens_select,8.570,8.570,8.570,1,3007.870,1,1,131,131
50,decode,pi: am.build.attn_mask,1.240,1.240,1.240,1,3007.870,1,1,131,131
50,decode,pi: am.build.qsl_h2d,32.660,32.660,32.660,1,3007.870,1,1,131,131
50,decode,pi: am.build.tolist,9.560,9.560,9.560,1,3007.870,1,1,131,131
50,decode,pi: am.build.fia_pad,1.650,1.650,1.650,1,3007.870,1,1,131,131
50,decode,pi: am.build.backend_metadata,15.360,15.360,15.360,1,3007.870,1,1,131,131
50,decode,pi: am.build.metadata_ctor,6.400,6.400,6.400,1,3007.870,1,1,131,131
50,decode,pi: am.builder_build@AscendAttentionMetadataBuilder,35.500,120.220,120.220,1,3007.870,1,1,131,131
50,decode,pi: am.builder_build,19.320,1010.810,308.230,4,3007.870,1,1,131,131
50,decode,pi: am.layer_assign,7.160,7.160,2.070,4,3007.870,1,1,131,131
50,decode,pi: am.group_loop,83.480,1101.450,331.710,4,3007.870,1,1,131,131
50,decode,pi: am.builder_build@AscendGDNAttentionMetadataBuilder,871.270,871.270,303.060,3,3007.870,1,1,131,131
50,decode,pi: build_attention_metadata,275.150,1467.820,1467.820,1,3007.870,1,1,131,131
50,decode,pi: sanitize_placeholder_ids,1.150,1.150,1.150,1,3007.870,1,1,131,131
50,decode,pi: sync_input_prep,129.330,2822.250,2822.250,1,3007.870,1,1,131,131
50,decode,pi: TOTAL,3007.870,3007.870,3007.870,1,3007.870,1,1,131,131
51,decode,pi: update_states,109.250,109.250,109.250,1,3042.420,1,1,131,131
51,decode,pi: tokens_list,1.080,1.080,1.080,1,3042.420,1,1,131,131
51,decode,pi: phase_classify,50.560,50.560,50.560,1,3042.420,1,1,131,131
51,decode,pi: in.block_table_commit,81.780,81.780,81.780,1,3042.420,1,1,131,131
51,decode,pi: in.req_indices,15.320,15.320,15.320,1,3042.420,1,1,131,131
51,decode,pi: in.attn_state,27.560,27.560,27.560,1,3042.420,1,1,131,131
51,decode,pi: in.positions,24.420,24.420,24.420,1,3042.420,1,1,131,131
51,decode,pi: in.prev_positions,30.630,30.630,30.630,1,3042.420,1,1,131,131
51,decode,pi: in.token_indices_select,26.170,26.170,26.170,1,3042.420,1,1,131,131
51,decode,pi: in.query_start_loc,27.320,27.320,27.320,1,3042.420,1,1,131,131
51,decode,pi: in.optimistic_seq_lens,49.920,49.920,49.920,1,3042.420,1,1,131,131
51,decode,pi: in.prepare_input_ids,65.720,65.720,65.720,1,3042.420,1,1,131,131
51,decode,pi: in.mrope_positions,41.720,41.720,41.720,1,3042.420,1,1,131,131
51,decode,pi: in.discard_mask,60.170,60.170,60.170,1,3042.420,1,1,131,131
51,decode,pi: in.num_accepted_tokens,15.350,15.350,15.350,1,3042.420,1,1,131,131
51,decode,pi: in.num_computed_tokens,18.220,18.220,18.220,1,3042.420,1,1,131,131
51,decode,pi: in.tokens_to_gpu,57.030,57.030,57.030,1,3042.420,1,1,131,131
51,decode,pi: in.positions_assembly,108.250,108.250,108.250,1,3042.420,1,1,131,131
51,decode,pi: in.seq_lens,53.300,53.300,53.300,1,3042.420,1,1,131,131
51,decode,pi: in.slot_mapping,135.990,135.990,135.990,1,3042.420,1,1,131,131
51,decode,pi: in.mrope_drift,0.640,0.640,0.640,1,3042.420,1,1,131,131
51,decode,pi: in.logits_indices,40.160,40.160,37.350,2,3042.420,1,1,131,131
51,decode,pi: prepare_inputs,95.880,975.550,975.550,1,3042.420,1,1,131,131
51,decode,pi: cascade_attn_prefix_lens,10.410,10.410,10.410,1,3042.420,1,1,131,131
51,decode,pi: batch_exec_and_padding,49.710,49.710,49.710,1,3042.420,1,1,131,131
51,decode,pi: ubatch_slices,1.530,1.530,1.530,1,3042.420,1,1,131,131
51,decode,pi: pad_query_start_loc,28.760,28.760,28.760,1,3042.420,1,1,131,131
51,decode,pi: am.max_seq_len,18.100,18.100,18.100,1,3042.420,1,1,131,131
51,decode,pi: am.cm_base_pre,73.860,73.860,73.860,1,3042.420,1,1,131,131
51,decode,pi: am.build.split_decodes,9.100,9.100,9.100,1,3042.420,1,1,131,131
51,decode,pi: am.build.seq_lens_select,8.390,8.390,8.390,1,3042.420,1,1,131,131
51,decode,pi: am.build.attn_mask,1.220,1.220,1.220,1,3042.420,1,1,131,131
51,decode,pi: am.build.qsl_h2d,32.890,32.890,32.890,1,3042.420,1,1,131,131
51,decode,pi: am.build.tolist,9.040,9.040,9.040,1,3042.420,1,1,131,131
51,decode,pi: am.build.fia_pad,1.730,1.730,1.730,1,3042.420,1,1,131,131
51,decode,pi: am.build.backend_metadata,14.780,14.780,14.780,1,3042.420,1,1,131,131
51,decode,pi: am.build.metadata_ctor,6.240,6.240,6.240,1,3042.420,1,1,131,131
51,decode,pi: am.builder_build@AscendAttentionMetadataBuilder,36.050,119.440,119.440,1,3042.420,1,1,131,131
51,decode,pi: am.builder_build,19.790,1036.520,311.800,4,3042.420,1,1,131,131
51,decode,pi: am.layer_assign,7.280,7.280,2.120,4,3042.420,1,1,131,131
51,decode,pi: am.group_loop,85.130,1128.930,334.520,4,3042.420,1,1,131,131
51,decode,pi: am.builder_build@AscendGDNAttentionMetadataBuilder,897.290,897.290,306.610,3,3042.420,1,1,131,131
51,decode,pi: build_attention_metadata,275.710,1496.600,1496.600,1,3042.420,1,1,131,131
51,decode,pi: sanitize_placeholder_ids,1.090,1.090,1.090,1,3042.420,1,1,131,131
51,decode,pi: sync_input_prep,132.120,2856.660,2856.660,1,3042.420,1,1,131,131
51,decode,pi: TOTAL,3042.420,3042.420,3042.420,1,3042.420,1,1,131,131
52,decode,pi: update_states,100.270,100.270,100.270,1,3031.610,1,1,131,131
52,decode,pi: tokens_list,1.020,1.020,1.020,1,3031.610,1,1,131,131
52,decode,pi: phase_classify,79.010,79.010,79.010,1,3031.610,1,1,131,131
52,decode,pi: in.block_table_commit,84.740,84.740,84.740,1,3031.610,1,1,131,131
52,decode,pi: in.req_indices,10.510,10.510,10.510,1,3031.610,1,1,131,131
52,decode,pi: in.attn_state,28.070,28.070,28.070,1,3031.610,1,1,131,131
52,decode,pi: in.positions,24.800,24.800,24.800,1,3031.610,1,1,131,131
52,decode,pi: in.prev_positions,29.510,29.510,29.510,1,3031.610,1,1,131,131
52,decode,pi: in.token_indices_select,25.700,25.700,25.700,1,3031.610,1,1,131,131
52,decode,pi: in.query_start_loc,26.400,26.400,26.400,1,3031.610,1,1,131,131
52,decode,pi: in.optimistic_seq_lens,49.270,49.270,49.270,1,3031.610,1,1,131,131
52,decode,pi: in.prepare_input_ids,64.010,64.010,64.010,1,3031.610,1,1,131,131
52,decode,pi: in.mrope_positions,39.120,39.120,39.120,1,3031.610,1,1,131,131
52,decode,pi: in.discard_mask,57.620,57.620,57.620,1,3031.610,1,1,131,131
52,decode,pi: in.num_accepted_tokens,13.870,13.870,13.870,1,3031.610,1,1,131,131
52,decode,pi: in.num_computed_tokens,17.690,17.690,17.690,1,3031.610,1,1,131,131
52,decode,pi: in.tokens_to_gpu,56.760,56.760,56.760,1,3031.610,1,1,131,131
52,decode,pi: in.positions_assembly,108.520,108.520,108.520,1,3031.610,1,1,131,131
52,decode,pi: in.seq_lens,55.140,55.140,55.140,1,3031.610,1,1,131,131
52,decode,pi: in.slot_mapping,136.650,136.650,136.650,1,3031.610,1,1,131,131
52,decode,pi: in.mrope_drift,0.730,0.730,0.730,1,3031.610,1,1,131,131
52,decode,pi: in.logits_indices,39.070,39.070,36.730,2,3031.610,1,1,131,131
52,decode,pi: prepare_inputs,94.920,963.100,963.100,1,3031.610,1,1,131,131
52,decode,pi: cascade_attn_prefix_lens,10.170,10.170,10.170,1,3031.610,1,1,131,131
52,decode,pi: batch_exec_and_padding,49.970,49.970,49.970,1,3031.610,1,1,131,131
52,decode,pi: ubatch_slices,1.550,1.550,1.550,1,3031.610,1,1,131,131
52,decode,pi: pad_query_start_loc,28.920,28.920,28.920,1,3031.610,1,1,131,131
52,decode,pi: am.max_seq_len,18.790,18.790,18.790,1,3031.610,1,1,131,131
52,decode,pi: am.cm_base_pre,74.120,74.120,74.120,1,3031.610,1,1,131,131
52,decode,pi: am.build.split_decodes,9.100,9.100,9.100,1,3031.610,1,1,131,131
52,decode,pi: am.build.seq_lens_select,8.650,8.650,8.650,1,3031.610,1,1,131,131
52,decode,pi: am.build.attn_mask,1.230,1.230,1.230,1,3031.610,1,1,131,131
52,decode,pi: am.build.qsl_h2d,32.780,32.780,32.780,1,3031.610,1,1,131,131
52,decode,pi: am.build.tolist,9.730,9.730,9.730,1,3031.610,1,1,131,131
52,decode,pi: am.build.fia_pad,1.690,1.690,1.690,1,3031.610,1,1,131,131
52,decode,pi: am.build.backend_metadata,14.800,14.800,14.800,1,3031.610,1,1,131,131
52,decode,pi: am.build.metadata_ctor,6.010,6.010,6.010,1,3031.610,1,1,131,131
52,decode,pi: am.builder_build@AscendAttentionMetadataBuilder,35.780,119.770,119.770,1,3031.610,1,1,131,131
52,decode,pi: am.builder_build,19.580,1022.770,313.800,4,3031.610,1,1,131,131
52,decode,pi: am.layer_assign,7.050,7.050,2.000,4,3031.610,1,1,131,131
52,decode,pi: am.group_loop,84.070,1113.890,336.650,4,3031.610,1,1,131,131
52,decode,pi: am.builder_build@AscendGDNAttentionMetadataBuilder,883.420,883.420,308.840,3,3031.610,1,1,131,131
52,decode,pi: build_attention_metadata,277.770,1484.570,1484.570,1,3031.610,1,1,131,131
52,decode,pi: sanitize_placeholder_ids,1.220,1.220,1.220,1,3031.610,1,1,131,131
52,decode,pi: sync_input_prep,104.430,2824.230,2824.230,1,3031.610,1,1,131,131
52,decode,pi: TOTAL,3031.610,3031.610,3031.610,1,3031.610,1,1,131,131
53,decode,pi: update_states,109.000,109.000,109.000,1,3048.660,1,1,131,131
53,decode,pi: tokens_list,0.980,0.980,0.980,1,3048.660,1,1,131,131
53,decode,pi: phase_classify,48.660,48.660,48.660,1,3048.660,1,1,131,131
53,decode,pi: in.block_table_commit,81.270,81.270,81.270,1,3048.660,1,1,131,131
53,decode,pi: in.req_indices,9.520,9.520,9.520,1,3048.660,1,1,131,131
53,decode,pi: in.attn_state,26.580,26.580,26.580,1,3048.660,1,1,131,131
53,decode,pi: in.positions,24.420,24.420,24.420,1,3048.660,1,1,131,131
53,decode,pi: in.prev_positions,29.110,29.110,29.110,1,3048.660,1,1,131,131
53,decode,pi: in.token_indices_select,25.420,25.420,25.420,1,3048.660,1,1,131,131
53,decode,pi: in.query_start_loc,26.770,26.770,26.770,1,3048.660,1,1,131,131
53,decode,pi: in.optimistic_seq_lens,49.170,49.170,49.170,1,3048.660,1,1,131,131
53,decode,pi: in.prepare_input_ids,64.800,64.800,64.800,1,3048.660,1,1,131,131
53,decode,pi: in.mrope_positions,38.140,38.140,38.140,1,3048.660,1,1,131,131
53,decode,pi: in.discard_mask,56.940,56.940,56.940,1,3048.660,1,1,131,131
53,decode,pi: in.num_accepted_tokens,14.650,14.650,14.650,1,3048.660,1,1,131,131
53,decode,pi: in.num_computed_tokens,18.290,18.290,18.290,1,3048.660,1,1,131,131
53,decode,pi: in.tokens_to_gpu,57.580,57.580,57.580,1,3048.660,1,1,131,131
53,decode,pi: in.positions_assembly,107.540,107.540,107.540,1,3048.660,1,1,131,131
53,decode,pi: in.seq_lens,56.190,56.190,56.190,1,3048.660,1,1,131,131
53,decode,pi: in.slot_mapping,142.800,142.800,142.800,1,3048.660,1,1,131,131
53,decode,pi: in.mrope_drift,0.700,0.700,0.700,1,3048.660,1,1,131,131
53,decode,pi: in.logits_indices,43.030,43.030,40.390,2,3048.660,1,1,131,131
53,decode,pi: prepare_inputs,94.750,967.670,967.670,1,3048.660,1,1,131,131
53,decode,pi: cascade_attn_prefix_lens,10.360,10.360,10.360,1,3048.660,1,1,131,131
53,decode,pi: batch_exec_and_padding,50.370,50.370,50.370,1,3048.660,1,1,131,131
53,decode,pi: ubatch_slices,1.540,1.540,1.540,1,3048.660,1,1,131,131
53,decode,pi: pad_query_start_loc,27.990,27.990,27.990,1,3048.660,1,1,131,131
53,decode,pi: am.max_seq_len,18.210,18.210,18.210,1,3048.660,1,1,131,131
53,decode,pi: am.cm_base_pre,73.640,73.640,73.640,1,3048.660,1,1,131,131
53,decode,pi: am.build.split_decodes,8.870,8.870,8.870,1,3048.660,1,1,131,131
53,decode,pi: am.build.seq_lens_select,8.250,8.250,8.250,1,3048.660,1,1,131,131
53,decode,pi: am.build.attn_mask,1.270,1.270,1.270,1,3048.660,1,1,131,131
53,decode,pi: am.build.qsl_h2d,33.520,33.520,33.520,1,3048.660,1,1,131,131
53,decode,pi: am.build.tolist,8.550,8.550,8.550,1,3048.660,1,1,131,131
53,decode,pi: am.build.fia_pad,1.730,1.730,1.730,1,3048.660,1,1,131,131
53,decode,pi: am.build.backend_metadata,14.770,14.770,14.770,1,3048.660,1,1,131,131
53,decode,pi: am.build.metadata_ctor,6.510,6.510,6.510,1,3048.660,1,1,131,131
53,decode,pi: am.builder_build@AscendAttentionMetadataBuilder,35.590,119.060,119.060,1,3048.660,1,1,131,131
53,decode,pi: am.builder_build,19.380,1035.410,312.920,4,3048.660,1,1,131,131
53,decode,pi: am.layer_assign,6.890,6.890,2.070,4,3048.660,1,1,131,131
53,decode,pi: am.group_loop,86.700,1129.000,335.850,4,3048.660,1,1,131,131
53,decode,pi: am.builder_build@AscendGDNAttentionMetadataBuilder,896.970,896.970,308.030,3,3048.660,1,1,131,131
53,decode,pi: build_attention_metadata,295.310,1516.160,1516.160,1,3048.660,1,1,131,131
53,decode,pi: sanitize_placeholder_ids,1.170,1.170,1.170,1,3048.660,1,1,131,131
53,decode,pi: sync_input_prep,129.500,2863.400,2863.400,1,3048.660,1,1,131,131
53,decode,pi: TOTAL,3048.660,3048.660,3048.660,1,3048.660,1,1,131,131
54,decode,pi: update_states,109.560,109.560,109.560,1,3026.010,1,1,131,131
54,decode,pi: tokens_list,1.010,1.010,1.010,1,3026.010,1,1,131,131
54,decode,pi: phase_classify,49.260,49.260,49.260,1,3026.010,1,1,131,131
54,decode,pi: in.block_table_commit,81.030,81.030,81.030,1,3026.010,1,1,131,131
54,decode,pi: in.req_indices,9.270,9.270,9.270,1,3026.010,1,1,131,131
54,decode,pi: in.attn_state,26.900,26.900,26.900,1,3026.010,1,1,131,131
54,decode,pi: in.positions,24.510,24.510,24.510,1,3026.010,1,1,131,131
54,decode,pi: in.prev_positions,28.580,28.580,28.580,1,3026.010,1,1,131,131
54,decode,pi: in.token_indices_select,25.150,25.150,25.150,1,3026.010,1,1,131,131
54,decode,pi: in.query_start_loc,27.250,27.250,27.250,1,3026.010,1,1,131,131
54,decode,pi: in.optimistic_seq_lens,49.320,49.320,49.320,1,3026.010,1,1,131,131
54,decode,pi: in.prepare_input_ids,63.720,63.720,63.720,1,3026.010,1,1,131,131
54,decode,pi: in.mrope_positions,38.850,38.850,38.850,1,3026.010,1,1,131,131
54,decode,pi: in.discard_mask,56.400,56.400,56.400,1,3026.010,1,1,131,131
54,decode,pi: in.num_accepted_tokens,14.630,14.630,14.630,1,3026.010,1,1,131,131
54,decode,pi: in.num_computed_tokens,17.940,17.940,17.940,1,3026.010,1,1,131,131
54,decode,pi: in.tokens_to_gpu,58.770,58.770,58.770,1,3026.010,1,1,131,131
54,decode,pi: in.positions_assembly,109.470,109.470,109.470,1,3026.010,1,1,131,131
54,decode,pi: in.seq_lens,56.160,56.160,56.160,1,3026.010,1,1,131,131
54,decode,pi: in.slot_mapping,137.630,137.630,137.630,1,3026.010,1,1,131,131
54,decode,pi: in.mrope_drift,0.690,0.690,0.690,1,3026.010,1,1,131,131
54,decode,pi: in.logits_indices,38.340,38.340,35.930,2,3026.010,1,1,131,131
54,decode,pi: prepare_inputs,110.160,974.770,974.770,1,3026.010,1,1,131,131
54,decode,pi: cascade_attn_prefix_lens,11.310,11.310,11.310,1,3026.010,1,1,131,131
54,decode,pi: batch_exec_and_padding,51.170,51.170,51.170,1,3026.010,1,1,131,131
54,decode,pi: ubatch_slices,1.580,1.580,1.580,1,3026.010,1,1,131,131
54,decode,pi: pad_query_start_loc,30.230,30.230,30.230,1,3026.010,1,1,131,131
54,decode,pi: am.max_seq_len,18.810,18.810,18.810,1,3026.010,1,1,131,131
54,decode,pi: am.cm_base_pre,74.680,74.680,74.680,1,3026.010,1,1,131,131
54,decode,pi: am.build.split_decodes,9.330,9.330,9.330,1,3026.010,1,1,131,131
54,decode,pi: am.build.seq_lens_select,8.670,8.670,8.670,1,3026.010,1,1,131,131
54,decode,pi: am.build.attn_mask,1.260,1.260,1.260,1,3026.010,1,1,131,131
54,decode,pi: am.build.qsl_h2d,34.860,34.860,34.860,1,3026.010,1,1,131,131
54,decode,pi: am.build.tolist,8.880,8.880,8.880,1,3026.010,1,1,131,131
54,decode,pi: am.build.fia_pad,1.690,1.690,1.690,1,3026.010,1,1,131,131
54,decode,pi: am.build.backend_metadata,14.930,14.930,14.930,1,3026.010,1,1,131,131
54,decode,pi: am.build.metadata_ctor,6.300,6.300,6.300,1,3026.010,1,1,131,131
54,decode,pi: am.builder_build@AscendAttentionMetadataBuilder,36.690,122.610,122.610,1,3026.010,1,1,131,131
54,decode,pi: am.builder_build,19.090,1024.270,312.390,4,3026.010,1,1,131,131
54,decode,pi: am.layer_assign,7.120,7.120,2.050,4,3026.010,1,1,131,131
54,decode,pi: am.group_loop,82.910,1114.300,334.810,4,3026.010,1,1,131,131
54,decode,pi: am.builder_build@AscendGDNAttentionMetadataBuilder,882.570,882.570,307.340,3,3026.010,1,1,131,131
54,decode,pi: build_attention_metadata,272.770,1480.560,1480.560,1,3026.010,1,1,131,131
54,decode,pi: sanitize_placeholder_ids,1.190,1.190,1.190,1,3026.010,1,1,131,131
54,decode,pi: sync_input_prep,129.950,2840.590,2840.590,1,3026.010,1,1,131,131
54,decode,pi: TOTAL,3026.010,3026.010,3026.010,1,3026.010,1,1,131,131
55,decode,pi: update_states,109.040,109.040,109.040,1,3046.040,1,1,131,131
55,decode,pi: tokens_list,1.100,1.100,1.100,1,3046.040,1,1,131,131
55,decode,pi: phase_classify,48.480,48.480,48.480,1,3046.040,1,1,131,131
55,decode,pi: in.block_table_commit,81.950,81.950,81.950,1,3046.040,1,1,131,131
55,decode,pi: in.req_indices,9.470,9.470,9.470,1,3046.040,1,1,131,131
55,decode,pi: in.attn_state,26.780,26.780,26.780,1,3046.040,1,1,131,131
55,decode,pi: in.positions,27.210,27.210,27.210,1,3046.040,1,1,131,131
55,decode,pi: in.prev_positions,33.190,33.190,33.190,1,3046.040,1,1,131,131
55,decode,pi: in.token_indices_select,25.650,25.650,25.650,1,3046.040,1,1,131,131
55,decode,pi: in.query_start_loc,27.000,27.000,27.000,1,3046.040,1,1,131,131
55,decode,pi: in.optimistic_seq_lens,50.220,50.220,50.220,1,3046.040,1,1,131,131
55,decode,pi: in.prepare_input_ids,65.500,65.500,65.500,1,3046.040,1,1,131,131
55,decode,pi: in.mrope_positions,38.800,38.800,38.800,1,3046.040,1,1,131,131
55,decode,pi: in.discard_mask,57.140,57.140,57.140,1,3046.040,1,1,131,131
55,decode,pi: in.num_accepted_tokens,14.510,14.510,14.510,1,3046.040,1,1,131,131
55,decode,pi: in.num_computed_tokens,18.140,18.140,18.140,1,3046.040,1,1,131,131
55,decode,pi: in.tokens_to_gpu,59.440,59.440,59.440,1,3046.040,1,1,131,131
55,decode,pi: in.positions_assembly,108.210,108.210,108.210,1,3046.040,1,1,131,131
55,decode,pi: in.seq_lens,56.400,56.400,56.400,1,3046.040,1,1,131,131
55,decode,pi: in.slot_mapping,135.560,135.560,135.560,1,3046.040,1,1,131,131
55,decode,pi: in.mrope_drift,0.700,0.700,0.700,1,3046.040,1,1,131,131
55,decode,pi: in.logits_indices,39.070,39.070,36.410,2,3046.040,1,1,131,131
55,decode,pi: prepare_inputs,111.790,986.730,986.730,1,3046.040,1,1,131,131
55,decode,pi: cascade_attn_prefix_lens,10.320,10.320,10.320,1,3046.040,1,1,131,131
55,decode,pi: batch_exec_and_padding,51.400,51.400,51.400,1,3046.040,1,1,131,131
55,decode,pi: ubatch_slices,1.530,1.530,1.530,1,3046.040,1,1,131,131
55,decode,pi: pad_query_start_loc,28.900,28.900,28.900,1,3046.040,1,1,131,131
55,decode,pi: am.max_seq_len,18.570,18.570,18.570,1,3046.040,1,1,131,131
55,decode,pi: am.cm_base_pre,74.710,74.710,74.710,1,3046.040,1,1,131,131
55,decode,pi: am.build.split_decodes,9.270,9.270,9.270,1,3046.040,1,1,131,131
55,decode,pi: am.build.seq_lens_select,9.010,9.010,9.010,1,3046.040,1,1,131,131
55,decode,pi: am.build.attn_mask,1.240,1.240,1.240,1,3046.040,1,1,131,131
55,decode,pi: am.build.qsl_h2d,34.760,34.760,34.760,1,3046.040,1,1,131,131
55,decode,pi: am.build.tolist,9.720,9.720,9.720,1,3046.040,1,1,131,131
55,decode,pi: am.build.fia_pad,1.860,1.860,1.860,1,3046.040,1,1,131,131
55,decode,pi: am.build.backend_metadata,15.380,15.380,15.380,1,3046.040,1,1,131,131
55,decode,pi: am.build.metadata_ctor,6.300,6.300,6.300,1,3046.040,1,1,131,131
55,decode,pi: am.builder_build@AscendAttentionMetadataBuilder,37.280,124.820,124.820,1,3046.040,1,1,131,131
55,decode,pi: am.builder_build,18.970,1019.940,315.900,4,3046.040,1,1,131,131
55,decode,pi: am.layer_assign,7.060,7.060,2.090,4,3046.040,1,1,131,131
55,decode,pi: am.group_loop,85.180,1112.180,338.810,4,3046.040,1,1,131,131
55,decode,pi: am.builder_build@AscendGDNAttentionMetadataBuilder,876.150,876.150,310.760,3,3046.040,1,1,131,131
55,decode,pi: build_attention_metadata,283.980,1489.440,1489.440,1,3046.040,1,1,131,131
55,decode,pi: sanitize_placeholder_ids,1.110,1.110,1.110,1,3046.040,1,1,131,131
55,decode,pi: sync_input_prep,131.990,2860.040,2860.040,1,3046.040,1,1,131,131
55,decode,pi: TOTAL,3046.040,3046.040,3046.040,1,3046.040,1,1,131,131
56,decode,pi: update_states,108.670,108.670,108.670,1,3010.110,1,1,131,131
56,decode,pi: tokens_list,1.070,1.070,1.070,1,3010.110,1,1,131,131
56,decode,pi: phase_classify,48.660,48.660,48.660,1,3010.110,1,1,131,131
56,decode,pi: in.block_table_commit,81.800,81.800,81.800,1,3010.110,1,1,131,131
56,decode,pi: in.req_indices,9.520,9.520,9.520,1,3010.110,1,1,131,131
56,decode,pi: in.attn_state,26.800,26.800,26.800,1,3010.110,1,1,131,131
56,decode,pi: in.positions,25.580,25.580,25.580,1,3010.110,1,1,131,131
56,decode,pi: in.prev_positions,29.060,29.060,29.060,1,3010.110,1,1,131,131
56,decode,pi: in.token_indices_select,25.580,25.580,25.580,1,3010.110,1,1,131,131
56,decode,pi: in.query_start_loc,26.350,26.350,26.350,1,3010.110,1,1,131,131
56,decode,pi: in.optimistic_seq_lens,49.500,49.500,49.500,1,3010.110,1,1,131,131
56,decode,pi: in.prepare_input_ids,63.390,63.390,63.390,1,3010.110,1,1,131,131
56,decode,pi: in.mrope_positions,38.960,38.960,38.960,1,3010.110,1,1,131,131
56,decode,pi: in.discard_mask,56.340,56.340,56.340,1,3010.110,1,1,131,131
56,decode,pi: in.num_accepted_tokens,13.870,13.870,13.870,1,3010.110,1,1,131,131
56,decode,pi: in.num_computed_tokens,17.770,17.770,17.770,1,3010.110,1,1,131,131
56,decode,pi: in.tokens_to_gpu,56.310,56.310,56.310,1,3010.110,1,1,131,131
56,decode,pi: in.positions_assembly,109.890,109.890,109.890,1,3010.110,1,1,131,131
56,decode,pi: in.seq_lens,55.890,55.890,55.890,1,3010.110,1,1,131,131
56,decode,pi: in.slot_mapping,136.910,136.910,136.910,1,3010.110,1,1,131,131
56,decode,pi: in.mrope_drift,0.730,0.730,0.730,1,3010.110,1,1,131,131
56,decode,pi: in.logits_indices,38.420,38.420,35.930,2,3010.110,1,1,131,131
56,decode,pi: prepare_inputs,93.430,956.100,956.100,1,3010.110,1,1,131,131
56,decode,pi: cascade_attn_prefix_lens,10.060,10.060,10.060,1,3010.110,1,1,131,131
56,decode,pi: batch_exec_and_padding,49.920,49.920,49.920,1,3010.110,1,1,131,131
56,decode,pi: ubatch_slices,1.500,1.500,1.500,1,3010.110,1,1,131,131
56,decode,pi: pad_query_start_loc,28.250,28.250,28.250,1,3010.110,1,1,131,131
56,decode,pi: am.max_seq_len,18.110,18.110,18.110,1,3010.110,1,1,131,131
56,decode,pi: am.cm_base_pre,73.500,73.500,73.500,1,3010.110,1,1,131,131
56,decode,pi: am.build.split_decodes,8.930,8.930,8.930,1,3010.110,1,1,131,131
56,decode,pi: am.build.seq_lens_select,8.960,8.960,8.960,1,3010.110,1,1,131,131
56,decode,pi: am.build.attn_mask,1.240,1.240,1.240,1,3010.110,1,1,131,131
56,decode,pi: am.build.qsl_h2d,32.000,32.000,32.000,1,3010.110,1,1,131,131
56,decode,pi: am.build.tolist,9.840,9.840,9.840,1,3010.110,1,1,131,131
56,decode,pi: am.build.fia_pad,2.300,2.300,2.300,1,3010.110,1,1,131,131
56,decode,pi: am.build.backend_metadata,14.880,14.880,14.880,1,3010.110,1,1,131,131
56,decode,pi: am.build.metadata_ctor,7.340,7.340,7.340,1,3010.110,1,1,131,131
56,decode,pi: am.builder_build@AscendAttentionMetadataBuilder,36.630,122.120,122.120,1,3010.110,1,1,131,131
56,decode,pi: am.builder_build,19.220,1031.070,317.300,4,3010.110,1,1,131,131
56,decode,pi: am.layer_assign,6.830,6.830,1.940,4,3010.110,1,1,131,131
56,decode,pi: am.group_loop,82.870,1120.770,339.600,4,3010.110,1,1,131,131
56,decode,pi: am.builder_build@AscendGDNAttentionMetadataBuilder,889.730,889.730,312.060,3,3010.110,1,1,131,131
56,decode,pi: build_attention_metadata,275.710,1488.090,1488.090,1,3010.110,1,1,131,131
56,decode,pi: sanitize_placeholder_ids,1.090,1.090,1.090,1,3010.110,1,1,131,131
56,decode,pi: sync_input_prep,131.900,2825.310,2825.310,1,3010.110,1,1,131,131
56,decode,pi: TOTAL,3010.110,3010.110,3010.110,1,3010.110,1,1,131,131
57,decode,pi: update_states,108.890,108.890,108.890,1,3115.640,1,1,131,131
57,decode,pi: tokens_list,1.030,1.030,1.030,1,3115.640,1,1,131,131
57,decode,pi: phase_classify,50.940,50.940,50.940,1,3115.640,1,1,131,131
57,decode,pi: in.block_table_commit,84.300,84.300,84.300,1,3115.640,1,1,131,131
57,decode,pi: in.req_indices,9.460,9.460,9.460,1,3115.640,1,1,131,131
57,decode,pi: in.attn_state,27.320,27.320,27.320,1,3115.640,1,1,131,131
57,decode,pi: in.positions,25.440,25.440,25.440,1,3115.640,1,1,131,131
57,decode,pi: in.prev_positions,28.850,28.850,28.850,1,3115.640,1,1,131,131
57,decode,pi: in.token_indices_select,25.500,25.500,25.500,1,3115.640,1,1,131,131
57,decode,pi: in.query_start_loc,26.390,26.390,26.390,1,3115.640,1,1,131,131
57,decode,pi: in.optimistic_seq_lens,50.130,50.130,50.130,1,3115.640,1,1,131,131
57,decode,pi: in.prepare_input_ids,63.760,63.760,63.760,1,3115.640,1,1,131,131
57,decode,pi: in.mrope_positions,38.910,38.910,38.910,1,3115.640,1,1,131,131
57,decode,pi: in.discard_mask,56.530,56.530,56.530,1,3115.640,1,1,131,131
57,decode,pi: in.num_accepted_tokens,13.920,13.920,13.920,1,3115.640,1,1,131,131
57,decode,pi: in.num_computed_tokens,18.010,18.010,18.010,1,3115.640,1,1,131,131
57,decode,pi: in.tokens_to_gpu,57.800,57.800,57.800,1,3115.640,1,1,131,131
57,decode,pi: in.positions_assembly,109.560,109.560,109.560,1,3115.640,1,1,131,131
57,decode,pi: in.seq_lens,54.810,54.810,54.810,1,3115.640,1,1,131,131
57,decode,pi: in.slot_mapping,136.630,136.630,136.630,1,3115.640,1,1,131,131
57,decode,pi: in.mrope_drift,0.670,0.670,0.670,1,3115.640,1,1,131,131
57,decode,pi: in.logits_indices,38.990,38.990,36.270,2,3115.640,1,1,131,131
57,decode,pi: prepare_inputs,93.790,960.770,960.770,1,3115.640,1,1,131,131
57,decode,pi: cascade_attn_prefix_lens,10.100,10.100,10.100,1,3115.640,1,1,131,131
57,decode,pi: batch_exec_and_padding,51.400,51.400,51.400,1,3115.640,1,1,131,131
57,decode,pi: ubatch_slices,1.440,1.440,1.440,1,3115.640,1,1,131,131
57,decode,pi: pad_query_start_loc,28.670,28.670,28.670,1,3115.640,1,1,131,131
57,decode,pi: am.max_seq_len,18.910,18.910,18.910,1,3115.640,1,1,131,131
57,decode,pi: am.cm_base_pre,73.820,73.820,73.820,1,3115.640,1,1,131,131
57,decode,pi: am.build.split_decodes,8.900,8.900,8.900,1,3115.640,1,1,131,131
57,decode,pi: am.build.seq_lens_select,8.450,8.450,8.450,1,3115.640,1,1,131,131
57,decode,pi: am.build.attn_mask,1.200,1.200,1.200,1,3115.640,1,1,131,131
57,decode,pi: am.build.qsl_h2d,32.550,32.550,32.550,1,3115.640,1,1,131,131
57,decode,pi: am.build.tolist,8.880,8.880,8.880,1,3115.640,1,1,131,131
57,decode,pi: am.build.fia_pad,1.740,1.740,1.740,1,3115.640,1,1,131,131
57,decode,pi: am.build.backend_metadata,14.970,14.970,14.970,1,3115.640,1,1,131,131
57,decode,pi: am.build.metadata_ctor,6.100,6.100,6.100,1,3115.640,1,1,131,131
57,decode,pi: am.builder_build@AscendAttentionMetadataBuilder,35.800,118.590,118.590,1,3115.640,1,1,131,131
57,decode,pi: am.builder_build,21.630,1110.230,368.400,4,3115.640,1,1,131,131
57,decode,pi: am.layer_assign,7.690,7.690,2.450,4,3115.640,1,1,131,131
57,decode,pi: am.group_loop,88.400,1206.320,396.030,4,3115.640,1,1,131,131
57,decode,pi: am.builder_build@AscendGDNAttentionMetadataBuilder,970.010,970.010,360.620,3,3115.640,1,1,131,131
57,decode,pi: build_attention_metadata,279.770,1578.820,1578.820,1,3115.640,1,1,131,131
57,decode,pi: sanitize_placeholder_ids,1.150,1.150,1.150,1,3115.640,1,1,131,131
57,decode,pi: sync_input_prep,133.880,2927.090,2927.090,1,3115.640,1,1,131,131
57,decode,pi: TOTAL,3115.640,3115.640,3115.640,1,3115.640,1,1,131,131
58,decode,pi: update_states,102.530,102.530,102.530,1,3050.220,1,1,131,131
58,decode,pi: tokens_list,1.040,1.040,1.040,1,3050.220,1,1,131,131
58,decode,pi: phase_classify,77.770,77.770,77.770,1,3050.220,1,1,131,131
58,decode,pi: in.block_table_commit,84.270,84.270,84.270,1,3050.220,1,1,131,131
58,decode,pi: in.req_indices,11.420,11.420,11.420,1,3050.220,1,1,131,131
58,decode,pi: in.attn_state,28.790,28.790,28.790,1,3050.220,1,1,131,131
58,decode,pi: in.positions,25.830,25.830,25.830,1,3050.220,1,1,131,131
58,decode,pi: in.prev_positions,29.880,29.880,29.880,1,3050.220,1,1,131,131
58,decode,pi: in.token_indices_select,26.340,26.340,26.340,1,3050.220,1,1,131,131
58,decode,pi: in.query_start_loc,27.290,27.290,27.290,1,3050.220,1,1,131,131
58,decode,pi: in.optimistic_seq_lens,49.980,49.980,49.980,1,3050.220,1,1,131,131
58,decode,pi: in.prepare_input_ids,65.630,65.630,65.630,1,3050.220,1,1,131,131
58,decode,pi: in.mrope_positions,39.880,39.880,39.880,1,3050.220,1,1,131,131
58,decode,pi: in.discard_mask,56.850,56.850,56.850,1,3050.220,1,1,131,131
58,decode,pi: in.num_accepted_tokens,14.160,14.160,14.160,1,3050.220,1,1,131,131
58,decode,pi: in.num_computed_tokens,17.840,17.840,17.840,1,3050.220,1,1,131,131
58,decode,pi: in.tokens_to_gpu,59.050,59.050,59.050,1,3050.220,1,1,131,131
58,decode,pi: in.positions_assembly,109.450,109.450,109.450,1,3050.220,1,1,131,131
58,decode,pi: in.seq_lens,55.650,55.650,55.650,1,3050.220,1,1,131,131
58,decode,pi: in.slot_mapping,137.410,137.410,137.410,1,3050.220,1,1,131,131
58,decode,pi: in.mrope_drift,0.780,0.780,0.780,1,3050.220,1,1,131,131
58,decode,pi: in.logits_indices,39.830,39.830,37.600,2,3050.220,1,1,131,131
58,decode,pi: prepare_inputs,95.290,975.620,975.620,1,3050.220,1,1,131,131
58,decode,pi: cascade_attn_prefix_lens,10.060,10.060,10.060,1,3050.220,1,1,131,131
58,decode,pi: batch_exec_and_padding,50.100,50.100,50.100,1,3050.220,1,1,131,131
58,decode,pi: ubatch_slices,1.610,1.610,1.610,1,3050.220,1,1,131,131
58,decode,pi: pad_query_start_loc,28.700,28.700,28.700,1,3050.220,1,1,131,131
58,decode,pi: am.max_seq_len,17.920,17.920,17.920,1,3050.220,1,1,131,131
58,decode,pi: am.cm_base_pre,73.580,73.580,73.580,1,3050.220,1,1,131,131
58,decode,pi: am.build.split_decodes,9.150,9.150,9.150,1,3050.220,1,1,131,131
58,decode,pi: am.build.seq_lens_select,8.340,8.340,8.340,1,3050.220,1,1,131,131
58,decode,pi: am.build.attn_mask,1.180,1.180,1.180,1,3050.220,1,1,131,131
58,decode,pi: am.build.qsl_h2d,33.050,33.050,33.050,1,3050.220,1,1,131,131
58,decode,pi: am.build.tolist,9.240,9.240,9.240,1,3050.220,1,1,131,131
58,decode,pi: am.build.fia_pad,1.650,1.650,1.650,1,3050.220,1,1,131,131
58,decode,pi: am.build.backend_metadata,15.270,15.270,15.270,1,3050.220,1,1,131,131
58,decode,pi: am.build.metadata_ctor,6.150,6.150,6.150,1,3050.220,1,1,131,131
58,decode,pi: am.builder_build@AscendAttentionMetadataBuilder,35.790,119.820,119.820,1,3050.220,1,1,131,131
58,decode,pi: am.builder_build,19.170,1047.880,337.520,4,3050.220,1,1,131,131
58,decode,pi: am.layer_assign,7.230,7.230,2.200,4,3050.220,1,1,131,131
58,decode,pi: am.group_loop,83.050,1138.160,360.290,4,3050.220,1,1,131,131
58,decode,pi: am.builder_build@AscendGDNAttentionMetadataBuilder,908.890,908.890,332.340,3,3050.220,1,1,131,131
58,decode,pi: build_attention_metadata,277.070,1506.730,1506.730,1,3050.220,1,1,131,131
58,decode,pi: sanitize_placeholder_ids,1.410,1.410,1.410,1,3050.220,1,1,131,131
58,decode,pi: sync_input_prep,107.090,2862.660,2862.660,1,3050.220,1,1,131,131
58,decode,pi: TOTAL,3050.220,3050.220,3050.220,1,3050.220,1,1,131,131
59,decode,pi: update_states,107.930,107.930,107.930,1,3054.750,1,1,131,131
59,decode,pi: tokens_list,1.110,1.110,1.110,1,3054.750,1,1,131,131
59,decode,pi: phase_classify,49.150,49.150,49.150,1,3054.750,1,1,131,131
59,decode,pi: in.block_table_commit,81.220,81.220,81.220,1,3054.750,1,1,131,131
59,decode,pi: in.req_indices,9.340,9.340,9.340,1,3054.750,1,1,131,131
59,decode,pi: in.attn_state,27.230,27.230,27.230,1,3054.750,1,1,131,131
59,decode,pi: in.positions,25.380,25.380,25.380,1,3054.750,1,1,131,131
59,decode,pi: in.prev_positions,29.260,29.260,29.260,1,3054.750,1,1,131,131
59,decode,pi: in.token_indices_select,25.960,25.960,25.960,1,3054.750,1,1,131,131
59,decode,pi: in.query_start_loc,27.600,27.600,27.600,1,3054.750,1,1,131,131
59,decode,pi: in.optimistic_seq_lens,49.910,49.910,49.910,1,3054.750,1,1,131,131
59,decode,pi: in.prepare_input_ids,65.410,65.410,65.410,1,3054.750,1,1,131,131
59,decode,pi: in.mrope_positions,40.500,40.500,40.500,1,3054.750,1,1,131,131
59,decode,pi: in.discard_mask,57.730,57.730,57.730,1,3054.750,1,1,131,131
59,decode,pi: in.num_accepted_tokens,14.080,14.080,14.080,1,3054.750,1,1,131,131
59,decode,pi: in.num_computed_tokens,17.880,17.880,17.880,1,3054.750,1,1,131,131
59,decode,pi: in.tokens_to_gpu,57.000,57.000,57.000,1,3054.750,1,1,131,131
59,decode,pi: in.positions_assembly,124.580,124.580,124.580,1,3054.750,1,1,131,131
59,decode,pi: in.seq_lens,59.270,59.270,59.270,1,3054.750,1,1,131,131
59,decode,pi: in.slot_mapping,137.390,137.390,137.390,1,3054.750,1,1,131,131
59,decode,pi: in.mrope_drift,0.720,0.720,0.720,1,3054.750,1,1,131,131
59,decode,pi: in.logits_indices,39.930,39.930,37.210,2,3054.750,1,1,131,131
59,decode,pi: prepare_inputs,96.870,987.260,987.260,1,3054.750,1,1,131,131
59,decode,pi: cascade_attn_prefix_lens,10.710,10.710,10.710,1,3054.750,1,1,131,131
59,decode,pi: batch_exec_and_padding,49.310,49.310,49.310,1,3054.750,1,1,131,131
59,decode,pi: ubatch_slices,1.430,1.430,1.430,1,3054.750,1,1,131,131
59,decode,pi: pad_query_start_loc,28.600,28.600,28.600,1,3054.750,1,1,131,131
59,decode,pi: am.max_seq_len,17.200,17.200,17.200,1,3054.750,1,1,131,131
59,decode,pi: am.cm_base_pre,71.100,71.100,71.100,1,3054.750,1,1,131,131
59,decode,pi: am.build.split_decodes,9.210,9.210,9.210,1,3054.750,1,1,131,131
59,decode,pi: am.build.seq_lens_select,8.730,8.730,8.730,1,3054.750,1,1,131,131
59,decode,pi: am.build.attn_mask,1.240,1.240,1.240,1,3054.750,1,1,131,131
59,decode,pi: am.build.qsl_h2d,33.200,33.200,33.200,1,3054.750,1,1,131,131
59,decode,pi: am.build.tolist,9.490,9.490,9.490,1,3054.750,1,1,131,131
59,decode,pi: am.build.fia_pad,1.760,1.760,1.760,1,3054.750,1,1,131,131
59,decode,pi: am.build.backend_metadata,15.260,15.260,15.260,1,3054.750,1,1,131,131
59,decode,pi: am.build.metadata_ctor,6.420,6.420,6.420,1,3054.750,1,1,131,131
59,decode,pi: am.builder_build@AscendAttentionMetadataBuilder,35.740,121.050,121.050,1,3054.750,1,1,131,131
59,decode,pi: am.builder_build,19.500,1042.470,314.850,4,3054.750,1,1,131,131
59,decode,pi: am.layer_assign,7.310,7.310,2.180,4,3054.750,1,1,131,131
59,decode,pi: am.group_loop,85.010,1134.790,337.580,4,3054.750,1,1,131,131
59,decode,pi: am.builder_build@AscendGDNAttentionMetadataBuilder,901.920,901.920,309.670,3,3054.750,1,1,131,131
59,decode,pi: build_attention_metadata,276.970,1500.060,1500.060,1,3054.750,1,1,131,131
59,decode,pi: sanitize_placeholder_ids,1.070,1.070,1.070,1,3054.750,1,1,131,131
59,decode,pi: sync_input_prep,132.030,2868.660,2868.660,1,3054.750,1,1,131,131
59,decode,pi: TOTAL,3054.750,3054.750,3054.750,1,3054.750,1,1,131,131
60,decode,pi: update_states,101.450,101.450,101.450,1,3005.610,1,1,131,131
60,decode,pi: tokens_list,1.030,1.030,1.030,1,3005.610,1,1,131,131
60,decode,pi: phase_classify,72.300,72.300,72.300,1,3005.610,1,1,131,131
60,decode,pi: in.block_table_commit,83.980,83.980,83.980,1,3005.610,1,1,131,131
60,decode,pi: in.req_indices,10.220,10.220,10.220,1,3005.610,1,1,131,131
60,decode,pi: in.attn_state,28.300,28.300,28.300,1,3005.610,1,1,131,131
60,decode,pi: in.positions,24.590,24.590,24.590,1,3005.610,1,1,131,131
60,decode,pi: in.prev_positions,28.970,28.970,28.970,1,3005.610,1,1,131,131
60,decode,pi: in.token_indices_select,25.800,25.800,25.800,1,3005.610,1,1,131,131
60,decode,pi: in.query_start_loc,27.250,27.250,27.250,1,3005.610,1,1,131,131
60,decode,pi: in.optimistic_seq_lens,48.880,48.880,48.880,1,3005.610,1,1,131,131
60,decode,pi: in.prepare_input_ids,65.320,65.320,65.320,1,3005.610,1,1,131,131
60,decode,pi: in.mrope_positions,39.530,39.530,39.530,1,3005.610,1,1,131,131
60,decode,pi: in.discard_mask,57.090,57.090,57.090,1,3005.610,1,1,131,131
60,decode,pi: in.num_accepted_tokens,13.800,13.800,13.800,1,3005.610,1,1,131,131
60,decode,pi: in.num_computed_tokens,17.800,17.800,17.800,1,3005.610,1,1,131,131
60,decode,pi: in.tokens_to_gpu,56.760,56.760,56.760,1,3005.610,1,1,131,131
60,decode,pi: in.positions_assembly,106.870,106.870,106.870,1,3005.610,1,1,131,131
60,decode,pi: in.seq_lens,56.220,56.220,56.220,1,3005.610,1,1,131,131
60,decode,pi: in.slot_mapping,135.220,135.220,135.220,1,3005.610,1,1,131,131
60,decode,pi: in.mrope_drift,0.700,0.700,0.700,1,3005.610,1,1,131,131
60,decode,pi: in.logits_indices,40.100,40.100,37.670,2,3005.610,1,1,131,131
60,decode,pi: prepare_inputs,94.850,962.250,962.250,1,3005.610,1,1,131,131
60,decode,pi: cascade_attn_prefix_lens,10.090,10.090,10.090,1,3005.610,1,1,131,131
60,decode,pi: batch_exec_and_padding,50.440,50.440,50.440,1,3005.610,1,1,131,131
60,decode,pi: ubatch_slices,1.520,1.520,1.520,1,3005.610,1,1,131,131
60,decode,pi: pad_query_start_loc,28.190,28.190,28.190,1,3005.610,1,1,131,131
60,decode,pi: am.max_seq_len,18.070,18.070,18.070,1,3005.610,1,1,131,131
60,decode,pi: am.cm_base_pre,73.740,73.740,73.740,1,3005.610,1,1,131,131
60,decode,pi: am.build.split_decodes,9.260,9.260,9.260,1,3005.610,1,1,131,131
60,decode,pi: am.build.seq_lens_select,8.720,8.720,8.720,1,3005.610,1,1,131,131
60,decode,pi: am.build.attn_mask,1.200,1.200,1.200,1,3005.610,1,1,131,131
60,decode,pi: am.build.qsl_h2d,33.040,33.040,33.040,1,3005.610,1,1,131,131
60,decode,pi: am.build.tolist,8.950,8.950,8.950,1,3005.610,1,1,131,131
60,decode,pi: am.build.fia_pad,1.620,1.620,1.620,1,3005.610,1,1,131,131
60,decode,pi: am.build.backend_metadata,14.780,14.780,14.780,1,3005.610,1,1,131,131
60,decode,pi: am.build.metadata_ctor,6.500,6.500,6.500,1,3005.610,1,1,131,131
60,decode,pi: am.builder_build@AscendAttentionMetadataBuilder,35.190,119.260,119.260,1,3005.610,1,1,131,131
60,decode,pi: am.builder_build,19.670,1025.410,317.530,4,3005.610,1,1,131,131
60,decode,pi: am.layer_assign,6.850,6.850,2.020,4,3005.610,1,1,131,131
60,decode,pi: am.group_loop,83.200,1115.460,339.830,4,3005.610,1,1,131,131
60,decode,pi: am.builder_build@AscendGDNAttentionMetadataBuilder,886.480,886.480,312.230,3,3005.610,1,1,131,131
60,decode,pi: build_attention_metadata,276.890,1484.160,1484.160,1,3005.610,1,1,131,131
60,decode,pi: sanitize_placeholder_ids,1.220,1.220,1.220,1,3005.610,1,1,131,131
60,decode,pi: sync_input_prep,106.150,2818.800,2818.800,1,3005.610,1,1,131,131
60,decode,pi: TOTAL,3005.610,3005.610,3005.610,1,3005.610,1,1,131,131
61,decode,pi: update_states,108.530,108.530,108.530,1,3034.440,1,1,131,131
61,decode,pi: tokens_list,1.080,1.080,1.080,1,3034.440,1,1,131,131
61,decode,pi: phase_classify,49.530,49.530,49.530,1,3034.440,1,1,131,131
61,decode,pi: in.block_table_commit,84.290,84.290,84.290,1,3034.440,1,1,131,131
61,decode,pi: in.req_indices,9.170,9.170,9.170,1,3034.440,1,1,131,131
61,decode,pi: in.attn_state,26.910,26.910,26.910,1,3034.440,1,1,131,131
61,decode,pi: in.positions,24.830,24.830,24.830,1,3034.440,1,1,131,131
61,decode,pi: in.prev_positions,29.280,29.280,29.280,1,3034.440,1,1,131,131
61,decode,pi: in.token_indices_select,25.230,25.230,25.230,1,3034.440,1,1,131,131
61,decode,pi: in.query_start_loc,26.820,26.820,26.820,1,3034.440,1,1,131,131
61,decode,pi: in.optimistic_seq_lens,47.870,47.870,47.870,1,3034.440,1,1,131,131
61,decode,pi: in.prepare_input_ids,64.490,64.490,64.490,1,3034.440,1,1,131,131
61,decode,pi: in.mrope_positions,39.150,39.150,39.150,1,3034.440,1,1,131,131
61,decode,pi: in.discard_mask,57.200,57.200,57.200,1,3034.440,1,1,131,131
61,decode,pi: in.num_accepted_tokens,14.020,14.020,14.020,1,3034.440,1,1,131,131
61,decode,pi: in.num_computed_tokens,17.730,17.730,17.730,1,3034.440,1,1,131,131
61,decode,pi: in.tokens_to_gpu,56.480,56.480,56.480,1,3034.440,1,1,131,131
61,decode,pi: in.positions_assembly,110.230,110.230,110.230,1,3034.440,1,1,131,131
61,decode,pi: in.seq_lens,55.400,55.400,55.400,1,3034.440,1,1,131,131
61,decode,pi: in.slot_mapping,135.390,135.390,135.390,1,3034.440,1,1,131,131
61,decode,pi: in.mrope_drift,0.660,0.660,0.660,1,3034.440,1,1,131,131
61,decode,pi: in.logits_indices,39.440,39.440,36.830,2,3034.440,1,1,131,131
61,decode,pi: prepare_inputs,94.170,958.760,958.760,1,3034.440,1,1,131,131
61,decode,pi: cascade_attn_prefix_lens,10.200,10.200,10.200,1,3034.440,1,1,131,131
61,decode,pi: batch_exec_and_padding,48.520,48.520,48.520,1,3034.440,1,1,131,131
61,decode,pi: ubatch_slices,1.400,1.400,1.400,1,3034.440,1,1,131,131
61,decode,pi: pad_query_start_loc,28.220,28.220,28.220,1,3034.440,1,1,131,131
61,decode,pi: am.max_seq_len,18.230,18.230,18.230,1,3034.440,1,1,131,131
61,decode,pi: am.cm_base_pre,72.700,72.700,72.700,1,3034.440,1,1,131,131
61,decode,pi: am.build.split_decodes,8.930,8.930,8.930,1,3034.440,1,1,131,131
61,decode,pi: am.build.seq_lens_select,8.840,8.840,8.840,1,3034.440,1,1,131,131
61,decode,pi: am.build.attn_mask,1.180,1.180,1.180,1,3034.440,1,1,131,131
61,decode,pi: am.build.qsl_h2d,33.120,33.120,33.120,1,3034.440,1,1,131,131
61,decode,pi: am.build.tolist,8.950,8.950,8.950,1,3034.440,1,1,131,131
61,decode,pi: am.build.fia_pad,1.570,1.570,1.570,1,3034.440,1,1,131,131
61,decode,pi: am.build.backend_metadata,14.440,14.440,14.440,1,3034.440,1,1,131,131
61,decode,pi: am.build.metadata_ctor,6.210,6.210,6.210,1,3034.440,1,1,131,131
61,decode,pi: am.builder_build@AscendAttentionMetadataBuilder,36.320,119.560,119.560,1,3034.440,1,1,131,131
61,decode,pi: am.builder_build,20.570,1045.590,318.540,4,3034.440,1,1,131,131
61,decode,pi: am.layer_assign,7.620,7.620,2.270,4,3034.440,1,1,131,131
61,decode,pi: am.group_loop,84.860,1138.070,340.870,4,3034.440,1,1,131,131
61,decode,pi: am.builder_build@AscendGDNAttentionMetadataBuilder,905.460,905.460,313.380,3,3034.440,1,1,131,131
61,decode,pi: build_attention_metadata,280.230,1509.230,1509.230,1,3034.440,1,1,131,131
61,decode,pi: sanitize_placeholder_ids,1.120,1.120,1.120,1,3034.440,1,1,131,131
61,decode,pi: sync_input_prep,131.070,2847.660,2847.660,1,3034.440,1,1,131,131
61,decode,pi: TOTAL,3034.440,3034.440,3034.440,1,3034.440,1,1,131,131
62,decode,pi: update_states,109.290,109.290,109.290,1,3033.020,1,1,131,131
62,decode,pi: tokens_list,1.070,1.070,1.070,1,3033.020,1,1,131,131
62,decode,pi: phase_classify,49.650,49.650,49.650,1,3033.020,1,1,131,131
62,decode,pi: in.block_table_commit,84.330,84.330,84.330,1,3033.020,1,1,131,131
62,decode,pi: in.req_indices,9.520,9.520,9.520,1,3033.020,1,1,131,131
62,decode,pi: in.attn_state,27.040,27.040,27.040,1,3033.020,1,1,131,131
62,decode,pi: in.positions,25.220,25.220,25.220,1,3033.020,1,1,131,131
62,decode,pi: in.prev_positions,28.890,28.890,28.890,1,3033.020,1,1,131,131
62,decode,pi: in.token_indices_select,24.720,24.720,24.720,1,3033.020,1,1,131,131
62,decode,pi: in.query_start_loc,26.450,26.450,26.450,1,3033.020,1,1,131,131
62,decode,pi: in.optimistic_seq_lens,48.840,48.840,48.840,1,3033.020,1,1,131,131
62,decode,pi: in.prepare_input_ids,64.030,64.030,64.030,1,3033.020,1,1,131,131
62,decode,pi: in.mrope_positions,38.240,38.240,38.240,1,3033.020,1,1,131,131
62,decode,pi: in.discard_mask,57.480,57.480,57.480,1,3033.020,1,1,131,131
62,decode,pi: in.num_accepted_tokens,14.120,14.120,14.120,1,3033.020,1,1,131,131
62,decode,pi: in.num_computed_tokens,17.950,17.950,17.950,1,3033.020,1,1,131,131
62,decode,pi: in.tokens_to_gpu,57.980,57.980,57.980,1,3033.020,1,1,131,131
62,decode,pi: in.positions_assembly,108.060,108.060,108.060,1,3033.020,1,1,131,131
62,decode,pi: in.seq_lens,55.990,55.990,55.990,1,3033.020,1,1,131,131
62,decode,pi: in.slot_mapping,136.640,136.640,136.640,1,3033.020,1,1,131,131
62,decode,pi: in.mrope_drift,0.680,0.680,0.680,1,3033.020,1,1,131,131
62,decode,pi: in.logits_indices,39.450,39.450,36.940,2,3033.020,1,1,131,131
62,decode,pi: prepare_inputs,93.190,958.820,958.820,1,3033.020,1,1,131,131
62,decode,pi: cascade_attn_prefix_lens,10.740,10.740,10.740,1,3033.020,1,1,131,131
62,decode,pi: batch_exec_and_padding,49.140,49.140,49.140,1,3033.020,1,1,131,131
62,decode,pi: ubatch_slices,1.490,1.490,1.490,1,3033.020,1,1,131,131
62,decode,pi: pad_query_start_loc,28.040,28.040,28.040,1,3033.020,1,1,131,131
62,decode,pi: am.max_seq_len,18.480,18.480,18.480,1,3033.020,1,1,131,131
62,decode,pi: am.cm_base_pre,73.530,73.530,73.530,1,3033.020,1,1,131,131
62,decode,pi: am.build.split_decodes,9.050,9.050,9.050,1,3033.020,1,1,131,131
62,decode,pi: am.build.seq_lens_select,8.590,8.590,8.590,1,3033.020,1,1,131,131
62,decode,pi: am.build.attn_mask,1.220,1.220,1.220,1,3033.020,1,1,131,131
62,decode,pi: am.build.qsl_h2d,32.650,32.650,32.650,1,3033.020,1,1,131,131
62,decode,pi: am.build.tolist,9.670,9.670,9.670,1,3033.020,1,1,131,131
62,decode,pi: am.build.fia_pad,1.730,1.730,1.730,1,3033.020,1,1,131,131
62,decode,pi: am.build.backend_metadata,14.840,14.840,14.840,1,3033.020,1,1,131,131
62,decode,pi: am.build.metadata_ctor,6.270,6.270,6.270,1,3033.020,1,1,131,131
62,decode,pi: am.builder_build@AscendAttentionMetadataBuilder,35.470,119.490,119.490,1,3033.020,1,1,131,131
62,decode,pi: am.builder_build,19.780,1049.160,315.340,4,3033.020,1,1,131,131
62,decode,pi: am.layer_assign,7.000,7.000,2.000,4,3033.020,1,1,131,131
62,decode,pi: am.group_loop,83.100,1139.260,337.240,4,3033.020,1,1,131,131
62,decode,pi: am.builder_build@AscendGDNAttentionMetadataBuilder,909.890,909.890,310.160,3,3033.020,1,1,131,131
62,decode,pi: build_attention_metadata,277.160,1508.430,1508.430,1,3033.020,1,1,131,131
62,decode,pi: sanitize_placeholder_ids,1.090,1.090,1.090,1,3033.020,1,1,131,131
62,decode,pi: sync_input_prep,130.020,2847.780,2847.780,1,3033.020,1,1,131,131
62,decode,pi: TOTAL,3033.020,3033.020,3033.020,1,3033.020,1,1,131,131
63,decode,pi: update_states,110.100,110.100,110.100,1,3046.950,1,1,131,131
63,decode,pi: tokens_list,1.050,1.050,1.050,1,3046.950,1,1,131,131
63,decode,pi: phase_classify,48.610,48.610,48.610,1,3046.950,1,1,131,131
63,decode,pi: in.block_table_commit,82.900,82.900,82.900,1,3046.950,1,1,131,131
63,decode,pi: in.req_indices,9.570,9.570,9.570,1,3046.950,1,1,131,131
63,decode,pi: in.attn_state,27.180,27.180,27.180,1,3046.950,1,1,131,131
63,decode,pi: in.positions,25.290,25.290,25.290,1,3046.950,1,1,131,131
63,decode,pi: in.prev_positions,28.970,28.970,28.970,1,3046.950,1,1,131,131
63,decode,pi: in.token_indices_select,24.850,24.850,24.850,1,3046.950,1,1,131,131
63,decode,pi: in.query_start_loc,26.180,26.180,26.180,1,3046.950,1,1,131,131
63,decode,pi: in.optimistic_seq_lens,48.170,48.170,48.170,1,3046.950,1,1,131,131
63,decode,pi: in.prepare_input_ids,63.250,63.250,63.250,1,3046.950,1,1,131,131
63,decode,pi: in.mrope_positions,38.770,38.770,38.770,1,3046.950,1,1,131,131
63,decode,pi: in.discard_mask,56.500,56.500,56.500,1,3046.950,1,1,131,131
63,decode,pi: in.num_accepted_tokens,14.200,14.200,14.200,1,3046.950,1,1,131,131
63,decode,pi: in.num_computed_tokens,17.620,17.620,17.620,1,3046.950,1,1,131,131
63,decode,pi: in.tokens_to_gpu,57.320,57.320,57.320,1,3046.950,1,1,131,131
63,decode,pi: in.positions_assembly,107.420,107.420,107.420,1,3046.950,1,1,131,131
63,decode,pi: in.seq_lens,53.350,53.350,53.350,1,3046.950,1,1,131,131
63,decode,pi: in.slot_mapping,134.660,134.660,134.660,1,3046.950,1,1,131,131
63,decode,pi: in.mrope_drift,0.660,0.660,0.660,1,3046.950,1,1,131,131
63,decode,pi: in.logits_indices,40.160,40.160,37.370,2,3046.950,1,1,131,131
63,decode,pi: prepare_inputs,94.040,951.060,951.060,1,3046.950,1,1,131,131
63,decode,pi: cascade_attn_prefix_lens,10.270,10.270,10.270,1,3046.950,1,1,131,131
63,decode,pi: batch_exec_and_padding,49.760,49.760,49.760,1,3046.950,1,1,131,131
63,decode,pi: ubatch_slices,1.420,1.420,1.420,1,3046.950,1,1,131,131
63,decode,pi: pad_query_start_loc,28.890,28.890,28.890,1,3046.950,1,1,131,131
63,decode,pi: am.max_seq_len,18.560,18.560,18.560,1,3046.950,1,1,131,131
63,decode,pi: am.cm_base_pre,73.450,73.450,73.450,1,3046.950,1,1,131,131
63,decode,pi: am.build.split_decodes,9.330,9.330,9.330,1,3046.950,1,1,131,131
63,decode,pi: am.build.seq_lens_select,8.720,8.720,8.720,1,3046.950,1,1,131,131
63,decode,pi: am.build.attn_mask,1.180,1.180,1.180,1,3046.950,1,1,131,131
63,decode,pi: am.build.qsl_h2d,35.440,35.440,35.440,1,3046.950,1,1,131,131
63,decode,pi: am.build.tolist,9.540,9.540,9.540,1,3046.950,1,1,131,131
63,decode,pi: am.build.fia_pad,1.700,1.700,1.700,1,3046.950,1,1,131,131
63,decode,pi: am.build.backend_metadata,15.960,15.960,15.960,1,3046.950,1,1,131,131
63,decode,pi: am.build.metadata_ctor,6.280,6.280,6.280,1,3046.950,1,1,131,131
63,decode,pi: am.builder_build@AscendAttentionMetadataBuilder,35.820,123.970,123.970,1,3046.950,1,1,131,131
63,decode,pi: am.builder_build,22.370,1037.360,316.250,4,3046.950,1,1,131,131
63,decode,pi: am.layer_assign,7.430,7.430,2.150,4,3046.950,1,1,131,131
63,decode,pi: am.group_loop,85.090,1129.880,338.860,4,3046.950,1,1,131,131
63,decode,pi: am.builder_build@AscendGDNAttentionMetadataBuilder,891.020,891.020,310.800,3,3046.950,1,1,131,131
63,decode,pi: build_attention_metadata,300.460,1522.350,1522.350,1,3046.950,1,1,131,131
63,decode,pi: sanitize_placeholder_ids,1.050,1.050,1.050,1,3046.950,1,1,131,131
63,decode,pi: sync_input_prep,130.600,2855.160,2855.160,1,3046.950,1,1,131,131
63,decode,pi: TOTAL,3046.950,3046.950,3046.950,1,3046.950,1,1,131,131
64,decode,pi: update_states,107.840,107.840,107.840,1,3036.460,1,1,131,131
64,decode,pi: tokens_list,1.050,1.050,1.050,1,3036.460,1,1,131,131
64,decode,pi: phase_classify,49.640,49.640,49.640,1,3036.460,1,1,131,131
64,decode,pi: in.block_table_commit,82.770,82.770,82.770,1,3036.460,1,1,131,131
64,decode,pi: in.req_indices,9.450,9.450,9.450,1,3036.460,1,1,131,131
64,decode,pi: in.attn_state,27.410,27.410,27.410,1,3036.460,1,1,131,131
64,decode,pi: in.positions,25.160,25.160,25.160,1,3036.460,1,1,131,131
64,decode,pi: in.prev_positions,29.390,29.390,29.390,1,3036.460,1,1,131,131
64,decode,pi: in.token_indices_select,25.210,25.210,25.210,1,3036.460,1,1,131,131
64,decode,pi: in.query_start_loc,26.190,26.190,26.190,1,3036.460,1,1,131,131
64,decode,pi: in.optimistic_seq_lens,47.730,47.730,47.730,1,3036.460,1,1,131,131
64,decode,pi: in.prepare_input_ids,82.870,82.870,82.870,1,3036.460,1,1,131,131
64,decode,pi: in.mrope_positions,41.280,41.280,41.280,1,3036.460,1,1,131,131
64,decode,pi: in.discard_mask,57.400,57.400,57.400,1,3036.460,1,1,131,131
64,decode,pi: in.num_accepted_tokens,14.580,14.580,14.580,1,3036.460,1,1,131,131
64,decode,pi: in.num_computed_tokens,18.160,18.160,18.160,1,3036.460,1,1,131,131
64,decode,pi: in.tokens_to_gpu,56.260,56.260,56.260,1,3036.460,1,1,131,131
64,decode,pi: in.positions_assembly,111.040,111.040,111.040,1,3036.460,1,1,131,131
64,decode,pi: in.seq_lens,55.310,55.310,55.310,1,3036.460,1,1,131,131
64,decode,pi: in.slot_mapping,132.860,132.860,132.860,1,3036.460,1,1,131,131
64,decode,pi: in.mrope_drift,0.730,0.730,0.730,1,3036.460,1,1,131,131
64,decode,pi: in.logits_indices,39.070,39.070,36.760,2,3036.460,1,1,131,131
64,decode,pi: prepare_inputs,95.140,978.010,978.010,1,3036.460,1,1,131,131
64,decode,pi: cascade_attn_prefix_lens,10.670,10.670,10.670,1,3036.460,1,1,131,131
64,decode,pi: batch_exec_and_padding,50.690,50.690,50.690,1,3036.460,1,1,131,131
64,decode,pi: ubatch_slices,1.420,1.420,1.420,1,3036.460,1,1,131,131
64,decode,pi: pad_query_start_loc,28.190,28.190,28.190,1,3036.460,1,1,131,131
64,decode,pi: am.max_seq_len,18.810,18.810,18.810,1,3036.460,1,1,131,131
64,decode,pi: am.cm_base_pre,74.970,74.970,74.970,1,3036.460,1,1,131,131
64,decode,pi: am.build.split_decodes,9.100,9.100,9.100,1,3036.460,1,1,131,131
64,decode,pi: am.build.seq_lens_select,8.360,8.360,8.360,1,3036.460,1,1,131,131
64,decode,pi: am.build.attn_mask,1.310,1.310,1.310,1,3036.460,1,1,131,131
64,decode,pi: am.build.qsl_h2d,32.520,32.520,32.520,1,3036.460,1,1,131,131
64,decode,pi: am.build.tolist,9.390,9.390,9.390,1,3036.460,1,1,131,131
64,decode,pi: am.build.fia_pad,1.780,1.780,1.780,1,3036.460,1,1,131,131
64,decode,pi: am.build.backend_metadata,14.720,14.720,14.720,1,3036.460,1,1,131,131
64,decode,pi: am.build.metadata_ctor,6.310,6.310,6.310,1,3036.460,1,1,131,131
64,decode,pi: am.builder_build@AscendAttentionMetadataBuilder,35.760,119.250,119.250,1,3036.460,1,1,131,131
64,decode,pi: am.builder_build,19.440,1029.300,316.610,4,3036.460,1,1,131,131
64,decode,pi: am.layer_assign,6.950,6.950,1.950,4,3036.460,1,1,131,131
64,decode,pi: am.group_loop,84.510,1120.760,339.490,4,3036.460,1,1,131,131
64,decode,pi: am.builder_build@AscendGDNAttentionMetadataBuilder,890.610,890.610,311.430,3,3036.460,1,1,131,131
64,decode,pi: build_attention_metadata,277.980,1492.520,1492.520,1,3036.460,1,1,131,131
64,decode,pi: sanitize_placeholder_ids,1.140,1.140,1.140,1,3036.460,1,1,131,131
64,decode,pi: sync_input_prep,129.260,2850.430,2850.430,1,3036.460,1,1,131,131
64,decode,pi: TOTAL,3036.460,3036.460,3036.460,1,3036.460,1,1,131,131
65,unknown,pi: update_states,222.990,222.990,222.990,1,294.770,-1,-1,131,131
65,unknown,pi: sync_input_prep,65.940,288.930,288.930,1,294.770,-1,-1,131,131
65,unknown,pi: TOTAL,294.770,294.770,294.770,1,294.770,-1,-1,131,131
66,unknown,pi: update_states,114.620,114.620,114.620,1,178.070,-1,-1,131,131
66,unknown,pi: sync_input_prep,57.900,172.520,172.520,1,178.070,-1,-1,131,131
66,unknown,pi: TOTAL,178.070,178.070,178.070,1,178.070,-1,-1,131,131
67,prefill,pi: update_states,472.640,472.640,472.640,1,6901.060,1,99,131,131
67,prefill,pi: tokens_list,1.110,1.110,1.110,1,6901.060,1,99,131,131
67,prefill,pi: phase_classify,64.300,64.300,64.300,1,6901.060,1,99,131,131
67,prefill,pi: in.block_table_commit,94.960,94.960,94.960,1,6901.060,1,99,131,131
67,prefill,pi: in.req_indices,10.090,10.090,10.090,1,6901.060,1,99,131,131
67,prefill,pi: in.attn_state,23.440,23.440,23.440,1,6901.060,1,99,131,131
67,prefill,pi: in.positions,29.890,29.890,29.890,1,6901.060,1,99,131,131
67,prefill,pi: in.prev_positions,4.710,4.710,4.710,1,6901.060,1,99,131,131
67,prefill,pi: in.token_indices_select,33.640,33.640,33.640,1,6901.060,1,99,131,131
67,prefill,pi: in.query_start_loc,29.380,29.380,29.380,1,6901.060,1,99,131,131
67,prefill,pi: in.optimistic_seq_lens,61.530,61.530,61.530,1,6901.060,1,99,131,131
67,prefill,pi: in.prepare_input_ids,28.210,28.210,28.210,1,6901.060,1,99,131,131
67,prefill,pi: in.mrope_positions,54.120,54.120,54.120,1,6901.060,1,99,131,131
67,prefill,pi: in.discard_mask,62.740,62.740,62.740,1,6901.060,1,99,131,131
67,prefill,pi: in.num_accepted_tokens,15.070,15.070,15.070,1,6901.060,1,99,131,131
67,prefill,pi: in.num_computed_tokens,18.390,18.390,18.390,1,6901.060,1,99,131,131
67,prefill,pi: in.tokens_to_gpu,60.200,60.200,60.200,1,6901.060,1,99,131,131
67,prefill,pi: in.positions_assembly,152.340,152.340,152.340,1,6901.060,1,99,131,131
67,prefill,pi: in.seq_lens,57.660,57.660,57.660,1,6901.060,1,99,131,131
67,prefill,pi: in.slot_mapping,174.740,174.740,174.740,1,6901.060,1,99,131,131
67,prefill,pi: in.mrope_drift,0.660,0.660,0.660,1,6901.060,1,99,131,131
67,prefill,pi: in.logits_indices,69.270,69.270,65.820,2,6901.060,1,99,131,131
67,prefill,pi: prepare_inputs,101.660,1082.700,1082.700,1,6901.060,1,99,131,131
67,prefill,pi: cascade_attn_prefix_lens,13.020,13.020,13.020,1,6901.060,1,99,131,131
67,prefill,pi: batch_exec_and_padding,55.560,55.560,55.560,1,6901.060,1,99,131,131
67,prefill,pi: ubatch_slices,2.520,2.520,2.520,1,6901.060,1,99,131,131
67,prefill,pi: am.max_seq_len,20.670,20.670,20.670,1,6901.060,1,99,131,131
67,prefill,pi: am.cm_base_pre,86.960,86.960,86.960,1,6901.060,1,99,131,131
67,prefill,pi: am.build.split_decodes,32.660,32.660,32.660,1,6901.060,1,99,131,131
67,prefill,pi: am.build.seq_lens_select,8.430,8.430,8.430,1,6901.060,1,99,131,131
67,prefill,pi: am.build.attn_mask,1.490,1.490,1.490,1,6901.060,1,99,131,131
67,prefill,pi: am.build.qsl_h2d,43.230,43.230,43.230,1,6901.060,1,99,131,131
67,prefill,pi: am.build.tolist,10.720,10.720,10.720,1,6901.060,1,99,131,131
67,prefill,pi: am.build.fia_pad,2.390,2.390,2.390,1,6901.060,1,99,131,131
67,prefill,pi: am.build.backend_metadata,12.950,12.950,12.950,1,6901.060,1,99,131,131
67,prefill,pi: am.build.metadata_ctor,8.970,8.970,8.970,1,6901.060,1,99,131,131
67,prefill,pi: am.builder_build@AscendAttentionMetadataBuilder,39.220,160.060,160.060,1,6901.060,1,99,131,131
67,prefill,pi: am.builder_build,23.170,4238.090,1518.540,4,6901.060,1,99,131,131
67,prefill,pi: am.layer_assign,9.280,9.280,2.800,4,6901.060,1,99,131,131
67,prefill,pi: am.group_loop,109.000,4356.370,1546.890,4,6901.060,1,99,131,131
67,prefill,pi: am.builder_build@AscendGDNAttentionMetadataBuilder,4054.860,4054.860,1512.410,3,6901.060,1,99,131,131
67,prefill,pi: build_attention_metadata,303.920,4767.920,4767.920,1,6901.060,1,99,131,131
67,prefill,pi: sanitize_placeholder_ids,1.350,1.350,1.350,1,6901.060,1,99,131,131
67,prefill,pi: sync_input_prep,147.720,6608.840,6608.840,1,6901.060,1,99,131,131
67,prefill,pi: TOTAL,6901.060,6901.060,6901.060,1,6901.060,1,99,131,131
68,decode,pi: update_states,117.820,117.820,117.820,1,3247.620,1,1,131,131
68,decode,pi: tokens_list,1.030,1.030,1.030,1,3247.620,1,1,131,131
68,decode,pi: phase_classify,100.500,100.500,100.500,1,3247.620,1,1,131,131
68,decode,pi: in.block_table_commit,89.750,89.750,89.750,1,3247.620,1,1,131,131
68,decode,pi: in.req_indices,10.530,10.530,10.530,1,3247.620,1,1,131,131
68,decode,pi: in.attn_state,29.870,29.870,29.870,1,3247.620,1,1,131,131
68,decode,pi: in.positions,26.910,26.910,26.910,1,3247.620,1,1,131,131
68,decode,pi: in.prev_positions,30.710,30.710,30.710,1,3247.620,1,1,131,131
68,decode,pi: in.token_indices_select,28.530,28.530,28.530,1,3247.620,1,1,131,131
68,decode,pi: in.query_start_loc,26.610,26.610,26.610,1,3247.620,1,1,131,131
68,decode,pi: in.optimistic_seq_lens,50.850,50.850,50.850,1,3247.620,1,1,131,131
68,decode,pi: in.prepare_input_ids,68.960,68.960,68.960,1,3247.620,1,1,131,131
68,decode,pi: in.mrope_positions,43.090,43.090,43.090,1,3247.620,1,1,131,131
68,decode,pi: in.discard_mask,59.480,59.480,59.480,1,3247.620,1,1,131,131
68,decode,pi: in.num_accepted_tokens,14.600,14.600,14.600,1,3247.620,1,1,131,131
68,decode,pi: in.num_computed_tokens,17.870,17.870,17.870,1,3247.620,1,1,131,131
68,decode,pi: in.tokens_to_gpu,59.450,59.450,59.450,1,3247.620,1,1,131,131
68,decode,pi: in.positions_assembly,113.240,113.240,113.240,1,3247.620,1,1,131,131
68,decode,pi: in.seq_lens,56.680,56.680,56.680,1,3247.620,1,1,131,131
68,decode,pi: in.slot_mapping,140.540,140.540,140.540,1,3247.620,1,1,131,131
68,decode,pi: in.mrope_drift,0.730,0.730,0.730,1,3247.620,1,1,131,131
68,decode,pi: in.logits_indices,40.580,40.580,38.150,2,3247.620,1,1,131,131
68,decode,pi: prepare_inputs,98.400,1007.380,1007.380,1,3247.620,1,1,131,131
68,decode,pi: cascade_attn_prefix_lens,11.850,11.850,11.850,1,3247.620,1,1,131,131
68,decode,pi: batch_exec_and_padding,56.270,56.270,56.270,1,3247.620,1,1,131,131
68,decode,pi: ubatch_slices,1.630,1.630,1.630,1,3247.620,1,1,131,131
68,decode,pi: pad_query_start_loc,29.980,29.980,29.980,1,3247.620,1,1,131,131
68,decode,pi: am.max_seq_len,18.820,18.820,18.820,1,3247.620,1,1,131,131
68,decode,pi: am.cm_base_pre,77.700,77.700,77.700,1,3247.620,1,1,131,131
68,decode,pi: am.build.split_decodes,10.100,10.100,10.100,1,3247.620,1,1,131,131
68,decode,pi: am.build.seq_lens_select,8.700,8.700,8.700,1,3247.620,1,1,131,131
68,decode,pi: am.build.attn_mask,1.580,1.580,1.580,1,3247.620,1,1,131,131
68,decode,pi: am.build.qsl_h2d,34.220,34.220,34.220,1,3247.620,1,1,131,131
68,decode,pi: am.build.tolist,9.690,9.690,9.690,1,3247.620,1,1,131,131
68,decode,pi: am.build.fia_pad,2.200,2.200,2.200,1,3247.620,1,1,131,131
68,decode,pi: am.build.backend_metadata,15.410,15.410,15.410,1,3247.620,1,1,131,131
68,decode,pi: am.build.metadata_ctor,7.240,7.240,7.240,1,3247.620,1,1,131,131
68,decode,pi: am.builder_build@AscendAttentionMetadataBuilder,37.370,126.510,126.510,1,3247.620,1,1,131,131
68,decode,pi: am.builder_build,20.880,1059.450,331.660,4,3247.620,1,1,131,131
68,decode,pi: am.layer_assign,7.590,7.590,2.230,4,3247.620,1,1,131,131
68,decode,pi: am.group_loop,91.910,1158.950,356.500,4,3247.620,1,1,131,131
68,decode,pi: am.builder_build@AscendGDNAttentionMetadataBuilder,912.060,912.060,326.340,3,3247.620,1,1,131,131
68,decode,pi: build_attention_metadata,285.170,1540.640,1540.640,1,3247.620,1,1,131,131
68,decode,pi: sanitize_placeholder_ids,1.140,1.140,1.140,1,3247.620,1,1,131,131
68,decode,pi: sync_input_prep,109.140,2977.380,2977.380,1,3247.620,1,1,131,131
68,decode,pi: TOTAL,3247.620,3247.620,3247.620,1,3247.620,1,1,131,131
69,decode,pi: update_states,105.890,105.890,105.890,1,3188.270,1,1,131,131
69,decode,pi: tokens_list,1.150,1.150,1.150,1,3188.270,1,1,131,131
69,decode,pi: phase_classify,59.130,59.130,59.130,1,3188.270,1,1,131,131
69,decode,pi: in.block_table_commit,85.370,85.370,85.370,1,3188.270,1,1,131,131
69,decode,pi: in.req_indices,9.690,9.690,9.690,1,3188.270,1,1,131,131
69,decode,pi: in.attn_state,27.660,27.660,27.660,1,3188.270,1,1,131,131
69,decode,pi: in.positions,26.080,26.080,26.080,1,3188.270,1,1,131,131
69,decode,pi: in.prev_positions,27.610,27.610,27.610,1,3188.270,1,1,131,131
69,decode,pi: in.token_indices_select,26.680,26.680,26.680,1,3188.270,1,1,131,131
69,decode,pi: in.query_start_loc,24.170,24.170,24.170,1,3188.270,1,1,131,131
69,decode,pi: in.optimistic_seq_lens,47.410,47.410,47.410,1,3188.270,1,1,131,131
69,decode,pi: in.prepare_input_ids,67.520,67.520,67.520,1,3188.270,1,1,131,131
69,decode,pi: in.mrope_positions,40.240,40.240,40.240,1,3188.270,1,1,131,131
69,decode,pi: in.discard_mask,57.620,57.620,57.620,1,3188.270,1,1,131,131
69,decode,pi: in.num_accepted_tokens,14.580,14.580,14.580,1,3188.270,1,1,131,131
69,decode,pi: in.num_computed_tokens,17.840,17.840,17.840,1,3188.270,1,1,131,131
69,decode,pi: in.tokens_to_gpu,57.090,57.090,57.090,1,3188.270,1,1,131,131
69,decode,pi: in.positions_assembly,112.020,112.020,112.020,1,3188.270,1,1,131,131
69,decode,pi: in.seq_lens,60.430,60.430,60.430,1,3188.270,1,1,131,131
69,decode,pi: in.slot_mapping,142.060,142.060,142.060,1,3188.270,1,1,131,131
69,decode,pi: in.mrope_drift,0.690,0.690,0.690,1,3188.270,1,1,131,131
69,decode,pi: in.logits_indices,41.580,41.580,38.570,2,3188.270,1,1,131,131
69,decode,pi: prepare_inputs,97.900,984.240,984.240,1,3188.270,1,1,131,131
69,decode,pi: cascade_attn_prefix_lens,10.440,10.440,10.440,1,3188.270,1,1,131,131
69,decode,pi: batch_exec_and_padding,52.190,52.190,52.190,1,3188.270,1,1,131,131
69,decode,pi: ubatch_slices,1.570,1.570,1.570,1,3188.270,1,1,131,131
69,decode,pi: pad_query_start_loc,28.850,28.850,28.850,1,3188.270,1,1,131,131
69,decode,pi: am.max_seq_len,19.160,19.160,19.160,1,3188.270,1,1,131,131
69,decode,pi: am.cm_base_pre,75.480,75.480,75.480,1,3188.270,1,1,131,131
69,decode,pi: am.build.split_decodes,9.450,9.450,9.450,1,3188.270,1,1,131,131
69,decode,pi: am.build.seq_lens_select,8.560,8.560,8.560,1,3188.270,1,1,131,131
69,decode,pi: am.build.attn_mask,1.350,1.350,1.350,1,3188.270,1,1,131,131
69,decode,pi: am.build.qsl_h2d,33.830,33.830,33.830,1,3188.270,1,1,131,131
69,decode,pi: am.build.tolist,9.980,9.980,9.980,1,3188.270,1,1,131,131
69,decode,pi: am.build.fia_pad,1.930,1.930,1.930,1,3188.270,1,1,131,131
69,decode,pi: am.build.backend_metadata,15.180,15.180,15.180,1,3188.270,1,1,131,131
69,decode,pi: am.build.metadata_ctor,6.730,6.730,6.730,1,3188.270,1,1,131,131
69,decode,pi: am.builder_build@AscendAttentionMetadataBuilder,36.280,123.290,123.290,1,3188.270,1,1,131,131
69,decode,pi: am.builder_build,21.320,1097.000,348.750,4,3188.270,1,1,131,131
69,decode,pi: am.layer_assign,8.230,8.230,2.440,4,3188.270,1,1,131,131
69,decode,pi: am.group_loop,91.730,1196.960,374.090,4,3188.270,1,1,131,131
69,decode,pi: am.builder_build@AscendGDNAttentionMetadataBuilder,952.390,952.390,342.920,3,3188.270,1,1,131,131
69,decode,pi: build_attention_metadata,283.600,1575.200,1575.200,1,3188.270,1,1,131,131
69,decode,pi: sanitize_placeholder_ids,1.140,1.140,1.140,1,3188.270,1,1,131,131
69,decode,pi: sync_input_prep,105.650,2925.450,2925.450,1,3188.270,1,1,131,131
69,decode,pi: TOTAL,3188.270,3188.270,3188.270,1,3188.270,1,1,131,131
70,decode,pi: update_states,104.450,104.450,104.450,1,3120.920,1,1,131,131
70,decode,pi: tokens_list,1.010,1.010,1.010,1,3120.920,1,1,131,131
70,decode,pi: phase_classify,55.940,55.940,55.940,1,3120.920,1,1,131,131
70,decode,pi: in.block_table_commit,82.130,82.130,82.130,1,3120.920,1,1,131,131
70,decode,pi: in.req_indices,9.640,9.640,9.640,1,3120.920,1,1,131,131
70,decode,pi: in.attn_state,27.420,27.420,27.420,1,3120.920,1,1,131,131
70,decode,pi: in.positions,26.160,26.160,26.160,1,3120.920,1,1,131,131
70,decode,pi: in.prev_positions,29.470,29.470,29.470,1,3120.920,1,1,131,131
70,decode,pi: in.token_indices_select,26.310,26.310,26.310,1,3120.920,1,1,131,131
70,decode,pi: in.query_start_loc,39.720,39.720,39.720,1,3120.920,1,1,131,131
70,decode,pi: in.optimistic_seq_lens,51.470,51.470,51.470,1,3120.920,1,1,131,131
70,decode,pi: in.prepare_input_ids,68.940,68.940,68.940,1,3120.920,1,1,131,131
70,decode,pi: in.mrope_positions,42.090,42.090,42.090,1,3120.920,1,1,131,131
70,decode,pi: in.discard_mask,58.020,58.020,58.020,1,3120.920,1,1,131,131
70,decode,pi: in.num_accepted_tokens,14.130,14.130,14.130,1,3120.920,1,1,131,131
70,decode,pi: in.num_computed_tokens,17.880,17.880,17.880,1,3120.920,1,1,131,131
70,decode,pi: in.tokens_to_gpu,58.390,58.390,58.390,1,3120.920,1,1,131,131
70,decode,pi: in.positions_assembly,110.110,110.110,110.110,1,3120.920,1,1,131,131
70,decode,pi: in.seq_lens,56.050,56.050,56.050,1,3120.920,1,1,131,131
70,decode,pi: in.slot_mapping,139.550,139.550,139.550,1,3120.920,1,1,131,131
70,decode,pi: in.mrope_drift,0.590,0.590,0.590,1,3120.920,1,1,131,131
70,decode,pi: in.logits_indices,39.070,39.070,36.730,2,3120.920,1,1,131,131
70,decode,pi: prepare_inputs,96.850,993.990,993.990,1,3120.920,1,1,131,131
70,decode,pi: cascade_attn_prefix_lens,10.470,10.470,10.470,1,3120.920,1,1,131,131
70,decode,pi: batch_exec_and_padding,51.620,51.620,51.620,1,3120.920,1,1,131,131
70,decode,pi: ubatch_slices,1.570,1.570,1.570,1,3120.920,1,1,131,131
70,decode,pi: pad_query_start_loc,28.480,28.480,28.480,1,3120.920,1,1,131,131
70,decode,pi: am.max_seq_len,17.610,17.610,17.610,1,3120.920,1,1,131,131
70,decode,pi: am.cm_base_pre,74.820,74.820,74.820,1,3120.920,1,1,131,131
70,decode,pi: am.build.split_decodes,9.280,9.280,9.280,1,3120.920,1,1,131,131
70,decode,pi: am.build.seq_lens_select,8.630,8.630,8.630,1,3120.920,1,1,131,131
70,decode,pi: am.build.attn_mask,1.340,1.340,1.340,1,3120.920,1,1,131,131
70,decode,pi: am.build.qsl_h2d,32.960,32.960,32.960,1,3120.920,1,1,131,131
70,decode,pi: am.build.tolist,9.110,9.110,9.110,1,3120.920,1,1,131,131
70,decode,pi: am.build.fia_pad,1.770,1.770,1.770,1,3120.920,1,1,131,131
70,decode,pi: am.build.backend_metadata,14.350,14.350,14.350,1,3120.920,1,1,131,131
70,decode,pi: am.build.metadata_ctor,6.490,6.490,6.490,1,3120.920,1,1,131,131
70,decode,pi: am.builder_build@AscendAttentionMetadataBuilder,36.450,120.380,120.380,1,3120.920,1,1,131,131
70,decode,pi: am.builder_build,20.210,1041.950,320.560,4,3120.920,1,1,131,131
70,decode,pi: am.layer_assign,7.770,7.770,2.300,4,3120.920,1,1,131,131
70,decode,pi: am.group_loop,87.710,1137.430,344.510,4,3120.920,1,1,131,131
70,decode,pi: am.builder_build@AscendGDNAttentionMetadataBuilder,901.360,901.360,315.080,3,3120.920,1,1,131,131
70,decode,pi: build_attention_metadata,277.560,1507.420,1507.420,1,3120.920,1,1,131,131
70,decode,pi: sanitize_placeholder_ids,1.110,1.110,1.110,1,3120.920,1,1,131,131
70,decode,pi: sync_input_prep,102.830,2858.890,2858.890,1,3120.920,1,1,131,131
70,decode,pi: TOTAL,3120.920,3120.920,3120.920,1,3120.920,1,1,131,131
71,decode,pi: update_states,107.580,107.580,107.580,1,3276.220,1,1,131,131
71,decode,pi: tokens_list,1.110,1.110,1.110,1,3276.220,1,1,131,131
71,decode,pi: phase_classify,55.070,55.070,55.070,1,3276.220,1,1,131,131
71,decode,pi: in.block_table_commit,82.380,82.380,82.380,1,3276.220,1,1,131,131
71,decode,pi: in.req_indices,9.640,9.640,9.640,1,3276.220,1,1,131,131
71,decode,pi: in.attn_state,28.230,28.230,28.230,1,3276.220,1,1,131,131
71,decode,pi: in.positions,24.810,24.810,24.810,1,3276.220,1,1,131,131
71,decode,pi: in.prev_positions,30.070,30.070,30.070,1,3276.220,1,1,131,131
71,decode,pi: in.token_indices_select,26.130,26.130,26.130,1,3276.220,1,1,131,131
71,decode,pi: in.query_start_loc,27.400,27.400,27.400,1,3276.220,1,1,131,131
71,decode,pi: in.optimistic_seq_lens,49.810,49.810,49.810,1,3276.220,1,1,131,131
71,decode,pi: in.prepare_input_ids,65.920,65.920,65.920,1,3276.220,1,1,131,131
71,decode,pi: in.mrope_positions,40.410,40.410,40.410,1,3276.220,1,1,131,131
71,decode,pi: in.discard_mask,57.290,57.290,57.290,1,3276.220,1,1,131,131
71,decode,pi: in.num_accepted_tokens,14.330,14.330,14.330,1,3276.220,1,1,131,131
71,decode,pi: in.num_computed_tokens,17.970,17.970,17.970,1,3276.220,1,1,131,131
71,decode,pi: in.tokens_to_gpu,58.440,58.440,58.440,1,3276.220,1,1,131,131
71,decode,pi: in.positions_assembly,109.750,109.750,109.750,1,3276.220,1,1,131,131
71,decode,pi: in.seq_lens,56.500,56.500,56.500,1,3276.220,1,1,131,131
71,decode,pi: in.slot_mapping,138.610,138.610,138.610,1,3276.220,1,1,131,131
71,decode,pi: in.mrope_drift,0.620,0.620,0.620,1,3276.220,1,1,131,131
71,decode,pi: in.logits_indices,39.050,39.050,36.330,2,3276.220,1,1,131,131
71,decode,pi: prepare_inputs,96.810,974.170,974.170,1,3276.220,1,1,131,131
71,decode,pi: cascade_attn_prefix_lens,10.660,10.660,10.660,1,3276.220,1,1,131,131
71,decode,pi: batch_exec_and_padding,52.220,52.220,52.220,1,3276.220,1,1,131,131
71,decode,pi: ubatch_slices,1.610,1.610,1.610,1,3276.220,1,1,131,131
71,decode,pi: pad_query_start_loc,29.390,29.390,29.390,1,3276.220,1,1,131,131
71,decode,pi: am.max_seq_len,18.330,18.330,18.330,1,3276.220,1,1,131,131
71,decode,pi: am.cm_base_pre,75.140,75.140,75.140,1,3276.220,1,1,131,131
71,decode,pi: am.build.split_decodes,10.060,10.060,10.060,1,3276.220,1,1,131,131
71,decode,pi: am.build.seq_lens_select,8.910,8.910,8.910,1,3276.220,1,1,131,131
71,decode,pi: am.build.attn_mask,1.300,1.300,1.300,1,3276.220,1,1,131,131
71,decode,pi: am.build.qsl_h2d,35.050,35.050,35.050,1,3276.220,1,1,131,131
71,decode,pi: am.build.tolist,9.240,9.240,9.240,1,3276.220,1,1,131,131
71,decode,pi: am.build.fia_pad,1.880,1.880,1.880,1,3276.220,1,1,131,131
71,decode,pi: am.build.backend_metadata,15.590,15.590,15.590,1,3276.220,1,1,131,131
71,decode,pi: am.build.metadata_ctor,6.650,6.650,6.650,1,3276.220,1,1,131,131
71,decode,pi: am.builder_build@AscendAttentionMetadataBuilder,36.960,125.640,125.640,1,3276.220,1,1,131,131
71,decode,pi: am.builder_build,20.850,1049.040,321.370,4,3276.220,1,1,131,131
71,decode,pi: am.layer_assign,7.750,7.750,2.210,4,3276.220,1,1,131,131
71,decode,pi: am.group_loop,89.840,1146.630,346.110,4,3276.220,1,1,131,131
71,decode,pi: am.builder_build@AscendGDNAttentionMetadataBuilder,902.550,902.550,315.740,3,3276.220,1,1,131,131
71,decode,pi: build_attention_metadata,291.300,1531.400,1531.400,1,3276.220,1,1,131,131
71,decode,pi: sanitize_placeholder_ids,1.230,1.230,1.230,1,3276.220,1,1,131,131
71,decode,pi: sync_input_prep,104.930,2869.370,2869.370,1,3276.220,1,1,131,131
71,decode,pi: TOTAL,3276.220,3276.220,3276.220,1,3276.220,1,1,131,131
72,decode,pi: update_states,101.270,101.270,101.270,1,3118.610,1,1,131,131
72,decode,pi: tokens_list,1.140,1.140,1.140,1,3118.610,1,1,131,131
72,decode,pi: phase_classify,54.410,54.410,54.410,1,3118.610,1,1,131,131
72,decode,pi: in.block_table_commit,84.450,84.450,84.450,1,3118.610,1,1,131,131
72,decode,pi: in.req_indices,9.710,9.710,9.710,1,3118.610,1,1,131,131
72,decode,pi: in.attn_state,27.700,27.700,27.700,1,3118.610,1,1,131,131
72,decode,pi: in.positions,25.490,25.490,25.490,1,3118.610,1,1,131,131
72,decode,pi: in.prev_positions,30.080,30.080,30.080,1,3118.610,1,1,131,131
72,decode,pi: in.token_indices_select,25.350,25.350,25.350,1,3118.610,1,1,131,131
72,decode,pi: in.query_start_loc,27.320,27.320,27.320,1,3118.610,1,1,131,131
72,decode,pi: in.optimistic_seq_lens,49.370,49.370,49.370,1,3118.610,1,1,131,131
72,decode,pi: in.prepare_input_ids,66.380,66.380,66.380,1,3118.610,1,1,131,131
72,decode,pi: in.mrope_positions,40.550,40.550,40.550,1,3118.610,1,1,131,131
72,decode,pi: in.discard_mask,56.830,56.830,56.830,1,3118.610,1,1,131,131
72,decode,pi: in.num_accepted_tokens,13.560,13.560,13.560,1,3118.610,1,1,131,131
72,decode,pi: in.num_computed_tokens,18.040,18.040,18.040,1,3118.610,1,1,131,131
72,decode,pi: in.tokens_to_gpu,57.490,57.490,57.490,1,3118.610,1,1,131,131
72,decode,pi: in.positions_assembly,111.270,111.270,111.270,1,3118.610,1,1,131,131
72,decode,pi: in.seq_lens,56.990,56.990,56.990,1,3118.610,1,1,131,131
72,decode,pi: in.slot_mapping,138.270,138.270,138.270,1,3118.610,1,1,131,131
72,decode,pi: in.mrope_drift,0.650,0.650,0.650,1,3118.610,1,1,131,131
72,decode,pi: in.logits_indices,39.620,39.620,37.060,2,3118.610,1,1,131,131
72,decode,pi: prepare_inputs,95.830,974.950,974.950,1,3118.610,1,1,131,131
72,decode,pi: cascade_attn_prefix_lens,10.700,10.700,10.700,1,3118.610,1,1,131,131
72,decode,pi: batch_exec_and_padding,51.760,51.760,51.760,1,3118.610,1,1,131,131
72,decode,pi: ubatch_slices,1.590,1.590,1.590,1,3118.610,1,1,131,131
72,decode,pi: pad_query_start_loc,28.400,28.400,28.400,1,3118.610,1,1,131,131
72,decode,pi: am.max_seq_len,18.430,18.430,18.430,1,3118.610,1,1,131,131
72,decode,pi: am.cm_base_pre,74.120,74.120,74.120,1,3118.610,1,1,131,131
72,decode,pi: am.build.split_decodes,9.860,9.860,9.860,1,3118.610,1,1,131,131
72,decode,pi: am.build.seq_lens_select,8.840,8.840,8.840,1,3118.610,1,1,131,131
72,decode,pi: am.build.attn_mask,1.230,1.230,1.230,1,3118.610,1,1,131,131
72,decode,pi: am.build.qsl_h2d,34.730,34.730,34.730,1,3118.610,1,1,131,131
72,decode,pi: am.build.tolist,8.950,8.950,8.950,1,3118.610,1,1,131,131
72,decode,pi: am.build.fia_pad,1.770,1.770,1.770,1,3118.610,1,1,131,131
72,decode,pi: am.build.backend_metadata,15.700,15.700,15.700,1,3118.610,1,1,131,131
72,decode,pi: am.build.metadata_ctor,6.500,6.500,6.500,1,3118.610,1,1,131,131
72,decode,pi: am.builder_build@AscendAttentionMetadataBuilder,37.250,124.830,124.830,1,3118.610,1,1,131,131
72,decode,pi: am.builder_build,20.060,1040.790,323.260,4,3118.610,1,1,131,131
72,decode,pi: am.layer_assign,7.400,7.400,2.070,4,3118.610,1,1,131,131
72,decode,pi: am.group_loop,91.190,1139.380,348.610,4,3118.610,1,1,131,131
72,decode,pi: am.builder_build@AscendGDNAttentionMetadataBuilder,895.900,895.900,317.790,3,3118.610,1,1,131,131
72,decode,pi: build_attention_metadata,297.080,1529.010,1529.010,1,3118.610,1,1,131,131
72,decode,pi: sanitize_placeholder_ids,0.970,0.970,0.970,1,3118.610,1,1,131,131
72,decode,pi: sync_input_prep,105.340,2859.540,2859.540,1,3118.610,1,1,131,131
72,decode,pi: TOTAL,3118.610,3118.610,3118.610,1,3118.610,1,1,131,131
73,decode,pi: update_states,103.120,103.120,103.120,1,3096.050,1,1,131,131
73,decode,pi: tokens_list,1.080,1.080,1.080,1,3096.050,1,1,131,131
73,decode,pi: phase_classify,53.040,53.040,53.040,1,3096.050,1,1,131,131
73,decode,pi: in.block_table_commit,83.090,83.090,83.090,1,3096.050,1,1,131,131
73,decode,pi: in.req_indices,9.430,9.430,9.430,1,3096.050,1,1,131,131
73,decode,pi: in.attn_state,27.090,27.090,27.090,1,3096.050,1,1,131,131
73,decode,pi: in.positions,24.990,24.990,24.990,1,3096.050,1,1,131,131
73,decode,pi: in.prev_positions,29.670,29.670,29.670,1,3096.050,1,1,131,131
73,decode,pi: in.token_indices_select,30.070,30.070,30.070,1,3096.050,1,1,131,131
73,decode,pi: in.query_start_loc,28.590,28.590,28.590,1,3096.050,1,1,131,131
73,decode,pi: in.optimistic_seq_lens,49.670,49.670,49.670,1,3096.050,1,1,131,131
73,decode,pi: in.prepare_input_ids,66.890,66.890,66.890,1,3096.050,1,1,131,131
73,decode,pi: in.mrope_positions,40.870,40.870,40.870,1,3096.050,1,1,131,131
73,decode,pi: in.discard_mask,56.520,56.520,56.520,1,3096.050,1,1,131,131
73,decode,pi: in.num_accepted_tokens,14.660,14.660,14.660,1,3096.050,1,1,131,131
73,decode,pi: in.num_computed_tokens,18.080,18.080,18.080,1,3096.050,1,1,131,131
73,decode,pi: in.tokens_to_gpu,56.480,56.480,56.480,1,3096.050,1,1,131,131
73,decode,pi: in.positions_assembly,111.670,111.670,111.670,1,3096.050,1,1,131,131
73,decode,pi: in.seq_lens,56.980,56.980,56.980,1,3096.050,1,1,131,131
73,decode,pi: in.slot_mapping,139.060,139.060,139.060,1,3096.050,1,1,131,131
73,decode,pi: in.mrope_drift,0.660,0.660,0.660,1,3096.050,1,1,131,131
73,decode,pi: in.logits_indices,39.720,39.720,36.990,2,3096.050,1,1,131,131
73,decode,pi: prepare_inputs,96.650,980.840,980.840,1,3096.050,1,1,131,131
73,decode,pi: cascade_attn_prefix_lens,10.870,10.870,10.870,1,3096.050,1,1,131,131
73,decode,pi: batch_exec_and_padding,50.970,50.970,50.970,1,3096.050,1,1,131,131
73,decode,pi: ubatch_slices,1.610,1.610,1.610,1,3096.050,1,1,131,131
73,decode,pi: pad_query_start_loc,29.000,29.000,29.000,1,3096.050,1,1,131,131
73,decode,pi: am.max_seq_len,18.130,18.130,18.130,1,3096.050,1,1,131,131
73,decode,pi: am.cm_base_pre,74.810,74.810,74.810,1,3096.050,1,1,131,131
73,decode,pi: am.build.split_decodes,9.520,9.520,9.520,1,3096.050,1,1,131,131
73,decode,pi: am.build.seq_lens_select,8.560,8.560,8.560,1,3096.050,1,1,131,131
73,decode,pi: am.build.attn_mask,1.190,1.190,1.190,1,3096.050,1,1,131,131
73,decode,pi: am.build.qsl_h2d,33.080,33.080,33.080,1,3096.050,1,1,131,131
73,decode,pi: am.build.tolist,9.670,9.670,9.670,1,3096.050,1,1,131,131
73,decode,pi: am.build.fia_pad,1.700,1.700,1.700,1,3096.050,1,1,131,131
73,decode,pi: am.build.backend_metadata,15.500,15.500,15.500,1,3096.050,1,1,131,131
73,decode,pi: am.build.metadata_ctor,6.630,6.630,6.630,1,3096.050,1,1,131,131
73,decode,pi: am.builder_build@AscendAttentionMetadataBuilder,36.620,122.470,122.470,1,3096.050,1,1,131,131
73,decode,pi: am.builder_build,20.560,1036.540,318.740,4,3096.050,1,1,131,131
73,decode,pi: am.layer_assign,7.520,7.520,2.110,4,3096.050,1,1,131,131
73,decode,pi: am.group_loop,90.050,1134.110,343.270,4,3096.050,1,1,131,131
73,decode,pi: am.builder_build@AscendGDNAttentionMetadataBuilder,893.510,893.510,313.260,3,3096.050,1,1,131,131
73,decode,pi: build_attention_metadata,279.970,1507.020,1507.020,1,3096.050,1,1,131,131
73,decode,pi: sanitize_placeholder_ids,1.130,1.130,1.130,1,3096.050,1,1,131,131
73,decode,pi: sync_input_prep,105.040,2843.720,2843.720,1,3096.050,1,1,131,131
73,decode,pi: TOTAL,3096.050,3096.050,3096.050,1,3096.050,1,1,131,131
74,decode,pi: update_states,100.340,100.340,100.340,1,3144.220,1,1,131,131
74,decode,pi: tokens_list,0.950,0.950,0.950,1,3144.220,1,1,131,131
74,decode,pi: phase_classify,53.920,53.920,53.920,1,3144.220,1,1,131,131
74,decode,pi: in.block_table_commit,84.650,84.650,84.650,1,3144.220,1,1,131,131
74,decode,pi: in.req_indices,9.750,9.750,9.750,1,3144.220,1,1,131,131
74,decode,pi: in.attn_state,27.600,27.600,27.600,1,3144.220,1,1,131,131
74,decode,pi: in.positions,25.320,25.320,25.320,1,3144.220,1,1,131,131
74,decode,pi: in.prev_positions,30.770,30.770,30.770,1,3144.220,1,1,131,131
74,decode,pi: in.token_indices_select,26.000,26.000,26.000,1,3144.220,1,1,131,131
74,decode,pi: in.query_start_loc,27.210,27.210,27.210,1,3144.220,1,1,131,131
74,decode,pi: in.optimistic_seq_lens,49.570,49.570,49.570,1,3144.220,1,1,131,131
74,decode,pi: in.prepare_input_ids,65.660,65.660,65.660,1,3144.220,1,1,131,131
74,decode,pi: in.mrope_positions,39.540,39.540,39.540,1,3144.220,1,1,131,131
74,decode,pi: in.discard_mask,57.710,57.710,57.710,1,3144.220,1,1,131,131
74,decode,pi: in.num_accepted_tokens,13.900,13.900,13.900,1,3144.220,1,1,131,131
74,decode,pi: in.num_computed_tokens,18.010,18.010,18.010,1,3144.220,1,1,131,131
74,decode,pi: in.tokens_to_gpu,57.590,57.590,57.590,1,3144.220,1,1,131,131
74,decode,pi: in.positions_assembly,110.330,110.330,110.330,1,3144.220,1,1,131,131
74,decode,pi: in.seq_lens,55.690,55.690,55.690,1,3144.220,1,1,131,131
74,decode,pi: in.slot_mapping,139.610,139.610,139.610,1,3144.220,1,1,131,131
74,decode,pi: in.mrope_drift,0.660,0.660,0.660,1,3144.220,1,1,131,131
74,decode,pi: in.logits_indices,39.300,39.300,36.860,2,3144.220,1,1,131,131
74,decode,pi: prepare_inputs,97.280,976.150,976.150,1,3144.220,1,1,131,131
74,decode,pi: cascade_attn_prefix_lens,10.730,10.730,10.730,1,3144.220,1,1,131,131
74,decode,pi: batch_exec_and_padding,52.660,52.660,52.660,1,3144.220,1,1,131,131
74,decode,pi: ubatch_slices,1.520,1.520,1.520,1,3144.220,1,1,131,131
74,decode,pi: pad_query_start_loc,29.310,29.310,29.310,1,3144.220,1,1,131,131
74,decode,pi: am.max_seq_len,18.150,18.150,18.150,1,3144.220,1,1,131,131
74,decode,pi: am.cm_base_pre,75.320,75.320,75.320,1,3144.220,1,1,131,131
74,decode,pi: am.build.split_decodes,9.500,9.500,9.500,1,3144.220,1,1,131,131
74,decode,pi: am.build.seq_lens_select,8.620,8.620,8.620,1,3144.220,1,1,131,131
74,decode,pi: am.build.attn_mask,1.210,1.210,1.210,1,3144.220,1,1,131,131
74,decode,pi: am.build.qsl_h2d,33.280,33.280,33.280,1,3144.220,1,1,131,131
74,decode,pi: am.build.tolist,8.770,8.770,8.770,1,3144.220,1,1,131,131
74,decode,pi: am.build.fia_pad,1.690,1.690,1.690,1,3144.220,1,1,131,131
74,decode,pi: am.build.backend_metadata,14.880,14.880,14.880,1,3144.220,1,1,131,131
74,decode,pi: am.build.metadata_ctor,6.700,6.700,6.700,1,3144.220,1,1,131,131
74,decode,pi: am.builder_build@AscendAttentionMetadataBuilder,36.000,120.650,120.650,1,3144.220,1,1,131,131
74,decode,pi: am.builder_build,20.720,1074.920,324.590,4,3144.220,1,1,131,131
74,decode,pi: am.layer_assign,7.490,7.490,2.270,4,3144.220,1,1,131,131
74,decode,pi: am.group_loop,91.390,1173.800,349.900,4,3144.220,1,1,131,131
74,decode,pi: am.builder_build@AscendGDNAttentionMetadataBuilder,933.550,933.550,318.530,3,3144.220,1,1,131,131
74,decode,pi: build_attention_metadata,282.930,1550.200,1550.200,1,3144.220,1,1,131,131
74,decode,pi: sanitize_placeholder_ids,1.110,1.110,1.110,1,3144.220,1,1,131,131
74,decode,pi: sync_input_prep,105.840,2882.730,2882.730,1,3144.220,1,1,131,131
74,decode,pi: TOTAL,3144.220,3144.220,3144.220,1,3144.220,1,1,131,131
75,decode,pi: update_states,102.100,102.100,102.100,1,3124.830,1,1,131,131
75,decode,pi: tokens_list,1.030,1.030,1.030,1,3124.830,1,1,131,131
75,decode,pi: phase_classify,53.100,53.100,53.100,1,3124.830,1,1,131,131
75,decode,pi: in.block_table_commit,81.730,81.730,81.730,1,3124.830,1,1,131,131
75,decode,pi: in.req_indices,9.680,9.680,9.680,1,3124.830,1,1,131,131
75,decode,pi: in.attn_state,28.090,28.090,28.090,1,3124.830,1,1,131,131
75,decode,pi: in.positions,26.000,26.000,26.000,1,3124.830,1,1,131,131
75,decode,pi: in.prev_positions,30.310,30.310,30.310,1,3124.830,1,1,131,131
75,decode,pi: in.token_indices_select,25.720,25.720,25.720,1,3124.830,1,1,131,131
75,decode,pi: in.query_start_loc,27.260,27.260,27.260,1,3124.830,1,1,131,131
75,decode,pi: in.optimistic_seq_lens,49.550,49.550,49.550,1,3124.830,1,1,131,131
75,decode,pi: in.prepare_input_ids,65.500,65.500,65.500,1,3124.830,1,1,131,131
75,decode,pi: in.mrope_positions,40.420,40.420,40.420,1,3124.830,1,1,131,131
75,decode,pi: in.discard_mask,57.250,57.250,57.250,1,3124.830,1,1,131,131
75,decode,pi: in.num_accepted_tokens,14.200,14.200,14.200,1,3124.830,1,1,131,131
75,decode,pi: in.num_computed_tokens,18.140,18.140,18.140,1,3124.830,1,1,131,131
75,decode,pi: in.tokens_to_gpu,57.160,57.160,57.160,1,3124.830,1,1,131,131
75,decode,pi: in.positions_assembly,111.510,111.510,111.510,1,3124.830,1,1,131,131
75,decode,pi: in.seq_lens,55.870,55.870,55.870,1,3124.830,1,1,131,131
75,decode,pi: in.slot_mapping,153.910,153.910,153.910,1,3124.830,1,1,131,131
75,decode,pi: in.mrope_drift,0.710,0.710,0.710,1,3124.830,1,1,131,131
75,decode,pi: in.logits_indices,41.990,41.990,39.090,2,3124.830,1,1,131,131
75,decode,pi: prepare_inputs,96.840,991.840,991.840,1,3124.830,1,1,131,131
75,decode,pi: cascade_attn_prefix_lens,10.420,10.420,10.420,1,3124.830,1,1,131,131
75,decode,pi: batch_exec_and_padding,52.810,52.810,52.810,1,3124.830,1,1,131,131
75,decode,pi: ubatch_slices,1.630,1.630,1.630,1,3124.830,1,1,131,131
75,decode,pi: pad_query_start_loc,29.660,29.660,29.660,1,3124.830,1,1,131,131
75,decode,pi: am.max_seq_len,18.770,18.770,18.770,1,3124.830,1,1,131,131
75,decode,pi: am.cm_base_pre,75.570,75.570,75.570,1,3124.830,1,1,131,131
75,decode,pi: am.build.split_decodes,9.840,9.840,9.840,1,3124.830,1,1,131,131
75,decode,pi: am.build.seq_lens_select,8.470,8.470,8.470,1,3124.830,1,1,131,131
75,decode,pi: am.build.attn_mask,1.180,1.180,1.180,1,3124.830,1,1,131,131
75,decode,pi: am.build.qsl_h2d,32.970,32.970,32.970,1,3124.830,1,1,131,131
75,decode,pi: am.build.tolist,9.070,9.070,9.070,1,3124.830,1,1,131,131
75,decode,pi: am.build.fia_pad,1.740,1.740,1.740,1,3124.830,1,1,131,131
75,decode,pi: am.build.backend_metadata,14.830,14.830,14.830,1,3124.830,1,1,131,131
75,decode,pi: am.build.metadata_ctor,6.780,6.780,6.780,1,3124.830,1,1,131,131
75,decode,pi: am.builder_build@AscendAttentionMetadataBuilder,36.640,121.520,121.520,1,3124.830,1,1,131,131
75,decode,pi: am.builder_build,20.110,1046.080,322.830,4,3124.830,1,1,131,131
75,decode,pi: am.layer_assign,7.820,7.820,2.290,4,3124.830,1,1,131,131
75,decode,pi: am.group_loop,89.580,1143.480,347.350,4,3124.830,1,1,131,131
75,decode,pi: am.builder_build@AscendGDNAttentionMetadataBuilder,904.450,904.450,317.400,3,3124.830,1,1,131,131
75,decode,pi: build_attention_metadata,278.210,1516.030,1516.030,1,3124.830,1,1,131,131
75,decode,pi: sanitize_placeholder_ids,1.100,1.100,1.100,1,3124.830,1,1,131,131
75,decode,pi: sync_input_prep,106.010,2865.730,2865.730,1,3124.830,1,1,131,131
75,decode,pi: TOTAL,3124.830,3124.830,3124.830,1,3124.830,1,1,131,131
76,decode,pi: update_states,102.740,102.740,102.740,1,3134.810,1,1,131,131
76,decode,pi: tokens_list,0.960,0.960,0.960,1,3134.810,1,1,131,131
76,decode,pi: phase_classify,54.820,54.820,54.820,1,3134.810,1,1,131,131
76,decode,pi: in.block_table_commit,82.930,82.930,82.930,1,3134.810,1,1,131,131
76,decode,pi: in.req_indices,9.440,9.440,9.440,1,3134.810,1,1,131,131
76,decode,pi: in.attn_state,27.550,27.550,27.550,1,3134.810,1,1,131,131
76,decode,pi: in.positions,25.310,25.310,25.310,1,3134.810,1,1,131,131
76,decode,pi: in.prev_positions,30.860,30.860,30.860,1,3134.810,1,1,131,131
76,decode,pi: in.token_indices_select,25.570,25.570,25.570,1,3134.810,1,1,131,131
76,decode,pi: in.query_start_loc,27.280,27.280,27.280,1,3134.810,1,1,131,131
76,decode,pi: in.optimistic_seq_lens,50.850,50.850,50.850,1,3134.810,1,1,131,131
76,decode,pi: in.prepare_input_ids,66.360,66.360,66.360,1,3134.810,1,1,131,131
76,decode,pi: in.mrope_positions,40.930,40.930,40.930,1,3134.810,1,1,131,131
76,decode,pi: in.discard_mask,58.140,58.140,58.140,1,3134.810,1,1,131,131
76,decode,pi: in.num_accepted_tokens,14.360,14.360,14.360,1,3134.810,1,1,131,131
76,decode,pi: in.num_computed_tokens,17.930,17.930,17.930,1,3134.810,1,1,131,131
76,decode,pi: in.tokens_to_gpu,58.890,58.890,58.890,1,3134.810,1,1,131,131
76,decode,pi: in.positions_assembly,110.850,110.850,110.850,1,3134.810,1,1,131,131
76,decode,pi: in.seq_lens,55.160,55.160,55.160,1,3134.810,1,1,131,131
76,decode,pi: in.slot_mapping,139.300,139.300,139.300,1,3134.810,1,1,131,131
76,decode,pi: in.mrope_drift,0.700,0.700,0.700,1,3134.810,1,1,131,131
76,decode,pi: in.logits_indices,39.620,39.620,37.120,2,3134.810,1,1,131,131
76,decode,pi: prepare_inputs,96.610,978.640,978.640,1,3134.810,1,1,131,131
76,decode,pi: cascade_attn_prefix_lens,10.810,10.810,10.810,1,3134.810,1,1,131,131
76,decode,pi: batch_exec_and_padding,52.160,52.160,52.160,1,3134.810,1,1,131,131
76,decode,pi: ubatch_slices,1.470,1.470,1.470,1,3134.810,1,1,131,131
76,decode,pi: pad_query_start_loc,29.810,29.810,29.810,1,3134.810,1,1,131,131
76,decode,pi: am.max_seq_len,18.330,18.330,18.330,1,3134.810,1,1,131,131
76,decode,pi: am.cm_base_pre,75.000,75.000,75.000,1,3134.810,1,1,131,131
76,decode,pi: am.build.split_decodes,9.720,9.720,9.720,1,3134.810,1,1,131,131
76,decode,pi: am.build.seq_lens_select,8.500,8.500,8.500,1,3134.810,1,1,131,131
76,decode,pi: am.build.attn_mask,1.290,1.290,1.290,1,3134.810,1,1,131,131
76,decode,pi: am.build.qsl_h2d,32.760,32.760,32.760,1,3134.810,1,1,131,131
76,decode,pi: am.build.tolist,9.780,9.780,9.780,1,3134.810,1,1,131,131
76,decode,pi: am.build.fia_pad,1.720,1.720,1.720,1,3134.810,1,1,131,131
76,decode,pi: am.build.backend_metadata,14.990,14.990,14.990,1,3134.810,1,1,131,131
76,decode,pi: am.build.metadata_ctor,6.690,6.690,6.690,1,3134.810,1,1,131,131
76,decode,pi: am.builder_build@AscendAttentionMetadataBuilder,36.500,121.950,121.950,1,3134.810,1,1,131,131
76,decode,pi: am.builder_build,20.570,1068.000,330.550,4,3134.810,1,1,131,131
76,decode,pi: am.layer_assign,7.910,7.910,2.320,4,3134.810,1,1,131,131
76,decode,pi: am.group_loop,90.060,1165.970,355.580,4,3134.810,1,1,131,131
76,decode,pi: am.builder_build@AscendGDNAttentionMetadataBuilder,925.480,925.480,325.040,3,3134.810,1,1,131,131
76,decode,pi: build_attention_metadata,283.630,1542.930,1542.930,1,3134.810,1,1,131,131
76,decode,pi: sanitize_placeholder_ids,1.110,1.110,1.110,1,3134.810,1,1,131,131
76,decode,pi: sync_input_prep,102.560,2878.010,2878.010,1,3134.810,1,1,131,131
76,decode,pi: TOTAL,3134.810,3134.810,3134.810,1,3134.810,1,1,131,131
77,decode,pi: update_states,103.110,103.110,103.110,1,3124.720,1,1,131,131
77,decode,pi: tokens_list,1.100,1.100,1.100,1,3124.720,1,1,131,131
77,decode,pi: phase_classify,53.100,53.100,53.100,1,3124.720,1,1,131,131
77,decode,pi: in.block_table_commit,84.940,84.940,84.940,1,3124.720,1,1,131,131
77,decode,pi: in.req_indices,9.720,9.720,9.720,1,3124.720,1,1,131,131
77,decode,pi: in.attn_state,27.470,27.470,27.470,1,3124.720,1,1,131,131
77,decode,pi: in.positions,25.230,25.230,25.230,1,3124.720,1,1,131,131
77,decode,pi: in.prev_positions,30.750,30.750,30.750,1,3124.720,1,1,131,131
77,decode,pi: in.token_indices_select,26.030,26.030,26.030,1,3124.720,1,1,131,131
77,decode,pi: in.query_start_loc,27.310,27.310,27.310,1,3124.720,1,1,131,131
77,decode,pi: in.optimistic_seq_lens,48.260,48.260,48.260,1,3124.720,1,1,131,131
77,decode,pi: in.prepare_input_ids,65.930,65.930,65.930,1,3124.720,1,1,131,131
77,decode,pi: in.mrope_positions,38.620,38.620,38.620,1,3124.720,1,1,131,131
77,decode,pi: in.discard_mask,57.520,57.520,57.520,1,3124.720,1,1,131,131
77,decode,pi: in.num_accepted_tokens,14.150,14.150,14.150,1,3124.720,1,1,131,131
77,decode,pi: in.num_computed_tokens,17.790,17.790,17.790,1,3124.720,1,1,131,131
77,decode,pi: in.tokens_to_gpu,56.730,56.730,56.730,1,3124.720,1,1,131,131
77,decode,pi: in.positions_assembly,110.460,110.460,110.460,1,3124.720,1,1,131,131
77,decode,pi: in.seq_lens,55.900,55.900,55.900,1,3124.720,1,1,131,131
77,decode,pi: in.slot_mapping,138.350,138.350,138.350,1,3124.720,1,1,131,131
77,decode,pi: in.mrope_drift,0.790,0.790,0.790,1,3124.720,1,1,131,131
77,decode,pi: in.logits_indices,39.330,39.330,36.470,2,3124.720,1,1,131,131
77,decode,pi: prepare_inputs,94.860,970.140,970.140,1,3124.720,1,1,131,131
77,decode,pi: cascade_attn_prefix_lens,10.930,10.930,10.930,1,3124.720,1,1,131,131
77,decode,pi: batch_exec_and_padding,52.360,52.360,52.360,1,3124.720,1,1,131,131
77,decode,pi: ubatch_slices,1.520,1.520,1.520,1,3124.720,1,1,131,131
77,decode,pi: pad_query_start_loc,28.700,28.700,28.700,1,3124.720,1,1,131,131
77,decode,pi: am.max_seq_len,18.130,18.130,18.130,1,3124.720,1,1,131,131
77,decode,pi: am.cm_base_pre,73.960,73.960,73.960,1,3124.720,1,1,131,131
77,decode,pi: am.build.split_decodes,9.310,9.310,9.310,1,3124.720,1,1,131,131
77,decode,pi: am.build.seq_lens_select,8.500,8.500,8.500,1,3124.720,1,1,131,131
77,decode,pi: am.build.attn_mask,1.250,1.250,1.250,1,3124.720,1,1,131,131
77,decode,pi: am.build.qsl_h2d,33.120,33.120,33.120,1,3124.720,1,1,131,131
77,decode,pi: am.build.tolist,9.040,9.040,9.040,1,3124.720,1,1,131,131
77,decode,pi: am.build.fia_pad,1.750,1.750,1.750,1,3124.720,1,1,131,131
77,decode,pi: am.build.backend_metadata,15.480,15.480,15.480,1,3124.720,1,1,131,131
77,decode,pi: am.build.metadata_ctor,6.650,6.650,6.650,1,3124.720,1,1,131,131
77,decode,pi: am.builder_build@AscendAttentionMetadataBuilder,36.360,121.460,121.460,1,3124.720,1,1,131,131
77,decode,pi: am.builder_build,38.860,1062.200,343.040,4,3124.720,1,1,131,131
77,decode,pi: am.layer_assign,7.840,7.840,2.300,4,3124.720,1,1,131,131
77,decode,pi: am.group_loop,92.160,1162.200,368.490,4,3124.720,1,1,131,131
77,decode,pi: am.builder_build@AscendGDNAttentionMetadataBuilder,901.880,901.880,319.410,3,3124.720,1,1,131,131
77,decode,pi: build_attention_metadata,284.690,1538.980,1538.980,1,3124.720,1,1,131,131
77,decode,pi: sanitize_placeholder_ids,1.060,1.060,1.060,1,3124.720,1,1,131,131
77,decode,pi: sync_input_prep,105.220,2866.220,2866.220,1,3124.720,1,1,131,131
77,decode,pi: TOTAL,3124.720,3124.720,3124.720,1,3124.720,1,1,131,131
78,decode,pi: update_states,101.020,101.020,101.020,1,3145.530,1,1,131,131
78,decode,pi: tokens_list,1.010,1.010,1.010,1,3145.530,1,1,131,131
78,decode,pi: phase_classify,54.340,54.340,54.340,1,3145.530,1,1,131,131
78,decode,pi: in.block_table_commit,85.450,85.450,85.450,1,3145.530,1,1,131,131
78,decode,pi: in.req_indices,9.880,9.880,9.880,1,3145.530,1,1,131,131
78,decode,pi: in.attn_state,27.870,27.870,27.870,1,3145.530,1,1,131,131
78,decode,pi: in.positions,24.890,24.890,24.890,1,3145.530,1,1,131,131
78,decode,pi: in.prev_positions,30.980,30.980,30.980,1,3145.530,1,1,131,131
78,decode,pi: in.token_indices_select,25.950,25.950,25.950,1,3145.530,1,1,131,131
78,decode,pi: in.query_start_loc,27.500,27.500,27.500,1,3145.530,1,1,131,131
78,decode,pi: in.optimistic_seq_lens,49.030,49.030,49.030,1,3145.530,1,1,131,131
78,decode,pi: in.prepare_input_ids,80.500,80.500,80.500,1,3145.530,1,1,131,131
78,decode,pi: in.mrope_positions,42.150,42.150,42.150,1,3145.530,1,1,131,131
78,decode,pi: in.discard_mask,58.520,58.520,58.520,1,3145.530,1,1,131,131
78,decode,pi: in.num_accepted_tokens,14.720,14.720,14.720,1,3145.530,1,1,131,131
78,decode,pi: in.num_computed_tokens,18.120,18.120,18.120,1,3145.530,1,1,131,131
78,decode,pi: in.tokens_to_gpu,59.950,59.950,59.950,1,3145.530,1,1,131,131
78,decode,pi: in.positions_assembly,110.660,110.660,110.660,1,3145.530,1,1,131,131
78,decode,pi: in.seq_lens,56.770,56.770,56.770,1,3145.530,1,1,131,131
78,decode,pi: in.slot_mapping,139.960,139.960,139.960,1,3145.530,1,1,131,131
78,decode,pi: in.mrope_drift,0.660,0.660,0.660,1,3145.530,1,1,131,131
78,decode,pi: in.logits_indices,39.200,39.200,37.020,2,3145.530,1,1,131,131
78,decode,pi: prepare_inputs,97.070,999.830,999.830,1,3145.530,1,1,131,131
78,decode,pi: cascade_attn_prefix_lens,11.210,11.210,11.210,1,3145.530,1,1,131,131
78,decode,pi: batch_exec_and_padding,51.610,51.610,51.610,1,3145.530,1,1,131,131
78,decode,pi: ubatch_slices,1.560,1.560,1.560,1,3145.530,1,1,131,131
78,decode,pi: pad_query_start_loc,28.970,28.970,28.970,1,3145.530,1,1,131,131
78,decode,pi: am.max_seq_len,18.580,18.580,18.580,1,3145.530,1,1,131,131
78,decode,pi: am.cm_base_pre,74.230,74.230,74.230,1,3145.530,1,1,131,131
78,decode,pi: am.build.split_decodes,9.060,9.060,9.060,1,3145.530,1,1,131,131
78,decode,pi: am.build.seq_lens_select,8.690,8.690,8.690,1,3145.530,1,1,131,131
78,decode,pi: am.build.attn_mask,1.270,1.270,1.270,1,3145.530,1,1,131,131
78,decode,pi: am.build.qsl_h2d,32.180,32.180,32.180,1,3145.530,1,1,131,131
78,decode,pi: am.build.tolist,9.260,9.260,9.260,1,3145.530,1,1,131,131
78,decode,pi: am.build.fia_pad,1.580,1.580,1.580,1,3145.530,1,1,131,131
78,decode,pi: am.build.backend_metadata,14.780,14.780,14.780,1,3145.530,1,1,131,131
78,decode,pi: am.build.metadata_ctor,6.520,6.520,6.520,1,3145.530,1,1,131,131
78,decode,pi: am.builder_build@AscendAttentionMetadataBuilder,36.650,119.990,119.990,1,3145.530,1,1,131,131
78,decode,pi: am.builder_build,20.250,1060.120,335.140,4,3145.530,1,1,131,131
78,decode,pi: am.layer_assign,7.870,7.870,2.300,4,3145.530,1,1,131,131
78,decode,pi: am.group_loop,92.660,1160.650,361.020,4,3145.530,1,1,131,131
78,decode,pi: am.builder_build@AscendGDNAttentionMetadataBuilder,919.880,919.880,329.650,3,3145.530,1,1,131,131
78,decode,pi: build_attention_metadata,284.790,1538.250,1538.250,1,3145.530,1,1,131,131
78,decode,pi: sanitize_placeholder_ids,1.100,1.100,1.100,1,3145.530,1,1,131,131
78,decode,pi: sync_input_prep,102.590,2891.490,2891.490,1,3145.530,1,1,131,131
78,decode,pi: TOTAL,3145.530,3145.530,3145.530,1,3145.530,1,1,131,131
79,decode,pi: update_states,101.490,101.490,101.490,1,3108.200,1,1,131,131
79,decode,pi: tokens_list,0.990,0.990,0.990,1,3108.200,1,1,131,131
79,decode,pi: phase_classify,53.700,53.700,53.700,1,3108.200,1,1,131,131
79,decode,pi: in.block_table_commit,83.510,83.510,83.510,1,3108.200,1,1,131,131
79,decode,pi: in.req_indices,9.370,9.370,9.370,1,3108.200,1,1,131,131
79,decode,pi: in.attn_state,27.970,27.970,27.970,1,3108.200,1,1,131,131
79,decode,pi: in.positions,25.070,25.070,25.070,1,3108.200,1,1,131,131
79,decode,pi: in.prev_positions,31.180,31.180,31.180,1,3108.200,1,1,131,131
79,decode,pi: in.token_indices_select,25.800,25.800,25.800,1,3108.200,1,1,131,131
79,decode,pi: in.query_start_loc,27.430,27.430,27.430,1,3108.200,1,1,131,131
79,decode,pi: in.optimistic_seq_lens,49.430,49.430,49.430,1,3108.200,1,1,131,131
79,decode,pi: in.prepare_input_ids,65.650,65.650,65.650,1,3108.200,1,1,131,131
79,decode,pi: in.mrope_positions,38.920,38.920,38.920,1,3108.200,1,1,131,131
79,decode,pi: in.discard_mask,57.380,57.380,57.380,1,3108.200,1,1,131,131
79,decode,pi: in.num_accepted_tokens,14.350,14.350,14.350,1,3108.200,1,1,131,131
79,decode,pi: in.num_computed_tokens,18.100,18.100,18.100,1,3108.200,1,1,131,131
79,decode,pi: in.tokens_to_gpu,56.810,56.810,56.810,1,3108.200,1,1,131,131
79,decode,pi: in.positions_assembly,110.140,110.140,110.140,1,3108.200,1,1,131,131
79,decode,pi: in.seq_lens,55.120,55.120,55.120,1,3108.200,1,1,131,131
79,decode,pi: in.slot_mapping,140.170,140.170,140.170,1,3108.200,1,1,131,131
79,decode,pi: in.mrope_drift,0.660,0.660,0.660,1,3108.200,1,1,131,131
79,decode,pi: in.logits_indices,39.900,39.900,37.130,2,3108.200,1,1,131,131
79,decode,pi: prepare_inputs,95.220,972.180,972.180,1,3108.200,1,1,131,131
79,decode,pi: cascade_attn_prefix_lens,10.790,10.790,10.790,1,3108.200,1,1,131,131
79,decode,pi: batch_exec_and_padding,51.150,51.150,51.150,1,3108.200,1,1,131,131
79,decode,pi: ubatch_slices,1.530,1.530,1.530,1,3108.200,1,1,131,131
79,decode,pi: pad_query_start_loc,29.190,29.190,29.190,1,3108.200,1,1,131,131
79,decode,pi: am.max_seq_len,18.680,18.680,18.680,1,3108.200,1,1,131,131
79,decode,pi: am.cm_base_pre,74.100,74.100,74.100,1,3108.200,1,1,131,131
79,decode,pi: am.build.split_decodes,9.450,9.450,9.450,1,3108.200,1,1,131,131
79,decode,pi: am.build.seq_lens_select,8.600,8.600,8.600,1,3108.200,1,1,131,131
79,decode,pi: am.build.attn_mask,1.230,1.230,1.230,1,3108.200,1,1,131,131
79,decode,pi: am.build.qsl_h2d,31.860,31.860,31.860,1,3108.200,1,1,131,131
79,decode,pi: am.build.tolist,9.690,9.690,9.690,1,3108.200,1,1,131,131
79,decode,pi: am.build.fia_pad,1.870,1.870,1.870,1,3108.200,1,1,131,131
79,decode,pi: am.build.backend_metadata,14.720,14.720,14.720,1,3108.200,1,1,131,131
79,decode,pi: am.build.metadata_ctor,6.660,6.660,6.660,1,3108.200,1,1,131,131
79,decode,pi: am.builder_build@AscendAttentionMetadataBuilder,36.470,120.550,120.550,1,3108.200,1,1,131,131
79,decode,pi: am.builder_build,20.040,1041.160,322.870,4,3108.200,1,1,131,131
79,decode,pi: am.layer_assign,7.620,7.620,2.150,4,3108.200,1,1,131,131
79,decode,pi: am.group_loop,90.000,1138.780,347.830,4,3108.200,1,1,131,131
79,decode,pi: am.builder_build@AscendGDNAttentionMetadataBuilder,900.570,900.570,317.340,3,3108.200,1,1,131,131
79,decode,pi: build_attention_metadata,278.310,1509.870,1509.870,1,3108.200,1,1,131,131
79,decode,pi: sanitize_placeholder_ids,1.180,1.180,1.180,1,3108.200,1,1,131,131
79,decode,pi: sync_input_prep,104.860,2836.930,2836.930,1,3108.200,1,1,131,131
79,decode,pi: TOTAL,3108.200,3108.200,3108.200,1,3108.200,1,1,131,131
80,decode,pi: update_states,102.480,102.480,102.480,1,3176.240,1,1,131,131
80,decode,pi: tokens_list,1.050,1.050,1.050,1,3176.240,1,1,131,131
80,decode,pi: phase_classify,54.160,54.160,54.160,1,3176.240,1,1,131,131
80,decode,pi: in.block_table_commit,82.740,82.740,82.740,1,3176.240,1,1,131,131
80,decode,pi: in.req_indices,10.110,10.110,10.110,1,3176.240,1,1,131,131
80,decode,pi: in.attn_state,27.900,27.900,27.900,1,3176.240,1,1,131,131
80,decode,pi: in.positions,24.680,24.680,24.680,1,3176.240,1,1,131,131
80,decode,pi: in.prev_positions,30.610,30.610,30.610,1,3176.240,1,1,131,131
80,decode,pi: in.token_indices_select,25.800,25.800,25.800,1,3176.240,1,1,131,131
80,decode,pi: in.query_start_loc,26.840,26.840,26.840,1,3176.240,1,1,131,131
80,decode,pi: in.optimistic_seq_lens,49.550,49.550,49.550,1,3176.240,1,1,131,131
80,decode,pi: in.prepare_input_ids,65.300,65.300,65.300,1,3176.240,1,1,131,131
80,decode,pi: in.mrope_positions,39.930,39.930,39.930,1,3176.240,1,1,131,131
80,decode,pi: in.discard_mask,57.950,57.950,57.950,1,3176.240,1,1,131,131
80,decode,pi: in.num_accepted_tokens,14.150,14.150,14.150,1,3176.240,1,1,131,131
80,decode,pi: in.num_computed_tokens,17.900,17.900,17.900,1,3176.240,1,1,131,131
80,decode,pi: in.tokens_to_gpu,60.070,60.070,60.070,1,3176.240,1,1,131,131
80,decode,pi: in.positions_assembly,108.720,108.720,108.720,1,3176.240,1,1,131,131
80,decode,pi: in.seq_lens,56.060,56.060,56.060,1,3176.240,1,1,131,131
80,decode,pi: in.slot_mapping,146.240,146.240,146.240,1,3176.240,1,1,131,131
80,decode,pi: in.mrope_drift,0.690,0.690,0.690,1,3176.240,1,1,131,131
80,decode,pi: in.logits_indices,42.940,42.940,40.550,2,3176.240,1,1,131,131
80,decode,pi: prepare_inputs,97.690,985.870,985.870,1,3176.240,1,1,131,131
80,decode,pi: cascade_attn_prefix_lens,10.960,10.960,10.960,1,3176.240,1,1,131,131
80,decode,pi: batch_exec_and_padding,51.350,51.350,51.350,1,3176.240,1,1,131,131
80,decode,pi: ubatch_slices,1.600,1.600,1.600,1,3176.240,1,1,131,131
80,decode,pi: pad_query_start_loc,29.560,29.560,29.560,1,3176.240,1,1,131,131
80,decode,pi: am.max_seq_len,18.210,18.210,18.210,1,3176.240,1,1,131,131
80,decode,pi: am.cm_base_pre,76.730,76.730,76.730,1,3176.240,1,1,131,131
80,decode,pi: am.build.split_decodes,9.560,9.560,9.560,1,3176.240,1,1,131,131
80,decode,pi: am.build.seq_lens_select,8.990,8.990,8.990,1,3176.240,1,1,131,131
80,decode,pi: am.build.attn_mask,1.240,1.240,1.240,1,3176.240,1,1,131,131
80,decode,pi: am.build.qsl_h2d,32.490,32.490,32.490,1,3176.240,1,1,131,131
80,decode,pi: am.build.tolist,9.160,9.160,9.160,1,3176.240,1,1,131,131
80,decode,pi: am.build.fia_pad,1.790,1.790,1.790,1,3176.240,1,1,131,131
80,decode,pi: am.build.backend_metadata,14.930,14.930,14.930,1,3176.240,1,1,131,131
80,decode,pi: am.build.metadata_ctor,6.730,6.730,6.730,1,3176.240,1,1,131,131
80,decode,pi: am.builder_build@AscendAttentionMetadataBuilder,36.310,121.200,121.200,1,3176.240,1,1,131,131
80,decode,pi: am.builder_build,22.360,1065.290,324.440,4,3176.240,1,1,131,131
80,decode,pi: am.layer_assign,8.190,8.190,2.410,4,3176.240,1,1,131,131
80,decode,pi: am.group_loop,98.180,1171.660,350.590,4,3176.240,1,1,131,131
80,decode,pi: am.builder_build@AscendGDNAttentionMetadataBuilder,921.730,921.730,318.510,3,3176.240,1,1,131,131
80,decode,pi: build_attention_metadata,314.620,1581.220,1581.220,1,3176.240,1,1,131,131
80,decode,pi: sanitize_placeholder_ids,1.080,1.080,1.080,1,3176.240,1,1,131,131
80,decode,pi: sync_input_prep,104.330,2923.660,2923.660,1,3176.240,1,1,131,131
80,decode,pi: TOTAL,3176.240,3176.240,3176.240,1,3176.240,1,1,131,131
81,decode,pi: update_states,100.840,100.840,100.840,1,3102.980,1,1,131,131
81,decode,pi: tokens_list,1.040,1.040,1.040,1,3102.980,1,1,131,131
81,decode,pi: phase_classify,54.810,54.810,54.810,1,3102.980,1,1,131,131
81,decode,pi: in.block_table_commit,97.250,97.250,97.250,1,3102.980,1,1,131,131
81,decode,pi: in.req_indices,10.250,10.250,10.250,1,3102.980,1,1,131,131
81,decode,pi: in.attn_state,28.460,28.460,28.460,1,3102.980,1,1,131,131
81,decode,pi: in.positions,24.800,24.800,24.800,1,3102.980,1,1,131,131
81,decode,pi: in.prev_positions,30.200,30.200,30.200,1,3102.980,1,1,131,131
81,decode,pi: in.token_indices_select,25.260,25.260,25.260,1,3102.980,1,1,131,131
81,decode,pi: in.query_start_loc,27.000,27.000,27.000,1,3102.980,1,1,131,131
81,decode,pi: in.optimistic_seq_lens,48.600,48.600,48.600,1,3102.980,1,1,131,131
81,decode,pi: in.prepare_input_ids,64.820,64.820,64.820,1,3102.980,1,1,131,131
81,decode,pi: in.mrope_positions,40.030,40.030,40.030,1,3102.980,1,1,131,131
81,decode,pi: in.discard_mask,57.250,57.250,57.250,1,3102.980,1,1,131,131
81,decode,pi: in.num_accepted_tokens,14.000,14.000,14.000,1,3102.980,1,1,131,131
81,decode,pi: in.num_computed_tokens,17.840,17.840,17.840,1,3102.980,1,1,131,131
81,decode,pi: in.tokens_to_gpu,57.150,57.150,57.150,1,3102.980,1,1,131,131
81,decode,pi: in.positions_assembly,110.030,110.030,110.030,1,3102.980,1,1,131,131
81,decode,pi: in.seq_lens,56.210,56.210,56.210,1,3102.980,1,1,131,131
81,decode,pi: in.slot_mapping,138.650,138.650,138.650,1,3102.980,1,1,131,131
81,decode,pi: in.mrope_drift,0.730,0.730,0.730,1,3102.980,1,1,131,131
81,decode,pi: in.logits_indices,40.400,40.400,37.610,2,3102.980,1,1,131,131
81,decode,pi: prepare_inputs,95.670,984.600,984.600,1,3102.980,1,1,131,131
81,decode,pi: cascade_attn_prefix_lens,10.460,10.460,10.460,1,3102.980,1,1,131,131
81,decode,pi: batch_exec_and_padding,51.070,51.070,51.070,1,3102.980,1,1,131,131
81,decode,pi: ubatch_slices,1.510,1.510,1.510,1,3102.980,1,1,131,131
81,decode,pi: pad_query_start_loc,29.120,29.120,29.120,1,3102.980,1,1,131,131
81,decode,pi: am.max_seq_len,18.210,18.210,18.210,1,3102.980,1,1,131,131
81,decode,pi: am.cm_base_pre,74.180,74.180,74.180,1,3102.980,1,1,131,131
81,decode,pi: am.build.split_decodes,9.710,9.710,9.710,1,3102.980,1,1,131,131
81,decode,pi: am.build.seq_lens_select,8.600,8.600,8.600,1,3102.980,1,1,131,131
81,decode,pi: am.build.attn_mask,1.390,1.390,1.390,1,3102.980,1,1,131,131
81,decode,pi: am.build.qsl_h2d,33.490,33.490,33.490,1,3102.980,1,1,131,131
81,decode,pi: am.build.tolist,9.370,9.370,9.370,1,3102.980,1,1,131,131
81,decode,pi: am.build.fia_pad,1.750,1.750,1.750,1,3102.980,1,1,131,131
81,decode,pi: am.build.backend_metadata,15.190,15.190,15.190,1,3102.980,1,1,131,131
81,decode,pi: am.build.metadata_ctor,6.890,6.890,6.890,1,3102.980,1,1,131,131
81,decode,pi: am.builder_build@AscendAttentionMetadataBuilder,35.890,122.280,122.280,1,3102.980,1,1,131,131
81,decode,pi: am.builder_build,20.340,1040.380,325.180,4,3102.980,1,1,131,131
81,decode,pi: am.layer_assign,7.980,7.980,2.410,4,3102.980,1,1,131,131
81,decode,pi: am.group_loop,91.060,1139.420,350.650,4,3102.980,1,1,131,131
81,decode,pi: am.builder_build@AscendGDNAttentionMetadataBuilder,897.760,897.760,319.430,3,3102.980,1,1,131,131
81,decode,pi: build_attention_metadata,278.900,1510.710,1510.710,1,3102.980,1,1,131,131
81,decode,pi: sanitize_placeholder_ids,1.060,1.060,1.060,1,3102.980,1,1,131,131
81,decode,pi: sync_input_prep,104.850,2850.070,2850.070,1,3102.980,1,1,131,131
81,decode,pi: TOTAL,3102.980,3102.980,3102.980,1,3102.980,1,1,131,131
82,decode,pi: update_states,101.830,101.830,101.830,1,3159.960,1,1,131,131
82,decode,pi: tokens_list,1.090,1.090,1.090,1,3159.960,1,1,131,131
82,decode,pi: phase_classify,53.080,53.080,53.080,1,3159.960,1,1,131,131
82,decode,pi: in.block_table_commit,102.760,102.760,102.760,1,3159.960,1,1,131,131
82,decode,pi: in.req_indices,13.350,13.350,13.350,1,3159.960,1,1,131,131
82,decode,pi: in.attn_state,36.920,36.920,36.920,1,3159.960,1,1,131,131
82,decode,pi: in.positions,25.820,25.820,25.820,1,3159.960,1,1,131,131
82,decode,pi: in.prev_positions,31.090,31.090,31.090,1,3159.960,1,1,131,131
82,decode,pi: in.token_indices_select,25.920,25.920,25.920,1,3159.960,1,1,131,131
82,decode,pi: in.query_start_loc,27.220,27.220,27.220,1,3159.960,1,1,131,131
82,decode,pi: in.optimistic_seq_lens,49.360,49.360,49.360,1,3159.960,1,1,131,131
82,decode,pi: in.prepare_input_ids,64.330,64.330,64.330,1,3159.960,1,1,131,131
82,decode,pi: in.mrope_positions,39.930,39.930,39.930,1,3159.960,1,1,131,131
82,decode,pi: in.discard_mask,57.050,57.050,57.050,1,3159.960,1,1,131,131
82,decode,pi: in.num_accepted_tokens,14.280,14.280,14.280,1,3159.960,1,1,131,131
82,decode,pi: in.num_computed_tokens,17.790,17.790,17.790,1,3159.960,1,1,131,131
82,decode,pi: in.tokens_to_gpu,56.280,56.280,56.280,1,3159.960,1,1,131,131
82,decode,pi: in.positions_assembly,109.740,109.740,109.740,1,3159.960,1,1,131,131
82,decode,pi: in.seq_lens,55.460,55.460,55.460,1,3159.960,1,1,131,131
82,decode,pi: in.slot_mapping,138.370,138.370,138.370,1,3159.960,1,1,131,131
82,decode,pi: in.mrope_drift,0.660,0.660,0.660,1,3159.960,1,1,131,131
82,decode,pi: in.logits_indices,39.880,39.880,37.540,2,3159.960,1,1,131,131
82,decode,pi: prepare_inputs,98.810,1005.020,1005.020,1,3159.960,1,1,131,131
82,decode,pi: cascade_attn_prefix_lens,10.850,10.850,10.850,1,3159.960,1,1,131,131
82,decode,pi: batch_exec_and_padding,51.210,51.210,51.210,1,3159.960,1,1,131,131
82,decode,pi: ubatch_slices,1.550,1.550,1.550,1,3159.960,1,1,131,131
82,decode,pi: pad_query_start_loc,28.370,28.370,28.370,1,3159.960,1,1,131,131
82,decode,pi: am.max_seq_len,18.510,18.510,18.510,1,3159.960,1,1,131,131
82,decode,pi: am.cm_base_pre,73.310,73.310,73.310,1,3159.960,1,1,131,131
82,decode,pi: am.build.split_decodes,9.500,9.500,9.500,1,3159.960,1,1,131,131
82,decode,pi: am.build.seq_lens_select,8.560,8.560,8.560,1,3159.960,1,1,131,131
82,decode,pi: am.build.attn_mask,1.250,1.250,1.250,1,3159.960,1,1,131,131
82,decode,pi: am.build.qsl_h2d,32.230,32.230,32.230,1,3159.960,1,1,131,131
82,decode,pi: am.build.tolist,8.810,8.810,8.810,1,3159.960,1,1,131,131
82,decode,pi: am.build.fia_pad,1.740,1.740,1.740,1,3159.960,1,1,131,131
82,decode,pi: am.build.backend_metadata,17.540,17.540,17.540,1,3159.960,1,1,131,131
82,decode,pi: am.build.metadata_ctor,7.930,7.930,7.930,1,3159.960,1,1,131,131
82,decode,pi: am.builder_build@AscendAttentionMetadataBuilder,39.110,126.670,126.670,1,3159.960,1,1,131,131
82,decode,pi: am.builder_build,20.530,1045.270,319.360,4,3159.960,1,1,131,131
82,decode,pi: am.layer_assign,8.950,8.950,2.970,4,3159.960,1,1,131,131
82,decode,pi: am.group_loop,102.120,1156.340,345.050,4,3159.960,1,1,131,131
82,decode,pi: am.builder_build@AscendGDNAttentionMetadataBuilder,898.070,898.070,313.860,3,3159.960,1,1,131,131
82,decode,pi: build_attention_metadata,285.280,1533.440,1533.440,1,3159.960,1,1,131,131
82,decode,pi: sanitize_placeholder_ids,1.160,1.160,1.160,1,3159.960,1,1,131,131
82,decode,pi: sync_input_prep,105.690,2893.290,2893.290,1,3159.960,1,1,131,131
82,decode,pi: TOTAL,3159.960,3159.960,3159.960,1,3159.960,1,1,131,131
83,decode,pi: update_states,101.170,101.170,101.170,1,3120.770,1,1,131,131
83,decode,pi: tokens_list,0.990,0.990,0.990,1,3120.770,1,1,131,131
83,decode,pi: phase_classify,53.640,53.640,53.640,1,3120.770,1,1,131,131
83,decode,pi: in.block_table_commit,82.770,82.770,82.770,1,3120.770,1,1,131,131
83,decode,pi: in.req_indices,9.920,9.920,9.920,1,3120.770,1,1,131,131
83,decode,pi: in.attn_state,27.950,27.950,27.950,1,3120.770,1,1,131,131
83,decode,pi: in.positions,24.640,24.640,24.640,1,3120.770,1,1,131,131
83,decode,pi: in.prev_positions,30.360,30.360,30.360,1,3120.770,1,1,131,131
83,decode,pi: in.token_indices_select,25.410,25.410,25.410,1,3120.770,1,1,131,131
83,decode,pi: in.query_start_loc,27.440,27.440,27.440,1,3120.770,1,1,131,131
83,decode,pi: in.optimistic_seq_lens,49.720,49.720,49.720,1,3120.770,1,1,131,131
83,decode,pi: in.prepare_input_ids,65.660,65.660,65.660,1,3120.770,1,1,131,131
83,decode,pi: in.mrope_positions,38.430,38.430,38.430,1,3120.770,1,1,131,131
83,decode,pi: in.discard_mask,57.230,57.230,57.230,1,3120.770,1,1,131,131
83,decode,pi: in.num_accepted_tokens,13.940,13.940,13.940,1,3120.770,1,1,131,131
83,decode,pi: in.num_computed_tokens,18.130,18.130,18.130,1,3120.770,1,1,131,131
83,decode,pi: in.tokens_to_gpu,58.180,58.180,58.180,1,3120.770,1,1,131,131
83,decode,pi: in.positions_assembly,110.000,110.000,110.000,1,3120.770,1,1,131,131
83,decode,pi: in.seq_lens,55.570,55.570,55.570,1,3120.770,1,1,131,131
83,decode,pi: in.slot_mapping,139.330,139.330,139.330,1,3120.770,1,1,131,131
83,decode,pi: in.mrope_drift,0.640,0.640,0.640,1,3120.770,1,1,131,131
83,decode,pi: in.logits_indices,39.610,39.610,36.960,2,3120.770,1,1,131,131
83,decode,pi: prepare_inputs,96.590,971.520,971.520,1,3120.770,1,1,131,131
83,decode,pi: cascade_attn_prefix_lens,10.700,10.700,10.700,1,3120.770,1,1,131,131
83,decode,pi: batch_exec_and_padding,51.710,51.710,51.710,1,3120.770,1,1,131,131
83,decode,pi: ubatch_slices,1.590,1.590,1.590,1,3120.770,1,1,131,131
83,decode,pi: pad_query_start_loc,29.340,29.340,29.340,1,3120.770,1,1,131,131
83,decode,pi: am.max_seq_len,18.190,18.190,18.190,1,3120.770,1,1,131,131
83,decode,pi: am.cm_base_pre,92.460,92.460,92.460,1,3120.770,1,1,131,131
83,decode,pi: am.build.split_decodes,9.720,9.720,9.720,1,3120.770,1,1,131,131
83,decode,pi: am.build.seq_lens_select,8.630,8.630,8.630,1,3120.770,1,1,131,131
83,decode,pi: am.build.attn_mask,1.240,1.240,1.240,1,3120.770,1,1,131,131
83,decode,pi: am.build.qsl_h2d,34.610,34.610,34.610,1,3120.770,1,1,131,131
83,decode,pi: am.build.tolist,9.160,9.160,9.160,1,3120.770,1,1,131,131
83,decode,pi: am.build.fia_pad,1.860,1.860,1.860,1,3120.770,1,1,131,131
83,decode,pi: am.build.backend_metadata,15.140,15.140,15.140,1,3120.770,1,1,131,131
83,decode,pi: am.build.metadata_ctor,6.470,6.470,6.470,1,3120.770,1,1,131,131
83,decode,pi: am.builder_build@AscendAttentionMetadataBuilder,36.880,123.710,123.710,1,3120.770,1,1,131,131
83,decode,pi: am.builder_build,20.790,1043.870,318.480,4,3120.770,1,1,131,131
83,decode,pi: am.layer_assign,7.750,7.750,2.350,4,3120.770,1,1,131,131
83,decode,pi: am.group_loop,91.290,1142.910,343.580,4,3120.770,1,1,131,131
83,decode,pi: am.builder_build@AscendGDNAttentionMetadataBuilder,899.370,899.370,312.740,3,3120.770,1,1,131,131
83,decode,pi: build_attention_metadata,282.580,1536.140,1536.140,1,3120.770,1,1,131,131
83,decode,pi: sanitize_placeholder_ids,1.080,1.080,1.080,1,3120.770,1,1,131,131
83,decode,pi: sync_input_prep,104.500,2862.380,2862.380,1,3120.770,1,1,131,131
83,decode,pi: TOTAL,3120.770,3120.770,3120.770,1,3120.770,1,1,131,131
84,decode,pi: update_states,100.480,100.480,100.480,1,3093.110,1,1,131,131
84,decode,pi: tokens_list,1.030,1.030,1.030,1,3093.110,1,1,131,131
84,decode,pi: phase_classify,53.720,53.720,53.720,1,3093.110,1,1,131,131
84,decode,pi: in.block_table_commit,82.860,82.860,82.860,1,3093.110,1,1,131,131
84,decode,pi: in.req_indices,9.340,9.340,9.340,1,3093.110,1,1,131,131
84,decode,pi: in.attn_state,28.700,28.700,28.700,1,3093.110,1,1,131,131
84,decode,pi: in.positions,24.360,24.360,24.360,1,3093.110,1,1,131,131
84,decode,pi: in.prev_positions,30.280,30.280,30.280,1,3093.110,1,1,131,131
84,decode,pi: in.token_indices_select,25.870,25.870,25.870,1,3093.110,1,1,131,131
84,decode,pi: in.query_start_loc,28.080,28.080,28.080,1,3093.110,1,1,131,131
84,decode,pi: in.optimistic_seq_lens,49.220,49.220,49.220,1,3093.110,1,1,131,131
84,decode,pi: in.prepare_input_ids,64.600,64.600,64.600,1,3093.110,1,1,131,131
84,decode,pi: in.mrope_positions,40.100,40.100,40.100,1,3093.110,1,1,131,131
84,decode,pi: in.discard_mask,58.330,58.330,58.330,1,3093.110,1,1,131,131
84,decode,pi: in.num_accepted_tokens,13.830,13.830,13.830,1,3093.110,1,1,131,131
84,decode,pi: in.num_computed_tokens,17.970,17.970,17.970,1,3093.110,1,1,131,131
84,decode,pi: in.tokens_to_gpu,62.920,62.920,62.920,1,3093.110,1,1,131,131
84,decode,pi: in.positions_assembly,111.490,111.490,111.490,1,3093.110,1,1,131,131
84,decode,pi: in.seq_lens,55.180,55.180,55.180,1,3093.110,1,1,131,131
84,decode,pi: in.slot_mapping,137.210,137.210,137.210,1,3093.110,1,1,131,131
84,decode,pi: in.mrope_drift,0.670,0.670,0.670,1,3093.110,1,1,131,131
84,decode,pi: in.logits_indices,40.130,40.130,37.670,2,3093.110,1,1,131,131
84,decode,pi: prepare_inputs,97.160,978.300,978.300,1,3093.110,1,1,131,131
84,decode,pi: cascade_attn_prefix_lens,10.620,10.620,10.620,1,3093.110,1,1,131,131
84,decode,pi: batch_exec_and_padding,51.590,51.590,51.590,1,3093.110,1,1,131,131
84,decode,pi: ubatch_slices,1.550,1.550,1.550,1,3093.110,1,1,131,131
84,decode,pi: pad_query_start_loc,29.060,29.060,29.060,1,3093.110,1,1,131,131
84,decode,pi: am.max_seq_len,17.970,17.970,17.970,1,3093.110,1,1,131,131
84,decode,pi: am.cm_base_pre,75.840,75.840,75.840,1,3093.110,1,1,131,131
84,decode,pi: am.build.split_decodes,9.680,9.680,9.680,1,3093.110,1,1,131,131
84,decode,pi: am.build.seq_lens_select,8.580,8.580,8.580,1,3093.110,1,1,131,131
84,decode,pi: am.build.attn_mask,1.170,1.170,1.170,1,3093.110,1,1,131,131
84,decode,pi: am.build.qsl_h2d,32.080,32.080,32.080,1,3093.110,1,1,131,131
84,decode,pi: am.build.tolist,9.610,9.610,9.610,1,3093.110,1,1,131,131
84,decode,pi: am.build.fia_pad,2.070,2.070,2.070,1,3093.110,1,1,131,131
84,decode,pi: am.build.backend_metadata,15.310,15.310,15.310,1,3093.110,1,1,131,131
84,decode,pi: am.build.metadata_ctor,6.220,6.220,6.220,1,3093.110,1,1,131,131
84,decode,pi: am.builder_build@AscendAttentionMetadataBuilder,36.570,121.290,121.290,1,3093.110,1,1,131,131
84,decode,pi: am.builder_build,20.400,1037.130,320.950,4,3093.110,1,1,131,131
84,decode,pi: am.layer_assign,7.500,7.500,2.170,4,3093.110,1,1,131,131
84,decode,pi: am.group_loop,89.160,1133.790,345.780,4,3093.110,1,1,131,131
84,decode,pi: am.builder_build@AscendGDNAttentionMetadataBuilder,895.440,895.440,315.470,3,3093.110,1,1,131,131
84,decode,pi: build_attention_metadata,281.010,1508.610,1508.610,1,3093.110,1,1,131,131
84,decode,pi: sanitize_placeholder_ids,1.100,1.100,1.100,1,3093.110,1,1,131,131
84,decode,pi: sync_input_prep,104.710,2840.770,2840.770,1,3093.110,1,1,131,131
84,decode,pi: TOTAL,3093.110,3093.110,3093.110,1,3093.110,1,1,131,131
85,decode,pi: update_states,101.790,101.790,101.790,1,3116.000,1,1,131,131
85,decode,pi: tokens_list,1.030,1.030,1.030,1,3116.000,1,1,131,131
85,decode,pi: phase_classify,53.410,53.410,53.410,1,3116.000,1,1,131,131
85,decode,pi: in.block_table_commit,82.720,82.720,82.720,1,3116.000,1,1,131,131
85,decode,pi: in.req_indices,9.360,9.360,9.360,1,3116.000,1,1,131,131
85,decode,pi: in.attn_state,27.470,27.470,27.470,1,3116.000,1,1,131,131
85,decode,pi: in.positions,24.860,24.860,24.860,1,3116.000,1,1,131,131
85,decode,pi: in.prev_positions,30.860,30.860,30.860,1,3116.000,1,1,131,131
85,decode,pi: in.token_indices_select,25.670,25.670,25.670,1,3116.000,1,1,131,131
85,decode,pi: in.query_start_loc,26.980,26.980,26.980,1,3116.000,1,1,131,131
85,decode,pi: in.optimistic_seq_lens,49.630,49.630,49.630,1,3116.000,1,1,131,131
85,decode,pi: in.prepare_input_ids,66.220,66.220,66.220,1,3116.000,1,1,131,131
85,decode,pi: in.mrope_positions,39.900,39.900,39.900,1,3116.000,1,1,131,131
85,decode,pi: in.discard_mask,56.890,56.890,56.890,1,3116.000,1,1,131,131
85,decode,pi: in.num_accepted_tokens,14.390,14.390,14.390,1,3116.000,1,1,131,131
85,decode,pi: in.num_computed_tokens,18.250,18.250,18.250,1,3116.000,1,1,131,131
85,decode,pi: in.tokens_to_gpu,57.360,57.360,57.360,1,3116.000,1,1,131,131
85,decode,pi: in.positions_assembly,109.630,109.630,109.630,1,3116.000,1,1,131,131
85,decode,pi: in.seq_lens,55.630,55.630,55.630,1,3116.000,1,1,131,131
85,decode,pi: in.slot_mapping,138.660,138.660,138.660,1,3116.000,1,1,131,131
85,decode,pi: in.mrope_drift,0.650,0.650,0.650,1,3116.000,1,1,131,131
85,decode,pi: in.logits_indices,40.490,40.490,37.780,2,3116.000,1,1,131,131
85,decode,pi: prepare_inputs,94.940,970.560,970.560,1,3116.000,1,1,131,131
85,decode,pi: cascade_attn_prefix_lens,10.830,10.830,10.830,1,3116.000,1,1,131,131
85,decode,pi: batch_exec_and_padding,50.730,50.730,50.730,1,3116.000,1,1,131,131
85,decode,pi: ubatch_slices,1.560,1.560,1.560,1,3116.000,1,1,131,131
85,decode,pi: pad_query_start_loc,28.460,28.460,28.460,1,3116.000,1,1,131,131
85,decode,pi: am.max_seq_len,18.480,18.480,18.480,1,3116.000,1,1,131,131
85,decode,pi: am.cm_base_pre,74.430,74.430,74.430,1,3116.000,1,1,131,131
85,decode,pi: am.build.split_decodes,9.300,9.300,9.300,1,3116.000,1,1,131,131
85,decode,pi: am.build.seq_lens_select,8.570,8.570,8.570,1,3116.000,1,1,131,131
85,decode,pi: am.build.attn_mask,1.370,1.370,1.370,1,3116.000,1,1,131,131
85,decode,pi: am.build.qsl_h2d,32.830,32.830,32.830,1,3116.000,1,1,131,131
85,decode,pi: am.build.tolist,8.930,8.930,8.930,1,3116.000,1,1,131,131
85,decode,pi: am.build.fia_pad,1.860,1.860,1.860,1,3116.000,1,1,131,131
85,decode,pi: am.build.backend_metadata,15.010,15.010,15.010,1,3116.000,1,1,131,131
85,decode,pi: am.build.metadata_ctor,6.750,6.750,6.750,1,3116.000,1,1,131,131
85,decode,pi: am.builder_build@AscendAttentionMetadataBuilder,36.720,121.340,121.340,1,3116.000,1,1,131,131
85,decode,pi: am.builder_build,20.410,1063.080,323.300,4,3116.000,1,1,131,131
85,decode,pi: am.layer_assign,7.660,7.660,2.270,4,3116.000,1,1,131,131
85,decode,pi: am.group_loop,90.780,1161.520,348.470,4,3116.000,1,1,131,131
85,decode,pi: am.builder_build@AscendGDNAttentionMetadataBuilder,921.330,921.330,317.550,3,3116.000,1,1,131,131
85,decode,pi: build_attention_metadata,280.910,1535.340,1535.340,1,3116.000,1,1,131,131
85,decode,pi: sanitize_placeholder_ids,0.970,0.970,0.970,1,3116.000,1,1,131,131
85,decode,pi: sync_input_prep,104.210,2858.890,2858.890,1,3116.000,1,1,131,131
85,decode,pi: TOTAL,3116.000,3116.000,3116.000,1,3116.000,1,1,131,131
86,decode,pi: update_states,102.280,102.280,102.280,1,3109.790,1,1,131,131
86,decode,pi: tokens_list,1.020,1.020,1.020,1,3109.790,1,1,131,131
86,decode,pi: phase_classify,53.690,53.690,53.690,1,3109.790,1,1,131,131
86,decode,pi: in.block_table_commit,82.940,82.940,82.940,1,3109.790,1,1,131,131
86,decode,pi: in.req_indices,9.650,9.650,9.650,1,3109.790,1,1,131,131
86,decode,pi: in.attn_state,27.970,27.970,27.970,1,3109.790,1,1,131,131
86,decode,pi: in.positions,24.580,24.580,24.580,1,3109.790,1,1,131,131
86,decode,pi: in.prev_positions,30.230,30.230,30.230,1,3109.790,1,1,131,131
86,decode,pi: in.token_indices_select,25.590,25.590,25.590,1,3109.790,1,1,131,131
86,decode,pi: in.query_start_loc,27.190,27.190,27.190,1,3109.790,1,1,131,131
86,decode,pi: in.optimistic_seq_lens,49.240,49.240,49.240,1,3109.790,1,1,131,131
86,decode,pi: in.prepare_input_ids,65.370,65.370,65.370,1,3109.790,1,1,131,131
86,decode,pi: in.mrope_positions,39.620,39.620,39.620,1,3109.790,1,1,131,131
86,decode,pi: in.discard_mask,58.090,58.090,58.090,1,3109.790,1,1,131,131
86,decode,pi: in.num_accepted_tokens,14.460,14.460,14.460,1,3109.790,1,1,131,131
86,decode,pi: in.num_computed_tokens,18.280,18.280,18.280,1,3109.790,1,1,131,131
86,decode,pi: in.tokens_to_gpu,58.000,58.000,58.000,1,3109.790,1,1,131,131
86,decode,pi: in.positions_assembly,110.430,110.430,110.430,1,3109.790,1,1,131,131
86,decode,pi: in.seq_lens,56.570,56.570,56.570,1,3109.790,1,1,131,131
86,decode,pi: in.slot_mapping,136.780,136.780,136.780,1,3109.790,1,1,131,131
86,decode,pi: in.mrope_drift,1.610,1.610,1.610,1,3109.790,1,1,131,131
86,decode,pi: in.logits_indices,43.530,43.530,40.980,2,3109.790,1,1,131,131
86,decode,pi: prepare_inputs,112.360,992.490,992.490,1,3109.790,1,1,131,131
86,decode,pi: cascade_attn_prefix_lens,10.720,10.720,10.720,1,3109.790,1,1,131,131
86,decode,pi: batch_exec_and_padding,51.620,51.620,51.620,1,3109.790,1,1,131,131
86,decode,pi: ubatch_slices,1.590,1.590,1.590,1,3109.790,1,1,131,131
86,decode,pi: pad_query_start_loc,29.950,29.950,29.950,1,3109.790,1,1,131,131
86,decode,pi: am.max_seq_len,18.010,18.010,18.010,1,3109.790,1,1,131,131
86,decode,pi: am.cm_base_pre,74.150,74.150,74.150,1,3109.790,1,1,131,131
86,decode,pi: am.build.split_decodes,9.630,9.630,9.630,1,3109.790,1,1,131,131
86,decode,pi: am.build.seq_lens_select,8.630,8.630,8.630,1,3109.790,1,1,131,131
86,decode,pi: am.build.attn_mask,1.220,1.220,1.220,1,3109.790,1,1,131,131
86,decode,pi: am.build.qsl_h2d,32.670,32.670,32.670,1,3109.790,1,1,131,131
86,decode,pi: am.build.tolist,9.060,9.060,9.060,1,3109.790,1,1,131,131
86,decode,pi: am.build.fia_pad,1.710,1.710,1.710,1,3109.790,1,1,131,131
86,decode,pi: am.build.backend_metadata,14.570,14.570,14.570,1,3109.790,1,1,131,131
86,decode,pi: am.build.metadata_ctor,6.630,6.630,6.630,1,3109.790,1,1,131,131
86,decode,pi: am.builder_build@AscendAttentionMetadataBuilder,36.130,120.250,120.250,1,3109.790,1,1,131,131
86,decode,pi: am.builder_build,20.570,1032.990,317.390,4,3109.790,1,1,131,131
86,decode,pi: am.layer_assign,7.840,7.840,2.230,4,3109.790,1,1,131,131
86,decode,pi: am.group_loop,90.120,1130.950,343.100,4,3109.790,1,1,131,131
86,decode,pi: am.builder_build@AscendGDNAttentionMetadataBuilder,892.170,892.170,311.710,3,3109.790,1,1,131,131
86,decode,pi: build_attention_metadata,278.970,1502.080,1502.080,1,3109.790,1,1,131,131
86,decode,pi: sanitize_placeholder_ids,1.050,1.050,1.050,1,3109.790,1,1,131,131
86,decode,pi: sync_input_prep,104.650,2851.140,2851.140,1,3109.790,1,1,131,131
86,decode,pi: TOTAL,3109.790,3109.790,3109.790,1,3109.790,1,1,131,131
87,decode,pi: update_states,101.480,101.480,101.480,1,3080.380,1,1,131,131
87,decode,pi: tokens_list,0.970,0.970,0.970,1,3080.380,1,1,131,131
87,decode,pi: phase_classify,53.450,53.450,53.450,1,3080.380,1,1,131,131
87,decode,pi: in.block_table_commit,81.470,81.470,81.470,1,3080.380,1,1,131,131
87,decode,pi: in.req_indices,9.740,9.740,9.740,1,3080.380,1,1,131,131
87,decode,pi: in.attn_state,27.670,27.670,27.670,1,3080.380,1,1,131,131
87,decode,pi: in.positions,25.120,25.120,25.120,1,3080.380,1,1,131,131
87,decode,pi: in.prev_positions,30.670,30.670,30.670,1,3080.380,1,1,131,131
87,decode,pi: in.token_indices_select,25.750,25.750,25.750,1,3080.380,1,1,131,131
87,decode,pi: in.query_start_loc,27.570,27.570,27.570,1,3080.380,1,1,131,131
87,decode,pi: in.optimistic_seq_lens,48.690,48.690,48.690,1,3080.380,1,1,131,131
87,decode,pi: in.prepare_input_ids,65.300,65.300,65.300,1,3080.380,1,1,131,131
87,decode,pi: in.mrope_positions,39.660,39.660,39.660,1,3080.380,1,1,131,131
87,decode,pi: in.discard_mask,57.580,57.580,57.580,1,3080.380,1,1,131,131
87,decode,pi: in.num_accepted_tokens,14.490,14.490,14.490,1,3080.380,1,1,131,131
87,decode,pi: in.num_computed_tokens,17.700,17.700,17.700,1,3080.380,1,1,131,131
87,decode,pi: in.tokens_to_gpu,56.270,56.270,56.270,1,3080.380,1,1,131,131
87,decode,pi: in.positions_assembly,110.250,110.250,110.250,1,3080.380,1,1,131,131
87,decode,pi: in.seq_lens,55.230,55.230,55.230,1,3080.380,1,1,131,131
87,decode,pi: in.slot_mapping,137.200,137.200,137.200,1,3080.380,1,1,131,131
87,decode,pi: in.mrope_drift,0.670,0.670,0.670,1,3080.380,1,1,131,131
87,decode,pi: in.logits_indices,39.450,39.450,36.730,2,3080.380,1,1,131,131
87,decode,pi: prepare_inputs,94.710,965.190,965.190,1,3080.380,1,1,131,131
87,decode,pi: cascade_attn_prefix_lens,11.050,11.050,11.050,1,3080.380,1,1,131,131
87,decode,pi: batch_exec_and_padding,51.720,51.720,51.720,1,3080.380,1,1,131,131
87,decode,pi: ubatch_slices,1.500,1.500,1.500,1,3080.380,1,1,131,131
87,decode,pi: pad_query_start_loc,29.580,29.580,29.580,1,3080.380,1,1,131,131
87,decode,pi: am.max_seq_len,18.460,18.460,18.460,1,3080.380,1,1,131,131
87,decode,pi: am.cm_base_pre,73.400,73.400,73.400,1,3080.380,1,1,131,131
87,decode,pi: am.build.split_decodes,9.590,9.590,9.590,1,3080.380,1,1,131,131
87,decode,pi: am.build.seq_lens_select,8.560,8.560,8.560,1,3080.380,1,1,131,131
87,decode,pi: am.build.attn_mask,1.200,1.200,1.200,1,3080.380,1,1,131,131
87,decode,pi: am.build.qsl_h2d,33.080,33.080,33.080,1,3080.380,1,1,131,131
87,decode,pi: am.build.tolist,9.280,9.280,9.280,1,3080.380,1,1,131,131
87,decode,pi: am.build.fia_pad,1.770,1.770,1.770,1,3080.380,1,1,131,131
87,decode,pi: am.build.backend_metadata,14.640,14.640,14.640,1,3080.380,1,1,131,131
87,decode,pi: am.build.metadata_ctor,6.520,6.520,6.520,1,3080.380,1,1,131,131
87,decode,pi: am.builder_build@AscendAttentionMetadataBuilder,36.940,121.580,121.580,1,3080.380,1,1,131,131
87,decode,pi: am.builder_build,20.610,1039.890,320.970,4,3080.380,1,1,131,131
87,decode,pi: am.layer_assign,7.460,7.460,2.120,4,3080.380,1,1,131,131
87,decode,pi: am.group_loop,90.770,1138.120,345.220,4,3080.380,1,1,131,131
87,decode,pi: am.builder_build@AscendGDNAttentionMetadataBuilder,897.700,897.700,315.410,3,3080.380,1,1,131,131
87,decode,pi: build_attention_metadata,277.430,1507.410,1507.410,1,3080.380,1,1,131,131
87,decode,pi: sanitize_placeholder_ids,1.210,1.210,1.210,1,3080.380,1,1,131,131
87,decode,pi: sync_input_prep,104.140,2827.700,2827.700,1,3080.380,1,1,131,131
87,decode,pi: TOTAL,3080.380,3080.380,3080.380,1,3080.380,1,1,131,131
88,decode,pi: update_states,101.940,101.940,101.940,1,3126.580,1,1,131,131
88,decode,pi: tokens_list,1.070,1.070,1.070,1,3126.580,1,1,131,131
88,decode,pi: phase_classify,53.230,53.230,53.230,1,3126.580,1,1,131,131
88,decode,pi: in.block_table_commit,84.240,84.240,84.240,1,3126.580,1,1,131,131
88,decode,pi: in.req_indices,9.740,9.740,9.740,1,3126.580,1,1,131,131
88,decode,pi: in.attn_state,28.060,28.060,28.060,1,3126.580,1,1,131,131
88,decode,pi: in.positions,24.960,24.960,24.960,1,3126.580,1,1,131,131
88,decode,pi: in.prev_positions,30.360,30.360,30.360,1,3126.580,1,1,131,131
88,decode,pi: in.token_indices_select,25.760,25.760,25.760,1,3126.580,1,1,131,131
88,decode,pi: in.query_start_loc,27.380,27.380,27.380,1,3126.580,1,1,131,131
88,decode,pi: in.optimistic_seq_lens,49.070,49.070,49.070,1,3126.580,1,1,131,131
88,decode,pi: in.prepare_input_ids,65.960,65.960,65.960,1,3126.580,1,1,131,131
88,decode,pi: in.mrope_positions,39.810,39.810,39.810,1,3126.580,1,1,131,131
88,decode,pi: in.discard_mask,57.700,57.700,57.700,1,3126.580,1,1,131,131
88,decode,pi: in.num_accepted_tokens,14.670,14.670,14.670,1,3126.580,1,1,131,131
88,decode,pi: in.num_computed_tokens,17.820,17.820,17.820,1,3126.580,1,1,131,131
88,decode,pi: in.tokens_to_gpu,57.010,57.010,57.010,1,3126.580,1,1,131,131
88,decode,pi: in.positions_assembly,110.700,110.700,110.700,1,3126.580,1,1,131,131
88,decode,pi: in.seq_lens,56.740,56.740,56.740,1,3126.580,1,1,131,131
88,decode,pi: in.slot_mapping,136.400,136.400,136.400,1,3126.580,1,1,131,131
88,decode,pi: in.mrope_drift,0.710,0.710,0.710,1,3126.580,1,1,131,131
88,decode,pi: in.logits_indices,39.810,39.810,37.370,2,3126.580,1,1,131,131
88,decode,pi: prepare_inputs,95.300,972.200,972.200,1,3126.580,1,1,131,131
88,decode,pi: cascade_attn_prefix_lens,10.970,10.970,10.970,1,3126.580,1,1,131,131
88,decode,pi: batch_exec_and_padding,51.490,51.490,51.490,1,3126.580,1,1,131,131
88,decode,pi: ubatch_slices,1.430,1.430,1.430,1,3126.580,1,1,131,131
88,decode,pi: pad_query_start_loc,28.310,28.310,28.310,1,3126.580,1,1,131,131
88,decode,pi: am.max_seq_len,17.710,17.710,17.710,1,3126.580,1,1,131,131
88,decode,pi: am.cm_base_pre,75.350,75.350,75.350,1,3126.580,1,1,131,131
88,decode,pi: am.build.split_decodes,9.220,9.220,9.220,1,3126.580,1,1,131,131
88,decode,pi: am.build.seq_lens_select,8.930,8.930,8.930,1,3126.580,1,1,131,131
88,decode,pi: am.build.attn_mask,1.240,1.240,1.240,1,3126.580,1,1,131,131
88,decode,pi: am.build.qsl_h2d,33.460,33.460,33.460,1,3126.580,1,1,131,131
88,decode,pi: am.build.tolist,9.120,9.120,9.120,1,3126.580,1,1,131,131
88,decode,pi: am.build.fia_pad,1.630,1.630,1.630,1,3126.580,1,1,131,131
88,decode,pi: am.build.backend_metadata,15.230,15.230,15.230,1,3126.580,1,1,131,131
88,decode,pi: am.build.metadata_ctor,6.750,6.750,6.750,1,3126.580,1,1,131,131
88,decode,pi: am.builder_build@AscendAttentionMetadataBuilder,36.290,121.870,121.870,1,3126.580,1,1,131,131
88,decode,pi: am.builder_build,20.700,1064.790,321.300,4,3126.580,1,1,131,131
88,decode,pi: am.layer_assign,7.910,7.910,2.350,4,3126.580,1,1,131,131
88,decode,pi: am.group_loop,90.710,1163.410,346.450,4,3126.580,1,1,131,131
88,decode,pi: am.builder_build@AscendGDNAttentionMetadataBuilder,922.220,922.220,315.190,3,3126.580,1,1,131,131
88,decode,pi: build_attention_metadata,284.980,1541.450,1541.450,1,3126.580,1,1,131,131
88,decode,pi: sanitize_placeholder_ids,1.010,1.010,1.010,1,3126.580,1,1,131,131
88,decode,pi: sync_input_prep,105.130,2868.230,2868.230,1,3126.580,1,1,131,131
88,decode,pi: TOTAL,3126.580,3126.580,3126.580,1,3126.580,1,1,131,131
89,decode,pi: update_states,100.610,100.610,100.610,1,3121.870,1,1,131,131
89,decode,pi: tokens_list,1.050,1.050,1.050,1,3121.870,1,1,131,131
89,decode,pi: phase_classify,53.330,53.330,53.330,1,3121.870,1,1,131,131
89,decode,pi: in.block_table_commit,82.180,82.180,82.180,1,3121.870,1,1,131,131
89,decode,pi: in.req_indices,9.800,9.800,9.800,1,3121.870,1,1,131,131
89,decode,pi: in.attn_state,28.420,28.420,28.420,1,3121.870,1,1,131,131
89,decode,pi: in.positions,25.190,25.190,25.190,1,3121.870,1,1,131,131
89,decode,pi: in.prev_positions,30.740,30.740,30.740,1,3121.870,1,1,131,131
89,decode,pi: in.token_indices_select,25.650,25.650,25.650,1,3121.870,1,1,131,131
89,decode,pi: in.query_start_loc,26.800,26.800,26.800,1,3121.870,1,1,131,131
89,decode,pi: in.optimistic_seq_lens,49.500,49.500,49.500,1,3121.870,1,1,131,131
89,decode,pi: in.prepare_input_ids,65.380,65.380,65.380,1,3121.870,1,1,131,131
89,decode,pi: in.mrope_positions,39.640,39.640,39.640,1,3121.870,1,1,131,131
89,decode,pi: in.discard_mask,57.320,57.320,57.320,1,3121.870,1,1,131,131
89,decode,pi: in.num_accepted_tokens,14.370,14.370,14.370,1,3121.870,1,1,131,131
89,decode,pi: in.num_computed_tokens,18.100,18.100,18.100,1,3121.870,1,1,131,131
89,decode,pi: in.tokens_to_gpu,57.420,57.420,57.420,1,3121.870,1,1,131,131
89,decode,pi: in.positions_assembly,125.990,125.990,125.990,1,3121.870,1,1,131,131
89,decode,pi: in.seq_lens,59.430,59.430,59.430,1,3121.870,1,1,131,131
89,decode,pi: in.slot_mapping,138.070,138.070,138.070,1,3121.870,1,1,131,131
89,decode,pi: in.mrope_drift,0.670,0.670,0.670,1,3121.870,1,1,131,131
89,decode,pi: in.logits_indices,39.790,39.790,37.100,2,3121.870,1,1,131,131
89,decode,pi: prepare_inputs,96.470,990.930,990.930,1,3121.870,1,1,131,131
89,decode,pi: cascade_attn_prefix_lens,10.380,10.380,10.380,1,3121.870,1,1,131,131
89,decode,pi: batch_exec_and_padding,51.640,51.640,51.640,1,3121.870,1,1,131,131
89,decode,pi: ubatch_slices,1.470,1.470,1.470,1,3121.870,1,1,131,131
89,decode,pi: pad_query_start_loc,28.630,28.630,28.630,1,3121.870,1,1,131,131
89,decode,pi: am.max_seq_len,17.720,17.720,17.720,1,3121.870,1,1,131,131
89,decode,pi: am.cm_base_pre,74.330,74.330,74.330,1,3121.870,1,1,131,131
89,decode,pi: am.build.split_decodes,9.420,9.420,9.420,1,3121.870,1,1,131,131
89,decode,pi: am.build.seq_lens_select,8.690,8.690,8.690,1,3121.870,1,1,131,131
89,decode,pi: am.build.attn_mask,1.270,1.270,1.270,1,3121.870,1,1,131,131
89,decode,pi: am.build.qsl_h2d,31.750,31.750,31.750,1,3121.870,1,1,131,131
89,decode,pi: am.build.tolist,8.810,8.810,8.810,1,3121.870,1,1,131,131
89,decode,pi: am.build.fia_pad,1.860,1.860,1.860,1,3121.870,1,1,131,131
89,decode,pi: am.build.backend_metadata,14.880,14.880,14.880,1,3121.870,1,1,131,131
89,decode,pi: am.build.metadata_ctor,6.450,6.450,6.450,1,3121.870,1,1,131,131
89,decode,pi: am.builder_build@AscendAttentionMetadataBuilder,36.180,119.310,119.310,1,3121.870,1,1,131,131
89,decode,pi: am.builder_build,20.870,1052.310,322.010,4,3121.870,1,1,131,131
89,decode,pi: am.layer_assign,7.810,7.810,2.450,4,3121.870,1,1,131,131
89,decode,pi: am.group_loop,89.930,1150.050,346.070,4,3121.870,1,1,131,131
89,decode,pi: am.builder_build@AscendGDNAttentionMetadataBuilder,912.130,912.130,316.270,3,3121.870,1,1,131,131
89,decode,pi: build_attention_metadata,278.790,1520.890,1520.890,1,3121.870,1,1,131,131
89,decode,pi: sanitize_placeholder_ids,1.110,1.110,1.110,1,3121.870,1,1,131,131
89,decode,pi: sync_input_prep,104.720,2864.760,2864.760,1,3121.870,1,1,131,131
89,decode,pi: TOTAL,3121.870,3121.870,3121.870,1,3121.870,1,1,131,131
90,decode,pi: update_states,102.490,102.490,102.490,1,3076.970,1,1,131,131
90,decode,pi: tokens_list,1.050,1.050,1.050,1,3076.970,1,1,131,131
90,decode,pi: phase_classify,54.130,54.130,54.130,1,3076.970,1,1,131,131
90,decode,pi: in.block_table_commit,84.820,84.820,84.820,1,3076.970,1,1,131,131
90,decode,pi: in.req_indices,9.890,9.890,9.890,1,3076.970,1,1,131,131
90,decode,pi: in.attn_state,27.930,27.930,27.930,1,3076.970,1,1,131,131
90,decode,pi: in.positions,24.930,24.930,24.930,1,3076.970,1,1,131,131
90,decode,pi: in.prev_positions,30.910,30.910,30.910,1,3076.970,1,1,131,131
90,decode,pi: in.token_indices_select,25.550,25.550,25.550,1,3076.970,1,1,131,131
90,decode,pi: in.query_start_loc,27.160,27.160,27.160,1,3076.970,1,1,131,131
90,decode,pi: in.optimistic_seq_lens,50.350,50.350,50.350,1,3076.970,1,1,131,131
90,decode,pi: in.prepare_input_ids,65.540,65.540,65.540,1,3076.970,1,1,131,131
90,decode,pi: in.mrope_positions,39.170,39.170,39.170,1,3076.970,1,1,131,131
90,decode,pi: in.discard_mask,57.400,57.400,57.400,1,3076.970,1,1,131,131
90,decode,pi: in.num_accepted_tokens,14.180,14.180,14.180,1,3076.970,1,1,131,131
90,decode,pi: in.num_computed_tokens,17.700,17.700,17.700,1,3076.970,1,1,131,131
90,decode,pi: in.tokens_to_gpu,58.060,58.060,58.060,1,3076.970,1,1,131,131
90,decode,pi: in.positions_assembly,109.660,109.660,109.660,1,3076.970,1,1,131,131
90,decode,pi: in.seq_lens,55.240,55.240,55.240,1,3076.970,1,1,131,131
90,decode,pi: in.slot_mapping,138.040,138.040,138.040,1,3076.970,1,1,131,131
90,decode,pi: in.mrope_drift,0.650,0.650,0.650,1,3076.970,1,1,131,131
90,decode,pi: in.logits_indices,39.320,39.320,36.910,2,3076.970,1,1,131,131
90,decode,pi: prepare_inputs,94.240,970.740,970.740,1,3076.970,1,1,131,131
90,decode,pi: cascade_attn_prefix_lens,10.770,10.770,10.770,1,3076.970,1,1,131,131
90,decode,pi: batch_exec_and_padding,50.550,50.550,50.550,1,3076.970,1,1,131,131
90,decode,pi: ubatch_slices,1.560,1.560,1.560,1,3076.970,1,1,131,131
90,decode,pi: pad_query_start_loc,28.690,28.690,28.690,1,3076.970,1,1,131,131
90,decode,pi: am.max_seq_len,17.430,17.430,17.430,1,3076.970,1,1,131,131
90,decode,pi: am.cm_base_pre,73.960,73.960,73.960,1,3076.970,1,1,131,131
90,decode,pi: am.build.split_decodes,9.560,9.560,9.560,1,3076.970,1,1,131,131
90,decode,pi: am.build.seq_lens_select,8.460,8.460,8.460,1,3076.970,1,1,131,131
90,decode,pi: am.build.attn_mask,1.210,1.210,1.210,1,3076.970,1,1,131,131
90,decode,pi: am.build.qsl_h2d,32.600,32.600,32.600,1,3076.970,1,1,131,131
90,decode,pi: am.build.tolist,9.660,9.660,9.660,1,3076.970,1,1,131,131
90,decode,pi: am.build.fia_pad,1.650,1.650,1.650,1,3076.970,1,1,131,131
90,decode,pi: am.build.backend_metadata,15.300,15.300,15.300,1,3076.970,1,1,131,131
90,decode,pi: am.build.metadata_ctor,6.600,6.600,6.600,1,3076.970,1,1,131,131
90,decode,pi: am.builder_build@AscendAttentionMetadataBuilder,36.390,121.430,121.430,1,3076.970,1,1,131,131
90,decode,pi: am.builder_build,20.230,1032.290,318.310,4,3076.970,1,1,131,131
90,decode,pi: am.layer_assign,7.550,7.550,2.140,4,3076.970,1,1,131,131
90,decode,pi: am.group_loop,89.270,1129.110,342.970,4,3076.970,1,1,131,131
90,decode,pi: am.builder_build@AscendGDNAttentionMetadataBuilder,890.630,890.630,312.690,3,3076.970,1,1,131,131
90,decode,pi: build_attention_metadata,281.510,1502.010,1502.010,1,3076.970,1,1,131,131
90,decode,pi: sanitize_placeholder_ids,1.040,1.040,1.040,1,3076.970,1,1,131,131
90,decode,pi: sync_input_prep,103.530,2826.560,2826.560,1,3076.970,1,1,131,131
90,decode,pi: TOTAL,3076.970,3076.970,3076.970,1,3076.970,1,1,131,131
91,decode,pi: update_states,100.350,100.350,100.350,1,3140.700,1,1,131,131
91,decode,pi: tokens_list,1.080,1.080,1.080,1,3140.700,1,1,131,131
91,decode,pi: phase_classify,53.780,53.780,53.780,1,3140.700,1,1,131,131
91,decode,pi: in.block_table_commit,83.660,83.660,83.660,1,3140.700,1,1,131,131
91,decode,pi: in.req_indices,10.030,10.030,10.030,1,3140.700,1,1,131,131
91,decode,pi: in.attn_state,28.310,28.310,28.310,1,3140.700,1,1,131,131
91,decode,pi: in.positions,25.100,25.100,25.100,1,3140.700,1,1,131,131
91,decode,pi: in.prev_positions,30.540,30.540,30.540,1,3140.700,1,1,131,131
91,decode,pi: in.token_indices_select,25.540,25.540,25.540,1,3140.700,1,1,131,131
91,decode,pi: in.query_start_loc,27.450,27.450,27.450,1,3140.700,1,1,131,131
91,decode,pi: in.optimistic_seq_lens,48.830,48.830,48.830,1,3140.700,1,1,131,131
91,decode,pi: in.prepare_input_ids,65.230,65.230,65.230,1,3140.700,1,1,131,131
91,decode,pi: in.mrope_positions,39.670,39.670,39.670,1,3140.700,1,1,131,131
91,decode,pi: in.discard_mask,57.590,57.590,57.590,1,3140.700,1,1,131,131
91,decode,pi: in.num_accepted_tokens,14.480,14.480,14.480,1,3140.700,1,1,131,131
91,decode,pi: in.num_computed_tokens,18.080,18.080,18.080,1,3140.700,1,1,131,131
91,decode,pi: in.tokens_to_gpu,57.060,57.060,57.060,1,3140.700,1,1,131,131
91,decode,pi: in.positions_assembly,108.580,108.580,108.580,1,3140.700,1,1,131,131
91,decode,pi: in.seq_lens,55.880,55.880,55.880,1,3140.700,1,1,131,131
91,decode,pi: in.slot_mapping,138.290,138.290,138.290,1,3140.700,1,1,131,131
91,decode,pi: in.mrope_drift,0.690,0.690,0.690,1,3140.700,1,1,131,131
91,decode,pi: in.logits_indices,39.590,39.590,37.140,2,3140.700,1,1,131,131
91,decode,pi: prepare_inputs,96.470,971.070,971.070,1,3140.700,1,1,131,131
91,decode,pi: cascade_attn_prefix_lens,10.940,10.940,10.940,1,3140.700,1,1,131,131
91,decode,pi: batch_exec_and_padding,51.020,51.020,51.020,1,3140.700,1,1,131,131
91,decode,pi: ubatch_slices,1.610,1.610,1.610,1,3140.700,1,1,131,131
91,decode,pi: pad_query_start_loc,28.970,28.970,28.970,1,3140.700,1,1,131,131
91,decode,pi: am.max_seq_len,18.080,18.080,18.080,1,3140.700,1,1,131,131
91,decode,pi: am.cm_base_pre,74.000,74.000,74.000,1,3140.700,1,1,131,131
91,decode,pi: am.build.split_decodes,9.670,9.670,9.670,1,3140.700,1,1,131,131
91,decode,pi: am.build.seq_lens_select,8.430,8.430,8.430,1,3140.700,1,1,131,131
91,decode,pi: am.build.attn_mask,1.300,1.300,1.300,1,3140.700,1,1,131,131
91,decode,pi: am.build.qsl_h2d,33.160,33.160,33.160,1,3140.700,1,1,131,131
91,decode,pi: am.build.tolist,9.510,9.510,9.510,1,3140.700,1,1,131,131
91,decode,pi: am.build.fia_pad,1.700,1.700,1.700,1,3140.700,1,1,131,131
91,decode,pi: am.build.backend_metadata,15.000,15.000,15.000,1,3140.700,1,1,131,131
91,decode,pi: am.build.metadata_ctor,6.390,6.390,6.390,1,3140.700,1,1,131,131
91,decode,pi: am.builder_build@AscendAttentionMetadataBuilder,36.790,121.950,121.950,1,3140.700,1,1,131,131
91,decode,pi: am.builder_build,21.040,1060.140,326.390,4,3140.700,1,1,131,131
91,decode,pi: am.layer_assign,7.580,7.580,2.160,4,3140.700,1,1,131,131
91,decode,pi: am.group_loop,91.710,1159.430,351.190,4,3140.700,1,1,131,131
91,decode,pi: am.builder_build@AscendGDNAttentionMetadataBuilder,917.150,917.150,320.680,3,3140.700,1,1,131,131
91,decode,pi: build_attention_metadata,307.530,1559.040,1559.040,1,3140.700,1,1,131,131
91,decode,pi: sanitize_placeholder_ids,1.100,1.100,1.100,1,3140.700,1,1,131,131
91,decode,pi: sync_input_prep,102.930,2881.890,2881.890,1,3140.700,1,1,131,131
91,decode,pi: TOTAL,3140.700,3140.700,3140.700,1,3140.700,1,1,131,131
92,decode,pi: update_states,101.090,101.090,101.090,1,3128.860,1,1,131,131
92,decode,pi: tokens_list,1.130,1.130,1.130,1,3128.860,1,1,131,131
92,decode,pi: phase_classify,53.690,53.690,53.690,1,3128.860,1,1,131,131
92,decode,pi: in.block_table_commit,83.670,83.670,83.670,1,3128.860,1,1,131,131
92,decode,pi: in.req_indices,9.670,9.670,9.670,1,3128.860,1,1,131,131
92,decode,pi: in.attn_state,27.670,27.670,27.670,1,3128.860,1,1,131,131
92,decode,pi: in.positions,24.730,24.730,24.730,1,3128.860,1,1,131,131
92,decode,pi: in.prev_positions,30.550,30.550,30.550,1,3128.860,1,1,131,131
92,decode,pi: in.token_indices_select,25.900,25.900,25.900,1,3128.860,1,1,131,131
92,decode,pi: in.query_start_loc,27.360,27.360,27.360,1,3128.860,1,1,131,131
92,decode,pi: in.optimistic_seq_lens,49.200,49.200,49.200,1,3128.860,1,1,131,131
92,decode,pi: in.prepare_input_ids,65.780,65.780,65.780,1,3128.860,1,1,131,131
92,decode,pi: in.mrope_positions,39.340,39.340,39.340,1,3128.860,1,1,131,131
92,decode,pi: in.discard_mask,77.500,77.500,77.500,1,3128.860,1,1,131,131
92,decode,pi: in.num_accepted_tokens,14.970,14.970,14.970,1,3128.860,1,1,131,131
92,decode,pi: in.num_computed_tokens,17.930,17.930,17.930,1,3128.860,1,1,131,131
92,decode,pi: in.tokens_to_gpu,59.830,59.830,59.830,1,3128.860,1,1,131,131
92,decode,pi: in.positions_assembly,111.330,111.330,111.330,1,3128.860,1,1,131,131
92,decode,pi: in.seq_lens,58.060,58.060,58.060,1,3128.860,1,1,131,131
92,decode,pi: in.slot_mapping,138.430,138.430,138.430,1,3128.860,1,1,131,131
92,decode,pi: in.mrope_drift,0.680,0.680,0.680,1,3128.860,1,1,131,131
92,decode,pi: in.logits_indices,40.330,40.330,37.670,2,3128.860,1,1,131,131
92,decode,pi: prepare_inputs,96.270,999.200,999.200,1,3128.860,1,1,131,131
92,decode,pi: cascade_attn_prefix_lens,10.770,10.770,10.770,1,3128.860,1,1,131,131
92,decode,pi: batch_exec_and_padding,51.290,51.290,51.290,1,3128.860,1,1,131,131
92,decode,pi: ubatch_slices,1.650,1.650,1.650,1,3128.860,1,1,131,131
92,decode,pi: pad_query_start_loc,29.410,29.410,29.410,1,3128.860,1,1,131,131
92,decode,pi: am.max_seq_len,18.390,18.390,18.390,1,3128.860,1,1,131,131
92,decode,pi: am.cm_base_pre,75.210,75.210,75.210,1,3128.860,1,1,131,131
92,decode,pi: am.build.split_decodes,9.280,9.280,9.280,1,3128.860,1,1,131,131
92,decode,pi: am.build.seq_lens_select,8.500,8.500,8.500,1,3128.860,1,1,131,131
92,decode,pi: am.build.attn_mask,1.220,1.220,1.220,1,3128.860,1,1,131,131
92,decode,pi: am.build.qsl_h2d,32.500,32.500,32.500,1,3128.860,1,1,131,131
92,decode,pi: am.build.tolist,9.270,9.270,9.270,1,3128.860,1,1,131,131
92,decode,pi: am.build.fia_pad,1.850,1.850,1.850,1,3128.860,1,1,131,131
92,decode,pi: am.build.backend_metadata,15.320,15.320,15.320,1,3128.860,1,1,131,131
92,decode,pi: am.build.metadata_ctor,6.960,6.960,6.960,1,3128.860,1,1,131,131
92,decode,pi: am.builder_build@AscendAttentionMetadataBuilder,35.730,120.630,120.630,1,3128.860,1,1,131,131
92,decode,pi: am.builder_build,20.830,1046.620,320.580,4,3128.860,1,1,131,131
92,decode,pi: am.layer_assign,7.460,7.460,2.320,4,3128.860,1,1,131,131
92,decode,pi: am.group_loop,90.340,1144.420,345.130,4,3128.860,1,1,131,131
92,decode,pi: am.builder_build@AscendGDNAttentionMetadataBuilder,905.160,905.160,314.930,3,3128.860,1,1,131,131
92,decode,pi: build_attention_metadata,280.330,1518.350,1518.350,1,3128.860,1,1,131,131
92,decode,pi: sanitize_placeholder_ids,1.010,1.010,1.010,1,3128.860,1,1,131,131
92,decode,pi: sync_input_prep,103.980,2871.570,2871.570,1,3128.860,1,1,131,131
92,decode,pi: TOTAL,3128.860,3128.860,3128.860,1,3128.860,1,1,131,131
93,decode,pi: update_states,101.410,101.410,101.410,1,3119.380,1,1,131,131
93,decode,pi: tokens_list,1.020,1.020,1.020,1,3119.380,1,1,131,131
93,decode,pi: phase_classify,54.260,54.260,54.260,1,3119.380,1,1,131,131
93,decode,pi: in.block_table_commit,83.540,83.540,83.540,1,3119.380,1,1,131,131
93,decode,pi: in.req_indices,9.640,9.640,9.640,1,3119.380,1,1,131,131
93,decode,pi: in.attn_state,27.550,27.550,27.550,1,3119.380,1,1,131,131
93,decode,pi: in.positions,25.060,25.060,25.060,1,3119.380,1,1,131,131
93,decode,pi: in.prev_positions,30.920,30.920,30.920,1,3119.380,1,1,131,131
93,decode,pi: in.token_indices_select,25.660,25.660,25.660,1,3119.380,1,1,131,131
93,decode,pi: in.query_start_loc,27.600,27.600,27.600,1,3119.380,1,1,131,131
93,decode,pi: in.optimistic_seq_lens,48.920,48.920,48.920,1,3119.380,1,1,131,131
93,decode,pi: in.prepare_input_ids,64.600,64.600,64.600,1,3119.380,1,1,131,131
93,decode,pi: in.mrope_positions,39.790,39.790,39.790,1,3119.380,1,1,131,131
93,decode,pi: in.discard_mask,57.620,57.620,57.620,1,3119.380,1,1,131,131
93,decode,pi: in.num_accepted_tokens,14.020,14.020,14.020,1,3119.380,1,1,131,131
93,decode,pi: in.num_computed_tokens,17.920,17.920,17.920,1,3119.380,1,1,131,131
93,decode,pi: in.tokens_to_gpu,58.080,58.080,58.080,1,3119.380,1,1,131,131
93,decode,pi: in.positions_assembly,111.390,111.390,111.390,1,3119.380,1,1,131,131
93,decode,pi: in.seq_lens,56.150,56.150,56.150,1,3119.380,1,1,131,131
93,decode,pi: in.slot_mapping,147.100,147.100,147.100,1,3119.380,1,1,131,131
93,decode,pi: in.mrope_drift,0.610,0.610,0.610,1,3119.380,1,1,131,131
93,decode,pi: in.logits_indices,43.040,43.040,40.260,2,3119.380,1,1,131,131
93,decode,pi: prepare_inputs,96.020,985.230,985.230,1,3119.380,1,1,131,131
93,decode,pi: cascade_attn_prefix_lens,11.040,11.040,11.040,1,3119.380,1,1,131,131
93,decode,pi: batch_exec_and_padding,51.480,51.480,51.480,1,3119.380,1,1,131,131
93,decode,pi: ubatch_slices,1.520,1.520,1.520,1,3119.380,1,1,131,131
93,decode,pi: pad_query_start_loc,30.270,30.270,30.270,1,3119.380,1,1,131,131
93,decode,pi: am.max_seq_len,18.340,18.340,18.340,1,3119.380,1,1,131,131
93,decode,pi: am.cm_base_pre,76.820,76.820,76.820,1,3119.380,1,1,131,131
93,decode,pi: am.build.split_decodes,9.460,9.460,9.460,1,3119.380,1,1,131,131
93,decode,pi: am.build.seq_lens_select,8.640,8.640,8.640,1,3119.380,1,1,131,131
93,decode,pi: am.build.attn_mask,1.320,1.320,1.320,1,3119.380,1,1,131,131
93,decode,pi: am.build.qsl_h2d,33.670,33.670,33.670,1,3119.380,1,1,131,131
93,decode,pi: am.build.tolist,8.860,8.860,8.860,1,3119.380,1,1,131,131
93,decode,pi: am.build.fia_pad,1.710,1.710,1.710,1,3119.380,1,1,131,131
93,decode,pi: am.build.backend_metadata,14.760,14.760,14.760,1,3119.380,1,1,131,131
93,decode,pi: am.build.metadata_ctor,6.620,6.620,6.620,1,3119.380,1,1,131,131
93,decode,pi: am.builder_build@AscendAttentionMetadataBuilder,36.130,121.170,121.170,1,3119.380,1,1,131,131
93,decode,pi: am.builder_build,21.510,1047.000,318.520,4,3119.380,1,1,131,131
93,decode,pi: am.layer_assign,7.930,7.930,2.250,4,3119.380,1,1,131,131
93,decode,pi: am.group_loop,91.550,1146.480,343.830,4,3119.380,1,1,131,131
93,decode,pi: am.builder_build@AscendGDNAttentionMetadataBuilder,904.320,904.320,312.930,3,3119.380,1,1,131,131
93,decode,pi: build_attention_metadata,284.620,1526.260,1526.260,1,3119.380,1,1,131,131
93,decode,pi: sanitize_placeholder_ids,1.050,1.050,1.050,1,3119.380,1,1,131,131
93,decode,pi: sync_input_prep,103.460,2867.000,2867.000,1,3119.380,1,1,131,131
93,decode,pi: TOTAL,3119.380,3119.380,3119.380,1,3119.380,1,1,131,131
94,decode,pi: update_states,100.920,100.920,100.920,1,3116.580,1,1,131,131
94,decode,pi: tokens_list,1.030,1.030,1.030,1,3116.580,1,1,131,131
94,decode,pi: phase_classify,52.920,52.920,52.920,1,3116.580,1,1,131,131
94,decode,pi: in.block_table_commit,83.900,83.900,83.900,1,3116.580,1,1,131,131
94,decode,pi: in.req_indices,9.740,9.740,9.740,1,3116.580,1,1,131,131
94,decode,pi: in.attn_state,27.330,27.330,27.330,1,3116.580,1,1,131,131
94,decode,pi: in.positions,24.890,24.890,24.890,1,3116.580,1,1,131,131
94,decode,pi: in.prev_positions,30.450,30.450,30.450,1,3116.580,1,1,131,131
94,decode,pi: in.token_indices_select,25.190,25.190,25.190,1,3116.580,1,1,131,131
94,decode,pi: in.query_start_loc,26.970,26.970,26.970,1,3116.580,1,1,131,131
94,decode,pi: in.optimistic_seq_lens,48.540,48.540,48.540,1,3116.580,1,1,131,131
94,decode,pi: in.prepare_input_ids,65.370,65.370,65.370,1,3116.580,1,1,131,131
94,decode,pi: in.mrope_positions,40.110,40.110,40.110,1,3116.580,1,1,131,131
94,decode,pi: in.discard_mask,57.360,57.360,57.360,1,3116.580,1,1,131,131
94,decode,pi: in.num_accepted_tokens,14.510,14.510,14.510,1,3116.580,1,1,131,131
94,decode,pi: in.num_computed_tokens,17.840,17.840,17.840,1,3116.580,1,1,131,131
94,decode,pi: in.tokens_to_gpu,58.750,58.750,58.750,1,3116.580,1,1,131,131
94,decode,pi: in.positions_assembly,109.230,109.230,109.230,1,3116.580,1,1,131,131
94,decode,pi: in.seq_lens,56.660,56.660,56.660,1,3116.580,1,1,131,131
94,decode,pi: in.slot_mapping,138.260,138.260,138.260,1,3116.580,1,1,131,131
94,decode,pi: in.mrope_drift,0.650,0.650,0.650,1,3116.580,1,1,131,131
94,decode,pi: in.logits_indices,39.740,39.740,37.260,2,3116.580,1,1,131,131
94,decode,pi: prepare_inputs,96.000,971.490,971.490,1,3116.580,1,1,131,131
94,decode,pi: cascade_attn_prefix_lens,11.230,11.230,11.230,1,3116.580,1,1,131,131
94,decode,pi: batch_exec_and_padding,50.890,50.890,50.890,1,3116.580,1,1,131,131
94,decode,pi: ubatch_slices,1.500,1.500,1.500,1,3116.580,1,1,131,131
94,decode,pi: pad_query_start_loc,29.290,29.290,29.290,1,3116.580,1,1,131,131
94,decode,pi: am.max_seq_len,18.370,18.370,18.370,1,3116.580,1,1,131,131
94,decode,pi: am.cm_base_pre,74.310,74.310,74.310,1,3116.580,1,1,131,131
94,decode,pi: am.build.split_decodes,9.350,9.350,9.350,1,3116.580,1,1,131,131
94,decode,pi: am.build.seq_lens_select,8.480,8.480,8.480,1,3116.580,1,1,131,131
94,decode,pi: am.build.attn_mask,1.270,1.270,1.270,1,3116.580,1,1,131,131
94,decode,pi: am.build.qsl_h2d,34.220,34.220,34.220,1,3116.580,1,1,131,131
94,decode,pi: am.build.tolist,9.530,9.530,9.530,1,3116.580,1,1,131,131
94,decode,pi: am.build.fia_pad,1.780,1.780,1.780,1,3116.580,1,1,131,131
94,decode,pi: am.build.backend_metadata,15.140,15.140,15.140,1,3116.580,1,1,131,131
94,decode,pi: am.build.metadata_ctor,6.530,6.530,6.530,1,3116.580,1,1,131,131
94,decode,pi: am.builder_build@AscendAttentionMetadataBuilder,36.600,122.900,122.900,1,3116.580,1,1,131,131
94,decode,pi: am.builder_build,20.610,1066.440,343.370,4,3116.580,1,1,131,131
94,decode,pi: am.layer_assign,8.000,8.000,2.380,4,3116.580,1,1,131,131
94,decode,pi: am.group_loop,90.020,1164.460,369.500,4,3116.580,1,1,131,131
94,decode,pi: am.builder_build@AscendGDNAttentionMetadataBuilder,922.930,922.930,337.730,3,3116.580,1,1,131,131
94,decode,pi: build_attention_metadata,283.480,1540.620,1540.620,1,3116.580,1,1,131,131
94,decode,pi: sanitize_placeholder_ids,1.130,1.130,1.130,1,3116.580,1,1,131,131
94,decode,pi: sync_input_prep,103.310,2864.330,2864.330,1,3116.580,1,1,131,131
94,decode,pi: TOTAL,3116.580,3116.580,3116.580,1,3116.580,1,1,131,131
95,decode,pi: update_states,102.030,102.030,102.030,1,3136.150,1,1,131,131
95,decode,pi: tokens_list,1.010,1.010,1.010,1,3136.150,1,1,131,131
95,decode,pi: phase_classify,54.240,54.240,54.240,1,3136.150,1,1,131,131
95,decode,pi: in.block_table_commit,98.040,98.040,98.040,1,3136.150,1,1,131,131
95,decode,pi: in.req_indices,13.310,13.310,13.310,1,3136.150,1,1,131,131
95,decode,pi: in.attn_state,32.440,32.440,32.440,1,3136.150,1,1,131,131
95,decode,pi: in.positions,41.130,41.130,41.130,1,3136.150,1,1,131,131
95,decode,pi: in.prev_positions,33.230,33.230,33.230,1,3136.150,1,1,131,131
95,decode,pi: in.token_indices_select,25.590,25.590,25.590,1,3136.150,1,1,131,131
95,decode,pi: in.query_start_loc,27.820,27.820,27.820,1,3136.150,1,1,131,131
95,decode,pi: in.optimistic_seq_lens,49.550,49.550,49.550,1,3136.150,1,1,131,131
95,decode,pi: in.prepare_input_ids,65.240,65.240,65.240,1,3136.150,1,1,131,131
95,decode,pi: in.mrope_positions,39.090,39.090,39.090,1,3136.150,1,1,131,131
95,decode,pi: in.discard_mask,57.720,57.720,57.720,1,3136.150,1,1,131,131
95,decode,pi: in.num_accepted_tokens,14.580,14.580,14.580,1,3136.150,1,1,131,131
95,decode,pi: in.num_computed_tokens,17.880,17.880,17.880,1,3136.150,1,1,131,131
95,decode,pi: in.tokens_to_gpu,59.350,59.350,59.350,1,3136.150,1,1,131,131
95,decode,pi: in.positions_assembly,110.410,110.410,110.410,1,3136.150,1,1,131,131
95,decode,pi: in.seq_lens,54.170,54.170,54.170,1,3136.150,1,1,131,131
95,decode,pi: in.slot_mapping,138.110,138.110,138.110,1,3136.150,1,1,131,131
95,decode,pi: in.mrope_drift,0.700,0.700,0.700,1,3136.150,1,1,131,131
95,decode,pi: in.logits_indices,38.770,38.770,36.170,2,3136.150,1,1,131,131
95,decode,pi: prepare_inputs,99.340,1016.470,1016.470,1,3136.150,1,1,131,131
95,decode,pi: cascade_attn_prefix_lens,10.650,10.650,10.650,1,3136.150,1,1,131,131
95,decode,pi: batch_exec_and_padding,51.430,51.430,51.430,1,3136.150,1,1,131,131
95,decode,pi: ubatch_slices,1.560,1.560,1.560,1,3136.150,1,1,131,131
95,decode,pi: pad_query_start_loc,28.690,28.690,28.690,1,3136.150,1,1,131,131
95,decode,pi: am.max_seq_len,17.590,17.590,17.590,1,3136.150,1,1,131,131
95,decode,pi: am.cm_base_pre,73.480,73.480,73.480,1,3136.150,1,1,131,131
95,decode,pi: am.build.split_decodes,9.590,9.590,9.590,1,3136.150,1,1,131,131
95,decode,pi: am.build.seq_lens_select,8.690,8.690,8.690,1,3136.150,1,1,131,131
95,decode,pi: am.build.attn_mask,1.380,1.380,1.380,1,3136.150,1,1,131,131
95,decode,pi: am.build.qsl_h2d,32.810,32.810,32.810,1,3136.150,1,1,131,131
95,decode,pi: am.build.tolist,8.900,8.900,8.900,1,3136.150,1,1,131,131
95,decode,pi: am.build.fia_pad,1.710,1.710,1.710,1,3136.150,1,1,131,131
95,decode,pi: am.build.backend_metadata,16.880,16.880,16.880,1,3136.150,1,1,131,131
95,decode,pi: am.build.metadata_ctor,8.710,8.710,8.710,1,3136.150,1,1,131,131
95,decode,pi: am.builder_build@AscendAttentionMetadataBuilder,38.180,126.850,126.850,1,3136.150,1,1,131,131
95,decode,pi: am.builder_build,20.640,1039.870,322.380,4,3136.150,1,1,131,131
95,decode,pi: am.layer_assign,8.140,8.140,2.290,4,3136.150,1,1,131,131
95,decode,pi: am.group_loop,90.220,1138.230,347.640,4,3136.150,1,1,131,131
95,decode,pi: am.builder_build@AscendGDNAttentionMetadataBuilder,892.380,892.380,316.720,3,3136.150,1,1,131,131
95,decode,pi: build_attention_metadata,283.570,1512.870,1512.870,1,3136.150,1,1,131,131
95,decode,pi: sanitize_placeholder_ids,1.070,1.070,1.070,1,3136.150,1,1,131,131
95,decode,pi: sync_input_prep,103.070,2883.090,2883.090,1,3136.150,1,1,131,131
95,decode,pi: TOTAL,3136.150,3136.150,3136.150,1,3136.150,1,1,131,131
96,decode,pi: update_states,101.880,101.880,101.880,1,3123.700,1,1,131,131
96,decode,pi: tokens_list,1.010,1.010,1.010,1,3123.700,1,1,131,131
96,decode,pi: phase_classify,53.700,53.700,53.700,1,3123.700,1,1,131,131
96,decode,pi: in.block_table_commit,81.760,81.760,81.760,1,3123.700,1,1,131,131
96,decode,pi: in.req_indices,9.620,9.620,9.620,1,3123.700,1,1,131,131
96,decode,pi: in.attn_state,27.840,27.840,27.840,1,3123.700,1,1,131,131
96,decode,pi: in.positions,25.060,25.060,25.060,1,3123.700,1,1,131,131
96,decode,pi: in.prev_positions,30.700,30.700,30.700,1,3123.700,1,1,131,131
96,decode,pi: in.token_indices_select,25.190,25.190,25.190,1,3123.700,1,1,131,131
96,decode,pi: in.query_start_loc,27.010,27.010,27.010,1,3123.700,1,1,131,131
96,decode,pi: in.optimistic_seq_lens,49.570,49.570,49.570,1,3123.700,1,1,131,131
96,decode,pi: in.prepare_input_ids,65.460,65.460,65.460,1,3123.700,1,1,131,131
96,decode,pi: in.mrope_positions,39.270,39.270,39.270,1,3123.700,1,1,131,131
96,decode,pi: in.discard_mask,57.180,57.180,57.180,1,3123.700,1,1,131,131
96,decode,pi: in.num_accepted_tokens,14.110,14.110,14.110,1,3123.700,1,1,131,131
96,decode,pi: in.num_computed_tokens,17.690,17.690,17.690,1,3123.700,1,1,131,131
96,decode,pi: in.tokens_to_gpu,56.600,56.600,56.600,1,3123.700,1,1,131,131
96,decode,pi: in.positions_assembly,109.400,109.400,109.400,1,3123.700,1,1,131,131
96,decode,pi: in.seq_lens,55.650,55.650,55.650,1,3123.700,1,1,131,131
96,decode,pi: in.slot_mapping,138.370,138.370,138.370,1,3123.700,1,1,131,131
96,decode,pi: in.mrope_drift,0.650,0.650,0.650,1,3123.700,1,1,131,131
96,decode,pi: in.logits_indices,40.110,40.110,37.690,2,3123.700,1,1,131,131
96,decode,pi: prepare_inputs,95.890,967.130,967.130,1,3123.700,1,1,131,131
96,decode,pi: cascade_attn_prefix_lens,10.640,10.640,10.640,1,3123.700,1,1,131,131
96,decode,pi: batch_exec_and_padding,50.970,50.970,50.970,1,3123.700,1,1,131,131
96,decode,pi: ubatch_slices,1.520,1.520,1.520,1,3123.700,1,1,131,131
96,decode,pi: pad_query_start_loc,28.810,28.810,28.810,1,3123.700,1,1,131,131
96,decode,pi: am.max_seq_len,17.750,17.750,17.750,1,3123.700,1,1,131,131
96,decode,pi: am.cm_base_pre,73.880,73.880,73.880,1,3123.700,1,1,131,131
96,decode,pi: am.build.split_decodes,9.020,9.020,9.020,1,3123.700,1,1,131,131
96,decode,pi: am.build.seq_lens_select,8.620,8.620,8.620,1,3123.700,1,1,131,131
96,decode,pi: am.build.attn_mask,1.370,1.370,1.370,1,3123.700,1,1,131,131
96,decode,pi: am.build.qsl_h2d,33.310,33.310,33.310,1,3123.700,1,1,131,131
96,decode,pi: am.build.tolist,9.780,9.780,9.780,1,3123.700,1,1,131,131
96,decode,pi: am.build.fia_pad,1.730,1.730,1.730,1,3123.700,1,1,131,131
96,decode,pi: am.build.backend_metadata,14.950,14.950,14.950,1,3123.700,1,1,131,131
96,decode,pi: am.build.metadata_ctor,7.000,7.000,7.000,1,3123.700,1,1,131,131
96,decode,pi: am.builder_build@AscendAttentionMetadataBuilder,35.990,121.770,121.770,1,3123.700,1,1,131,131
96,decode,pi: am.builder_build,20.910,1049.950,320.590,4,3123.700,1,1,131,131
96,decode,pi: am.layer_assign,7.490,7.490,2.290,4,3123.700,1,1,131,131
96,decode,pi: am.group_loop,90.690,1148.130,345.140,4,3123.700,1,1,131,131
96,decode,pi: am.builder_build@AscendGDNAttentionMetadataBuilder,907.270,907.270,315.150,3,3123.700,1,1,131,131
96,decode,pi: build_attention_metadata,284.080,1523.840,1523.840,1,3123.700,1,1,131,131
96,decode,pi: sanitize_placeholder_ids,1.150,1.150,1.150,1,3123.700,1,1,131,131
96,decode,pi: sync_input_prep,103.350,2844.000,2844.000,1,3123.700,1,1,131,131
96,decode,pi: TOTAL,3123.700,3123.700,3123.700,1,3123.700,1,1,131,131
97,decode,pi: update_states,100.920,100.920,100.920,1,3125.910,1,1,131,131
97,decode,pi: tokens_list,1.090,1.090,1.090,1,3125.910,1,1,131,131
97,decode,pi: phase_classify,54.560,54.560,54.560,1,3125.910,1,1,131,131
97,decode,pi: in.block_table_commit,82.670,82.670,82.670,1,3125.910,1,1,131,131
97,decode,pi: in.req_indices,10.000,10.000,10.000,1,3125.910,1,1,131,131
97,decode,pi: in.attn_state,27.800,27.800,27.800,1,3125.910,1,1,131,131
97,decode,pi: in.positions,25.200,25.200,25.200,1,3125.910,1,1,131,131
97,decode,pi: in.prev_positions,30.620,30.620,30.620,1,3125.910,1,1,131,131
97,decode,pi: in.token_indices_select,25.190,25.190,25.190,1,3125.910,1,1,131,131
97,decode,pi: in.query_start_loc,26.730,26.730,26.730,1,3125.910,1,1,131,131
97,decode,pi: in.optimistic_seq_lens,49.330,49.330,49.330,1,3125.910,1,1,131,131
97,decode,pi: in.prepare_input_ids,64.780,64.780,64.780,1,3125.910,1,1,131,131
97,decode,pi: in.mrope_positions,38.960,38.960,38.960,1,3125.910,1,1,131,131
97,decode,pi: in.discard_mask,58.250,58.250,58.250,1,3125.910,1,1,131,131
97,decode,pi: in.num_accepted_tokens,14.000,14.000,14.000,1,3125.910,1,1,131,131
97,decode,pi: in.num_computed_tokens,17.920,17.920,17.920,1,3125.910,1,1,131,131
97,decode,pi: in.tokens_to_gpu,57.190,57.190,57.190,1,3125.910,1,1,131,131
97,decode,pi: in.positions_assembly,118.210,118.210,118.210,1,3125.910,1,1,131,131
97,decode,pi: in.seq_lens,54.170,54.170,54.170,1,3125.910,1,1,131,131
97,decode,pi: in.slot_mapping,140.630,140.630,140.630,1,3125.910,1,1,131,131
97,decode,pi: in.mrope_drift,0.730,0.730,0.730,1,3125.910,1,1,131,131
97,decode,pi: in.logits_indices,39.680,39.680,36.950,2,3125.910,1,1,131,131
97,decode,pi: prepare_inputs,96.390,978.450,978.450,1,3125.910,1,1,131,131
97,decode,pi: cascade_attn_prefix_lens,10.980,10.980,10.980,1,3125.910,1,1,131,131
97,decode,pi: batch_exec_and_padding,51.290,51.290,51.290,1,3125.910,1,1,131,131
97,decode,pi: ubatch_slices,1.520,1.520,1.520,1,3125.910,1,1,131,131
97,decode,pi: pad_query_start_loc,29.250,29.250,29.250,1,3125.910,1,1,131,131
97,decode,pi: am.max_seq_len,18.270,18.270,18.270,1,3125.910,1,1,131,131
97,decode,pi: am.cm_base_pre,75.370,75.370,75.370,1,3125.910,1,1,131,131
97,decode,pi: am.build.split_decodes,9.250,9.250,9.250,1,3125.910,1,1,131,131
97,decode,pi: am.build.seq_lens_select,8.510,8.510,8.510,1,3125.910,1,1,131,131
97,decode,pi: am.build.attn_mask,1.320,1.320,1.320,1,3125.910,1,1,131,131
97,decode,pi: am.build.qsl_h2d,50.190,50.190,50.190,1,3125.910,1,1,131,131
97,decode,pi: am.build.tolist,9.610,9.610,9.610,1,3125.910,1,1,131,131
97,decode,pi: am.build.fia_pad,1.640,1.640,1.640,1,3125.910,1,1,131,131
97,decode,pi: am.build.backend_metadata,15.520,15.520,15.520,1,3125.910,1,1,131,131
97,decode,pi: am.build.metadata_ctor,7.060,7.060,7.060,1,3125.910,1,1,131,131
97,decode,pi: am.builder_build@AscendAttentionMetadataBuilder,37.080,140.180,140.180,1,3125.910,1,1,131,131
97,decode,pi: am.builder_build,20.500,1064.500,320.380,4,3125.910,1,1,131,131
97,decode,pi: am.layer_assign,7.990,7.990,2.330,4,3125.910,1,1,131,131
97,decode,pi: am.group_loop,90.220,1162.710,345.380,4,3125.910,1,1,131,131
97,decode,pi: am.builder_build@AscendGDNAttentionMetadataBuilder,903.820,903.820,314.840,3,3125.910,1,1,131,131
97,decode,pi: build_attention_metadata,280.930,1537.280,1537.280,1,3125.910,1,1,131,131
97,decode,pi: sanitize_placeholder_ids,1.110,1.110,1.110,1,3125.910,1,1,131,131
97,decode,pi: sync_input_prep,106.910,2873.360,2873.360,1,3125.910,1,1,131,131
97,decode,pi: TOTAL,3125.910,3125.910,3125.910,1,3125.910,1,1,131,131
98,decode,pi: update_states,114.870,114.870,114.870,1,3122.260,1,1,131,131
98,decode,pi: tokens_list,1.040,1.040,1.040,1,3122.260,1,1,131,131
98,decode,pi: phase_classify,54.410,54.410,54.410,1,3122.260,1,1,131,131
98,decode,pi: in.block_table_commit,82.020,82.020,82.020,1,3122.260,1,1,131,131
98,decode,pi: in.req_indices,9.870,9.870,9.870,1,3122.260,1,1,131,131
98,decode,pi: in.attn_state,27.900,27.900,27.900,1,3122.260,1,1,131,131
98,decode,pi: in.positions,25.160,25.160,25.160,1,3122.260,1,1,131,131
98,decode,pi: in.prev_positions,30.760,30.760,30.760,1,3122.260,1,1,131,131
98,decode,pi: in.token_indices_select,25.690,25.690,25.690,1,3122.260,1,1,131,131
98,decode,pi: in.query_start_loc,27.360,27.360,27.360,1,3122.260,1,1,131,131
98,decode,pi: in.optimistic_seq_lens,49.120,49.120,49.120,1,3122.260,1,1,131,131
98,decode,pi: in.prepare_input_ids,65.190,65.190,65.190,1,3122.260,1,1,131,131
98,decode,pi: in.mrope_positions,40.110,40.110,40.110,1,3122.260,1,1,131,131
98,decode,pi: in.discard_mask,57.480,57.480,57.480,1,3122.260,1,1,131,131
98,decode,pi: in.num_accepted_tokens,14.000,14.000,14.000,1,3122.260,1,1,131,131
98,decode,pi: in.num_computed_tokens,18.000,18.000,18.000,1,3122.260,1,1,131,131
98,decode,pi: in.tokens_to_gpu,57.050,57.050,57.050,1,3122.260,1,1,131,131
98,decode,pi: in.positions_assembly,109.880,109.880,109.880,1,3122.260,1,1,131,131
98,decode,pi: in.seq_lens,55.500,55.500,55.500,1,3122.260,1,1,131,131
98,decode,pi: in.slot_mapping,138.120,138.120,138.120,1,3122.260,1,1,131,131
98,decode,pi: in.mrope_drift,0.730,0.730,0.730,1,3122.260,1,1,131,131
98,decode,pi: in.logits_indices,39.810,39.810,37.480,2,3122.260,1,1,131,131
98,decode,pi: prepare_inputs,95.410,969.160,969.160,1,3122.260,1,1,131,131
98,decode,pi: cascade_attn_prefix_lens,10.500,10.500,10.500,1,3122.260,1,1,131,131
98,decode,pi: batch_exec_and_padding,51.750,51.750,51.750,1,3122.260,1,1,131,131
98,decode,pi: ubatch_slices,1.570,1.570,1.570,1,3122.260,1,1,131,131
98,decode,pi: pad_query_start_loc,28.590,28.590,28.590,1,3122.260,1,1,131,131
98,decode,pi: am.max_seq_len,18.310,18.310,18.310,1,3122.260,1,1,131,131
98,decode,pi: am.cm_base_pre,74.730,74.730,74.730,1,3122.260,1,1,131,131
98,decode,pi: am.build.split_decodes,9.500,9.500,9.500,1,3122.260,1,1,131,131
98,decode,pi: am.build.seq_lens_select,9.000,9.000,9.000,1,3122.260,1,1,131,131
98,decode,pi: am.build.attn_mask,1.260,1.260,1.260,1,3122.260,1,1,131,131
98,decode,pi: am.build.qsl_h2d,32.910,32.910,32.910,1,3122.260,1,1,131,131
98,decode,pi: am.build.tolist,8.710,8.710,8.710,1,3122.260,1,1,131,131
98,decode,pi: am.build.fia_pad,1.810,1.810,1.810,1,3122.260,1,1,131,131
98,decode,pi: am.build.backend_metadata,14.310,14.310,14.310,1,3122.260,1,1,131,131
98,decode,pi: am.build.metadata_ctor,6.640,6.640,6.640,1,3122.260,1,1,131,131
98,decode,pi: am.builder_build@AscendAttentionMetadataBuilder,36.160,120.300,120.300,1,3122.260,1,1,131,131
98,decode,pi: am.builder_build,21.090,1054.250,326.290,4,3122.260,1,1,131,131
98,decode,pi: am.layer_assign,7.660,7.660,2.230,4,3122.260,1,1,131,131
98,decode,pi: am.group_loop,90.450,1152.360,350.530,4,3122.260,1,1,131,131
98,decode,pi: am.builder_build@AscendGDNAttentionMetadataBuilder,912.860,912.860,320.670,3,3122.260,1,1,131,131
98,decode,pi: build_attention_metadata,281.250,1526.650,1526.650,1,3122.260,1,1,131,131
98,decode,pi: sanitize_placeholder_ids,1.030,1.030,1.030,1,3122.260,1,1,131,131
98,decode,pi: sync_input_prep,103.010,2862.580,2862.580,1,3122.260,1,1,131,131
98,decode,pi: TOTAL,3122.260,3122.260,3122.260,1,3122.260,1,1,131,131
99,decode,pi: update_states,102.970,102.970,102.970,1,3155.590,1,1,131,131
99,decode,pi: tokens_list,0.980,0.980,0.980,1,3155.590,1,1,131,131
99,decode,pi: phase_classify,53.170,53.170,53.170,1,3155.590,1,1,131,131
99,decode,pi: in.block_table_commit,82.860,82.860,82.860,1,3155.590,1,1,131,131
99,decode,pi: in.req_indices,9.720,9.720,9.720,1,3155.590,1,1,131,131
99,decode,pi: in.attn_state,27.520,27.520,27.520,1,3155.590,1,1,131,131
99,decode,pi: in.positions,25.310,25.310,25.310,1,3155.590,1,1,131,131
99,decode,pi: in.prev_positions,30.510,30.510,30.510,1,3155.590,1,1,131,131
99,decode,pi: in.token_indices_select,25.910,25.910,25.910,1,3155.590,1,1,131,131
99,decode,pi: in.query_start_loc,27.560,27.560,27.560,1,3155.590,1,1,131,131
99,decode,pi: in.optimistic_seq_lens,48.920,48.920,48.920,1,3155.590,1,1,131,131
99,decode,pi: in.prepare_input_ids,64.840,64.840,64.840,1,3155.590,1,1,131,131
99,decode,pi: in.mrope_positions,39.910,39.910,39.910,1,3155.590,1,1,131,131
99,decode,pi: in.discard_mask,56.800,56.800,56.800,1,3155.590,1,1,131,131
99,decode,pi: in.num_accepted_tokens,14.180,14.180,14.180,1,3155.590,1,1,131,131
99,decode,pi: in.num_computed_tokens,19.910,19.910,19.910,1,3155.590,1,1,131,131
99,decode,pi: in.tokens_to_gpu,71.520,71.520,71.520,1,3155.590,1,1,131,131
99,decode,pi: in.positions_assembly,112.020,112.020,112.020,1,3155.590,1,1,131,131
99,decode,pi: in.seq_lens,56.220,56.220,56.220,1,3155.590,1,1,131,131
99,decode,pi: in.slot_mapping,140.170,140.170,140.170,1,3155.590,1,1,131,131
99,decode,pi: in.mrope_drift,0.720,0.720,0.720,1,3155.590,1,1,131,131
99,decode,pi: in.logits_indices,39.620,39.620,37.010,2,3155.590,1,1,131,131
99,decode,pi: prepare_inputs,99.550,993.770,993.770,1,3155.590,1,1,131,131
99,decode,pi: cascade_attn_prefix_lens,11.300,11.300,11.300,1,3155.590,1,1,131,131
99,decode,pi: batch_exec_and_padding,51.770,51.770,51.770,1,3155.590,1,1,131,131
99,decode,pi: ubatch_slices,1.660,1.660,1.660,1,3155.590,1,1,131,131
99,decode,pi: pad_query_start_loc,29.490,29.490,29.490,1,3155.590,1,1,131,131
99,decode,pi: am.max_seq_len,18.390,18.390,18.390,1,3155.590,1,1,131,131
99,decode,pi: am.cm_base_pre,75.340,75.340,75.340,1,3155.590,1,1,131,131
99,decode,pi: am.build.split_decodes,9.640,9.640,9.640,1,3155.590,1,1,131,131
99,decode,pi: am.build.seq_lens_select,8.560,8.560,8.560,1,3155.590,1,1,131,131
99,decode,pi: am.build.attn_mask,1.280,1.280,1.280,1,3155.590,1,1,131,131
99,decode,pi: am.build.qsl_h2d,33.730,33.730,33.730,1,3155.590,1,1,131,131
99,decode,pi: am.build.tolist,9.090,9.090,9.090,1,3155.590,1,1,131,131
99,decode,pi: am.build.fia_pad,1.700,1.700,1.700,1,3155.590,1,1,131,131
99,decode,pi: am.build.backend_metadata,15.180,15.180,15.180,1,3155.590,1,1,131,131
99,decode,pi: am.build.metadata_ctor,6.570,6.570,6.570,1,3155.590,1,1,131,131
99,decode,pi: am.builder_build@AscendAttentionMetadataBuilder,36.920,122.670,122.670,1,3155.590,1,1,131,131
99,decode,pi: am.builder_build,20.650,1071.810,326.290,4,3155.590,1,1,131,131
99,decode,pi: am.layer_assign,8.010,8.010,2.350,4,3155.590,1,1,131,131
99,decode,pi: am.group_loop,90.810,1170.630,351.700,4,3155.590,1,1,131,131
99,decode,pi: am.builder_build@AscendGDNAttentionMetadataBuilder,928.490,928.490,320.360,3,3155.590,1,1,131,131
99,decode,pi: build_attention_metadata,279.710,1544.070,1544.070,1,3155.590,1,1,131,131
99,decode,pi: sanitize_placeholder_ids,1.060,1.060,1.060,1,3155.590,1,1,131,131
99,decode,pi: sync_input_prep,104.200,2894.440,2894.440,1,3155.590,1,1,131,131
99,decode,pi: TOTAL,3155.590,3155.590,3155.590,1,3155.590,1,1,131,131
100,decode,pi: update_states,101.610,101.610,101.610,1,3127.180,1,1,131,131
100,decode,pi: tokens_list,1.060,1.060,1.060,1,3127.180,1,1,131,131
100,decode,pi: phase_classify,53.440,53.440,53.440,1,3127.180,1,1,131,131
100,decode,pi: in.block_table_commit,81.920,81.920,81.920,1,3127.180,1,1,131,131
100,decode,pi: in.req_indices,9.490,9.490,9.490,1,3127.180,1,1,131,131
100,decode,pi: in.attn_state,27.990,27.990,27.990,1,3127.180,1,1,131,131
100,decode,pi: in.positions,25.240,25.240,25.240,1,3127.180,1,1,131,131
100,decode,pi: in.prev_positions,29.770,29.770,29.770,1,3127.180,1,1,131,131
100,decode,pi: in.token_indices_select,25.490,25.490,25.490,1,3127.180,1,1,131,131
100,decode,pi: in.query_start_loc,26.900,26.900,26.900,1,3127.180,1,1,131,131
100,decode,pi: in.optimistic_seq_lens,49.490,49.490,49.490,1,3127.180,1,1,131,131
100,decode,pi: in.prepare_input_ids,64.660,64.660,64.660,1,3127.180,1,1,131,131
100,decode,pi: in.mrope_positions,39.710,39.710,39.710,1,3127.180,1,1,131,131
100,decode,pi: in.discard_mask,57.700,57.700,57.700,1,3127.180,1,1,131,131
100,decode,pi: in.num_accepted_tokens,14.170,14.170,14.170,1,3127.180,1,1,131,131
100,decode,pi: in.num_computed_tokens,17.780,17.780,17.780,1,3127.180,1,1,131,131
100,decode,pi: in.tokens_to_gpu,57.240,57.240,57.240,1,3127.180,1,1,131,131
100,decode,pi: in.positions_assembly,110.990,110.990,110.990,1,3127.180,1,1,131,131
100,decode,pi: in.seq_lens,56.980,56.980,56.980,1,3127.180,1,1,131,131
100,decode,pi: in.slot_mapping,139.550,139.550,139.550,1,3127.180,1,1,131,131
100,decode,pi: in.mrope_drift,0.690,0.690,0.690,1,3127.180,1,1,131,131
100,decode,pi: in.logits_indices,40.260,40.260,37.750,2,3127.180,1,1,131,131
100,decode,pi: prepare_inputs,96.970,972.990,972.990,1,3127.180,1,1,131,131
100,decode,pi: cascade_attn_prefix_lens,10.800,10.800,10.800,1,3127.180,1,1,131,131
100,decode,pi: batch_exec_and_padding,73.300,73.300,73.300,1,3127.180,1,1,131,131
100,decode,pi: ubatch_slices,1.590,1.590,1.590,1,3127.180,1,1,131,131
100,decode,pi: pad_query_start_loc,30.300,30.300,30.300,1,3127.180,1,1,131,131
100,decode,pi: am.max_seq_len,18.720,18.720,18.720,1,3127.180,1,1,131,131
100,decode,pi: am.cm_base_pre,76.400,76.400,76.400,1,3127.180,1,1,131,131
100,decode,pi: am.build.split_decodes,9.510,9.510,9.510,1,3127.180,1,1,131,131
100,decode,pi: am.build.seq_lens_select,8.630,8.630,8.630,1,3127.180,1,1,131,131
100,decode,pi: am.build.attn_mask,1.220,1.220,1.220,1,3127.180,1,1,131,131
100,decode,pi: am.build.qsl_h2d,33.320,33.320,33.320,1,3127.180,1,1,131,131
100,decode,pi: am.build.tolist,9.520,9.520,9.520,1,3127.180,1,1,131,131
100,decode,pi: am.build.fia_pad,1.740,1.740,1.740,1,3127.180,1,1,131,131
100,decode,pi: am.build.backend_metadata,15.120,15.120,15.120,1,3127.180,1,1,131,131
100,decode,pi: am.build.metadata_ctor,6.770,6.770,6.770,1,3127.180,1,1,131,131
100,decode,pi: am.builder_build@AscendAttentionMetadataBuilder,36.450,122.280,122.280,1,3127.180,1,1,131,131
100,decode,pi: am.builder_build,19.570,1043.060,318.740,4,3127.180,1,1,131,131
100,decode,pi: am.layer_assign,7.640,7.640,2.190,4,3127.180,1,1,131,131
100,decode,pi: am.group_loop,89.980,1140.680,343.640,4,3127.180,1,1,131,131
100,decode,pi: am.builder_build@AscendGDNAttentionMetadataBuilder,901.210,901.210,313.520,3,3127.180,1,1,131,131
100,decode,pi: build_attention_metadata,281.440,1517.240,1517.240,1,3127.180,1,1,131,131
100,decode,pi: sanitize_placeholder_ids,1.160,1.160,1.160,1,3127.180,1,1,131,131
100,decode,pi: sync_input_prep,104.030,2867.520,2867.520,1,3127.180,1,1,131,131
100,decode,pi: TOTAL,3127.180,3127.180,3127.180,1,3127.180,1,1,131,131
101,decode,pi: update_states,102.500,102.500,102.500,1,3089.550,1,1,131,131
101,decode,pi: tokens_list,1.020,1.020,1.020,1,3089.550,1,1,131,131
101,decode,pi: phase_classify,55.470,55.470,55.470,1,3089.550,1,1,131,131
101,decode,pi: in.block_table_commit,86.780,86.780,86.780,1,3089.550,1,1,131,131
101,decode,pi: in.req_indices,9.630,9.630,9.630,1,3089.550,1,1,131,131
101,decode,pi: in.attn_state,27.690,27.690,27.690,1,3089.550,1,1,131,131
101,decode,pi: in.positions,25.290,25.290,25.290,1,3089.550,1,1,131,131
101,decode,pi: in.prev_positions,30.780,30.780,30.780,1,3089.550,1,1,131,131
101,decode,pi: in.token_indices_select,25.400,25.400,25.400,1,3089.550,1,1,131,131
101,decode,pi: in.query_start_loc,27.100,27.100,27.100,1,3089.550,1,1,131,131
101,decode,pi: in.optimistic_seq_lens,48.640,48.640,48.640,1,3089.550,1,1,131,131
101,decode,pi: in.prepare_input_ids,67.070,67.070,67.070,1,3089.550,1,1,131,131
101,decode,pi: in.mrope_positions,40.060,40.060,40.060,1,3089.550,1,1,131,131
101,decode,pi: in.discard_mask,58.090,58.090,58.090,1,3089.550,1,1,131,131
101,decode,pi: in.num_accepted_tokens,14.060,14.060,14.060,1,3089.550,1,1,131,131
101,decode,pi: in.num_computed_tokens,18.000,18.000,18.000,1,3089.550,1,1,131,131
101,decode,pi: in.tokens_to_gpu,57.810,57.810,57.810,1,3089.550,1,1,131,131
101,decode,pi: in.positions_assembly,109.400,109.400,109.400,1,3089.550,1,1,131,131
101,decode,pi: in.seq_lens,56.420,56.420,56.420,1,3089.550,1,1,131,131
101,decode,pi: in.slot_mapping,138.340,138.340,138.340,1,3089.550,1,1,131,131
101,decode,pi: in.mrope_drift,0.640,0.640,0.640,1,3089.550,1,1,131,131
101,decode,pi: in.logits_indices,39.990,39.990,37.430,2,3089.550,1,1,131,131
101,decode,pi: prepare_inputs,95.630,976.820,976.820,1,3089.550,1,1,131,131
101,decode,pi: cascade_attn_prefix_lens,10.490,10.490,10.490,1,3089.550,1,1,131,131
101,decode,pi: batch_exec_and_padding,51.340,51.340,51.340,1,3089.550,1,1,131,131
101,decode,pi: ubatch_slices,1.460,1.460,1.460,1,3089.550,1,1,131,131
101,decode,pi: pad_query_start_loc,28.670,28.670,28.670,1,3089.550,1,1,131,131
101,decode,pi: am.max_seq_len,17.840,17.840,17.840,1,3089.550,1,1,131,131
101,decode,pi: am.cm_base_pre,73.710,73.710,73.710,1,3089.550,1,1,131,131
101,decode,pi: am.build.split_decodes,9.410,9.410,9.410,1,3089.550,1,1,131,131
101,decode,pi: am.build.seq_lens_select,8.470,8.470,8.470,1,3089.550,1,1,131,131
101,decode,pi: am.build.attn_mask,1.260,1.260,1.260,1,3089.550,1,1,131,131
101,decode,pi: am.build.qsl_h2d,32.850,32.850,32.850,1,3089.550,1,1,131,131
101,decode,pi: am.build.tolist,9.150,9.150,9.150,1,3089.550,1,1,131,131
101,decode,pi: am.build.fia_pad,1.800,1.800,1.800,1,3089.550,1,1,131,131
101,decode,pi: am.build.backend_metadata,14.550,14.550,14.550,1,3089.550,1,1,131,131
101,decode,pi: am.build.metadata_ctor,6.600,6.600,6.600,1,3089.550,1,1,131,131
101,decode,pi: am.builder_build@AscendAttentionMetadataBuilder,36.920,121.010,121.010,1,3089.550,1,1,131,131
101,decode,pi: am.builder_build,20.480,1040.010,319.280,4,3089.550,1,1,131,131
101,decode,pi: am.layer_assign,7.450,7.450,2.110,4,3089.550,1,1,131,131
101,decode,pi: am.group_loop,89.370,1136.830,343.820,4,3089.550,1,1,131,131
101,decode,pi: am.builder_build@AscendGDNAttentionMetadataBuilder,898.520,898.520,313.750,3,3089.550,1,1,131,131
101,decode,pi: build_attention_metadata,279.830,1508.210,1508.210,1,3089.550,1,1,131,131
101,decode,pi: sanitize_placeholder_ids,1.160,1.160,1.160,1,3089.550,1,1,131,131
101,decode,pi: sync_input_prep,103.210,2840.350,2840.350,1,3089.550,1,1,131,131
101,decode,pi: TOTAL,3089.550,3089.550,3089.550,1,3089.550,1,1,131,131
102,decode,pi: update_states,101.270,101.270,101.270,1,3166.910,1,1,131,131
102,decode,pi: tokens_list,1.070,1.070,1.070,1,3166.910,1,1,131,131
102,decode,pi: phase_classify,53.720,53.720,53.720,1,3166.910,1,1,131,131
102,decode,pi: in.block_table_commit,81.950,81.950,81.950,1,3166.910,1,1,131,131
102,decode,pi: in.req_indices,10.200,10.200,10.200,1,3166.910,1,1,131,131
102,decode,pi: in.attn_state,26.930,26.930,26.930,1,3166.910,1,1,131,131
102,decode,pi: in.positions,24.850,24.850,24.850,1,3166.910,1,1,131,131
102,decode,pi: in.prev_positions,29.840,29.840,29.840,1,3166.910,1,1,131,131
102,decode,pi: in.token_indices_select,25.610,25.610,25.610,1,3166.910,1,1,131,131
102,decode,pi: in.query_start_loc,27.580,27.580,27.580,1,3166.910,1,1,131,131
102,decode,pi: in.optimistic_seq_lens,48.820,48.820,48.820,1,3166.910,1,1,131,131
102,decode,pi: in.prepare_input_ids,65.110,65.110,65.110,1,3166.910,1,1,131,131
102,decode,pi: in.mrope_positions,39.620,39.620,39.620,1,3166.910,1,1,131,131
102,decode,pi: in.discard_mask,57.600,57.600,57.600,1,3166.910,1,1,131,131
102,decode,pi: in.num_accepted_tokens,14.520,14.520,14.520,1,3166.910,1,1,131,131
102,decode,pi: in.num_computed_tokens,17.730,17.730,17.730,1,3166.910,1,1,131,131
102,decode,pi: in.tokens_to_gpu,59.170,59.170,59.170,1,3166.910,1,1,131,131
102,decode,pi: in.positions_assembly,111.460,111.460,111.460,1,3166.910,1,1,131,131
102,decode,pi: in.seq_lens,56.240,56.240,56.240,1,3166.910,1,1,131,131
102,decode,pi: in.slot_mapping,137.570,137.570,137.570,1,3166.910,1,1,131,131
102,decode,pi: in.mrope_drift,0.720,0.720,0.720,1,3166.910,1,1,131,131
102,decode,pi: in.logits_indices,40.500,40.500,38.040,2,3166.910,1,1,131,131
102,decode,pi: prepare_inputs,95.560,971.580,971.580,1,3166.910,1,1,131,131
102,decode,pi: cascade_attn_prefix_lens,10.810,10.810,10.810,1,3166.910,1,1,131,131
102,decode,pi: batch_exec_and_padding,50.890,50.890,50.890,1,3166.910,1,1,131,131
102,decode,pi: ubatch_slices,1.550,1.550,1.550,1,3166.910,1,1,131,131
102,decode,pi: pad_query_start_loc,29.300,29.300,29.300,1,3166.910,1,1,131,131
102,decode,pi: am.max_seq_len,18.690,18.690,18.690,1,3166.910,1,1,131,131
102,decode,pi: am.cm_base_pre,74.910,74.910,74.910,1,3166.910,1,1,131,131
102,decode,pi: am.build.split_decodes,9.360,9.360,9.360,1,3166.910,1,1,131,131
102,decode,pi: am.build.seq_lens_select,8.670,8.670,8.670,1,3166.910,1,1,131,131
102,decode,pi: am.build.attn_mask,1.230,1.230,1.230,1,3166.910,1,1,131,131
102,decode,pi: am.build.qsl_h2d,33.190,33.190,33.190,1,3166.910,1,1,131,131
102,decode,pi: am.build.tolist,9.000,9.000,9.000,1,3166.910,1,1,131,131
102,decode,pi: am.build.fia_pad,1.660,1.660,1.660,1,3166.910,1,1,131,131
102,decode,pi: am.build.backend_metadata,14.670,14.670,14.670,1,3166.910,1,1,131,131
102,decode,pi: am.build.metadata_ctor,6.610,6.610,6.610,1,3166.910,1,1,131,131
102,decode,pi: am.builder_build@AscendAttentionMetadataBuilder,36.270,120.660,120.660,1,3166.910,1,1,131,131
102,decode,pi: am.builder_build,21.130,1101.310,334.670,4,3166.910,1,1,131,131
102,decode,pi: am.layer_assign,7.900,7.900,2.140,4,3166.910,1,1,131,131
102,decode,pi: am.group_loop,92.350,1201.560,360.410,4,3166.910,1,1,131,131
102,decode,pi: am.builder_build@AscendGDNAttentionMetadataBuilder,959.520,959.520,328.330,3,3166.910,1,1,131,131
102,decode,pi: build_attention_metadata,284.570,1579.730,1579.730,1,3166.910,1,1,131,131
102,decode,pi: sanitize_placeholder_ids,1.050,1.050,1.050,1,3166.910,1,1,131,131
102,decode,pi: sync_input_prep,105.570,2906.540,2906.540,1,3166.910,1,1,131,131
102,decode,pi: TOTAL,3166.910,3166.910,3166.910,1,3166.910,1,1,131,131
103,decode,pi: update_states,100.210,100.210,100.210,1,3142.860,1,1,131,131
103,decode,pi: tokens_list,0.910,0.910,0.910,1,3142.860,1,1,131,131
103,decode,pi: phase_classify,54.930,54.930,54.930,1,3142.860,1,1,131,131
103,decode,pi: in.block_table_commit,82.310,82.310,82.310,1,3142.860,1,1,131,131
103,decode,pi: in.req_indices,9.850,9.850,9.850,1,3142.860,1,1,131,131
103,decode,pi: in.attn_state,27.800,27.800,27.800,1,3142.860,1,1,131,131
103,decode,pi: in.positions,25.320,25.320,25.320,1,3142.860,1,1,131,131
103,decode,pi: in.prev_positions,31.150,31.150,31.150,1,3142.860,1,1,131,131
103,decode,pi: in.token_indices_select,25.760,25.760,25.760,1,3142.860,1,1,131,131
103,decode,pi: in.query_start_loc,27.070,27.070,27.070,1,3142.860,1,1,131,131
103,decode,pi: in.optimistic_seq_lens,49.000,49.000,49.000,1,3142.860,1,1,131,131
103,decode,pi: in.prepare_input_ids,65.150,65.150,65.150,1,3142.860,1,1,131,131
103,decode,pi: in.mrope_positions,39.330,39.330,39.330,1,3142.860,1,1,131,131
103,decode,pi: in.discard_mask,81.580,81.580,81.580,1,3142.860,1,1,131,131
103,decode,pi: in.num_accepted_tokens,15.360,15.360,15.360,1,3142.860,1,1,131,131
103,decode,pi: in.num_computed_tokens,18.570,18.570,18.570,1,3142.860,1,1,131,131
103,decode,pi: in.tokens_to_gpu,62.560,62.560,62.560,1,3142.860,1,1,131,131
103,decode,pi: in.positions_assembly,115.030,115.030,115.030,1,3142.860,1,1,131,131
103,decode,pi: in.seq_lens,58.880,58.880,58.880,1,3142.860,1,1,131,131
103,decode,pi: in.slot_mapping,139.540,139.540,139.540,1,3142.860,1,1,131,131
103,decode,pi: in.mrope_drift,0.650,0.650,0.650,1,3142.860,1,1,131,131
103,decode,pi: in.logits_indices,40.760,40.760,38.180,2,3142.860,1,1,131,131
103,decode,pi: prepare_inputs,96.900,1012.570,1012.570,1,3142.860,1,1,131,131
103,decode,pi: cascade_attn_prefix_lens,10.690,10.690,10.690,1,3142.860,1,1,131,131
103,decode,pi: batch_exec_and_padding,51.060,51.060,51.060,1,3142.860,1,1,131,131
103,decode,pi: ubatch_slices,1.530,1.530,1.530,1,3142.860,1,1,131,131
103,decode,pi: pad_query_start_loc,30.240,30.240,30.240,1,3142.860,1,1,131,131
103,decode,pi: am.max_seq_len,18.380,18.380,18.380,1,3142.860,1,1,131,131
103,decode,pi: am.cm_base_pre,77.020,77.020,77.020,1,3142.860,1,1,131,131
103,decode,pi: am.build.split_decodes,10.000,10.000,10.000,1,3142.860,1,1,131,131
103,decode,pi: am.build.seq_lens_select,8.690,8.690,8.690,1,3142.860,1,1,131,131
103,decode,pi: am.build.attn_mask,1.260,1.260,1.260,1,3142.860,1,1,131,131
103,decode,pi: am.build.qsl_h2d,33.440,33.440,33.440,1,3142.860,1,1,131,131
103,decode,pi: am.build.tolist,8.850,8.850,8.850,1,3142.860,1,1,131,131
103,decode,pi: am.build.fia_pad,1.710,1.710,1.710,1,3142.860,1,1,131,131
103,decode,pi: am.build.backend_metadata,15.270,15.270,15.270,1,3142.860,1,1,131,131
103,decode,pi: am.build.metadata_ctor,6.600,6.600,6.600,1,3142.860,1,1,131,131
103,decode,pi: am.builder_build@AscendAttentionMetadataBuilder,36.330,122.150,122.150,1,3142.860,1,1,131,131
103,decode,pi: am.builder_build,20.760,1048.380,320.940,4,3142.860,1,1,131,131
103,decode,pi: am.layer_assign,7.530,7.530,2.110,4,3142.860,1,1,131,131
103,decode,pi: am.group_loop,90.710,1146.620,345.760,4,3142.860,1,1,131,131
103,decode,pi: am.builder_build@AscendGDNAttentionMetadataBuilder,905.470,905.470,315.390,3,3142.860,1,1,131,131
103,decode,pi: build_attention_metadata,281.940,1523.960,1523.960,1,3142.860,1,1,131,131
103,decode,pi: sanitize_placeholder_ids,1.100,1.100,1.100,1,3142.860,1,1,131,131
103,decode,pi: sync_input_prep,102.140,2889.340,2889.340,1,3142.860,1,1,131,131
103,decode,pi: TOTAL,3142.860,3142.860,3142.860,1,3142.860,1,1,131,131
104,decode,pi: update_states,102.240,102.240,102.240,1,3134.620,1,1,131,131
104,decode,pi: tokens_list,1.030,1.030,1.030,1,3134.620,1,1,131,131
104,decode,pi: phase_classify,53.010,53.010,53.010,1,3134.620,1,1,131,131
104,decode,pi: in.block_table_commit,84.180,84.180,84.180,1,3134.620,1,1,131,131
104,decode,pi: in.req_indices,9.500,9.500,9.500,1,3134.620,1,1,131,131
104,decode,pi: in.attn_state,27.600,27.600,27.600,1,3134.620,1,1,131,131
104,decode,pi: in.positions,24.790,24.790,24.790,1,3134.620,1,1,131,131
104,decode,pi: in.prev_positions,31.080,31.080,31.080,1,3134.620,1,1,131,131
104,decode,pi: in.token_indices_select,25.390,25.390,25.390,1,3134.620,1,1,131,131
104,decode,pi: in.query_start_loc,26.690,26.690,26.690,1,3134.620,1,1,131,131
104,decode,pi: in.optimistic_seq_lens,50.250,50.250,50.250,1,3134.620,1,1,131,131
104,decode,pi: in.prepare_input_ids,65.960,65.960,65.960,1,3134.620,1,1,131,131
104,decode,pi: in.mrope_positions,40.860,40.860,40.860,1,3134.620,1,1,131,131
104,decode,pi: in.discard_mask,56.960,56.960,56.960,1,3134.620,1,1,131,131
104,decode,pi: in.num_accepted_tokens,13.830,13.830,13.830,1,3134.620,1,1,131,131
104,decode,pi: in.num_computed_tokens,17.550,17.550,17.550,1,3134.620,1,1,131,131
104,decode,pi: in.tokens_to_gpu,57.680,57.680,57.680,1,3134.620,1,1,131,131
104,decode,pi: in.positions_assembly,110.040,110.040,110.040,1,3134.620,1,1,131,131
104,decode,pi: in.seq_lens,58.000,58.000,58.000,1,3134.620,1,1,131,131
104,decode,pi: in.slot_mapping,138.390,138.390,138.390,1,3134.620,1,1,131,131
104,decode,pi: in.mrope_drift,0.640,0.640,0.640,1,3134.620,1,1,131,131
104,decode,pi: in.logits_indices,39.920,39.920,37.410,2,3134.620,1,1,131,131
104,decode,pi: prepare_inputs,95.670,974.980,974.980,1,3134.620,1,1,131,131
104,decode,pi: cascade_attn_prefix_lens,10.450,10.450,10.450,1,3134.620,1,1,131,131
104,decode,pi: batch_exec_and_padding,50.760,50.760,50.760,1,3134.620,1,1,131,131
104,decode,pi: ubatch_slices,1.430,1.430,1.430,1,3134.620,1,1,131,131
104,decode,pi: pad_query_start_loc,29.650,29.650,29.650,1,3134.620,1,1,131,131
104,decode,pi: am.max_seq_len,18.080,18.080,18.080,1,3134.620,1,1,131,131
104,decode,pi: am.cm_base_pre,74.200,74.200,74.200,1,3134.620,1,1,131,131
104,decode,pi: am.build.split_decodes,9.710,9.710,9.710,1,3134.620,1,1,131,131
104,decode,pi: am.build.seq_lens_select,8.730,8.730,8.730,1,3134.620,1,1,131,131
104,decode,pi: am.build.attn_mask,1.240,1.240,1.240,1,3134.620,1,1,131,131
104,decode,pi: am.build.qsl_h2d,34.710,34.710,34.710,1,3134.620,1,1,131,131
104,decode,pi: am.build.tolist,9.380,9.380,9.380,1,3134.620,1,1,131,131
104,decode,pi: am.build.fia_pad,1.810,1.810,1.810,1,3134.620,1,1,131,131
104,decode,pi: am.build.backend_metadata,16.150,16.150,16.150,1,3134.620,1,1,131,131
104,decode,pi: am.build.metadata_ctor,6.750,6.750,6.750,1,3134.620,1,1,131,131
104,decode,pi: am.builder_build@AscendAttentionMetadataBuilder,36.860,125.340,125.340,1,3134.620,1,1,131,131
104,decode,pi: am.builder_build,21.330,1066.350,327.700,4,3134.620,1,1,131,131
104,decode,pi: am.layer_assign,7.770,7.770,2.320,4,3134.620,1,1,131,131
104,decode,pi: am.group_loop,91.180,1165.300,352.470,4,3134.620,1,1,131,131
104,decode,pi: am.builder_build@AscendGDNAttentionMetadataBuilder,919.680,919.680,322.150,3,3134.620,1,1,131,131
104,decode,pi: build_attention_metadata,295.530,1553.110,1553.110,1,3134.620,1,1,131,131
104,decode,pi: sanitize_placeholder_ids,1.120,1.120,1.120,1,3134.620,1,1,131,131
104,decode,pi: sync_input_prep,104.420,2882.200,2882.200,1,3134.620,1,1,131,131
104,decode,pi: TOTAL,3134.620,3134.620,3134.620,1,3134.620,1,1,131,131
105,decode,pi: update_states,103.240,103.240,103.240,1,3162.550,1,1,131,131
105,decode,pi: tokens_list,1.110,1.110,1.110,1,3162.550,1,1,131,131
105,decode,pi: phase_classify,53.150,53.150,53.150,1,3162.550,1,1,131,131
105,decode,pi: in.block_table_commit,84.420,84.420,84.420,1,3162.550,1,1,131,131
105,decode,pi: in.req_indices,10.090,10.090,10.090,1,3162.550,1,1,131,131
105,decode,pi: in.attn_state,28.250,28.250,28.250,1,3162.550,1,1,131,131
105,decode,pi: in.positions,25.320,25.320,25.320,1,3162.550,1,1,131,131
105,decode,pi: in.prev_positions,31.380,31.380,31.380,1,3162.550,1,1,131,131
105,decode,pi: in.token_indices_select,25.330,25.330,25.330,1,3162.550,1,1,131,131
105,decode,pi: in.query_start_loc,26.700,26.700,26.700,1,3162.550,1,1,131,131
105,decode,pi: in.optimistic_seq_lens,48.580,48.580,48.580,1,3162.550,1,1,131,131
105,decode,pi: in.prepare_input_ids,65.240,65.240,65.240,1,3162.550,1,1,131,131
105,decode,pi: in.mrope_positions,39.410,39.410,39.410,1,3162.550,1,1,131,131
105,decode,pi: in.discard_mask,57.220,57.220,57.220,1,3162.550,1,1,131,131
105,decode,pi: in.num_accepted_tokens,15.120,15.120,15.120,1,3162.550,1,1,131,131
105,decode,pi: in.num_computed_tokens,18.450,18.450,18.450,1,3162.550,1,1,131,131
105,decode,pi: in.tokens_to_gpu,59.650,59.650,59.650,1,3162.550,1,1,131,131
105,decode,pi: in.positions_assembly,110.610,110.610,110.610,1,3162.550,1,1,131,131
105,decode,pi: in.seq_lens,55.640,55.640,55.640,1,3162.550,1,1,131,131
105,decode,pi: in.slot_mapping,137.770,137.770,137.770,1,3162.550,1,1,131,131
105,decode,pi: in.mrope_drift,0.620,0.620,0.620,1,3162.550,1,1,131,131
105,decode,pi: in.logits_indices,39.140,39.140,36.370,2,3162.550,1,1,131,131
105,decode,pi: prepare_inputs,95.370,974.310,974.310,1,3162.550,1,1,131,131
105,decode,pi: cascade_attn_prefix_lens,10.740,10.740,10.740,1,3162.550,1,1,131,131
105,decode,pi: batch_exec_and_padding,51.470,51.470,51.470,1,3162.550,1,1,131,131
105,decode,pi: ubatch_slices,1.500,1.500,1.500,1,3162.550,1,1,131,131
105,decode,pi: pad_query_start_loc,29.360,29.360,29.360,1,3162.550,1,1,131,131
105,decode,pi: am.max_seq_len,18.650,18.650,18.650,1,3162.550,1,1,131,131
105,decode,pi: am.cm_base_pre,73.430,73.430,73.430,1,3162.550,1,1,131,131
105,decode,pi: am.build.split_decodes,9.680,9.680,9.680,1,3162.550,1,1,131,131
105,decode,pi: am.build.seq_lens_select,8.510,8.510,8.510,1,3162.550,1,1,131,131
105,decode,pi: am.build.attn_mask,1.180,1.180,1.180,1,3162.550,1,1,131,131
105,decode,pi: am.build.qsl_h2d,33.510,33.510,33.510,1,3162.550,1,1,131,131
105,decode,pi: am.build.tolist,9.420,9.420,9.420,1,3162.550,1,1,131,131
105,decode,pi: am.build.fia_pad,1.780,1.780,1.780,1,3162.550,1,1,131,131
105,decode,pi: am.build.backend_metadata,15.230,15.230,15.230,1,3162.550,1,1,131,131
105,decode,pi: am.build.metadata_ctor,6.680,6.680,6.680,1,3162.550,1,1,131,131
105,decode,pi: am.builder_build@AscendAttentionMetadataBuilder,36.290,122.280,122.280,1,3162.550,1,1,131,131
105,decode,pi: am.builder_build,21.010,1099.460,351.090,4,3162.550,1,1,131,131
105,decode,pi: am.layer_assign,7.900,7.900,2.260,4,3162.550,1,1,131,131
105,decode,pi: am.group_loop,91.530,1198.890,376.550,4,3162.550,1,1,131,131
105,decode,pi: am.builder_build@AscendGDNAttentionMetadataBuilder,956.170,956.170,345.260,3,3162.550,1,1,131,131
105,decode,pi: build_attention_metadata,284.980,1575.950,1575.950,1,3162.550,1,1,131,131
105,decode,pi: sanitize_placeholder_ids,1.190,1.190,1.190,1,3162.550,1,1,131,131
105,decode,pi: sync_input_prep,104.240,2906.260,2906.260,1,3162.550,1,1,131,131
105,decode,pi: TOTAL,3162.550,3162.550,3162.550,1,3162.550,1,1,131,131
106,decode,pi: update_states,101.500,101.500,101.500,1,3181.710,1,1,131,131
106,decode,pi: tokens_list,1.010,1.010,1.010,1,3181.710,1,1,131,131
106,decode,pi: phase_classify,53.580,53.580,53.580,1,3181.710,1,1,131,131
106,decode,pi: in.block_table_commit,85.730,85.730,85.730,1,3181.710,1,1,131,131
106,decode,pi: in.req_indices,29.520,29.520,29.520,1,3181.710,1,1,131,131
106,decode,pi: in.attn_state,30.260,30.260,30.260,1,3181.710,1,1,131,131
106,decode,pi: in.positions,25.180,25.180,25.180,1,3181.710,1,1,131,131
106,decode,pi: in.prev_positions,33.420,33.420,33.420,1,3181.710,1,1,131,131
106,decode,pi: in.token_indices_select,25.000,25.000,25.000,1,3181.710,1,1,131,131
106,decode,pi: in.query_start_loc,29.510,29.510,29.510,1,3181.710,1,1,131,131
106,decode,pi: in.optimistic_seq_lens,49.940,49.940,49.940,1,3181.710,1,1,131,131
106,decode,pi: in.prepare_input_ids,73.000,73.000,73.000,1,3181.710,1,1,131,131
106,decode,pi: in.mrope_positions,43.850,43.850,43.850,1,3181.710,1,1,131,131
106,decode,pi: in.discard_mask,60.160,60.160,60.160,1,3181.710,1,1,131,131
106,decode,pi: in.num_accepted_tokens,15.990,15.990,15.990,1,3181.710,1,1,131,131
106,decode,pi: in.num_computed_tokens,17.840,17.840,17.840,1,3181.710,1,1,131,131
106,decode,pi: in.tokens_to_gpu,60.810,60.810,60.810,1,3181.710,1,1,131,131
106,decode,pi: in.positions_assembly,111.370,111.370,111.370,1,3181.710,1,1,131,131
106,decode,pi: in.seq_lens,55.380,55.380,55.380,1,3181.710,1,1,131,131
106,decode,pi: in.slot_mapping,137.440,137.440,137.440,1,3181.710,1,1,131,131
106,decode,pi: in.mrope_drift,0.690,0.690,0.690,1,3181.710,1,1,131,131
106,decode,pi: in.logits_indices,39.800,39.800,37.410,2,3181.710,1,1,131,131
106,decode,pi: prepare_inputs,97.010,1021.900,1021.900,1,3181.710,1,1,131,131
106,decode,pi: cascade_attn_prefix_lens,10.730,10.730,10.730,1,3181.710,1,1,131,131
106,decode,pi: batch_exec_and_padding,50.470,50.470,50.470,1,3181.710,1,1,131,131
106,decode,pi: ubatch_slices,1.470,1.470,1.470,1,3181.710,1,1,131,131
106,decode,pi: pad_query_start_loc,28.840,28.840,28.840,1,3181.710,1,1,131,131
106,decode,pi: am.max_seq_len,17.900,17.900,17.900,1,3181.710,1,1,131,131
106,decode,pi: am.cm_base_pre,75.130,75.130,75.130,1,3181.710,1,1,131,131
106,decode,pi: am.build.split_decodes,9.450,9.450,9.450,1,3181.710,1,1,131,131
106,decode,pi: am.build.seq_lens_select,8.500,8.500,8.500,1,3181.710,1,1,131,131
106,decode,pi: am.build.attn_mask,1.230,1.230,1.230,1,3181.710,1,1,131,131
106,decode,pi: am.build.qsl_h2d,32.780,32.780,32.780,1,3181.710,1,1,131,131
106,decode,pi: am.build.tolist,9.720,9.720,9.720,1,3181.710,1,1,131,131
106,decode,pi: am.build.fia_pad,1.670,1.670,1.670,1,3181.710,1,1,131,131
106,decode,pi: am.build.backend_metadata,17.190,17.190,17.190,1,3181.710,1,1,131,131
106,decode,pi: am.build.metadata_ctor,6.780,6.780,6.780,1,3181.710,1,1,131,131
106,decode,pi: am.builder_build@AscendAttentionMetadataBuilder,36.070,123.390,123.390,1,3181.710,1,1,131,131
106,decode,pi: am.builder_build,20.650,1070.300,333.390,4,3181.710,1,1,131,131
106,decode,pi: am.layer_assign,8.190,8.190,2.490,4,3181.710,1,1,131,131
106,decode,pi: am.group_loop,93.090,1171.580,359.780,4,3181.710,1,1,131,131
106,decode,pi: am.builder_build@AscendGDNAttentionMetadataBuilder,926.260,926.260,327.890,3,3181.710,1,1,131,131
106,decode,pi: build_attention_metadata,284.990,1549.600,1549.600,1,3181.710,1,1,131,131
106,decode,pi: sanitize_placeholder_ids,1.040,1.040,1.040,1,3181.710,1,1,131,131
106,decode,pi: sync_input_prep,103.400,2923.540,2923.540,1,3181.710,1,1,131,131
106,decode,pi: TOTAL,3181.710,3181.710,3181.710,1,3181.710,1,1,131,131
107,decode,pi: update_states,102.720,102.720,102.720,1,3141.480,1,1,131,131
107,decode,pi: tokens_list,1.030,1.030,1.030,1,3141.480,1,1,131,131
107,decode,pi: phase_classify,52.940,52.940,52.940,1,3141.480,1,1,131,131
107,decode,pi: in.block_table_commit,90.880,90.880,90.880,1,3141.480,1,1,131,131
107,decode,pi: in.req_indices,9.750,9.750,9.750,1,3141.480,1,1,131,131
107,decode,pi: in.attn_state,27.410,27.410,27.410,1,3141.480,1,1,131,131
107,decode,pi: in.positions,24.770,24.770,24.770,1,3141.480,1,1,131,131
107,decode,pi: in.prev_positions,30.480,30.480,30.480,1,3141.480,1,1,131,131
107,decode,pi: in.token_indices_select,26.280,26.280,26.280,1,3141.480,1,1,131,131
107,decode,pi: in.query_start_loc,26.700,26.700,26.700,1,3141.480,1,1,131,131
107,decode,pi: in.optimistic_seq_lens,48.180,48.180,48.180,1,3141.480,1,1,131,131
107,decode,pi: in.prepare_input_ids,65.050,65.050,65.050,1,3141.480,1,1,131,131
107,decode,pi: in.mrope_positions,39.000,39.000,39.000,1,3141.480,1,1,131,131
107,decode,pi: in.discard_mask,57.550,57.550,57.550,1,3141.480,1,1,131,131
107,decode,pi: in.num_accepted_tokens,13.940,13.940,13.940,1,3141.480,1,1,131,131
107,decode,pi: in.num_computed_tokens,17.820,17.820,17.820,1,3141.480,1,1,131,131
107,decode,pi: in.tokens_to_gpu,61.110,61.110,61.110,1,3141.480,1,1,131,131
107,decode,pi: in.positions_assembly,109.450,109.450,109.450,1,3141.480,1,1,131,131
107,decode,pi: in.seq_lens,54.910,54.910,54.910,1,3141.480,1,1,131,131
107,decode,pi: in.slot_mapping,137.040,137.040,137.040,1,3141.480,1,1,131,131
107,decode,pi: in.mrope_drift,0.700,0.700,0.700,1,3141.480,1,1,131,131
107,decode,pi: in.logits_indices,40.460,40.460,37.600,2,3141.480,1,1,131,131
107,decode,pi: prepare_inputs,95.450,976.930,976.930,1,3141.480,1,1,131,131
107,decode,pi: cascade_attn_prefix_lens,10.890,10.890,10.890,1,3141.480,1,1,131,131
107,decode,pi: batch_exec_and_padding,50.430,50.430,50.430,1,3141.480,1,1,131,131
107,decode,pi: ubatch_slices,1.440,1.440,1.440,1,3141.480,1,1,131,131
107,decode,pi: pad_query_start_loc,28.560,28.560,28.560,1,3141.480,1,1,131,131
107,decode,pi: am.max_seq_len,18.540,18.540,18.540,1,3141.480,1,1,131,131
107,decode,pi: am.cm_base_pre,76.590,76.590,76.590,1,3141.480,1,1,131,131
107,decode,pi: am.build.split_decodes,9.470,9.470,9.470,1,3141.480,1,1,131,131
107,decode,pi: am.build.seq_lens_select,8.570,8.570,8.570,1,3141.480,1,1,131,131
107,decode,pi: am.build.attn_mask,1.360,1.360,1.360,1,3141.480,1,1,131,131
107,decode,pi: am.build.qsl_h2d,33.440,33.440,33.440,1,3141.480,1,1,131,131
107,decode,pi: am.build.tolist,9.560,9.560,9.560,1,3141.480,1,1,131,131
107,decode,pi: am.build.fia_pad,1.620,1.620,1.620,1,3141.480,1,1,131,131
107,decode,pi: am.build.backend_metadata,16.330,16.330,16.330,1,3141.480,1,1,131,131
107,decode,pi: am.build.metadata_ctor,6.550,6.550,6.550,1,3141.480,1,1,131,131
107,decode,pi: am.builder_build@AscendAttentionMetadataBuilder,36.400,123.300,123.300,1,3141.480,1,1,131,131
107,decode,pi: am.builder_build,19.620,1057.550,320.480,4,3141.480,1,1,131,131
107,decode,pi: am.layer_assign,7.920,7.920,2.730,4,3141.480,1,1,131,131
107,decode,pi: am.group_loop,104.970,1170.440,344.680,4,3141.480,1,1,131,131
107,decode,pi: am.builder_build@AscendGDNAttentionMetadataBuilder,914.630,914.630,315.450,3,3141.480,1,1,131,131
107,decode,pi: build_attention_metadata,285.000,1550.570,1550.570,1,3141.480,1,1,131,131
107,decode,pi: sanitize_placeholder_ids,1.110,1.110,1.110,1,3141.480,1,1,131,131
107,decode,pi: sync_input_prep,106.430,2883.050,2883.050,1,3141.480,1,1,131,131
107,decode,pi: TOTAL,3141.480,3141.480,3141.480,1,3141.480,1,1,131,131
108,decode,pi: update_states,101.290,101.290,101.290,1,3127.490,1,1,131,131
108,decode,pi: tokens_list,1.040,1.040,1.040,1,3127.490,1,1,131,131
108,decode,pi: phase_classify,54.730,54.730,54.730,1,3127.490,1,1,131,131
108,decode,pi: in.block_table_commit,83.640,83.640,83.640,1,3127.490,1,1,131,131
108,decode,pi: in.req_indices,9.580,9.580,9.580,1,3127.490,1,1,131,131
108,decode,pi: in.attn_state,27.080,27.080,27.080,1,3127.490,1,1,131,131
108,decode,pi: in.positions,25.450,25.450,25.450,1,3127.490,1,1,131,131
108,decode,pi: in.prev_positions,30.260,30.260,30.260,1,3127.490,1,1,131,131
108,decode,pi: in.token_indices_select,25.890,25.890,25.890,1,3127.490,1,1,131,131
108,decode,pi: in.query_start_loc,26.600,26.600,26.600,1,3127.490,1,1,131,131
108,decode,pi: in.optimistic_seq_lens,49.000,49.000,49.000,1,3127.490,1,1,131,131
108,decode,pi: in.prepare_input_ids,64.620,64.620,64.620,1,3127.490,1,1,131,131
108,decode,pi: in.mrope_positions,39.750,39.750,39.750,1,3127.490,1,1,131,131
108,decode,pi: in.discard_mask,58.390,58.390,58.390,1,3127.490,1,1,131,131
108,decode,pi: in.num_accepted_tokens,13.640,13.640,13.640,1,3127.490,1,1,131,131
108,decode,pi: in.num_computed_tokens,16.920,16.920,16.920,1,3127.490,1,1,131,131
108,decode,pi: in.tokens_to_gpu,58.090,58.090,58.090,1,3127.490,1,1,131,131
108,decode,pi: in.positions_assembly,110.070,110.070,110.070,1,3127.490,1,1,131,131
108,decode,pi: in.seq_lens,56.770,56.770,56.770,1,3127.490,1,1,131,131
108,decode,pi: in.slot_mapping,143.970,143.970,143.970,1,3127.490,1,1,131,131
108,decode,pi: in.mrope_drift,0.680,0.680,0.680,1,3127.490,1,1,131,131
108,decode,pi: in.logits_indices,43.860,43.860,41.350,2,3127.490,1,1,131,131
108,decode,pi: prepare_inputs,96.400,980.660,980.660,1,3127.490,1,1,131,131
108,decode,pi: cascade_attn_prefix_lens,10.270,10.270,10.270,1,3127.490,1,1,131,131
108,decode,pi: batch_exec_and_padding,50.350,50.350,50.350,1,3127.490,1,1,131,131
108,decode,pi: ubatch_slices,1.530,1.530,1.530,1,3127.490,1,1,131,131
108,decode,pi: pad_query_start_loc,30.040,30.040,30.040,1,3127.490,1,1,131,131
108,decode,pi: am.max_seq_len,18.400,18.400,18.400,1,3127.490,1,1,131,131
108,decode,pi: am.cm_base_pre,92.320,92.320,92.320,1,3127.490,1,1,131,131
108,decode,pi: am.build.split_decodes,9.650,9.650,9.650,1,3127.490,1,1,131,131
108,decode,pi: am.build.seq_lens_select,8.640,8.640,8.640,1,3127.490,1,1,131,131
108,decode,pi: am.build.attn_mask,1.240,1.240,1.240,1,3127.490,1,1,131,131
108,decode,pi: am.build.qsl_h2d,34.720,34.720,34.720,1,3127.490,1,1,131,131
108,decode,pi: am.build.tolist,9.080,9.080,9.080,1,3127.490,1,1,131,131
108,decode,pi: am.build.fia_pad,1.810,1.810,1.810,1,3127.490,1,1,131,131
108,decode,pi: am.build.backend_metadata,16.910,16.910,16.910,1,3127.490,1,1,131,131
108,decode,pi: am.build.metadata_ctor,6.790,6.790,6.790,1,3127.490,1,1,131,131
108,decode,pi: am.builder_build@AscendAttentionMetadataBuilder,36.420,125.260,125.260,1,3127.490,1,1,131,131
108,decode,pi: am.builder_build,19.840,1046.300,318.640,4,3127.490,1,1,131,131
108,decode,pi: am.layer_assign,7.620,7.620,2.160,4,3127.490,1,1,131,131
108,decode,pi: am.group_loop,88.730,1142.650,342.890,4,3127.490,1,1,131,131
108,decode,pi: am.builder_build@AscendGDNAttentionMetadataBuilder,901.200,901.200,313.210,3,3127.490,1,1,131,131
108,decode,pi: build_attention_metadata,285.700,1539.070,1539.070,1,3127.490,1,1,131,131
108,decode,pi: sanitize_placeholder_ids,1.040,1.040,1.040,1,3127.490,1,1,131,131
108,decode,pi: sync_input_prep,103.930,2873.950,2873.950,1,3127.490,1,1,131,131
108,decode,pi: TOTAL,3127.490,3127.490,3127.490,1,3127.490,1,1,131,131
109,decode,pi: update_states,101.100,101.100,101.100,1,3091.620,1,1,131,131
109,decode,pi: tokens_list,1.060,1.060,1.060,1,3091.620,1,1,131,131
109,decode,pi: phase_classify,53.710,53.710,53.710,1,3091.620,1,1,131,131
109,decode,pi: in.block_table_commit,84.890,84.890,84.890,1,3091.620,1,1,131,131
109,decode,pi: in.req_indices,9.420,9.420,9.420,1,3091.620,1,1,131,131
109,decode,pi: in.attn_state,27.640,27.640,27.640,1,3091.620,1,1,131,131
109,decode,pi: in.positions,24.810,24.810,24.810,1,3091.620,1,1,131,131
109,decode,pi: in.prev_positions,31.170,31.170,31.170,1,3091.620,1,1,131,131
109,decode,pi: in.token_indices_select,25.880,25.880,25.880,1,3091.620,1,1,131,131
109,decode,pi: in.query_start_loc,26.640,26.640,26.640,1,3091.620,1,1,131,131
109,decode,pi: in.optimistic_seq_lens,48.000,48.000,48.000,1,3091.620,1,1,131,131
109,decode,pi: in.prepare_input_ids,65.550,65.550,65.550,1,3091.620,1,1,131,131
109,decode,pi: in.mrope_positions,40.450,40.450,40.450,1,3091.620,1,1,131,131
109,decode,pi: in.discard_mask,58.620,58.620,58.620,1,3091.620,1,1,131,131
109,decode,pi: in.num_accepted_tokens,14.010,14.010,14.010,1,3091.620,1,1,131,131
109,decode,pi: in.num_computed_tokens,17.740,17.740,17.740,1,3091.620,1,1,131,131
109,decode,pi: in.tokens_to_gpu,62.840,62.840,62.840,1,3091.620,1,1,131,131
109,decode,pi: in.positions_assembly,108.630,108.630,108.630,1,3091.620,1,1,131,131
109,decode,pi: in.seq_lens,54.990,54.990,54.990,1,3091.620,1,1,131,131
109,decode,pi: in.slot_mapping,136.630,136.630,136.630,1,3091.620,1,1,131,131
109,decode,pi: in.mrope_drift,0.700,0.700,0.700,1,3091.620,1,1,131,131
109,decode,pi: in.logits_indices,39.550,39.550,36.670,2,3091.620,1,1,131,131
109,decode,pi: prepare_inputs,94.240,972.400,972.400,1,3091.620,1,1,131,131
109,decode,pi: cascade_attn_prefix_lens,10.940,10.940,10.940,1,3091.620,1,1,131,131
109,decode,pi: batch_exec_and_padding,51.270,51.270,51.270,1,3091.620,1,1,131,131
109,decode,pi: ubatch_slices,1.570,1.570,1.570,1,3091.620,1,1,131,131
109,decode,pi: pad_query_start_loc,28.870,28.870,28.870,1,3091.620,1,1,131,131
109,decode,pi: am.max_seq_len,18.530,18.530,18.530,1,3091.620,1,1,131,131
109,decode,pi: am.cm_base_pre,73.730,73.730,73.730,1,3091.620,1,1,131,131
109,decode,pi: am.build.split_decodes,9.610,9.610,9.610,1,3091.620,1,1,131,131
109,decode,pi: am.build.seq_lens_select,8.640,8.640,8.640,1,3091.620,1,1,131,131
109,decode,pi: am.build.attn_mask,1.290,1.290,1.290,1,3091.620,1,1,131,131
109,decode,pi: am.build.qsl_h2d,32.910,32.910,32.910,1,3091.620,1,1,131,131
109,decode,pi: am.build.tolist,10.000,10.000,10.000,1,3091.620,1,1,131,131
109,decode,pi: am.build.fia_pad,1.670,1.670,1.670,1,3091.620,1,1,131,131
109,decode,pi: am.build.backend_metadata,16.970,16.970,16.970,1,3091.620,1,1,131,131
109,decode,pi: am.build.metadata_ctor,7.030,7.030,7.030,1,3091.620,1,1,131,131
109,decode,pi: am.builder_build@AscendAttentionMetadataBuilder,36.350,124.470,124.470,1,3091.620,1,1,131,131
109,decode,pi: am.builder_build,20.350,1047.100,321.130,4,3091.620,1,1,131,131
109,decode,pi: am.layer_assign,7.780,7.780,2.240,4,3091.620,1,1,131,131
109,decode,pi: am.group_loop,88.540,1143.420,345.610,4,3091.620,1,1,131,131
109,decode,pi: am.builder_build@AscendGDNAttentionMetadataBuilder,902.280,902.280,315.890,3,3091.620,1,1,131,131
109,decode,pi: build_attention_metadata,283.480,1519.160,1519.160,1,3091.620,1,1,131,131
109,decode,pi: sanitize_placeholder_ids,1.050,1.050,1.050,1,3091.620,1,1,131,131
109,decode,pi: sync_input_prep,104.410,2845.540,2845.540,1,3091.620,1,1,131,131
109,decode,pi: TOTAL,3091.620,3091.620,3091.620,1,3091.620,1,1,131,131
110,decode,pi: update_states,100.870,100.870,100.870,1,3143.260,1,1,131,131
110,decode,pi: tokens_list,0.890,0.890,0.890,1,3143.260,1,1,131,131
110,decode,pi: phase_classify,54.450,54.450,54.450,1,3143.260,1,1,131,131
110,decode,pi: in.block_table_commit,91.730,91.730,91.730,1,3143.260,1,1,131,131
110,decode,pi: in.req_indices,10.700,10.700,10.700,1,3143.260,1,1,131,131
110,decode,pi: in.attn_state,28.620,28.620,28.620,1,3143.260,1,1,131,131
110,decode,pi: in.positions,25.470,25.470,25.470,1,3143.260,1,1,131,131
110,decode,pi: in.prev_positions,30.240,30.240,30.240,1,3143.260,1,1,131,131
110,decode,pi: in.token_indices_select,25.440,25.440,25.440,1,3143.260,1,1,131,131
110,decode,pi: in.query_start_loc,27.000,27.000,27.000,1,3143.260,1,1,131,131
110,decode,pi: in.optimistic_seq_lens,48.250,48.250,48.250,1,3143.260,1,1,131,131
110,decode,pi: in.prepare_input_ids,65.260,65.260,65.260,1,3143.260,1,1,131,131
110,decode,pi: in.mrope_positions,39.060,39.060,39.060,1,3143.260,1,1,131,131
110,decode,pi: in.discard_mask,57.420,57.420,57.420,1,3143.260,1,1,131,131
110,decode,pi: in.num_accepted_tokens,15.830,15.830,15.830,1,3143.260,1,1,131,131
110,decode,pi: in.num_computed_tokens,17.790,17.790,17.790,1,3143.260,1,1,131,131
110,decode,pi: in.tokens_to_gpu,59.470,59.470,59.470,1,3143.260,1,1,131,131
110,decode,pi: in.positions_assembly,109.810,109.810,109.810,1,3143.260,1,1,131,131
110,decode,pi: in.seq_lens,57.140,57.140,57.140,1,3143.260,1,1,131,131
110,decode,pi: in.slot_mapping,134.160,134.160,134.160,1,3143.260,1,1,131,131
110,decode,pi: in.mrope_drift,0.570,0.570,0.570,1,3143.260,1,1,131,131
110,decode,pi: in.logits_indices,39.340,39.340,37.070,2,3143.260,1,1,131,131
110,decode,pi: prepare_inputs,96.620,979.920,979.920,1,3143.260,1,1,131,131
110,decode,pi: cascade_attn_prefix_lens,10.490,10.490,10.490,1,3143.260,1,1,131,131
110,decode,pi: batch_exec_and_padding,50.660,50.660,50.660,1,3143.260,1,1,131,131
110,decode,pi: ubatch_slices,1.460,1.460,1.460,1,3143.260,1,1,131,131
110,decode,pi: pad_query_start_loc,30.140,30.140,30.140,1,3143.260,1,1,131,131
110,decode,pi: am.max_seq_len,18.090,18.090,18.090,1,3143.260,1,1,131,131
110,decode,pi: am.cm_base_pre,74.220,74.220,74.220,1,3143.260,1,1,131,131
110,decode,pi: am.build.split_decodes,9.110,9.110,9.110,1,3143.260,1,1,131,131
110,decode,pi: am.build.seq_lens_select,8.600,8.600,8.600,1,3143.260,1,1,131,131
110,decode,pi: am.build.attn_mask,1.250,1.250,1.250,1,3143.260,1,1,131,131
110,decode,pi: am.build.qsl_h2d,32.260,32.260,32.260,1,3143.260,1,1,131,131
110,decode,pi: am.build.tolist,9.540,9.540,9.540,1,3143.260,1,1,131,131
110,decode,pi: am.build.fia_pad,1.800,1.800,1.800,1,3143.260,1,1,131,131
110,decode,pi: am.build.backend_metadata,16.210,16.210,16.210,1,3143.260,1,1,131,131
110,decode,pi: am.build.metadata_ctor,6.560,6.560,6.560,1,3143.260,1,1,131,131
110,decode,pi: am.builder_build@AscendAttentionMetadataBuilder,36.930,122.260,122.260,1,3143.260,1,1,131,131
110,decode,pi: am.builder_build,20.390,1085.900,330.510,4,3143.260,1,1,131,131
110,decode,pi: am.layer_assign,7.290,7.290,2.250,4,3143.260,1,1,131,131
110,decode,pi: am.group_loop,88.430,1181.620,354.960,4,3143.260,1,1,131,131
110,decode,pi: am.builder_build@AscendGDNAttentionMetadataBuilder,943.250,943.250,324.950,3,3143.260,1,1,131,131
110,decode,pi: build_attention_metadata,285.770,1559.700,1559.700,1,3143.260,1,1,131,131
110,decode,pi: sanitize_placeholder_ids,1.150,1.150,1.150,1,3143.260,1,1,131,131
110,decode,pi: sync_input_prep,104.130,2893.860,2893.860,1,3143.260,1,1,131,131
110,decode,pi: TOTAL,3143.260,3143.260,3143.260,1,3143.260,1,1,131,131
111,decode,pi: update_states,100.840,100.840,100.840,1,3134.550,1,1,131,131
111,decode,pi: tokens_list,0.990,0.990,0.990,1,3134.550,1,1,131,131
111,decode,pi: phase_classify,53.530,53.530,53.530,1,3134.550,1,1,131,131
111,decode,pi: in.block_table_commit,88.440,88.440,88.440,1,3134.550,1,1,131,131
111,decode,pi: in.req_indices,9.420,9.420,9.420,1,3134.550,1,1,131,131
111,decode,pi: in.attn_state,27.540,27.540,27.540,1,3134.550,1,1,131,131
111,decode,pi: in.positions,25.100,25.100,25.100,1,3134.550,1,1,131,131
111,decode,pi: in.prev_positions,28.980,28.980,28.980,1,3134.550,1,1,131,131
111,decode,pi: in.token_indices_select,25.610,25.610,25.610,1,3134.550,1,1,131,131
111,decode,pi: in.query_start_loc,26.510,26.510,26.510,1,3134.550,1,1,131,131
111,decode,pi: in.optimistic_seq_lens,48.120,48.120,48.120,1,3134.550,1,1,131,131
111,decode,pi: in.prepare_input_ids,64.940,64.940,64.940,1,3134.550,1,1,131,131
111,decode,pi: in.mrope_positions,39.710,39.710,39.710,1,3134.550,1,1,131,131
111,decode,pi: in.discard_mask,58.270,58.270,58.270,1,3134.550,1,1,131,131
111,decode,pi: in.num_accepted_tokens,14.490,14.490,14.490,1,3134.550,1,1,131,131
111,decode,pi: in.num_computed_tokens,17.650,17.650,17.650,1,3134.550,1,1,131,131
111,decode,pi: in.tokens_to_gpu,58.390,58.390,58.390,1,3134.550,1,1,131,131
111,decode,pi: in.positions_assembly,111.520,111.520,111.520,1,3134.550,1,1,131,131
111,decode,pi: in.seq_lens,56.730,56.730,56.730,1,3134.550,1,1,131,131
111,decode,pi: in.slot_mapping,136.540,136.540,136.540,1,3134.550,1,1,131,131
111,decode,pi: in.mrope_drift,0.700,0.700,0.700,1,3134.550,1,1,131,131
111,decode,pi: in.logits_indices,66.470,66.470,63.650,2,3134.550,1,1,131,131
111,decode,pi: prepare_inputs,96.400,1001.530,1001.530,1,3134.550,1,1,131,131
111,decode,pi: cascade_attn_prefix_lens,11.220,11.220,11.220,1,3134.550,1,1,131,131
111,decode,pi: batch_exec_and_padding,52.280,52.280,52.280,1,3134.550,1,1,131,131
111,decode,pi: ubatch_slices,1.590,1.590,1.590,1,3134.550,1,1,131,131
111,decode,pi: pad_query_start_loc,31.850,31.850,31.850,1,3134.550,1,1,131,131
111,decode,pi: am.max_seq_len,19.260,19.260,19.260,1,3134.550,1,1,131,131
111,decode,pi: am.cm_base_pre,74.530,74.530,74.530,1,3134.550,1,1,131,131
111,decode,pi: am.build.split_decodes,9.240,9.240,9.240,1,3134.550,1,1,131,131
111,decode,pi: am.build.seq_lens_select,8.630,8.630,8.630,1,3134.550,1,1,131,131
111,decode,pi: am.build.attn_mask,1.280,1.280,1.280,1,3134.550,1,1,131,131
111,decode,pi: am.build.qsl_h2d,34.580,34.580,34.580,1,3134.550,1,1,131,131
111,decode,pi: am.build.tolist,9.720,9.720,9.720,1,3134.550,1,1,131,131
111,decode,pi: am.build.fia_pad,1.850,1.850,1.850,1,3134.550,1,1,131,131
111,decode,pi: am.build.backend_metadata,15.210,15.210,15.210,1,3134.550,1,1,131,131
111,decode,pi: am.build.metadata_ctor,6.360,6.360,6.360,1,3134.550,1,1,131,131
111,decode,pi: am.builder_build@AscendAttentionMetadataBuilder,36.290,123.160,123.160,1,3134.550,1,1,131,131
111,decode,pi: am.builder_build,20.230,1050.240,326.910,4,3134.550,1,1,131,131
111,decode,pi: am.layer_assign,7.670,7.670,2.140,4,3134.550,1,1,131,131
111,decode,pi: am.group_loop,89.880,1147.790,352.010,4,3134.550,1,1,131,131
111,decode,pi: am.builder_build@AscendGDNAttentionMetadataBuilder,906.850,906.850,321.510,3,3134.550,1,1,131,131
111,decode,pi: build_attention_metadata,285.020,1526.600,1526.600,1,3134.550,1,1,131,131
111,decode,pi: sanitize_placeholder_ids,1.090,1.090,1.090,1,3134.550,1,1,131,131
111,decode,pi: sync_input_prep,105.430,2886.950,2886.950,1,3134.550,1,1,131,131
111,decode,pi: TOTAL,3134.550,3134.550,3134.550,1,3134.550,1,1,131,131
112,decode,pi: update_states,100.410,100.410,100.410,1,3096.330,1,1,131,131
112,decode,pi: tokens_list,1.040,1.040,1.040,1,3096.330,1,1,131,131
112,decode,pi: phase_classify,53.280,53.280,53.280,1,3096.330,1,1,131,131
112,decode,pi: in.block_table_commit,89.750,89.750,89.750,1,3096.330,1,1,131,131
112,decode,pi: in.req_indices,9.550,9.550,9.550,1,3096.330,1,1,131,131
112,decode,pi: in.attn_state,28.130,28.130,28.130,1,3096.330,1,1,131,131
112,decode,pi: in.positions,24.870,24.870,24.870,1,3096.330,1,1,131,131
112,decode,pi: in.prev_positions,30.310,30.310,30.310,1,3096.330,1,1,131,131
112,decode,pi: in.token_indices_select,25.700,25.700,25.700,1,3096.330,1,1,131,131
112,decode,pi: in.query_start_loc,26.780,26.780,26.780,1,3096.330,1,1,131,131
112,decode,pi: in.optimistic_seq_lens,48.130,48.130,48.130,1,3096.330,1,1,131,131
112,decode,pi: in.prepare_input_ids,64.730,64.730,64.730,1,3096.330,1,1,131,131
112,decode,pi: in.mrope_positions,39.420,39.420,39.420,1,3096.330,1,1,131,131
112,decode,pi: in.discard_mask,56.760,56.760,56.760,1,3096.330,1,1,131,131
112,decode,pi: in.num_accepted_tokens,13.820,13.820,13.820,1,3096.330,1,1,131,131
112,decode,pi: in.num_computed_tokens,18.030,18.030,18.030,1,3096.330,1,1,131,131
112,decode,pi: in.tokens_to_gpu,60.560,60.560,60.560,1,3096.330,1,1,131,131
112,decode,pi: in.positions_assembly,109.390,109.390,109.390,1,3096.330,1,1,131,131
112,decode,pi: in.seq_lens,55.840,55.840,55.840,1,3096.330,1,1,131,131
112,decode,pi: in.slot_mapping,136.580,136.580,136.580,1,3096.330,1,1,131,131
112,decode,pi: in.mrope_drift,0.700,0.700,0.700,1,3096.330,1,1,131,131
112,decode,pi: in.logits_indices,39.060,39.060,36.600,2,3096.330,1,1,131,131
112,decode,pi: prepare_inputs,94.890,973.000,973.000,1,3096.330,1,1,131,131
112,decode,pi: cascade_attn_prefix_lens,10.750,10.750,10.750,1,3096.330,1,1,131,131
112,decode,pi: batch_exec_and_padding,50.440,50.440,50.440,1,3096.330,1,1,131,131
112,decode,pi: ubatch_slices,1.440,1.440,1.440,1,3096.330,1,1,131,131
112,decode,pi: pad_query_start_loc,28.780,28.780,28.780,1,3096.330,1,1,131,131
112,decode,pi: am.max_seq_len,18.280,18.280,18.280,1,3096.330,1,1,131,131
112,decode,pi: am.cm_base_pre,76.030,76.030,76.030,1,3096.330,1,1,131,131
112,decode,pi: am.build.split_decodes,9.070,9.070,9.070,1,3096.330,1,1,131,131
112,decode,pi: am.build.seq_lens_select,8.670,8.670,8.670,1,3096.330,1,1,131,131
112,decode,pi: am.build.attn_mask,1.380,1.380,1.380,1,3096.330,1,1,131,131
112,decode,pi: am.build.qsl_h2d,32.230,32.230,32.230,1,3096.330,1,1,131,131
112,decode,pi: am.build.tolist,9.660,9.660,9.660,1,3096.330,1,1,131,131
112,decode,pi: am.build.fia_pad,1.720,1.720,1.720,1,3096.330,1,1,131,131
112,decode,pi: am.build.backend_metadata,15.150,15.150,15.150,1,3096.330,1,1,131,131
112,decode,pi: am.build.metadata_ctor,6.610,6.610,6.610,1,3096.330,1,1,131,131
112,decode,pi: am.builder_build@AscendAttentionMetadataBuilder,36.190,120.680,120.680,1,3096.330,1,1,131,131
112,decode,pi: am.builder_build,20.120,1048.360,319.820,4,3096.330,1,1,131,131
112,decode,pi: am.layer_assign,7.620,7.620,2.270,4,3096.330,1,1,131,131
112,decode,pi: am.group_loop,88.210,1144.190,344.470,4,3096.330,1,1,131,131
112,decode,pi: am.builder_build@AscendGDNAttentionMetadataBuilder,907.560,907.560,314.280,3,3096.330,1,1,131,131
112,decode,pi: build_attention_metadata,283.550,1522.050,1522.050,1,3096.330,1,1,131,131
112,decode,pi: sanitize_placeholder_ids,1.020,1.020,1.020,1,3096.330,1,1,131,131
112,decode,pi: sync_input_prep,106.760,2848.970,2848.970,1,3096.330,1,1,131,131
112,decode,pi: TOTAL,3096.330,3096.330,3096.330,1,3096.330,1,1,131,131
113,decode,pi: update_states,100.310,100.310,100.310,1,3153.880,1,1,131,131
113,decode,pi: tokens_list,1.010,1.010,1.010,1,3153.880,1,1,131,131
113,decode,pi: phase_classify,53.510,53.510,53.510,1,3153.880,1,1,131,131
113,decode,pi: in.block_table_commit,86.360,86.360,86.360,1,3153.880,1,1,131,131
113,decode,pi: in.req_indices,9.320,9.320,9.320,1,3153.880,1,1,131,131
113,decode,pi: in.attn_state,28.090,28.090,28.090,1,3153.880,1,1,131,131
113,decode,pi: in.positions,25.290,25.290,25.290,1,3153.880,1,1,131,131
113,decode,pi: in.prev_positions,30.540,30.540,30.540,1,3153.880,1,1,131,131
113,decode,pi: in.token_indices_select,25.810,25.810,25.810,1,3153.880,1,1,131,131
113,decode,pi: in.query_start_loc,27.290,27.290,27.290,1,3153.880,1,1,131,131
113,decode,pi: in.optimistic_seq_lens,48.660,48.660,48.660,1,3153.880,1,1,131,131
113,decode,pi: in.prepare_input_ids,64.950,64.950,64.950,1,3153.880,1,1,131,131
113,decode,pi: in.mrope_positions,41.280,41.280,41.280,1,3153.880,1,1,131,131
113,decode,pi: in.discard_mask,56.780,56.780,56.780,1,3153.880,1,1,131,131
113,decode,pi: in.num_accepted_tokens,14.480,14.480,14.480,1,3153.880,1,1,131,131
113,decode,pi: in.num_computed_tokens,18.090,18.090,18.090,1,3153.880,1,1,131,131
113,decode,pi: in.tokens_to_gpu,58.450,58.450,58.450,1,3153.880,1,1,131,131
113,decode,pi: in.positions_assembly,109.970,109.970,109.970,1,3153.880,1,1,131,131
113,decode,pi: in.seq_lens,55.680,55.680,55.680,1,3153.880,1,1,131,131
113,decode,pi: in.slot_mapping,137.550,137.550,137.550,1,3153.880,1,1,131,131
113,decode,pi: in.mrope_drift,0.670,0.670,0.670,1,3153.880,1,1,131,131
113,decode,pi: in.logits_indices,40.080,40.080,37.430,2,3153.880,1,1,131,131
113,decode,pi: prepare_inputs,95.480,974.820,974.820,1,3153.880,1,1,131,131
113,decode,pi: cascade_attn_prefix_lens,11.650,11.650,11.650,1,3153.880,1,1,131,131
113,decode,pi: batch_exec_and_padding,50.700,50.700,50.700,1,3153.880,1,1,131,131
113,decode,pi: ubatch_slices,1.660,1.660,1.660,1,3153.880,1,1,131,131
113,decode,pi: pad_query_start_loc,28.640,28.640,28.640,1,3153.880,1,1,131,131
113,decode,pi: am.max_seq_len,18.250,18.250,18.250,1,3153.880,1,1,131,131
113,decode,pi: am.cm_base_pre,74.570,74.570,74.570,1,3153.880,1,1,131,131
113,decode,pi: am.build.split_decodes,9.290,9.290,9.290,1,3153.880,1,1,131,131
113,decode,pi: am.build.seq_lens_select,8.560,8.560,8.560,1,3153.880,1,1,131,131
113,decode,pi: am.build.attn_mask,1.220,1.220,1.220,1,3153.880,1,1,131,131
113,decode,pi: am.build.qsl_h2d,32.700,32.700,32.700,1,3153.880,1,1,131,131
113,decode,pi: am.build.tolist,9.660,9.660,9.660,1,3153.880,1,1,131,131
113,decode,pi: am.build.fia_pad,1.730,1.730,1.730,1,3153.880,1,1,131,131
113,decode,pi: am.build.backend_metadata,14.880,14.880,14.880,1,3153.880,1,1,131,131
113,decode,pi: am.build.metadata_ctor,7.010,7.010,7.010,1,3153.880,1,1,131,131
113,decode,pi: am.builder_build@AscendAttentionMetadataBuilder,35.740,120.790,120.790,1,3153.880,1,1,131,131
113,decode,pi: am.builder_build,20.500,1081.860,326.690,4,3153.880,1,1,131,131
113,decode,pi: am.layer_assign,7.890,7.890,2.290,4,3153.880,1,1,131,131
113,decode,pi: am.group_loop,91.960,1181.710,352.340,4,3153.880,1,1,131,131
113,decode,pi: am.builder_build@AscendGDNAttentionMetadataBuilder,940.570,940.570,320.580,3,3153.880,1,1,131,131
113,decode,pi: build_attention_metadata,292.160,1566.690,1566.690,1,3153.880,1,1,131,131
113,decode,pi: sanitize_placeholder_ids,1.210,1.210,1.210,1,3153.880,1,1,131,131
113,decode,pi: sync_input_prep,108.320,2898.520,2898.520,1,3153.880,1,1,131,131
113,decode,pi: TOTAL,3153.880,3153.880,3153.880,1,3153.880,1,1,131,131
114,decode,pi: update_states,100.600,100.600,100.600,1,3123.890,1,1,131,131
114,decode,pi: tokens_list,1.070,1.070,1.070,1,3123.890,1,1,131,131
114,decode,pi: phase_classify,53.090,53.090,53.090,1,3123.890,1,1,131,131
114,decode,pi: in.block_table_commit,84.640,84.640,84.640,1,3123.890,1,1,131,131
114,decode,pi: in.req_indices,9.570,9.570,9.570,1,3123.890,1,1,131,131
114,decode,pi: in.attn_state,27.590,27.590,27.590,1,3123.890,1,1,131,131
114,decode,pi: in.positions,25.230,25.230,25.230,1,3123.890,1,1,131,131
114,decode,pi: in.prev_positions,31.080,31.080,31.080,1,3123.890,1,1,131,131
114,decode,pi: in.token_indices_select,25.440,25.440,25.440,1,3123.890,1,1,131,131
114,decode,pi: in.query_start_loc,26.970,26.970,26.970,1,3123.890,1,1,131,131
114,decode,pi: in.optimistic_seq_lens,49.290,49.290,49.290,1,3123.890,1,1,131,131
114,decode,pi: in.prepare_input_ids,66.210,66.210,66.210,1,3123.890,1,1,131,131
114,decode,pi: in.mrope_positions,40.930,40.930,40.930,1,3123.890,1,1,131,131
114,decode,pi: in.discard_mask,58.170,58.170,58.170,1,3123.890,1,1,131,131
114,decode,pi: in.num_accepted_tokens,14.340,14.340,14.340,1,3123.890,1,1,131,131
114,decode,pi: in.num_computed_tokens,17.710,17.710,17.710,1,3123.890,1,1,131,131
114,decode,pi: in.tokens_to_gpu,63.120,63.120,63.120,1,3123.890,1,1,131,131
114,decode,pi: in.positions_assembly,129.110,129.110,129.110,1,3123.890,1,1,131,131
114,decode,pi: in.seq_lens,59.710,59.710,59.710,1,3123.890,1,1,131,131
114,decode,pi: in.slot_mapping,138.110,138.110,138.110,1,3123.890,1,1,131,131
114,decode,pi: in.mrope_drift,0.690,0.690,0.690,1,3123.890,1,1,131,131
114,decode,pi: in.logits_indices,39.620,39.620,37.150,2,3123.890,1,1,131,131
114,decode,pi: prepare_inputs,96.480,1004.010,1004.010,1,3123.890,1,1,131,131
114,decode,pi: cascade_attn_prefix_lens,10.860,10.860,10.860,1,3123.890,1,1,131,131
114,decode,pi: batch_exec_and_padding,50.820,50.820,50.820,1,3123.890,1,1,131,131
114,decode,pi: ubatch_slices,1.560,1.560,1.560,1,3123.890,1,1,131,131
114,decode,pi: pad_query_start_loc,29.700,29.700,29.700,1,3123.890,1,1,131,131
114,decode,pi: am.max_seq_len,18.940,18.940,18.940,1,3123.890,1,1,131,131
114,decode,pi: am.cm_base_pre,75.590,75.590,75.590,1,3123.890,1,1,131,131
114,decode,pi: am.build.split_decodes,9.600,9.600,9.600,1,3123.890,1,1,131,131
114,decode,pi: am.build.seq_lens_select,8.680,8.680,8.680,1,3123.890,1,1,131,131
114,decode,pi: am.build.attn_mask,1.290,1.290,1.290,1,3123.890,1,1,131,131
114,decode,pi: am.build.qsl_h2d,33.850,33.850,33.850,1,3123.890,1,1,131,131
114,decode,pi: am.build.tolist,9.740,9.740,9.740,1,3123.890,1,1,131,131
114,decode,pi: am.build.fia_pad,1.630,1.630,1.630,1,3123.890,1,1,131,131
114,decode,pi: am.build.backend_metadata,15.420,15.420,15.420,1,3123.890,1,1,131,131
114,decode,pi: am.build.metadata_ctor,6.580,6.580,6.580,1,3123.890,1,1,131,131
114,decode,pi: am.builder_build@AscendAttentionMetadataBuilder,36.900,123.690,123.690,1,3123.890,1,1,131,131
114,decode,pi: am.builder_build,19.990,1041.090,318.930,4,3123.890,1,1,131,131
114,decode,pi: am.layer_assign,7.850,7.850,2.280,4,3123.890,1,1,131,131
114,decode,pi: am.group_loop,88.850,1137.790,343.920,4,3123.890,1,1,131,131
114,decode,pi: am.builder_build@AscendGDNAttentionMetadataBuilder,897.410,897.410,313.510,3,3123.890,1,1,131,131
114,decode,pi: build_attention_metadata,280.090,1512.410,1512.410,1,3123.890,1,1,131,131
114,decode,pi: sanitize_placeholder_ids,1.200,1.200,1.200,1,3123.890,1,1,131,131
114,decode,pi: sync_input_prep,103.140,2868.460,2868.460,1,3123.890,1,1,131,131
114,decode,pi: TOTAL,3123.890,3123.890,3123.890,1,3123.890,1,1,131,131
115,decode,pi: update_states,100.660,100.660,100.660,1,3081.240,1,1,131,131
115,decode,pi: tokens_list,0.980,0.980,0.980,1,3081.240,1,1,131,131
115,decode,pi: phase_classify,53.510,53.510,53.510,1,3081.240,1,1,131,131
115,decode,pi: in.block_table_commit,84.290,84.290,84.290,1,3081.240,1,1,131,131
115,decode,pi: in.req_indices,9.550,9.550,9.550,1,3081.240,1,1,131,131
115,decode,pi: in.attn_state,26.990,26.990,26.990,1,3081.240,1,1,131,131
115,decode,pi: in.positions,24.900,24.900,24.900,1,3081.240,1,1,131,131
115,decode,pi: in.prev_positions,28.810,28.810,28.810,1,3081.240,1,1,131,131
115,decode,pi: in.token_indices_select,25.510,25.510,25.510,1,3081.240,1,1,131,131
115,decode,pi: in.query_start_loc,26.160,26.160,26.160,1,3081.240,1,1,131,131
115,decode,pi: in.optimistic_seq_lens,47.790,47.790,47.790,1,3081.240,1,1,131,131
115,decode,pi: in.prepare_input_ids,64.360,64.360,64.360,1,3081.240,1,1,131,131
115,decode,pi: in.mrope_positions,39.300,39.300,39.300,1,3081.240,1,1,131,131
115,decode,pi: in.discard_mask,56.900,56.900,56.900,1,3081.240,1,1,131,131
115,decode,pi: in.num_accepted_tokens,15.630,15.630,15.630,1,3081.240,1,1,131,131
115,decode,pi: in.num_computed_tokens,17.480,17.480,17.480,1,3081.240,1,1,131,131
115,decode,pi: in.tokens_to_gpu,57.050,57.050,57.050,1,3081.240,1,1,131,131
115,decode,pi: in.positions_assembly,108.310,108.310,108.310,1,3081.240,1,1,131,131
115,decode,pi: in.seq_lens,55.680,55.680,55.680,1,3081.240,1,1,131,131
115,decode,pi: in.slot_mapping,135.820,135.820,135.820,1,3081.240,1,1,131,131
115,decode,pi: in.mrope_drift,0.620,0.620,0.620,1,3081.240,1,1,131,131
115,decode,pi: in.logits_indices,39.990,39.990,37.130,2,3081.240,1,1,131,131
115,decode,pi: prepare_inputs,94.330,959.470,959.470,1,3081.240,1,1,131,131
115,decode,pi: cascade_attn_prefix_lens,10.980,10.980,10.980,1,3081.240,1,1,131,131
115,decode,pi: batch_exec_and_padding,50.720,50.720,50.720,1,3081.240,1,1,131,131
115,decode,pi: ubatch_slices,1.560,1.560,1.560,1,3081.240,1,1,131,131
115,decode,pi: pad_query_start_loc,29.410,29.410,29.410,1,3081.240,1,1,131,131
115,decode,pi: am.max_seq_len,18.420,18.420,18.420,1,3081.240,1,1,131,131
115,decode,pi: am.cm_base_pre,76.290,76.290,76.290,1,3081.240,1,1,131,131
115,decode,pi: am.build.split_decodes,9.300,9.300,9.300,1,3081.240,1,1,131,131
115,decode,pi: am.build.seq_lens_select,9.100,9.100,9.100,1,3081.240,1,1,131,131
115,decode,pi: am.build.attn_mask,1.280,1.280,1.280,1,3081.240,1,1,131,131
115,decode,pi: am.build.qsl_h2d,33.270,33.270,33.270,1,3081.240,1,1,131,131
115,decode,pi: am.build.tolist,9.480,9.480,9.480,1,3081.240,1,1,131,131
115,decode,pi: am.build.fia_pad,1.750,1.750,1.750,1,3081.240,1,1,131,131
115,decode,pi: am.build.backend_metadata,15.230,15.230,15.230,1,3081.240,1,1,131,131
115,decode,pi: am.build.metadata_ctor,6.660,6.660,6.660,1,3081.240,1,1,131,131
115,decode,pi: am.builder_build@AscendAttentionMetadataBuilder,35.850,121.920,121.920,1,3081.240,1,1,131,131
115,decode,pi: am.builder_build,19.770,1045.460,317.320,4,3081.240,1,1,131,131
115,decode,pi: am.layer_assign,7.640,7.640,2.170,4,3081.240,1,1,131,131
115,decode,pi: am.group_loop,91.260,1144.360,341.130,4,3081.240,1,1,131,131
115,decode,pi: am.builder_build@AscendGDNAttentionMetadataBuilder,903.770,903.770,312.100,3,3081.240,1,1,131,131
115,decode,pi: build_attention_metadata,282.560,1521.630,1521.630,1,3081.240,1,1,131,131
115,decode,pi: sanitize_placeholder_ids,1.070,1.070,1.070,1,3081.240,1,1,131,131
115,decode,pi: sync_input_prep,104.930,2834.920,2834.920,1,3081.240,1,1,131,131
115,decode,pi: TOTAL,3081.240,3081.240,3081.240,1,3081.240,1,1,131,131
116,decode,pi: update_states,100.960,100.960,100.960,1,3105.010,1,1,131,131
116,decode,pi: tokens_list,0.930,0.930,0.930,1,3105.010,1,1,131,131
116,decode,pi: phase_classify,53.880,53.880,53.880,1,3105.010,1,1,131,131
116,decode,pi: in.block_table_commit,85.440,85.440,85.440,1,3105.010,1,1,131,131
116,decode,pi: in.req_indices,9.930,9.930,9.930,1,3105.010,1,1,131,131
116,decode,pi: in.attn_state,27.810,27.810,27.810,1,3105.010,1,1,131,131
116,decode,pi: in.positions,24.900,24.900,24.900,1,3105.010,1,1,131,131
116,decode,pi: in.prev_positions,29.930,29.930,29.930,1,3105.010,1,1,131,131
116,decode,pi: in.token_indices_select,25.990,25.990,25.990,1,3105.010,1,1,131,131
116,decode,pi: in.query_start_loc,26.570,26.570,26.570,1,3105.010,1,1,131,131
116,decode,pi: in.optimistic_seq_lens,48.170,48.170,48.170,1,3105.010,1,1,131,131
116,decode,pi: in.prepare_input_ids,66.180,66.180,66.180,1,3105.010,1,1,131,131
116,decode,pi: in.mrope_positions,39.330,39.330,39.330,1,3105.010,1,1,131,131
116,decode,pi: in.discard_mask,57.530,57.530,57.530,1,3105.010,1,1,131,131
116,decode,pi: in.num_accepted_tokens,13.970,13.970,13.970,1,3105.010,1,1,131,131
116,decode,pi: in.num_computed_tokens,17.760,17.760,17.760,1,3105.010,1,1,131,131
116,decode,pi: in.tokens_to_gpu,56.490,56.490,56.490,1,3105.010,1,1,131,131
116,decode,pi: in.positions_assembly,110.460,110.460,110.460,1,3105.010,1,1,131,131
116,decode,pi: in.seq_lens,55.300,55.300,55.300,1,3105.010,1,1,131,131
116,decode,pi: in.slot_mapping,136.220,136.220,136.220,1,3105.010,1,1,131,131
116,decode,pi: in.mrope_drift,0.640,0.640,0.640,1,3105.010,1,1,131,131
116,decode,pi: in.logits_indices,38.560,38.560,36.160,2,3105.010,1,1,131,131
116,decode,pi: prepare_inputs,95.430,966.610,966.610,1,3105.010,1,1,131,131
116,decode,pi: cascade_attn_prefix_lens,10.840,10.840,10.840,1,3105.010,1,1,131,131
116,decode,pi: batch_exec_and_padding,51.200,51.200,51.200,1,3105.010,1,1,131,131
116,decode,pi: ubatch_slices,1.510,1.510,1.510,1,3105.010,1,1,131,131
116,decode,pi: pad_query_start_loc,28.470,28.470,28.470,1,3105.010,1,1,131,131
116,decode,pi: am.max_seq_len,18.700,18.700,18.700,1,3105.010,1,1,131,131
116,decode,pi: am.cm_base_pre,73.850,73.850,73.850,1,3105.010,1,1,131,131
116,decode,pi: am.build.split_decodes,9.280,9.280,9.280,1,3105.010,1,1,131,131
116,decode,pi: am.build.seq_lens_select,8.720,8.720,8.720,1,3105.010,1,1,131,131
116,decode,pi: am.build.attn_mask,1.210,1.210,1.210,1,3105.010,1,1,131,131
116,decode,pi: am.build.qsl_h2d,32.120,32.120,32.120,1,3105.010,1,1,131,131
116,decode,pi: am.build.tolist,9.660,9.660,9.660,1,3105.010,1,1,131,131
116,decode,pi: am.build.fia_pad,1.700,1.700,1.700,1,3105.010,1,1,131,131
116,decode,pi: am.build.backend_metadata,15.080,15.080,15.080,1,3105.010,1,1,131,131
116,decode,pi: am.build.metadata_ctor,6.510,6.510,6.510,1,3105.010,1,1,131,131
116,decode,pi: am.builder_build@AscendAttentionMetadataBuilder,36.290,120.570,120.570,1,3105.010,1,1,131,131
116,decode,pi: am.builder_build,19.830,1065.070,322.180,4,3105.010,1,1,131,131
116,decode,pi: am.layer_assign,7.440,7.440,2.140,4,3105.010,1,1,131,131
116,decode,pi: am.group_loop,89.180,1161.690,346.360,4,3105.010,1,1,131,131
116,decode,pi: am.builder_build@AscendGDNAttentionMetadataBuilder,924.670,924.670,316.490,3,3105.010,1,1,131,131
116,decode,pi: build_attention_metadata,279.670,1533.910,1533.910,1,3105.010,1,1,131,131
116,decode,pi: sanitize_placeholder_ids,1.150,1.150,1.150,1,3105.010,1,1,131,131
116,decode,pi: sync_input_prep,102.600,2852.060,2852.060,1,3105.010,1,1,131,131
116,decode,pi: TOTAL,3105.010,3105.010,3105.010,1,3105.010,1,1,131,131
117,decode,pi: update_states,101.490,101.490,101.490,1,3122.830,1,1,131,131
117,decode,pi: tokens_list,1.030,1.030,1.030,1,3122.830,1,1,131,131
117,decode,pi: phase_classify,53.700,53.700,53.700,1,3122.830,1,1,131,131
117,decode,pi: in.block_table_commit,87.900,87.900,87.900,1,3122.830,1,1,131,131
117,decode,pi: in.req_indices,9.540,9.540,9.540,1,3122.830,1,1,131,131
117,decode,pi: in.attn_state,27.200,27.200,27.200,1,3122.830,1,1,131,131
117,decode,pi: in.positions,24.470,24.470,24.470,1,3122.830,1,1,131,131
117,decode,pi: in.prev_positions,28.500,28.500,28.500,1,3122.830,1,1,131,131
117,decode,pi: in.token_indices_select,25.810,25.810,25.810,1,3122.830,1,1,131,131
117,decode,pi: in.query_start_loc,26.390,26.390,26.390,1,3122.830,1,1,131,131
117,decode,pi: in.optimistic_seq_lens,48.950,48.950,48.950,1,3122.830,1,1,131,131
117,decode,pi: in.prepare_input_ids,64.470,64.470,64.470,1,3122.830,1,1,131,131
117,decode,pi: in.mrope_positions,39.360,39.360,39.360,1,3122.830,1,1,131,131
117,decode,pi: in.discard_mask,56.940,56.940,56.940,1,3122.830,1,1,131,131
117,decode,pi: in.num_accepted_tokens,14.130,14.130,14.130,1,3122.830,1,1,131,131
117,decode,pi: in.num_computed_tokens,17.910,17.910,17.910,1,3122.830,1,1,131,131
117,decode,pi: in.tokens_to_gpu,77.600,77.600,77.600,1,3122.830,1,1,131,131
117,decode,pi: in.positions_assembly,111.400,111.400,111.400,1,3122.830,1,1,131,131
117,decode,pi: in.seq_lens,55.420,55.420,55.420,1,3122.830,1,1,131,131
117,decode,pi: in.slot_mapping,137.180,137.180,137.180,1,3122.830,1,1,131,131
117,decode,pi: in.mrope_drift,0.690,0.690,0.690,1,3122.830,1,1,131,131
117,decode,pi: in.logits_indices,39.290,39.290,36.590,2,3122.830,1,1,131,131
117,decode,pi: prepare_inputs,95.790,988.940,988.940,1,3122.830,1,1,131,131
117,decode,pi: cascade_attn_prefix_lens,10.660,10.660,10.660,1,3122.830,1,1,131,131
117,decode,pi: batch_exec_and_padding,50.020,50.020,50.020,1,3122.830,1,1,131,131
117,decode,pi: ubatch_slices,1.580,1.580,1.580,1,3122.830,1,1,131,131
117,decode,pi: pad_query_start_loc,28.900,28.900,28.900,1,3122.830,1,1,131,131
117,decode,pi: am.max_seq_len,18.330,18.330,18.330,1,3122.830,1,1,131,131
117,decode,pi: am.cm_base_pre,79.320,79.320,79.320,1,3122.830,1,1,131,131
117,decode,pi: am.build.split_decodes,9.410,9.410,9.410,1,3122.830,1,1,131,131
117,decode,pi: am.build.seq_lens_select,8.530,8.530,8.530,1,3122.830,1,1,131,131
117,decode,pi: am.build.attn_mask,1.250,1.250,1.250,1,3122.830,1,1,131,131
117,decode,pi: am.build.qsl_h2d,34.410,34.410,34.410,1,3122.830,1,1,131,131
117,decode,pi: am.build.tolist,10.120,10.120,10.120,1,3122.830,1,1,131,131
117,decode,pi: am.build.fia_pad,1.730,1.730,1.730,1,3122.830,1,1,131,131
117,decode,pi: am.build.backend_metadata,15.260,15.260,15.260,1,3122.830,1,1,131,131
117,decode,pi: am.build.metadata_ctor,6.510,6.510,6.510,1,3122.830,1,1,131,131
117,decode,pi: am.builder_build@AscendAttentionMetadataBuilder,36.120,123.340,123.340,1,3122.830,1,1,131,131
117,decode,pi: am.builder_build,20.410,1052.540,321.220,4,3122.830,1,1,131,131
117,decode,pi: am.layer_assign,7.590,7.590,2.250,4,3122.830,1,1,131,131
117,decode,pi: am.group_loop,89.000,1149.130,345.090,4,3122.830,1,1,131,131
117,decode,pi: am.builder_build@AscendGDNAttentionMetadataBuilder,908.790,908.790,315.820,3,3122.830,1,1,131,131
117,decode,pi: build_attention_metadata,281.810,1528.590,1528.590,1,3122.830,1,1,131,131
117,decode,pi: sanitize_placeholder_ids,1.140,1.140,1.140,1,3122.830,1,1,131,131
117,decode,pi: sync_input_prep,104.810,2870.860,2870.860,1,3122.830,1,1,131,131
117,decode,pi: TOTAL,3122.830,3122.830,3122.830,1,3122.830,1,1,131,131
118,decode,pi: update_states,101.700,101.700,101.700,1,3069.560,1,1,131,131
118,decode,pi: tokens_list,1.060,1.060,1.060,1,3069.560,1,1,131,131
118,decode,pi: phase_classify,53.370,53.370,53.370,1,3069.560,1,1,131,131
118,decode,pi: in.block_table_commit,84.920,84.920,84.920,1,3069.560,1,1,131,131
118,decode,pi: in.req_indices,9.650,9.650,9.650,1,3069.560,1,1,131,131
118,decode,pi: in.attn_state,27.360,27.360,27.360,1,3069.560,1,1,131,131
118,decode,pi: in.positions,24.850,24.850,24.850,1,3069.560,1,1,131,131
118,decode,pi: in.prev_positions,29.280,29.280,29.280,1,3069.560,1,1,131,131
118,decode,pi: in.token_indices_select,26.040,26.040,26.040,1,3069.560,1,1,131,131
118,decode,pi: in.query_start_loc,27.000,27.000,27.000,1,3069.560,1,1,131,131
118,decode,pi: in.optimistic_seq_lens,47.970,47.970,47.970,1,3069.560,1,1,131,131
118,decode,pi: in.prepare_input_ids,64.600,64.600,64.600,1,3069.560,1,1,131,131
118,decode,pi: in.mrope_positions,39.190,39.190,39.190,1,3069.560,1,1,131,131
118,decode,pi: in.discard_mask,57.940,57.940,57.940,1,3069.560,1,1,131,131
118,decode,pi: in.num_accepted_tokens,13.730,13.730,13.730,1,3069.560,1,1,131,131
118,decode,pi: in.num_computed_tokens,17.830,17.830,17.830,1,3069.560,1,1,131,131
118,decode,pi: in.tokens_to_gpu,57.140,57.140,57.140,1,3069.560,1,1,131,131
118,decode,pi: in.positions_assembly,108.540,108.540,108.540,1,3069.560,1,1,131,131
118,decode,pi: in.seq_lens,56.210,56.210,56.210,1,3069.560,1,1,131,131
118,decode,pi: in.slot_mapping,136.270,136.270,136.270,1,3069.560,1,1,131,131
118,decode,pi: in.mrope_drift,0.630,0.630,0.630,1,3069.560,1,1,131,131
118,decode,pi: in.logits_indices,40.770,40.770,38.530,2,3069.560,1,1,131,131
118,decode,pi: prepare_inputs,95.810,965.730,965.730,1,3069.560,1,1,131,131
118,decode,pi: cascade_attn_prefix_lens,10.930,10.930,10.930,1,3069.560,1,1,131,131
118,decode,pi: batch_exec_and_padding,49.990,49.990,49.990,1,3069.560,1,1,131,131
118,decode,pi: ubatch_slices,1.550,1.550,1.550,1,3069.560,1,1,131,131
118,decode,pi: pad_query_start_loc,28.990,28.990,28.990,1,3069.560,1,1,131,131
118,decode,pi: am.max_seq_len,18.040,18.040,18.040,1,3069.560,1,1,131,131
118,decode,pi: am.cm_base_pre,73.940,73.940,73.940,1,3069.560,1,1,131,131
118,decode,pi: am.build.split_decodes,9.480,9.480,9.480,1,3069.560,1,1,131,131
118,decode,pi: am.build.seq_lens_select,8.340,8.340,8.340,1,3069.560,1,1,131,131
118,decode,pi: am.build.attn_mask,1.170,1.170,1.170,1,3069.560,1,1,131,131
118,decode,pi: am.build.qsl_h2d,32.820,32.820,32.820,1,3069.560,1,1,131,131
118,decode,pi: am.build.tolist,9.570,9.570,9.570,1,3069.560,1,1,131,131
118,decode,pi: am.build.fia_pad,1.770,1.770,1.770,1,3069.560,1,1,131,131
118,decode,pi: am.build.backend_metadata,15.280,15.280,15.280,1,3069.560,1,1,131,131
118,decode,pi: am.build.metadata_ctor,6.370,6.370,6.370,1,3069.560,1,1,131,131
118,decode,pi: am.builder_build@AscendAttentionMetadataBuilder,36.360,121.160,121.160,1,3069.560,1,1,131,131
118,decode,pi: am.builder_build,19.320,1034.890,322.280,4,3069.560,1,1,131,131
118,decode,pi: am.layer_assign,7.570,7.570,2.330,4,3069.560,1,1,131,131
118,decode,pi: am.group_loop,89.040,1131.500,346.310,4,3069.560,1,1,131,131
118,decode,pi: am.builder_build@AscendGDNAttentionMetadataBuilder,894.410,894.410,317.080,3,3069.560,1,1,131,131
118,decode,pi: build_attention_metadata,278.680,1502.160,1502.160,1,3069.560,1,1,131,131
118,decode,pi: sanitize_placeholder_ids,1.090,1.090,1.090,1,3069.560,1,1,131,131
118,decode,pi: sync_input_prep,104.720,2821.290,2821.290,1,3069.560,1,1,131,131
118,decode,pi: TOTAL,3069.560,3069.560,3069.560,1,3069.560,1,1,131,131
119,decode,pi: update_states,99.500,99.500,99.500,1,3105.980,1,1,131,131
119,decode,pi: tokens_list,0.960,0.960,0.960,1,3105.980,1,1,131,131
119,decode,pi: phase_classify,53.700,53.700,53.700,1,3105.980,1,1,131,131
119,decode,pi: in.block_table_commit,83.230,83.230,83.230,1,3105.980,1,1,131,131
119,decode,pi: in.req_indices,9.310,9.310,9.310,1,3105.980,1,1,131,131
119,decode,pi: in.attn_state,27.680,27.680,27.680,1,3105.980,1,1,131,131
119,decode,pi: in.positions,25.130,25.130,25.130,1,3105.980,1,1,131,131
119,decode,pi: in.prev_positions,28.770,28.770,28.770,1,3105.980,1,1,131,131
119,decode,pi: in.token_indices_select,25.360,25.360,25.360,1,3105.980,1,1,131,131
119,decode,pi: in.query_start_loc,26.230,26.230,26.230,1,3105.980,1,1,131,131
119,decode,pi: in.optimistic_seq_lens,47.870,47.870,47.870,1,3105.980,1,1,131,131
119,decode,pi: in.prepare_input_ids,64.000,64.000,64.000,1,3105.980,1,1,131,131
119,decode,pi: in.mrope_positions,38.560,38.560,38.560,1,3105.980,1,1,131,131
119,decode,pi: in.discard_mask,64.810,64.810,64.810,1,3105.980,1,1,131,131
119,decode,pi: in.num_accepted_tokens,14.590,14.590,14.590,1,3105.980,1,1,131,131
119,decode,pi: in.num_computed_tokens,17.990,17.990,17.990,1,3105.980,1,1,131,131
119,decode,pi: in.tokens_to_gpu,57.870,57.870,57.870,1,3105.980,1,1,131,131
119,decode,pi: in.positions_assembly,112.020,112.020,112.020,1,3105.980,1,1,131,131
119,decode,pi: in.seq_lens,55.830,55.830,55.830,1,3105.980,1,1,131,131
119,decode,pi: in.slot_mapping,135.720,135.720,135.720,1,3105.980,1,1,131,131
119,decode,pi: in.mrope_drift,0.640,0.640,0.640,1,3105.980,1,1,131,131
119,decode,pi: in.logits_indices,39.050,39.050,36.400,2,3105.980,1,1,131,131
119,decode,pi: prepare_inputs,95.080,969.740,969.740,1,3105.980,1,1,131,131
119,decode,pi: cascade_attn_prefix_lens,11.140,11.140,11.140,1,3105.980,1,1,131,131
119,decode,pi: batch_exec_and_padding,50.910,50.910,50.910,1,3105.980,1,1,131,131
119,decode,pi: ubatch_slices,1.500,1.500,1.500,1,3105.980,1,1,131,131
119,decode,pi: pad_query_start_loc,28.690,28.690,28.690,1,3105.980,1,1,131,131
119,decode,pi: am.max_seq_len,18.310,18.310,18.310,1,3105.980,1,1,131,131
119,decode,pi: am.cm_base_pre,72.980,72.980,72.980,1,3105.980,1,1,131,131
119,decode,pi: am.build.split_decodes,9.540,9.540,9.540,1,3105.980,1,1,131,131
119,decode,pi: am.build.seq_lens_select,8.620,8.620,8.620,1,3105.980,1,1,131,131
119,decode,pi: am.build.attn_mask,1.170,1.170,1.170,1,3105.980,1,1,131,131
119,decode,pi: am.build.qsl_h2d,33.150,33.150,33.150,1,3105.980,1,1,131,131
119,decode,pi: am.build.tolist,8.820,8.820,8.820,1,3105.980,1,1,131,131
119,decode,pi: am.build.fia_pad,1.660,1.660,1.660,1,3105.980,1,1,131,131
119,decode,pi: am.build.backend_metadata,14.700,14.700,14.700,1,3105.980,1,1,131,131
119,decode,pi: am.build.metadata_ctor,6.600,6.600,6.600,1,3105.980,1,1,131,131
119,decode,pi: am.builder_build@AscendAttentionMetadataBuilder,36.070,120.330,120.330,1,3105.980,1,1,131,131
119,decode,pi: am.builder_build,20.040,1060.490,331.610,4,3105.980,1,1,131,131
119,decode,pi: am.layer_assign,7.690,7.690,2.290,4,3105.980,1,1,131,131
119,decode,pi: am.group_loop,89.020,1157.200,356.880,4,3105.980,1,1,131,131
119,decode,pi: am.builder_build@AscendGDNAttentionMetadataBuilder,920.120,920.120,326.000,3,3105.980,1,1,131,131
119,decode,pi: build_attention_metadata,283.550,1532.040,1532.040,1,3105.980,1,1,131,131
119,decode,pi: sanitize_placeholder_ids,1.190,1.190,1.190,1,3105.980,1,1,131,131
119,decode,pi: sync_input_prep,103.720,2853.090,2853.090,1,3105.980,1,1,131,131
119,decode,pi: TOTAL,3105.980,3105.980,3105.980,1,3105.980,1,1,131,131
120,decode,pi: update_states,100.940,100.940,100.940,1,3092.060,1,1,131,131
120,decode,pi: tokens_list,1.070,1.070,1.070,1,3092.060,1,1,131,131
120,decode,pi: phase_classify,53.340,53.340,53.340,1,3092.060,1,1,131,131
120,decode,pi: in.block_table_commit,85.740,85.740,85.740,1,3092.060,1,1,131,131
120,decode,pi: in.req_indices,9.600,9.600,9.600,1,3092.060,1,1,131,131
120,decode,pi: in.attn_state,27.160,27.160,27.160,1,3092.060,1,1,131,131
120,decode,pi: in.positions,24.490,24.490,24.490,1,3092.060,1,1,131,131
120,decode,pi: in.prev_positions,29.530,29.530,29.530,1,3092.060,1,1,131,131
120,decode,pi: in.token_indices_select,24.990,24.990,24.990,1,3092.060,1,1,131,131
120,decode,pi: in.query_start_loc,26.400,26.400,26.400,1,3092.060,1,1,131,131
120,decode,pi: in.optimistic_seq_lens,49.060,49.060,49.060,1,3092.060,1,1,131,131
120,decode,pi: in.prepare_input_ids,76.090,76.090,76.090,1,3092.060,1,1,131,131
120,decode,pi: in.mrope_positions,41.510,41.510,41.510,1,3092.060,1,1,131,131
120,decode,pi: in.discard_mask,60.020,60.020,60.020,1,3092.060,1,1,131,131
120,decode,pi: in.num_accepted_tokens,14.660,14.660,14.660,1,3092.060,1,1,131,131
120,decode,pi: in.num_computed_tokens,17.810,17.810,17.810,1,3092.060,1,1,131,131
120,decode,pi: in.tokens_to_gpu,57.270,57.270,57.270,1,3092.060,1,1,131,131
120,decode,pi: in.positions_assembly,112.510,112.510,112.510,1,3092.060,1,1,131,131
120,decode,pi: in.seq_lens,54.960,54.960,54.960,1,3092.060,1,1,131,131
120,decode,pi: in.slot_mapping,136.730,136.730,136.730,1,3092.060,1,1,131,131
120,decode,pi: in.mrope_drift,0.720,0.720,0.720,1,3092.060,1,1,131,131
120,decode,pi: in.logits_indices,40.070,40.070,37.500,2,3092.060,1,1,131,131
120,decode,pi: prepare_inputs,96.810,986.130,986.130,1,3092.060,1,1,131,131
120,decode,pi: cascade_attn_prefix_lens,11.640,11.640,11.640,1,3092.060,1,1,131,131
120,decode,pi: batch_exec_and_padding,51.470,51.470,51.470,1,3092.060,1,1,131,131
120,decode,pi: ubatch_slices,1.630,1.630,1.630,1,3092.060,1,1,131,131
120,decode,pi: pad_query_start_loc,28.180,28.180,28.180,1,3092.060,1,1,131,131
120,decode,pi: am.max_seq_len,18.600,18.600,18.600,1,3092.060,1,1,131,131
120,decode,pi: am.cm_base_pre,74.730,74.730,74.730,1,3092.060,1,1,131,131
120,decode,pi: am.build.split_decodes,9.570,9.570,9.570,1,3092.060,1,1,131,131
120,decode,pi: am.build.seq_lens_select,8.490,8.490,8.490,1,3092.060,1,1,131,131
120,decode,pi: am.build.attn_mask,1.200,1.200,1.200,1,3092.060,1,1,131,131
120,decode,pi: am.build.qsl_h2d,32.630,32.630,32.630,1,3092.060,1,1,131,131
120,decode,pi: am.build.tolist,9.470,9.470,9.470,1,3092.060,1,1,131,131
120,decode,pi: am.build.fia_pad,1.670,1.670,1.670,1,3092.060,1,1,131,131
120,decode,pi: am.build.backend_metadata,15.410,15.410,15.410,1,3092.060,1,1,131,131
120,decode,pi: am.build.metadata_ctor,6.530,6.530,6.530,1,3092.060,1,1,131,131
120,decode,pi: am.builder_build@AscendAttentionMetadataBuilder,35.840,120.810,120.810,1,3092.060,1,1,131,131
120,decode,pi: am.builder_build,19.690,1033.780,319.140,4,3092.060,1,1,131,131
120,decode,pi: am.layer_assign,7.540,7.540,2.110,4,3092.060,1,1,131,131
120,decode,pi: am.group_loop,88.200,1129.520,343.210,4,3092.060,1,1,131,131
120,decode,pi: am.builder_build@AscendGDNAttentionMetadataBuilder,893.280,893.280,313.800,3,3092.060,1,1,131,131
120,decode,pi: build_attention_metadata,279.370,1502.220,1502.220,1,3092.060,1,1,131,131
120,decode,pi: sanitize_placeholder_ids,1.150,1.150,1.150,1,3092.060,1,1,131,131
120,decode,pi: sync_input_prep,101.490,2839.260,2839.260,1,3092.060,1,1,131,131
120,decode,pi: TOTAL,3092.060,3092.060,3092.060,1,3092.060,1,1,131,131
121,decode,pi: update_states,102.870,102.870,102.870,1,3073.510,1,1,131,131
121,decode,pi: tokens_list,1.060,1.060,1.060,1,3073.510,1,1,131,131
121,decode,pi: phase_classify,53.450,53.450,53.450,1,3073.510,1,1,131,131
121,decode,pi: in.block_table_commit,85.750,85.750,85.750,1,3073.510,1,1,131,131
121,decode,pi: in.req_indices,9.400,9.400,9.400,1,3073.510,1,1,131,131
121,decode,pi: in.attn_state,27.240,27.240,27.240,1,3073.510,1,1,131,131
121,decode,pi: in.positions,26.010,26.010,26.010,1,3073.510,1,1,131,131
121,decode,pi: in.prev_positions,29.450,29.450,29.450,1,3073.510,1,1,131,131
121,decode,pi: in.token_indices_select,25.180,25.180,25.180,1,3073.510,1,1,131,131
121,decode,pi: in.query_start_loc,26.250,26.250,26.250,1,3073.510,1,1,131,131
121,decode,pi: in.optimistic_seq_lens,48.620,48.620,48.620,1,3073.510,1,1,131,131
121,decode,pi: in.prepare_input_ids,64.050,64.050,64.050,1,3073.510,1,1,131,131
121,decode,pi: in.mrope_positions,38.370,38.370,38.370,1,3073.510,1,1,131,131
121,decode,pi: in.discard_mask,56.290,56.290,56.290,1,3073.510,1,1,131,131
121,decode,pi: in.num_accepted_tokens,13.930,13.930,13.930,1,3073.510,1,1,131,131
121,decode,pi: in.num_computed_tokens,17.980,17.980,17.980,1,3073.510,1,1,131,131
121,decode,pi: in.tokens_to_gpu,55.700,55.700,55.700,1,3073.510,1,1,131,131
121,decode,pi: in.positions_assembly,108.740,108.740,108.740,1,3073.510,1,1,131,131
121,decode,pi: in.seq_lens,54.260,54.260,54.260,1,3073.510,1,1,131,131
121,decode,pi: in.slot_mapping,135.300,135.300,135.300,1,3073.510,1,1,131,131
121,decode,pi: in.mrope_drift,0.720,0.720,0.720,1,3073.510,1,1,131,131
121,decode,pi: in.logits_indices,39.390,39.390,36.630,2,3073.510,1,1,131,131
121,decode,pi: prepare_inputs,94.820,957.450,957.450,1,3073.510,1,1,131,131
121,decode,pi: cascade_attn_prefix_lens,11.010,11.010,11.010,1,3073.510,1,1,131,131
121,decode,pi: batch_exec_and_padding,50.860,50.860,50.860,1,3073.510,1,1,131,131
121,decode,pi: ubatch_slices,2.140,2.140,2.140,1,3073.510,1,1,131,131
121,decode,pi: pad_query_start_loc,32.280,32.280,32.280,1,3073.510,1,1,131,131
121,decode,pi: am.max_seq_len,19.710,19.710,19.710,1,3073.510,1,1,131,131
121,decode,pi: am.cm_base_pre,76.050,76.050,76.050,1,3073.510,1,1,131,131
121,decode,pi: am.build.split_decodes,9.790,9.790,9.790,1,3073.510,1,1,131,131
121,decode,pi: am.build.seq_lens_select,8.670,8.670,8.670,1,3073.510,1,1,131,131
121,decode,pi: am.build.attn_mask,1.360,1.360,1.360,1,3073.510,1,1,131,131
121,decode,pi: am.build.qsl_h2d,33.720,33.720,33.720,1,3073.510,1,1,131,131
121,decode,pi: am.build.tolist,9.810,9.810,9.810,1,3073.510,1,1,131,131
121,decode,pi: am.build.fia_pad,2.250,2.250,2.250,1,3073.510,1,1,131,131
121,decode,pi: am.build.backend_metadata,15.110,15.110,15.110,1,3073.510,1,1,131,131
121,decode,pi: am.build.metadata_ctor,7.610,7.610,7.610,1,3073.510,1,1,131,131
121,decode,pi: am.builder_build@AscendAttentionMetadataBuilder,36.940,125.260,125.260,1,3073.510,1,1,131,131
121,decode,pi: am.builder_build,20.410,1029.920,317.540,4,3073.510,1,1,131,131
121,decode,pi: am.layer_assign,7.590,7.590,2.200,4,3073.510,1,1,131,131
121,decode,pi: am.group_loop,87.730,1125.240,341.590,4,3073.510,1,1,131,131
121,decode,pi: am.builder_build@AscendGDNAttentionMetadataBuilder,884.250,884.250,311.930,3,3073.510,1,1,131,131
121,decode,pi: build_attention_metadata,283.330,1504.330,1504.330,1,3073.510,1,1,131,131
121,decode,pi: sanitize_placeholder_ids,1.160,1.160,1.160,1,3073.510,1,1,131,131
121,decode,pi: sync_input_prep,108.250,2824.860,2824.860,1,3073.510,1,1,131,131
121,decode,pi: TOTAL,3073.510,3073.510,3073.510,1,3073.510,1,1,131,131
122,decode,pi: update_states,101.790,101.790,101.790,1,3086.410,1,1,131,131
122,decode,pi: tokens_list,1.020,1.020,1.020,1,3086.410,1,1,131,131
122,decode,pi: phase_classify,53.010,53.010,53.010,1,3086.410,1,1,131,131
122,decode,pi: in.block_table_commit,85.210,85.210,85.210,1,3086.410,1,1,131,131
122,decode,pi: in.req_indices,9.680,9.680,9.680,1,3086.410,1,1,131,131
122,decode,pi: in.attn_state,27.190,27.190,27.190,1,3086.410,1,1,131,131
122,decode,pi: in.positions,25.170,25.170,25.170,1,3086.410,1,1,131,131
122,decode,pi: in.prev_positions,29.270,29.270,29.270,1,3086.410,1,1,131,131
122,decode,pi: in.token_indices_select,25.080,25.080,25.080,1,3086.410,1,1,131,131
122,decode,pi: in.query_start_loc,26.060,26.060,26.060,1,3086.410,1,1,131,131
122,decode,pi: in.optimistic_seq_lens,48.300,48.300,48.300,1,3086.410,1,1,131,131
122,decode,pi: in.prepare_input_ids,64.800,64.800,64.800,1,3086.410,1,1,131,131
122,decode,pi: in.mrope_positions,39.380,39.380,39.380,1,3086.410,1,1,131,131
122,decode,pi: in.discard_mask,56.580,56.580,56.580,1,3086.410,1,1,131,131
122,decode,pi: in.num_accepted_tokens,13.850,13.850,13.850,1,3086.410,1,1,131,131
122,decode,pi: in.num_computed_tokens,17.590,17.590,17.590,1,3086.410,1,1,131,131
122,decode,pi: in.tokens_to_gpu,57.470,57.470,57.470,1,3086.410,1,1,131,131
122,decode,pi: in.positions_assembly,109.470,109.470,109.470,1,3086.410,1,1,131,131
122,decode,pi: in.seq_lens,54.890,54.890,54.890,1,3086.410,1,1,131,131
122,decode,pi: in.slot_mapping,136.860,136.860,136.860,1,3086.410,1,1,131,131
122,decode,pi: in.mrope_drift,0.620,0.620,0.620,1,3086.410,1,1,131,131
122,decode,pi: in.logits_indices,39.450,39.450,37.030,2,3086.410,1,1,131,131
122,decode,pi: prepare_inputs,94.700,961.620,961.620,1,3086.410,1,1,131,131
122,decode,pi: cascade_attn_prefix_lens,11.380,11.380,11.380,1,3086.410,1,1,131,131
122,decode,pi: batch_exec_and_padding,50.420,50.420,50.420,1,3086.410,1,1,131,131
122,decode,pi: ubatch_slices,1.650,1.650,1.650,1,3086.410,1,1,131,131
122,decode,pi: pad_query_start_loc,28.360,28.360,28.360,1,3086.410,1,1,131,131
122,decode,pi: am.max_seq_len,18.250,18.250,18.250,1,3086.410,1,1,131,131
122,decode,pi: am.cm_base_pre,73.960,73.960,73.960,1,3086.410,1,1,131,131
122,decode,pi: am.build.split_decodes,9.170,9.170,9.170,1,3086.410,1,1,131,131
122,decode,pi: am.build.seq_lens_select,8.610,8.610,8.610,1,3086.410,1,1,131,131
122,decode,pi: am.build.attn_mask,1.270,1.270,1.270,1,3086.410,1,1,131,131
122,decode,pi: am.build.qsl_h2d,32.410,32.410,32.410,1,3086.410,1,1,131,131
122,decode,pi: am.build.tolist,8.700,8.700,8.700,1,3086.410,1,1,131,131
122,decode,pi: am.build.fia_pad,1.710,1.710,1.710,1,3086.410,1,1,131,131
122,decode,pi: am.build.backend_metadata,14.930,14.930,14.930,1,3086.410,1,1,131,131
122,decode,pi: am.build.metadata_ctor,6.750,6.750,6.750,1,3086.410,1,1,131,131
122,decode,pi: am.builder_build@AscendAttentionMetadataBuilder,36.520,120.070,120.070,1,3086.410,1,1,131,131
122,decode,pi: am.builder_build,19.930,1052.070,338.520,4,3086.410,1,1,131,131
122,decode,pi: am.layer_assign,7.840,7.840,2.280,4,3086.410,1,1,131,131
122,decode,pi: am.group_loop,89.490,1149.400,363.240,4,3086.410,1,1,131,131
122,decode,pi: am.builder_build@AscendGDNAttentionMetadataBuilder,912.070,912.070,333.060,3,3086.410,1,1,131,131
122,decode,pi: build_attention_metadata,280.030,1521.640,1521.640,1,3086.410,1,1,131,131
122,decode,pi: sanitize_placeholder_ids,1.080,1.080,1.080,1,3086.410,1,1,131,131
122,decode,pi: sync_input_prep,103.200,2835.170,2835.170,1,3086.410,1,1,131,131
122,decode,pi: TOTAL,3086.410,3086.410,3086.410,1,3086.410,1,1,131,131
123,decode,pi: update_states,99.960,99.960,99.960,1,5231.690,1,1,131,131
123,decode,pi: tokens_list,1.110,1.110,1.110,1,5231.690,1,1,131,131
123,decode,pi: phase_classify,53.860,53.860,53.860,1,5231.690,1,1,131,131
123,decode,pi: in.block_table_commit,83.890,83.890,83.890,1,5231.690,1,1,131,131
123,decode,pi: in.req_indices,9.370,9.370,9.370,1,5231.690,1,1,131,131
123,decode,pi: in.attn_state,27.680,27.680,27.680,1,5231.690,1,1,131,131
123,decode,pi: in.positions,25.530,25.530,25.530,1,5231.690,1,1,131,131
123,decode,pi: in.prev_positions,30.130,30.130,30.130,1,5231.690,1,1,131,131
123,decode,pi: in.token_indices_select,25.500,25.500,25.500,1,5231.690,1,1,131,131
123,decode,pi: in.query_start_loc,1894.550,1894.550,1894.550,1,5231.690,1,1,131,131
123,decode,pi: in.optimistic_seq_lens,83.470,83.470,83.470,1,5231.690,1,1,131,131
123,decode,pi: in.prepare_input_ids,82.540,82.540,82.540,1,5231.690,1,1,131,131
123,decode,pi: in.mrope_positions,46.970,46.970,46.970,1,5231.690,1,1,131,131
123,decode,pi: in.discard_mask,67.390,67.390,67.390,1,5231.690,1,1,131,131
123,decode,pi: in.num_accepted_tokens,16.990,16.990,16.990,1,5231.690,1,1,131,131
123,decode,pi: in.num_computed_tokens,18.860,18.860,18.860,1,5231.690,1,1,131,131
123,decode,pi: in.tokens_to_gpu,61.630,61.630,61.630,1,5231.690,1,1,131,131
123,decode,pi: in.positions_assembly,129.620,129.620,129.620,1,5231.690,1,1,131,131
123,decode,pi: in.seq_lens,59.560,59.560,59.560,1,5231.690,1,1,131,131
123,decode,pi: in.slot_mapping,148.190,148.190,148.190,1,5231.690,1,1,131,131
123,decode,pi: in.mrope_drift,0.670,0.670,0.670,1,5231.690,1,1,131,131
123,decode,pi: in.logits_indices,44.710,44.710,41.920,2,5231.690,1,1,131,131
123,decode,pi: prepare_inputs,105.620,2962.870,2962.870,1,5231.690,1,1,131,131
123,decode,pi: cascade_attn_prefix_lens,12.120,12.120,12.120,1,5231.690,1,1,131,131
123,decode,pi: batch_exec_and_padding,56.940,56.940,56.940,1,5231.690,1,1,131,131
123,decode,pi: ubatch_slices,1.690,1.690,1.690,1,5231.690,1,1,131,131
123,decode,pi: pad_query_start_loc,29.950,29.950,29.950,1,5231.690,1,1,131,131
123,decode,pi: am.max_seq_len,17.970,17.970,17.970,1,5231.690,1,1,131,131
123,decode,pi: am.cm_base_pre,82.610,82.610,82.610,1,5231.690,1,1,131,131
123,decode,pi: am.build.split_decodes,9.320,9.320,9.320,1,5231.690,1,1,131,131
123,decode,pi: am.build.seq_lens_select,9.640,9.640,9.640,1,5231.690,1,1,131,131
123,decode,pi: am.build.attn_mask,1.250,1.250,1.250,1,5231.690,1,1,131,131
123,decode,pi: am.build.qsl_h2d,34.690,34.690,34.690,1,5231.690,1,1,131,131
123,decode,pi: am.build.tolist,8.980,8.980,8.980,1,5231.690,1,1,131,131
123,decode,pi: am.build.fia_pad,1.810,1.810,1.810,1,5231.690,1,1,131,131
123,decode,pi: am.build.backend_metadata,15.110,15.110,15.110,1,5231.690,1,1,131,131
123,decode,pi: am.build.metadata_ctor,6.730,6.730,6.730,1,5231.690,1,1,131,131
123,decode,pi: am.builder_build@AscendAttentionMetadataBuilder,37.030,124.560,124.560,1,5231.690,1,1,131,131
123,decode,pi: am.builder_build,19.970,1132.720,354.040,4,5231.690,1,1,131,131
123,decode,pi: am.layer_assign,8.070,8.070,2.250,4,5231.690,1,1,131,131
123,decode,pi: am.group_loop,91.850,1232.640,378.770,4,5231.690,1,1,131,131
123,decode,pi: am.builder_build@AscendGDNAttentionMetadataBuilder,988.190,988.190,348.960,3,5231.690,1,1,131,131
123,decode,pi: build_attention_metadata,310.910,1644.130,1644.130,1,5231.690,1,1,131,131
123,decode,pi: sanitize_placeholder_ids,1.400,1.400,1.400,1,5231.690,1,1,131,131
123,decode,pi: sync_input_prep,105.340,4969.370,4969.370,1,5231.690,1,1,131,131
123,decode,pi: TOTAL,5231.690,5231.690,5231.690,1,5231.690,1,1,131,131
124,decode,pi: update_states,106.400,106.400,106.400,1,3166.700,1,1,131,131
124,decode,pi: tokens_list,1.050,1.050,1.050,1,3166.700,1,1,131,131
124,decode,pi: phase_classify,56.490,56.490,56.490,1,3166.700,1,1,131,131
124,decode,pi: in.block_table_commit,92.520,92.520,92.520,1,3166.700,1,1,131,131
124,decode,pi: in.req_indices,10.840,10.840,10.840,1,3166.700,1,1,131,131
124,decode,pi: in.attn_state,27.890,27.890,27.890,1,3166.700,1,1,131,131
124,decode,pi: in.positions,25.460,25.460,25.460,1,3166.700,1,1,131,131
124,decode,pi: in.prev_positions,30.350,30.350,30.350,1,3166.700,1,1,131,131
124,decode,pi: in.token_indices_select,30.730,30.730,30.730,1,3166.700,1,1,131,131
124,decode,pi: in.query_start_loc,27.910,27.910,27.910,1,3166.700,1,1,131,131
124,decode,pi: in.optimistic_seq_lens,49.060,49.060,49.060,1,3166.700,1,1,131,131
124,decode,pi: in.prepare_input_ids,65.620,65.620,65.620,1,3166.700,1,1,131,131
124,decode,pi: in.mrope_positions,39.260,39.260,39.260,1,3166.700,1,1,131,131
124,decode,pi: in.discard_mask,57.160,57.160,57.160,1,3166.700,1,1,131,131
124,decode,pi: in.num_accepted_tokens,13.550,13.550,13.550,1,3166.700,1,1,131,131
124,decode,pi: in.num_computed_tokens,17.950,17.950,17.950,1,3166.700,1,1,131,131
124,decode,pi: in.tokens_to_gpu,56.670,56.670,56.670,1,3166.700,1,1,131,131
124,decode,pi: in.positions_assembly,132.890,132.890,132.890,1,3166.700,1,1,131,131
124,decode,pi: in.seq_lens,55.570,55.570,55.570,1,3166.700,1,1,131,131
124,decode,pi: in.slot_mapping,140.010,140.010,140.010,1,3166.700,1,1,131,131
124,decode,pi: in.mrope_drift,0.680,0.680,0.680,1,3166.700,1,1,131,131
124,decode,pi: in.logits_indices,41.630,41.630,39.020,2,3166.700,1,1,131,131
124,decode,pi: prepare_inputs,98.840,1014.590,1014.590,1,3166.700,1,1,131,131
124,decode,pi: cascade_attn_prefix_lens,11.330,11.330,11.330,1,3166.700,1,1,131,131
124,decode,pi: batch_exec_and_padding,52.140,52.140,52.140,1,3166.700,1,1,131,131
124,decode,pi: ubatch_slices,1.540,1.540,1.540,1,3166.700,1,1,131,131
124,decode,pi: pad_query_start_loc,29.630,29.630,29.630,1,3166.700,1,1,131,131
124,decode,pi: am.max_seq_len,18.030,18.030,18.030,1,3166.700,1,1,131,131
124,decode,pi: am.cm_base_pre,76.270,76.270,76.270,1,3166.700,1,1,131,131
124,decode,pi: am.build.split_decodes,9.350,9.350,9.350,1,3166.700,1,1,131,131
124,decode,pi: am.build.seq_lens_select,8.810,8.810,8.810,1,3166.700,1,1,131,131
124,decode,pi: am.build.attn_mask,1.350,1.350,1.350,1,3166.700,1,1,131,131
124,decode,pi: am.build.qsl_h2d,33.000,33.000,33.000,1,3166.700,1,1,131,131
124,decode,pi: am.build.tolist,9.410,9.410,9.410,1,3166.700,1,1,131,131
124,decode,pi: am.build.fia_pad,1.680,1.680,1.680,1,3166.700,1,1,131,131
124,decode,pi: am.build.backend_metadata,15.210,15.210,15.210,1,3166.700,1,1,131,131
124,decode,pi: am.build.metadata_ctor,6.680,6.680,6.680,1,3166.700,1,1,131,131
124,decode,pi: am.builder_build@AscendAttentionMetadataBuilder,36.300,121.790,121.790,1,3166.700,1,1,131,131
124,decode,pi: am.builder_build,19.920,1049.040,330.640,4,3166.700,1,1,131,131
124,decode,pi: am.layer_assign,7.800,7.800,2.190,4,3166.700,1,1,131,131
124,decode,pi: am.group_loop,89.740,1146.580,355.450,4,3166.700,1,1,131,131
124,decode,pi: am.builder_build@AscendGDNAttentionMetadataBuilder,907.330,907.330,325.210,3,3166.700,1,1,131,131
124,decode,pi: build_attention_metadata,283.810,1524.690,1524.690,1,3166.700,1,1,131,131
124,decode,pi: sanitize_placeholder_ids,1.240,1.240,1.240,1,3166.700,1,1,131,131
124,decode,pi: sync_input_prep,104.270,2903.370,2903.370,1,3166.700,1,1,131,131
124,decode,pi: TOTAL,3166.700,3166.700,3166.700,1,3166.700,1,1,131,131
125,decode,pi: update_states,100.820,100.820,100.820,1,3066.600,1,1,131,131
125,decode,pi: tokens_list,1.000,1.000,1.000,1,3066.600,1,1,131,131
125,decode,pi: phase_classify,54.660,54.660,54.660,1,3066.600,1,1,131,131
125,decode,pi: in.block_table_commit,84.940,84.940,84.940,1,3066.600,1,1,131,131
125,decode,pi: in.req_indices,9.660,9.660,9.660,1,3066.600,1,1,131,131
125,decode,pi: in.attn_state,27.330,27.330,27.330,1,3066.600,1,1,131,131
125,decode,pi: in.positions,25.960,25.960,25.960,1,3066.600,1,1,131,131
125,decode,pi: in.prev_positions,29.110,29.110,29.110,1,3066.600,1,1,131,131
125,decode,pi: in.token_indices_select,26.680,26.680,26.680,1,3066.600,1,1,131,131
125,decode,pi: in.query_start_loc,27.320,27.320,27.320,1,3066.600,1,1,131,131
125,decode,pi: in.optimistic_seq_lens,47.920,47.920,47.920,1,3066.600,1,1,131,131
125,decode,pi: in.prepare_input_ids,66.250,66.250,66.250,1,3066.600,1,1,131,131
125,decode,pi: in.mrope_positions,41.810,41.810,41.810,1,3066.600,1,1,131,131
125,decode,pi: in.discard_mask,56.580,56.580,56.580,1,3066.600,1,1,131,131
125,decode,pi: in.num_accepted_tokens,14.460,14.460,14.460,1,3066.600,1,1,131,131
125,decode,pi: in.num_computed_tokens,18.010,18.010,18.010,1,3066.600,1,1,131,131
125,decode,pi: in.tokens_to_gpu,57.650,57.650,57.650,1,3066.600,1,1,131,131
125,decode,pi: in.positions_assembly,109.270,109.270,109.270,1,3066.600,1,1,131,131
125,decode,pi: in.seq_lens,55.280,55.280,55.280,1,3066.600,1,1,131,131
125,decode,pi: in.slot_mapping,136.320,136.320,136.320,1,3066.600,1,1,131,131
125,decode,pi: in.mrope_drift,0.660,0.660,0.660,1,3066.600,1,1,131,131
125,decode,pi: in.logits_indices,38.870,38.870,35.940,2,3066.600,1,1,131,131
125,decode,pi: prepare_inputs,95.990,970.070,970.070,1,3066.600,1,1,131,131
125,decode,pi: cascade_attn_prefix_lens,10.740,10.740,10.740,1,3066.600,1,1,131,131
125,decode,pi: batch_exec_and_padding,50.760,50.760,50.760,1,3066.600,1,1,131,131
125,decode,pi: ubatch_slices,1.570,1.570,1.570,1,3066.600,1,1,131,131
125,decode,pi: pad_query_start_loc,29.170,29.170,29.170,1,3066.600,1,1,131,131
125,decode,pi: am.max_seq_len,18.000,18.000,18.000,1,3066.600,1,1,131,131
125,decode,pi: am.cm_base_pre,73.720,73.720,73.720,1,3066.600,1,1,131,131
125,decode,pi: am.build.split_decodes,9.350,9.350,9.350,1,3066.600,1,1,131,131
125,decode,pi: am.build.seq_lens_select,8.570,8.570,8.570,1,3066.600,1,1,131,131
125,decode,pi: am.build.attn_mask,1.240,1.240,1.240,1,3066.600,1,1,131,131
125,decode,pi: am.build.qsl_h2d,33.120,33.120,33.120,1,3066.600,1,1,131,131
125,decode,pi: am.build.tolist,9.700,9.700,9.700,1,3066.600,1,1,131,131
125,decode,pi: am.build.fia_pad,1.750,1.750,1.750,1,3066.600,1,1,131,131
125,decode,pi: am.build.backend_metadata,15.220,15.220,15.220,1,3066.600,1,1,131,131
125,decode,pi: am.build.metadata_ctor,6.600,6.600,6.600,1,3066.600,1,1,131,131
125,decode,pi: am.builder_build@AscendAttentionMetadataBuilder,36.110,121.660,121.660,1,3066.600,1,1,131,131
125,decode,pi: am.builder_build,19.240,1030.960,316.380,4,3066.600,1,1,131,131
125,decode,pi: am.layer_assign,7.720,7.720,2.340,4,3066.600,1,1,131,131
125,decode,pi: am.group_loop,87.290,1125.970,340.280,4,3066.600,1,1,131,131
125,decode,pi: am.builder_build@AscendGDNAttentionMetadataBuilder,890.060,890.060,311.370,3,3066.600,1,1,131,131
125,decode,pi: build_attention_metadata,280.250,1497.940,1497.940,1,3066.600,1,1,131,131
125,decode,pi: sanitize_placeholder_ids,0.980,0.980,0.980,1,3066.600,1,1,131,131
125,decode,pi: sync_input_prep,103.840,2821.550,2821.550,1,3066.600,1,1,131,131
125,decode,pi: TOTAL,3066.600,3066.600,3066.600,1,3066.600,1,1,131,131
