step,phase,scope,self_us,incl_us,max_us,n_calls,wall_us,num_reqs,total_tokens,tid,pid
1,prefill,pi: update_states,895.530,895.530,895.530,1,3576844.540,1,98,131,131
1,prefill,pi: tokens_list,1.580,1.580,1.580,1,3576844.540,1,98,131,131
1,prefill,pi: phase_classify,168.610,168.610,168.610,1,3576844.540,1,98,131,131
1,prefill,pi: in.block_table_commit,130.610,130.610,130.610,1,3576844.540,1,98,131,131
1,prefill,pi: in.req_indices,13.980,13.980,13.980,1,3576844.540,1,98,131,131
1,prefill,pi: in.attn_state,35.610,35.610,35.610,1,3576844.540,1,98,131,131
1,prefill,pi: in.positions,41.550,41.550,41.550,1,3576844.540,1,98,131,131
1,prefill,pi: in.prev_positions,7.870,7.870,7.870,1,3576844.540,1,98,131,131
1,prefill,pi: in.token_indices_select,95.780,95.780,95.780,1,3576844.540,1,98,131,131
1,prefill,pi: in.query_start_loc,45.150,45.150,45.150,1,3576844.540,1,98,131,131
1,prefill,pi: in.optimistic_seq_lens,222.720,222.720,222.720,1,3576844.540,1,98,131,131
1,prefill,pi: in.prepare_input_ids,26.210,26.210,26.210,1,3576844.540,1,98,131,131
1,prefill,pi: in.mrope_positions,148.310,148.310,148.310,1,3576844.540,1,98,131,131
1,prefill,pi: in.discard_mask,99.780,99.780,99.780,1,3576844.540,1,98,131,131
1,prefill,pi: in.num_accepted_tokens,50.770,50.770,50.770,1,3576844.540,1,98,131,131
1,prefill,pi: in.num_computed_tokens,24.320,24.320,24.320,1,3576844.540,1,98,131,131
1,prefill,pi: in.tokens_to_gpu,78.550,78.550,78.550,1,3576844.540,1,98,131,131
1,prefill,pi: in.positions_assembly,856.190,856.190,856.190,1,3576844.540,1,98,131,131
1,prefill,pi: in.seq_lens,964.910,964.910,964.910,1,3576844.540,1,98,131,131
1,prefill,pi: in.slot_mapping,3558307.980,3558307.980,3558307.980,1,3576844.540,1,98,131,131
1,prefill,pi: in.mrope_drift,4.360,4.360,4.360,1,3576844.540,1,98,131,131
1,prefill,pi: in.logits_indices,277.820,277.820,275.420,2,3576844.540,1,98,131,131
1,prefill,pi: prepare_inputs,198.710,3561631.180,3561631.180,1,3576844.540,1,98,131,131
1,prefill,pi: cascade_attn_prefix_lens,34.620,34.620,34.620,1,3576844.540,1,98,131,131
1,prefill,pi: batch_exec_and_padding,122.030,122.030,122.030,1,3576844.540,1,98,131,131
1,prefill,pi: ubatch_slices,3.760,3.760,3.760,1,3576844.540,1,98,131,131
1,prefill,pi: am.max_seq_len,49.460,49.460,49.460,1,3576844.540,1,98,131,131
1,prefill,pi: am.cm_base_pre,185.300,185.300,185.300,1,3576844.540,1,98,131,131
1,prefill,pi: am.builder_build,5418.830,5418.830,2353.690,4,3576844.540,1,98,131,131
1,prefill,pi: am.layer_assign,12.070,12.070,3.380,4,3576844.540,1,98,131,131
1,prefill,pi: am.group_loop,94.270,5525.170,2380.040,4,3576844.540,1,98,131,131
1,prefill,pi: build_attention_metadata,368.490,6128.420,6128.420,1,3576844.540,1,98,131,131
1,prefill,pi: sanitize_placeholder_ids,1.870,1.870,1.870,1,3576844.540,1,98,131,131
1,prefill,pi: sync_input_prep,202.470,3569190.070,3569190.070,1,3576844.540,1,98,131,131
1,prefill,pi: TOTAL,3576844.540,3576844.540,3576844.540,1,3576844.540,1,98,131,131
2,prefill+decode,pi: update_states,2345.770,2345.770,2345.770,1,11364.360,22,2048,131,131
2,prefill+decode,pi: tokens_list,2.780,2.780,2.780,1,11364.360,22,2048,131,131
2,prefill+decode,pi: phase_classify,111.230,111.230,111.230,1,11364.360,22,2048,131,131
2,prefill+decode,pi: in.block_table_commit,109.890,109.890,109.890,1,11364.360,22,2048,131,131
2,prefill+decode,pi: in.req_indices,14.090,14.090,14.090,1,11364.360,22,2048,131,131
2,prefill+decode,pi: in.attn_state,46.000,46.000,46.000,1,11364.360,22,2048,131,131
2,prefill+decode,pi: in.positions,46.650,46.650,46.650,1,11364.360,22,2048,131,131
2,prefill+decode,pi: in.prev_positions,47.270,47.270,47.270,1,11364.360,22,2048,131,131
2,prefill+decode,pi: in.token_indices_select,56.570,56.570,56.570,1,11364.360,22,2048,131,131
2,prefill+decode,pi: in.query_start_loc,39.630,39.630,39.630,1,11364.360,22,2048,131,131
2,prefill+decode,pi: in.optimistic_seq_lens,111.680,111.680,111.680,1,11364.360,22,2048,131,131
2,prefill+decode,pi: in.prepare_input_ids,111.930,111.930,111.930,1,11364.360,22,2048,131,131
2,prefill+decode,pi: in.mrope_positions,436.740,436.740,436.740,1,11364.360,22,2048,131,131
2,prefill+decode,pi: in.discard_mask,102.120,102.120,102.120,1,11364.360,22,2048,131,131
2,prefill+decode,pi: in.num_accepted_tokens,20.310,20.310,20.310,1,11364.360,22,2048,131,131
2,prefill+decode,pi: in.num_computed_tokens,20.790,20.790,20.790,1,11364.360,22,2048,131,131
2,prefill+decode,pi: in.tokens_to_gpu,78.020,78.020,78.020,1,11364.360,22,2048,131,131
2,prefill+decode,pi: in.positions_assembly,211.120,211.120,211.120,1,11364.360,22,2048,131,131
2,prefill+decode,pi: in.seq_lens,93.560,93.560,93.560,1,11364.360,22,2048,131,131
2,prefill+decode,pi: in.slot_mapping,161.170,161.170,161.170,1,11364.360,22,2048,131,131
2,prefill+decode,pi: in.mrope_drift,0.890,0.890,0.890,1,11364.360,22,2048,131,131
2,prefill+decode,pi: in.logits_indices,73.600,73.600,70.100,2,11364.360,22,2048,131,131
2,prefill+decode,pi: prepare_inputs,134.460,1916.490,1916.490,1,11364.360,22,2048,131,131
2,prefill+decode,pi: cascade_attn_prefix_lens,17.010,17.010,17.010,1,11364.360,22,2048,131,131
2,prefill+decode,pi: batch_exec_and_padding,60.020,60.020,60.020,1,11364.360,22,2048,131,131
2,prefill+decode,pi: ubatch_slices,2.850,2.850,2.850,1,11364.360,22,2048,131,131
2,prefill+decode,pi: am.max_seq_len,21.140,21.140,21.140,1,11364.360,22,2048,131,131
2,prefill+decode,pi: am.cm_base_pre,106.400,106.400,106.400,1,11364.360,22,2048,131,131
2,prefill+decode,pi: am.builder_build,5812.690,5812.690,2137.230,4,11364.360,22,2048,131,131
2,prefill+decode,pi: am.layer_assign,9.960,9.960,2.780,4,11364.360,22,2048,131,131
2,prefill+decode,pi: am.group_loop,95.090,5917.740,2165.430,4,11364.360,22,2048,131,131
2,prefill+decode,pi: build_attention_metadata,358.310,6403.590,6403.590,1,11364.360,22,2048,131,131
2,prefill+decode,pi: sanitize_placeholder_ids,2.440,2.440,2.440,1,11364.360,22,2048,131,131
2,prefill+decode,pi: sync_input_prep,134.730,10996.910,10996.910,1,11364.360,22,2048,131,131
2,prefill+decode,pi: TOTAL,11364.360,11364.360,11364.360,1,11364.360,22,2048,131,131
3,prefill+decode,pi: update_states,2603.670,2603.670,2603.670,1,11675.830,43,2048,131,131
3,prefill+decode,pi: tokens_list,3.860,3.860,3.860,1,11675.830,43,2048,131,131
3,prefill+decode,pi: phase_classify,89.450,89.450,89.450,1,11675.830,43,2048,131,131
3,prefill+decode,pi: in.block_table_commit,97.530,97.530,97.530,1,11675.830,43,2048,131,131
3,prefill+decode,pi: in.req_indices,14.290,14.290,14.290,1,11675.830,43,2048,131,131
3,prefill+decode,pi: in.attn_state,46.560,46.560,46.560,1,11675.830,43,2048,131,131
3,prefill+decode,pi: in.positions,43.390,43.390,43.390,1,11675.830,43,2048,131,131
3,prefill+decode,pi: in.prev_positions,43.830,43.830,43.830,1,11675.830,43,2048,131,131
3,prefill+decode,pi: in.token_indices_select,52.980,52.980,52.980,1,11675.830,43,2048,131,131
3,prefill+decode,pi: in.query_start_loc,31.390,31.390,31.390,1,11675.830,43,2048,131,131
3,prefill+decode,pi: in.optimistic_seq_lens,103.350,103.350,103.350,1,11675.830,43,2048,131,131
3,prefill+decode,pi: in.prepare_input_ids,180.300,180.300,180.300,1,11675.830,43,2048,131,131
3,prefill+decode,pi: in.mrope_positions,680.260,680.260,680.260,1,11675.830,43,2048,131,131
3,prefill+decode,pi: in.discard_mask,94.070,94.070,94.070,1,11675.830,43,2048,131,131
3,prefill+decode,pi: in.num_accepted_tokens,18.090,18.090,18.090,1,11675.830,43,2048,131,131
3,prefill+decode,pi: in.num_computed_tokens,18.770,18.770,18.770,1,11675.830,43,2048,131,131
3,prefill+decode,pi: in.tokens_to_gpu,70.440,70.440,70.440,1,11675.830,43,2048,131,131
3,prefill+decode,pi: in.positions_assembly,120.040,120.040,120.040,1,11675.830,43,2048,131,131
3,prefill+decode,pi: in.seq_lens,108.840,108.840,108.840,1,11675.830,43,2048,131,131
3,prefill+decode,pi: in.slot_mapping,150.470,150.470,150.470,1,11675.830,43,2048,131,131
3,prefill+decode,pi: in.mrope_drift,1.010,1.010,1.010,1,11675.830,43,2048,131,131
3,prefill+decode,pi: in.logits_indices,75.170,75.170,71.700,2,11675.830,43,2048,131,131
3,prefill+decode,pi: prepare_inputs,118.890,2069.670,2069.670,1,11675.830,43,2048,131,131
3,prefill+decode,pi: cascade_attn_prefix_lens,16.240,16.240,16.240,1,11675.830,43,2048,131,131
3,prefill+decode,pi: batch_exec_and_padding,56.500,56.500,56.500,1,11675.830,43,2048,131,131
3,prefill+decode,pi: ubatch_slices,2.720,2.720,2.720,1,11675.830,43,2048,131,131
3,prefill+decode,pi: am.max_seq_len,20.650,20.650,20.650,1,11675.830,43,2048,131,131
3,prefill+decode,pi: am.cm_base_pre,103.230,103.230,103.230,1,11675.830,43,2048,131,131
3,prefill+decode,pi: am.builder_build,5798.190,5798.190,2266.940,4,11675.830,43,2048,131,131
3,prefill+decode,pi: am.layer_assign,9.860,9.860,2.700,4,11675.830,43,2048,131,131
3,prefill+decode,pi: am.group_loop,92.940,5900.990,2293.870,4,11675.830,43,2048,131,131
3,prefill+decode,pi: build_attention_metadata,334.000,6358.870,6358.870,1,11675.830,43,2048,131,131
3,prefill+decode,pi: sanitize_placeholder_ids,1.580,1.580,1.580,1,11675.830,43,2048,131,131
3,prefill+decode,pi: sync_input_prep,217.390,11419.950,11419.950,1,11675.830,43,2048,131,131
3,prefill+decode,pi: TOTAL,11675.830,11675.830,11675.830,1,11675.830,43,2048,131,131
4,prefill+decode,pi: update_states,2383.700,2383.700,2383.700,1,11048.970,63,2048,131,131
4,prefill+decode,pi: tokens_list,5.740,5.740,5.740,1,11048.970,63,2048,131,131
4,prefill+decode,pi: phase_classify,47.520,47.520,47.520,1,11048.970,63,2048,131,131
4,prefill+decode,pi: in.block_table_commit,93.130,93.130,93.130,1,11048.970,63,2048,131,131
4,prefill+decode,pi: in.req_indices,12.430,12.430,12.430,1,11048.970,63,2048,131,131
4,prefill+decode,pi: in.attn_state,39.170,39.170,39.170,1,11048.970,63,2048,131,131
4,prefill+decode,pi: in.positions,36.600,36.600,36.600,1,11048.970,63,2048,131,131
4,prefill+decode,pi: in.prev_positions,42.490,42.490,42.490,1,11048.970,63,2048,131,131
4,prefill+decode,pi: in.token_indices_select,37.360,37.360,37.360,1,11048.970,63,2048,131,131
4,prefill+decode,pi: in.query_start_loc,30.450,30.450,30.450,1,11048.970,63,2048,131,131
4,prefill+decode,pi: in.optimistic_seq_lens,82.570,82.570,82.570,1,11048.970,63,2048,131,131
4,prefill+decode,pi: in.prepare_input_ids,209.130,209.130,209.130,1,11048.970,63,2048,131,131
4,prefill+decode,pi: in.mrope_positions,884.050,884.050,884.050,1,11048.970,63,2048,131,131
4,prefill+decode,pi: in.discard_mask,103.410,103.410,103.410,1,11048.970,63,2048,131,131
4,prefill+decode,pi: in.num_accepted_tokens,17.460,17.460,17.460,1,11048.970,63,2048,131,131
4,prefill+decode,pi: in.num_computed_tokens,17.090,17.090,17.090,1,11048.970,63,2048,131,131
4,prefill+decode,pi: in.tokens_to_gpu,69.300,69.300,69.300,1,11048.970,63,2048,131,131
4,prefill+decode,pi: in.positions_assembly,115.380,115.380,115.380,1,11048.970,63,2048,131,131
4,prefill+decode,pi: in.seq_lens,100.850,100.850,100.850,1,11048.970,63,2048,131,131
4,prefill+decode,pi: in.slot_mapping,143.260,143.260,143.260,1,11048.970,63,2048,131,131
4,prefill+decode,pi: in.mrope_drift,0.780,0.780,0.780,1,11048.970,63,2048,131,131
4,prefill+decode,pi: in.logits_indices,63.630,63.630,60.980,2,11048.970,63,2048,131,131
4,prefill+decode,pi: prepare_inputs,115.330,2213.870,2213.870,1,11048.970,63,2048,131,131
4,prefill+decode,pi: cascade_attn_prefix_lens,11.960,11.960,11.960,1,11048.970,63,2048,131,131
4,prefill+decode,pi: batch_exec_and_padding,50.060,50.060,50.060,1,11048.970,63,2048,131,131
4,prefill+decode,pi: ubatch_slices,1.890,1.890,1.890,1,11048.970,63,2048,131,131
4,prefill+decode,pi: am.max_seq_len,20.570,20.570,20.570,1,11048.970,63,2048,131,131
4,prefill+decode,pi: am.cm_base_pre,94.660,94.660,94.660,1,11048.970,63,2048,131,131
4,prefill+decode,pi: am.builder_build,5357.230,5357.230,1865.000,4,11048.970,63,2048,131,131
4,prefill+decode,pi: am.layer_assign,9.040,9.040,2.760,4,11048.970,63,2048,131,131
4,prefill+decode,pi: am.group_loop,87.300,5453.570,1891.190,4,11048.970,63,2048,131,131
4,prefill+decode,pi: build_attention_metadata,321.480,5890.280,5890.280,1,11048.970,63,2048,131,131
4,prefill+decode,pi: sanitize_placeholder_ids,1.330,1.330,1.330,1,11048.970,63,2048,131,131
4,prefill+decode,pi: sync_input_prep,201.110,10807.460,10807.460,1,11048.970,63,2048,131,131
4,prefill+decode,pi: TOTAL,11048.970,11048.970,11048.970,1,11048.970,63,2048,131,131
5,prefill+decode,pi: update_states,448.210,448.210,448.210,1,9013.050,64,173,131,131
5,prefill+decode,pi: tokens_list,5.040,5.040,5.040,1,9013.050,64,173,131,131
5,prefill+decode,pi: phase_classify,46.180,46.180,46.180,1,9013.050,64,173,131,131
5,prefill+decode,pi: in.block_table_commit,84.060,84.060,84.060,1,9013.050,64,173,131,131
5,prefill+decode,pi: in.req_indices,10.000,10.000,10.000,1,9013.050,64,173,131,131
5,prefill+decode,pi: in.attn_state,36.350,36.350,36.350,1,9013.050,64,173,131,131
5,prefill+decode,pi: in.positions,36.060,36.060,36.060,1,9013.050,64,173,131,131
5,prefill+decode,pi: in.prev_positions,42.300,42.300,42.300,1,9013.050,64,173,131,131
5,prefill+decode,pi: in.token_indices_select,32.740,32.740,32.740,1,9013.050,64,173,131,131
5,prefill+decode,pi: in.query_start_loc,28.790,28.790,28.790,1,9013.050,64,173,131,131
5,prefill+decode,pi: in.optimistic_seq_lens,80.910,80.910,80.910,1,9013.050,64,173,131,131
5,prefill+decode,pi: in.prepare_input_ids,252.660,252.660,252.660,1,9013.050,64,173,131,131
5,prefill+decode,pi: in.mrope_positions,786.620,786.620,786.620,1,9013.050,64,173,131,131
5,prefill+decode,pi: in.discard_mask,77.960,77.960,77.960,1,9013.050,64,173,131,131
5,prefill+decode,pi: in.num_accepted_tokens,16.220,16.220,16.220,1,9013.050,64,173,131,131
5,prefill+decode,pi: in.num_computed_tokens,18.660,18.660,18.660,1,9013.050,64,173,131,131
5,prefill+decode,pi: in.tokens_to_gpu,63.450,63.450,63.450,1,9013.050,64,173,131,131
5,prefill+decode,pi: in.positions_assembly,192.680,192.680,192.680,1,9013.050,64,173,131,131
5,prefill+decode,pi: in.seq_lens,71.750,71.750,71.750,1,9013.050,64,173,131,131
5,prefill+decode,pi: in.slot_mapping,142.730,142.730,142.730,1,9013.050,64,173,131,131
5,prefill+decode,pi: in.mrope_drift,0.800,0.800,0.800,1,9013.050,64,173,131,131
5,prefill+decode,pi: in.logits_indices,64.660,64.660,61.380,2,9013.050,64,173,131,131
5,prefill+decode,pi: prepare_inputs,133.080,2172.480,2172.480,1,9013.050,64,173,131,131
5,prefill+decode,pi: cascade_attn_prefix_lens,11.950,11.950,11.950,1,9013.050,64,173,131,131
5,prefill+decode,pi: batch_exec_and_padding,48.200,48.200,48.200,1,9013.050,64,173,131,131
5,prefill+decode,pi: ubatch_slices,1.840,1.840,1.840,1,9013.050,64,173,131,131
5,prefill+decode,pi: am.max_seq_len,19.710,19.710,19.710,1,9013.050,64,173,131,131
5,prefill+decode,pi: am.cm_base_pre,99.900,99.900,99.900,1,9013.050,64,173,131,131
5,prefill+decode,pi: am.builder_build,5216.590,5216.590,2021.450,4,9013.050,64,173,131,131
5,prefill+decode,pi: am.layer_assign,8.590,8.590,2.420,4,9013.050,64,173,131,131
5,prefill+decode,pi: am.group_loop,83.350,5308.530,2046.210,4,9013.050,64,173,131,131
5,prefill+decode,pi: build_attention_metadata,316.740,5744.880,5744.880,1,9013.050,64,173,131,131
5,prefill+decode,pi: sanitize_placeholder_ids,1.560,1.560,1.560,1,9013.050,64,173,131,131
5,prefill+decode,pi: sync_input_prep,225.920,8706.260,8706.260,1,9013.050,64,173,131,131
5,prefill+decode,pi: TOTAL,9013.050,9013.050,9013.050,1,9013.050,64,173,131,131
6,decode,pi: update_states,199.280,199.280,199.280,1,4488.420,64,64,131,131
6,decode,pi: tokens_list,4.590,4.590,4.590,1,4488.420,64,64,131,131
6,decode,pi: phase_classify,57.430,57.430,57.430,1,4488.420,64,64,131,131
6,decode,pi: in.block_table_commit,90.500,90.500,90.500,1,4488.420,64,64,131,131
6,decode,pi: in.req_indices,10.270,10.270,10.270,1,4488.420,64,64,131,131
6,decode,pi: in.attn_state,31.640,31.640,31.640,1,4488.420,64,64,131,131
6,decode,pi: in.positions,31.360,31.360,31.360,1,4488.420,64,64,131,131
6,decode,pi: in.prev_positions,43.030,43.030,43.030,1,4488.420,64,64,131,131
6,decode,pi: in.token_indices_select,31.810,31.810,31.810,1,4488.420,64,64,131,131
6,decode,pi: in.query_start_loc,29.570,29.570,29.570,1,4488.420,64,64,131,131
6,decode,pi: in.optimistic_seq_lens,50.860,50.860,50.860,1,4488.420,64,64,131,131
6,decode,pi: in.prepare_input_ids,238.440,238.440,238.440,1,4488.420,64,64,131,131
6,decode,pi: in.mrope_positions,752.420,752.420,752.420,1,4488.420,64,64,131,131
6,decode,pi: in.discard_mask,76.320,76.320,76.320,1,4488.420,64,64,131,131
6,decode,pi: in.num_accepted_tokens,15.240,15.240,15.240,1,4488.420,64,64,131,131
6,decode,pi: in.num_computed_tokens,18.220,18.220,18.220,1,4488.420,64,64,131,131
6,decode,pi: in.tokens_to_gpu,64.040,64.040,64.040,1,4488.420,64,64,131,131
6,decode,pi: in.positions_assembly,208.100,208.100,208.100,1,4488.420,64,64,131,131
6,decode,pi: in.seq_lens,51.280,51.280,51.280,1,4488.420,64,64,131,131
6,decode,pi: in.slot_mapping,140.480,140.480,140.480,1,4488.420,64,64,131,131
6,decode,pi: in.mrope_drift,0.900,0.900,0.900,1,4488.420,64,64,131,131
6,decode,pi: in.logits_indices,40.870,40.870,38.000,2,4488.420,64,64,131,131
6,decode,pi: prepare_inputs,113.240,2038.590,2038.590,1,4488.420,64,64,131,131
6,decode,pi: cascade_attn_prefix_lens,11.490,11.490,11.490,1,4488.420,64,64,131,131
6,decode,pi: batch_exec_and_padding,60.690,60.690,60.690,1,4488.420,64,64,131,131
6,decode,pi: ubatch_slices,1.740,1.740,1.740,1,4488.420,64,64,131,131
6,decode,pi: pad_query_start_loc,31.180,31.180,31.180,1,4488.420,64,64,131,131
6,decode,pi: am.max_seq_len,19.030,19.030,19.030,1,4488.420,64,64,131,131
6,decode,pi: am.cm_base_pre,95.520,95.520,95.520,1,4488.420,64,64,131,131
6,decode,pi: am.builder_build,1090.640,1090.640,355.310,4,4488.420,64,64,131,131
6,decode,pi: am.layer_assign,8.380,8.380,2.280,4,4488.420,64,64,131,131
6,decode,pi: am.group_loop,72.650,1171.670,377.010,4,4488.420,64,64,131,131
6,decode,pi: build_attention_metadata,294.390,1580.610,1580.610,1,4488.420,64,64,131,131
6,decode,pi: sanitize_placeholder_ids,1.320,1.320,1.320,1,4488.420,64,64,131,131
6,decode,pi: sync_input_prep,194.300,4181.220,4181.220,1,4488.420,64,64,131,131
6,decode,pi: TOTAL,4488.420,4488.420,4488.420,1,4488.420,64,64,131,131
7,decode,pi: update_states,207.190,207.190,207.190,1,4254.480,64,64,131,131
7,decode,pi: tokens_list,4.320,4.320,4.320,1,4254.480,64,64,131,131
7,decode,pi: phase_classify,52.540,52.540,52.540,1,4254.480,64,64,131,131
7,decode,pi: in.block_table_commit,88.700,88.700,88.700,1,4254.480,64,64,131,131
7,decode,pi: in.req_indices,10.430,10.430,10.430,1,4254.480,64,64,131,131
7,decode,pi: in.attn_state,29.400,29.400,29.400,1,4254.480,64,64,131,131
7,decode,pi: in.positions,27.440,27.440,27.440,1,4254.480,64,64,131,131
7,decode,pi: in.prev_positions,40.690,40.690,40.690,1,4254.480,64,64,131,131
7,decode,pi: in.token_indices_select,31.340,31.340,31.340,1,4254.480,64,64,131,131
7,decode,pi: in.query_start_loc,28.650,28.650,28.650,1,4254.480,64,64,131,131
7,decode,pi: in.optimistic_seq_lens,52.480,52.480,52.480,1,4254.480,64,64,131,131
7,decode,pi: in.prepare_input_ids,242.000,242.000,242.000,1,4254.480,64,64,131,131
7,decode,pi: in.mrope_positions,764.110,764.110,764.110,1,4254.480,64,64,131,131
7,decode,pi: in.discard_mask,75.280,75.280,75.280,1,4254.480,64,64,131,131
7,decode,pi: in.num_accepted_tokens,16.260,16.260,16.260,1,4254.480,64,64,131,131
7,decode,pi: in.num_computed_tokens,20.680,20.680,20.680,1,4254.480,64,64,131,131
7,decode,pi: in.tokens_to_gpu,65.220,65.220,65.220,1,4254.480,64,64,131,131
7,decode,pi: in.positions_assembly,115.740,115.740,115.740,1,4254.480,64,64,131,131
7,decode,pi: in.seq_lens,58.160,58.160,58.160,1,4254.480,64,64,131,131
7,decode,pi: in.slot_mapping,140.380,140.380,140.380,1,4254.480,64,64,131,131
7,decode,pi: in.mrope_drift,0.930,0.930,0.930,1,4254.480,64,64,131,131
7,decode,pi: in.logits_indices,40.450,40.450,36.830,2,4254.480,64,64,131,131
7,decode,pi: prepare_inputs,110.970,1959.310,1959.310,1,4254.480,64,64,131,131
7,decode,pi: cascade_attn_prefix_lens,11.150,11.150,11.150,1,4254.480,64,64,131,131
7,decode,pi: batch_exec_and_padding,53.330,53.330,53.330,1,4254.480,64,64,131,131
7,decode,pi: ubatch_slices,1.750,1.750,1.750,1,4254.480,64,64,131,131
7,decode,pi: pad_query_start_loc,29.310,29.310,29.310,1,4254.480,64,64,131,131
7,decode,pi: am.max_seq_len,19.360,19.360,19.360,1,4254.480,64,64,131,131
7,decode,pi: am.cm_base_pre,75.750,75.750,75.750,1,4254.480,64,64,131,131
7,decode,pi: am.builder_build,1023.940,1023.940,328.180,4,4254.480,64,64,131,131
7,decode,pi: am.layer_assign,7.990,7.990,2.380,4,4254.480,64,64,131,131
7,decode,pi: am.group_loop,70.140,1102.070,349.200,4,4254.480,64,64,131,131
7,decode,pi: build_attention_metadata,286.090,1483.270,1483.270,1,4254.480,64,64,131,131
7,decode,pi: sanitize_placeholder_ids,1.310,1.310,1.310,1,4254.480,64,64,131,131
7,decode,pi: sync_input_prep,181.110,3984.590,3984.590,1,4254.480,64,64,131,131
7,decode,pi: TOTAL,4254.480,4254.480,4254.480,1,4254.480,64,64,131,131
8,decode,pi: update_states,183.690,183.690,183.690,1,4195.790,64,64,131,131
8,decode,pi: tokens_list,4.290,4.290,4.290,1,4195.790,64,64,131,131
8,decode,pi: phase_classify,103.730,103.730,103.730,1,4195.790,64,64,131,131
8,decode,pi: in.block_table_commit,87.490,87.490,87.490,1,4195.790,64,64,131,131
8,decode,pi: in.req_indices,10.520,10.520,10.520,1,4195.790,64,64,131,131
8,decode,pi: in.attn_state,29.710,29.710,29.710,1,4195.790,64,64,131,131
8,decode,pi: in.positions,27.700,27.700,27.700,1,4195.790,64,64,131,131
8,decode,pi: in.prev_positions,40.430,40.430,40.430,1,4195.790,64,64,131,131
8,decode,pi: in.token_indices_select,30.470,30.470,30.470,1,4195.790,64,64,131,131
8,decode,pi: in.query_start_loc,29.500,29.500,29.500,1,4195.790,64,64,131,131
8,decode,pi: in.optimistic_seq_lens,50.420,50.420,50.420,1,4195.790,64,64,131,131
8,decode,pi: in.prepare_input_ids,238.930,238.930,238.930,1,4195.790,64,64,131,131
8,decode,pi: in.mrope_positions,748.870,748.870,748.870,1,4195.790,64,64,131,131
8,decode,pi: in.discard_mask,72.860,72.860,72.860,1,4195.790,64,64,131,131
8,decode,pi: in.num_accepted_tokens,14.980,14.980,14.980,1,4195.790,64,64,131,131
8,decode,pi: in.num_computed_tokens,18.570,18.570,18.570,1,4195.790,64,64,131,131
8,decode,pi: in.tokens_to_gpu,63.670,63.670,63.670,1,4195.790,64,64,131,131
8,decode,pi: in.positions_assembly,114.720,114.720,114.720,1,4195.790,64,64,131,131
8,decode,pi: in.seq_lens,58.670,58.670,58.670,1,4195.790,64,64,131,131
8,decode,pi: in.slot_mapping,137.460,137.460,137.460,1,4195.790,64,64,131,131
8,decode,pi: in.mrope_drift,0.780,0.780,0.780,1,4195.790,64,64,131,131
8,decode,pi: in.logits_indices,39.960,39.960,37.130,2,4195.790,64,64,131,131
8,decode,pi: prepare_inputs,109.430,1925.140,1925.140,1,4195.790,64,64,131,131
8,decode,pi: cascade_attn_prefix_lens,10.480,10.480,10.480,1,4195.790,64,64,131,131
8,decode,pi: batch_exec_and_padding,52.310,52.310,52.310,1,4195.790,64,64,131,131
8,decode,pi: ubatch_slices,1.550,1.550,1.550,1,4195.790,64,64,131,131
8,decode,pi: pad_query_start_loc,30.090,30.090,30.090,1,4195.790,64,64,131,131
8,decode,pi: am.max_seq_len,19.130,19.130,19.130,1,4195.790,64,64,131,131
8,decode,pi: am.cm_base_pre,76.300,76.300,76.300,1,4195.790,64,64,131,131
8,decode,pi: am.builder_build,1046.290,1046.290,325.730,4,4195.790,64,64,131,131
8,decode,pi: am.layer_assign,8.320,8.320,2.310,4,4195.790,64,64,131,131
8,decode,pi: am.group_loop,71.830,1126.440,346.750,4,4195.790,64,64,131,131
8,decode,pi: build_attention_metadata,288.580,1510.450,1510.450,1,4195.790,64,64,131,131
8,decode,pi: sanitize_placeholder_ids,1.150,1.150,1.150,1,4195.790,64,64,131,131
8,decode,pi: sync_input_prep,108.920,3931.800,3931.800,1,4195.790,64,64,131,131
8,decode,pi: TOTAL,4195.790,4195.790,4195.790,1,4195.790,64,64,131,131
9,decode,pi: update_states,182.210,182.210,182.210,1,4177.750,64,64,131,131
9,decode,pi: tokens_list,4.200,4.200,4.200,1,4177.750,64,64,131,131
9,decode,pi: phase_classify,51.580,51.580,51.580,1,4177.750,64,64,131,131
9,decode,pi: in.block_table_commit,87.700,87.700,87.700,1,4177.750,64,64,131,131
9,decode,pi: in.req_indices,9.850,9.850,9.850,1,4177.750,64,64,131,131
9,decode,pi: in.attn_state,27.420,27.420,27.420,1,4177.750,64,64,131,131
9,decode,pi: in.positions,26.300,26.300,26.300,1,4177.750,64,64,131,131
9,decode,pi: in.prev_positions,39.920,39.920,39.920,1,4177.750,64,64,131,131
9,decode,pi: in.token_indices_select,29.350,29.350,29.350,1,4177.750,64,64,131,131
9,decode,pi: in.query_start_loc,28.690,28.690,28.690,1,4177.750,64,64,131,131
9,decode,pi: in.optimistic_seq_lens,49.850,49.850,49.850,1,4177.750,64,64,131,131
9,decode,pi: in.prepare_input_ids,238.810,238.810,238.810,1,4177.750,64,64,131,131
9,decode,pi: in.mrope_positions,756.110,756.110,756.110,1,4177.750,64,64,131,131
9,decode,pi: in.discard_mask,72.720,72.720,72.720,1,4177.750,64,64,131,131
9,decode,pi: in.num_accepted_tokens,14.160,14.160,14.160,1,4177.750,64,64,131,131
9,decode,pi: in.num_computed_tokens,18.650,18.650,18.650,1,4177.750,64,64,131,131
9,decode,pi: in.tokens_to_gpu,64.890,64.890,64.890,1,4177.750,64,64,131,131
9,decode,pi: in.positions_assembly,111.570,111.570,111.570,1,4177.750,64,64,131,131
9,decode,pi: in.seq_lens,59.240,59.240,59.240,1,4177.750,64,64,131,131
9,decode,pi: in.slot_mapping,156.110,156.110,156.110,1,4177.750,64,64,131,131
9,decode,pi: in.mrope_drift,0.960,0.960,0.960,1,4177.750,64,64,131,131
9,decode,pi: in.logits_indices,41.120,41.120,38.430,2,4177.750,64,64,131,131
9,decode,pi: prepare_inputs,108.100,1941.520,1941.520,1,4177.750,64,64,131,131
9,decode,pi: cascade_attn_prefix_lens,10.860,10.860,10.860,1,4177.750,64,64,131,131
9,decode,pi: batch_exec_and_padding,51.700,51.700,51.700,1,4177.750,64,64,131,131
9,decode,pi: ubatch_slices,1.420,1.420,1.420,1,4177.750,64,64,131,131
9,decode,pi: pad_query_start_loc,29.220,29.220,29.220,1,4177.750,64,64,131,131
9,decode,pi: am.max_seq_len,19.220,19.220,19.220,1,4177.750,64,64,131,131
9,decode,pi: am.cm_base_pre,76.770,76.770,76.770,1,4177.750,64,64,131,131
9,decode,pi: am.builder_build,1020.940,1020.940,320.830,4,4177.750,64,64,131,131
9,decode,pi: am.layer_assign,8.150,8.150,2.250,4,4177.750,64,64,131,131
9,decode,pi: am.group_loop,71.660,1100.750,341.940,4,4177.750,64,64,131,131
9,decode,pi: build_attention_metadata,289.400,1486.140,1486.140,1,4177.750,64,64,131,131
9,decode,pi: sanitize_placeholder_ids,1.090,1.090,1.090,1,4177.750,64,64,131,131
9,decode,pi: sync_input_prep,159.260,3919.200,3919.200,1,4177.750,64,64,131,131
9,decode,pi: TOTAL,4177.750,4177.750,4177.750,1,4177.750,64,64,131,131
10,decode,pi: update_states,180.990,180.990,180.990,1,4159.090,64,64,131,131
10,decode,pi: tokens_list,4.180,4.180,4.180,1,4159.090,64,64,131,131
10,decode,pi: phase_classify,50.760,50.760,50.760,1,4159.090,64,64,131,131
10,decode,pi: in.block_table_commit,86.520,86.520,86.520,1,4159.090,64,64,131,131
10,decode,pi: in.req_indices,9.650,9.650,9.650,1,4159.090,64,64,131,131
10,decode,pi: in.attn_state,27.450,27.450,27.450,1,4159.090,64,64,131,131
10,decode,pi: in.positions,26.150,26.150,26.150,1,4159.090,64,64,131,131
10,decode,pi: in.prev_positions,40.590,40.590,40.590,1,4159.090,64,64,131,131
10,decode,pi: in.token_indices_select,28.540,28.540,28.540,1,4159.090,64,64,131,131
10,decode,pi: in.query_start_loc,28.050,28.050,28.050,1,4159.090,64,64,131,131
10,decode,pi: in.optimistic_seq_lens,49.450,49.450,49.450,1,4159.090,64,64,131,131
10,decode,pi: in.prepare_input_ids,253.820,253.820,253.820,1,4159.090,64,64,131,131
10,decode,pi: in.mrope_positions,748.590,748.590,748.590,1,4159.090,64,64,131,131
10,decode,pi: in.discard_mask,72.830,72.830,72.830,1,4159.090,64,64,131,131
10,decode,pi: in.num_accepted_tokens,16.610,16.610,16.610,1,4159.090,64,64,131,131
10,decode,pi: in.num_computed_tokens,18.500,18.500,18.500,1,4159.090,64,64,131,131
10,decode,pi: in.tokens_to_gpu,63.530,63.530,63.530,1,4159.090,64,64,131,131
10,decode,pi: in.positions_assembly,112.530,112.530,112.530,1,4159.090,64,64,131,131
10,decode,pi: in.seq_lens,59.840,59.840,59.840,1,4159.090,64,64,131,131
10,decode,pi: in.slot_mapping,135.650,135.650,135.650,1,4159.090,64,64,131,131
10,decode,pi: in.mrope_drift,0.810,0.810,0.810,1,4159.090,64,64,131,131
10,decode,pi: in.logits_indices,41.270,41.270,38.170,2,4159.090,64,64,131,131
10,decode,pi: prepare_inputs,104.710,1925.090,1925.090,1,4159.090,64,64,131,131
10,decode,pi: cascade_attn_prefix_lens,10.400,10.400,10.400,1,4159.090,64,64,131,131
10,decode,pi: batch_exec_and_padding,51.760,51.760,51.760,1,4159.090,64,64,131,131
10,decode,pi: ubatch_slices,1.500,1.500,1.500,1,4159.090,64,64,131,131
10,decode,pi: pad_query_start_loc,29.170,29.170,29.170,1,4159.090,64,64,131,131
10,decode,pi: am.max_seq_len,17.940,17.940,17.940,1,4159.090,64,64,131,131
10,decode,pi: am.cm_base_pre,76.420,76.420,76.420,1,4159.090,64,64,131,131
10,decode,pi: am.builder_build,1029.000,1029.000,327.820,4,4159.090,64,64,131,131
10,decode,pi: am.layer_assign,8.200,8.200,2.330,4,4159.090,64,64,131,131
10,decode,pi: am.group_loop,71.070,1108.270,349.170,4,4159.090,64,64,131,131
10,decode,pi: build_attention_metadata,283.300,1485.930,1485.930,1,4159.090,64,64,131,131
10,decode,pi: sanitize_placeholder_ids,1.160,1.160,1.160,1,4159.090,64,64,131,131
10,decode,pi: sync_input_prep,157.290,3898.230,3898.230,1,4159.090,64,64,131,131
10,decode,pi: TOTAL,4159.090,4159.090,4159.090,1,4159.090,64,64,131,131
11,decode,pi: update_states,181.300,181.300,181.300,1,4155.320,64,64,131,131
11,decode,pi: tokens_list,4.330,4.330,4.330,1,4155.320,64,64,131,131
11,decode,pi: phase_classify,96.450,96.450,96.450,1,4155.320,64,64,131,131
11,decode,pi: in.block_table_commit,89.340,89.340,89.340,1,4155.320,64,64,131,131
11,decode,pi: in.req_indices,10.720,10.720,10.720,1,4155.320,64,64,131,131
11,decode,pi: in.attn_state,28.730,28.730,28.730,1,4155.320,64,64,131,131
11,decode,pi: in.positions,26.600,26.600,26.600,1,4155.320,64,64,131,131
11,decode,pi: in.prev_positions,40.570,40.570,40.570,1,4155.320,64,64,131,131
11,decode,pi: in.token_indices_select,28.310,28.310,28.310,1,4155.320,64,64,131,131
11,decode,pi: in.query_start_loc,29.090,29.090,29.090,1,4155.320,64,64,131,131
11,decode,pi: in.optimistic_seq_lens,50.920,50.920,50.920,1,4155.320,64,64,131,131
11,decode,pi: in.prepare_input_ids,237.340,237.340,237.340,1,4155.320,64,64,131,131
11,decode,pi: in.mrope_positions,758.400,758.400,758.400,1,4155.320,64,64,131,131
11,decode,pi: in.discard_mask,74.920,74.920,74.920,1,4155.320,64,64,131,131
11,decode,pi: in.num_accepted_tokens,14.890,14.890,14.890,1,4155.320,64,64,131,131
11,decode,pi: in.num_computed_tokens,19.100,19.100,19.100,1,4155.320,64,64,131,131
11,decode,pi: in.tokens_to_gpu,62.410,62.410,62.410,1,4155.320,64,64,131,131
11,decode,pi: in.positions_assembly,110.820,110.820,110.820,1,4155.320,64,64,131,131
11,decode,pi: in.seq_lens,58.980,58.980,58.980,1,4155.320,64,64,131,131
11,decode,pi: in.slot_mapping,135.310,135.310,135.310,1,4155.320,64,64,131,131
11,decode,pi: in.mrope_drift,0.780,0.780,0.780,1,4155.320,64,64,131,131
11,decode,pi: in.logits_indices,38.730,38.730,36.200,2,4155.320,64,64,131,131
11,decode,pi: prepare_inputs,107.220,1923.180,1923.180,1,4155.320,64,64,131,131
11,decode,pi: cascade_attn_prefix_lens,10.700,10.700,10.700,1,4155.320,64,64,131,131
11,decode,pi: batch_exec_and_padding,51.170,51.170,51.170,1,4155.320,64,64,131,131
11,decode,pi: ubatch_slices,1.410,1.410,1.410,1,4155.320,64,64,131,131
11,decode,pi: pad_query_start_loc,28.060,28.060,28.060,1,4155.320,64,64,131,131
11,decode,pi: am.max_seq_len,18.470,18.470,18.470,1,4155.320,64,64,131,131
11,decode,pi: am.cm_base_pre,75.680,75.680,75.680,1,4155.320,64,64,131,131
11,decode,pi: am.builder_build,1032.160,1032.160,323.200,4,4155.320,64,64,131,131
11,decode,pi: am.layer_assign,8.080,8.080,2.270,4,4155.320,64,64,131,131
11,decode,pi: am.group_loop,72.640,1112.880,344.370,4,4155.320,64,64,131,131
11,decode,pi: build_attention_metadata,288.140,1495.170,1495.170,1,4155.320,64,64,131,131
11,decode,pi: sanitize_placeholder_ids,1.220,1.220,1.220,1,4155.320,64,64,131,131
11,decode,pi: sync_input_prep,105.530,3898.520,3898.520,1,4155.320,64,64,131,131
11,decode,pi: TOTAL,4155.320,4155.320,4155.320,1,4155.320,64,64,131,131
12,decode,pi: update_states,179.990,179.990,179.990,1,4162.570,64,64,131,131
12,decode,pi: tokens_list,4.130,4.130,4.130,1,4162.570,64,64,131,131
12,decode,pi: phase_classify,95.870,95.870,95.870,1,4162.570,64,64,131,131
12,decode,pi: in.block_table_commit,89.410,89.410,89.410,1,4162.570,64,64,131,131
12,decode,pi: in.req_indices,10.930,10.930,10.930,1,4162.570,64,64,131,131
12,decode,pi: in.attn_state,28.820,28.820,28.820,1,4162.570,64,64,131,131
12,decode,pi: in.positions,25.750,25.750,25.750,1,4162.570,64,64,131,131
12,decode,pi: in.prev_positions,41.520,41.520,41.520,1,4162.570,64,64,131,131
12,decode,pi: in.token_indices_select,28.430,28.430,28.430,1,4162.570,64,64,131,131
12,decode,pi: in.query_start_loc,27.210,27.210,27.210,1,4162.570,64,64,131,131
12,decode,pi: in.optimistic_seq_lens,48.780,48.780,48.780,1,4162.570,64,64,131,131
12,decode,pi: in.prepare_input_ids,234.580,234.580,234.580,1,4162.570,64,64,131,131
12,decode,pi: in.mrope_positions,750.800,750.800,750.800,1,4162.570,64,64,131,131
12,decode,pi: in.discard_mask,74.680,74.680,74.680,1,4162.570,64,64,131,131
12,decode,pi: in.num_accepted_tokens,15.330,15.330,15.330,1,4162.570,64,64,131,131
12,decode,pi: in.num_computed_tokens,18.740,18.740,18.740,1,4162.570,64,64,131,131
12,decode,pi: in.tokens_to_gpu,80.400,80.400,80.400,1,4162.570,64,64,131,131
12,decode,pi: in.positions_assembly,110.130,110.130,110.130,1,4162.570,64,64,131,131
12,decode,pi: in.seq_lens,58.940,58.940,58.940,1,4162.570,64,64,131,131
12,decode,pi: in.slot_mapping,135.460,135.460,135.460,1,4162.570,64,64,131,131
12,decode,pi: in.mrope_drift,0.870,0.870,0.870,1,4162.570,64,64,131,131
12,decode,pi: in.logits_indices,40.390,40.390,37.500,2,4162.570,64,64,131,131
12,decode,pi: prepare_inputs,108.980,1930.150,1930.150,1,4162.570,64,64,131,131
12,decode,pi: cascade_attn_prefix_lens,11.010,11.010,11.010,1,4162.570,64,64,131,131
12,decode,pi: batch_exec_and_padding,51.160,51.160,51.160,1,4162.570,64,64,131,131
12,decode,pi: ubatch_slices,1.480,1.480,1.480,1,4162.570,64,64,131,131
12,decode,pi: pad_query_start_loc,28.890,28.890,28.890,1,4162.570,64,64,131,131
12,decode,pi: am.max_seq_len,19.080,19.080,19.080,1,4162.570,64,64,131,131
12,decode,pi: am.cm_base_pre,76.030,76.030,76.030,1,4162.570,64,64,131,131
12,decode,pi: am.builder_build,1027.550,1027.550,322.700,4,4162.570,64,64,131,131
12,decode,pi: am.layer_assign,8.300,8.300,2.310,4,4162.570,64,64,131,131
12,decode,pi: am.group_loop,69.940,1105.790,343.010,4,4162.570,64,64,131,131
12,decode,pi: build_attention_metadata,283.240,1484.140,1484.140,1,4162.570,64,64,131,131
12,decode,pi: sanitize_placeholder_ids,1.460,1.460,1.460,1,4162.570,64,64,131,131
12,decode,pi: sync_input_prep,108.900,3897.180,3897.180,1,4162.570,64,64,131,131
12,decode,pi: TOTAL,4162.570,4162.570,4162.570,1,4162.570,64,64,131,131
13,decode,pi: update_states,180.880,180.880,180.880,1,4127.240,64,64,131,131
13,decode,pi: tokens_list,4.270,4.270,4.270,1,4127.240,64,64,131,131
13,decode,pi: phase_classify,50.480,50.480,50.480,1,4127.240,64,64,131,131
13,decode,pi: in.block_table_commit,98.610,98.610,98.610,1,4127.240,64,64,131,131
13,decode,pi: in.req_indices,10.430,10.430,10.430,1,4127.240,64,64,131,131
13,decode,pi: in.attn_state,28.100,28.100,28.100,1,4127.240,64,64,131,131
13,decode,pi: in.positions,25.650,25.650,25.650,1,4127.240,64,64,131,131
13,decode,pi: in.prev_positions,39.600,39.600,39.600,1,4127.240,64,64,131,131
13,decode,pi: in.token_indices_select,27.510,27.510,27.510,1,4127.240,64,64,131,131
13,decode,pi: in.query_start_loc,27.040,27.040,27.040,1,4127.240,64,64,131,131
13,decode,pi: in.optimistic_seq_lens,49.790,49.790,49.790,1,4127.240,64,64,131,131
13,decode,pi: in.prepare_input_ids,235.750,235.750,235.750,1,4127.240,64,64,131,131
13,decode,pi: in.mrope_positions,757.770,757.770,757.770,1,4127.240,64,64,131,131
13,decode,pi: in.discard_mask,72.120,72.120,72.120,1,4127.240,64,64,131,131
13,decode,pi: in.num_accepted_tokens,14.510,14.510,14.510,1,4127.240,64,64,131,131
13,decode,pi: in.num_computed_tokens,18.620,18.620,18.620,1,4127.240,64,64,131,131
13,decode,pi: in.tokens_to_gpu,61.750,61.750,61.750,1,4127.240,64,64,131,131
13,decode,pi: in.positions_assembly,112.530,112.530,112.530,1,4127.240,64,64,131,131
13,decode,pi: in.seq_lens,56.770,56.770,56.770,1,4127.240,64,64,131,131
13,decode,pi: in.slot_mapping,135.380,135.380,135.380,1,4127.240,64,64,131,131
13,decode,pi: in.mrope_drift,0.780,0.780,0.780,1,4127.240,64,64,131,131
13,decode,pi: in.logits_indices,39.390,39.390,36.770,2,4127.240,64,64,131,131
13,decode,pi: prepare_inputs,103.690,1915.790,1915.790,1,4127.240,64,64,131,131
13,decode,pi: cascade_attn_prefix_lens,10.820,10.820,10.820,1,4127.240,64,64,131,131
13,decode,pi: batch_exec_and_padding,49.540,49.540,49.540,1,4127.240,64,64,131,131
13,decode,pi: ubatch_slices,1.530,1.530,1.530,1,4127.240,64,64,131,131
13,decode,pi: pad_query_start_loc,27.820,27.820,27.820,1,4127.240,64,64,131,131
13,decode,pi: am.max_seq_len,18.080,18.080,18.080,1,4127.240,64,64,131,131
13,decode,pi: am.cm_base_pre,75.500,75.500,75.500,1,4127.240,64,64,131,131
13,decode,pi: am.builder_build,1011.870,1011.870,322.170,4,4127.240,64,64,131,131
13,decode,pi: am.layer_assign,7.990,7.990,2.210,4,4127.240,64,64,131,131
13,decode,pi: am.group_loop,71.650,1091.510,343.360,4,4127.240,64,64,131,131
13,decode,pi: build_attention_metadata,288.080,1473.170,1473.170,1,4127.240,64,64,131,131
13,decode,pi: sanitize_placeholder_ids,1.190,1.190,1.190,1,4127.240,64,64,131,131
13,decode,pi: sync_input_prep,154.560,3870.050,3870.050,1,4127.240,64,64,131,131
13,decode,pi: TOTAL,4127.240,4127.240,4127.240,1,4127.240,64,64,131,131
14,decode,pi: update_states,179.710,179.710,179.710,1,4160.490,64,64,131,131
14,decode,pi: tokens_list,4.290,4.290,4.290,1,4160.490,64,64,131,131
14,decode,pi: phase_classify,92.650,92.650,92.650,1,4160.490,64,64,131,131
14,decode,pi: in.block_table_commit,88.760,88.760,88.760,1,4160.490,64,64,131,131
14,decode,pi: in.req_indices,10.540,10.540,10.540,1,4160.490,64,64,131,131
14,decode,pi: in.attn_state,27.770,27.770,27.770,1,4160.490,64,64,131,131
14,decode,pi: in.positions,26.150,26.150,26.150,1,4160.490,64,64,131,131
14,decode,pi: in.prev_positions,39.930,39.930,39.930,1,4160.490,64,64,131,131
14,decode,pi: in.token_indices_select,26.230,26.230,26.230,1,4160.490,64,64,131,131
14,decode,pi: in.query_start_loc,27.960,27.960,27.960,1,4160.490,64,64,131,131
14,decode,pi: in.optimistic_seq_lens,51.730,51.730,51.730,1,4160.490,64,64,131,131
14,decode,pi: in.prepare_input_ids,237.980,237.980,237.980,1,4160.490,64,64,131,131
14,decode,pi: in.mrope_positions,750.180,750.180,750.180,1,4160.490,64,64,131,131
14,decode,pi: in.discard_mask,72.470,72.470,72.470,1,4160.490,64,64,131,131
14,decode,pi: in.num_accepted_tokens,15.530,15.530,15.530,1,4160.490,64,64,131,131
14,decode,pi: in.num_computed_tokens,18.640,18.640,18.640,1,4160.490,64,64,131,131
14,decode,pi: in.tokens_to_gpu,61.080,61.080,61.080,1,4160.490,64,64,131,131
14,decode,pi: in.positions_assembly,111.510,111.510,111.510,1,4160.490,64,64,131,131
14,decode,pi: in.seq_lens,58.410,58.410,58.410,1,4160.490,64,64,131,131
14,decode,pi: in.slot_mapping,136.630,136.630,136.630,1,4160.490,64,64,131,131
14,decode,pi: in.mrope_drift,0.950,0.950,0.950,1,4160.490,64,64,131,131
14,decode,pi: in.logits_indices,40.520,40.520,37.430,2,4160.490,64,64,131,131
14,decode,pi: prepare_inputs,108.470,1911.440,1911.440,1,4160.490,64,64,131,131
14,decode,pi: cascade_attn_prefix_lens,10.900,10.900,10.900,1,4160.490,64,64,131,131
14,decode,pi: batch_exec_and_padding,51.010,51.010,51.010,1,4160.490,64,64,131,131
14,decode,pi: ubatch_slices,1.440,1.440,1.440,1,4160.490,64,64,131,131
14,decode,pi: pad_query_start_loc,29.760,29.760,29.760,1,4160.490,64,64,131,131
14,decode,pi: am.max_seq_len,19.300,19.300,19.300,1,4160.490,64,64,131,131
14,decode,pi: am.cm_base_pre,76.310,76.310,76.310,1,4160.490,64,64,131,131
14,decode,pi: am.builder_build,1048.370,1048.370,351.600,4,4160.490,64,64,131,131
14,decode,pi: am.layer_assign,8.190,8.190,2.300,4,4160.490,64,64,131,131
14,decode,pi: am.group_loop,71.790,1128.350,373.740,4,4160.490,64,64,131,131
14,decode,pi: build_attention_metadata,289.080,1513.040,1513.040,1,4160.490,64,64,131,131
14,decode,pi: sanitize_placeholder_ids,1.290,1.290,1.290,1,4160.490,64,64,131,131
14,decode,pi: sync_input_prep,107.820,3903.350,3903.350,1,4160.490,64,64,131,131
14,decode,pi: TOTAL,4160.490,4160.490,4160.490,1,4160.490,64,64,131,131
15,decode,pi: update_states,182.150,182.150,182.150,1,4100.840,64,64,131,131
15,decode,pi: tokens_list,4.420,4.420,4.420,1,4100.840,64,64,131,131
15,decode,pi: phase_classify,48.730,48.730,48.730,1,4100.840,64,64,131,131
15,decode,pi: in.block_table_commit,86.300,86.300,86.300,1,4100.840,64,64,131,131
15,decode,pi: in.req_indices,9.460,9.460,9.460,1,4100.840,64,64,131,131
15,decode,pi: in.attn_state,26.640,26.640,26.640,1,4100.840,64,64,131,131
15,decode,pi: in.positions,25.410,25.410,25.410,1,4100.840,64,64,131,131
15,decode,pi: in.prev_positions,39.230,39.230,39.230,1,4100.840,64,64,131,131
15,decode,pi: in.token_indices_select,26.210,26.210,26.210,1,4100.840,64,64,131,131
15,decode,pi: in.query_start_loc,26.600,26.600,26.600,1,4100.840,64,64,131,131
15,decode,pi: in.optimistic_seq_lens,48.260,48.260,48.260,1,4100.840,64,64,131,131
15,decode,pi: in.prepare_input_ids,237.100,237.100,237.100,1,4100.840,64,64,131,131
15,decode,pi: in.mrope_positions,763.130,763.130,763.130,1,4100.840,64,64,131,131
15,decode,pi: in.discard_mask,74.510,74.510,74.510,1,4100.840,64,64,131,131
15,decode,pi: in.num_accepted_tokens,14.790,14.790,14.790,1,4100.840,64,64,131,131
15,decode,pi: in.num_computed_tokens,18.520,18.520,18.520,1,4100.840,64,64,131,131
15,decode,pi: in.tokens_to_gpu,66.620,66.620,66.620,1,4100.840,64,64,131,131
15,decode,pi: in.positions_assembly,113.990,113.990,113.990,1,4100.840,64,64,131,131
15,decode,pi: in.seq_lens,59.550,59.550,59.550,1,4100.840,64,64,131,131
15,decode,pi: in.slot_mapping,136.260,136.260,136.260,1,4100.840,64,64,131,131
15,decode,pi: in.mrope_drift,0.770,0.770,0.770,1,4100.840,64,64,131,131
15,decode,pi: in.logits_indices,41.640,41.640,38.960,2,4100.840,64,64,131,131
15,decode,pi: prepare_inputs,105.920,1920.910,1920.910,1,4100.840,64,64,131,131
15,decode,pi: cascade_attn_prefix_lens,10.840,10.840,10.840,1,4100.840,64,64,131,131
15,decode,pi: batch_exec_and_padding,50.280,50.280,50.280,1,4100.840,64,64,131,131
15,decode,pi: ubatch_slices,1.520,1.520,1.520,1,4100.840,64,64,131,131
15,decode,pi: pad_query_start_loc,27.570,27.570,27.570,1,4100.840,64,64,131,131
15,decode,pi: am.max_seq_len,18.960,18.960,18.960,1,4100.840,64,64,131,131
15,decode,pi: am.cm_base_pre,75.650,75.650,75.650,1,4100.840,64,64,131,131
15,decode,pi: am.builder_build,990.810,990.810,316.750,4,4100.840,64,64,131,131
15,decode,pi: am.layer_assign,8.030,8.030,2.170,4,4100.840,64,64,131,131
15,decode,pi: am.group_loop,68.830,1067.670,337.440,4,4100.840,64,64,131,131
15,decode,pi: build_attention_metadata,281.140,1443.420,1443.420,1,4100.840,64,64,131,131
15,decode,pi: sanitize_placeholder_ids,1.230,1.230,1.230,1,4100.840,64,64,131,131
15,decode,pi: sync_input_prep,154.570,3845.640,3845.640,1,4100.840,64,64,131,131
15,decode,pi: TOTAL,4100.840,4100.840,4100.840,1,4100.840,64,64,131,131
16,decode,pi: update_states,182.900,182.900,182.900,1,4209.940,64,64,131,131
16,decode,pi: tokens_list,4.400,4.400,4.400,1,4209.940,64,64,131,131
16,decode,pi: phase_classify,50.320,50.320,50.320,1,4209.940,64,64,131,131
16,decode,pi: in.block_table_commit,91.230,91.230,91.230,1,4209.940,64,64,131,131
16,decode,pi: in.req_indices,10.100,10.100,10.100,1,4209.940,64,64,131,131
16,decode,pi: in.attn_state,27.430,27.430,27.430,1,4209.940,64,64,131,131
16,decode,pi: in.positions,25.970,25.970,25.970,1,4209.940,64,64,131,131
16,decode,pi: in.prev_positions,40.150,40.150,40.150,1,4209.940,64,64,131,131
16,decode,pi: in.token_indices_select,26.730,26.730,26.730,1,4209.940,64,64,131,131
16,decode,pi: in.query_start_loc,27.770,27.770,27.770,1,4209.940,64,64,131,131
16,decode,pi: in.optimistic_seq_lens,49.360,49.360,49.360,1,4209.940,64,64,131,131
16,decode,pi: in.prepare_input_ids,237.190,237.190,237.190,1,4209.940,64,64,131,131
16,decode,pi: in.mrope_positions,748.860,748.860,748.860,1,4209.940,64,64,131,131
16,decode,pi: in.discard_mask,72.910,72.910,72.910,1,4209.940,64,64,131,131
16,decode,pi: in.num_accepted_tokens,14.530,14.530,14.530,1,4209.940,64,64,131,131
16,decode,pi: in.num_computed_tokens,18.900,18.900,18.900,1,4209.940,64,64,131,131
16,decode,pi: in.tokens_to_gpu,60.110,60.110,60.110,1,4209.940,64,64,131,131
16,decode,pi: in.positions_assembly,111.760,111.760,111.760,1,4209.940,64,64,131,131
16,decode,pi: in.seq_lens,58.560,58.560,58.560,1,4209.940,64,64,131,131
16,decode,pi: in.slot_mapping,136.180,136.180,136.180,1,4209.940,64,64,131,131
16,decode,pi: in.mrope_drift,0.860,0.860,0.860,1,4209.940,64,64,131,131
16,decode,pi: in.logits_indices,39.900,39.900,37.030,2,4209.940,64,64,131,131
16,decode,pi: prepare_inputs,106.280,1904.780,1904.780,1,4209.940,64,64,131,131
16,decode,pi: cascade_attn_prefix_lens,10.520,10.520,10.520,1,4209.940,64,64,131,131
16,decode,pi: batch_exec_and_padding,49.890,49.890,49.890,1,4209.940,64,64,131,131
16,decode,pi: ubatch_slices,1.500,1.500,1.500,1,4209.940,64,64,131,131
16,decode,pi: pad_query_start_loc,28.750,28.750,28.750,1,4209.940,64,64,131,131
16,decode,pi: am.max_seq_len,19.560,19.560,19.560,1,4209.940,64,64,131,131
16,decode,pi: am.cm_base_pre,129.270,129.270,129.270,1,4209.940,64,64,131,131
16,decode,pi: am.builder_build,1012.720,1012.720,324.190,4,4209.940,64,64,131,131
16,decode,pi: am.layer_assign,7.880,7.880,2.260,4,4209.940,64,64,131,131
16,decode,pi: am.group_loop,71.800,1092.400,345.570,4,4209.940,64,64,131,131
16,decode,pi: build_attention_metadata,290.040,1531.270,1531.270,1,4209.940,64,64,131,131
16,decode,pi: sanitize_placeholder_ids,1.160,1.160,1.160,1,4209.940,64,64,131,131
16,decode,pi: sync_input_prep,171.100,3936.590,3936.590,1,4209.940,64,64,131,131
16,decode,pi: TOTAL,4209.940,4209.940,4209.940,1,4209.940,64,64,131,131
17,decode,pi: update_states,180.500,180.500,180.500,1,4123.560,64,64,131,131
17,decode,pi: tokens_list,4.290,4.290,4.290,1,4123.560,64,64,131,131
17,decode,pi: phase_classify,95.640,95.640,95.640,1,4123.560,64,64,131,131
17,decode,pi: in.block_table_commit,83.580,83.580,83.580,1,4123.560,64,64,131,131
17,decode,pi: in.req_indices,10.620,10.620,10.620,1,4123.560,64,64,131,131
17,decode,pi: in.attn_state,27.890,27.890,27.890,1,4123.560,64,64,131,131
17,decode,pi: in.positions,25.690,25.690,25.690,1,4123.560,64,64,131,131
17,decode,pi: in.prev_positions,40.710,40.710,40.710,1,4123.560,64,64,131,131
17,decode,pi: in.token_indices_select,26.670,26.670,26.670,1,4123.560,64,64,131,131
17,decode,pi: in.query_start_loc,27.250,27.250,27.250,1,4123.560,64,64,131,131
17,decode,pi: in.optimistic_seq_lens,49.780,49.780,49.780,1,4123.560,64,64,131,131
17,decode,pi: in.prepare_input_ids,233.870,233.870,233.870,1,4123.560,64,64,131,131
17,decode,pi: in.mrope_positions,749.630,749.630,749.630,1,4123.560,64,64,131,131
17,decode,pi: in.discard_mask,72.950,72.950,72.950,1,4123.560,64,64,131,131
17,decode,pi: in.num_accepted_tokens,15.720,15.720,15.720,1,4123.560,64,64,131,131
17,decode,pi: in.num_computed_tokens,18.720,18.720,18.720,1,4123.560,64,64,131,131
17,decode,pi: in.tokens_to_gpu,63.110,63.110,63.110,1,4123.560,64,64,131,131
17,decode,pi: in.positions_assembly,110.550,110.550,110.550,1,4123.560,64,64,131,131
17,decode,pi: in.seq_lens,57.640,57.640,57.640,1,4123.560,64,64,131,131
17,decode,pi: in.slot_mapping,136.380,136.380,136.380,1,4123.560,64,64,131,131
17,decode,pi: in.mrope_drift,0.840,0.840,0.840,1,4123.560,64,64,131,131
17,decode,pi: in.logits_indices,39.210,39.210,36.830,2,4123.560,64,64,131,131
17,decode,pi: prepare_inputs,106.100,1896.910,1896.910,1,4123.560,64,64,131,131
17,decode,pi: cascade_attn_prefix_lens,10.530,10.530,10.530,1,4123.560,64,64,131,131
17,decode,pi: batch_exec_and_padding,50.430,50.430,50.430,1,4123.560,64,64,131,131
17,decode,pi: ubatch_slices,1.530,1.530,1.530,1,4123.560,64,64,131,131
17,decode,pi: pad_query_start_loc,27.800,27.800,27.800,1,4123.560,64,64,131,131
17,decode,pi: am.max_seq_len,18.870,18.870,18.870,1,4123.560,64,64,131,131
17,decode,pi: am.cm_base_pre,75.270,75.270,75.270,1,4123.560,64,64,131,131
17,decode,pi: am.builder_build,1014.600,1014.600,326.480,4,4123.560,64,64,131,131
17,decode,pi: am.layer_assign,8.340,8.340,2.390,4,4123.560,64,64,131,131
17,decode,pi: am.group_loop,70.560,1093.500,348.130,4,4123.560,64,64,131,131
17,decode,pi: build_attention_metadata,299.590,1487.230,1487.230,1,4123.560,64,64,131,131
17,decode,pi: sanitize_placeholder_ids,1.300,1.300,1.300,1,4123.560,64,64,131,131
17,decode,pi: sync_input_prep,105.970,3862.130,3862.130,1,4123.560,64,64,131,131
17,decode,pi: TOTAL,4123.560,4123.560,4123.560,1,4123.560,64,64,131,131
18,decode,pi: update_states,182.830,182.830,182.830,1,4160.200,64,64,131,131
18,decode,pi: tokens_list,4.400,4.400,4.400,1,4160.200,64,64,131,131
18,decode,pi: phase_classify,49.940,49.940,49.940,1,4160.200,64,64,131,131
18,decode,pi: in.block_table_commit,85.980,85.980,85.980,1,4160.200,64,64,131,131
18,decode,pi: in.req_indices,9.950,9.950,9.950,1,4160.200,64,64,131,131
18,decode,pi: in.attn_state,27.900,27.900,27.900,1,4160.200,64,64,131,131
18,decode,pi: in.positions,25.890,25.890,25.890,1,4160.200,64,64,131,131
18,decode,pi: in.prev_positions,42.110,42.110,42.110,1,4160.200,64,64,131,131
18,decode,pi: in.token_indices_select,27.450,27.450,27.450,1,4160.200,64,64,131,131
18,decode,pi: in.query_start_loc,29.000,29.000,29.000,1,4160.200,64,64,131,131
18,decode,pi: in.optimistic_seq_lens,48.310,48.310,48.310,1,4160.200,64,64,131,131
18,decode,pi: in.prepare_input_ids,231.410,231.410,231.410,1,4160.200,64,64,131,131
18,decode,pi: in.mrope_positions,772.510,772.510,772.510,1,4160.200,64,64,131,131
18,decode,pi: in.discard_mask,73.040,73.040,73.040,1,4160.200,64,64,131,131
18,decode,pi: in.num_accepted_tokens,14.930,14.930,14.930,1,4160.200,64,64,131,131
18,decode,pi: in.num_computed_tokens,18.050,18.050,18.050,1,4160.200,64,64,131,131
18,decode,pi: in.tokens_to_gpu,62.740,62.740,62.740,1,4160.200,64,64,131,131
18,decode,pi: in.positions_assembly,112.010,112.010,112.010,1,4160.200,64,64,131,131
18,decode,pi: in.seq_lens,59.780,59.780,59.780,1,4160.200,64,64,131,131
18,decode,pi: in.slot_mapping,134.180,134.180,134.180,1,4160.200,64,64,131,131
18,decode,pi: in.mrope_drift,0.680,0.680,0.680,1,4160.200,64,64,131,131
18,decode,pi: in.logits_indices,40.790,40.790,37.760,2,4160.200,64,64,131,131
18,decode,pi: prepare_inputs,105.810,1922.520,1922.520,1,4160.200,64,64,131,131
18,decode,pi: cascade_attn_prefix_lens,10.530,10.530,10.530,1,4160.200,64,64,131,131
18,decode,pi: batch_exec_and_padding,49.350,49.350,49.350,1,4160.200,64,64,131,131
18,decode,pi: ubatch_slices,1.450,1.450,1.450,1,4160.200,64,64,131,131
18,decode,pi: pad_query_start_loc,30.730,30.730,30.730,1,4160.200,64,64,131,131
18,decode,pi: am.max_seq_len,18.870,18.870,18.870,1,4160.200,64,64,131,131
18,decode,pi: am.cm_base_pre,76.700,76.700,76.700,1,4160.200,64,64,131,131
18,decode,pi: am.builder_build,1028.700,1028.700,331.480,4,4160.200,64,64,131,131
18,decode,pi: am.layer_assign,8.520,8.520,2.390,4,4160.200,64,64,131,131
18,decode,pi: am.group_loop,72.900,1110.120,353.180,4,4160.200,64,64,131,131
18,decode,pi: build_attention_metadata,288.150,1493.840,1493.840,1,4160.200,64,64,131,131
18,decode,pi: sanitize_placeholder_ids,1.150,1.150,1.150,1,4160.200,64,64,131,131
18,decode,pi: sync_input_prep,155.720,3902.460,3902.460,1,4160.200,64,64,131,131
18,decode,pi: TOTAL,4160.200,4160.200,4160.200,1,4160.200,64,64,131,131
19,decode,pi: update_states,179.060,179.060,179.060,1,4165.540,64,64,131,131
19,decode,pi: tokens_list,4.300,4.300,4.300,1,4165.540,64,64,131,131
19,decode,pi: phase_classify,93.830,93.830,93.830,1,4165.540,64,64,131,131
19,decode,pi: in.block_table_commit,87.230,87.230,87.230,1,4165.540,64,64,131,131
19,decode,pi: in.req_indices,10.400,10.400,10.400,1,4165.540,64,64,131,131
19,decode,pi: in.attn_state,27.960,27.960,27.960,1,4165.540,64,64,131,131
19,decode,pi: in.positions,25.380,25.380,25.380,1,4165.540,64,64,131,131
19,decode,pi: in.prev_positions,40.780,40.780,40.780,1,4165.540,64,64,131,131
19,decode,pi: in.token_indices_select,26.890,26.890,26.890,1,4165.540,64,64,131,131
19,decode,pi: in.query_start_loc,29.100,29.100,29.100,1,4165.540,64,64,131,131
19,decode,pi: in.optimistic_seq_lens,51.060,51.060,51.060,1,4165.540,64,64,131,131
19,decode,pi: in.prepare_input_ids,237.500,237.500,237.500,1,4165.540,64,64,131,131
19,decode,pi: in.mrope_positions,754.760,754.760,754.760,1,4165.540,64,64,131,131
19,decode,pi: in.discard_mask,74.440,74.440,74.440,1,4165.540,64,64,131,131
19,decode,pi: in.num_accepted_tokens,14.930,14.930,14.930,1,4165.540,64,64,131,131
19,decode,pi: in.num_computed_tokens,20.760,20.760,20.760,1,4165.540,64,64,131,131
19,decode,pi: in.tokens_to_gpu,63.710,63.710,63.710,1,4165.540,64,64,131,131
19,decode,pi: in.positions_assembly,112.230,112.230,112.230,1,4165.540,64,64,131,131
19,decode,pi: in.seq_lens,58.460,58.460,58.460,1,4165.540,64,64,131,131
19,decode,pi: in.slot_mapping,136.420,136.420,136.420,1,4165.540,64,64,131,131
19,decode,pi: in.mrope_drift,0.840,0.840,0.840,1,4165.540,64,64,131,131
19,decode,pi: in.logits_indices,39.610,39.610,37.150,2,4165.540,64,64,131,131
19,decode,pi: prepare_inputs,105.530,1917.990,1917.990,1,4165.540,64,64,131,131
19,decode,pi: cascade_attn_prefix_lens,10.270,10.270,10.270,1,4165.540,64,64,131,131
19,decode,pi: batch_exec_and_padding,49.910,49.910,49.910,1,4165.540,64,64,131,131
19,decode,pi: ubatch_slices,1.420,1.420,1.420,1,4165.540,64,64,131,131
19,decode,pi: pad_query_start_loc,27.080,27.080,27.080,1,4165.540,64,64,131,131
19,decode,pi: am.max_seq_len,18.710,18.710,18.710,1,4165.540,64,64,131,131
19,decode,pi: am.cm_base_pre,77.960,77.960,77.960,1,4165.540,64,64,131,131
19,decode,pi: am.builder_build,1047.640,1047.640,331.710,4,4165.540,64,64,131,131
19,decode,pi: am.layer_assign,8.780,8.780,2.540,4,4165.540,64,64,131,131
19,decode,pi: am.group_loop,72.060,1128.480,353.610,4,4165.540,64,64,131,131
19,decode,pi: build_attention_metadata,291.950,1517.100,1517.100,1,4165.540,64,64,131,131
19,decode,pi: sanitize_placeholder_ids,1.170,1.170,1.170,1,4165.540,64,64,131,131
19,decode,pi: sync_input_prep,105.880,3908.010,3908.010,1,4165.540,64,64,131,131
19,decode,pi: TOTAL,4165.540,4165.540,4165.540,1,4165.540,64,64,131,131
20,decode,pi: update_states,180.490,180.490,180.490,1,4157.160,64,64,131,131
20,decode,pi: tokens_list,4.450,4.450,4.450,1,4157.160,64,64,131,131
20,decode,pi: phase_classify,94.140,94.140,94.140,1,4157.160,64,64,131,131
20,decode,pi: in.block_table_commit,95.230,95.230,95.230,1,4157.160,64,64,131,131
20,decode,pi: in.req_indices,10.730,10.730,10.730,1,4157.160,64,64,131,131
20,decode,pi: in.attn_state,28.730,28.730,28.730,1,4157.160,64,64,131,131
20,decode,pi: in.positions,25.940,25.940,25.940,1,4157.160,64,64,131,131
20,decode,pi: in.prev_positions,42.900,42.900,42.900,1,4157.160,64,64,131,131
20,decode,pi: in.token_indices_select,26.820,26.820,26.820,1,4157.160,64,64,131,131
20,decode,pi: in.query_start_loc,30.320,30.320,30.320,1,4157.160,64,64,131,131
20,decode,pi: in.optimistic_seq_lens,50.470,50.470,50.470,1,4157.160,64,64,131,131
20,decode,pi: in.prepare_input_ids,236.760,236.760,236.760,1,4157.160,64,64,131,131
20,decode,pi: in.mrope_positions,751.290,751.290,751.290,1,4157.160,64,64,131,131
20,decode,pi: in.discard_mask,72.400,72.400,72.400,1,4157.160,64,64,131,131
20,decode,pi: in.num_accepted_tokens,16.470,16.470,16.470,1,4157.160,64,64,131,131
20,decode,pi: in.num_computed_tokens,20.250,20.250,20.250,1,4157.160,64,64,131,131
20,decode,pi: in.tokens_to_gpu,63.800,63.800,63.800,1,4157.160,64,64,131,131
20,decode,pi: in.positions_assembly,111.260,111.260,111.260,1,4157.160,64,64,131,131
20,decode,pi: in.seq_lens,57.610,57.610,57.610,1,4157.160,64,64,131,131
20,decode,pi: in.slot_mapping,135.880,135.880,135.880,1,4157.160,64,64,131,131
20,decode,pi: in.mrope_drift,0.800,0.800,0.800,1,4157.160,64,64,131,131
20,decode,pi: in.logits_indices,38.240,38.240,35.480,2,4157.160,64,64,131,131
20,decode,pi: prepare_inputs,106.780,1922.680,1922.680,1,4157.160,64,64,131,131
20,decode,pi: cascade_attn_prefix_lens,10.680,10.680,10.680,1,4157.160,64,64,131,131
20,decode,pi: batch_exec_and_padding,50.430,50.430,50.430,1,4157.160,64,64,131,131
20,decode,pi: ubatch_slices,1.410,1.410,1.410,1,4157.160,64,64,131,131
20,decode,pi: pad_query_start_loc,28.570,28.570,28.570,1,4157.160,64,64,131,131
20,decode,pi: am.max_seq_len,18.700,18.700,18.700,1,4157.160,64,64,131,131
20,decode,pi: am.cm_base_pre,92.200,92.200,92.200,1,4157.160,64,64,131,131
20,decode,pi: am.builder_build,1019.900,1019.900,319.840,4,4157.160,64,64,131,131
20,decode,pi: am.layer_assign,8.540,8.540,2.470,4,4157.160,64,64,131,131
20,decode,pi: am.group_loop,72.600,1101.040,341.090,4,4157.160,64,64,131,131
20,decode,pi: build_attention_metadata,287.110,1499.050,1499.050,1,4157.160,64,64,131,131
20,decode,pi: sanitize_placeholder_ids,1.360,1.360,1.360,1,4157.160,64,64,131,131
20,decode,pi: sync_input_prep,106.890,3900.150,3900.150,1,4157.160,64,64,131,131
20,decode,pi: TOTAL,4157.160,4157.160,4157.160,1,4157.160,64,64,131,131
21,decode,pi: update_states,183.800,183.800,183.800,1,4140.100,64,64,131,131
21,decode,pi: tokens_list,4.390,4.390,4.390,1,4140.100,64,64,131,131
21,decode,pi: phase_classify,50.250,50.250,50.250,1,4140.100,64,64,131,131
21,decode,pi: in.block_table_commit,84.160,84.160,84.160,1,4140.100,64,64,131,131
21,decode,pi: in.req_indices,9.550,9.550,9.550,1,4140.100,64,64,131,131
21,decode,pi: in.attn_state,27.270,27.270,27.270,1,4140.100,64,64,131,131
21,decode,pi: in.positions,24.850,24.850,24.850,1,4140.100,64,64,131,131
21,decode,pi: in.prev_positions,39.990,39.990,39.990,1,4140.100,64,64,131,131
21,decode,pi: in.token_indices_select,26.160,26.160,26.160,1,4140.100,64,64,131,131
21,decode,pi: in.query_start_loc,27.550,27.550,27.550,1,4140.100,64,64,131,131
21,decode,pi: in.optimistic_seq_lens,49.020,49.020,49.020,1,4140.100,64,64,131,131
21,decode,pi: in.prepare_input_ids,253.860,253.860,253.860,1,4140.100,64,64,131,131
21,decode,pi: in.mrope_positions,746.450,746.450,746.450,1,4140.100,64,64,131,131
21,decode,pi: in.discard_mask,74.200,74.200,74.200,1,4140.100,64,64,131,131
21,decode,pi: in.num_accepted_tokens,15.730,15.730,15.730,1,4140.100,64,64,131,131
21,decode,pi: in.num_computed_tokens,18.930,18.930,18.930,1,4140.100,64,64,131,131
21,decode,pi: in.tokens_to_gpu,64.530,64.530,64.530,1,4140.100,64,64,131,131
21,decode,pi: in.positions_assembly,112.580,112.580,112.580,1,4140.100,64,64,131,131
21,decode,pi: in.seq_lens,58.090,58.090,58.090,1,4140.100,64,64,131,131
21,decode,pi: in.slot_mapping,135.890,135.890,135.890,1,4140.100,64,64,131,131
21,decode,pi: in.mrope_drift,0.860,0.860,0.860,1,4140.100,64,64,131,131
21,decode,pi: in.logits_indices,40.090,40.090,37.550,2,4140.100,64,64,131,131
21,decode,pi: prepare_inputs,107.680,1917.440,1917.440,1,4140.100,64,64,131,131
21,decode,pi: cascade_attn_prefix_lens,10.520,10.520,10.520,1,4140.100,64,64,131,131
21,decode,pi: batch_exec_and_padding,49.720,49.720,49.720,1,4140.100,64,64,131,131
21,decode,pi: ubatch_slices,1.430,1.430,1.430,1,4140.100,64,64,131,131
21,decode,pi: pad_query_start_loc,28.820,28.820,28.820,1,4140.100,64,64,131,131
21,decode,pi: am.max_seq_len,18.960,18.960,18.960,1,4140.100,64,64,131,131
21,decode,pi: am.cm_base_pre,76.040,76.040,76.040,1,4140.100,64,64,131,131
21,decode,pi: am.builder_build,1019.480,1019.480,321.210,4,4140.100,64,64,131,131
21,decode,pi: am.layer_assign,8.140,8.140,2.340,4,4140.100,64,64,131,131
21,decode,pi: am.group_loop,70.590,1098.210,341.670,4,4140.100,64,64,131,131
21,decode,pi: build_attention_metadata,284.050,1477.260,1477.260,1,4140.100,64,64,131,131
21,decode,pi: sanitize_placeholder_ids,1.280,1.280,1.280,1,4140.100,64,64,131,131
21,decode,pi: sync_input_prep,156.800,3881.710,3881.710,1,4140.100,64,64,131,131
21,decode,pi: TOTAL,4140.100,4140.100,4140.100,1,4140.100,64,64,131,131
22,decode,pi: update_states,179.750,179.750,179.750,1,4128.580,64,64,131,131
22,decode,pi: tokens_list,4.220,4.220,4.220,1,4128.580,64,64,131,131
22,decode,pi: phase_classify,92.840,92.840,92.840,1,4128.580,64,64,131,131
22,decode,pi: in.block_table_commit,86.720,86.720,86.720,1,4128.580,64,64,131,131
22,decode,pi: in.req_indices,9.980,9.980,9.980,1,4128.580,64,64,131,131
22,decode,pi: in.attn_state,27.870,27.870,27.870,1,4128.580,64,64,131,131
22,decode,pi: in.positions,26.140,26.140,26.140,1,4128.580,64,64,131,131
22,decode,pi: in.prev_positions,39.970,39.970,39.970,1,4128.580,64,64,131,131
22,decode,pi: in.token_indices_select,26.960,26.960,26.960,1,4128.580,64,64,131,131
22,decode,pi: in.query_start_loc,27.290,27.290,27.290,1,4128.580,64,64,131,131
22,decode,pi: in.optimistic_seq_lens,49.970,49.970,49.970,1,4128.580,64,64,131,131
22,decode,pi: in.prepare_input_ids,234.430,234.430,234.430,1,4128.580,64,64,131,131
22,decode,pi: in.mrope_positions,750.540,750.540,750.540,1,4128.580,64,64,131,131
22,decode,pi: in.discard_mask,74.720,74.720,74.720,1,4128.580,64,64,131,131
22,decode,pi: in.num_accepted_tokens,14.950,14.950,14.950,1,4128.580,64,64,131,131
22,decode,pi: in.num_computed_tokens,18.020,18.020,18.020,1,4128.580,64,64,131,131
22,decode,pi: in.tokens_to_gpu,66.410,66.410,66.410,1,4128.580,64,64,131,131
22,decode,pi: in.positions_assembly,111.630,111.630,111.630,1,4128.580,64,64,131,131
22,decode,pi: in.seq_lens,57.920,57.920,57.920,1,4128.580,64,64,131,131
22,decode,pi: in.slot_mapping,135.000,135.000,135.000,1,4128.580,64,64,131,131
22,decode,pi: in.mrope_drift,0.980,0.980,0.980,1,4128.580,64,64,131,131
22,decode,pi: in.logits_indices,40.520,40.520,37.460,2,4128.580,64,64,131,131
22,decode,pi: prepare_inputs,106.070,1906.090,1906.090,1,4128.580,64,64,131,131
22,decode,pi: cascade_attn_prefix_lens,10.940,10.940,10.940,1,4128.580,64,64,131,131
22,decode,pi: batch_exec_and_padding,50.580,50.580,50.580,1,4128.580,64,64,131,131
22,decode,pi: ubatch_slices,1.470,1.470,1.470,1,4128.580,64,64,131,131
22,decode,pi: pad_query_start_loc,28.520,28.520,28.520,1,4128.580,64,64,131,131
22,decode,pi: am.max_seq_len,18.100,18.100,18.100,1,4128.580,64,64,131,131
22,decode,pi: am.cm_base_pre,74.070,74.070,74.070,1,4128.580,64,64,131,131
22,decode,pi: am.builder_build,1033.500,1033.500,321.980,4,4128.580,64,64,131,131
22,decode,pi: am.layer_assign,8.440,8.440,2.250,4,4128.580,64,64,131,131
22,decode,pi: am.group_loop,72.170,1114.110,343.550,4,4128.580,64,64,131,131
22,decode,pi: build_attention_metadata,283.120,1489.400,1489.400,1,4128.580,64,64,131,131
22,decode,pi: sanitize_placeholder_ids,1.180,1.180,1.180,1,4128.580,64,64,131,131
22,decode,pi: sync_input_prep,107.800,3872.790,3872.790,1,4128.580,64,64,131,131
22,decode,pi: TOTAL,4128.580,4128.580,4128.580,1,4128.580,64,64,131,131
23,decode,pi: update_states,183.510,183.510,183.510,1,4136.850,64,64,131,131
23,decode,pi: tokens_list,4.440,4.440,4.440,1,4136.850,64,64,131,131
23,decode,pi: phase_classify,51.220,51.220,51.220,1,4136.850,64,64,131,131
23,decode,pi: in.block_table_commit,89.570,89.570,89.570,1,4136.850,64,64,131,131
23,decode,pi: in.req_indices,10.000,10.000,10.000,1,4136.850,64,64,131,131
23,decode,pi: in.attn_state,27.480,27.480,27.480,1,4136.850,64,64,131,131
23,decode,pi: in.positions,25.660,25.660,25.660,1,4136.850,64,64,131,131
23,decode,pi: in.prev_positions,39.660,39.660,39.660,1,4136.850,64,64,131,131
23,decode,pi: in.token_indices_select,26.880,26.880,26.880,1,4136.850,64,64,131,131
23,decode,pi: in.query_start_loc,28.740,28.740,28.740,1,4136.850,64,64,131,131
23,decode,pi: in.optimistic_seq_lens,52.350,52.350,52.350,1,4136.850,64,64,131,131
23,decode,pi: in.prepare_input_ids,238.230,238.230,238.230,1,4136.850,64,64,131,131
23,decode,pi: in.mrope_positions,748.650,748.650,748.650,1,4136.850,64,64,131,131
23,decode,pi: in.discard_mask,73.000,73.000,73.000,1,4136.850,64,64,131,131
23,decode,pi: in.num_accepted_tokens,17.310,17.310,17.310,1,4136.850,64,64,131,131
23,decode,pi: in.num_computed_tokens,18.960,18.960,18.960,1,4136.850,64,64,131,131
23,decode,pi: in.tokens_to_gpu,62.320,62.320,62.320,1,4136.850,64,64,131,131
23,decode,pi: in.positions_assembly,110.440,110.440,110.440,1,4136.850,64,64,131,131
23,decode,pi: in.seq_lens,59.470,59.470,59.470,1,4136.850,64,64,131,131
23,decode,pi: in.slot_mapping,151.350,151.350,151.350,1,4136.850,64,64,131,131
23,decode,pi: in.mrope_drift,0.750,0.750,0.750,1,4136.850,64,64,131,131
23,decode,pi: in.logits_indices,40.940,40.940,38.320,2,4136.850,64,64,131,131
23,decode,pi: prepare_inputs,109.740,1931.500,1931.500,1,4136.850,64,64,131,131
23,decode,pi: cascade_attn_prefix_lens,10.600,10.600,10.600,1,4136.850,64,64,131,131
23,decode,pi: batch_exec_and_padding,49.830,49.830,49.830,1,4136.850,64,64,131,131
23,decode,pi: ubatch_slices,1.560,1.560,1.560,1,4136.850,64,64,131,131
23,decode,pi: pad_query_start_loc,27.890,27.890,27.890,1,4136.850,64,64,131,131
23,decode,pi: am.max_seq_len,18.870,18.870,18.870,1,4136.850,64,64,131,131
23,decode,pi: am.cm_base_pre,76.180,76.180,76.180,1,4136.850,64,64,131,131
23,decode,pi: am.builder_build,1005.020,1005.020,320.700,4,4136.850,64,64,131,131
23,decode,pi: am.layer_assign,8.100,8.100,2.290,4,4136.850,64,64,131,131
23,decode,pi: am.group_loop,69.680,1082.800,341.410,4,4136.850,64,64,131,131
23,decode,pi: build_attention_metadata,280.890,1458.740,1458.740,1,4136.850,64,64,131,131
23,decode,pi: sanitize_placeholder_ids,1.270,1.270,1.270,1,4136.850,64,64,131,131
23,decode,pi: sync_input_prep,156.150,3876.710,3876.710,1,4136.850,64,64,131,131
23,decode,pi: TOTAL,4136.850,4136.850,4136.850,1,4136.850,64,64,131,131
24,decode,pi: update_states,183.710,183.710,183.710,1,4167.240,64,64,131,131
24,decode,pi: tokens_list,4.170,4.170,4.170,1,4167.240,64,64,131,131
24,decode,pi: phase_classify,50.590,50.590,50.590,1,4167.240,64,64,131,131
24,decode,pi: in.block_table_commit,85.440,85.440,85.440,1,4167.240,64,64,131,131
24,decode,pi: in.req_indices,9.810,9.810,9.810,1,4167.240,64,64,131,131
24,decode,pi: in.attn_state,27.700,27.700,27.700,1,4167.240,64,64,131,131
24,decode,pi: in.positions,26.470,26.470,26.470,1,4167.240,64,64,131,131
24,decode,pi: in.prev_positions,40.160,40.160,40.160,1,4167.240,64,64,131,131
24,decode,pi: in.token_indices_select,26.750,26.750,26.750,1,4167.240,64,64,131,131
24,decode,pi: in.query_start_loc,27.670,27.670,27.670,1,4167.240,64,64,131,131
24,decode,pi: in.optimistic_seq_lens,64.400,64.400,64.400,1,4167.240,64,64,131,131
24,decode,pi: in.prepare_input_ids,239.460,239.460,239.460,1,4167.240,64,64,131,131
24,decode,pi: in.mrope_positions,757.680,757.680,757.680,1,4167.240,64,64,131,131
24,decode,pi: in.discard_mask,73.340,73.340,73.340,1,4167.240,64,64,131,131
24,decode,pi: in.num_accepted_tokens,14.490,14.490,14.490,1,4167.240,64,64,131,131
24,decode,pi: in.num_computed_tokens,18.230,18.230,18.230,1,4167.240,64,64,131,131
24,decode,pi: in.tokens_to_gpu,64.870,64.870,64.870,1,4167.240,64,64,131,131
24,decode,pi: in.positions_assembly,111.210,111.210,111.210,1,4167.240,64,64,131,131
24,decode,pi: in.seq_lens,57.310,57.310,57.310,1,4167.240,64,64,131,131
24,decode,pi: in.slot_mapping,136.400,136.400,136.400,1,4167.240,64,64,131,131
24,decode,pi: in.mrope_drift,0.820,0.820,0.820,1,4167.240,64,64,131,131
24,decode,pi: in.logits_indices,40.840,40.840,37.920,2,4167.240,64,64,131,131
24,decode,pi: prepare_inputs,104.150,1927.200,1927.200,1,4167.240,64,64,131,131
24,decode,pi: cascade_attn_prefix_lens,11.160,11.160,11.160,1,4167.240,64,64,131,131
24,decode,pi: batch_exec_and_padding,49.910,49.910,49.910,1,4167.240,64,64,131,131
24,decode,pi: ubatch_slices,1.370,1.370,1.370,1,4167.240,64,64,131,131
24,decode,pi: pad_query_start_loc,29.560,29.560,29.560,1,4167.240,64,64,131,131
24,decode,pi: am.max_seq_len,19.430,19.430,19.430,1,4167.240,64,64,131,131
24,decode,pi: am.cm_base_pre,76.580,76.580,76.580,1,4167.240,64,64,131,131
24,decode,pi: am.builder_build,1025.300,1025.300,327.610,4,4167.240,64,64,131,131
24,decode,pi: am.layer_assign,8.540,8.540,2.310,4,4167.240,64,64,131,131
24,decode,pi: am.group_loop,72.250,1106.090,348.970,4,4167.240,64,64,131,131
24,decode,pi: build_attention_metadata,288.290,1490.390,1490.390,1,4167.240,64,64,131,131
24,decode,pi: sanitize_placeholder_ids,1.220,1.220,1.220,1,4167.240,64,64,131,131
24,decode,pi: sync_input_prep,156.870,3906.150,3906.150,1,4167.240,64,64,131,131
24,decode,pi: TOTAL,4167.240,4167.240,4167.240,1,4167.240,64,64,131,131
25,decode,pi: update_states,181.210,181.210,181.210,1,4156.060,64,64,131,131
25,decode,pi: tokens_list,4.180,4.180,4.180,1,4156.060,64,64,131,131
25,decode,pi: phase_classify,93.780,93.780,93.780,1,4156.060,64,64,131,131
25,decode,pi: in.block_table_commit,85.740,85.740,85.740,1,4156.060,64,64,131,131
25,decode,pi: in.req_indices,11.320,11.320,11.320,1,4156.060,64,64,131,131
25,decode,pi: in.attn_state,28.530,28.530,28.530,1,4156.060,64,64,131,131
25,decode,pi: in.positions,26.450,26.450,26.450,1,4156.060,64,64,131,131
25,decode,pi: in.prev_positions,42.490,42.490,42.490,1,4156.060,64,64,131,131
25,decode,pi: in.token_indices_select,26.810,26.810,26.810,1,4156.060,64,64,131,131
25,decode,pi: in.query_start_loc,28.130,28.130,28.130,1,4156.060,64,64,131,131
25,decode,pi: in.optimistic_seq_lens,49.120,49.120,49.120,1,4156.060,64,64,131,131
25,decode,pi: in.prepare_input_ids,233.460,233.460,233.460,1,4156.060,64,64,131,131
25,decode,pi: in.mrope_positions,751.670,751.670,751.670,1,4156.060,64,64,131,131
25,decode,pi: in.discard_mask,72.490,72.490,72.490,1,4156.060,64,64,131,131
25,decode,pi: in.num_accepted_tokens,14.190,14.190,14.190,1,4156.060,64,64,131,131
25,decode,pi: in.num_computed_tokens,18.230,18.230,18.230,1,4156.060,64,64,131,131
25,decode,pi: in.tokens_to_gpu,65.290,65.290,65.290,1,4156.060,64,64,131,131
25,decode,pi: in.positions_assembly,112.090,112.090,112.090,1,4156.060,64,64,131,131
25,decode,pi: in.seq_lens,59.360,59.360,59.360,1,4156.060,64,64,131,131
25,decode,pi: in.slot_mapping,137.920,137.920,137.920,1,4156.060,64,64,131,131
25,decode,pi: in.mrope_drift,0.820,0.820,0.820,1,4156.060,64,64,131,131
25,decode,pi: in.logits_indices,39.900,39.900,37.280,2,4156.060,64,64,131,131
25,decode,pi: prepare_inputs,106.920,1910.930,1910.930,1,4156.060,64,64,131,131
25,decode,pi: cascade_attn_prefix_lens,10.520,10.520,10.520,1,4156.060,64,64,131,131
25,decode,pi: batch_exec_and_padding,51.600,51.600,51.600,1,4156.060,64,64,131,131
25,decode,pi: ubatch_slices,1.550,1.550,1.550,1,4156.060,64,64,131,131
25,decode,pi: pad_query_start_loc,28.210,28.210,28.210,1,4156.060,64,64,131,131
25,decode,pi: am.max_seq_len,18.670,18.670,18.670,1,4156.060,64,64,131,131
25,decode,pi: am.cm_base_pre,76.250,76.250,76.250,1,4156.060,64,64,131,131
25,decode,pi: am.builder_build,1044.570,1044.570,330.980,4,4156.060,64,64,131,131
25,decode,pi: am.layer_assign,8.480,8.480,2.290,4,4156.060,64,64,131,131
25,decode,pi: am.group_loop,71.190,1124.240,351.120,4,4156.060,64,64,131,131
25,decode,pi: build_attention_metadata,290.890,1510.050,1510.050,1,4156.060,64,64,131,131
25,decode,pi: sanitize_placeholder_ids,1.220,1.220,1.220,1,4156.060,64,64,131,131
25,decode,pi: sync_input_prep,107.000,3900.250,3900.250,1,4156.060,64,64,131,131
25,decode,pi: TOTAL,4156.060,4156.060,4156.060,1,4156.060,64,64,131,131
26,decode,pi: update_states,181.900,181.900,181.900,1,4212.650,64,64,131,131
26,decode,pi: tokens_list,4.420,4.420,4.420,1,4212.650,64,64,131,131
26,decode,pi: phase_classify,50.910,50.910,50.910,1,4212.650,64,64,131,131
26,decode,pi: in.block_table_commit,88.970,88.970,88.970,1,4212.650,64,64,131,131
26,decode,pi: in.req_indices,10.210,10.210,10.210,1,4212.650,64,64,131,131
26,decode,pi: in.attn_state,28.000,28.000,28.000,1,4212.650,64,64,131,131
26,decode,pi: in.positions,26.750,26.750,26.750,1,4212.650,64,64,131,131
26,decode,pi: in.prev_positions,41.260,41.260,41.260,1,4212.650,64,64,131,131
26,decode,pi: in.token_indices_select,26.330,26.330,26.330,1,4212.650,64,64,131,131
26,decode,pi: in.query_start_loc,27.900,27.900,27.900,1,4212.650,64,64,131,131
26,decode,pi: in.optimistic_seq_lens,50.370,50.370,50.370,1,4212.650,64,64,131,131
26,decode,pi: in.prepare_input_ids,236.610,236.610,236.610,1,4212.650,64,64,131,131
26,decode,pi: in.mrope_positions,754.230,754.230,754.230,1,4212.650,64,64,131,131
26,decode,pi: in.discard_mask,72.630,72.630,72.630,1,4212.650,64,64,131,131
26,decode,pi: in.num_accepted_tokens,14.340,14.340,14.340,1,4212.650,64,64,131,131
26,decode,pi: in.num_computed_tokens,19.550,19.550,19.550,1,4212.650,64,64,131,131
26,decode,pi: in.tokens_to_gpu,62.770,62.770,62.770,1,4212.650,64,64,131,131
26,decode,pi: in.positions_assembly,131.580,131.580,131.580,1,4212.650,64,64,131,131
26,decode,pi: in.seq_lens,61.590,61.590,61.590,1,4212.650,64,64,131,131
26,decode,pi: in.slot_mapping,138.110,138.110,138.110,1,4212.650,64,64,131,131
26,decode,pi: in.mrope_drift,0.820,0.820,0.820,1,4212.650,64,64,131,131
26,decode,pi: in.logits_indices,40.920,40.920,38.180,2,4212.650,64,64,131,131
26,decode,pi: prepare_inputs,106.160,1939.100,1939.100,1,4212.650,64,64,131,131
26,decode,pi: cascade_attn_prefix_lens,10.970,10.970,10.970,1,4212.650,64,64,131,131
26,decode,pi: batch_exec_and_padding,50.800,50.800,50.800,1,4212.650,64,64,131,131
26,decode,pi: ubatch_slices,1.410,1.410,1.410,1,4212.650,64,64,131,131
26,decode,pi: pad_query_start_loc,29.820,29.820,29.820,1,4212.650,64,64,131,131
26,decode,pi: am.max_seq_len,18.830,18.830,18.830,1,4212.650,64,64,131,131
26,decode,pi: am.cm_base_pre,74.000,74.000,74.000,1,4212.650,64,64,131,131
26,decode,pi: am.builder_build,1026.210,1026.210,327.860,4,4212.650,64,64,131,131
26,decode,pi: am.layer_assign,8.740,8.740,2.470,4,4212.650,64,64,131,131
26,decode,pi: am.group_loop,72.470,1107.420,349.180,4,4212.650,64,64,131,131
26,decode,pi: build_attention_metadata,323.040,1523.290,1523.290,1,4212.650,64,64,131,131
26,decode,pi: sanitize_placeholder_ids,1.320,1.320,1.320,1,4212.650,64,64,131,131
26,decode,pi: sync_input_prep,155.580,3949.520,3949.520,1,4212.650,64,64,131,131
26,decode,pi: TOTAL,4212.650,4212.650,4212.650,1,4212.650,64,64,131,131
27,decode,pi: update_states,184.010,184.010,184.010,1,4137.680,64,64,131,131
27,decode,pi: tokens_list,4.180,4.180,4.180,1,4137.680,64,64,131,131
27,decode,pi: phase_classify,95.730,95.730,95.730,1,4137.680,64,64,131,131
27,decode,pi: in.block_table_commit,87.890,87.890,87.890,1,4137.680,64,64,131,131
27,decode,pi: in.req_indices,10.820,10.820,10.820,1,4137.680,64,64,131,131
27,decode,pi: in.attn_state,46.140,46.140,46.140,1,4137.680,64,64,131,131
27,decode,pi: in.positions,26.970,26.970,26.970,1,4137.680,64,64,131,131
27,decode,pi: in.prev_positions,41.570,41.570,41.570,1,4137.680,64,64,131,131
27,decode,pi: in.token_indices_select,27.340,27.340,27.340,1,4137.680,64,64,131,131
27,decode,pi: in.query_start_loc,28.860,28.860,28.860,1,4137.680,64,64,131,131
27,decode,pi: in.optimistic_seq_lens,50.220,50.220,50.220,1,4137.680,64,64,131,131
27,decode,pi: in.prepare_input_ids,235.080,235.080,235.080,1,4137.680,64,64,131,131
27,decode,pi: in.mrope_positions,754.520,754.520,754.520,1,4137.680,64,64,131,131
27,decode,pi: in.discard_mask,72.870,72.870,72.870,1,4137.680,64,64,131,131
27,decode,pi: in.num_accepted_tokens,14.820,14.820,14.820,1,4137.680,64,64,131,131
27,decode,pi: in.num_computed_tokens,18.570,18.570,18.570,1,4137.680,64,64,131,131
27,decode,pi: in.tokens_to_gpu,62.610,62.610,62.610,1,4137.680,64,64,131,131
27,decode,pi: in.positions_assembly,111.890,111.890,111.890,1,4137.680,64,64,131,131
27,decode,pi: in.seq_lens,58.340,58.340,58.340,1,4137.680,64,64,131,131
27,decode,pi: in.slot_mapping,136.780,136.780,136.780,1,4137.680,64,64,131,131
27,decode,pi: in.mrope_drift,0.830,0.830,0.830,1,4137.680,64,64,131,131
27,decode,pi: in.logits_indices,39.020,39.020,36.410,2,4137.680,64,64,131,131
27,decode,pi: prepare_inputs,104.400,1929.540,1929.540,1,4137.680,64,64,131,131
27,decode,pi: cascade_attn_prefix_lens,10.870,10.870,10.870,1,4137.680,64,64,131,131
27,decode,pi: batch_exec_and_padding,50.300,50.300,50.300,1,4137.680,64,64,131,131
27,decode,pi: ubatch_slices,1.590,1.590,1.590,1,4137.680,64,64,131,131
27,decode,pi: pad_query_start_loc,28.880,28.880,28.880,1,4137.680,64,64,131,131
27,decode,pi: am.max_seq_len,18.960,18.960,18.960,1,4137.680,64,64,131,131
27,decode,pi: am.cm_base_pre,76.200,76.200,76.200,1,4137.680,64,64,131,131
27,decode,pi: am.builder_build,1004.490,1004.490,319.590,4,4137.680,64,64,131,131
27,decode,pi: am.layer_assign,8.460,8.460,2.350,4,4137.680,64,64,131,131
27,decode,pi: am.group_loop,70.090,1083.040,340.290,4,4137.680,64,64,131,131
27,decode,pi: build_attention_metadata,283.820,1462.020,1462.020,1,4137.680,64,64,131,131
27,decode,pi: sanitize_placeholder_ids,1.440,1.440,1.440,1,4137.680,64,64,131,131
27,decode,pi: sync_input_prep,109.210,3877.770,3877.770,1,4137.680,64,64,131,131
27,decode,pi: TOTAL,4137.680,4137.680,4137.680,1,4137.680,64,64,131,131
28,decode,pi: update_states,181.900,181.900,181.900,1,4166.130,64,64,131,131
28,decode,pi: tokens_list,4.160,4.160,4.160,1,4166.130,64,64,131,131
28,decode,pi: phase_classify,94.900,94.900,94.900,1,4166.130,64,64,131,131
28,decode,pi: in.block_table_commit,94.670,94.670,94.670,1,4166.130,64,64,131,131
28,decode,pi: in.req_indices,11.050,11.050,11.050,1,4166.130,64,64,131,131
28,decode,pi: in.attn_state,28.970,28.970,28.970,1,4166.130,64,64,131,131
28,decode,pi: in.positions,25.900,25.900,25.900,1,4166.130,64,64,131,131
28,decode,pi: in.prev_positions,40.740,40.740,40.740,1,4166.130,64,64,131,131
28,decode,pi: in.token_indices_select,26.400,26.400,26.400,1,4166.130,64,64,131,131
28,decode,pi: in.query_start_loc,28.860,28.860,28.860,1,4166.130,64,64,131,131
28,decode,pi: in.optimistic_seq_lens,48.880,48.880,48.880,1,4166.130,64,64,131,131
28,decode,pi: in.prepare_input_ids,236.170,236.170,236.170,1,4166.130,64,64,131,131
28,decode,pi: in.mrope_positions,756.450,756.450,756.450,1,4166.130,64,64,131,131
28,decode,pi: in.discard_mask,74.970,74.970,74.970,1,4166.130,64,64,131,131
28,decode,pi: in.num_accepted_tokens,15.330,15.330,15.330,1,4166.130,64,64,131,131
28,decode,pi: in.num_computed_tokens,18.920,18.920,18.920,1,4166.130,64,64,131,131
28,decode,pi: in.tokens_to_gpu,64.210,64.210,64.210,1,4166.130,64,64,131,131
28,decode,pi: in.positions_assembly,110.220,110.220,110.220,1,4166.130,64,64,131,131
28,decode,pi: in.seq_lens,58.190,58.190,58.190,1,4166.130,64,64,131,131
28,decode,pi: in.slot_mapping,136.620,136.620,136.620,1,4166.130,64,64,131,131
28,decode,pi: in.mrope_drift,0.850,0.850,0.850,1,4166.130,64,64,131,131
28,decode,pi: in.logits_indices,40.570,40.570,37.510,2,4166.130,64,64,131,131
28,decode,pi: prepare_inputs,108.530,1926.500,1926.500,1,4166.130,64,64,131,131
28,decode,pi: cascade_attn_prefix_lens,10.960,10.960,10.960,1,4166.130,64,64,131,131
28,decode,pi: batch_exec_and_padding,50.370,50.370,50.370,1,4166.130,64,64,131,131
28,decode,pi: ubatch_slices,1.490,1.490,1.490,1,4166.130,64,64,131,131
28,decode,pi: pad_query_start_loc,27.970,27.970,27.970,1,4166.130,64,64,131,131
28,decode,pi: am.max_seq_len,18.430,18.430,18.430,1,4166.130,64,64,131,131
28,decode,pi: am.cm_base_pre,78.570,78.570,78.570,1,4166.130,64,64,131,131
28,decode,pi: am.builder_build,1030.340,1030.340,343.330,4,4166.130,64,64,131,131
28,decode,pi: am.layer_assign,8.380,8.380,2.190,4,4166.130,64,64,131,131
28,decode,pi: am.group_loop,72.600,1111.320,365.520,4,4166.130,64,64,131,131
28,decode,pi: build_attention_metadata,288.710,1497.030,1497.030,1,4166.130,64,64,131,131
28,decode,pi: sanitize_placeholder_ids,1.410,1.410,1.410,1,4166.130,64,64,131,131
28,decode,pi: sync_input_prep,108.220,3904.910,3904.910,1,4166.130,64,64,131,131
28,decode,pi: TOTAL,4166.130,4166.130,4166.130,1,4166.130,64,64,131,131
29,decode,pi: update_states,180.330,180.330,180.330,1,4149.860,64,64,131,131
29,decode,pi: tokens_list,4.110,4.110,4.110,1,4149.860,64,64,131,131
29,decode,pi: phase_classify,50.150,50.150,50.150,1,4149.860,64,64,131,131
29,decode,pi: in.block_table_commit,83.950,83.950,83.950,1,4149.860,64,64,131,131
29,decode,pi: in.req_indices,9.870,9.870,9.870,1,4149.860,64,64,131,131
29,decode,pi: in.attn_state,27.280,27.280,27.280,1,4149.860,64,64,131,131
29,decode,pi: in.positions,25.600,25.600,25.600,1,4149.860,64,64,131,131
29,decode,pi: in.prev_positions,39.900,39.900,39.900,1,4149.860,64,64,131,131
29,decode,pi: in.token_indices_select,26.690,26.690,26.690,1,4149.860,64,64,131,131
29,decode,pi: in.query_start_loc,28.520,28.520,28.520,1,4149.860,64,64,131,131
29,decode,pi: in.optimistic_seq_lens,48.820,48.820,48.820,1,4149.860,64,64,131,131
29,decode,pi: in.prepare_input_ids,236.190,236.190,236.190,1,4149.860,64,64,131,131
29,decode,pi: in.mrope_positions,767.810,767.810,767.810,1,4149.860,64,64,131,131
29,decode,pi: in.discard_mask,75.540,75.540,75.540,1,4149.860,64,64,131,131
29,decode,pi: in.num_accepted_tokens,15.520,15.520,15.520,1,4149.860,64,64,131,131
29,decode,pi: in.num_computed_tokens,18.810,18.810,18.810,1,4149.860,64,64,131,131
29,decode,pi: in.tokens_to_gpu,63.640,63.640,63.640,1,4149.860,64,64,131,131
29,decode,pi: in.positions_assembly,111.870,111.870,111.870,1,4149.860,64,64,131,131
29,decode,pi: in.seq_lens,57.670,57.670,57.670,1,4149.860,64,64,131,131
29,decode,pi: in.slot_mapping,136.130,136.130,136.130,1,4149.860,64,64,131,131
29,decode,pi: in.mrope_drift,0.850,0.850,0.850,1,4149.860,64,64,131,131
29,decode,pi: in.logits_indices,40.530,40.530,37.750,2,4149.860,64,64,131,131
29,decode,pi: prepare_inputs,105.300,1920.490,1920.490,1,4149.860,64,64,131,131
29,decode,pi: cascade_attn_prefix_lens,10.780,10.780,10.780,1,4149.860,64,64,131,131
29,decode,pi: batch_exec_and_padding,50.470,50.470,50.470,1,4149.860,64,64,131,131
29,decode,pi: ubatch_slices,1.560,1.560,1.560,1,4149.860,64,64,131,131
29,decode,pi: pad_query_start_loc,28.300,28.300,28.300,1,4149.860,64,64,131,131
29,decode,pi: am.max_seq_len,18.600,18.600,18.600,1,4149.860,64,64,131,131
29,decode,pi: am.cm_base_pre,75.510,75.510,75.510,1,4149.860,64,64,131,131
29,decode,pi: am.builder_build,1027.190,1027.190,327.750,4,4149.860,64,64,131,131
29,decode,pi: am.layer_assign,8.440,8.440,2.300,4,4149.860,64,64,131,131
29,decode,pi: am.group_loop,71.780,1107.410,349.250,4,4149.860,64,64,131,131
29,decode,pi: build_attention_metadata,289.720,1491.240,1491.240,1,4149.860,64,64,131,131
29,decode,pi: sanitize_placeholder_ids,1.150,1.150,1.150,1,4149.860,64,64,131,131
29,decode,pi: sync_input_prep,155.740,3894.320,3894.320,1,4149.860,64,64,131,131
29,decode,pi: TOTAL,4149.860,4149.860,4149.860,1,4149.860,64,64,131,131
30,decode,pi: update_states,189.990,189.990,189.990,1,4137.650,64,64,131,131
30,decode,pi: tokens_list,4.420,4.420,4.420,1,4137.650,64,64,131,131
30,decode,pi: phase_classify,50.350,50.350,50.350,1,4137.650,64,64,131,131
30,decode,pi: in.block_table_commit,88.490,88.490,88.490,1,4137.650,64,64,131,131
30,decode,pi: in.req_indices,10.690,10.690,10.690,1,4137.650,64,64,131,131
30,decode,pi: in.attn_state,28.340,28.340,28.340,1,4137.650,64,64,131,131
30,decode,pi: in.positions,25.950,25.950,25.950,1,4137.650,64,64,131,131
30,decode,pi: in.prev_positions,41.050,41.050,41.050,1,4137.650,64,64,131,131
30,decode,pi: in.token_indices_select,27.020,27.020,27.020,1,4137.650,64,64,131,131
30,decode,pi: in.query_start_loc,29.550,29.550,29.550,1,4137.650,64,64,131,131
30,decode,pi: in.optimistic_seq_lens,49.460,49.460,49.460,1,4137.650,64,64,131,131
30,decode,pi: in.prepare_input_ids,233.570,233.570,233.570,1,4137.650,64,64,131,131
30,decode,pi: in.mrope_positions,749.380,749.380,749.380,1,4137.650,64,64,131,131
30,decode,pi: in.discard_mask,73.120,73.120,73.120,1,4137.650,64,64,131,131
30,decode,pi: in.num_accepted_tokens,14.280,14.280,14.280,1,4137.650,64,64,131,131
30,decode,pi: in.num_computed_tokens,18.430,18.430,18.430,1,4137.650,64,64,131,131
30,decode,pi: in.tokens_to_gpu,61.600,61.600,61.600,1,4137.650,64,64,131,131
30,decode,pi: in.positions_assembly,110.800,110.800,110.800,1,4137.650,64,64,131,131
30,decode,pi: in.seq_lens,57.540,57.540,57.540,1,4137.650,64,64,131,131
30,decode,pi: in.slot_mapping,134.920,134.920,134.920,1,4137.650,64,64,131,131
30,decode,pi: in.mrope_drift,0.770,0.770,0.770,1,4137.650,64,64,131,131
30,decode,pi: in.logits_indices,40.300,40.300,37.210,2,4137.650,64,64,131,131
30,decode,pi: prepare_inputs,105.040,1900.300,1900.300,1,4137.650,64,64,131,131
30,decode,pi: cascade_attn_prefix_lens,10.280,10.280,10.280,1,4137.650,64,64,131,131
30,decode,pi: batch_exec_and_padding,50.030,50.030,50.030,1,4137.650,64,64,131,131
30,decode,pi: ubatch_slices,1.390,1.390,1.390,1,4137.650,64,64,131,131
30,decode,pi: pad_query_start_loc,27.800,27.800,27.800,1,4137.650,64,64,131,131
30,decode,pi: am.max_seq_len,19.150,19.150,19.150,1,4137.650,64,64,131,131
30,decode,pi: am.cm_base_pre,78.350,78.350,78.350,1,4137.650,64,64,131,131
30,decode,pi: am.builder_build,1017.380,1017.380,329.800,4,4137.650,64,64,131,131
30,decode,pi: am.layer_assign,8.160,8.160,2.230,4,4137.650,64,64,131,131
30,decode,pi: am.group_loop,72.110,1097.650,350.730,4,4137.650,64,64,131,131
30,decode,pi: build_attention_metadata,290.850,1486.000,1486.000,1,4137.650,64,64,131,131
30,decode,pi: sanitize_placeholder_ids,1.160,1.160,1.160,1,4137.650,64,64,131,131
30,decode,pi: sync_input_prep,157.140,3878.860,3878.860,1,4137.650,64,64,131,131
30,decode,pi: TOTAL,4137.650,4137.650,4137.650,1,4137.650,64,64,131,131
31,decode,pi: update_states,182.120,182.120,182.120,1,4156.000,64,64,131,131
31,decode,pi: tokens_list,4.200,4.200,4.200,1,4156.000,64,64,131,131
31,decode,pi: phase_classify,98.540,98.540,98.540,1,4156.000,64,64,131,131
31,decode,pi: in.block_table_commit,86.400,86.400,86.400,1,4156.000,64,64,131,131
31,decode,pi: in.req_indices,10.210,10.210,10.210,1,4156.000,64,64,131,131
31,decode,pi: in.attn_state,27.780,27.780,27.780,1,4156.000,64,64,131,131
31,decode,pi: in.positions,25.680,25.680,25.680,1,4156.000,64,64,131,131
31,decode,pi: in.prev_positions,41.880,41.880,41.880,1,4156.000,64,64,131,131
31,decode,pi: in.token_indices_select,26.330,26.330,26.330,1,4156.000,64,64,131,131
31,decode,pi: in.query_start_loc,28.430,28.430,28.430,1,4156.000,64,64,131,131
31,decode,pi: in.optimistic_seq_lens,48.190,48.190,48.190,1,4156.000,64,64,131,131
31,decode,pi: in.prepare_input_ids,233.300,233.300,233.300,1,4156.000,64,64,131,131
31,decode,pi: in.mrope_positions,757.080,757.080,757.080,1,4156.000,64,64,131,131
31,decode,pi: in.discard_mask,74.790,74.790,74.790,1,4156.000,64,64,131,131
31,decode,pi: in.num_accepted_tokens,15.310,15.310,15.310,1,4156.000,64,64,131,131
31,decode,pi: in.num_computed_tokens,18.560,18.560,18.560,1,4156.000,64,64,131,131
31,decode,pi: in.tokens_to_gpu,63.020,63.020,63.020,1,4156.000,64,64,131,131
31,decode,pi: in.positions_assembly,114.260,114.260,114.260,1,4156.000,64,64,131,131
31,decode,pi: in.seq_lens,59.100,59.100,59.100,1,4156.000,64,64,131,131
31,decode,pi: in.slot_mapping,134.460,134.460,134.460,1,4156.000,64,64,131,131
31,decode,pi: in.mrope_drift,0.910,0.910,0.910,1,4156.000,64,64,131,131
31,decode,pi: in.logits_indices,40.170,40.170,37.480,2,4156.000,64,64,131,131
31,decode,pi: prepare_inputs,104.500,1910.360,1910.360,1,4156.000,64,64,131,131
31,decode,pi: cascade_attn_prefix_lens,10.870,10.870,10.870,1,4156.000,64,64,131,131
31,decode,pi: batch_exec_and_padding,50.900,50.900,50.900,1,4156.000,64,64,131,131
31,decode,pi: ubatch_slices,1.580,1.580,1.580,1,4156.000,64,64,131,131
31,decode,pi: pad_query_start_loc,27.690,27.690,27.690,1,4156.000,64,64,131,131
31,decode,pi: am.max_seq_len,17.840,17.840,17.840,1,4156.000,64,64,131,131
31,decode,pi: am.cm_base_pre,75.940,75.940,75.940,1,4156.000,64,64,131,131
31,decode,pi: am.builder_build,1046.580,1046.580,357.000,4,4156.000,64,64,131,131
31,decode,pi: am.layer_assign,8.390,8.390,2.340,4,4156.000,64,64,131,131
31,decode,pi: am.group_loop,70.440,1125.410,378.180,4,4156.000,64,64,131,131
31,decode,pi: build_attention_metadata,284.980,1504.170,1504.170,1,4156.000,64,64,131,131
31,decode,pi: sanitize_placeholder_ids,1.210,1.210,1.210,1,4156.000,64,64,131,131
31,decode,pi: sync_input_prep,105.520,3897.160,3897.160,1,4156.000,64,64,131,131
31,decode,pi: TOTAL,4156.000,4156.000,4156.000,1,4156.000,64,64,131,131
32,decode,pi: update_states,182.040,182.040,182.040,1,4118.990,64,64,131,131
32,decode,pi: tokens_list,4.260,4.260,4.260,1,4118.990,64,64,131,131
32,decode,pi: phase_classify,49.740,49.740,49.740,1,4118.990,64,64,131,131
32,decode,pi: in.block_table_commit,85.250,85.250,85.250,1,4118.990,64,64,131,131
32,decode,pi: in.req_indices,9.670,9.670,9.670,1,4118.990,64,64,131,131
32,decode,pi: in.attn_state,27.240,27.240,27.240,1,4118.990,64,64,131,131
32,decode,pi: in.positions,26.010,26.010,26.010,1,4118.990,64,64,131,131
32,decode,pi: in.prev_positions,39.370,39.370,39.370,1,4118.990,64,64,131,131
32,decode,pi: in.token_indices_select,26.090,26.090,26.090,1,4118.990,64,64,131,131
32,decode,pi: in.query_start_loc,26.880,26.880,26.880,1,4118.990,64,64,131,131
32,decode,pi: in.optimistic_seq_lens,48.890,48.890,48.890,1,4118.990,64,64,131,131
32,decode,pi: in.prepare_input_ids,237.440,237.440,237.440,1,4118.990,64,64,131,131
32,decode,pi: in.mrope_positions,760.140,760.140,760.140,1,4118.990,64,64,131,131
32,decode,pi: in.discard_mask,74.730,74.730,74.730,1,4118.990,64,64,131,131
32,decode,pi: in.num_accepted_tokens,15.610,15.610,15.610,1,4118.990,64,64,131,131
32,decode,pi: in.num_computed_tokens,19.150,19.150,19.150,1,4118.990,64,64,131,131
32,decode,pi: in.tokens_to_gpu,62.470,62.470,62.470,1,4118.990,64,64,131,131
32,decode,pi: in.positions_assembly,112.070,112.070,112.070,1,4118.990,64,64,131,131
32,decode,pi: in.seq_lens,58.930,58.930,58.930,1,4118.990,64,64,131,131
32,decode,pi: in.slot_mapping,136.700,136.700,136.700,1,4118.990,64,64,131,131
32,decode,pi: in.mrope_drift,0.770,0.770,0.770,1,4118.990,64,64,131,131
32,decode,pi: in.logits_indices,39.080,39.080,36.220,2,4118.990,64,64,131,131
32,decode,pi: prepare_inputs,103.370,1909.860,1909.860,1,4118.990,64,64,131,131
32,decode,pi: cascade_attn_prefix_lens,10.570,10.570,10.570,1,4118.990,64,64,131,131
32,decode,pi: batch_exec_and_padding,50.920,50.920,50.920,1,4118.990,64,64,131,131
32,decode,pi: ubatch_slices,1.640,1.640,1.640,1,4118.990,64,64,131,131
32,decode,pi: pad_query_start_loc,29.270,29.270,29.270,1,4118.990,64,64,131,131
32,decode,pi: am.max_seq_len,18.570,18.570,18.570,1,4118.990,64,64,131,131
32,decode,pi: am.cm_base_pre,74.340,74.340,74.340,1,4118.990,64,64,131,131
32,decode,pi: am.builder_build,1017.990,1017.990,325.550,4,4118.990,64,64,131,131
32,decode,pi: am.layer_assign,8.150,8.150,2.110,4,4118.990,64,64,131,131
32,decode,pi: am.group_loop,70.570,1096.710,346.430,4,4118.990,64,64,131,131
32,decode,pi: build_attention_metadata,280.250,1469.870,1469.870,1,4118.990,64,64,131,131
32,decode,pi: sanitize_placeholder_ids,1.220,1.220,1.220,1,4118.990,64,64,131,131
32,decode,pi: sync_input_prep,154.260,3863.650,3863.650,1,4118.990,64,64,131,131
32,decode,pi: TOTAL,4118.990,4118.990,4118.990,1,4118.990,64,64,131,131
33,decode,pi: update_states,182.200,182.200,182.200,1,4135.040,64,64,131,131
33,decode,pi: tokens_list,4.240,4.240,4.240,1,4135.040,64,64,131,131
33,decode,pi: phase_classify,91.930,91.930,91.930,1,4135.040,64,64,131,131
33,decode,pi: in.block_table_commit,87.630,87.630,87.630,1,4135.040,64,64,131,131
33,decode,pi: in.req_indices,10.820,10.820,10.820,1,4135.040,64,64,131,131
33,decode,pi: in.attn_state,28.080,28.080,28.080,1,4135.040,64,64,131,131
33,decode,pi: in.positions,25.510,25.510,25.510,1,4135.040,64,64,131,131
33,decode,pi: in.prev_positions,40.760,40.760,40.760,1,4135.040,64,64,131,131
33,decode,pi: in.token_indices_select,26.770,26.770,26.770,1,4135.040,64,64,131,131
33,decode,pi: in.query_start_loc,29.290,29.290,29.290,1,4135.040,64,64,131,131
33,decode,pi: in.optimistic_seq_lens,49.430,49.430,49.430,1,4135.040,64,64,131,131
33,decode,pi: in.prepare_input_ids,232.890,232.890,232.890,1,4135.040,64,64,131,131
33,decode,pi: in.mrope_positions,754.050,754.050,754.050,1,4135.040,64,64,131,131
33,decode,pi: in.discard_mask,74.280,74.280,74.280,1,4135.040,64,64,131,131
33,decode,pi: in.num_accepted_tokens,15.500,15.500,15.500,1,4135.040,64,64,131,131
33,decode,pi: in.num_computed_tokens,19.650,19.650,19.650,1,4135.040,64,64,131,131
33,decode,pi: in.tokens_to_gpu,65.310,65.310,65.310,1,4135.040,64,64,131,131
33,decode,pi: in.positions_assembly,111.910,111.910,111.910,1,4135.040,64,64,131,131
33,decode,pi: in.seq_lens,60.100,60.100,60.100,1,4135.040,64,64,131,131
33,decode,pi: in.slot_mapping,136.390,136.390,136.390,1,4135.040,64,64,131,131
33,decode,pi: in.mrope_drift,0.880,0.880,0.880,1,4135.040,64,64,131,131
33,decode,pi: in.logits_indices,39.960,39.960,37.330,2,4135.040,64,64,131,131
33,decode,pi: prepare_inputs,109.260,1918.470,1918.470,1,4135.040,64,64,131,131
33,decode,pi: cascade_attn_prefix_lens,10.540,10.540,10.540,1,4135.040,64,64,131,131
33,decode,pi: batch_exec_and_padding,50.080,50.080,50.080,1,4135.040,64,64,131,131
33,decode,pi: ubatch_slices,1.450,1.450,1.450,1,4135.040,64,64,131,131
33,decode,pi: pad_query_start_loc,28.300,28.300,28.300,1,4135.040,64,64,131,131
33,decode,pi: am.max_seq_len,18.720,18.720,18.720,1,4135.040,64,64,131,131
33,decode,pi: am.cm_base_pre,75.640,75.640,75.640,1,4135.040,64,64,131,131
33,decode,pi: am.builder_build,1010.950,1010.950,321.180,4,4135.040,64,64,131,131
33,decode,pi: am.layer_assign,8.770,8.770,2.440,4,4135.040,64,64,131,131
33,decode,pi: am.group_loop,71.440,1091.160,342.720,4,4135.040,64,64,131,131
33,decode,pi: build_attention_metadata,283.080,1468.600,1468.600,1,4135.040,64,64,131,131
33,decode,pi: sanitize_placeholder_ids,1.160,1.160,1.160,1,4135.040,64,64,131,131
33,decode,pi: sync_input_prep,118.490,3875.460,3875.460,1,4135.040,64,64,131,131
33,decode,pi: TOTAL,4135.040,4135.040,4135.040,1,4135.040,64,64,131,131
34,decode,pi: update_states,181.940,181.940,181.940,1,4165.070,64,64,131,131
34,decode,pi: tokens_list,4.190,4.190,4.190,1,4165.070,64,64,131,131
34,decode,pi: phase_classify,93.980,93.980,93.980,1,4165.070,64,64,131,131
34,decode,pi: in.block_table_commit,88.340,88.340,88.340,1,4165.070,64,64,131,131
34,decode,pi: in.req_indices,10.400,10.400,10.400,1,4165.070,64,64,131,131
34,decode,pi: in.attn_state,27.860,27.860,27.860,1,4165.070,64,64,131,131
34,decode,pi: in.positions,25.580,25.580,25.580,1,4165.070,64,64,131,131
34,decode,pi: in.prev_positions,42.150,42.150,42.150,1,4165.070,64,64,131,131
34,decode,pi: in.token_indices_select,26.620,26.620,26.620,1,4165.070,64,64,131,131
34,decode,pi: in.query_start_loc,27.530,27.530,27.530,1,4165.070,64,64,131,131
34,decode,pi: in.optimistic_seq_lens,48.830,48.830,48.830,1,4165.070,64,64,131,131
34,decode,pi: in.prepare_input_ids,237.910,237.910,237.910,1,4165.070,64,64,131,131
34,decode,pi: in.mrope_positions,753.500,753.500,753.500,1,4165.070,64,64,131,131
34,decode,pi: in.discard_mask,73.140,73.140,73.140,1,4165.070,64,64,131,131
34,decode,pi: in.num_accepted_tokens,15.530,15.530,15.530,1,4165.070,64,64,131,131
34,decode,pi: in.num_computed_tokens,18.540,18.540,18.540,1,4165.070,64,64,131,131
34,decode,pi: in.tokens_to_gpu,63.780,63.780,63.780,1,4165.070,64,64,131,131
34,decode,pi: in.positions_assembly,113.350,113.350,113.350,1,4165.070,64,64,131,131
34,decode,pi: in.seq_lens,58.920,58.920,58.920,1,4165.070,64,64,131,131
34,decode,pi: in.slot_mapping,137.280,137.280,137.280,1,4165.070,64,64,131,131
34,decode,pi: in.mrope_drift,0.840,0.840,0.840,1,4165.070,64,64,131,131
34,decode,pi: in.logits_indices,40.210,40.210,37.460,2,4165.070,64,64,131,131
34,decode,pi: prepare_inputs,104.740,1915.050,1915.050,1,4165.070,64,64,131,131
34,decode,pi: cascade_attn_prefix_lens,10.630,10.630,10.630,1,4165.070,64,64,131,131
34,decode,pi: batch_exec_and_padding,51.020,51.020,51.020,1,4165.070,64,64,131,131
34,decode,pi: ubatch_slices,1.530,1.530,1.530,1,4165.070,64,64,131,131
34,decode,pi: pad_query_start_loc,28.210,28.210,28.210,1,4165.070,64,64,131,131
34,decode,pi: am.max_seq_len,18.980,18.980,18.980,1,4165.070,64,64,131,131
34,decode,pi: am.cm_base_pre,80.030,80.030,80.030,1,4165.070,64,64,131,131
34,decode,pi: am.builder_build,1022.540,1022.540,331.440,4,4165.070,64,64,131,131
34,decode,pi: am.layer_assign,8.490,8.490,2.280,4,4165.070,64,64,131,131
34,decode,pi: am.group_loop,72.880,1103.910,353.400,4,4165.070,64,64,131,131
34,decode,pi: build_attention_metadata,309.190,1512.110,1512.110,1,4165.070,64,64,131,131
34,decode,pi: sanitize_placeholder_ids,1.270,1.270,1.270,1,4165.070,64,64,131,131
34,decode,pi: sync_input_prep,104.700,3904.630,3904.630,1,4165.070,64,64,131,131
34,decode,pi: TOTAL,4165.070,4165.070,4165.070,1,4165.070,64,64,131,131
35,decode,pi: update_states,183.320,183.320,183.320,1,4147.630,64,64,131,131
35,decode,pi: tokens_list,4.020,4.020,4.020,1,4147.630,64,64,131,131
35,decode,pi: phase_classify,49.540,49.540,49.540,1,4147.630,64,64,131,131
35,decode,pi: in.block_table_commit,87.170,87.170,87.170,1,4147.630,64,64,131,131
35,decode,pi: in.req_indices,9.910,9.910,9.910,1,4147.630,64,64,131,131
35,decode,pi: in.attn_state,27.800,27.800,27.800,1,4147.630,64,64,131,131
35,decode,pi: in.positions,25.270,25.270,25.270,1,4147.630,64,64,131,131
35,decode,pi: in.prev_positions,39.970,39.970,39.970,1,4147.630,64,64,131,131
35,decode,pi: in.token_indices_select,26.680,26.680,26.680,1,4147.630,64,64,131,131
35,decode,pi: in.query_start_loc,28.380,28.380,28.380,1,4147.630,64,64,131,131
35,decode,pi: in.optimistic_seq_lens,48.860,48.860,48.860,1,4147.630,64,64,131,131
35,decode,pi: in.prepare_input_ids,234.970,234.970,234.970,1,4147.630,64,64,131,131
35,decode,pi: in.mrope_positions,772.600,772.600,772.600,1,4147.630,64,64,131,131
35,decode,pi: in.discard_mask,73.830,73.830,73.830,1,4147.630,64,64,131,131
35,decode,pi: in.num_accepted_tokens,14.830,14.830,14.830,1,4147.630,64,64,131,131
35,decode,pi: in.num_computed_tokens,17.580,17.580,17.580,1,4147.630,64,64,131,131
35,decode,pi: in.tokens_to_gpu,61.310,61.310,61.310,1,4147.630,64,64,131,131
35,decode,pi: in.positions_assembly,109.540,109.540,109.540,1,4147.630,64,64,131,131
35,decode,pi: in.seq_lens,54.640,54.640,54.640,1,4147.630,64,64,131,131
35,decode,pi: in.slot_mapping,135.900,135.900,135.900,1,4147.630,64,64,131,131
35,decode,pi: in.mrope_drift,0.870,0.870,0.870,1,4147.630,64,64,131,131
35,decode,pi: in.logits_indices,41.650,41.650,39.120,2,4147.630,64,64,131,131
35,decode,pi: prepare_inputs,104.130,1915.890,1915.890,1,4147.630,64,64,131,131
35,decode,pi: cascade_attn_prefix_lens,11.170,11.170,11.170,1,4147.630,64,64,131,131
35,decode,pi: batch_exec_and_padding,52.060,52.060,52.060,1,4147.630,64,64,131,131
35,decode,pi: ubatch_slices,1.490,1.490,1.490,1,4147.630,64,64,131,131
35,decode,pi: pad_query_start_loc,29.960,29.960,29.960,1,4147.630,64,64,131,131
35,decode,pi: am.max_seq_len,19.080,19.080,19.080,1,4147.630,64,64,131,131
35,decode,pi: am.cm_base_pre,77.570,77.570,77.570,1,4147.630,64,64,131,131
35,decode,pi: am.builder_build,1017.540,1017.540,324.110,4,4147.630,64,64,131,131
35,decode,pi: am.layer_assign,8.350,8.350,2.430,4,4147.630,64,64,131,131
35,decode,pi: am.group_loop,71.240,1097.130,344.960,4,4147.630,64,64,131,131
35,decode,pi: build_attention_metadata,287.720,1481.500,1481.500,1,4147.630,64,64,131,131
35,decode,pi: sanitize_placeholder_ids,1.190,1.190,1.190,1,4147.630,64,64,131,131
35,decode,pi: sync_input_prep,158.310,3888.450,3888.450,1,4147.630,64,64,131,131
35,decode,pi: TOTAL,4147.630,4147.630,4147.630,1,4147.630,64,64,131,131
36,decode,pi: update_states,181.390,181.390,181.390,1,4156.580,64,64,131,131
36,decode,pi: tokens_list,4.160,4.160,4.160,1,4156.580,64,64,131,131
36,decode,pi: phase_classify,93.850,93.850,93.850,1,4156.580,64,64,131,131
36,decode,pi: in.block_table_commit,91.860,91.860,91.860,1,4156.580,64,64,131,131
36,decode,pi: in.req_indices,11.020,11.020,11.020,1,4156.580,64,64,131,131
36,decode,pi: in.attn_state,28.620,28.620,28.620,1,4156.580,64,64,131,131
36,decode,pi: in.positions,26.670,26.670,26.670,1,4156.580,64,64,131,131
36,decode,pi: in.prev_positions,42.010,42.010,42.010,1,4156.580,64,64,131,131
36,decode,pi: in.token_indices_select,25.920,25.920,25.920,1,4156.580,64,64,131,131
36,decode,pi: in.query_start_loc,27.770,27.770,27.770,1,4156.580,64,64,131,131
36,decode,pi: in.optimistic_seq_lens,49.020,49.020,49.020,1,4156.580,64,64,131,131
36,decode,pi: in.prepare_input_ids,239.060,239.060,239.060,1,4156.580,64,64,131,131
36,decode,pi: in.mrope_positions,756.550,756.550,756.550,1,4156.580,64,64,131,131
36,decode,pi: in.discard_mask,74.300,74.300,74.300,1,4156.580,64,64,131,131
36,decode,pi: in.num_accepted_tokens,14.600,14.600,14.600,1,4156.580,64,64,131,131
36,decode,pi: in.num_computed_tokens,19.180,19.180,19.180,1,4156.580,64,64,131,131
36,decode,pi: in.tokens_to_gpu,61.980,61.980,61.980,1,4156.580,64,64,131,131
36,decode,pi: in.positions_assembly,112.090,112.090,112.090,1,4156.580,64,64,131,131
36,decode,pi: in.seq_lens,56.520,56.520,56.520,1,4156.580,64,64,131,131
36,decode,pi: in.slot_mapping,137.460,137.460,137.460,1,4156.580,64,64,131,131
36,decode,pi: in.mrope_drift,0.850,0.850,0.850,1,4156.580,64,64,131,131
36,decode,pi: in.logits_indices,42.080,42.080,39.070,2,4156.580,64,64,131,131
36,decode,pi: prepare_inputs,106.580,1924.140,1924.140,1,4156.580,64,64,131,131
36,decode,pi: cascade_attn_prefix_lens,10.790,10.790,10.790,1,4156.580,64,64,131,131
36,decode,pi: batch_exec_and_padding,50.300,50.300,50.300,1,4156.580,64,64,131,131
36,decode,pi: ubatch_slices,1.530,1.530,1.530,1,4156.580,64,64,131,131
36,decode,pi: pad_query_start_loc,28.860,28.860,28.860,1,4156.580,64,64,131,131
36,decode,pi: am.max_seq_len,19.370,19.370,19.370,1,4156.580,64,64,131,131
36,decode,pi: am.cm_base_pre,74.290,74.290,74.290,1,4156.580,64,64,131,131
36,decode,pi: am.builder_build,1036.850,1036.850,330.510,4,4156.580,64,64,131,131
36,decode,pi: am.layer_assign,8.680,8.680,2.360,4,4156.580,64,64,131,131
36,decode,pi: am.group_loop,71.670,1117.200,351.450,4,4156.580,64,64,131,131
36,decode,pi: build_attention_metadata,287.260,1498.120,1498.120,1,4156.580,64,64,131,131
36,decode,pi: sanitize_placeholder_ids,1.160,1.160,1.160,1,4156.580,64,64,131,131
36,decode,pi: sync_input_prep,106.290,3900.590,3900.590,1,4156.580,64,64,131,131
36,decode,pi: TOTAL,4156.580,4156.580,4156.580,1,4156.580,64,64,131,131
37,decode,pi: update_states,183.890,183.890,183.890,1,4160.400,64,64,131,131
37,decode,pi: tokens_list,4.290,4.290,4.290,1,4160.400,64,64,131,131
37,decode,pi: phase_classify,49.380,49.380,49.380,1,4160.400,64,64,131,131
37,decode,pi: in.block_table_commit,86.640,86.640,86.640,1,4160.400,64,64,131,131
37,decode,pi: in.req_indices,10.150,10.150,10.150,1,4160.400,64,64,131,131
37,decode,pi: in.attn_state,28.310,28.310,28.310,1,4160.400,64,64,131,131
37,decode,pi: in.positions,25.930,25.930,25.930,1,4160.400,64,64,131,131
37,decode,pi: in.prev_positions,40.660,40.660,40.660,1,4160.400,64,64,131,131
37,decode,pi: in.token_indices_select,27.010,27.010,27.010,1,4160.400,64,64,131,131
37,decode,pi: in.query_start_loc,27.630,27.630,27.630,1,4160.400,64,64,131,131
37,decode,pi: in.optimistic_seq_lens,48.650,48.650,48.650,1,4160.400,64,64,131,131
37,decode,pi: in.prepare_input_ids,233.160,233.160,233.160,1,4160.400,64,64,131,131
37,decode,pi: in.mrope_positions,754.850,754.850,754.850,1,4160.400,64,64,131,131
37,decode,pi: in.discard_mask,73.530,73.530,73.530,1,4160.400,64,64,131,131
37,decode,pi: in.num_accepted_tokens,14.690,14.690,14.690,1,4160.400,64,64,131,131
37,decode,pi: in.num_computed_tokens,19.410,19.410,19.410,1,4160.400,64,64,131,131
37,decode,pi: in.tokens_to_gpu,65.700,65.700,65.700,1,4160.400,64,64,131,131
37,decode,pi: in.positions_assembly,111.090,111.090,111.090,1,4160.400,64,64,131,131
37,decode,pi: in.seq_lens,58.070,58.070,58.070,1,4160.400,64,64,131,131
37,decode,pi: in.slot_mapping,135.360,135.360,135.360,1,4160.400,64,64,131,131
37,decode,pi: in.mrope_drift,0.800,0.800,0.800,1,4160.400,64,64,131,131
37,decode,pi: in.logits_indices,41.480,41.480,38.920,2,4160.400,64,64,131,131
37,decode,pi: prepare_inputs,116.690,1919.810,1919.810,1,4160.400,64,64,131,131
37,decode,pi: cascade_attn_prefix_lens,11.190,11.190,11.190,1,4160.400,64,64,131,131
37,decode,pi: batch_exec_and_padding,50.720,50.720,50.720,1,4160.400,64,64,131,131
37,decode,pi: ubatch_slices,1.570,1.570,1.570,1,4160.400,64,64,131,131
37,decode,pi: pad_query_start_loc,28.540,28.540,28.540,1,4160.400,64,64,131,131
37,decode,pi: am.max_seq_len,18.080,18.080,18.080,1,4160.400,64,64,131,131
37,decode,pi: am.cm_base_pre,78.400,78.400,78.400,1,4160.400,64,64,131,131
37,decode,pi: am.builder_build,1027.580,1027.580,325.260,4,4160.400,64,64,131,131
37,decode,pi: am.layer_assign,8.670,8.670,2.320,4,4160.400,64,64,131,131
37,decode,pi: am.group_loop,73.110,1109.360,347.070,4,4160.400,64,64,131,131
37,decode,pi: build_attention_metadata,287.560,1493.400,1493.400,1,4160.400,64,64,131,131
37,decode,pi: sanitize_placeholder_ids,1.160,1.160,1.160,1,4160.400,64,64,131,131
37,decode,pi: sync_input_prep,157.790,3901.740,3901.740,1,4160.400,64,64,131,131
37,decode,pi: TOTAL,4160.400,4160.400,4160.400,1,4160.400,64,64,131,131
38,decode,pi: update_states,184.140,184.140,184.140,1,4119.980,64,64,131,131
38,decode,pi: tokens_list,4.540,4.540,4.540,1,4119.980,64,64,131,131
38,decode,pi: phase_classify,49.480,49.480,49.480,1,4119.980,64,64,131,131
38,decode,pi: in.block_table_commit,83.900,83.900,83.900,1,4119.980,64,64,131,131
38,decode,pi: in.req_indices,9.300,9.300,9.300,1,4119.980,64,64,131,131
38,decode,pi: in.attn_state,28.230,28.230,28.230,1,4119.980,64,64,131,131
38,decode,pi: in.positions,25.780,25.780,25.780,1,4119.980,64,64,131,131
38,decode,pi: in.prev_positions,40.170,40.170,40.170,1,4119.980,64,64,131,131
38,decode,pi: in.token_indices_select,26.610,26.610,26.610,1,4119.980,64,64,131,131
38,decode,pi: in.query_start_loc,28.140,28.140,28.140,1,4119.980,64,64,131,131
38,decode,pi: in.optimistic_seq_lens,48.540,48.540,48.540,1,4119.980,64,64,131,131
38,decode,pi: in.prepare_input_ids,248.910,248.910,248.910,1,4119.980,64,64,131,131
38,decode,pi: in.mrope_positions,757.600,757.600,757.600,1,4119.980,64,64,131,131
38,decode,pi: in.discard_mask,73.170,73.170,73.170,1,4119.980,64,64,131,131
38,decode,pi: in.num_accepted_tokens,15.900,15.900,15.900,1,4119.980,64,64,131,131
38,decode,pi: in.num_computed_tokens,18.570,18.570,18.570,1,4119.980,64,64,131,131
38,decode,pi: in.tokens_to_gpu,63.550,63.550,63.550,1,4119.980,64,64,131,131
38,decode,pi: in.positions_assembly,111.900,111.900,111.900,1,4119.980,64,64,131,131
38,decode,pi: in.seq_lens,57.200,57.200,57.200,1,4119.980,64,64,131,131
38,decode,pi: in.slot_mapping,134.740,134.740,134.740,1,4119.980,64,64,131,131
38,decode,pi: in.mrope_drift,0.850,0.850,0.850,1,4119.980,64,64,131,131
38,decode,pi: in.logits_indices,39.740,39.740,37.000,2,4119.980,64,64,131,131
38,decode,pi: prepare_inputs,106.030,1918.830,1918.830,1,4119.980,64,64,131,131
38,decode,pi: cascade_attn_prefix_lens,10.580,10.580,10.580,1,4119.980,64,64,131,131
38,decode,pi: batch_exec_and_padding,50.800,50.800,50.800,1,4119.980,64,64,131,131
38,decode,pi: ubatch_slices,1.470,1.470,1.470,1,4119.980,64,64,131,131
38,decode,pi: pad_query_start_loc,28.450,28.450,28.450,1,4119.980,64,64,131,131
38,decode,pi: am.max_seq_len,18.650,18.650,18.650,1,4119.980,64,64,131,131
38,decode,pi: am.cm_base_pre,73.800,73.800,73.800,1,4119.980,64,64,131,131
38,decode,pi: am.builder_build,1007.040,1007.040,323.590,4,4119.980,64,64,131,131
38,decode,pi: am.layer_assign,8.740,8.740,2.360,4,4119.980,64,64,131,131
38,decode,pi: am.group_loop,71.180,1086.960,344.670,4,4119.980,64,64,131,131
38,decode,pi: build_attention_metadata,280.810,1460.220,1460.220,1,4119.980,64,64,131,131
38,decode,pi: sanitize_placeholder_ids,1.230,1.230,1.230,1,4119.980,64,64,131,131
38,decode,pi: sync_input_prep,153.390,3863.130,3863.130,1,4119.980,64,64,131,131
38,decode,pi: TOTAL,4119.980,4119.980,4119.980,1,4119.980,64,64,131,131
39,decode,pi: update_states,179.550,179.550,179.550,1,4125.510,64,64,131,131
39,decode,pi: tokens_list,4.130,4.130,4.130,1,4125.510,64,64,131,131
39,decode,pi: phase_classify,91.560,91.560,91.560,1,4125.510,64,64,131,131
39,decode,pi: in.block_table_commit,89.000,89.000,89.000,1,4125.510,64,64,131,131
39,decode,pi: in.req_indices,10.800,10.800,10.800,1,4125.510,64,64,131,131
39,decode,pi: in.attn_state,28.630,28.630,28.630,1,4125.510,64,64,131,131
39,decode,pi: in.positions,25.670,25.670,25.670,1,4125.510,64,64,131,131
39,decode,pi: in.prev_positions,40.990,40.990,40.990,1,4125.510,64,64,131,131
39,decode,pi: in.token_indices_select,26.480,26.480,26.480,1,4125.510,64,64,131,131
39,decode,pi: in.query_start_loc,28.210,28.210,28.210,1,4125.510,64,64,131,131
39,decode,pi: in.optimistic_seq_lens,49.100,49.100,49.100,1,4125.510,64,64,131,131
39,decode,pi: in.prepare_input_ids,234.380,234.380,234.380,1,4125.510,64,64,131,131
39,decode,pi: in.mrope_positions,755.250,755.250,755.250,1,4125.510,64,64,131,131
39,decode,pi: in.discard_mask,72.050,72.050,72.050,1,4125.510,64,64,131,131
39,decode,pi: in.num_accepted_tokens,14.590,14.590,14.590,1,4125.510,64,64,131,131
39,decode,pi: in.num_computed_tokens,18.010,18.010,18.010,1,4125.510,64,64,131,131
39,decode,pi: in.tokens_to_gpu,64.610,64.610,64.610,1,4125.510,64,64,131,131
39,decode,pi: in.positions_assembly,110.430,110.430,110.430,1,4125.510,64,64,131,131
39,decode,pi: in.seq_lens,57.300,57.300,57.300,1,4125.510,64,64,131,131
39,decode,pi: in.slot_mapping,134.500,134.500,134.500,1,4125.510,64,64,131,131
39,decode,pi: in.mrope_drift,0.850,0.850,0.850,1,4125.510,64,64,131,131
39,decode,pi: in.logits_indices,39.470,39.470,37.080,2,4125.510,64,64,131,131
39,decode,pi: prepare_inputs,103.830,1904.150,1904.150,1,4125.510,64,64,131,131
39,decode,pi: cascade_attn_prefix_lens,10.850,10.850,10.850,1,4125.510,64,64,131,131
39,decode,pi: batch_exec_and_padding,50.180,50.180,50.180,1,4125.510,64,64,131,131
39,decode,pi: ubatch_slices,1.400,1.400,1.400,1,4125.510,64,64,131,131
39,decode,pi: pad_query_start_loc,27.790,27.790,27.790,1,4125.510,64,64,131,131
39,decode,pi: am.max_seq_len,18.630,18.630,18.630,1,4125.510,64,64,131,131
39,decode,pi: am.cm_base_pre,74.120,74.120,74.120,1,4125.510,64,64,131,131
39,decode,pi: am.builder_build,1031.230,1031.230,320.720,4,4125.510,64,64,131,131
39,decode,pi: am.layer_assign,8.440,8.440,2.450,4,4125.510,64,64,131,131
39,decode,pi: am.group_loop,71.900,1111.570,341.710,4,4125.510,64,64,131,131
39,decode,pi: build_attention_metadata,286.960,1491.280,1491.280,1,4125.510,64,64,131,131
39,decode,pi: sanitize_placeholder_ids,1.180,1.180,1.180,1,4125.510,64,64,131,131
39,decode,pi: sync_input_prep,105.380,3867.450,3867.450,1,4125.510,64,64,131,131
39,decode,pi: TOTAL,4125.510,4125.510,4125.510,1,4125.510,64,64,131,131
40,decode,pi: update_states,183.050,183.050,183.050,1,4136.840,64,64,131,131
40,decode,pi: tokens_list,4.110,4.110,4.110,1,4136.840,64,64,131,131
40,decode,pi: phase_classify,49.570,49.570,49.570,1,4136.840,64,64,131,131
40,decode,pi: in.block_table_commit,86.670,86.670,86.670,1,4136.840,64,64,131,131
40,decode,pi: in.req_indices,10.090,10.090,10.090,1,4136.840,64,64,131,131
40,decode,pi: in.attn_state,27.290,27.290,27.290,1,4136.840,64,64,131,131
40,decode,pi: in.positions,25.740,25.740,25.740,1,4136.840,64,64,131,131
40,decode,pi: in.prev_positions,39.620,39.620,39.620,1,4136.840,64,64,131,131
40,decode,pi: in.token_indices_select,26.760,26.760,26.760,1,4136.840,64,64,131,131
40,decode,pi: in.query_start_loc,27.240,27.240,27.240,1,4136.840,64,64,131,131
40,decode,pi: in.optimistic_seq_lens,48.990,48.990,48.990,1,4136.840,64,64,131,131
40,decode,pi: in.prepare_input_ids,237.800,237.800,237.800,1,4136.840,64,64,131,131
40,decode,pi: in.mrope_positions,751.120,751.120,751.120,1,4136.840,64,64,131,131
40,decode,pi: in.discard_mask,73.170,73.170,73.170,1,4136.840,64,64,131,131
40,decode,pi: in.num_accepted_tokens,14.500,14.500,14.500,1,4136.840,64,64,131,131
40,decode,pi: in.num_computed_tokens,17.630,17.630,17.630,1,4136.840,64,64,131,131
40,decode,pi: in.tokens_to_gpu,61.430,61.430,61.430,1,4136.840,64,64,131,131
40,decode,pi: in.positions_assembly,125.550,125.550,125.550,1,4136.840,64,64,131,131
40,decode,pi: in.seq_lens,58.130,58.130,58.130,1,4136.840,64,64,131,131
40,decode,pi: in.slot_mapping,136.370,136.370,136.370,1,4136.840,64,64,131,131
40,decode,pi: in.mrope_drift,0.840,0.840,0.840,1,4136.840,64,64,131,131
40,decode,pi: in.logits_indices,40.760,40.760,37.970,2,4136.840,64,64,131,131
40,decode,pi: prepare_inputs,105.500,1915.200,1915.200,1,4136.840,64,64,131,131
40,decode,pi: cascade_attn_prefix_lens,10.750,10.750,10.750,1,4136.840,64,64,131,131
40,decode,pi: batch_exec_and_padding,49.770,49.770,49.770,1,4136.840,64,64,131,131
40,decode,pi: ubatch_slices,1.480,1.480,1.480,1,4136.840,64,64,131,131
40,decode,pi: pad_query_start_loc,28.670,28.670,28.670,1,4136.840,64,64,131,131
40,decode,pi: am.max_seq_len,18.800,18.800,18.800,1,4136.840,64,64,131,131
40,decode,pi: am.cm_base_pre,76.880,76.880,76.880,1,4136.840,64,64,131,131
40,decode,pi: am.builder_build,1020.910,1020.910,327.300,4,4136.840,64,64,131,131
40,decode,pi: am.layer_assign,8.320,8.320,2.330,4,4136.840,64,64,131,131
40,decode,pi: am.group_loop,70.300,1099.530,347.950,4,4136.840,64,64,131,131
40,decode,pi: build_attention_metadata,288.380,1483.590,1483.590,1,4136.840,64,64,131,131
40,decode,pi: sanitize_placeholder_ids,1.230,1.230,1.230,1,4136.840,64,64,131,131
40,decode,pi: sync_input_prep,153.550,3880.970,3880.970,1,4136.840,64,64,131,131
40,decode,pi: TOTAL,4136.840,4136.840,4136.840,1,4136.840,64,64,131,131
41,decode,pi: update_states,180.900,180.900,180.900,1,4127.870,64,64,131,131
41,decode,pi: tokens_list,4.140,4.140,4.140,1,4127.870,64,64,131,131
41,decode,pi: phase_classify,50.270,50.270,50.270,1,4127.870,64,64,131,131
41,decode,pi: in.block_table_commit,84.030,84.030,84.030,1,4127.870,64,64,131,131
41,decode,pi: in.req_indices,10.510,10.510,10.510,1,4127.870,64,64,131,131
41,decode,pi: in.attn_state,27.780,27.780,27.780,1,4127.870,64,64,131,131
41,decode,pi: in.positions,43.390,43.390,43.390,1,4127.870,64,64,131,131
41,decode,pi: in.prev_positions,41.100,41.100,41.100,1,4127.870,64,64,131,131
41,decode,pi: in.token_indices_select,26.330,26.330,26.330,1,4127.870,64,64,131,131
41,decode,pi: in.query_start_loc,26.590,26.590,26.590,1,4127.870,64,64,131,131
41,decode,pi: in.optimistic_seq_lens,49.010,49.010,49.010,1,4127.870,64,64,131,131
41,decode,pi: in.prepare_input_ids,234.840,234.840,234.840,1,4127.870,64,64,131,131
41,decode,pi: in.mrope_positions,746.020,746.020,746.020,1,4127.870,64,64,131,131
41,decode,pi: in.discard_mask,72.400,72.400,72.400,1,4127.870,64,64,131,131
41,decode,pi: in.num_accepted_tokens,14.330,14.330,14.330,1,4127.870,64,64,131,131
41,decode,pi: in.num_computed_tokens,18.150,18.150,18.150,1,4127.870,64,64,131,131
41,decode,pi: in.tokens_to_gpu,63.710,63.710,63.710,1,4127.870,64,64,131,131
41,decode,pi: in.positions_assembly,111.150,111.150,111.150,1,4127.870,64,64,131,131
41,decode,pi: in.seq_lens,56.920,56.920,56.920,1,4127.870,64,64,131,131
41,decode,pi: in.slot_mapping,136.410,136.410,136.410,1,4127.870,64,64,131,131
41,decode,pi: in.mrope_drift,0.850,0.850,0.850,1,4127.870,64,64,131,131
41,decode,pi: in.logits_indices,40.940,40.940,38.510,2,4127.870,64,64,131,131
41,decode,pi: prepare_inputs,104.190,1908.650,1908.650,1,4127.870,64,64,131,131
41,decode,pi: cascade_attn_prefix_lens,10.750,10.750,10.750,1,4127.870,64,64,131,131
41,decode,pi: batch_exec_and_padding,51.120,51.120,51.120,1,4127.870,64,64,131,131
41,decode,pi: ubatch_slices,1.540,1.540,1.540,1,4127.870,64,64,131,131
41,decode,pi: pad_query_start_loc,29.030,29.030,29.030,1,4127.870,64,64,131,131
41,decode,pi: am.max_seq_len,18.920,18.920,18.920,1,4127.870,64,64,131,131
41,decode,pi: am.cm_base_pre,75.180,75.180,75.180,1,4127.870,64,64,131,131
41,decode,pi: am.builder_build,1023.080,1023.080,327.290,4,4127.870,64,64,131,131
41,decode,pi: am.layer_assign,8.220,8.220,2.210,4,4127.870,64,64,131,131
41,decode,pi: am.group_loop,70.910,1102.210,348.000,4,4127.870,64,64,131,131
41,decode,pi: build_attention_metadata,284.670,1480.980,1480.980,1,4127.870,64,64,131,131
41,decode,pi: sanitize_placeholder_ids,1.150,1.150,1.150,1,4127.870,64,64,131,131
41,decode,pi: sync_input_prep,154.450,3872.980,3872.980,1,4127.870,64,64,131,131
41,decode,pi: TOTAL,4127.870,4127.870,4127.870,1,4127.870,64,64,131,131
42,decode,pi: update_states,181.920,181.920,181.920,1,4127.000,64,64,131,131
42,decode,pi: tokens_list,4.090,4.090,4.090,1,4127.000,64,64,131,131
42,decode,pi: phase_classify,50.400,50.400,50.400,1,4127.000,64,64,131,131
42,decode,pi: in.block_table_commit,88.270,88.270,88.270,1,4127.000,64,64,131,131
42,decode,pi: in.req_indices,9.830,9.830,9.830,1,4127.000,64,64,131,131
42,decode,pi: in.attn_state,27.880,27.880,27.880,1,4127.000,64,64,131,131
42,decode,pi: in.positions,25.950,25.950,25.950,1,4127.000,64,64,131,131
42,decode,pi: in.prev_positions,40.180,40.180,40.180,1,4127.000,64,64,131,131
42,decode,pi: in.token_indices_select,26.360,26.360,26.360,1,4127.000,64,64,131,131
42,decode,pi: in.query_start_loc,26.650,26.650,26.650,1,4127.000,64,64,131,131
42,decode,pi: in.optimistic_seq_lens,48.390,48.390,48.390,1,4127.000,64,64,131,131
42,decode,pi: in.prepare_input_ids,233.030,233.030,233.030,1,4127.000,64,64,131,131
42,decode,pi: in.mrope_positions,744.890,744.890,744.890,1,4127.000,64,64,131,131
42,decode,pi: in.discard_mask,73.400,73.400,73.400,1,4127.000,64,64,131,131
42,decode,pi: in.num_accepted_tokens,14.510,14.510,14.510,1,4127.000,64,64,131,131
42,decode,pi: in.num_computed_tokens,19.940,19.940,19.940,1,4127.000,64,64,131,131
42,decode,pi: in.tokens_to_gpu,69.070,69.070,69.070,1,4127.000,64,64,131,131
42,decode,pi: in.positions_assembly,114.600,114.600,114.600,1,4127.000,64,64,131,131
42,decode,pi: in.seq_lens,59.370,59.370,59.370,1,4127.000,64,64,131,131
42,decode,pi: in.slot_mapping,135.520,135.520,135.520,1,4127.000,64,64,131,131
42,decode,pi: in.mrope_drift,0.790,0.790,0.790,1,4127.000,64,64,131,131
42,decode,pi: in.logits_indices,39.450,39.450,36.840,2,4127.000,64,64,131,131
42,decode,pi: prepare_inputs,105.520,1903.600,1903.600,1,4127.000,64,64,131,131
42,decode,pi: cascade_attn_prefix_lens,10.670,10.670,10.670,1,4127.000,64,64,131,131
42,decode,pi: batch_exec_and_padding,50.010,50.010,50.010,1,4127.000,64,64,131,131
42,decode,pi: ubatch_slices,1.500,1.500,1.500,1,4127.000,64,64,131,131
42,decode,pi: pad_query_start_loc,28.040,28.040,28.040,1,4127.000,64,64,131,131
42,decode,pi: am.max_seq_len,18.800,18.800,18.800,1,4127.000,64,64,131,131
42,decode,pi: am.cm_base_pre,74.650,74.650,74.650,1,4127.000,64,64,131,131
42,decode,pi: am.builder_build,1004.990,1004.990,320.880,4,4127.000,64,64,131,131
42,decode,pi: am.layer_assign,8.460,8.460,2.440,4,4127.000,64,64,131,131
42,decode,pi: am.group_loop,84.310,1097.760,355.590,4,4127.000,64,64,131,131
42,decode,pi: build_attention_metadata,290.350,1481.560,1481.560,1,4127.000,64,64,131,131
42,decode,pi: sanitize_placeholder_ids,1.240,1.240,1.240,1,4127.000,64,64,131,131
42,decode,pi: sync_input_prep,157.310,3870.340,3870.340,1,4127.000,64,64,131,131
42,decode,pi: TOTAL,4127.000,4127.000,4127.000,1,4127.000,64,64,131,131
43,decode,pi: update_states,184.300,184.300,184.300,1,4151.810,64,64,131,131
43,decode,pi: tokens_list,4.250,4.250,4.250,1,4151.810,64,64,131,131
43,decode,pi: phase_classify,51.090,51.090,51.090,1,4151.810,64,64,131,131
43,decode,pi: in.block_table_commit,88.180,88.180,88.180,1,4151.810,64,64,131,131
43,decode,pi: in.req_indices,9.840,9.840,9.840,1,4151.810,64,64,131,131
43,decode,pi: in.attn_state,27.540,27.540,27.540,1,4151.810,64,64,131,131
43,decode,pi: in.positions,25.980,25.980,25.980,1,4151.810,64,64,131,131
43,decode,pi: in.prev_positions,40.280,40.280,40.280,1,4151.810,64,64,131,131
43,decode,pi: in.token_indices_select,26.390,26.390,26.390,1,4151.810,64,64,131,131
43,decode,pi: in.query_start_loc,28.250,28.250,28.250,1,4151.810,64,64,131,131
43,decode,pi: in.optimistic_seq_lens,50.130,50.130,50.130,1,4151.810,64,64,131,131
43,decode,pi: in.prepare_input_ids,239.740,239.740,239.740,1,4151.810,64,64,131,131
43,decode,pi: in.mrope_positions,766.990,766.990,766.990,1,4151.810,64,64,131,131
43,decode,pi: in.discard_mask,77.370,77.370,77.370,1,4151.810,64,64,131,131
43,decode,pi: in.num_accepted_tokens,16.160,16.160,16.160,1,4151.810,64,64,131,131
43,decode,pi: in.num_computed_tokens,18.040,18.040,18.040,1,4151.810,64,64,131,131
43,decode,pi: in.tokens_to_gpu,64.490,64.490,64.490,1,4151.810,64,64,131,131
43,decode,pi: in.positions_assembly,111.970,111.970,111.970,1,4151.810,64,64,131,131
43,decode,pi: in.seq_lens,57.410,57.410,57.410,1,4151.810,64,64,131,131
43,decode,pi: in.slot_mapping,136.440,136.440,136.440,1,4151.810,64,64,131,131
43,decode,pi: in.mrope_drift,0.770,0.770,0.770,1,4151.810,64,64,131,131
43,decode,pi: in.logits_indices,40.930,40.930,38.080,2,4151.810,64,64,131,131
43,decode,pi: prepare_inputs,109.360,1936.260,1936.260,1,4151.810,64,64,131,131
43,decode,pi: cascade_attn_prefix_lens,10.950,10.950,10.950,1,4151.810,64,64,131,131
43,decode,pi: batch_exec_and_padding,50.590,50.590,50.590,1,4151.810,64,64,131,131
43,decode,pi: ubatch_slices,1.440,1.440,1.440,1,4151.810,64,64,131,131
43,decode,pi: pad_query_start_loc,30.480,30.480,30.480,1,4151.810,64,64,131,131
43,decode,pi: am.max_seq_len,19.150,19.150,19.150,1,4151.810,64,64,131,131
43,decode,pi: am.cm_base_pre,76.870,76.870,76.870,1,4151.810,64,64,131,131
43,decode,pi: am.builder_build,1002.510,1002.510,317.190,4,4151.810,64,64,131,131
43,decode,pi: am.layer_assign,8.200,8.200,2.190,4,4151.810,64,64,131,131
43,decode,pi: am.group_loop,70.400,1081.110,337.800,4,4151.810,64,64,131,131
43,decode,pi: build_attention_metadata,287.930,1465.060,1465.060,1,4151.810,64,64,131,131
43,decode,pi: sanitize_placeholder_ids,1.100,1.100,1.100,1,4151.810,64,64,131,131
43,decode,pi: sync_input_prep,158.100,3893.620,3893.620,1,4151.810,64,64,131,131
43,decode,pi: TOTAL,4151.810,4151.810,4151.810,1,4151.810,64,64,131,131
44,decode,pi: update_states,199.010,199.010,199.010,1,4164.620,64,64,131,131
44,decode,pi: tokens_list,4.230,4.230,4.230,1,4164.620,64,64,131,131
44,decode,pi: phase_classify,51.190,51.190,51.190,1,4164.620,64,64,131,131
44,decode,pi: in.block_table_commit,88.350,88.350,88.350,1,4164.620,64,64,131,131
44,decode,pi: in.req_indices,10.380,10.380,10.380,1,4164.620,64,64,131,131
44,decode,pi: in.attn_state,27.820,27.820,27.820,1,4164.620,64,64,131,131
44,decode,pi: in.positions,25.270,25.270,25.270,1,4164.620,64,64,131,131
44,decode,pi: in.prev_positions,40.660,40.660,40.660,1,4164.620,64,64,131,131
44,decode,pi: in.token_indices_select,26.440,26.440,26.440,1,4164.620,64,64,131,131
44,decode,pi: in.query_start_loc,27.260,27.260,27.260,1,4164.620,64,64,131,131
44,decode,pi: in.optimistic_seq_lens,48.330,48.330,48.330,1,4164.620,64,64,131,131
44,decode,pi: in.prepare_input_ids,236.830,236.830,236.830,1,4164.620,64,64,131,131
44,decode,pi: in.mrope_positions,751.060,751.060,751.060,1,4164.620,64,64,131,131
44,decode,pi: in.discard_mask,74.260,74.260,74.260,1,4164.620,64,64,131,131
44,decode,pi: in.num_accepted_tokens,16.480,16.480,16.480,1,4164.620,64,64,131,131
44,decode,pi: in.num_computed_tokens,19.340,19.340,19.340,1,4164.620,64,64,131,131
44,decode,pi: in.tokens_to_gpu,63.990,63.990,63.990,1,4164.620,64,64,131,131
44,decode,pi: in.positions_assembly,111.360,111.360,111.360,1,4164.620,64,64,131,131
44,decode,pi: in.seq_lens,58.670,58.670,58.670,1,4164.620,64,64,131,131
44,decode,pi: in.slot_mapping,135.480,135.480,135.480,1,4164.620,64,64,131,131
44,decode,pi: in.mrope_drift,0.870,0.870,0.870,1,4164.620,64,64,131,131
44,decode,pi: in.logits_indices,38.560,38.560,35.670,2,4164.620,64,64,131,131
44,decode,pi: prepare_inputs,107.810,1909.220,1909.220,1,4164.620,64,64,131,131
44,decode,pi: cascade_attn_prefix_lens,10.620,10.620,10.620,1,4164.620,64,64,131,131
44,decode,pi: batch_exec_and_padding,50.700,50.700,50.700,1,4164.620,64,64,131,131
44,decode,pi: ubatch_slices,1.500,1.500,1.500,1,4164.620,64,64,131,131
44,decode,pi: pad_query_start_loc,28.470,28.470,28.470,1,4164.620,64,64,131,131
44,decode,pi: am.max_seq_len,18.760,18.760,18.760,1,4164.620,64,64,131,131
44,decode,pi: am.cm_base_pre,75.410,75.410,75.410,1,4164.620,64,64,131,131
44,decode,pi: am.builder_build,1026.750,1026.750,326.820,4,4164.620,64,64,131,131
44,decode,pi: am.layer_assign,8.330,8.330,2.410,4,4164.620,64,64,131,131
44,decode,pi: am.group_loop,71.500,1106.580,347.690,4,4164.620,64,64,131,131
44,decode,pi: build_attention_metadata,282.560,1483.310,1483.310,1,4164.620,64,64,131,131
44,decode,pi: sanitize_placeholder_ids,1.290,1.290,1.290,1,4164.620,64,64,131,131
44,decode,pi: sync_input_prep,153.020,3892.560,3892.560,1,4164.620,64,64,131,131
44,decode,pi: TOTAL,4164.620,4164.620,4164.620,1,4164.620,64,64,131,131
45,decode,pi: update_states,180.300,180.300,180.300,1,4129.900,64,64,131,131
45,decode,pi: tokens_list,4.190,4.190,4.190,1,4129.900,64,64,131,131
45,decode,pi: phase_classify,93.690,93.690,93.690,1,4129.900,64,64,131,131
45,decode,pi: in.block_table_commit,89.250,89.250,89.250,1,4129.900,64,64,131,131
45,decode,pi: in.req_indices,10.660,10.660,10.660,1,4129.900,64,64,131,131
45,decode,pi: in.attn_state,28.210,28.210,28.210,1,4129.900,64,64,131,131
45,decode,pi: in.positions,25.110,25.110,25.110,1,4129.900,64,64,131,131
45,decode,pi: in.prev_positions,40.290,40.290,40.290,1,4129.900,64,64,131,131
45,decode,pi: in.token_indices_select,26.380,26.380,26.380,1,4129.900,64,64,131,131
45,decode,pi: in.query_start_loc,27.070,27.070,27.070,1,4129.900,64,64,131,131
45,decode,pi: in.optimistic_seq_lens,48.880,48.880,48.880,1,4129.900,64,64,131,131
45,decode,pi: in.prepare_input_ids,236.190,236.190,236.190,1,4129.900,64,64,131,131
45,decode,pi: in.mrope_positions,745.580,745.580,745.580,1,4129.900,64,64,131,131
45,decode,pi: in.discard_mask,72.210,72.210,72.210,1,4129.900,64,64,131,131
45,decode,pi: in.num_accepted_tokens,14.550,14.550,14.550,1,4129.900,64,64,131,131
45,decode,pi: in.num_computed_tokens,18.370,18.370,18.370,1,4129.900,64,64,131,131
45,decode,pi: in.tokens_to_gpu,63.810,63.810,63.810,1,4129.900,64,64,131,131
45,decode,pi: in.positions_assembly,111.830,111.830,111.830,1,4129.900,64,64,131,131
45,decode,pi: in.seq_lens,59.100,59.100,59.100,1,4129.900,64,64,131,131
45,decode,pi: in.slot_mapping,134.770,134.770,134.770,1,4129.900,64,64,131,131
45,decode,pi: in.mrope_drift,0.800,0.800,0.800,1,4129.900,64,64,131,131
45,decode,pi: in.logits_indices,39.720,39.720,37.150,2,4129.900,64,64,131,131
45,decode,pi: prepare_inputs,103.770,1896.550,1896.550,1,4129.900,64,64,131,131
45,decode,pi: cascade_attn_prefix_lens,10.420,10.420,10.420,1,4129.900,64,64,131,131
45,decode,pi: batch_exec_and_padding,50.030,50.030,50.030,1,4129.900,64,64,131,131
45,decode,pi: ubatch_slices,1.430,1.430,1.430,1,4129.900,64,64,131,131
45,decode,pi: pad_query_start_loc,28.960,28.960,28.960,1,4129.900,64,64,131,131
45,decode,pi: am.max_seq_len,18.680,18.680,18.680,1,4129.900,64,64,131,131
45,decode,pi: am.cm_base_pre,76.560,76.560,76.560,1,4129.900,64,64,131,131
45,decode,pi: am.builder_build,1036.810,1036.810,352.550,4,4129.900,64,64,131,131
45,decode,pi: am.layer_assign,8.870,8.870,2.430,4,4129.900,64,64,131,131
45,decode,pi: am.group_loop,71.620,1117.300,374.750,4,4129.900,64,64,131,131
45,decode,pi: build_attention_metadata,284.940,1497.480,1497.480,1,4129.900,64,64,131,131
45,decode,pi: sanitize_placeholder_ids,1.200,1.200,1.200,1,4129.900,64,64,131,131
45,decode,pi: sync_input_prep,105.690,3869.940,3869.940,1,4129.900,64,64,131,131
45,decode,pi: TOTAL,4129.900,4129.900,4129.900,1,4129.900,64,64,131,131
46,decode,pi: update_states,180.900,180.900,180.900,1,4145.520,64,64,131,131
46,decode,pi: tokens_list,4.480,4.480,4.480,1,4145.520,64,64,131,131
46,decode,pi: phase_classify,97.440,97.440,97.440,1,4145.520,64,64,131,131
46,decode,pi: in.block_table_commit,88.340,88.340,88.340,1,4145.520,64,64,131,131
46,decode,pi: in.req_indices,10.750,10.750,10.750,1,4145.520,64,64,131,131
46,decode,pi: in.attn_state,28.170,28.170,28.170,1,4145.520,64,64,131,131
46,decode,pi: in.positions,25.530,25.530,25.530,1,4145.520,64,64,131,131
46,decode,pi: in.prev_positions,41.230,41.230,41.230,1,4145.520,64,64,131,131
46,decode,pi: in.token_indices_select,26.630,26.630,26.630,1,4145.520,64,64,131,131
46,decode,pi: in.query_start_loc,28.540,28.540,28.540,1,4145.520,64,64,131,131
46,decode,pi: in.optimistic_seq_lens,49.770,49.770,49.770,1,4145.520,64,64,131,131
46,decode,pi: in.prepare_input_ids,235.500,235.500,235.500,1,4145.520,64,64,131,131
46,decode,pi: in.mrope_positions,761.990,761.990,761.990,1,4145.520,64,64,131,131
46,decode,pi: in.discard_mask,73.640,73.640,73.640,1,4145.520,64,64,131,131
46,decode,pi: in.num_accepted_tokens,15.410,15.410,15.410,1,4145.520,64,64,131,131
46,decode,pi: in.num_computed_tokens,17.950,17.950,17.950,1,4145.520,64,64,131,131
46,decode,pi: in.tokens_to_gpu,62.600,62.600,62.600,1,4145.520,64,64,131,131
46,decode,pi: in.positions_assembly,117.410,117.410,117.410,1,4145.520,64,64,131,131
46,decode,pi: in.seq_lens,60.630,60.630,60.630,1,4145.520,64,64,131,131
46,decode,pi: in.slot_mapping,136.600,136.600,136.600,1,4145.520,64,64,131,131
46,decode,pi: in.mrope_drift,0.850,0.850,0.850,1,4145.520,64,64,131,131
46,decode,pi: in.logits_indices,39.890,39.890,36.830,2,4145.520,64,64,131,131
46,decode,pi: prepare_inputs,107.040,1928.470,1928.470,1,4145.520,64,64,131,131
46,decode,pi: cascade_attn_prefix_lens,10.480,10.480,10.480,1,4145.520,64,64,131,131
46,decode,pi: batch_exec_and_padding,51.080,51.080,51.080,1,4145.520,64,64,131,131
46,decode,pi: ubatch_slices,1.490,1.490,1.490,1,4145.520,64,64,131,131
46,decode,pi: pad_query_start_loc,28.090,28.090,28.090,1,4145.520,64,64,131,131
46,decode,pi: am.max_seq_len,18.510,18.510,18.510,1,4145.520,64,64,131,131
46,decode,pi: am.cm_base_pre,78.400,78.400,78.400,1,4145.520,64,64,131,131
46,decode,pi: am.builder_build,1016.330,1016.330,324.300,4,4145.520,64,64,131,131
46,decode,pi: am.layer_assign,8.330,8.330,2.240,4,4145.520,64,64,131,131
46,decode,pi: am.group_loop,70.660,1095.320,344.650,4,4145.520,64,64,131,131
46,decode,pi: build_attention_metadata,285.110,1477.340,1477.340,1,4145.520,64,64,131,131
46,decode,pi: sanitize_placeholder_ids,1.160,1.160,1.160,1,4145.520,64,64,131,131
46,decode,pi: sync_input_prep,107.160,3888.090,3888.090,1,4145.520,64,64,131,131
46,decode,pi: TOTAL,4145.520,4145.520,4145.520,1,4145.520,64,64,131,131
47,decode,pi: update_states,182.970,182.970,182.970,1,4159.000,64,64,131,131
47,decode,pi: tokens_list,4.240,4.240,4.240,1,4159.000,64,64,131,131
47,decode,pi: phase_classify,94.840,94.840,94.840,1,4159.000,64,64,131,131
47,decode,pi: in.block_table_commit,90.810,90.810,90.810,1,4159.000,64,64,131,131
47,decode,pi: in.req_indices,10.690,10.690,10.690,1,4159.000,64,64,131,131
47,decode,pi: in.attn_state,28.540,28.540,28.540,1,4159.000,64,64,131,131
47,decode,pi: in.positions,26.170,26.170,26.170,1,4159.000,64,64,131,131
47,decode,pi: in.prev_positions,41.140,41.140,41.140,1,4159.000,64,64,131,131
47,decode,pi: in.token_indices_select,26.180,26.180,26.180,1,4159.000,64,64,131,131
47,decode,pi: in.query_start_loc,28.500,28.500,28.500,1,4159.000,64,64,131,131
47,decode,pi: in.optimistic_seq_lens,50.640,50.640,50.640,1,4159.000,64,64,131,131
47,decode,pi: in.prepare_input_ids,236.920,236.920,236.920,1,4159.000,64,64,131,131
47,decode,pi: in.mrope_positions,751.830,751.830,751.830,1,4159.000,64,64,131,131
47,decode,pi: in.discard_mask,74.320,74.320,74.320,1,4159.000,64,64,131,131
47,decode,pi: in.num_accepted_tokens,15.070,15.070,15.070,1,4159.000,64,64,131,131
47,decode,pi: in.num_computed_tokens,20.890,20.890,20.890,1,4159.000,64,64,131,131
47,decode,pi: in.tokens_to_gpu,64.510,64.510,64.510,1,4159.000,64,64,131,131
47,decode,pi: in.positions_assembly,108.510,108.510,108.510,1,4159.000,64,64,131,131
47,decode,pi: in.seq_lens,57.430,57.430,57.430,1,4159.000,64,64,131,131
47,decode,pi: in.slot_mapping,134.560,134.560,134.560,1,4159.000,64,64,131,131
47,decode,pi: in.mrope_drift,0.850,0.850,0.850,1,4159.000,64,64,131,131
47,decode,pi: in.logits_indices,38.990,38.990,36.390,2,4159.000,64,64,131,131
47,decode,pi: prepare_inputs,104.800,1911.350,1911.350,1,4159.000,64,64,131,131
47,decode,pi: cascade_attn_prefix_lens,10.750,10.750,10.750,1,4159.000,64,64,131,131
47,decode,pi: batch_exec_and_padding,50.430,50.430,50.430,1,4159.000,64,64,131,131
47,decode,pi: ubatch_slices,1.520,1.520,1.520,1,4159.000,64,64,131,131
47,decode,pi: pad_query_start_loc,29.710,29.710,29.710,1,4159.000,64,64,131,131
47,decode,pi: am.max_seq_len,19.460,19.460,19.460,1,4159.000,64,64,131,131
47,decode,pi: am.cm_base_pre,78.280,78.280,78.280,1,4159.000,64,64,131,131
47,decode,pi: am.builder_build,1017.770,1017.770,323.330,4,4159.000,64,64,131,131
47,decode,pi: am.layer_assign,8.750,8.750,2.410,4,4159.000,64,64,131,131
47,decode,pi: am.group_loop,71.820,1098.340,344.530,4,4159.000,64,64,131,131
47,decode,pi: build_attention_metadata,304.960,1501.040,1501.040,1,4159.000,64,64,131,131
47,decode,pi: sanitize_placeholder_ids,1.340,1.340,1.340,1,4159.000,64,64,131,131
47,decode,pi: sync_input_prep,108.510,3896.700,3896.700,1,4159.000,64,64,131,131
47,decode,pi: TOTAL,4159.000,4159.000,4159.000,1,4159.000,64,64,131,131
48,decode,pi: update_states,179.980,179.980,179.980,1,4152.940,64,64,131,131
48,decode,pi: tokens_list,4.360,4.360,4.360,1,4152.940,64,64,131,131
48,decode,pi: phase_classify,93.720,93.720,93.720,1,4152.940,64,64,131,131
48,decode,pi: in.block_table_commit,87.980,87.980,87.980,1,4152.940,64,64,131,131
48,decode,pi: in.req_indices,10.700,10.700,10.700,1,4152.940,64,64,131,131
48,decode,pi: in.attn_state,28.920,28.920,28.920,1,4152.940,64,64,131,131
48,decode,pi: in.positions,26.000,26.000,26.000,1,4152.940,64,64,131,131
48,decode,pi: in.prev_positions,40.840,40.840,40.840,1,4152.940,64,64,131,131
48,decode,pi: in.token_indices_select,26.620,26.620,26.620,1,4152.940,64,64,131,131
48,decode,pi: in.query_start_loc,29.940,29.940,29.940,1,4152.940,64,64,131,131
48,decode,pi: in.optimistic_seq_lens,50.240,50.240,50.240,1,4152.940,64,64,131,131
48,decode,pi: in.prepare_input_ids,233.410,233.410,233.410,1,4152.940,64,64,131,131
48,decode,pi: in.mrope_positions,749.310,749.310,749.310,1,4152.940,64,64,131,131
48,decode,pi: in.discard_mask,74.180,74.180,74.180,1,4152.940,64,64,131,131
48,decode,pi: in.num_accepted_tokens,14.960,14.960,14.960,1,4152.940,64,64,131,131
48,decode,pi: in.num_computed_tokens,17.820,17.820,17.820,1,4152.940,64,64,131,131
48,decode,pi: in.tokens_to_gpu,61.450,61.450,61.450,1,4152.940,64,64,131,131
48,decode,pi: in.positions_assembly,112.910,112.910,112.910,1,4152.940,64,64,131,131
48,decode,pi: in.seq_lens,55.450,55.450,55.450,1,4152.940,64,64,131,131
48,decode,pi: in.slot_mapping,137.200,137.200,137.200,1,4152.940,64,64,131,131
48,decode,pi: in.mrope_drift,0.760,0.760,0.760,1,4152.940,64,64,131,131
48,decode,pi: in.logits_indices,39.590,39.590,36.670,2,4152.940,64,64,131,131
48,decode,pi: prepare_inputs,106.460,1904.740,1904.740,1,4152.940,64,64,131,131
48,decode,pi: cascade_attn_prefix_lens,10.810,10.810,10.810,1,4152.940,64,64,131,131
48,decode,pi: batch_exec_and_padding,50.630,50.630,50.630,1,4152.940,64,64,131,131
48,decode,pi: ubatch_slices,1.510,1.510,1.510,1,4152.940,64,64,131,131
48,decode,pi: pad_query_start_loc,29.950,29.950,29.950,1,4152.940,64,64,131,131
48,decode,pi: am.max_seq_len,18.540,18.540,18.540,1,4152.940,64,64,131,131
48,decode,pi: am.cm_base_pre,100.150,100.150,100.150,1,4152.940,64,64,131,131
48,decode,pi: am.builder_build,1030.940,1030.940,322.940,4,4152.940,64,64,131,131
48,decode,pi: am.layer_assign,8.440,8.440,2.320,4,4152.940,64,64,131,131
48,decode,pi: am.group_loop,71.100,1110.480,344.180,4,4152.940,64,64,131,131
48,decode,pi: build_attention_metadata,285.510,1514.680,1514.680,1,4152.940,64,64,131,131
48,decode,pi: sanitize_placeholder_ids,1.220,1.220,1.220,1,4152.940,64,64,131,131
48,decode,pi: sync_input_prep,106.760,3898.360,3898.360,1,4152.940,64,64,131,131
48,decode,pi: TOTAL,4152.940,4152.940,4152.940,1,4152.940,64,64,131,131
49,decode,pi: update_states,180.970,180.970,180.970,1,4148.450,64,64,131,131
49,decode,pi: tokens_list,4.350,4.350,4.350,1,4148.450,64,64,131,131
49,decode,pi: phase_classify,92.640,92.640,92.640,1,4148.450,64,64,131,131
49,decode,pi: in.block_table_commit,91.070,91.070,91.070,1,4148.450,64,64,131,131
49,decode,pi: in.req_indices,10.430,10.430,10.430,1,4148.450,64,64,131,131
49,decode,pi: in.attn_state,28.420,28.420,28.420,1,4148.450,64,64,131,131
49,decode,pi: in.positions,25.680,25.680,25.680,1,4148.450,64,64,131,131
49,decode,pi: in.prev_positions,40.370,40.370,40.370,1,4148.450,64,64,131,131
49,decode,pi: in.token_indices_select,26.420,26.420,26.420,1,4148.450,64,64,131,131
49,decode,pi: in.query_start_loc,27.260,27.260,27.260,1,4148.450,64,64,131,131
49,decode,pi: in.optimistic_seq_lens,48.280,48.280,48.280,1,4148.450,64,64,131,131
49,decode,pi: in.prepare_input_ids,235.750,235.750,235.750,1,4148.450,64,64,131,131
49,decode,pi: in.mrope_positions,764.830,764.830,764.830,1,4148.450,64,64,131,131
49,decode,pi: in.discard_mask,73.090,73.090,73.090,1,4148.450,64,64,131,131
49,decode,pi: in.num_accepted_tokens,16.010,16.010,16.010,1,4148.450,64,64,131,131
49,decode,pi: in.num_computed_tokens,19.590,19.590,19.590,1,4148.450,64,64,131,131
49,decode,pi: in.tokens_to_gpu,66.920,66.920,66.920,1,4148.450,64,64,131,131
49,decode,pi: in.positions_assembly,111.550,111.550,111.550,1,4148.450,64,64,131,131
49,decode,pi: in.seq_lens,59.830,59.830,59.830,1,4148.450,64,64,131,131
49,decode,pi: in.slot_mapping,136.580,136.580,136.580,1,4148.450,64,64,131,131
49,decode,pi: in.mrope_drift,0.780,0.780,0.780,1,4148.450,64,64,131,131
49,decode,pi: in.logits_indices,40.530,40.530,37.840,2,4148.450,64,64,131,131
49,decode,pi: prepare_inputs,107.160,1930.550,1930.550,1,4148.450,64,64,131,131
49,decode,pi: cascade_attn_prefix_lens,10.780,10.780,10.780,1,4148.450,64,64,131,131
49,decode,pi: batch_exec_and_padding,50.620,50.620,50.620,1,4148.450,64,64,131,131
49,decode,pi: ubatch_slices,1.480,1.480,1.480,1,4148.450,64,64,131,131
49,decode,pi: pad_query_start_loc,28.190,28.190,28.190,1,4148.450,64,64,131,131
49,decode,pi: am.max_seq_len,18.580,18.580,18.580,1,4148.450,64,64,131,131
49,decode,pi: am.cm_base_pre,74.130,74.130,74.130,1,4148.450,64,64,131,131
49,decode,pi: am.builder_build,1025.860,1025.860,321.050,4,4148.450,64,64,131,131
49,decode,pi: am.layer_assign,8.240,8.240,2.310,4,4148.450,64,64,131,131
49,decode,pi: am.group_loop,71.920,1106.020,341.660,4,4148.450,64,64,131,131
49,decode,pi: build_attention_metadata,285.720,1484.450,1484.450,1,4148.450,64,64,131,131
49,decode,pi: sanitize_placeholder_ids,1.230,1.230,1.230,1,4148.450,64,64,131,131
49,decode,pi: sync_input_prep,106.330,3891.590,3891.590,1,4148.450,64,64,131,131
49,decode,pi: TOTAL,4148.450,4148.450,4148.450,1,4148.450,64,64,131,131
50,decode,pi: update_states,194.820,194.820,194.820,1,4210.410,64,64,131,131
50,decode,pi: tokens_list,4.350,4.350,4.350,1,4210.410,64,64,131,131
50,decode,pi: phase_classify,114.770,114.770,114.770,1,4210.410,64,64,131,131
50,decode,pi: in.block_table_commit,88.760,88.760,88.760,1,4210.410,64,64,131,131
50,decode,pi: in.req_indices,13.160,13.160,13.160,1,4210.410,64,64,131,131
50,decode,pi: in.attn_state,31.420,31.420,31.420,1,4210.410,64,64,131,131
50,decode,pi: in.positions,26.580,26.580,26.580,1,4210.410,64,64,131,131
50,decode,pi: in.prev_positions,42.040,42.040,42.040,1,4210.410,64,64,131,131
50,decode,pi: in.token_indices_select,26.410,26.410,26.410,1,4210.410,64,64,131,131
50,decode,pi: in.query_start_loc,27.940,27.940,27.940,1,4210.410,64,64,131,131
50,decode,pi: in.optimistic_seq_lens,48.790,48.790,48.790,1,4210.410,64,64,131,131
50,decode,pi: in.prepare_input_ids,237.720,237.720,237.720,1,4210.410,64,64,131,131
50,decode,pi: in.mrope_positions,749.660,749.660,749.660,1,4210.410,64,64,131,131
50,decode,pi: in.discard_mask,72.270,72.270,72.270,1,4210.410,64,64,131,131
50,decode,pi: in.num_accepted_tokens,16.060,16.060,16.060,1,4210.410,64,64,131,131
50,decode,pi: in.num_computed_tokens,18.840,18.840,18.840,1,4210.410,64,64,131,131
50,decode,pi: in.tokens_to_gpu,63.260,63.260,63.260,1,4210.410,64,64,131,131
50,decode,pi: in.positions_assembly,115.330,115.330,115.330,1,4210.410,64,64,131,131
50,decode,pi: in.seq_lens,60.030,60.030,60.030,1,4210.410,64,64,131,131
50,decode,pi: in.slot_mapping,135.940,135.940,135.940,1,4210.410,64,64,131,131
50,decode,pi: in.mrope_drift,0.790,0.790,0.790,1,4210.410,64,64,131,131
50,decode,pi: in.logits_indices,40.850,40.850,37.890,2,4210.410,64,64,131,131
50,decode,pi: prepare_inputs,107.880,1923.730,1923.730,1,4210.410,64,64,131,131
50,decode,pi: cascade_attn_prefix_lens,10.620,10.620,10.620,1,4210.410,64,64,131,131
50,decode,pi: batch_exec_and_padding,49.280,49.280,49.280,1,4210.410,64,64,131,131
50,decode,pi: ubatch_slices,1.500,1.500,1.500,1,4210.410,64,64,131,131
50,decode,pi: pad_query_start_loc,28.330,28.330,28.330,1,4210.410,64,64,131,131
50,decode,pi: am.max_seq_len,18.310,18.310,18.310,1,4210.410,64,64,131,131
50,decode,pi: am.cm_base_pre,78.340,78.340,78.340,1,4210.410,64,64,131,131
50,decode,pi: am.builder_build,1016.150,1016.150,322.080,4,4210.410,64,64,131,131
50,decode,pi: am.layer_assign,8.540,8.540,2.330,4,4210.410,64,64,131,131
50,decode,pi: am.group_loop,88.840,1113.530,348.270,4,4210.410,64,64,131,131
50,decode,pi: build_attention_metadata,289.100,1499.280,1499.280,1,4210.410,64,64,131,131
50,decode,pi: sanitize_placeholder_ids,1.090,1.090,1.090,1,4210.410,64,64,131,131
50,decode,pi: sync_input_prep,124.580,3952.350,3952.350,1,4210.410,64,64,131,131
50,decode,pi: TOTAL,4210.410,4210.410,4210.410,1,4210.410,64,64,131,131
51,decode,pi: update_states,180.960,180.960,180.960,1,4150.110,64,64,131,131
51,decode,pi: tokens_list,4.230,4.230,4.230,1,4150.110,64,64,131,131
51,decode,pi: phase_classify,49.850,49.850,49.850,1,4150.110,64,64,131,131
51,decode,pi: in.block_table_commit,87.600,87.600,87.600,1,4150.110,64,64,131,131
51,decode,pi: in.req_indices,9.860,9.860,9.860,1,4150.110,64,64,131,131
51,decode,pi: in.attn_state,27.730,27.730,27.730,1,4150.110,64,64,131,131
51,decode,pi: in.positions,26.170,26.170,26.170,1,4150.110,64,64,131,131
51,decode,pi: in.prev_positions,40.260,40.260,40.260,1,4150.110,64,64,131,131
51,decode,pi: in.token_indices_select,25.920,25.920,25.920,1,4150.110,64,64,131,131
51,decode,pi: in.query_start_loc,27.710,27.710,27.710,1,4150.110,64,64,131,131
51,decode,pi: in.optimistic_seq_lens,50.530,50.530,50.530,1,4150.110,64,64,131,131
51,decode,pi: in.prepare_input_ids,240.150,240.150,240.150,1,4150.110,64,64,131,131
51,decode,pi: in.mrope_positions,752.020,752.020,752.020,1,4150.110,64,64,131,131
51,decode,pi: in.discard_mask,74.790,74.790,74.790,1,4150.110,64,64,131,131
51,decode,pi: in.num_accepted_tokens,15.060,15.060,15.060,1,4150.110,64,64,131,131
51,decode,pi: in.num_computed_tokens,17.710,17.710,17.710,1,4150.110,64,64,131,131
51,decode,pi: in.tokens_to_gpu,63.810,63.810,63.810,1,4150.110,64,64,131,131
51,decode,pi: in.positions_assembly,113.050,113.050,113.050,1,4150.110,64,64,131,131
51,decode,pi: in.seq_lens,75.990,75.990,75.990,1,4150.110,64,64,131,131
51,decode,pi: in.slot_mapping,138.290,138.290,138.290,1,4150.110,64,64,131,131
51,decode,pi: in.mrope_drift,0.950,0.950,0.950,1,4150.110,64,64,131,131
51,decode,pi: in.logits_indices,41.310,41.310,38.790,2,4150.110,64,64,131,131
51,decode,pi: prepare_inputs,109.230,1938.140,1938.140,1,4150.110,64,64,131,131
51,decode,pi: cascade_attn_prefix_lens,10.750,10.750,10.750,1,4150.110,64,64,131,131
51,decode,pi: batch_exec_and_padding,50.540,50.540,50.540,1,4150.110,64,64,131,131
51,decode,pi: ubatch_slices,1.480,1.480,1.480,1,4150.110,64,64,131,131
51,decode,pi: pad_query_start_loc,28.990,28.990,28.990,1,4150.110,64,64,131,131
51,decode,pi: am.max_seq_len,18.670,18.670,18.670,1,4150.110,64,64,131,131
51,decode,pi: am.cm_base_pre,75.420,75.420,75.420,1,4150.110,64,64,131,131
51,decode,pi: am.builder_build,1010.670,1010.670,311.970,4,4150.110,64,64,131,131
51,decode,pi: am.layer_assign,8.590,8.590,2.300,4,4150.110,64,64,131,131
51,decode,pi: am.group_loop,69.680,1088.940,332.370,4,4150.110,64,64,131,131
51,decode,pi: build_attention_metadata,283.920,1466.950,1466.950,1,4150.110,64,64,131,131
51,decode,pi: sanitize_placeholder_ids,1.280,1.280,1.280,1,4150.110,64,64,131,131
51,decode,pi: sync_input_prep,159.160,3892.330,3892.330,1,4150.110,64,64,131,131
51,decode,pi: TOTAL,4150.110,4150.110,4150.110,1,4150.110,64,64,131,131
52,decode,pi: update_states,182.220,182.220,182.220,1,4148.100,64,64,131,131
52,decode,pi: tokens_list,4.650,4.650,4.650,1,4148.100,64,64,131,131
52,decode,pi: phase_classify,49.140,49.140,49.140,1,4148.100,64,64,131,131
52,decode,pi: in.block_table_commit,89.270,89.270,89.270,1,4148.100,64,64,131,131
52,decode,pi: in.req_indices,9.660,9.660,9.660,1,4148.100,64,64,131,131
52,decode,pi: in.attn_state,27.680,27.680,27.680,1,4148.100,64,64,131,131
52,decode,pi: in.positions,25.980,25.980,25.980,1,4148.100,64,64,131,131
52,decode,pi: in.prev_positions,41.260,41.260,41.260,1,4148.100,64,64,131,131
52,decode,pi: in.token_indices_select,26.070,26.070,26.070,1,4148.100,64,64,131,131
52,decode,pi: in.query_start_loc,41.810,41.810,41.810,1,4148.100,64,64,131,131
52,decode,pi: in.optimistic_seq_lens,49.790,49.790,49.790,1,4148.100,64,64,131,131
52,decode,pi: in.prepare_input_ids,238.680,238.680,238.680,1,4148.100,64,64,131,131
52,decode,pi: in.mrope_positions,755.990,755.990,755.990,1,4148.100,64,64,131,131
52,decode,pi: in.discard_mask,73.130,73.130,73.130,1,4148.100,64,64,131,131
52,decode,pi: in.num_accepted_tokens,15.260,15.260,15.260,1,4148.100,64,64,131,131
52,decode,pi: in.num_computed_tokens,17.950,17.950,17.950,1,4148.100,64,64,131,131
52,decode,pi: in.tokens_to_gpu,62.210,62.210,62.210,1,4148.100,64,64,131,131
52,decode,pi: in.positions_assembly,111.700,111.700,111.700,1,4148.100,64,64,131,131
52,decode,pi: in.seq_lens,55.030,55.030,55.030,1,4148.100,64,64,131,131
52,decode,pi: in.slot_mapping,137.120,137.120,137.120,1,4148.100,64,64,131,131
52,decode,pi: in.mrope_drift,0.910,0.910,0.910,1,4148.100,64,64,131,131
52,decode,pi: in.logits_indices,40.080,40.080,37.210,2,4148.100,64,64,131,131
52,decode,pi: prepare_inputs,106.850,1926.430,1926.430,1,4148.100,64,64,131,131
52,decode,pi: cascade_attn_prefix_lens,10.970,10.970,10.970,1,4148.100,64,64,131,131
52,decode,pi: batch_exec_and_padding,50.130,50.130,50.130,1,4148.100,64,64,131,131
52,decode,pi: ubatch_slices,1.490,1.490,1.490,1,4148.100,64,64,131,131
52,decode,pi: pad_query_start_loc,28.790,28.790,28.790,1,4148.100,64,64,131,131
52,decode,pi: am.max_seq_len,18.830,18.830,18.830,1,4148.100,64,64,131,131
52,decode,pi: am.cm_base_pre,75.520,75.520,75.520,1,4148.100,64,64,131,131
52,decode,pi: am.builder_build,1021.370,1021.370,320.270,4,4148.100,64,64,131,131
52,decode,pi: am.layer_assign,8.600,8.600,2.390,4,4148.100,64,64,131,131
52,decode,pi: am.group_loop,72.280,1102.250,342.090,4,4148.100,64,64,131,131
52,decode,pi: build_attention_metadata,285.100,1481.700,1481.700,1,4148.100,64,64,131,131
52,decode,pi: sanitize_placeholder_ids,1.200,1.200,1.200,1,4148.100,64,64,131,131
52,decode,pi: sync_input_prep,157.190,3893.910,3893.910,1,4148.100,64,64,131,131
52,decode,pi: TOTAL,4148.100,4148.100,4148.100,1,4148.100,64,64,131,131
53,decode,pi: update_states,181.290,181.290,181.290,1,4126.680,64,64,131,131
53,decode,pi: tokens_list,4.240,4.240,4.240,1,4126.680,64,64,131,131
53,decode,pi: phase_classify,92.730,92.730,92.730,1,4126.680,64,64,131,131
53,decode,pi: in.block_table_commit,86.290,86.290,86.290,1,4126.680,64,64,131,131
53,decode,pi: in.req_indices,10.480,10.480,10.480,1,4126.680,64,64,131,131
53,decode,pi: in.attn_state,28.540,28.540,28.540,1,4126.680,64,64,131,131
53,decode,pi: in.positions,25.150,25.150,25.150,1,4126.680,64,64,131,131
53,decode,pi: in.prev_positions,41.610,41.610,41.610,1,4126.680,64,64,131,131
53,decode,pi: in.token_indices_select,26.720,26.720,26.720,1,4126.680,64,64,131,131
53,decode,pi: in.query_start_loc,27.330,27.330,27.330,1,4126.680,64,64,131,131
53,decode,pi: in.optimistic_seq_lens,48.040,48.040,48.040,1,4126.680,64,64,131,131
53,decode,pi: in.prepare_input_ids,238.240,238.240,238.240,1,4126.680,64,64,131,131
53,decode,pi: in.mrope_positions,759.400,759.400,759.400,1,4126.680,64,64,131,131
53,decode,pi: in.discard_mask,73.720,73.720,73.720,1,4126.680,64,64,131,131
53,decode,pi: in.num_accepted_tokens,14.570,14.570,14.570,1,4126.680,64,64,131,131
53,decode,pi: in.num_computed_tokens,19.190,19.190,19.190,1,4126.680,64,64,131,131
53,decode,pi: in.tokens_to_gpu,62.250,62.250,62.250,1,4126.680,64,64,131,131
53,decode,pi: in.positions_assembly,110.790,110.790,110.790,1,4126.680,64,64,131,131
53,decode,pi: in.seq_lens,59.880,59.880,59.880,1,4126.680,64,64,131,131
53,decode,pi: in.slot_mapping,135.980,135.980,135.980,1,4126.680,64,64,131,131
53,decode,pi: in.mrope_drift,0.800,0.800,0.800,1,4126.680,64,64,131,131
53,decode,pi: in.logits_indices,38.790,38.790,36.410,2,4126.680,64,64,131,131
53,decode,pi: prepare_inputs,105.100,1912.870,1912.870,1,4126.680,64,64,131,131
53,decode,pi: cascade_attn_prefix_lens,10.660,10.660,10.660,1,4126.680,64,64,131,131
53,decode,pi: batch_exec_and_padding,49.790,49.790,49.790,1,4126.680,64,64,131,131
53,decode,pi: ubatch_slices,1.470,1.470,1.470,1,4126.680,64,64,131,131
53,decode,pi: pad_query_start_loc,27.440,27.440,27.440,1,4126.680,64,64,131,131
53,decode,pi: am.max_seq_len,18.380,18.380,18.380,1,4126.680,64,64,131,131
53,decode,pi: am.cm_base_pre,74.170,74.170,74.170,1,4126.680,64,64,131,131
53,decode,pi: am.builder_build,1028.440,1028.440,322.930,4,4126.680,64,64,131,131
53,decode,pi: am.layer_assign,8.320,8.320,2.250,4,4126.680,64,64,131,131
53,decode,pi: am.group_loop,71.060,1107.820,343.290,4,4126.680,64,64,131,131
53,decode,pi: build_attention_metadata,283.160,1483.530,1483.530,1,4126.680,64,64,131,131
53,decode,pi: sanitize_placeholder_ids,1.210,1.210,1.210,1,4126.680,64,64,131,131
53,decode,pi: sync_input_prep,105.300,3870.530,3870.530,1,4126.680,64,64,131,131
53,decode,pi: TOTAL,4126.680,4126.680,4126.680,1,4126.680,64,64,131,131
54,decode,pi: update_states,182.890,182.890,182.890,1,4132.650,64,64,131,131
54,decode,pi: tokens_list,4.310,4.310,4.310,1,4132.650,64,64,131,131
54,decode,pi: phase_classify,49.180,49.180,49.180,1,4132.650,64,64,131,131
54,decode,pi: in.block_table_commit,85.960,85.960,85.960,1,4132.650,64,64,131,131
54,decode,pi: in.req_indices,10.010,10.010,10.010,1,4132.650,64,64,131,131
54,decode,pi: in.attn_state,27.940,27.940,27.940,1,4132.650,64,64,131,131
54,decode,pi: in.positions,25.470,25.470,25.470,1,4132.650,64,64,131,131
54,decode,pi: in.prev_positions,40.260,40.260,40.260,1,4132.650,64,64,131,131
54,decode,pi: in.token_indices_select,26.790,26.790,26.790,1,4132.650,64,64,131,131
54,decode,pi: in.query_start_loc,27.620,27.620,27.620,1,4132.650,64,64,131,131
54,decode,pi: in.optimistic_seq_lens,50.040,50.040,50.040,1,4132.650,64,64,131,131
54,decode,pi: in.prepare_input_ids,236.150,236.150,236.150,1,4132.650,64,64,131,131
54,decode,pi: in.mrope_positions,750.640,750.640,750.640,1,4132.650,64,64,131,131
54,decode,pi: in.discard_mask,91.650,91.650,91.650,1,4132.650,64,64,131,131
54,decode,pi: in.num_accepted_tokens,14.920,14.920,14.920,1,4132.650,64,64,131,131
54,decode,pi: in.num_computed_tokens,18.290,18.290,18.290,1,4132.650,64,64,131,131
54,decode,pi: in.tokens_to_gpu,59.900,59.900,59.900,1,4132.650,64,64,131,131
54,decode,pi: in.positions_assembly,111.740,111.740,111.740,1,4132.650,64,64,131,131
54,decode,pi: in.seq_lens,57.030,57.030,57.030,1,4132.650,64,64,131,131
54,decode,pi: in.slot_mapping,135.920,135.920,135.920,1,4132.650,64,64,131,131
54,decode,pi: in.mrope_drift,0.830,0.830,0.830,1,4132.650,64,64,131,131
54,decode,pi: in.logits_indices,39.390,39.390,36.410,2,4132.650,64,64,131,131
54,decode,pi: prepare_inputs,103.680,1914.230,1914.230,1,4132.650,64,64,131,131
54,decode,pi: cascade_attn_prefix_lens,11.440,11.440,11.440,1,4132.650,64,64,131,131
54,decode,pi: batch_exec_and_padding,50.280,50.280,50.280,1,4132.650,64,64,131,131
54,decode,pi: ubatch_slices,1.540,1.540,1.540,1,4132.650,64,64,131,131
54,decode,pi: pad_query_start_loc,29.010,29.010,29.010,1,4132.650,64,64,131,131
54,decode,pi: am.max_seq_len,18.430,18.430,18.430,1,4132.650,64,64,131,131
54,decode,pi: am.cm_base_pre,76.420,76.420,76.420,1,4132.650,64,64,131,131
54,decode,pi: am.builder_build,1016.530,1016.530,315.380,4,4132.650,64,64,131,131
54,decode,pi: am.layer_assign,8.370,8.370,2.190,4,4132.650,64,64,131,131
54,decode,pi: am.group_loop,70.920,1095.820,336.150,4,4132.650,64,64,131,131
54,decode,pi: build_attention_metadata,286.700,1477.370,1477.370,1,4132.650,64,64,131,131
54,decode,pi: sanitize_placeholder_ids,1.320,1.320,1.320,1,4132.650,64,64,131,131
54,decode,pi: sync_input_prep,153.910,3875.480,3875.480,1,4132.650,64,64,131,131
54,decode,pi: TOTAL,4132.650,4132.650,4132.650,1,4132.650,64,64,131,131
55,decode,pi: update_states,198.340,198.340,198.340,1,4113.970,64,64,131,131
55,decode,pi: tokens_list,4.480,4.480,4.480,1,4113.970,64,64,131,131
55,decode,pi: phase_classify,49.070,49.070,49.070,1,4113.970,64,64,131,131
55,decode,pi: in.block_table_commit,85.540,85.540,85.540,1,4113.970,64,64,131,131
55,decode,pi: in.req_indices,10.500,10.500,10.500,1,4113.970,64,64,131,131
55,decode,pi: in.attn_state,28.350,28.350,28.350,1,4113.970,64,64,131,131
55,decode,pi: in.positions,25.480,25.480,25.480,1,4113.970,64,64,131,131
55,decode,pi: in.prev_positions,40.190,40.190,40.190,1,4113.970,64,64,131,131
55,decode,pi: in.token_indices_select,26.950,26.950,26.950,1,4113.970,64,64,131,131
55,decode,pi: in.query_start_loc,27.520,27.520,27.520,1,4113.970,64,64,131,131
55,decode,pi: in.optimistic_seq_lens,49.100,49.100,49.100,1,4113.970,64,64,131,131
55,decode,pi: in.prepare_input_ids,231.580,231.580,231.580,1,4113.970,64,64,131,131
55,decode,pi: in.mrope_positions,751.120,751.120,751.120,1,4113.970,64,64,131,131
55,decode,pi: in.discard_mask,73.290,73.290,73.290,1,4113.970,64,64,131,131
55,decode,pi: in.num_accepted_tokens,14.070,14.070,14.070,1,4113.970,64,64,131,131
55,decode,pi: in.num_computed_tokens,17.450,17.450,17.450,1,4113.970,64,64,131,131
55,decode,pi: in.tokens_to_gpu,63.480,63.480,63.480,1,4113.970,64,64,131,131
55,decode,pi: in.positions_assembly,111.070,111.070,111.070,1,4113.970,64,64,131,131
55,decode,pi: in.seq_lens,58.690,58.690,58.690,1,4113.970,64,64,131,131
55,decode,pi: in.slot_mapping,136.100,136.100,136.100,1,4113.970,64,64,131,131
55,decode,pi: in.mrope_drift,0.840,0.840,0.840,1,4113.970,64,64,131,131
55,decode,pi: in.logits_indices,38.670,38.670,36.110,2,4113.970,64,64,131,131
55,decode,pi: prepare_inputs,105.780,1895.770,1895.770,1,4113.970,64,64,131,131
55,decode,pi: cascade_attn_prefix_lens,10.920,10.920,10.920,1,4113.970,64,64,131,131
55,decode,pi: batch_exec_and_padding,50.610,50.610,50.610,1,4113.970,64,64,131,131
55,decode,pi: ubatch_slices,1.600,1.600,1.600,1,4113.970,64,64,131,131
55,decode,pi: pad_query_start_loc,29.500,29.500,29.500,1,4113.970,64,64,131,131
55,decode,pi: am.max_seq_len,18.700,18.700,18.700,1,4113.970,64,64,131,131
55,decode,pi: am.cm_base_pre,74.490,74.490,74.490,1,4113.970,64,64,131,131
55,decode,pi: am.builder_build,1004.720,1004.720,314.730,4,4113.970,64,64,131,131
55,decode,pi: am.layer_assign,8.860,8.860,2.420,4,4113.970,64,64,131,131
55,decode,pi: am.group_loop,71.130,1084.710,335.670,4,4113.970,64,64,131,131
55,decode,pi: build_attention_metadata,280.870,1458.770,1458.770,1,4113.970,64,64,131,131
55,decode,pi: sanitize_placeholder_ids,1.200,1.200,1.200,1,4113.970,64,64,131,131
55,decode,pi: sync_input_prep,156.320,3856.580,3856.580,1,4113.970,64,64,131,131
55,decode,pi: TOTAL,4113.970,4113.970,4113.970,1,4113.970,64,64,131,131
56,decode,pi: update_states,180.360,180.360,180.360,1,4117.430,64,64,131,131
56,decode,pi: tokens_list,4.230,4.230,4.230,1,4117.430,64,64,131,131
56,decode,pi: phase_classify,91.930,91.930,91.930,1,4117.430,64,64,131,131
56,decode,pi: in.block_table_commit,86.150,86.150,86.150,1,4117.430,64,64,131,131
56,decode,pi: in.req_indices,10.520,10.520,10.520,1,4117.430,64,64,131,131
56,decode,pi: in.attn_state,28.190,28.190,28.190,1,4117.430,64,64,131,131
56,decode,pi: in.positions,25.030,25.030,25.030,1,4117.430,64,64,131,131
56,decode,pi: in.prev_positions,41.130,41.130,41.130,1,4117.430,64,64,131,131
56,decode,pi: in.token_indices_select,26.710,26.710,26.710,1,4117.430,64,64,131,131
56,decode,pi: in.query_start_loc,26.810,26.810,26.810,1,4117.430,64,64,131,131
56,decode,pi: in.optimistic_seq_lens,49.080,49.080,49.080,1,4117.430,64,64,131,131
56,decode,pi: in.prepare_input_ids,232.880,232.880,232.880,1,4117.430,64,64,131,131
56,decode,pi: in.mrope_positions,747.870,747.870,747.870,1,4117.430,64,64,131,131
56,decode,pi: in.discard_mask,73.920,73.920,73.920,1,4117.430,64,64,131,131
56,decode,pi: in.num_accepted_tokens,14.480,14.480,14.480,1,4117.430,64,64,131,131
56,decode,pi: in.num_computed_tokens,18.270,18.270,18.270,1,4117.430,64,64,131,131
56,decode,pi: in.tokens_to_gpu,61.750,61.750,61.750,1,4117.430,64,64,131,131
56,decode,pi: in.positions_assembly,109.870,109.870,109.870,1,4117.430,64,64,131,131
56,decode,pi: in.seq_lens,56.010,56.010,56.010,1,4117.430,64,64,131,131
56,decode,pi: in.slot_mapping,135.770,135.770,135.770,1,4117.430,64,64,131,131
56,decode,pi: in.mrope_drift,0.920,0.920,0.920,1,4117.430,64,64,131,131
56,decode,pi: in.logits_indices,39.490,39.490,36.470,2,4117.430,64,64,131,131
56,decode,pi: prepare_inputs,103.540,1888.390,1888.390,1,4117.430,64,64,131,131
56,decode,pi: cascade_attn_prefix_lens,10.870,10.870,10.870,1,4117.430,64,64,131,131
56,decode,pi: batch_exec_and_padding,49.920,49.920,49.920,1,4117.430,64,64,131,131
56,decode,pi: ubatch_slices,1.610,1.610,1.610,1,4117.430,64,64,131,131
56,decode,pi: pad_query_start_loc,29.300,29.300,29.300,1,4117.430,64,64,131,131
56,decode,pi: am.max_seq_len,18.960,18.960,18.960,1,4117.430,64,64,131,131
56,decode,pi: am.cm_base_pre,74.910,74.910,74.910,1,4117.430,64,64,131,131
56,decode,pi: am.builder_build,1033.600,1033.600,335.630,4,4117.430,64,64,131,131
56,decode,pi: am.layer_assign,8.530,8.530,2.330,4,4117.430,64,64,131,131
56,decode,pi: am.group_loop,71.900,1114.030,357.020,4,4117.430,64,64,131,131
56,decode,pi: build_attention_metadata,285.610,1493.510,1493.510,1,4117.430,64,64,131,131
56,decode,pi: sanitize_placeholder_ids,1.230,1.230,1.230,1,4117.430,64,64,131,131
56,decode,pi: sync_input_prep,108.550,3859.900,3859.900,1,4117.430,64,64,131,131
56,decode,pi: TOTAL,4117.430,4117.430,4117.430,1,4117.430,64,64,131,131
57,decode,pi: update_states,178.410,178.410,178.410,1,4101.540,64,64,131,131
57,decode,pi: tokens_list,4.230,4.230,4.230,1,4101.540,64,64,131,131
57,decode,pi: phase_classify,91.500,91.500,91.500,1,4101.540,64,64,131,131
57,decode,pi: in.block_table_commit,82.680,82.680,82.680,1,4101.540,64,64,131,131
57,decode,pi: in.req_indices,10.610,10.610,10.610,1,4101.540,64,64,131,131
57,decode,pi: in.attn_state,28.810,28.810,28.810,1,4101.540,64,64,131,131
57,decode,pi: in.positions,26.310,26.310,26.310,1,4101.540,64,64,131,131
57,decode,pi: in.prev_positions,40.700,40.700,40.700,1,4101.540,64,64,131,131
57,decode,pi: in.token_indices_select,27.290,27.290,27.290,1,4101.540,64,64,131,131
57,decode,pi: in.query_start_loc,27.090,27.090,27.090,1,4101.540,64,64,131,131
57,decode,pi: in.optimistic_seq_lens,48.380,48.380,48.380,1,4101.540,64,64,131,131
57,decode,pi: in.prepare_input_ids,231.530,231.530,231.530,1,4101.540,64,64,131,131
57,decode,pi: in.mrope_positions,764.930,764.930,764.930,1,4101.540,64,64,131,131
57,decode,pi: in.discard_mask,73.650,73.650,73.650,1,4101.540,64,64,131,131
57,decode,pi: in.num_accepted_tokens,15.040,15.040,15.040,1,4101.540,64,64,131,131
57,decode,pi: in.num_computed_tokens,18.060,18.060,18.060,1,4101.540,64,64,131,131
57,decode,pi: in.tokens_to_gpu,61.510,61.510,61.510,1,4101.540,64,64,131,131
57,decode,pi: in.positions_assembly,112.010,112.010,112.010,1,4101.540,64,64,131,131
57,decode,pi: in.seq_lens,57.420,57.420,57.420,1,4101.540,64,64,131,131
57,decode,pi: in.slot_mapping,136.790,136.790,136.790,1,4101.540,64,64,131,131
57,decode,pi: in.mrope_drift,0.810,0.810,0.810,1,4101.540,64,64,131,131
57,decode,pi: in.logits_indices,39.350,39.350,36.670,2,4101.540,64,64,131,131
57,decode,pi: prepare_inputs,104.600,1907.570,1907.570,1,4101.540,64,64,131,131
57,decode,pi: cascade_attn_prefix_lens,10.500,10.500,10.500,1,4101.540,64,64,131,131
57,decode,pi: batch_exec_and_padding,50.010,50.010,50.010,1,4101.540,64,64,131,131
57,decode,pi: ubatch_slices,1.550,1.550,1.550,1,4101.540,64,64,131,131
57,decode,pi: pad_query_start_loc,28.110,28.110,28.110,1,4101.540,64,64,131,131
57,decode,pi: am.max_seq_len,18.930,18.930,18.930,1,4101.540,64,64,131,131
57,decode,pi: am.cm_base_pre,74.410,74.410,74.410,1,4101.540,64,64,131,131
57,decode,pi: am.builder_build,1010.610,1010.610,319.770,4,4101.540,64,64,131,131
57,decode,pi: am.layer_assign,8.340,8.340,2.350,4,4101.540,64,64,131,131
57,decode,pi: am.group_loop,70.600,1089.550,340.360,4,4101.540,64,64,131,131
57,decode,pi: build_attention_metadata,280.020,1462.910,1462.910,1,4101.540,64,64,131,131
57,decode,pi: sanitize_placeholder_ids,1.340,1.340,1.340,1,4101.540,64,64,131,131
57,decode,pi: sync_input_prep,107.180,3843.310,3843.310,1,4101.540,64,64,131,131
57,decode,pi: TOTAL,4101.540,4101.540,4101.540,1,4101.540,64,64,131,131
58,decode,pi: update_states,180.130,180.130,180.130,1,4121.950,64,64,131,131
58,decode,pi: tokens_list,4.310,4.310,4.310,1,4121.950,64,64,131,131
58,decode,pi: phase_classify,49.570,49.570,49.570,1,4121.950,64,64,131,131
58,decode,pi: in.block_table_commit,86.840,86.840,86.840,1,4121.950,64,64,131,131
58,decode,pi: in.req_indices,10.200,10.200,10.200,1,4121.950,64,64,131,131
58,decode,pi: in.attn_state,27.930,27.930,27.930,1,4121.950,64,64,131,131
58,decode,pi: in.positions,26.150,26.150,26.150,1,4121.950,64,64,131,131
58,decode,pi: in.prev_positions,40.600,40.600,40.600,1,4121.950,64,64,131,131
58,decode,pi: in.token_indices_select,27.030,27.030,27.030,1,4121.950,64,64,131,131
58,decode,pi: in.query_start_loc,27.920,27.920,27.920,1,4121.950,64,64,131,131
58,decode,pi: in.optimistic_seq_lens,48.420,48.420,48.420,1,4121.950,64,64,131,131
58,decode,pi: in.prepare_input_ids,234.020,234.020,234.020,1,4121.950,64,64,131,131
58,decode,pi: in.mrope_positions,750.300,750.300,750.300,1,4121.950,64,64,131,131
58,decode,pi: in.discard_mask,73.290,73.290,73.290,1,4121.950,64,64,131,131
58,decode,pi: in.num_accepted_tokens,14.470,14.470,14.470,1,4121.950,64,64,131,131
58,decode,pi: in.num_computed_tokens,17.510,17.510,17.510,1,4121.950,64,64,131,131
58,decode,pi: in.tokens_to_gpu,62.970,62.970,62.970,1,4121.950,64,64,131,131
58,decode,pi: in.positions_assembly,111.450,111.450,111.450,1,4121.950,64,64,131,131
58,decode,pi: in.seq_lens,57.390,57.390,57.390,1,4121.950,64,64,131,131
58,decode,pi: in.slot_mapping,138.110,138.110,138.110,1,4121.950,64,64,131,131
58,decode,pi: in.mrope_drift,0.840,0.840,0.840,1,4121.950,64,64,131,131
58,decode,pi: in.logits_indices,40.480,40.480,37.470,2,4121.950,64,64,131,131
58,decode,pi: prepare_inputs,104.700,1900.620,1900.620,1,4121.950,64,64,131,131
58,decode,pi: cascade_attn_prefix_lens,10.930,10.930,10.930,1,4121.950,64,64,131,131
58,decode,pi: batch_exec_and_padding,51.370,51.370,51.370,1,4121.950,64,64,131,131
58,decode,pi: ubatch_slices,1.620,1.620,1.620,1,4121.950,64,64,131,131
58,decode,pi: pad_query_start_loc,29.530,29.530,29.530,1,4121.950,64,64,131,131
58,decode,pi: am.max_seq_len,19.370,19.370,19.370,1,4121.950,64,64,131,131
58,decode,pi: am.cm_base_pre,75.880,75.880,75.880,1,4121.950,64,64,131,131
58,decode,pi: am.builder_build,999.660,999.660,315.380,4,4121.950,64,64,131,131
58,decode,pi: am.layer_assign,8.900,8.900,2.440,4,4121.950,64,64,131,131
58,decode,pi: am.group_loop,70.690,1079.250,336.510,4,4121.950,64,64,131,131
58,decode,pi: build_attention_metadata,284.290,1458.790,1458.790,1,4121.950,64,64,131,131
58,decode,pi: sanitize_placeholder_ids,1.610,1.610,1.610,1,4121.950,64,64,131,131
58,decode,pi: sync_input_prep,155.950,3844.430,3844.430,1,4121.950,64,64,131,131
58,decode,pi: TOTAL,4121.950,4121.950,4121.950,1,4121.950,64,64,131,131
59,decode,pi: update_states,180.100,180.100,180.100,1,4110.770,64,64,131,131
59,decode,pi: tokens_list,4.130,4.130,4.130,1,4110.770,64,64,131,131
59,decode,pi: phase_classify,94.090,94.090,94.090,1,4110.770,64,64,131,131
59,decode,pi: in.block_table_commit,85.540,85.540,85.540,1,4110.770,64,64,131,131
59,decode,pi: in.req_indices,10.410,10.410,10.410,1,4110.770,64,64,131,131
59,decode,pi: in.attn_state,28.530,28.530,28.530,1,4110.770,64,64,131,131
59,decode,pi: in.positions,25.190,25.190,25.190,1,4110.770,64,64,131,131
59,decode,pi: in.prev_positions,40.330,40.330,40.330,1,4110.770,64,64,131,131
59,decode,pi: in.token_indices_select,26.680,26.680,26.680,1,4110.770,64,64,131,131
59,decode,pi: in.query_start_loc,27.300,27.300,27.300,1,4110.770,64,64,131,131
59,decode,pi: in.optimistic_seq_lens,48.360,48.360,48.360,1,4110.770,64,64,131,131
59,decode,pi: in.prepare_input_ids,235.790,235.790,235.790,1,4110.770,64,64,131,131
59,decode,pi: in.mrope_positions,751.250,751.250,751.250,1,4110.770,64,64,131,131
59,decode,pi: in.discard_mask,73.360,73.360,73.360,1,4110.770,64,64,131,131
59,decode,pi: in.num_accepted_tokens,14.330,14.330,14.330,1,4110.770,64,64,131,131
59,decode,pi: in.num_computed_tokens,19.230,19.230,19.230,1,4110.770,64,64,131,131
59,decode,pi: in.tokens_to_gpu,63.150,63.150,63.150,1,4110.770,64,64,131,131
59,decode,pi: in.positions_assembly,109.800,109.800,109.800,1,4110.770,64,64,131,131
59,decode,pi: in.seq_lens,56.270,56.270,56.270,1,4110.770,64,64,131,131
59,decode,pi: in.slot_mapping,137.390,137.390,137.390,1,4110.770,64,64,131,131
59,decode,pi: in.mrope_drift,0.850,0.850,0.850,1,4110.770,64,64,131,131
59,decode,pi: in.logits_indices,39.550,39.550,36.920,2,4110.770,64,64,131,131
59,decode,pi: prepare_inputs,102.680,1895.990,1895.990,1,4110.770,64,64,131,131
59,decode,pi: cascade_attn_prefix_lens,10.820,10.820,10.820,1,4110.770,64,64,131,131
59,decode,pi: batch_exec_and_padding,50.020,50.020,50.020,1,4110.770,64,64,131,131
59,decode,pi: ubatch_slices,1.540,1.540,1.540,1,4110.770,64,64,131,131
59,decode,pi: pad_query_start_loc,28.140,28.140,28.140,1,4110.770,64,64,131,131
59,decode,pi: am.max_seq_len,18.710,18.710,18.710,1,4110.770,64,64,131,131
59,decode,pi: am.cm_base_pre,73.770,73.770,73.770,1,4110.770,64,64,131,131
59,decode,pi: am.builder_build,1010.360,1010.360,320.690,4,4110.770,64,64,131,131
59,decode,pi: am.layer_assign,8.540,8.540,2.380,4,4110.770,64,64,131,131
59,decode,pi: am.group_loop,72.650,1091.550,342.440,4,4110.770,64,64,131,131
59,decode,pi: build_attention_metadata,296.250,1480.280,1480.280,1,4110.770,64,64,131,131
59,decode,pi: sanitize_placeholder_ids,1.180,1.180,1.180,1,4110.770,64,64,131,131
59,decode,pi: sync_input_prep,105.690,3851.980,3851.980,1,4110.770,64,64,131,131
59,decode,pi: TOTAL,4110.770,4110.770,4110.770,1,4110.770,64,64,131,131
60,decode,pi: update_states,182.480,182.480,182.480,1,4130.200,64,64,131,131
60,decode,pi: tokens_list,4.420,4.420,4.420,1,4130.200,64,64,131,131
60,decode,pi: phase_classify,48.660,48.660,48.660,1,4130.200,64,64,131,131
60,decode,pi: in.block_table_commit,86.240,86.240,86.240,1,4130.200,64,64,131,131
60,decode,pi: in.req_indices,9.920,9.920,9.920,1,4130.200,64,64,131,131
60,decode,pi: in.attn_state,28.230,28.230,28.230,1,4130.200,64,64,131,131
60,decode,pi: in.positions,24.820,24.820,24.820,1,4130.200,64,64,131,131
60,decode,pi: in.prev_positions,40.850,40.850,40.850,1,4130.200,64,64,131,131
60,decode,pi: in.token_indices_select,26.600,26.600,26.600,1,4130.200,64,64,131,131
60,decode,pi: in.query_start_loc,28.000,28.000,28.000,1,4130.200,64,64,131,131
60,decode,pi: in.optimistic_seq_lens,48.230,48.230,48.230,1,4130.200,64,64,131,131
60,decode,pi: in.prepare_input_ids,238.910,238.910,238.910,1,4130.200,64,64,131,131
60,decode,pi: in.mrope_positions,768.760,768.760,768.760,1,4130.200,64,64,131,131
60,decode,pi: in.discard_mask,75.530,75.530,75.530,1,4130.200,64,64,131,131
60,decode,pi: in.num_accepted_tokens,15.640,15.640,15.640,1,4130.200,64,64,131,131
60,decode,pi: in.num_computed_tokens,18.520,18.520,18.520,1,4130.200,64,64,131,131
60,decode,pi: in.tokens_to_gpu,63.150,63.150,63.150,1,4130.200,64,64,131,131
60,decode,pi: in.positions_assembly,111.390,111.390,111.390,1,4130.200,64,64,131,131
60,decode,pi: in.seq_lens,56.590,56.590,56.590,1,4130.200,64,64,131,131
60,decode,pi: in.slot_mapping,136.470,136.470,136.470,1,4130.200,64,64,131,131
60,decode,pi: in.mrope_drift,0.910,0.910,0.910,1,4130.200,64,64,131,131
60,decode,pi: in.logits_indices,39.560,39.560,36.700,2,4130.200,64,64,131,131
60,decode,pi: prepare_inputs,108.360,1926.680,1926.680,1,4130.200,64,64,131,131
60,decode,pi: cascade_attn_prefix_lens,10.530,10.530,10.530,1,4130.200,64,64,131,131
60,decode,pi: batch_exec_and_padding,49.910,49.910,49.910,1,4130.200,64,64,131,131
60,decode,pi: ubatch_slices,1.500,1.500,1.500,1,4130.200,64,64,131,131
60,decode,pi: pad_query_start_loc,27.850,27.850,27.850,1,4130.200,64,64,131,131
60,decode,pi: am.max_seq_len,18.180,18.180,18.180,1,4130.200,64,64,131,131
60,decode,pi: am.cm_base_pre,75.810,75.810,75.810,1,4130.200,64,64,131,131
60,decode,pi: am.builder_build,1007.650,1007.650,315.430,4,4130.200,64,64,131,131
60,decode,pi: am.layer_assign,8.500,8.500,2.370,4,4130.200,64,64,131,131
60,decode,pi: am.group_loop,72.240,1088.390,336.850,4,4130.200,64,64,131,131
60,decode,pi: build_attention_metadata,281.720,1464.100,1464.100,1,4130.200,64,64,131,131
60,decode,pi: sanitize_placeholder_ids,1.160,1.160,1.160,1,4130.200,64,64,131,131
60,decode,pi: sync_input_prep,153.960,3871.250,3871.250,1,4130.200,64,64,131,131
60,decode,pi: TOTAL,4130.200,4130.200,4130.200,1,4130.200,64,64,131,131
61,decode,pi: update_states,182.040,182.040,182.040,1,4120.010,64,64,131,131
61,decode,pi: tokens_list,4.190,4.190,4.190,1,4120.010,64,64,131,131
61,decode,pi: phase_classify,87.100,87.100,87.100,1,4120.010,64,64,131,131
61,decode,pi: in.block_table_commit,85.540,85.540,85.540,1,4120.010,64,64,131,131
61,decode,pi: in.req_indices,10.660,10.660,10.660,1,4120.010,64,64,131,131
61,decode,pi: in.attn_state,28.000,28.000,28.000,1,4120.010,64,64,131,131
61,decode,pi: in.positions,25.150,25.150,25.150,1,4120.010,64,64,131,131
61,decode,pi: in.prev_positions,40.770,40.770,40.770,1,4120.010,64,64,131,131
61,decode,pi: in.token_indices_select,26.630,26.630,26.630,1,4120.010,64,64,131,131
61,decode,pi: in.query_start_loc,27.710,27.710,27.710,1,4120.010,64,64,131,131
61,decode,pi: in.optimistic_seq_lens,48.740,48.740,48.740,1,4120.010,64,64,131,131
61,decode,pi: in.prepare_input_ids,236.180,236.180,236.180,1,4120.010,64,64,131,131
61,decode,pi: in.mrope_positions,749.680,749.680,749.680,1,4120.010,64,64,131,131
61,decode,pi: in.discard_mask,72.720,72.720,72.720,1,4120.010,64,64,131,131
61,decode,pi: in.num_accepted_tokens,14.340,14.340,14.340,1,4120.010,64,64,131,131
61,decode,pi: in.num_computed_tokens,17.270,17.270,17.270,1,4120.010,64,64,131,131
61,decode,pi: in.tokens_to_gpu,64.140,64.140,64.140,1,4120.010,64,64,131,131
61,decode,pi: in.positions_assembly,111.470,111.470,111.470,1,4120.010,64,64,131,131
61,decode,pi: in.seq_lens,57.300,57.300,57.300,1,4120.010,64,64,131,131
61,decode,pi: in.slot_mapping,137.020,137.020,137.020,1,4120.010,64,64,131,131
61,decode,pi: in.mrope_drift,0.850,0.850,0.850,1,4120.010,64,64,131,131
61,decode,pi: in.logits_indices,38.770,38.770,36.470,2,4120.010,64,64,131,131
61,decode,pi: prepare_inputs,105.510,1898.450,1898.450,1,4120.010,64,64,131,131
61,decode,pi: cascade_attn_prefix_lens,10.500,10.500,10.500,1,4120.010,64,64,131,131
61,decode,pi: batch_exec_and_padding,50.260,50.260,50.260,1,4120.010,64,64,131,131
61,decode,pi: ubatch_slices,1.530,1.530,1.530,1,4120.010,64,64,131,131
61,decode,pi: pad_query_start_loc,27.980,27.980,27.980,1,4120.010,64,64,131,131
61,decode,pi: am.max_seq_len,18.050,18.050,18.050,1,4120.010,64,64,131,131
61,decode,pi: am.cm_base_pre,73.580,73.580,73.580,1,4120.010,64,64,131,131
61,decode,pi: am.builder_build,1041.550,1041.550,322.650,4,4120.010,64,64,131,131
61,decode,pi: am.layer_assign,8.390,8.390,2.340,4,4120.010,64,64,131,131
61,decode,pi: am.group_loop,71.090,1121.030,343.680,4,4120.010,64,64,131,131
61,decode,pi: build_attention_metadata,282.030,1494.690,1494.690,1,4120.010,64,64,131,131
61,decode,pi: sanitize_placeholder_ids,1.160,1.160,1.160,1,4120.010,64,64,131,131
61,decode,pi: sync_input_prep,106.110,3864.010,3864.010,1,4120.010,64,64,131,131
61,decode,pi: TOTAL,4120.010,4120.010,4120.010,1,4120.010,64,64,131,131
62,decode,pi: update_states,178.950,178.950,178.950,1,4127.460,64,64,131,131
62,decode,pi: tokens_list,4.210,4.210,4.210,1,4127.460,64,64,131,131
62,decode,pi: phase_classify,48.810,48.810,48.810,1,4127.460,64,64,131,131
62,decode,pi: in.block_table_commit,86.820,86.820,86.820,1,4127.460,64,64,131,131
62,decode,pi: in.req_indices,9.700,9.700,9.700,1,4127.460,64,64,131,131
62,decode,pi: in.attn_state,27.580,27.580,27.580,1,4127.460,64,64,131,131
62,decode,pi: in.positions,26.040,26.040,26.040,1,4127.460,64,64,131,131
62,decode,pi: in.prev_positions,41.500,41.500,41.500,1,4127.460,64,64,131,131
62,decode,pi: in.token_indices_select,26.610,26.610,26.610,1,4127.460,64,64,131,131
62,decode,pi: in.query_start_loc,29.150,29.150,29.150,1,4127.460,64,64,131,131
62,decode,pi: in.optimistic_seq_lens,49.720,49.720,49.720,1,4127.460,64,64,131,131
62,decode,pi: in.prepare_input_ids,237.450,237.450,237.450,1,4127.460,64,64,131,131
62,decode,pi: in.mrope_positions,754.190,754.190,754.190,1,4127.460,64,64,131,131
62,decode,pi: in.discard_mask,73.890,73.890,73.890,1,4127.460,64,64,131,131
62,decode,pi: in.num_accepted_tokens,14.710,14.710,14.710,1,4127.460,64,64,131,131
62,decode,pi: in.num_computed_tokens,18.960,18.960,18.960,1,4127.460,64,64,131,131
62,decode,pi: in.tokens_to_gpu,64.410,64.410,64.410,1,4127.460,64,64,131,131
62,decode,pi: in.positions_assembly,111.650,111.650,111.650,1,4127.460,64,64,131,131
62,decode,pi: in.seq_lens,56.390,56.390,56.390,1,4127.460,64,64,131,131
62,decode,pi: in.slot_mapping,154.980,154.980,154.980,1,4127.460,64,64,131,131
62,decode,pi: in.mrope_drift,0.920,0.920,0.920,1,4127.460,64,64,131,131
62,decode,pi: in.logits_indices,41.660,41.660,38.580,2,4127.460,64,64,131,131
62,decode,pi: prepare_inputs,105.660,1931.990,1931.990,1,4127.460,64,64,131,131
62,decode,pi: cascade_attn_prefix_lens,11.030,11.030,11.030,1,4127.460,64,64,131,131
62,decode,pi: batch_exec_and_padding,50.590,50.590,50.590,1,4127.460,64,64,131,131
62,decode,pi: ubatch_slices,1.660,1.660,1.660,1,4127.460,64,64,131,131
62,decode,pi: pad_query_start_loc,28.580,28.580,28.580,1,4127.460,64,64,131,131
62,decode,pi: am.max_seq_len,18.090,18.090,18.090,1,4127.460,64,64,131,131
62,decode,pi: am.cm_base_pre,74.350,74.350,74.350,1,4127.460,64,64,131,131
62,decode,pi: am.builder_build,1002.020,1002.020,314.870,4,4127.460,64,64,131,131
62,decode,pi: am.layer_assign,8.540,8.540,2.330,4,4127.460,64,64,131,131
62,decode,pi: am.group_loop,69.510,1080.070,335.350,4,4127.460,64,64,131,131
62,decode,pi: build_attention_metadata,281.850,1454.360,1454.360,1,4127.460,64,64,131,131
62,decode,pi: sanitize_placeholder_ids,1.280,1.280,1.280,1,4127.460,64,64,131,131
62,decode,pi: sync_input_prep,154.810,3866.270,3866.270,1,4127.460,64,64,131,131
62,decode,pi: TOTAL,4127.460,4127.460,4127.460,1,4127.460,64,64,131,131
63,decode,pi: update_states,180.320,180.320,180.320,1,4113.990,64,64,131,131
63,decode,pi: tokens_list,4.300,4.300,4.300,1,4113.990,64,64,131,131
63,decode,pi: phase_classify,91.640,91.640,91.640,1,4113.990,64,64,131,131
63,decode,pi: in.block_table_commit,86.140,86.140,86.140,1,4113.990,64,64,131,131
63,decode,pi: in.req_indices,10.470,10.470,10.470,1,4113.990,64,64,131,131
63,decode,pi: in.attn_state,28.420,28.420,28.420,1,4113.990,64,64,131,131
63,decode,pi: in.positions,25.840,25.840,25.840,1,4113.990,64,64,131,131
63,decode,pi: in.prev_positions,41.310,41.310,41.310,1,4113.990,64,64,131,131
63,decode,pi: in.token_indices_select,26.880,26.880,26.880,1,4113.990,64,64,131,131
63,decode,pi: in.query_start_loc,27.920,27.920,27.920,1,4113.990,64,64,131,131
63,decode,pi: in.optimistic_seq_lens,48.970,48.970,48.970,1,4113.990,64,64,131,131
63,decode,pi: in.prepare_input_ids,246.980,246.980,246.980,1,4113.990,64,64,131,131
63,decode,pi: in.mrope_positions,755.500,755.500,755.500,1,4113.990,64,64,131,131
63,decode,pi: in.discard_mask,72.290,72.290,72.290,1,4113.990,64,64,131,131
63,decode,pi: in.num_accepted_tokens,15.120,15.120,15.120,1,4113.990,64,64,131,131
63,decode,pi: in.num_computed_tokens,18.450,18.450,18.450,1,4113.990,64,64,131,131
63,decode,pi: in.tokens_to_gpu,62.380,62.380,62.380,1,4113.990,64,64,131,131
63,decode,pi: in.positions_assembly,111.530,111.530,111.530,1,4113.990,64,64,131,131
63,decode,pi: in.seq_lens,58.040,58.040,58.040,1,4113.990,64,64,131,131
63,decode,pi: in.slot_mapping,135.220,135.220,135.220,1,4113.990,64,64,131,131
63,decode,pi: in.mrope_drift,0.830,0.830,0.830,1,4113.990,64,64,131,131
63,decode,pi: in.logits_indices,39.660,39.660,36.830,2,4113.990,64,64,131,131
63,decode,pi: prepare_inputs,103.890,1915.840,1915.840,1,4113.990,64,64,131,131
63,decode,pi: cascade_attn_prefix_lens,10.570,10.570,10.570,1,4113.990,64,64,131,131
63,decode,pi: batch_exec_and_padding,49.960,49.960,49.960,1,4113.990,64,64,131,131
63,decode,pi: ubatch_slices,1.490,1.490,1.490,1,4113.990,64,64,131,131
63,decode,pi: pad_query_start_loc,29.130,29.130,29.130,1,4113.990,64,64,131,131
63,decode,pi: am.max_seq_len,18.940,18.940,18.940,1,4113.990,64,64,131,131
63,decode,pi: am.cm_base_pre,75.720,75.720,75.720,1,4113.990,64,64,131,131
63,decode,pi: am.builder_build,1001.590,1001.590,319.110,4,4113.990,64,64,131,131
63,decode,pi: am.layer_assign,8.820,8.820,2.350,4,4113.990,64,64,131,131
63,decode,pi: am.group_loop,72.670,1083.080,340.650,4,4113.990,64,64,131,131
63,decode,pi: build_attention_metadata,286.030,1463.770,1463.770,1,4113.990,64,64,131,131
63,decode,pi: sanitize_placeholder_ids,1.240,1.240,1.240,1,4113.990,64,64,131,131
63,decode,pi: sync_input_prep,108.760,3857.020,3857.020,1,4113.990,64,64,131,131
63,decode,pi: TOTAL,4113.990,4113.990,4113.990,1,4113.990,64,64,131,131
64,decode,pi: update_states,180.640,180.640,180.640,1,4120.280,64,64,131,131
64,decode,pi: tokens_list,4.190,4.190,4.190,1,4120.280,64,64,131,131
64,decode,pi: phase_classify,91.200,91.200,91.200,1,4120.280,64,64,131,131
64,decode,pi: in.block_table_commit,86.980,86.980,86.980,1,4120.280,64,64,131,131
64,decode,pi: in.req_indices,10.910,10.910,10.910,1,4120.280,64,64,131,131
64,decode,pi: in.attn_state,28.870,28.870,28.870,1,4120.280,64,64,131,131
64,decode,pi: in.positions,26.170,26.170,26.170,1,4120.280,64,64,131,131
64,decode,pi: in.prev_positions,42.010,42.010,42.010,1,4120.280,64,64,131,131
64,decode,pi: in.token_indices_select,26.610,26.610,26.610,1,4120.280,64,64,131,131
64,decode,pi: in.query_start_loc,28.930,28.930,28.930,1,4120.280,64,64,131,131
64,decode,pi: in.optimistic_seq_lens,50.400,50.400,50.400,1,4120.280,64,64,131,131
64,decode,pi: in.prepare_input_ids,236.310,236.310,236.310,1,4120.280,64,64,131,131
64,decode,pi: in.mrope_positions,749.820,749.820,749.820,1,4120.280,64,64,131,131
64,decode,pi: in.discard_mask,72.940,72.940,72.940,1,4120.280,64,64,131,131
64,decode,pi: in.num_accepted_tokens,14.700,14.700,14.700,1,4120.280,64,64,131,131
64,decode,pi: in.num_computed_tokens,19.010,19.010,19.010,1,4120.280,64,64,131,131
64,decode,pi: in.tokens_to_gpu,62.760,62.760,62.760,1,4120.280,64,64,131,131
64,decode,pi: in.positions_assembly,109.560,109.560,109.560,1,4120.280,64,64,131,131
64,decode,pi: in.seq_lens,56.560,56.560,56.560,1,4120.280,64,64,131,131
64,decode,pi: in.slot_mapping,135.990,135.990,135.990,1,4120.280,64,64,131,131
64,decode,pi: in.mrope_drift,0.810,0.810,0.810,1,4120.280,64,64,131,131
64,decode,pi: in.logits_indices,40.140,40.140,37.250,2,4120.280,64,64,131,131
64,decode,pi: prepare_inputs,105.720,1905.200,1905.200,1,4120.280,64,64,131,131
64,decode,pi: cascade_attn_prefix_lens,10.640,10.640,10.640,1,4120.280,64,64,131,131
64,decode,pi: batch_exec_and_padding,50.330,50.330,50.330,1,4120.280,64,64,131,131
64,decode,pi: ubatch_slices,1.440,1.440,1.440,1,4120.280,64,64,131,131
64,decode,pi: pad_query_start_loc,28.870,28.870,28.870,1,4120.280,64,64,131,131
64,decode,pi: am.max_seq_len,18.770,18.770,18.770,1,4120.280,64,64,131,131
64,decode,pi: am.cm_base_pre,74.050,74.050,74.050,1,4120.280,64,64,131,131
64,decode,pi: am.builder_build,1024.210,1024.210,318.370,4,4120.280,64,64,131,131
64,decode,pi: am.layer_assign,8.360,8.360,2.350,4,4120.280,64,64,131,131
64,decode,pi: am.group_loop,71.010,1103.580,337.680,4,4120.280,64,64,131,131
64,decode,pi: build_attention_metadata,284.200,1480.600,1480.600,1,4120.280,64,64,131,131
64,decode,pi: sanitize_placeholder_ids,1.240,1.240,1.240,1,4120.280,64,64,131,131
64,decode,pi: sync_input_prep,107.550,3861.900,3861.900,1,4120.280,64,64,131,131
64,decode,pi: TOTAL,4120.280,4120.280,4120.280,1,4120.280,64,64,131,131
65,decode,pi: update_states,378.940,378.940,378.940,1,8491.750,63,63,131,131
65,decode,pi: tokens_list,5.130,5.130,5.130,1,8491.750,63,63,131,131
65,decode,pi: phase_classify,39.760,39.760,39.760,1,8491.750,63,63,131,131
65,decode,pi: in.block_table_commit,81.190,81.190,81.190,1,8491.750,63,63,131,131
65,decode,pi: in.req_indices,9.770,9.770,9.770,1,8491.750,63,63,131,131
65,decode,pi: in.attn_state,28.010,28.010,28.010,1,8491.750,63,63,131,131
65,decode,pi: in.positions,29.630,29.630,29.630,1,8491.750,63,63,131,131
65,decode,pi: in.prev_positions,38.510,38.510,38.510,1,8491.750,63,63,131,131
65,decode,pi: in.token_indices_select,26.520,26.520,26.520,1,8491.750,63,63,131,131
65,decode,pi: in.query_start_loc,27.390,27.390,27.390,1,8491.750,63,63,131,131
65,decode,pi: in.optimistic_seq_lens,47.960,47.960,47.960,1,8491.750,63,63,131,131
65,decode,pi: in.prepare_input_ids,4100.330,4100.330,4100.330,1,8491.750,63,63,131,131
65,decode,pi: in.mrope_positions,760.590,760.590,760.590,1,8491.750,63,63,131,131
65,decode,pi: in.discard_mask,82.600,82.600,82.600,1,8491.750,63,63,131,131
65,decode,pi: in.num_accepted_tokens,16.890,16.890,16.890,1,8491.750,63,63,131,131
65,decode,pi: in.num_computed_tokens,17.590,17.590,17.590,1,8491.750,63,63,131,131
65,decode,pi: in.tokens_to_gpu,59.200,59.200,59.200,1,8491.750,63,63,131,131
65,decode,pi: in.positions_assembly,213.660,213.660,213.660,1,8491.750,63,63,131,131
65,decode,pi: in.seq_lens,54.380,54.380,54.380,1,8491.750,63,63,131,131
65,decode,pi: in.slot_mapping,141.220,141.220,141.220,1,8491.750,63,63,131,131
65,decode,pi: in.mrope_drift,0.820,0.820,0.820,1,8491.750,63,63,131,131
65,decode,pi: in.logits_indices,41.460,41.460,39.030,2,8491.750,63,63,131,131
65,decode,pi: prepare_inputs,117.220,5894.940,5894.940,1,8491.750,63,63,131,131
65,decode,pi: cascade_attn_prefix_lens,11.320,11.320,11.320,1,8491.750,63,63,131,131
65,decode,pi: batch_exec_and_padding,51.960,51.960,51.960,1,8491.750,63,63,131,131
65,decode,pi: ubatch_slices,1.590,1.590,1.590,1,8491.750,63,63,131,131
65,decode,pi: pad_query_start_loc,30.060,30.060,30.060,1,8491.750,63,63,131,131
65,decode,pi: am.max_seq_len,19.490,19.490,19.490,1,8491.750,63,63,131,131
65,decode,pi: am.cm_base_pre,119.030,119.030,119.030,1,8491.750,63,63,131,131
65,decode,pi: am.builder_build,1131.580,1131.580,375.700,4,8491.750,63,63,131,131
65,decode,pi: am.layer_assign,8.390,8.390,2.310,4,8491.750,63,63,131,131
65,decode,pi: am.group_loop,74.530,1214.500,398.290,4,8491.750,63,63,131,131
65,decode,pi: build_attention_metadata,310.530,1663.550,1663.550,1,8491.750,63,63,131,131
65,decode,pi: sanitize_placeholder_ids,1.140,1.140,1.140,1,8491.750,63,63,131,131
65,decode,pi: sync_input_prep,107.450,8185.840,8185.840,1,8491.750,63,63,131,131
65,decode,pi: TOTAL,8491.750,8491.750,8491.750,1,8491.750,63,63,131,131
66,decode,pi: update_states,740.900,740.900,740.900,1,5780.790,43,43,131,131
66,decode,pi: tokens_list,3.300,3.300,3.300,1,5780.790,43,43,131,131
66,decode,pi: phase_classify,40.540,40.540,40.540,1,5780.790,43,43,131,131
66,decode,pi: in.block_table_commit,85.190,85.190,85.190,1,5780.790,43,43,131,131
66,decode,pi: in.req_indices,10.060,10.060,10.060,1,5780.790,43,43,131,131
66,decode,pi: in.attn_state,27.890,27.890,27.890,1,5780.790,43,43,131,131
66,decode,pi: in.positions,26.650,26.650,26.650,1,5780.790,43,43,131,131
66,decode,pi: in.prev_positions,39.460,39.460,39.460,1,5780.790,43,43,131,131
66,decode,pi: in.token_indices_select,27.100,27.100,27.100,1,5780.790,43,43,131,131
66,decode,pi: in.query_start_loc,28.770,28.770,28.770,1,5780.790,43,43,131,131
66,decode,pi: in.optimistic_seq_lens,50.860,50.860,50.860,1,5780.790,43,43,131,131
66,decode,pi: in.prepare_input_ids,377.290,377.290,377.290,1,5780.790,43,43,131,131
66,decode,pi: in.mrope_positions,552.080,552.080,552.080,1,5780.790,43,43,131,131
66,decode,pi: in.discard_mask,75.600,75.600,75.600,1,5780.790,43,43,131,131
66,decode,pi: in.num_accepted_tokens,16.600,16.600,16.600,1,5780.790,43,43,131,131
66,decode,pi: in.num_computed_tokens,18.130,18.130,18.130,1,5780.790,43,43,131,131
66,decode,pi: in.tokens_to_gpu,61.170,61.170,61.170,1,5780.790,43,43,131,131
66,decode,pi: in.positions_assembly,173.990,173.990,173.990,1,5780.790,43,43,131,131
66,decode,pi: in.seq_lens,57.390,57.390,57.390,1,5780.790,43,43,131,131
66,decode,pi: in.slot_mapping,137.530,137.530,137.530,1,5780.790,43,43,131,131
66,decode,pi: in.mrope_drift,0.770,0.770,0.770,1,5780.790,43,43,131,131
66,decode,pi: in.logits_indices,39.590,39.590,36.900,2,5780.790,43,43,131,131
66,decode,pi: prepare_inputs,112.460,1918.580,1918.580,1,5780.790,43,43,131,131
66,decode,pi: cascade_attn_prefix_lens,10.700,10.700,10.700,1,5780.790,43,43,131,131
66,decode,pi: batch_exec_and_padding,50.960,50.960,50.960,1,5780.790,43,43,131,131
66,decode,pi: ubatch_slices,1.500,1.500,1.500,1,5780.790,43,43,131,131
66,decode,pi: pad_query_start_loc,29.590,29.590,29.590,1,5780.790,43,43,131,131
66,decode,pi: am.max_seq_len,18.660,18.660,18.660,1,5780.790,43,43,131,131
66,decode,pi: am.cm_base_pre,114.520,114.520,114.520,1,5780.790,43,43,131,131
66,decode,pi: am.builder_build,2018.350,2018.350,1251.190,4,5780.790,43,43,131,131
66,decode,pi: am.layer_assign,9.240,9.240,2.620,4,5780.790,43,43,131,131
66,decode,pi: am.group_loop,78.320,2105.910,1276.180,4,5780.790,43,43,131,131
66,decode,pi: build_attention_metadata,305.780,2544.870,2544.870,1,5780.790,43,43,131,131
66,decode,pi: sanitize_placeholder_ids,1.120,1.120,1.120,1,5780.790,43,43,131,131
66,decode,pi: sync_input_prep,158.080,5500.140,5500.140,1,5780.790,43,43,131,131
66,decode,pi: TOTAL,5780.790,5780.790,5780.790,1,5780.790,43,43,131,131
67,decode,pi: update_states,627.430,627.430,627.430,1,4555.670,22,22,131,131
67,decode,pi: tokens_list,2.370,2.370,2.370,1,4555.670,22,22,131,131
67,decode,pi: phase_classify,40.060,40.060,40.060,1,4555.670,22,22,131,131
67,decode,pi: in.block_table_commit,82.010,82.010,82.010,1,4555.670,22,22,131,131
67,decode,pi: in.req_indices,9.560,9.560,9.560,1,4555.670,22,22,131,131
67,decode,pi: in.attn_state,28.240,28.240,28.240,1,4555.670,22,22,131,131
67,decode,pi: in.positions,25.090,25.090,25.090,1,4555.670,22,22,131,131
67,decode,pi: in.prev_positions,33.780,33.780,33.780,1,4555.670,22,22,131,131
67,decode,pi: in.token_indices_select,26.780,26.780,26.780,1,4555.670,22,22,131,131
67,decode,pi: in.query_start_loc,27.270,27.270,27.270,1,4555.670,22,22,131,131
67,decode,pi: in.optimistic_seq_lens,48.700,48.700,48.700,1,4555.670,22,22,131,131
67,decode,pi: in.prepare_input_ids,320.230,320.230,320.230,1,4555.670,22,22,131,131
67,decode,pi: in.mrope_positions,295.550,295.550,295.550,1,4555.670,22,22,131,131
67,decode,pi: in.discard_mask,70.100,70.100,70.100,1,4555.670,22,22,131,131
67,decode,pi: in.num_accepted_tokens,16.400,16.400,16.400,1,4555.670,22,22,131,131
67,decode,pi: in.num_computed_tokens,17.710,17.710,17.710,1,4555.670,22,22,131,131
67,decode,pi: in.tokens_to_gpu,62.800,62.800,62.800,1,4555.670,22,22,131,131
67,decode,pi: in.positions_assembly,173.770,173.770,173.770,1,4555.670,22,22,131,131
67,decode,pi: in.seq_lens,64.570,64.570,64.570,1,4555.670,22,22,131,131
67,decode,pi: in.slot_mapping,140.620,140.620,140.620,1,4555.670,22,22,131,131
67,decode,pi: in.mrope_drift,0.770,0.770,0.770,1,4555.670,22,22,131,131
67,decode,pi: in.logits_indices,42.150,42.150,39.510,2,4555.670,22,22,131,131
67,decode,pi: prepare_inputs,109.050,1595.150,1595.150,1,4555.670,22,22,131,131
67,decode,pi: cascade_attn_prefix_lens,10.660,10.660,10.660,1,4555.670,22,22,131,131
67,decode,pi: batch_exec_and_padding,50.260,50.260,50.260,1,4555.670,22,22,131,131
67,decode,pi: ubatch_slices,1.610,1.610,1.610,1,4555.670,22,22,131,131
67,decode,pi: pad_query_start_loc,29.210,29.210,29.210,1,4555.670,22,22,131,131
67,decode,pi: am.max_seq_len,18.410,18.410,18.410,1,4555.670,22,22,131,131
67,decode,pi: am.cm_base_pre,116.590,116.590,116.590,1,4555.670,22,22,131,131
67,decode,pi: am.builder_build,1169.540,1169.540,430.250,4,4555.670,22,22,131,131
67,decode,pi: am.layer_assign,8.540,8.540,2.320,4,4555.670,22,22,131,131
67,decode,pi: am.group_loop,75.370,1253.450,453.440,4,4555.670,22,22,131,131
67,decode,pi: build_attention_metadata,306.920,1695.370,1695.370,1,4555.670,22,22,131,131
67,decode,pi: sanitize_placeholder_ids,1.180,1.180,1.180,1,4555.670,22,22,131,131
67,decode,pi: sync_input_prep,161.570,4214.870,4214.870,1,4555.670,22,22,131,131
67,decode,pi: TOTAL,4555.670,4555.670,4555.670,1,4555.670,22,22,131,131
68,decode,pi: update_states,547.550,547.550,547.550,1,3909.000,2,2,131,131
68,decode,pi: tokens_list,1.180,1.180,1.180,1,3909.000,2,2,131,131
68,decode,pi: phase_classify,39.920,39.920,39.920,1,3909.000,2,2,131,131
68,decode,pi: in.block_table_commit,83.520,83.520,83.520,1,3909.000,2,2,131,131
68,decode,pi: in.req_indices,9.790,9.790,9.790,1,3909.000,2,2,131,131
68,decode,pi: in.attn_state,27.870,27.870,27.870,1,3909.000,2,2,131,131
68,decode,pi: in.positions,25.110,25.110,25.110,1,3909.000,2,2,131,131
68,decode,pi: in.prev_positions,30.180,30.180,30.180,1,3909.000,2,2,131,131
68,decode,pi: in.token_indices_select,26.100,26.100,26.100,1,3909.000,2,2,131,131
68,decode,pi: in.query_start_loc,26.470,26.470,26.470,1,3909.000,2,2,131,131
68,decode,pi: in.optimistic_seq_lens,80.330,80.330,80.330,1,3909.000,2,2,131,131
68,decode,pi: in.prepare_input_ids,71.050,71.050,71.050,1,3909.000,2,2,131,131
68,decode,pi: in.mrope_positions,70.500,70.500,70.500,1,3909.000,2,2,131,131
68,decode,pi: in.discard_mask,61.280,61.280,61.280,1,3909.000,2,2,131,131
68,decode,pi: in.num_accepted_tokens,14.520,14.520,14.520,1,3909.000,2,2,131,131
68,decode,pi: in.num_computed_tokens,18.240,18.240,18.240,1,3909.000,2,2,131,131
68,decode,pi: in.tokens_to_gpu,64.330,64.330,64.330,1,3909.000,2,2,131,131
68,decode,pi: in.positions_assembly,181.790,181.790,181.790,1,3909.000,2,2,131,131
68,decode,pi: in.seq_lens,83.890,83.890,83.890,1,3909.000,2,2,131,131
68,decode,pi: in.slot_mapping,139.930,139.930,139.930,1,3909.000,2,2,131,131
68,decode,pi: in.mrope_drift,0.820,0.820,0.820,1,3909.000,2,2,131,131
68,decode,pi: in.logits_indices,65.630,65.630,62.240,2,3909.000,2,2,131,131
68,decode,pi: prepare_inputs,108.210,1189.560,1189.560,1,3909.000,2,2,131,131
68,decode,pi: cascade_attn_prefix_lens,10.910,10.910,10.910,1,3909.000,2,2,131,131
68,decode,pi: batch_exec_and_padding,51.960,51.960,51.960,1,3909.000,2,2,131,131
68,decode,pi: ubatch_slices,1.490,1.490,1.490,1,3909.000,2,2,131,131
68,decode,pi: pad_query_start_loc,29.900,29.900,29.900,1,3909.000,2,2,131,131
68,decode,pi: am.max_seq_len,19.540,19.540,19.540,1,3909.000,2,2,131,131
68,decode,pi: am.cm_base_pre,97.680,97.680,97.680,1,3909.000,2,2,131,131
68,decode,pi: am.builder_build,1072.010,1072.010,383.320,4,3909.000,2,2,131,131
68,decode,pi: am.layer_assign,8.630,8.630,2.320,4,3909.000,2,2,131,131
68,decode,pi: am.group_loop,73.220,1153.860,406.110,4,3909.000,2,2,131,131
68,decode,pi: build_attention_metadata,302.960,1574.040,1574.040,1,3909.000,2,2,131,131
68,decode,pi: sanitize_placeholder_ids,1.210,1.210,1.210,1,3909.000,2,2,131,131
68,decode,pi: sync_input_prep,154.980,3602.700,3602.700,1,3909.000,2,2,131,131
68,decode,pi: TOTAL,3909.000,3909.000,3909.000,1,3909.000,2,2,131,131
69,unknown,pi: update_states,311.270,311.270,311.270,1,416.780,-1,-1,131,131
69,unknown,pi: sync_input_prep,99.470,410.740,410.740,1,416.780,-1,-1,131,131
69,unknown,pi: TOTAL,416.780,416.780,416.780,1,416.780,-1,-1,131,131
70,unknown,pi: update_states,97.140,97.140,97.140,1,157.250,-1,-1,131,131
70,unknown,pi: sync_input_prep,54.560,151.700,151.700,1,157.250,-1,-1,131,131
70,unknown,pi: TOTAL,157.250,157.250,157.250,1,157.250,-1,-1,131,131
71,prefill,pi: update_states,403.120,403.120,403.120,1,7252.350,1,99,131,131
71,prefill,pi: tokens_list,1.080,1.080,1.080,1,7252.350,1,99,131,131
71,prefill,pi: phase_classify,65.420,65.420,65.420,1,7252.350,1,99,131,131
71,prefill,pi: in.block_table_commit,96.650,96.650,96.650,1,7252.350,1,99,131,131
71,prefill,pi: in.req_indices,9.560,9.560,9.560,1,7252.350,1,99,131,131
71,prefill,pi: in.attn_state,20.630,20.630,20.630,1,7252.350,1,99,131,131
71,prefill,pi: in.positions,29.010,29.010,29.010,1,7252.350,1,99,131,131
71,prefill,pi: in.prev_positions,4.570,4.570,4.570,1,7252.350,1,99,131,131
71,prefill,pi: in.token_indices_select,35.080,35.080,35.080,1,7252.350,1,99,131,131
71,prefill,pi: in.query_start_loc,30.010,30.010,30.010,1,7252.350,1,99,131,131
71,prefill,pi: in.optimistic_seq_lens,64.710,64.710,64.710,1,7252.350,1,99,131,131
71,prefill,pi: in.prepare_input_ids,20.890,20.890,20.890,1,7252.350,1,99,131,131
71,prefill,pi: in.mrope_positions,50.120,50.120,50.120,1,7252.350,1,99,131,131
71,prefill,pi: in.discard_mask,61.710,61.710,61.710,1,7252.350,1,99,131,131
71,prefill,pi: in.num_accepted_tokens,13.690,13.690,13.690,1,7252.350,1,99,131,131
71,prefill,pi: in.num_computed_tokens,19.910,19.910,19.910,1,7252.350,1,99,131,131
71,prefill,pi: in.tokens_to_gpu,67.430,67.430,67.430,1,7252.350,1,99,131,131
71,prefill,pi: in.positions_assembly,248.520,248.520,248.520,1,7252.350,1,99,131,131
71,prefill,pi: in.seq_lens,61.160,61.160,61.160,1,7252.350,1,99,131,131
71,prefill,pi: in.slot_mapping,157.580,157.580,157.580,1,7252.350,1,99,131,131
71,prefill,pi: in.mrope_drift,0.630,0.630,0.630,1,7252.350,1,99,131,131
71,prefill,pi: in.logits_indices,45.560,45.560,42.980,2,7252.350,1,99,131,131
71,prefill,pi: prepare_inputs,106.580,1144.000,1144.000,1,7252.350,1,99,131,131
71,prefill,pi: cascade_attn_prefix_lens,12.310,12.310,12.310,1,7252.350,1,99,131,131
71,prefill,pi: batch_exec_and_padding,44.590,44.590,44.590,1,7252.350,1,99,131,131
71,prefill,pi: ubatch_slices,1.700,1.700,1.700,1,7252.350,1,99,131,131
71,prefill,pi: am.max_seq_len,18.210,18.210,18.210,1,7252.350,1,99,131,131
71,prefill,pi: am.cm_base_pre,114.110,114.110,114.110,1,7252.350,1,99,131,131
71,prefill,pi: am.builder_build,4584.850,4584.850,1577.060,4,7252.350,1,99,131,131
71,prefill,pi: am.layer_assign,9.580,9.580,2.570,4,7252.350,1,99,131,131
71,prefill,pi: am.group_loop,85.530,4679.960,1602.000,4,7252.350,1,99,131,131
71,prefill,pi: build_attention_metadata,303.230,5115.510,5115.510,1,7252.350,1,99,131,131
71,prefill,pi: sanitize_placeholder_ids,1.340,1.340,1.340,1,7252.350,1,99,131,131
71,prefill,pi: sync_input_prep,128.730,6917.800,6917.800,1,7252.350,1,99,131,131
71,prefill,pi: TOTAL,7252.350,7252.350,7252.350,1,7252.350,1,99,131,131
72,prefill+decode,pi: update_states,2057.740,2057.740,2057.740,1,9557.410,22,2048,131,131
72,prefill+decode,pi: tokens_list,2.250,2.250,2.250,1,9557.410,22,2048,131,131
72,prefill+decode,pi: phase_classify,110.810,110.810,110.810,1,9557.410,22,2048,131,131
72,prefill+decode,pi: in.block_table_commit,88.400,88.400,88.400,1,9557.410,22,2048,131,131
72,prefill+decode,pi: in.req_indices,11.340,11.340,11.340,1,9557.410,22,2048,131,131
72,prefill+decode,pi: in.attn_state,38.960,38.960,38.960,1,9557.410,22,2048,131,131
72,prefill+decode,pi: in.positions,34.140,34.140,34.140,1,9557.410,22,2048,131,131
72,prefill+decode,pi: in.prev_positions,35.430,35.430,35.430,1,9557.410,22,2048,131,131
72,prefill+decode,pi: in.token_indices_select,54.130,54.130,54.130,1,9557.410,22,2048,131,131
72,prefill+decode,pi: in.query_start_loc,30.530,30.530,30.530,1,9557.410,22,2048,131,131
72,prefill+decode,pi: in.optimistic_seq_lens,53.360,53.360,53.360,1,9557.410,22,2048,131,131
72,prefill+decode,pi: in.prepare_input_ids,88.710,88.710,88.710,1,9557.410,22,2048,131,131
72,prefill+decode,pi: in.mrope_positions,404.700,404.700,404.700,1,9557.410,22,2048,131,131
72,prefill+decode,pi: in.discard_mask,73.040,73.040,73.040,1,9557.410,22,2048,131,131
72,prefill+decode,pi: in.num_accepted_tokens,17.070,17.070,17.070,1,9557.410,22,2048,131,131
72,prefill+decode,pi: in.num_computed_tokens,20.040,20.040,20.040,1,9557.410,22,2048,131,131
72,prefill+decode,pi: in.tokens_to_gpu,68.260,68.260,68.260,1,9557.410,22,2048,131,131
72,prefill+decode,pi: in.positions_assembly,112.290,112.290,112.290,1,9557.410,22,2048,131,131
72,prefill+decode,pi: in.seq_lens,61.270,61.270,61.270,1,9557.410,22,2048,131,131
72,prefill+decode,pi: in.slot_mapping,140.040,140.040,140.040,1,9557.410,22,2048,131,131
72,prefill+decode,pi: in.mrope_drift,0.710,0.710,0.710,1,9557.410,22,2048,131,131
72,prefill+decode,pi: in.logits_indices,41.400,41.400,38.190,2,9557.410,22,2048,131,131
72,prefill+decode,pi: prepare_inputs,113.130,1486.950,1486.950,1,9557.410,22,2048,131,131
72,prefill+decode,pi: cascade_attn_prefix_lens,12.710,12.710,12.710,1,9557.410,22,2048,131,131
72,prefill+decode,pi: batch_exec_and_padding,42.380,42.380,42.380,1,9557.410,22,2048,131,131
72,prefill+decode,pi: ubatch_slices,1.510,1.510,1.510,1,9557.410,22,2048,131,131
72,prefill+decode,pi: am.max_seq_len,18.570,18.570,18.570,1,9557.410,22,2048,131,131
72,prefill+decode,pi: am.cm_base_pre,76.390,76.390,76.390,1,9557.410,22,2048,131,131
72,prefill+decode,pi: am.builder_build,4982.660,4982.660,1645.630,4,9557.410,22,2048,131,131
72,prefill+decode,pi: am.layer_assign,9.260,9.260,2.620,4,9557.410,22,2048,131,131
72,prefill+decode,pi: am.group_loop,86.160,5078.080,1669.980,4,9557.410,22,2048,131,131
72,prefill+decode,pi: build_attention_metadata,294.060,5467.100,5467.100,1,9557.410,22,2048,131,131
72,prefill+decode,pi: sanitize_placeholder_ids,1.170,1.170,1.170,1,9557.410,22,2048,131,131
72,prefill+decode,pi: sync_input_prep,114.750,9297.370,9297.370,1,9557.410,22,2048,131,131
72,prefill+decode,pi: TOTAL,9557.410,9557.410,9557.410,1,9557.410,22,2048,131,131
73,prefill+decode,pi: update_states,2072.980,2072.980,2072.980,1,10003.890,43,2048,131,131
73,prefill+decode,pi: tokens_list,3.520,3.520,3.520,1,10003.890,43,2048,131,131
73,prefill+decode,pi: phase_classify,46.140,46.140,46.140,1,10003.890,43,2048,131,131
73,prefill+decode,pi: in.block_table_commit,85.150,85.150,85.150,1,10003.890,43,2048,131,131
73,prefill+decode,pi: in.req_indices,10.660,10.660,10.660,1,10003.890,43,2048,131,131
73,prefill+decode,pi: in.attn_state,36.140,36.140,36.140,1,10003.890,43,2048,131,131
73,prefill+decode,pi: in.positions,33.120,33.120,33.120,1,10003.890,43,2048,131,131
73,prefill+decode,pi: in.prev_positions,38.430,38.430,38.430,1,10003.890,43,2048,131,131
73,prefill+decode,pi: in.token_indices_select,33.430,33.430,33.430,1,10003.890,43,2048,131,131
73,prefill+decode,pi: in.query_start_loc,29.760,29.760,29.760,1,10003.890,43,2048,131,131
73,prefill+decode,pi: in.optimistic_seq_lens,51.770,51.770,51.770,1,10003.890,43,2048,131,131
73,prefill+decode,pi: in.prepare_input_ids,146.830,146.830,146.830,1,10003.890,43,2048,131,131
73,prefill+decode,pi: in.mrope_positions,652.470,652.470,652.470,1,10003.890,43,2048,131,131
73,prefill+decode,pi: in.discard_mask,80.210,80.210,80.210,1,10003.890,43,2048,131,131
73,prefill+decode,pi: in.num_accepted_tokens,16.690,16.690,16.690,1,10003.890,43,2048,131,131
73,prefill+decode,pi: in.num_computed_tokens,18.860,18.860,18.860,1,10003.890,43,2048,131,131
73,prefill+decode,pi: in.tokens_to_gpu,64.900,64.900,64.900,1,10003.890,43,2048,131,131
73,prefill+decode,pi: in.positions_assembly,110.470,110.470,110.470,1,10003.890,43,2048,131,131
73,prefill+decode,pi: in.seq_lens,61.170,61.170,61.170,1,10003.890,43,2048,131,131
73,prefill+decode,pi: in.slot_mapping,139.090,139.090,139.090,1,10003.890,43,2048,131,131
73,prefill+decode,pi: in.mrope_drift,0.810,0.810,0.810,1,10003.890,43,2048,131,131
73,prefill+decode,pi: in.logits_indices,39.190,39.190,36.820,2,10003.890,43,2048,131,131
73,prefill+decode,pi: prepare_inputs,108.430,1757.580,1757.580,1,10003.890,43,2048,131,131
73,prefill+decode,pi: cascade_attn_prefix_lens,12.240,12.240,12.240,1,10003.890,43,2048,131,131
73,prefill+decode,pi: batch_exec_and_padding,52.040,52.040,52.040,1,10003.890,43,2048,131,131
73,prefill+decode,pi: ubatch_slices,1.650,1.650,1.650,1,10003.890,43,2048,131,131
73,prefill+decode,pi: am.max_seq_len,18.010,18.010,18.010,1,10003.890,43,2048,131,131
73,prefill+decode,pi: am.cm_base_pre,77.760,77.760,77.760,1,10003.890,43,2048,131,131
73,prefill+decode,pi: am.builder_build,5166.080,5166.080,1798.770,4,10003.890,43,2048,131,131
73,prefill+decode,pi: am.layer_assign,9.570,9.570,2.790,4,10003.890,43,2048,131,131
73,prefill+decode,pi: am.group_loop,85.560,5261.210,1823.530,4,10003.890,43,2048,131,131
73,prefill+decode,pi: build_attention_metadata,309.030,5666.010,5666.010,1,10003.890,43,2048,131,131
73,prefill+decode,pi: sanitize_placeholder_ids,1.210,1.210,1.210,1,10003.890,43,2048,131,131
73,prefill+decode,pi: sync_input_prep,109.860,9723.230,9723.230,1,10003.890,43,2048,131,131
73,prefill+decode,pi: TOTAL,10003.890,10003.890,10003.890,1,10003.890,43,2048,131,131
74,prefill+decode,pi: update_states,2009.240,2009.240,2009.240,1,10174.480,63,2048,131,131
74,prefill+decode,pi: tokens_list,5.010,5.010,5.010,1,10174.480,63,2048,131,131
74,prefill+decode,pi: phase_classify,48.760,48.760,48.760,1,10174.480,63,2048,131,131
74,prefill+decode,pi: in.block_table_commit,85.070,85.070,85.070,1,10174.480,63,2048,131,131
74,prefill+decode,pi: in.req_indices,10.730,10.730,10.730,1,10174.480,63,2048,131,131
74,prefill+decode,pi: in.attn_state,36.750,36.750,36.750,1,10174.480,63,2048,131,131
74,prefill+decode,pi: in.positions,32.850,32.850,32.850,1,10174.480,63,2048,131,131
74,prefill+decode,pi: in.prev_positions,41.530,41.530,41.530,1,10174.480,63,2048,131,131
74,prefill+decode,pi: in.token_indices_select,32.750,32.750,32.750,1,10174.480,63,2048,131,131
74,prefill+decode,pi: in.query_start_loc,29.350,29.350,29.350,1,10174.480,63,2048,131,131
74,prefill+decode,pi: in.optimistic_seq_lens,50.100,50.100,50.100,1,10174.480,63,2048,131,131
74,prefill+decode,pi: in.prepare_input_ids,203.730,203.730,203.730,1,10174.480,63,2048,131,131
74,prefill+decode,pi: in.mrope_positions,889.570,889.570,889.570,1,10174.480,63,2048,131,131
74,prefill+decode,pi: in.discard_mask,85.670,85.670,85.670,1,10174.480,63,2048,131,131
74,prefill+decode,pi: in.num_accepted_tokens,16.930,16.930,16.930,1,10174.480,63,2048,131,131
74,prefill+decode,pi: in.num_computed_tokens,18.370,18.370,18.370,1,10174.480,63,2048,131,131
74,prefill+decode,pi: in.tokens_to_gpu,62.790,62.790,62.790,1,10174.480,63,2048,131,131
74,prefill+decode,pi: in.positions_assembly,110.730,110.730,110.730,1,10174.480,63,2048,131,131
74,prefill+decode,pi: in.seq_lens,61.260,61.260,61.260,1,10174.480,63,2048,131,131
74,prefill+decode,pi: in.slot_mapping,138.310,138.310,138.310,1,10174.480,63,2048,131,131
74,prefill+decode,pi: in.mrope_drift,0.860,0.860,0.860,1,10174.480,63,2048,131,131
74,prefill+decode,pi: in.logits_indices,38.940,38.940,36.020,2,10174.480,63,2048,131,131
74,prefill+decode,pi: prepare_inputs,111.440,2057.730,2057.730,1,10174.480,63,2048,131,131
74,prefill+decode,pi: cascade_attn_prefix_lens,10.590,10.590,10.590,1,10174.480,63,2048,131,131
74,prefill+decode,pi: batch_exec_and_padding,42.310,42.310,42.310,1,10174.480,63,2048,131,131
74,prefill+decode,pi: ubatch_slices,1.590,1.590,1.590,1,10174.480,63,2048,131,131
74,prefill+decode,pi: am.max_seq_len,17.730,17.730,17.730,1,10174.480,63,2048,131,131
74,prefill+decode,pi: am.cm_base_pre,76.540,76.540,76.540,1,10174.480,63,2048,131,131
74,prefill+decode,pi: am.builder_build,5101.040,5101.040,1669.490,4,10174.480,63,2048,131,131
74,prefill+decode,pi: am.layer_assign,9.130,9.130,2.610,4,10174.480,63,2048,131,131
74,prefill+decode,pi: am.group_loop,85.720,5195.890,1693.600,4,10174.480,63,2048,131,131
74,prefill+decode,pi: build_attention_metadata,298.790,5588.950,5588.950,1,10174.480,63,2048,131,131
74,prefill+decode,pi: sanitize_placeholder_ids,1.190,1.190,1.190,1,10174.480,63,2048,131,131
74,prefill+decode,pi: sync_input_prep,110.890,9876.260,9876.260,1,10174.480,63,2048,131,131
74,prefill+decode,pi: TOTAL,10174.480,10174.480,10174.480,1,10174.480,63,2048,131,131
75,prefill+decode,pi: update_states,387.550,387.550,387.550,1,7894.410,64,172,131,131
75,prefill+decode,pi: tokens_list,4.760,4.760,4.760,1,7894.410,64,172,131,131
75,prefill+decode,pi: phase_classify,47.090,47.090,47.090,1,7894.410,64,172,131,131
75,prefill+decode,pi: in.block_table_commit,82.680,82.680,82.680,1,7894.410,64,172,131,131
75,prefill+decode,pi: in.req_indices,9.810,9.810,9.810,1,7894.410,64,172,131,131
75,prefill+decode,pi: in.attn_state,36.270,36.270,36.270,1,7894.410,64,172,131,131
75,prefill+decode,pi: in.positions,27.300,27.300,27.300,1,7894.410,64,172,131,131
75,prefill+decode,pi: in.prev_positions,41.360,41.360,41.360,1,7894.410,64,172,131,131
75,prefill+decode,pi: in.token_indices_select,38.470,38.470,38.470,1,7894.410,64,172,131,131
75,prefill+decode,pi: in.query_start_loc,27.890,27.890,27.890,1,7894.410,64,172,131,131
75,prefill+decode,pi: in.optimistic_seq_lens,51.230,51.230,51.230,1,7894.410,64,172,131,131
75,prefill+decode,pi: in.prepare_input_ids,252.300,252.300,252.300,1,7894.410,64,172,131,131
75,prefill+decode,pi: in.mrope_positions,773.280,773.280,773.280,1,7894.410,64,172,131,131
75,prefill+decode,pi: in.discard_mask,73.590,73.590,73.590,1,7894.410,64,172,131,131
75,prefill+decode,pi: in.num_accepted_tokens,15.440,15.440,15.440,1,7894.410,64,172,131,131
75,prefill+decode,pi: in.num_computed_tokens,18.720,18.720,18.720,1,7894.410,64,172,131,131
75,prefill+decode,pi: in.tokens_to_gpu,63.770,63.770,63.770,1,7894.410,64,172,131,131
75,prefill+decode,pi: in.positions_assembly,189.430,189.430,189.430,1,7894.410,64,172,131,131
75,prefill+decode,pi: in.seq_lens,51.710,51.710,51.710,1,7894.410,64,172,131,131
75,prefill+decode,pi: in.slot_mapping,138.550,138.550,138.550,1,7894.410,64,172,131,131
75,prefill+decode,pi: in.mrope_drift,0.790,0.790,0.790,1,7894.410,64,172,131,131
75,prefill+decode,pi: in.logits_indices,40.200,40.200,37.380,2,7894.410,64,172,131,131
75,prefill+decode,pi: prepare_inputs,111.790,2044.580,2044.580,1,7894.410,64,172,131,131
75,prefill+decode,pi: cascade_attn_prefix_lens,11.260,11.260,11.260,1,7894.410,64,172,131,131
75,prefill+decode,pi: batch_exec_and_padding,43.190,43.190,43.190,1,7894.410,64,172,131,131
75,prefill+decode,pi: ubatch_slices,1.510,1.510,1.510,1,7894.410,64,172,131,131
75,prefill+decode,pi: am.max_seq_len,17.860,17.860,17.860,1,7894.410,64,172,131,131
75,prefill+decode,pi: am.cm_base_pre,96.640,96.640,96.640,1,7894.410,64,172,131,131
75,prefill+decode,pi: am.builder_build,4378.660,4378.660,1434.150,4,7894.410,64,172,131,131
75,prefill+decode,pi: am.layer_assign,9.400,9.400,2.540,4,7894.410,64,172,131,131
75,prefill+decode,pi: am.group_loop,85.690,4473.750,1458.970,4,7894.410,64,172,131,131
75,prefill+decode,pi: build_attention_metadata,298.060,4886.310,4886.310,1,7894.410,64,172,131,131
75,prefill+decode,pi: sanitize_placeholder_ids,1.170,1.170,1.170,1,7894.410,64,172,131,131
75,prefill+decode,pi: sync_input_prep,110.180,7537.600,7537.600,1,7894.410,64,172,131,131
75,prefill+decode,pi: TOTAL,7894.410,7894.410,7894.410,1,7894.410,64,172,131,131
76,decode,pi: update_states,183.140,183.140,183.140,1,4235.850,64,64,131,131
76,decode,pi: tokens_list,4.340,4.340,4.340,1,4235.850,64,64,131,131
76,decode,pi: phase_classify,102.500,102.500,102.500,1,4235.850,64,64,131,131
76,decode,pi: in.block_table_commit,89.060,89.060,89.060,1,4235.850,64,64,131,131
76,decode,pi: in.req_indices,10.310,10.310,10.310,1,4235.850,64,64,131,131
76,decode,pi: in.attn_state,30.150,30.150,30.150,1,4235.850,64,64,131,131
76,decode,pi: in.positions,26.800,26.800,26.800,1,4235.850,64,64,131,131
76,decode,pi: in.prev_positions,41.460,41.460,41.460,1,4235.850,64,64,131,131
76,decode,pi: in.token_indices_select,28.110,28.110,28.110,1,4235.850,64,64,131,131
76,decode,pi: in.query_start_loc,29.810,29.810,29.810,1,4235.850,64,64,131,131
76,decode,pi: in.optimistic_seq_lens,51.280,51.280,51.280,1,4235.850,64,64,131,131
76,decode,pi: in.prepare_input_ids,237.060,237.060,237.060,1,4235.850,64,64,131,131
76,decode,pi: in.mrope_positions,756.930,756.930,756.930,1,4235.850,64,64,131,131
76,decode,pi: in.discard_mask,73.950,73.950,73.950,1,4235.850,64,64,131,131
76,decode,pi: in.num_accepted_tokens,13.510,13.510,13.510,1,4235.850,64,64,131,131
76,decode,pi: in.num_computed_tokens,17.120,17.120,17.120,1,4235.850,64,64,131,131
76,decode,pi: in.tokens_to_gpu,57.960,57.960,57.960,1,4235.850,64,64,131,131
76,decode,pi: in.positions_assembly,107.850,107.850,107.850,1,4235.850,64,64,131,131
76,decode,pi: in.seq_lens,56.910,56.910,56.910,1,4235.850,64,64,131,131
76,decode,pi: in.slot_mapping,139.870,139.870,139.870,1,4235.850,64,64,131,131
76,decode,pi: in.mrope_drift,0.820,0.820,0.820,1,4235.850,64,64,131,131
76,decode,pi: in.logits_indices,39.650,39.650,36.990,2,4235.850,64,64,131,131
76,decode,pi: prepare_inputs,106.160,1914.770,1914.770,1,4235.850,64,64,131,131
76,decode,pi: cascade_attn_prefix_lens,10.750,10.750,10.750,1,4235.850,64,64,131,131
76,decode,pi: batch_exec_and_padding,55.760,55.760,55.760,1,4235.850,64,64,131,131
76,decode,pi: ubatch_slices,1.540,1.540,1.540,1,4235.850,64,64,131,131
76,decode,pi: pad_query_start_loc,27.810,27.810,27.810,1,4235.850,64,64,131,131
76,decode,pi: am.max_seq_len,19.050,19.050,19.050,1,4235.850,64,64,131,131
76,decode,pi: am.cm_base_pre,75.870,75.870,75.870,1,4235.850,64,64,131,131
76,decode,pi: am.builder_build,1029.990,1029.990,326.750,4,4235.850,64,64,131,131
76,decode,pi: am.layer_assign,8.580,8.580,2.420,4,4235.850,64,64,131,131
76,decode,pi: am.group_loop,72.530,1111.100,348.200,4,4235.850,64,64,131,131
76,decode,pi: build_attention_metadata,289.450,1495.470,1495.470,1,4235.850,64,64,131,131
76,decode,pi: sanitize_placeholder_ids,1.200,1.200,1.200,1,4235.850,64,64,131,131
76,decode,pi: sync_input_prep,107.920,3905.200,3905.200,1,4235.850,64,64,131,131
76,decode,pi: TOTAL,4235.850,4235.850,4235.850,1,4235.850,64,64,131,131
77,decode,pi: update_states,180.190,180.190,180.190,1,4195.870,64,64,131,131
77,decode,pi: tokens_list,4.450,4.450,4.450,1,4195.870,64,64,131,131
77,decode,pi: phase_classify,56.710,56.710,56.710,1,4195.870,64,64,131,131
77,decode,pi: in.block_table_commit,88.030,88.030,88.030,1,4195.870,64,64,131,131
77,decode,pi: in.req_indices,9.740,9.740,9.740,1,4195.870,64,64,131,131
77,decode,pi: in.attn_state,28.020,28.020,28.020,1,4195.870,64,64,131,131
77,decode,pi: in.positions,26.980,26.980,26.980,1,4195.870,64,64,131,131
77,decode,pi: in.prev_positions,40.930,40.930,40.930,1,4195.870,64,64,131,131
77,decode,pi: in.token_indices_select,27.210,27.210,27.210,1,4195.870,64,64,131,131
77,decode,pi: in.query_start_loc,27.750,27.750,27.750,1,4195.870,64,64,131,131
77,decode,pi: in.optimistic_seq_lens,49.650,49.650,49.650,1,4195.870,64,64,131,131
77,decode,pi: in.prepare_input_ids,237.620,237.620,237.620,1,4195.870,64,64,131,131
77,decode,pi: in.mrope_positions,763.490,763.490,763.490,1,4195.870,64,64,131,131
77,decode,pi: in.discard_mask,74.990,74.990,74.990,1,4195.870,64,64,131,131
77,decode,pi: in.num_accepted_tokens,15.710,15.710,15.710,1,4195.870,64,64,131,131
77,decode,pi: in.num_computed_tokens,20.960,20.960,20.960,1,4195.870,64,64,131,131
77,decode,pi: in.tokens_to_gpu,66.620,66.620,66.620,1,4195.870,64,64,131,131
77,decode,pi: in.positions_assembly,112.540,112.540,112.540,1,4195.870,64,64,131,131
77,decode,pi: in.seq_lens,56.390,56.390,56.390,1,4195.870,64,64,131,131
77,decode,pi: in.slot_mapping,136.370,136.370,136.370,1,4195.870,64,64,131,131
77,decode,pi: in.mrope_drift,0.840,0.840,0.840,1,4195.870,64,64,131,131
77,decode,pi: in.logits_indices,39.930,39.930,36.840,2,4195.870,64,64,131,131
77,decode,pi: prepare_inputs,108.610,1932.380,1932.380,1,4195.870,64,64,131,131
77,decode,pi: cascade_attn_prefix_lens,11.460,11.460,11.460,1,4195.870,64,64,131,131
77,decode,pi: batch_exec_and_padding,52.380,52.380,52.380,1,4195.870,64,64,131,131
77,decode,pi: ubatch_slices,1.560,1.560,1.560,1,4195.870,64,64,131,131
77,decode,pi: pad_query_start_loc,30.040,30.040,30.040,1,4195.870,64,64,131,131
77,decode,pi: am.max_seq_len,19.990,19.990,19.990,1,4195.870,64,64,131,131
77,decode,pi: am.cm_base_pre,75.860,75.860,75.860,1,4195.870,64,64,131,131
77,decode,pi: am.builder_build,1026.290,1026.290,324.230,4,4195.870,64,64,131,131
77,decode,pi: am.layer_assign,8.330,8.330,2.350,4,4195.870,64,64,131,131
77,decode,pi: am.group_loop,73.430,1108.050,345.570,4,4195.870,64,64,131,131
77,decode,pi: build_attention_metadata,290.190,1494.090,1494.090,1,4195.870,64,64,131,131
77,decode,pi: sanitize_placeholder_ids,1.190,1.190,1.190,1,4195.870,64,64,131,131
77,decode,pi: sync_input_prep,108.220,3872.670,3872.670,1,4195.870,64,64,131,131
77,decode,pi: TOTAL,4195.870,4195.870,4195.870,1,4195.870,64,64,131,131
78,decode,pi: update_states,180.450,180.450,180.450,1,4197.140,64,64,131,131
78,decode,pi: tokens_list,4.290,4.290,4.290,1,4197.140,64,64,131,131
78,decode,pi: phase_classify,55.660,55.660,55.660,1,4197.140,64,64,131,131
78,decode,pi: in.block_table_commit,87.600,87.600,87.600,1,4197.140,64,64,131,131
78,decode,pi: in.req_indices,9.490,9.490,9.490,1,4197.140,64,64,131,131
78,decode,pi: in.attn_state,27.570,27.570,27.570,1,4197.140,64,64,131,131
78,decode,pi: in.positions,25.560,25.560,25.560,1,4197.140,64,64,131,131
78,decode,pi: in.prev_positions,40.850,40.850,40.850,1,4197.140,64,64,131,131
78,decode,pi: in.token_indices_select,26.790,26.790,26.790,1,4197.140,64,64,131,131
78,decode,pi: in.query_start_loc,28.650,28.650,28.650,1,4197.140,64,64,131,131
78,decode,pi: in.optimistic_seq_lens,52.050,52.050,52.050,1,4197.140,64,64,131,131
78,decode,pi: in.prepare_input_ids,239.040,239.040,239.040,1,4197.140,64,64,131,131
78,decode,pi: in.mrope_positions,749.450,749.450,749.450,1,4197.140,64,64,131,131
78,decode,pi: in.discard_mask,73.980,73.980,73.980,1,4197.140,64,64,131,131
78,decode,pi: in.num_accepted_tokens,15.350,15.350,15.350,1,4197.140,64,64,131,131
78,decode,pi: in.num_computed_tokens,19.280,19.280,19.280,1,4197.140,64,64,131,131
78,decode,pi: in.tokens_to_gpu,63.030,63.030,63.030,1,4197.140,64,64,131,131
78,decode,pi: in.positions_assembly,113.750,113.750,113.750,1,4197.140,64,64,131,131
78,decode,pi: in.seq_lens,57.980,57.980,57.980,1,4197.140,64,64,131,131
78,decode,pi: in.slot_mapping,137.460,137.460,137.460,1,4197.140,64,64,131,131
78,decode,pi: in.mrope_drift,0.790,0.790,0.790,1,4197.140,64,64,131,131
78,decode,pi: in.logits_indices,39.390,39.390,36.690,2,4197.140,64,64,131,131
78,decode,pi: prepare_inputs,107.840,1915.900,1915.900,1,4197.140,64,64,131,131
78,decode,pi: cascade_attn_prefix_lens,10.840,10.840,10.840,1,4197.140,64,64,131,131
78,decode,pi: batch_exec_and_padding,50.620,50.620,50.620,1,4197.140,64,64,131,131
78,decode,pi: ubatch_slices,1.550,1.550,1.550,1,4197.140,64,64,131,131
78,decode,pi: pad_query_start_loc,28.680,28.680,28.680,1,4197.140,64,64,131,131
78,decode,pi: am.max_seq_len,19.020,19.020,19.020,1,4197.140,64,64,131,131
78,decode,pi: am.cm_base_pre,75.410,75.410,75.410,1,4197.140,64,64,131,131
78,decode,pi: am.builder_build,1047.490,1047.490,326.840,4,4197.140,64,64,131,131
78,decode,pi: am.layer_assign,8.490,8.490,2.330,4,4197.140,64,64,131,131
78,decode,pi: am.group_loop,73.960,1129.940,348.360,4,4197.140,64,64,131,131
78,decode,pi: build_attention_metadata,293.550,1517.920,1517.920,1,4197.140,64,64,131,131
78,decode,pi: sanitize_placeholder_ids,1.280,1.280,1.280,1,4197.140,64,64,131,131
78,decode,pi: sync_input_prep,106.290,3873.480,3873.480,1,4197.140,64,64,131,131
78,decode,pi: TOTAL,4197.140,4197.140,4197.140,1,4197.140,64,64,131,131
79,decode,pi: update_states,195.600,195.600,195.600,1,4203.780,64,64,131,131
79,decode,pi: tokens_list,4.370,4.370,4.370,1,4203.780,64,64,131,131
79,decode,pi: phase_classify,54.940,54.940,54.940,1,4203.780,64,64,131,131
79,decode,pi: in.block_table_commit,86.730,86.730,86.730,1,4203.780,64,64,131,131
79,decode,pi: in.req_indices,9.880,9.880,9.880,1,4203.780,64,64,131,131
79,decode,pi: in.attn_state,28.250,28.250,28.250,1,4203.780,64,64,131,131
79,decode,pi: in.positions,25.990,25.990,25.990,1,4203.780,64,64,131,131
79,decode,pi: in.prev_positions,40.220,40.220,40.220,1,4203.780,64,64,131,131
79,decode,pi: in.token_indices_select,27.100,27.100,27.100,1,4203.780,64,64,131,131
79,decode,pi: in.query_start_loc,26.980,26.980,26.980,1,4203.780,64,64,131,131
79,decode,pi: in.optimistic_seq_lens,50.040,50.040,50.040,1,4203.780,64,64,131,131
79,decode,pi: in.prepare_input_ids,238.390,238.390,238.390,1,4203.780,64,64,131,131
79,decode,pi: in.mrope_positions,749.110,749.110,749.110,1,4203.780,64,64,131,131
79,decode,pi: in.discard_mask,72.650,72.650,72.650,1,4203.780,64,64,131,131
79,decode,pi: in.num_accepted_tokens,14.040,14.040,14.040,1,4203.780,64,64,131,131
79,decode,pi: in.num_computed_tokens,18.390,18.390,18.390,1,4203.780,64,64,131,131
79,decode,pi: in.tokens_to_gpu,62.000,62.000,62.000,1,4203.780,64,64,131,131
79,decode,pi: in.positions_assembly,111.590,111.590,111.590,1,4203.780,64,64,131,131
79,decode,pi: in.seq_lens,59.570,59.570,59.570,1,4203.780,64,64,131,131
79,decode,pi: in.slot_mapping,137.020,137.020,137.020,1,4203.780,64,64,131,131
79,decode,pi: in.mrope_drift,0.940,0.940,0.940,1,4203.780,64,64,131,131
79,decode,pi: in.logits_indices,40.800,40.800,37.800,2,4203.780,64,64,131,131
79,decode,pi: prepare_inputs,105.330,1905.020,1905.020,1,4203.780,64,64,131,131
79,decode,pi: cascade_attn_prefix_lens,10.540,10.540,10.540,1,4203.780,64,64,131,131
79,decode,pi: batch_exec_and_padding,50.860,50.860,50.860,1,4203.780,64,64,131,131
79,decode,pi: ubatch_slices,1.680,1.680,1.680,1,4203.780,64,64,131,131
79,decode,pi: pad_query_start_loc,28.100,28.100,28.100,1,4203.780,64,64,131,131
79,decode,pi: am.max_seq_len,19.320,19.320,19.320,1,4203.780,64,64,131,131
79,decode,pi: am.cm_base_pre,74.980,74.980,74.980,1,4203.780,64,64,131,131
79,decode,pi: am.builder_build,1035.090,1035.090,325.600,4,4203.780,64,64,131,131
79,decode,pi: am.layer_assign,8.350,8.350,2.290,4,4203.780,64,64,131,131
79,decode,pi: am.group_loop,73.460,1116.900,346.920,4,4203.780,64,64,131,131
79,decode,pi: build_attention_metadata,291.060,1502.260,1502.260,1,4203.780,64,64,131,131
79,decode,pi: sanitize_placeholder_ids,1.290,1.290,1.290,1,4203.780,64,64,131,131
79,decode,pi: sync_input_prep,107.190,3861.850,3861.850,1,4203.780,64,64,131,131
79,decode,pi: TOTAL,4203.780,4203.780,4203.780,1,4203.780,64,64,131,131
80,decode,pi: update_states,179.480,179.480,179.480,1,4196.870,64,64,131,131
80,decode,pi: tokens_list,4.450,4.450,4.450,1,4196.870,64,64,131,131
80,decode,pi: phase_classify,56.380,56.380,56.380,1,4196.870,64,64,131,131
80,decode,pi: in.block_table_commit,89.170,89.170,89.170,1,4196.870,64,64,131,131
80,decode,pi: in.req_indices,9.600,9.600,9.600,1,4196.870,64,64,131,131
80,decode,pi: in.attn_state,27.690,27.690,27.690,1,4196.870,64,64,131,131
80,decode,pi: in.positions,26.080,26.080,26.080,1,4196.870,64,64,131,131
80,decode,pi: in.prev_positions,40.140,40.140,40.140,1,4196.870,64,64,131,131
80,decode,pi: in.token_indices_select,26.980,26.980,26.980,1,4196.870,64,64,131,131
80,decode,pi: in.query_start_loc,25.780,25.780,25.780,1,4196.870,64,64,131,131
80,decode,pi: in.optimistic_seq_lens,49.460,49.460,49.460,1,4196.870,64,64,131,131
80,decode,pi: in.prepare_input_ids,232.120,232.120,232.120,1,4196.870,64,64,131,131
80,decode,pi: in.mrope_positions,747.330,747.330,747.330,1,4196.870,64,64,131,131
80,decode,pi: in.discard_mask,85.300,85.300,85.300,1,4196.870,64,64,131,131
80,decode,pi: in.num_accepted_tokens,17.450,17.450,17.450,1,4196.870,64,64,131,131
80,decode,pi: in.num_computed_tokens,20.090,20.090,20.090,1,4196.870,64,64,131,131
80,decode,pi: in.tokens_to_gpu,61.530,61.530,61.530,1,4196.870,64,64,131,131
80,decode,pi: in.positions_assembly,117.560,117.560,117.560,1,4196.870,64,64,131,131
80,decode,pi: in.seq_lens,60.680,60.680,60.680,1,4196.870,64,64,131,131
80,decode,pi: in.slot_mapping,138.550,138.550,138.550,1,4196.870,64,64,131,131
80,decode,pi: in.mrope_drift,0.770,0.770,0.770,1,4196.870,64,64,131,131
80,decode,pi: in.logits_indices,41.480,41.480,38.310,2,4196.870,64,64,131,131
80,decode,pi: prepare_inputs,110.200,1927.960,1927.960,1,4196.870,64,64,131,131
80,decode,pi: cascade_attn_prefix_lens,10.660,10.660,10.660,1,4196.870,64,64,131,131
80,decode,pi: batch_exec_and_padding,51.610,51.610,51.610,1,4196.870,64,64,131,131
80,decode,pi: ubatch_slices,1.600,1.600,1.600,1,4196.870,64,64,131,131
80,decode,pi: pad_query_start_loc,29.130,29.130,29.130,1,4196.870,64,64,131,131
80,decode,pi: am.max_seq_len,19.490,19.490,19.490,1,4196.870,64,64,131,131
80,decode,pi: am.cm_base_pre,77.040,77.040,77.040,1,4196.870,64,64,131,131
80,decode,pi: am.builder_build,1025.730,1025.730,328.340,4,4196.870,64,64,131,131
80,decode,pi: am.layer_assign,8.630,8.630,2.490,4,4196.870,64,64,131,131
80,decode,pi: am.group_loop,74.310,1108.670,350.380,4,4196.870,64,64,131,131
80,decode,pi: build_attention_metadata,292.390,1497.590,1497.590,1,4196.870,64,64,131,131
80,decode,pi: sanitize_placeholder_ids,1.230,1.230,1.230,1,4196.870,64,64,131,131
80,decode,pi: sync_input_prep,107.510,3867.600,3867.600,1,4196.870,64,64,131,131
80,decode,pi: TOTAL,4196.870,4196.870,4196.870,1,4196.870,64,64,131,131
81,decode,pi: update_states,180.010,180.010,180.010,1,4173.900,64,64,131,131
81,decode,pi: tokens_list,4.740,4.740,4.740,1,4173.900,64,64,131,131
81,decode,pi: phase_classify,53.700,53.700,53.700,1,4173.900,64,64,131,131
81,decode,pi: in.block_table_commit,89.010,89.010,89.010,1,4173.900,64,64,131,131
81,decode,pi: in.req_indices,10.230,10.230,10.230,1,4173.900,64,64,131,131
81,decode,pi: in.attn_state,28.060,28.060,28.060,1,4173.900,64,64,131,131
81,decode,pi: in.positions,26.560,26.560,26.560,1,4173.900,64,64,131,131
81,decode,pi: in.prev_positions,39.530,39.530,39.530,1,4173.900,64,64,131,131
81,decode,pi: in.token_indices_select,27.020,27.020,27.020,1,4173.900,64,64,131,131
81,decode,pi: in.query_start_loc,27.410,27.410,27.410,1,4173.900,64,64,131,131
81,decode,pi: in.optimistic_seq_lens,50.880,50.880,50.880,1,4173.900,64,64,131,131
81,decode,pi: in.prepare_input_ids,233.720,233.720,233.720,1,4173.900,64,64,131,131
81,decode,pi: in.mrope_positions,739.890,739.890,739.890,1,4173.900,64,64,131,131
81,decode,pi: in.discard_mask,74.470,74.470,74.470,1,4173.900,64,64,131,131
81,decode,pi: in.num_accepted_tokens,15.490,15.490,15.490,1,4173.900,64,64,131,131
81,decode,pi: in.num_computed_tokens,19.590,19.590,19.590,1,4173.900,64,64,131,131
81,decode,pi: in.tokens_to_gpu,65.850,65.850,65.850,1,4173.900,64,64,131,131
81,decode,pi: in.positions_assembly,112.810,112.810,112.810,1,4173.900,64,64,131,131
81,decode,pi: in.seq_lens,59.380,59.380,59.380,1,4173.900,64,64,131,131
81,decode,pi: in.slot_mapping,139.130,139.130,139.130,1,4173.900,64,64,131,131
81,decode,pi: in.mrope_drift,0.780,0.780,0.780,1,4173.900,64,64,131,131
81,decode,pi: in.logits_indices,39.960,39.960,37.500,2,4173.900,64,64,131,131
81,decode,pi: prepare_inputs,106.690,1906.460,1906.460,1,4173.900,64,64,131,131
81,decode,pi: cascade_attn_prefix_lens,10.670,10.670,10.670,1,4173.900,64,64,131,131
81,decode,pi: batch_exec_and_padding,50.370,50.370,50.370,1,4173.900,64,64,131,131
81,decode,pi: ubatch_slices,1.530,1.530,1.530,1,4173.900,64,64,131,131
81,decode,pi: pad_query_start_loc,27.820,27.820,27.820,1,4173.900,64,64,131,131
81,decode,pi: am.max_seq_len,18.110,18.110,18.110,1,4173.900,64,64,131,131
81,decode,pi: am.cm_base_pre,78.490,78.490,78.490,1,4173.900,64,64,131,131
81,decode,pi: am.builder_build,1039.080,1039.080,327.040,4,4173.900,64,64,131,131
81,decode,pi: am.layer_assign,8.530,8.530,2.360,4,4173.900,64,64,131,131
81,decode,pi: am.group_loop,73.140,1120.750,347.790,4,4173.900,64,64,131,131
81,decode,pi: build_attention_metadata,291.680,1509.030,1509.030,1,4173.900,64,64,131,131
81,decode,pi: sanitize_placeholder_ids,1.140,1.140,1.140,1,4173.900,64,64,131,131
81,decode,pi: sync_input_prep,106.270,3851.740,3851.740,1,4173.900,64,64,131,131
81,decode,pi: TOTAL,4173.900,4173.900,4173.900,1,4173.900,64,64,131,131
82,decode,pi: update_states,180.520,180.520,180.520,1,4200.310,64,64,131,131
82,decode,pi: tokens_list,4.450,4.450,4.450,1,4200.310,64,64,131,131
82,decode,pi: phase_classify,54.160,54.160,54.160,1,4200.310,64,64,131,131
82,decode,pi: in.block_table_commit,89.560,89.560,89.560,1,4200.310,64,64,131,131
82,decode,pi: in.req_indices,9.870,9.870,9.870,1,4200.310,64,64,131,131
82,decode,pi: in.attn_state,28.400,28.400,28.400,1,4200.310,64,64,131,131
82,decode,pi: in.positions,25.750,25.750,25.750,1,4200.310,64,64,131,131
82,decode,pi: in.prev_positions,40.950,40.950,40.950,1,4200.310,64,64,131,131
82,decode,pi: in.token_indices_select,26.350,26.350,26.350,1,4200.310,64,64,131,131
82,decode,pi: in.query_start_loc,25.530,25.530,25.530,1,4200.310,64,64,131,131
82,decode,pi: in.optimistic_seq_lens,48.460,48.460,48.460,1,4200.310,64,64,131,131
82,decode,pi: in.prepare_input_ids,273.320,273.320,273.320,1,4200.310,64,64,131,131
82,decode,pi: in.mrope_positions,749.140,749.140,749.140,1,4200.310,64,64,131,131
82,decode,pi: in.discard_mask,73.720,73.720,73.720,1,4200.310,64,64,131,131
82,decode,pi: in.num_accepted_tokens,15.230,15.230,15.230,1,4200.310,64,64,131,131
82,decode,pi: in.num_computed_tokens,18.590,18.590,18.590,1,4200.310,64,64,131,131
82,decode,pi: in.tokens_to_gpu,65.970,65.970,65.970,1,4200.310,64,64,131,131
82,decode,pi: in.positions_assembly,113.360,113.360,113.360,1,4200.310,64,64,131,131
82,decode,pi: in.seq_lens,56.590,56.590,56.590,1,4200.310,64,64,131,131
82,decode,pi: in.slot_mapping,136.170,136.170,136.170,1,4200.310,64,64,131,131
82,decode,pi: in.mrope_drift,0.720,0.720,0.720,1,4200.310,64,64,131,131
82,decode,pi: in.logits_indices,38.630,38.630,35.830,2,4200.310,64,64,131,131
82,decode,pi: prepare_inputs,105.540,1941.850,1941.850,1,4200.310,64,64,131,131
82,decode,pi: cascade_attn_prefix_lens,10.860,10.860,10.860,1,4200.310,64,64,131,131
82,decode,pi: batch_exec_and_padding,50.910,50.910,50.910,1,4200.310,64,64,131,131
82,decode,pi: ubatch_slices,1.570,1.570,1.570,1,4200.310,64,64,131,131
82,decode,pi: pad_query_start_loc,29.270,29.270,29.270,1,4200.310,64,64,131,131
82,decode,pi: am.max_seq_len,19.730,19.730,19.730,1,4200.310,64,64,131,131
82,decode,pi: am.cm_base_pre,76.440,76.440,76.440,1,4200.310,64,64,131,131
82,decode,pi: am.builder_build,1028.670,1028.670,323.630,4,4200.310,64,64,131,131
82,decode,pi: am.layer_assign,8.390,8.390,2.370,4,4200.310,64,64,131,131
82,decode,pi: am.group_loop,73.810,1110.870,345.520,4,4200.310,64,64,131,131
82,decode,pi: build_attention_metadata,287.670,1494.710,1494.710,1,4200.310,64,64,131,131
82,decode,pi: sanitize_placeholder_ids,1.200,1.200,1.200,1,4200.310,64,64,131,131
82,decode,pi: sync_input_prep,107.890,3877.390,3877.390,1,4200.310,64,64,131,131
82,decode,pi: TOTAL,4200.310,4200.310,4200.310,1,4200.310,64,64,131,131
83,decode,pi: update_states,178.330,178.330,178.330,1,4179.720,64,64,131,131
83,decode,pi: tokens_list,4.380,4.380,4.380,1,4179.720,64,64,131,131
83,decode,pi: phase_classify,54.520,54.520,54.520,1,4179.720,64,64,131,131
83,decode,pi: in.block_table_commit,85.770,85.770,85.770,1,4179.720,64,64,131,131
83,decode,pi: in.req_indices,9.340,9.340,9.340,1,4179.720,64,64,131,131
83,decode,pi: in.attn_state,27.590,27.590,27.590,1,4179.720,64,64,131,131
83,decode,pi: in.positions,25.850,25.850,25.850,1,4179.720,64,64,131,131
83,decode,pi: in.prev_positions,40.760,40.760,40.760,1,4179.720,64,64,131,131
83,decode,pi: in.token_indices_select,27.290,27.290,27.290,1,4179.720,64,64,131,131
83,decode,pi: in.query_start_loc,26.180,26.180,26.180,1,4179.720,64,64,131,131
83,decode,pi: in.optimistic_seq_lens,48.870,48.870,48.870,1,4179.720,64,64,131,131
83,decode,pi: in.prepare_input_ids,233.970,233.970,233.970,1,4179.720,64,64,131,131
83,decode,pi: in.mrope_positions,747.250,747.250,747.250,1,4179.720,64,64,131,131
83,decode,pi: in.discard_mask,72.940,72.940,72.940,1,4179.720,64,64,131,131
83,decode,pi: in.num_accepted_tokens,14.670,14.670,14.670,1,4179.720,64,64,131,131
83,decode,pi: in.num_computed_tokens,17.290,17.290,17.290,1,4179.720,64,64,131,131
83,decode,pi: in.tokens_to_gpu,59.690,59.690,59.690,1,4179.720,64,64,131,131
83,decode,pi: in.positions_assembly,107.950,107.950,107.950,1,4179.720,64,64,131,131
83,decode,pi: in.seq_lens,59.290,59.290,59.290,1,4179.720,64,64,131,131
83,decode,pi: in.slot_mapping,141.260,141.260,141.260,1,4179.720,64,64,131,131
83,decode,pi: in.mrope_drift,0.970,0.970,0.970,1,4179.720,64,64,131,131
83,decode,pi: in.logits_indices,39.720,39.720,37.250,2,4179.720,64,64,131,131
83,decode,pi: prepare_inputs,104.370,1891.020,1891.020,1,4179.720,64,64,131,131
83,decode,pi: cascade_attn_prefix_lens,10.520,10.520,10.520,1,4179.720,64,64,131,131
83,decode,pi: batch_exec_and_padding,51.230,51.230,51.230,1,4179.720,64,64,131,131
83,decode,pi: ubatch_slices,1.480,1.480,1.480,1,4179.720,64,64,131,131
83,decode,pi: pad_query_start_loc,28.530,28.530,28.530,1,4179.720,64,64,131,131
83,decode,pi: am.max_seq_len,18.860,18.860,18.860,1,4179.720,64,64,131,131
83,decode,pi: am.cm_base_pre,85.420,85.420,85.420,1,4179.720,64,64,131,131
83,decode,pi: am.builder_build,1040.900,1040.900,330.030,4,4179.720,64,64,131,131
83,decode,pi: am.layer_assign,8.440,8.440,2.370,4,4179.720,64,64,131,131
83,decode,pi: am.group_loop,73.820,1123.160,351.600,4,4179.720,64,64,131,131
83,decode,pi: build_attention_metadata,296.730,1524.170,1524.170,1,4179.720,64,64,131,131
83,decode,pi: sanitize_placeholder_ids,1.150,1.150,1.150,1,4179.720,64,64,131,131
83,decode,pi: sync_input_prep,106.720,3852.050,3852.050,1,4179.720,64,64,131,131
83,decode,pi: TOTAL,4179.720,4179.720,4179.720,1,4179.720,64,64,131,131
84,decode,pi: update_states,179.450,179.450,179.450,1,4179.200,64,64,131,131
84,decode,pi: tokens_list,4.700,4.700,4.700,1,4179.200,64,64,131,131
84,decode,pi: phase_classify,55.190,55.190,55.190,1,4179.200,64,64,131,131
84,decode,pi: in.block_table_commit,88.980,88.980,88.980,1,4179.200,64,64,131,131
84,decode,pi: in.req_indices,9.710,9.710,9.710,1,4179.200,64,64,131,131
84,decode,pi: in.attn_state,28.770,28.770,28.770,1,4179.200,64,64,131,131
84,decode,pi: in.positions,26.250,26.250,26.250,1,4179.200,64,64,131,131
84,decode,pi: in.prev_positions,40.650,40.650,40.650,1,4179.200,64,64,131,131
84,decode,pi: in.token_indices_select,27.020,27.020,27.020,1,4179.200,64,64,131,131
84,decode,pi: in.query_start_loc,27.860,27.860,27.860,1,4179.200,64,64,131,131
84,decode,pi: in.optimistic_seq_lens,49.250,49.250,49.250,1,4179.200,64,64,131,131
84,decode,pi: in.prepare_input_ids,232.500,232.500,232.500,1,4179.200,64,64,131,131
84,decode,pi: in.mrope_positions,747.880,747.880,747.880,1,4179.200,64,64,131,131
84,decode,pi: in.discard_mask,72.490,72.490,72.490,1,4179.200,64,64,131,131
84,decode,pi: in.num_accepted_tokens,14.360,14.360,14.360,1,4179.200,64,64,131,131
84,decode,pi: in.num_computed_tokens,17.780,17.780,17.780,1,4179.200,64,64,131,131
84,decode,pi: in.tokens_to_gpu,61.320,61.320,61.320,1,4179.200,64,64,131,131
84,decode,pi: in.positions_assembly,110.600,110.600,110.600,1,4179.200,64,64,131,131
84,decode,pi: in.seq_lens,58.130,58.130,58.130,1,4179.200,64,64,131,131
84,decode,pi: in.slot_mapping,136.610,136.610,136.610,1,4179.200,64,64,131,131
84,decode,pi: in.mrope_drift,0.830,0.830,0.830,1,4179.200,64,64,131,131
84,decode,pi: in.logits_indices,40.190,40.190,37.180,2,4179.200,64,64,131,131
84,decode,pi: prepare_inputs,105.560,1896.740,1896.740,1,4179.200,64,64,131,131
84,decode,pi: cascade_attn_prefix_lens,10.980,10.980,10.980,1,4179.200,64,64,131,131
84,decode,pi: batch_exec_and_padding,52.110,52.110,52.110,1,4179.200,64,64,131,131
84,decode,pi: ubatch_slices,1.580,1.580,1.580,1,4179.200,64,64,131,131
84,decode,pi: pad_query_start_loc,30.270,30.270,30.270,1,4179.200,64,64,131,131
84,decode,pi: am.max_seq_len,19.340,19.340,19.340,1,4179.200,64,64,131,131
84,decode,pi: am.cm_base_pre,75.360,75.360,75.360,1,4179.200,64,64,131,131
84,decode,pi: am.builder_build,1032.170,1032.170,328.270,4,4179.200,64,64,131,131
84,decode,pi: am.layer_assign,8.190,8.190,2.280,4,4179.200,64,64,131,131
84,decode,pi: am.group_loop,73.610,1113.970,350.030,4,4179.200,64,64,131,131
84,decode,pi: build_attention_metadata,292.730,1501.400,1501.400,1,4179.200,64,64,131,131
84,decode,pi: sanitize_placeholder_ids,1.070,1.070,1.070,1,4179.200,64,64,131,131
84,decode,pi: sync_input_prep,118.230,3851.720,3851.720,1,4179.200,64,64,131,131
84,decode,pi: TOTAL,4179.200,4179.200,4179.200,1,4179.200,64,64,131,131
85,decode,pi: update_states,179.490,179.490,179.490,1,4166.970,64,64,131,131
85,decode,pi: tokens_list,4.190,4.190,4.190,1,4166.970,64,64,131,131
85,decode,pi: phase_classify,55.020,55.020,55.020,1,4166.970,64,64,131,131
85,decode,pi: in.block_table_commit,86.320,86.320,86.320,1,4166.970,64,64,131,131
85,decode,pi: in.req_indices,9.870,9.870,9.870,1,4166.970,64,64,131,131
85,decode,pi: in.attn_state,27.780,27.780,27.780,1,4166.970,64,64,131,131
85,decode,pi: in.positions,26.190,26.190,26.190,1,4166.970,64,64,131,131
85,decode,pi: in.prev_positions,41.600,41.600,41.600,1,4166.970,64,64,131,131
85,decode,pi: in.token_indices_select,26.630,26.630,26.630,1,4166.970,64,64,131,131
85,decode,pi: in.query_start_loc,25.500,25.500,25.500,1,4166.970,64,64,131,131
85,decode,pi: in.optimistic_seq_lens,48.700,48.700,48.700,1,4166.970,64,64,131,131
85,decode,pi: in.prepare_input_ids,237.090,237.090,237.090,1,4166.970,64,64,131,131
85,decode,pi: in.mrope_positions,761.970,761.970,761.970,1,4166.970,64,64,131,131
85,decode,pi: in.discard_mask,73.620,73.620,73.620,1,4166.970,64,64,131,131
85,decode,pi: in.num_accepted_tokens,14.540,14.540,14.540,1,4166.970,64,64,131,131
85,decode,pi: in.num_computed_tokens,18.190,18.190,18.190,1,4166.970,64,64,131,131
85,decode,pi: in.tokens_to_gpu,65.460,65.460,65.460,1,4166.970,64,64,131,131
85,decode,pi: in.positions_assembly,111.960,111.960,111.960,1,4166.970,64,64,131,131
85,decode,pi: in.seq_lens,62.240,62.240,62.240,1,4166.970,64,64,131,131
85,decode,pi: in.slot_mapping,136.680,136.680,136.680,1,4166.970,64,64,131,131
85,decode,pi: in.mrope_drift,0.910,0.910,0.910,1,4166.970,64,64,131,131
85,decode,pi: in.logits_indices,41.730,41.730,38.870,2,4166.970,64,64,131,131
85,decode,pi: prepare_inputs,106.280,1923.260,1923.260,1,4166.970,64,64,131,131
85,decode,pi: cascade_attn_prefix_lens,11.570,11.570,11.570,1,4166.970,64,64,131,131
85,decode,pi: batch_exec_and_padding,50.940,50.940,50.940,1,4166.970,64,64,131,131
85,decode,pi: ubatch_slices,1.640,1.640,1.640,1,4166.970,64,64,131,131
85,decode,pi: pad_query_start_loc,28.030,28.030,28.030,1,4166.970,64,64,131,131
85,decode,pi: am.max_seq_len,18.680,18.680,18.680,1,4166.970,64,64,131,131
85,decode,pi: am.cm_base_pre,78.010,78.010,78.010,1,4166.970,64,64,131,131
85,decode,pi: am.builder_build,1015.860,1015.860,323.420,4,4166.970,64,64,131,131
85,decode,pi: am.layer_assign,8.160,8.160,2.220,4,4166.970,64,64,131,131
85,decode,pi: am.group_loop,72.770,1096.790,344.150,4,4166.970,64,64,131,131
85,decode,pi: build_attention_metadata,288.450,1481.930,1481.930,1,4166.970,64,64,131,131
85,decode,pi: sanitize_placeholder_ids,1.090,1.090,1.090,1,4166.970,64,64,131,131
85,decode,pi: sync_input_prep,107.570,3844.730,3844.730,1,4166.970,64,64,131,131
85,decode,pi: TOTAL,4166.970,4166.970,4166.970,1,4166.970,64,64,131,131
86,decode,pi: update_states,180.670,180.670,180.670,1,4190.440,64,64,131,131
86,decode,pi: tokens_list,4.300,4.300,4.300,1,4190.440,64,64,131,131
86,decode,pi: phase_classify,54.630,54.630,54.630,1,4190.440,64,64,131,131
86,decode,pi: in.block_table_commit,91.710,91.710,91.710,1,4190.440,64,64,131,131
86,decode,pi: in.req_indices,10.370,10.370,10.370,1,4190.440,64,64,131,131
86,decode,pi: in.attn_state,28.180,28.180,28.180,1,4190.440,64,64,131,131
86,decode,pi: in.positions,25.350,25.350,25.350,1,4190.440,64,64,131,131
86,decode,pi: in.prev_positions,40.260,40.260,40.260,1,4190.440,64,64,131,131
86,decode,pi: in.token_indices_select,26.930,26.930,26.930,1,4190.440,64,64,131,131
86,decode,pi: in.query_start_loc,26.010,26.010,26.010,1,4190.440,64,64,131,131
86,decode,pi: in.optimistic_seq_lens,51.040,51.040,51.040,1,4190.440,64,64,131,131
86,decode,pi: in.prepare_input_ids,238.890,238.890,238.890,1,4190.440,64,64,131,131
86,decode,pi: in.mrope_positions,750.950,750.950,750.950,1,4190.440,64,64,131,131
86,decode,pi: in.discard_mask,72.020,72.020,72.020,1,4190.440,64,64,131,131
86,decode,pi: in.num_accepted_tokens,14.610,14.610,14.610,1,4190.440,64,64,131,131
86,decode,pi: in.num_computed_tokens,19.030,19.030,19.030,1,4190.440,64,64,131,131
86,decode,pi: in.tokens_to_gpu,59.610,59.610,59.610,1,4190.440,64,64,131,131
86,decode,pi: in.positions_assembly,110.050,110.050,110.050,1,4190.440,64,64,131,131
86,decode,pi: in.seq_lens,58.730,58.730,58.730,1,4190.440,64,64,131,131
86,decode,pi: in.slot_mapping,136.540,136.540,136.540,1,4190.440,64,64,131,131
86,decode,pi: in.mrope_drift,0.920,0.920,0.920,1,4190.440,64,64,131,131
86,decode,pi: in.logits_indices,40.650,40.650,37.670,2,4190.440,64,64,131,131
86,decode,pi: prepare_inputs,110.420,1912.270,1912.270,1,4190.440,64,64,131,131
86,decode,pi: cascade_attn_prefix_lens,10.640,10.640,10.640,1,4190.440,64,64,131,131
86,decode,pi: batch_exec_and_padding,50.570,50.570,50.570,1,4190.440,64,64,131,131
86,decode,pi: ubatch_slices,1.610,1.610,1.610,1,4190.440,64,64,131,131
86,decode,pi: pad_query_start_loc,28.450,28.450,28.450,1,4190.440,64,64,131,131
86,decode,pi: am.max_seq_len,18.640,18.640,18.640,1,4190.440,64,64,131,131
86,decode,pi: am.cm_base_pre,78.170,78.170,78.170,1,4190.440,64,64,131,131
86,decode,pi: am.builder_build,1044.230,1044.230,333.540,4,4190.440,64,64,131,131
86,decode,pi: am.layer_assign,8.650,8.650,2.480,4,4190.440,64,64,131,131
86,decode,pi: am.group_loop,75.180,1128.060,355.630,4,4190.440,64,64,131,131
86,decode,pi: build_attention_metadata,290.610,1515.480,1515.480,1,4190.440,64,64,131,131
86,decode,pi: sanitize_placeholder_ids,1.120,1.120,1.120,1,4190.440,64,64,131,131
86,decode,pi: sync_input_prep,107.000,3866.740,3866.740,1,4190.440,64,64,131,131
86,decode,pi: TOTAL,4190.440,4190.440,4190.440,1,4190.440,64,64,131,131
87,decode,pi: update_states,179.850,179.850,179.850,1,4189.460,64,64,131,131
87,decode,pi: tokens_list,4.420,4.420,4.420,1,4189.460,64,64,131,131
87,decode,pi: phase_classify,54.870,54.870,54.870,1,4189.460,64,64,131,131
87,decode,pi: in.block_table_commit,87.560,87.560,87.560,1,4189.460,64,64,131,131
87,decode,pi: in.req_indices,10.060,10.060,10.060,1,4189.460,64,64,131,131
87,decode,pi: in.attn_state,27.290,27.290,27.290,1,4189.460,64,64,131,131
87,decode,pi: in.positions,24.890,24.890,24.890,1,4189.460,64,64,131,131
87,decode,pi: in.prev_positions,54.190,54.190,54.190,1,4189.460,64,64,131,131
87,decode,pi: in.token_indices_select,26.930,26.930,26.930,1,4189.460,64,64,131,131
87,decode,pi: in.query_start_loc,28.050,28.050,28.050,1,4189.460,64,64,131,131
87,decode,pi: in.optimistic_seq_lens,51.650,51.650,51.650,1,4189.460,64,64,131,131
87,decode,pi: in.prepare_input_ids,238.560,238.560,238.560,1,4189.460,64,64,131,131
87,decode,pi: in.mrope_positions,756.420,756.420,756.420,1,4189.460,64,64,131,131
87,decode,pi: in.discard_mask,71.470,71.470,71.470,1,4189.460,64,64,131,131
87,decode,pi: in.num_accepted_tokens,15.470,15.470,15.470,1,4189.460,64,64,131,131
87,decode,pi: in.num_computed_tokens,18.150,18.150,18.150,1,4189.460,64,64,131,131
87,decode,pi: in.tokens_to_gpu,64.760,64.760,64.760,1,4189.460,64,64,131,131
87,decode,pi: in.positions_assembly,111.760,111.760,111.760,1,4189.460,64,64,131,131
87,decode,pi: in.seq_lens,58.020,58.020,58.020,1,4189.460,64,64,131,131
87,decode,pi: in.slot_mapping,139.340,139.340,139.340,1,4189.460,64,64,131,131
87,decode,pi: in.mrope_drift,0.920,0.920,0.920,1,4189.460,64,64,131,131
87,decode,pi: in.logits_indices,40.200,40.200,37.420,2,4189.460,64,64,131,131
87,decode,pi: prepare_inputs,108.460,1934.150,1934.150,1,4189.460,64,64,131,131
87,decode,pi: cascade_attn_prefix_lens,11.190,11.190,11.190,1,4189.460,64,64,131,131
87,decode,pi: batch_exec_and_padding,51.980,51.980,51.980,1,4189.460,64,64,131,131
87,decode,pi: ubatch_slices,1.540,1.540,1.540,1,4189.460,64,64,131,131
87,decode,pi: pad_query_start_loc,28.530,28.530,28.530,1,4189.460,64,64,131,131
87,decode,pi: am.max_seq_len,18.660,18.660,18.660,1,4189.460,64,64,131,131
87,decode,pi: am.cm_base_pre,77.570,77.570,77.570,1,4189.460,64,64,131,131
87,decode,pi: am.builder_build,1024.020,1024.020,324.990,4,4189.460,64,64,131,131
87,decode,pi: am.layer_assign,8.430,8.430,2.410,4,4189.460,64,64,131,131
87,decode,pi: am.group_loop,72.300,1104.750,345.980,4,4189.460,64,64,131,131
87,decode,pi: build_attention_metadata,289.880,1490.860,1490.860,1,4189.460,64,64,131,131
87,decode,pi: sanitize_placeholder_ids,1.340,1.340,1.340,1,4189.460,64,64,131,131
87,decode,pi: sync_input_prep,106.910,3865.640,3865.640,1,4189.460,64,64,131,131
87,decode,pi: TOTAL,4189.460,4189.460,4189.460,1,4189.460,64,64,131,131
88,decode,pi: update_states,177.340,177.340,177.340,1,4177.540,64,64,131,131
88,decode,pi: tokens_list,4.350,4.350,4.350,1,4177.540,64,64,131,131
88,decode,pi: phase_classify,55.020,55.020,55.020,1,4177.540,64,64,131,131
88,decode,pi: in.block_table_commit,89.310,89.310,89.310,1,4177.540,64,64,131,131
88,decode,pi: in.req_indices,9.750,9.750,9.750,1,4177.540,64,64,131,131
88,decode,pi: in.attn_state,28.550,28.550,28.550,1,4177.540,64,64,131,131
88,decode,pi: in.positions,25.480,25.480,25.480,1,4177.540,64,64,131,131
88,decode,pi: in.prev_positions,40.250,40.250,40.250,1,4177.540,64,64,131,131
88,decode,pi: in.token_indices_select,26.260,26.260,26.260,1,4177.540,64,64,131,131
88,decode,pi: in.query_start_loc,24.830,24.830,24.830,1,4177.540,64,64,131,131
88,decode,pi: in.optimistic_seq_lens,49.110,49.110,49.110,1,4177.540,64,64,131,131
88,decode,pi: in.prepare_input_ids,232.100,232.100,232.100,1,4177.540,64,64,131,131
88,decode,pi: in.mrope_positions,747.370,747.370,747.370,1,4177.540,64,64,131,131
88,decode,pi: in.discard_mask,72.220,72.220,72.220,1,4177.540,64,64,131,131
88,decode,pi: in.num_accepted_tokens,14.490,14.490,14.490,1,4177.540,64,64,131,131
88,decode,pi: in.num_computed_tokens,17.790,17.790,17.790,1,4177.540,64,64,131,131
88,decode,pi: in.tokens_to_gpu,63.570,63.570,63.570,1,4177.540,64,64,131,131
88,decode,pi: in.positions_assembly,110.460,110.460,110.460,1,4177.540,64,64,131,131
88,decode,pi: in.seq_lens,58.040,58.040,58.040,1,4177.540,64,64,131,131
88,decode,pi: in.slot_mapping,150.790,150.790,150.790,1,4177.540,64,64,131,131
88,decode,pi: in.mrope_drift,0.780,0.780,0.780,1,4177.540,64,64,131,131
88,decode,pi: in.logits_indices,41.330,41.330,38.240,2,4177.540,64,64,131,131
88,decode,pi: prepare_inputs,104.490,1906.970,1906.970,1,4177.540,64,64,131,131
88,decode,pi: cascade_attn_prefix_lens,11.550,11.550,11.550,1,4177.540,64,64,131,131
88,decode,pi: batch_exec_and_padding,51.300,51.300,51.300,1,4177.540,64,64,131,131
88,decode,pi: ubatch_slices,1.580,1.580,1.580,1,4177.540,64,64,131,131
88,decode,pi: pad_query_start_loc,30.280,30.280,30.280,1,4177.540,64,64,131,131
88,decode,pi: am.max_seq_len,19.380,19.380,19.380,1,4177.540,64,64,131,131
88,decode,pi: am.cm_base_pre,80.560,80.560,80.560,1,4177.540,64,64,131,131
88,decode,pi: am.builder_build,1033.480,1033.480,332.580,4,4177.540,64,64,131,131
88,decode,pi: am.layer_assign,8.610,8.610,2.430,4,4177.540,64,64,131,131
88,decode,pi: am.group_loop,73.590,1115.680,354.450,4,4177.540,64,64,131,131
88,decode,pi: build_attention_metadata,289.720,1505.340,1505.340,1,4177.540,64,64,131,131
88,decode,pi: sanitize_placeholder_ids,1.200,1.200,1.200,1,4177.540,64,64,131,131
88,decode,pi: sync_input_prep,106.340,3851.270,3851.270,1,4177.540,64,64,131,131
88,decode,pi: TOTAL,4177.540,4177.540,4177.540,1,4177.540,64,64,131,131
89,decode,pi: update_states,180.770,180.770,180.770,1,4205.890,64,64,131,131
89,decode,pi: tokens_list,4.420,4.420,4.420,1,4205.890,64,64,131,131
89,decode,pi: phase_classify,54.500,54.500,54.500,1,4205.890,64,64,131,131
89,decode,pi: in.block_table_commit,88.050,88.050,88.050,1,4205.890,64,64,131,131
89,decode,pi: in.req_indices,9.410,9.410,9.410,1,4205.890,64,64,131,131
89,decode,pi: in.attn_state,27.670,27.670,27.670,1,4205.890,64,64,131,131
89,decode,pi: in.positions,25.650,25.650,25.650,1,4205.890,64,64,131,131
89,decode,pi: in.prev_positions,40.770,40.770,40.770,1,4205.890,64,64,131,131
89,decode,pi: in.token_indices_select,26.740,26.740,26.740,1,4205.890,64,64,131,131
89,decode,pi: in.query_start_loc,28.260,28.260,28.260,1,4205.890,64,64,131,131
89,decode,pi: in.optimistic_seq_lens,49.780,49.780,49.780,1,4205.890,64,64,131,131
89,decode,pi: in.prepare_input_ids,237.630,237.630,237.630,1,4205.890,64,64,131,131
89,decode,pi: in.mrope_positions,747.380,747.380,747.380,1,4205.890,64,64,131,131
89,decode,pi: in.discard_mask,71.980,71.980,71.980,1,4205.890,64,64,131,131
89,decode,pi: in.num_accepted_tokens,14.750,14.750,14.750,1,4205.890,64,64,131,131
89,decode,pi: in.num_computed_tokens,19.780,19.780,19.780,1,4205.890,64,64,131,131
89,decode,pi: in.tokens_to_gpu,61.240,61.240,61.240,1,4205.890,64,64,131,131
89,decode,pi: in.positions_assembly,110.740,110.740,110.740,1,4205.890,64,64,131,131
89,decode,pi: in.seq_lens,58.060,58.060,58.060,1,4205.890,64,64,131,131
89,decode,pi: in.slot_mapping,139.050,139.050,139.050,1,4205.890,64,64,131,131
89,decode,pi: in.mrope_drift,0.740,0.740,0.740,1,4205.890,64,64,131,131
89,decode,pi: in.logits_indices,40.570,40.570,37.940,2,4205.890,64,64,131,131
89,decode,pi: prepare_inputs,106.810,1905.060,1905.060,1,4205.890,64,64,131,131
89,decode,pi: cascade_attn_prefix_lens,11.270,11.270,11.270,1,4205.890,64,64,131,131
89,decode,pi: batch_exec_and_padding,50.700,50.700,50.700,1,4205.890,64,64,131,131
89,decode,pi: ubatch_slices,1.520,1.520,1.520,1,4205.890,64,64,131,131
89,decode,pi: pad_query_start_loc,27.960,27.960,27.960,1,4205.890,64,64,131,131
89,decode,pi: am.max_seq_len,18.250,18.250,18.250,1,4205.890,64,64,131,131
89,decode,pi: am.cm_base_pre,77.360,77.360,77.360,1,4205.890,64,64,131,131
89,decode,pi: am.builder_build,1062.620,1062.620,341.590,4,4205.890,64,64,131,131
89,decode,pi: am.layer_assign,8.620,8.620,2.390,4,4205.890,64,64,131,131
89,decode,pi: am.group_loop,75.180,1146.420,363.280,4,4205.890,64,64,131,131
89,decode,pi: build_attention_metadata,296.720,1538.750,1538.750,1,4205.890,64,64,131,131
89,decode,pi: sanitize_placeholder_ids,1.180,1.180,1.180,1,4205.890,64,64,131,131
89,decode,pi: sync_input_prep,107.870,3884.000,3884.000,1,4205.890,64,64,131,131
89,decode,pi: TOTAL,4205.890,4205.890,4205.890,1,4205.890,64,64,131,131
90,decode,pi: update_states,178.100,178.100,178.100,1,4185.420,64,64,131,131
90,decode,pi: tokens_list,4.340,4.340,4.340,1,4185.420,64,64,131,131
90,decode,pi: phase_classify,54.390,54.390,54.390,1,4185.420,64,64,131,131
90,decode,pi: in.block_table_commit,89.230,89.230,89.230,1,4185.420,64,64,131,131
90,decode,pi: in.req_indices,9.670,9.670,9.670,1,4185.420,64,64,131,131
90,decode,pi: in.attn_state,27.930,27.930,27.930,1,4185.420,64,64,131,131
90,decode,pi: in.positions,26.400,26.400,26.400,1,4185.420,64,64,131,131
90,decode,pi: in.prev_positions,39.620,39.620,39.620,1,4185.420,64,64,131,131
90,decode,pi: in.token_indices_select,26.910,26.910,26.910,1,4185.420,64,64,131,131
90,decode,pi: in.query_start_loc,27.670,27.670,27.670,1,4185.420,64,64,131,131
90,decode,pi: in.optimistic_seq_lens,49.180,49.180,49.180,1,4185.420,64,64,131,131
90,decode,pi: in.prepare_input_ids,236.910,236.910,236.910,1,4185.420,64,64,131,131
90,decode,pi: in.mrope_positions,770.570,770.570,770.570,1,4185.420,64,64,131,131
90,decode,pi: in.discard_mask,72.680,72.680,72.680,1,4185.420,64,64,131,131
90,decode,pi: in.num_accepted_tokens,16.010,16.010,16.010,1,4185.420,64,64,131,131
90,decode,pi: in.num_computed_tokens,19.240,19.240,19.240,1,4185.420,64,64,131,131
90,decode,pi: in.tokens_to_gpu,63.160,63.160,63.160,1,4185.420,64,64,131,131
90,decode,pi: in.positions_assembly,114.440,114.440,114.440,1,4185.420,64,64,131,131
90,decode,pi: in.seq_lens,57.620,57.620,57.620,1,4185.420,64,64,131,131
90,decode,pi: in.slot_mapping,139.770,139.770,139.770,1,4185.420,64,64,131,131
90,decode,pi: in.mrope_drift,0.930,0.930,0.930,1,4185.420,64,64,131,131
90,decode,pi: in.logits_indices,40.560,40.560,37.550,2,4185.420,64,64,131,131
90,decode,pi: prepare_inputs,104.420,1932.920,1932.920,1,4185.420,64,64,131,131
90,decode,pi: cascade_attn_prefix_lens,10.930,10.930,10.930,1,4185.420,64,64,131,131
90,decode,pi: batch_exec_and_padding,51.570,51.570,51.570,1,4185.420,64,64,131,131
90,decode,pi: ubatch_slices,1.550,1.550,1.550,1,4185.420,64,64,131,131
90,decode,pi: pad_query_start_loc,28.370,28.370,28.370,1,4185.420,64,64,131,131
90,decode,pi: am.max_seq_len,18.960,18.960,18.960,1,4185.420,64,64,131,131
90,decode,pi: am.cm_base_pre,77.460,77.460,77.460,1,4185.420,64,64,131,131
90,decode,pi: am.builder_build,1028.000,1028.000,322.510,4,4185.420,64,64,131,131
90,decode,pi: am.layer_assign,7.890,7.890,2.190,4,4185.420,64,64,131,131
90,decode,pi: am.group_loop,71.870,1107.760,343.170,4,4185.420,64,64,131,131
90,decode,pi: build_attention_metadata,290.350,1494.530,1494.530,1,4185.420,64,64,131,131
90,decode,pi: sanitize_placeholder_ids,1.230,1.230,1.230,1,4185.420,64,64,131,131
90,decode,pi: sync_input_prep,105.600,3863.530,3863.530,1,4185.420,64,64,131,131
90,decode,pi: TOTAL,4185.420,4185.420,4185.420,1,4185.420,64,64,131,131
91,decode,pi: update_states,180.130,180.130,180.130,1,4197.050,64,64,131,131
91,decode,pi: tokens_list,4.590,4.590,4.590,1,4197.050,64,64,131,131
91,decode,pi: phase_classify,54.780,54.780,54.780,1,4197.050,64,64,131,131
91,decode,pi: in.block_table_commit,86.910,86.910,86.910,1,4197.050,64,64,131,131
91,decode,pi: in.req_indices,9.530,9.530,9.530,1,4197.050,64,64,131,131
91,decode,pi: in.attn_state,29.020,29.020,29.020,1,4197.050,64,64,131,131
91,decode,pi: in.positions,25.420,25.420,25.420,1,4197.050,64,64,131,131
91,decode,pi: in.prev_positions,41.140,41.140,41.140,1,4197.050,64,64,131,131
91,decode,pi: in.token_indices_select,26.590,26.590,26.590,1,4197.050,64,64,131,131
91,decode,pi: in.query_start_loc,26.400,26.400,26.400,1,4197.050,64,64,131,131
91,decode,pi: in.optimistic_seq_lens,48.430,48.430,48.430,1,4197.050,64,64,131,131
91,decode,pi: in.prepare_input_ids,232.990,232.990,232.990,1,4197.050,64,64,131,131
91,decode,pi: in.mrope_positions,748.690,748.690,748.690,1,4197.050,64,64,131,131
91,decode,pi: in.discard_mask,71.830,71.830,71.830,1,4197.050,64,64,131,131
91,decode,pi: in.num_accepted_tokens,15.190,15.190,15.190,1,4197.050,64,64,131,131
91,decode,pi: in.num_computed_tokens,18.540,18.540,18.540,1,4197.050,64,64,131,131
91,decode,pi: in.tokens_to_gpu,63.230,63.230,63.230,1,4197.050,64,64,131,131
91,decode,pi: in.positions_assembly,112.070,112.070,112.070,1,4197.050,64,64,131,131
91,decode,pi: in.seq_lens,57.430,57.430,57.430,1,4197.050,64,64,131,131
91,decode,pi: in.slot_mapping,139.270,139.270,139.270,1,4197.050,64,64,131,131
91,decode,pi: in.mrope_drift,0.820,0.820,0.820,1,4197.050,64,64,131,131
91,decode,pi: in.logits_indices,40.010,40.010,37.400,2,4197.050,64,64,131,131
91,decode,pi: prepare_inputs,106.470,1899.980,1899.980,1,4197.050,64,64,131,131
91,decode,pi: cascade_attn_prefix_lens,11.340,11.340,11.340,1,4197.050,64,64,131,131
91,decode,pi: batch_exec_and_padding,50.000,50.000,50.000,1,4197.050,64,64,131,131
91,decode,pi: ubatch_slices,1.580,1.580,1.580,1,4197.050,64,64,131,131
91,decode,pi: pad_query_start_loc,28.800,28.800,28.800,1,4197.050,64,64,131,131
91,decode,pi: am.max_seq_len,18.890,18.890,18.890,1,4197.050,64,64,131,131
91,decode,pi: am.cm_base_pre,76.350,76.350,76.350,1,4197.050,64,64,131,131
91,decode,pi: am.builder_build,1067.920,1067.920,367.900,4,4197.050,64,64,131,131
91,decode,pi: am.layer_assign,8.260,8.260,2.240,4,4197.050,64,64,131,131
91,decode,pi: am.group_loop,72.900,1149.080,389.920,4,4197.050,64,64,131,131
91,decode,pi: build_attention_metadata,290.510,1534.830,1534.830,1,4197.050,64,64,131,131
91,decode,pi: sanitize_placeholder_ids,1.250,1.250,1.250,1,4197.050,64,64,131,131
91,decode,pi: sync_input_prep,106.820,3874.100,3874.100,1,4197.050,64,64,131,131
91,decode,pi: TOTAL,4197.050,4197.050,4197.050,1,4197.050,64,64,131,131
92,decode,pi: update_states,201.160,201.160,201.160,1,4163.240,64,64,131,131
92,decode,pi: tokens_list,4.670,4.670,4.670,1,4163.240,64,64,131,131
92,decode,pi: phase_classify,54.380,54.380,54.380,1,4163.240,64,64,131,131
92,decode,pi: in.block_table_commit,89.800,89.800,89.800,1,4163.240,64,64,131,131
92,decode,pi: in.req_indices,10.210,10.210,10.210,1,4163.240,64,64,131,131
92,decode,pi: in.attn_state,28.530,28.530,28.530,1,4163.240,64,64,131,131
92,decode,pi: in.positions,26.320,26.320,26.320,1,4163.240,64,64,131,131
92,decode,pi: in.prev_positions,41.010,41.010,41.010,1,4163.240,64,64,131,131
92,decode,pi: in.token_indices_select,27.870,27.870,27.870,1,4163.240,64,64,131,131
92,decode,pi: in.query_start_loc,27.490,27.490,27.490,1,4163.240,64,64,131,131
92,decode,pi: in.optimistic_seq_lens,49.250,49.250,49.250,1,4163.240,64,64,131,131
92,decode,pi: in.prepare_input_ids,234.030,234.030,234.030,1,4163.240,64,64,131,131
92,decode,pi: in.mrope_positions,748.220,748.220,748.220,1,4163.240,64,64,131,131
92,decode,pi: in.discard_mask,72.330,72.330,72.330,1,4163.240,64,64,131,131
92,decode,pi: in.num_accepted_tokens,14.700,14.700,14.700,1,4163.240,64,64,131,131
92,decode,pi: in.num_computed_tokens,19.170,19.170,19.170,1,4163.240,64,64,131,131
92,decode,pi: in.tokens_to_gpu,62.830,62.830,62.830,1,4163.240,64,64,131,131
92,decode,pi: in.positions_assembly,109.790,109.790,109.790,1,4163.240,64,64,131,131
92,decode,pi: in.seq_lens,57.590,57.590,57.590,1,4163.240,64,64,131,131
92,decode,pi: in.slot_mapping,138.310,138.310,138.310,1,4163.240,64,64,131,131
92,decode,pi: in.mrope_drift,0.860,0.860,0.860,1,4163.240,64,64,131,131
92,decode,pi: in.logits_indices,40.570,40.570,37.750,2,4163.240,64,64,131,131
92,decode,pi: prepare_inputs,106.150,1905.030,1905.030,1,4163.240,64,64,131,131
92,decode,pi: cascade_attn_prefix_lens,10.720,10.720,10.720,1,4163.240,64,64,131,131
92,decode,pi: batch_exec_and_padding,51.750,51.750,51.750,1,4163.240,64,64,131,131
92,decode,pi: ubatch_slices,1.560,1.560,1.560,1,4163.240,64,64,131,131
92,decode,pi: pad_query_start_loc,27.620,27.620,27.620,1,4163.240,64,64,131,131
92,decode,pi: am.max_seq_len,18.720,18.720,18.720,1,4163.240,64,64,131,131
92,decode,pi: am.cm_base_pre,75.380,75.380,75.380,1,4163.240,64,64,131,131
92,decode,pi: am.builder_build,1017.000,1017.000,324.470,4,4163.240,64,64,131,131
92,decode,pi: am.layer_assign,8.160,8.160,2.470,4,4163.240,64,64,131,131
92,decode,pi: am.group_loop,71.880,1097.040,346.170,4,4163.240,64,64,131,131
92,decode,pi: build_attention_metadata,285.120,1476.260,1476.260,1,4163.240,64,64,131,131
92,decode,pi: sanitize_placeholder_ids,1.180,1.180,1.180,1,4163.240,64,64,131,131
92,decode,pi: sync_input_prep,108.480,3842.810,3842.810,1,4163.240,64,64,131,131
92,decode,pi: TOTAL,4163.240,4163.240,4163.240,1,4163.240,64,64,131,131
93,decode,pi: update_states,179.900,179.900,179.900,1,4220.840,64,64,131,131
93,decode,pi: tokens_list,4.340,4.340,4.340,1,4220.840,64,64,131,131
93,decode,pi: phase_classify,54.590,54.590,54.590,1,4220.840,64,64,131,131
93,decode,pi: in.block_table_commit,91.590,91.590,91.590,1,4220.840,64,64,131,131
93,decode,pi: in.req_indices,10.740,10.740,10.740,1,4220.840,64,64,131,131
93,decode,pi: in.attn_state,27.910,27.910,27.910,1,4220.840,64,64,131,131
93,decode,pi: in.positions,26.730,26.730,26.730,1,4220.840,64,64,131,131
93,decode,pi: in.prev_positions,40.750,40.750,40.750,1,4220.840,64,64,131,131
93,decode,pi: in.token_indices_select,27.670,27.670,27.670,1,4220.840,64,64,131,131
93,decode,pi: in.query_start_loc,27.370,27.370,27.370,1,4220.840,64,64,131,131
93,decode,pi: in.optimistic_seq_lens,50.500,50.500,50.500,1,4220.840,64,64,131,131
93,decode,pi: in.prepare_input_ids,236.630,236.630,236.630,1,4220.840,64,64,131,131
93,decode,pi: in.mrope_positions,751.440,751.440,751.440,1,4220.840,64,64,131,131
93,decode,pi: in.discard_mask,74.500,74.500,74.500,1,4220.840,64,64,131,131
93,decode,pi: in.num_accepted_tokens,17.110,17.110,17.110,1,4220.840,64,64,131,131
93,decode,pi: in.num_computed_tokens,19.890,19.890,19.890,1,4220.840,64,64,131,131
93,decode,pi: in.tokens_to_gpu,105.580,105.580,105.580,1,4220.840,64,64,131,131
93,decode,pi: in.positions_assembly,114.000,114.000,114.000,1,4220.840,64,64,131,131
93,decode,pi: in.seq_lens,51.670,51.670,51.670,1,4220.840,64,64,131,131
93,decode,pi: in.slot_mapping,139.100,139.100,139.100,1,4220.840,64,64,131,131
93,decode,pi: in.mrope_drift,0.860,0.860,0.860,1,4220.840,64,64,131,131
93,decode,pi: in.logits_indices,40.930,40.930,38.390,2,4220.840,64,64,131,131
93,decode,pi: prepare_inputs,111.550,1966.520,1966.520,1,4220.840,64,64,131,131
93,decode,pi: cascade_attn_prefix_lens,10.780,10.780,10.780,1,4220.840,64,64,131,131
93,decode,pi: batch_exec_and_padding,51.500,51.500,51.500,1,4220.840,64,64,131,131
93,decode,pi: ubatch_slices,1.600,1.600,1.600,1,4220.840,64,64,131,131
93,decode,pi: pad_query_start_loc,28.750,28.750,28.750,1,4220.840,64,64,131,131
93,decode,pi: am.max_seq_len,18.500,18.500,18.500,1,4220.840,64,64,131,131
93,decode,pi: am.cm_base_pre,76.060,76.060,76.060,1,4220.840,64,64,131,131
93,decode,pi: am.builder_build,1023.890,1023.890,324.130,4,4220.840,64,64,131,131
93,decode,pi: am.layer_assign,8.340,8.340,2.300,4,4220.840,64,64,131,131
93,decode,pi: am.group_loop,71.680,1103.910,345.670,4,4220.840,64,64,131,131
93,decode,pi: build_attention_metadata,291.880,1490.350,1490.350,1,4220.840,64,64,131,131
93,decode,pi: sanitize_placeholder_ids,1.070,1.070,1.070,1,4220.840,64,64,131,131
93,decode,pi: sync_input_prep,108.070,3897.470,3897.470,1,4220.840,64,64,131,131
93,decode,pi: TOTAL,4220.840,4220.840,4220.840,1,4220.840,64,64,131,131
94,decode,pi: update_states,180.580,180.580,180.580,1,4186.760,64,64,131,131
94,decode,pi: tokens_list,4.370,4.370,4.370,1,4186.760,64,64,131,131
94,decode,pi: phase_classify,55.320,55.320,55.320,1,4186.760,64,64,131,131
94,decode,pi: in.block_table_commit,88.970,88.970,88.970,1,4186.760,64,64,131,131
94,decode,pi: in.req_indices,9.720,9.720,9.720,1,4186.760,64,64,131,131
94,decode,pi: in.attn_state,28.140,28.140,28.140,1,4186.760,64,64,131,131
94,decode,pi: in.positions,25.230,25.230,25.230,1,4186.760,64,64,131,131
94,decode,pi: in.prev_positions,41.510,41.510,41.510,1,4186.760,64,64,131,131
94,decode,pi: in.token_indices_select,27.260,27.260,27.260,1,4186.760,64,64,131,131
94,decode,pi: in.query_start_loc,27.710,27.710,27.710,1,4186.760,64,64,131,131
94,decode,pi: in.optimistic_seq_lens,50.020,50.020,50.020,1,4186.760,64,64,131,131
94,decode,pi: in.prepare_input_ids,232.960,232.960,232.960,1,4186.760,64,64,131,131
94,decode,pi: in.mrope_positions,753.410,753.410,753.410,1,4186.760,64,64,131,131
94,decode,pi: in.discard_mask,71.600,71.600,71.600,1,4186.760,64,64,131,131
94,decode,pi: in.num_accepted_tokens,14.710,14.710,14.710,1,4186.760,64,64,131,131
94,decode,pi: in.num_computed_tokens,18.460,18.460,18.460,1,4186.760,64,64,131,131
94,decode,pi: in.tokens_to_gpu,62.550,62.550,62.550,1,4186.760,64,64,131,131
94,decode,pi: in.positions_assembly,107.540,107.540,107.540,1,4186.760,64,64,131,131
94,decode,pi: in.seq_lens,56.790,56.790,56.790,1,4186.760,64,64,131,131
94,decode,pi: in.slot_mapping,136.910,136.910,136.910,1,4186.760,64,64,131,131
94,decode,pi: in.mrope_drift,0.860,0.860,0.860,1,4186.760,64,64,131,131
94,decode,pi: in.logits_indices,40.940,40.940,37.960,2,4186.760,64,64,131,131
94,decode,pi: prepare_inputs,109.210,1904.500,1904.500,1,4186.760,64,64,131,131
94,decode,pi: cascade_attn_prefix_lens,10.650,10.650,10.650,1,4186.760,64,64,131,131
94,decode,pi: batch_exec_and_padding,51.060,51.060,51.060,1,4186.760,64,64,131,131
94,decode,pi: ubatch_slices,1.600,1.600,1.600,1,4186.760,64,64,131,131
94,decode,pi: pad_query_start_loc,28.140,28.140,28.140,1,4186.760,64,64,131,131
94,decode,pi: am.max_seq_len,17.570,17.570,17.570,1,4186.760,64,64,131,131
94,decode,pi: am.cm_base_pre,75.600,75.600,75.600,1,4186.760,64,64,131,131
94,decode,pi: am.builder_build,1053.590,1053.590,328.600,4,4186.760,64,64,131,131
94,decode,pi: am.layer_assign,8.720,8.720,2.330,4,4186.760,64,64,131,131
94,decode,pi: am.group_loop,73.900,1136.210,350.030,4,4186.760,64,64,131,131
94,decode,pi: build_attention_metadata,291.560,1520.940,1520.940,1,4186.760,64,64,131,131
94,decode,pi: sanitize_placeholder_ids,1.140,1.140,1.140,1,4186.760,64,64,131,131
94,decode,pi: sync_input_prep,106.540,3864.840,3864.840,1,4186.760,64,64,131,131
94,decode,pi: TOTAL,4186.760,4186.760,4186.760,1,4186.760,64,64,131,131
95,decode,pi: update_states,180.810,180.810,180.810,1,4212.700,64,64,131,131
95,decode,pi: tokens_list,4.310,4.310,4.310,1,4212.700,64,64,131,131
95,decode,pi: phase_classify,55.230,55.230,55.230,1,4212.700,64,64,131,131
95,decode,pi: in.block_table_commit,86.140,86.140,86.140,1,4212.700,64,64,131,131
95,decode,pi: in.req_indices,10.010,10.010,10.010,1,4212.700,64,64,131,131
95,decode,pi: in.attn_state,27.710,27.710,27.710,1,4212.700,64,64,131,131
95,decode,pi: in.positions,25.500,25.500,25.500,1,4212.700,64,64,131,131
95,decode,pi: in.prev_positions,41.970,41.970,41.970,1,4212.700,64,64,131,131
95,decode,pi: in.token_indices_select,26.360,26.360,26.360,1,4212.700,64,64,131,131
95,decode,pi: in.query_start_loc,24.780,24.780,24.780,1,4212.700,64,64,131,131
95,decode,pi: in.optimistic_seq_lens,48.350,48.350,48.350,1,4212.700,64,64,131,131
95,decode,pi: in.prepare_input_ids,268.850,268.850,268.850,1,4212.700,64,64,131,131
95,decode,pi: in.mrope_positions,749.310,749.310,749.310,1,4212.700,64,64,131,131
95,decode,pi: in.discard_mask,73.840,73.840,73.840,1,4212.700,64,64,131,131
95,decode,pi: in.num_accepted_tokens,15.020,15.020,15.020,1,4212.700,64,64,131,131
95,decode,pi: in.num_computed_tokens,18.340,18.340,18.340,1,4212.700,64,64,131,131
95,decode,pi: in.tokens_to_gpu,63.520,63.520,63.520,1,4212.700,64,64,131,131
95,decode,pi: in.positions_assembly,110.080,110.080,110.080,1,4212.700,64,64,131,131
95,decode,pi: in.seq_lens,56.200,56.200,56.200,1,4212.700,64,64,131,131
95,decode,pi: in.slot_mapping,137.720,137.720,137.720,1,4212.700,64,64,131,131
95,decode,pi: in.mrope_drift,0.940,0.940,0.940,1,4212.700,64,64,131,131
95,decode,pi: in.logits_indices,39.750,39.750,37.180,2,4212.700,64,64,131,131
95,decode,pi: prepare_inputs,106.280,1930.670,1930.670,1,4212.700,64,64,131,131
95,decode,pi: cascade_attn_prefix_lens,11.060,11.060,11.060,1,4212.700,64,64,131,131
95,decode,pi: batch_exec_and_padding,50.500,50.500,50.500,1,4212.700,64,64,131,131
95,decode,pi: ubatch_slices,1.640,1.640,1.640,1,4212.700,64,64,131,131
95,decode,pi: pad_query_start_loc,27.760,27.760,27.760,1,4212.700,64,64,131,131
95,decode,pi: am.max_seq_len,18.680,18.680,18.680,1,4212.700,64,64,131,131
95,decode,pi: am.cm_base_pre,75.500,75.500,75.500,1,4212.700,64,64,131,131
95,decode,pi: am.builder_build,1043.490,1043.490,326.970,4,4212.700,64,64,131,131
95,decode,pi: am.layer_assign,8.200,8.200,2.350,4,4212.700,64,64,131,131
95,decode,pi: am.group_loop,73.710,1125.400,349.050,4,4212.700,64,64,131,131
95,decode,pi: build_attention_metadata,296.140,1515.720,1515.720,1,4212.700,64,64,131,131
95,decode,pi: sanitize_placeholder_ids,1.140,1.140,1.140,1,4212.700,64,64,131,131
95,decode,pi: sync_input_prep,104.720,3883.560,3883.560,1,4212.700,64,64,131,131
95,decode,pi: TOTAL,4212.700,4212.700,4212.700,1,4212.700,64,64,131,131
96,decode,pi: update_states,179.090,179.090,179.090,1,4182.400,64,64,131,131
96,decode,pi: tokens_list,4.230,4.230,4.230,1,4182.400,64,64,131,131
96,decode,pi: phase_classify,55.100,55.100,55.100,1,4182.400,64,64,131,131
96,decode,pi: in.block_table_commit,88.220,88.220,88.220,1,4182.400,64,64,131,131
96,decode,pi: in.req_indices,9.260,9.260,9.260,1,4182.400,64,64,131,131
96,decode,pi: in.attn_state,27.860,27.860,27.860,1,4182.400,64,64,131,131
96,decode,pi: in.positions,25.330,25.330,25.330,1,4182.400,64,64,131,131
96,decode,pi: in.prev_positions,42.460,42.460,42.460,1,4182.400,64,64,131,131
96,decode,pi: in.token_indices_select,26.770,26.770,26.770,1,4182.400,64,64,131,131
96,decode,pi: in.query_start_loc,26.330,26.330,26.330,1,4182.400,64,64,131,131
96,decode,pi: in.optimistic_seq_lens,50.460,50.460,50.460,1,4182.400,64,64,131,131
96,decode,pi: in.prepare_input_ids,238.800,238.800,238.800,1,4182.400,64,64,131,131
96,decode,pi: in.mrope_positions,751.640,751.640,751.640,1,4182.400,64,64,131,131
96,decode,pi: in.discard_mask,74.370,74.370,74.370,1,4182.400,64,64,131,131
96,decode,pi: in.num_accepted_tokens,14.740,14.740,14.740,1,4182.400,64,64,131,131
96,decode,pi: in.num_computed_tokens,20.340,20.340,20.340,1,4182.400,64,64,131,131
96,decode,pi: in.tokens_to_gpu,62.530,62.530,62.530,1,4182.400,64,64,131,131
96,decode,pi: in.positions_assembly,112.740,112.740,112.740,1,4182.400,64,64,131,131
96,decode,pi: in.seq_lens,57.310,57.310,57.310,1,4182.400,64,64,131,131
96,decode,pi: in.slot_mapping,138.730,138.730,138.730,1,4182.400,64,64,131,131
96,decode,pi: in.mrope_drift,0.820,0.820,0.820,1,4182.400,64,64,131,131
96,decode,pi: in.logits_indices,41.630,41.630,38.730,2,4182.400,64,64,131,131
96,decode,pi: prepare_inputs,110.920,1921.260,1921.260,1,4182.400,64,64,131,131
96,decode,pi: cascade_attn_prefix_lens,11.550,11.550,11.550,1,4182.400,64,64,131,131
96,decode,pi: batch_exec_and_padding,51.470,51.470,51.470,1,4182.400,64,64,131,131
96,decode,pi: ubatch_slices,1.500,1.500,1.500,1,4182.400,64,64,131,131
96,decode,pi: pad_query_start_loc,47.950,47.950,47.950,1,4182.400,64,64,131,131
96,decode,pi: am.max_seq_len,19.450,19.450,19.450,1,4182.400,64,64,131,131
96,decode,pi: am.cm_base_pre,75.940,75.940,75.940,1,4182.400,64,64,131,131
96,decode,pi: am.builder_build,1011.530,1011.530,321.300,4,4182.400,64,64,131,131
96,decode,pi: am.layer_assign,8.300,8.300,2.340,4,4182.400,64,64,131,131
96,decode,pi: am.group_loop,72.120,1091.950,342.800,4,4182.400,64,64,131,131
96,decode,pi: build_attention_metadata,290.320,1477.660,1477.660,1,4182.400,64,64,131,131
96,decode,pi: sanitize_placeholder_ids,1.080,1.080,1.080,1,4182.400,64,64,131,131
96,decode,pi: sync_input_prep,106.090,3856.980,3856.980,1,4182.400,64,64,131,131
96,decode,pi: TOTAL,4182.400,4182.400,4182.400,1,4182.400,64,64,131,131
97,decode,pi: update_states,179.240,179.240,179.240,1,4193.970,64,64,131,131
97,decode,pi: tokens_list,4.470,4.470,4.470,1,4193.970,64,64,131,131
97,decode,pi: phase_classify,54.170,54.170,54.170,1,4193.970,64,64,131,131
97,decode,pi: in.block_table_commit,88.640,88.640,88.640,1,4193.970,64,64,131,131
97,decode,pi: in.req_indices,9.530,9.530,9.530,1,4193.970,64,64,131,131
97,decode,pi: in.attn_state,28.110,28.110,28.110,1,4193.970,64,64,131,131
97,decode,pi: in.positions,25.260,25.260,25.260,1,4193.970,64,64,131,131
97,decode,pi: in.prev_positions,39.770,39.770,39.770,1,4193.970,64,64,131,131
97,decode,pi: in.token_indices_select,25.960,25.960,25.960,1,4193.970,64,64,131,131
97,decode,pi: in.query_start_loc,27.840,27.840,27.840,1,4193.970,64,64,131,131
97,decode,pi: in.optimistic_seq_lens,50.430,50.430,50.430,1,4193.970,64,64,131,131
97,decode,pi: in.prepare_input_ids,233.130,233.130,233.130,1,4193.970,64,64,131,131
97,decode,pi: in.mrope_positions,749.490,749.490,749.490,1,4193.970,64,64,131,131
97,decode,pi: in.discard_mask,72.170,72.170,72.170,1,4193.970,64,64,131,131
97,decode,pi: in.num_accepted_tokens,14.540,14.540,14.540,1,4193.970,64,64,131,131
97,decode,pi: in.num_computed_tokens,19.280,19.280,19.280,1,4193.970,64,64,131,131
97,decode,pi: in.tokens_to_gpu,66.410,66.410,66.410,1,4193.970,64,64,131,131
97,decode,pi: in.positions_assembly,111.940,111.940,111.940,1,4193.970,64,64,131,131
97,decode,pi: in.seq_lens,55.550,55.550,55.550,1,4193.970,64,64,131,131
97,decode,pi: in.slot_mapping,136.190,136.190,136.190,1,4193.970,64,64,131,131
97,decode,pi: in.mrope_drift,0.620,0.620,0.620,1,4193.970,64,64,131,131
97,decode,pi: in.logits_indices,39.110,39.110,36.700,2,4193.970,64,64,131,131
97,decode,pi: prepare_inputs,106.270,1900.240,1900.240,1,4193.970,64,64,131,131
97,decode,pi: cascade_attn_prefix_lens,10.810,10.810,10.810,1,4193.970,64,64,131,131
97,decode,pi: batch_exec_and_padding,50.130,50.130,50.130,1,4193.970,64,64,131,131
97,decode,pi: ubatch_slices,1.590,1.590,1.590,1,4193.970,64,64,131,131
97,decode,pi: pad_query_start_loc,27.950,27.950,27.950,1,4193.970,64,64,131,131
97,decode,pi: am.max_seq_len,18.050,18.050,18.050,1,4193.970,64,64,131,131
97,decode,pi: am.cm_base_pre,76.600,76.600,76.600,1,4193.970,64,64,131,131
97,decode,pi: am.builder_build,1018.590,1018.590,325.960,4,4193.970,64,64,131,131
97,decode,pi: am.layer_assign,8.470,8.470,2.340,4,4193.970,64,64,131,131
97,decode,pi: am.group_loop,74.040,1101.100,348.230,4,4193.970,64,64,131,131
97,decode,pi: build_attention_metadata,293.160,1488.910,1488.910,1,4193.970,64,64,131,131
97,decode,pi: sanitize_placeholder_ids,1.190,1.190,1.190,1,4193.970,64,64,131,131
97,decode,pi: sync_input_prep,103.300,3822.000,3822.000,1,4193.970,64,64,131,131
97,decode,pi: TOTAL,4193.970,4193.970,4193.970,1,4193.970,64,64,131,131
98,decode,pi: update_states,179.930,179.930,179.930,1,4176.900,64,64,131,131
98,decode,pi: tokens_list,4.270,4.270,4.270,1,4176.900,64,64,131,131
98,decode,pi: phase_classify,53.900,53.900,53.900,1,4176.900,64,64,131,131
98,decode,pi: in.block_table_commit,92.380,92.380,92.380,1,4176.900,64,64,131,131
98,decode,pi: in.req_indices,10.040,10.040,10.040,1,4176.900,64,64,131,131
98,decode,pi: in.attn_state,28.750,28.750,28.750,1,4176.900,64,64,131,131
98,decode,pi: in.positions,25.540,25.540,25.540,1,4176.900,64,64,131,131
98,decode,pi: in.prev_positions,41.980,41.980,41.980,1,4176.900,64,64,131,131
98,decode,pi: in.token_indices_select,27.510,27.510,27.510,1,4176.900,64,64,131,131
98,decode,pi: in.query_start_loc,27.120,27.120,27.120,1,4176.900,64,64,131,131
98,decode,pi: in.optimistic_seq_lens,48.380,48.380,48.380,1,4176.900,64,64,131,131
98,decode,pi: in.prepare_input_ids,235.990,235.990,235.990,1,4176.900,64,64,131,131
98,decode,pi: in.mrope_positions,764.620,764.620,764.620,1,4176.900,64,64,131,131
98,decode,pi: in.discard_mask,73.290,73.290,73.290,1,4176.900,64,64,131,131
98,decode,pi: in.num_accepted_tokens,14.900,14.900,14.900,1,4176.900,64,64,131,131
98,decode,pi: in.num_computed_tokens,20.950,20.950,20.950,1,4176.900,64,64,131,131
98,decode,pi: in.tokens_to_gpu,63.890,63.890,63.890,1,4176.900,64,64,131,131
98,decode,pi: in.positions_assembly,108.180,108.180,108.180,1,4176.900,64,64,131,131
98,decode,pi: in.seq_lens,54.450,54.450,54.450,1,4176.900,64,64,131,131
98,decode,pi: in.slot_mapping,137.050,137.050,137.050,1,4176.900,64,64,131,131
98,decode,pi: in.mrope_drift,0.830,0.830,0.830,1,4176.900,64,64,131,131
98,decode,pi: in.logits_indices,39.940,39.940,36.870,2,4176.900,64,64,131,131
98,decode,pi: prepare_inputs,106.630,1922.420,1922.420,1,4176.900,64,64,131,131
98,decode,pi: cascade_attn_prefix_lens,10.870,10.870,10.870,1,4176.900,64,64,131,131
98,decode,pi: batch_exec_and_padding,50.930,50.930,50.930,1,4176.900,64,64,131,131
98,decode,pi: ubatch_slices,1.620,1.620,1.620,1,4176.900,64,64,131,131
98,decode,pi: pad_query_start_loc,27.330,27.330,27.330,1,4176.900,64,64,131,131
98,decode,pi: am.max_seq_len,18.550,18.550,18.550,1,4176.900,64,64,131,131
98,decode,pi: am.cm_base_pre,78.630,78.630,78.630,1,4176.900,64,64,131,131
98,decode,pi: am.builder_build,1019.930,1019.930,327.630,4,4176.900,64,64,131,131
98,decode,pi: am.layer_assign,8.560,8.560,2.380,4,4176.900,64,64,131,131
98,decode,pi: am.group_loop,72.420,1100.910,349.320,4,4176.900,64,64,131,131
98,decode,pi: build_attention_metadata,288.620,1486.710,1486.710,1,4176.900,64,64,131,131
98,decode,pi: sanitize_placeholder_ids,1.270,1.270,1.270,1,4176.900,64,64,131,131
98,decode,pi: sync_input_prep,107.290,3846.540,3846.540,1,4176.900,64,64,131,131
98,decode,pi: TOTAL,4176.900,4176.900,4176.900,1,4176.900,64,64,131,131
99,decode,pi: update_states,176.970,176.970,176.970,1,4168.410,64,64,131,131
99,decode,pi: tokens_list,4.410,4.410,4.410,1,4168.410,64,64,131,131
99,decode,pi: phase_classify,55.200,55.200,55.200,1,4168.410,64,64,131,131
99,decode,pi: in.block_table_commit,84.240,84.240,84.240,1,4168.410,64,64,131,131
99,decode,pi: in.req_indices,9.400,9.400,9.400,1,4168.410,64,64,131,131
99,decode,pi: in.attn_state,27.990,27.990,27.990,1,4168.410,64,64,131,131
99,decode,pi: in.positions,25.450,25.450,25.450,1,4168.410,64,64,131,131
99,decode,pi: in.prev_positions,40.090,40.090,40.090,1,4168.410,64,64,131,131
99,decode,pi: in.token_indices_select,27.180,27.180,27.180,1,4168.410,64,64,131,131
99,decode,pi: in.query_start_loc,27.630,27.630,27.630,1,4168.410,64,64,131,131
99,decode,pi: in.optimistic_seq_lens,49.450,49.450,49.450,1,4168.410,64,64,131,131
99,decode,pi: in.prepare_input_ids,234.590,234.590,234.590,1,4168.410,64,64,131,131
99,decode,pi: in.mrope_positions,745.900,745.900,745.900,1,4168.410,64,64,131,131
99,decode,pi: in.discard_mask,73.120,73.120,73.120,1,4168.410,64,64,131,131
99,decode,pi: in.num_accepted_tokens,14.400,14.400,14.400,1,4168.410,64,64,131,131
99,decode,pi: in.num_computed_tokens,18.130,18.130,18.130,1,4168.410,64,64,131,131
99,decode,pi: in.tokens_to_gpu,63.220,63.220,63.220,1,4168.410,64,64,131,131
99,decode,pi: in.positions_assembly,112.040,112.040,112.040,1,4168.410,64,64,131,131
99,decode,pi: in.seq_lens,58.140,58.140,58.140,1,4168.410,64,64,131,131
99,decode,pi: in.slot_mapping,135.890,135.890,135.890,1,4168.410,64,64,131,131
99,decode,pi: in.mrope_drift,0.660,0.660,0.660,1,4168.410,64,64,131,131
99,decode,pi: in.logits_indices,40.800,40.800,38.350,2,4168.410,64,64,131,131
99,decode,pi: prepare_inputs,103.630,1891.950,1891.950,1,4168.410,64,64,131,131
99,decode,pi: cascade_attn_prefix_lens,10.700,10.700,10.700,1,4168.410,64,64,131,131
99,decode,pi: batch_exec_and_padding,50.470,50.470,50.470,1,4168.410,64,64,131,131
99,decode,pi: ubatch_slices,1.530,1.530,1.530,1,4168.410,64,64,131,131
99,decode,pi: pad_query_start_loc,27.580,27.580,27.580,1,4168.410,64,64,131,131
99,decode,pi: am.max_seq_len,18.930,18.930,18.930,1,4168.410,64,64,131,131
99,decode,pi: am.cm_base_pre,75.040,75.040,75.040,1,4168.410,64,64,131,131
99,decode,pi: am.builder_build,1036.460,1036.460,330.730,4,4168.410,64,64,131,131
99,decode,pi: am.layer_assign,8.500,8.500,2.450,4,4168.410,64,64,131,131
99,decode,pi: am.group_loop,85.650,1130.610,365.620,4,4168.410,64,64,131,131
99,decode,pi: build_attention_metadata,294.950,1519.530,1519.530,1,4168.410,64,64,131,131
99,decode,pi: sanitize_placeholder_ids,1.180,1.180,1.180,1,4168.410,64,64,131,131
99,decode,pi: sync_input_prep,105.300,3844.820,3844.820,1,4168.410,64,64,131,131
99,decode,pi: TOTAL,4168.410,4168.410,4168.410,1,4168.410,64,64,131,131
100,decode,pi: update_states,176.860,176.860,176.860,1,4176.280,64,64,131,131
100,decode,pi: tokens_list,4.540,4.540,4.540,1,4176.280,64,64,131,131
100,decode,pi: phase_classify,54.730,54.730,54.730,1,4176.280,64,64,131,131
100,decode,pi: in.block_table_commit,85.490,85.490,85.490,1,4176.280,64,64,131,131
100,decode,pi: in.req_indices,9.390,9.390,9.390,1,4176.280,64,64,131,131
100,decode,pi: in.attn_state,27.780,27.780,27.780,1,4176.280,64,64,131,131
100,decode,pi: in.positions,25.400,25.400,25.400,1,4176.280,64,64,131,131
100,decode,pi: in.prev_positions,40.220,40.220,40.220,1,4176.280,64,64,131,131
100,decode,pi: in.token_indices_select,27.040,27.040,27.040,1,4176.280,64,64,131,131
100,decode,pi: in.query_start_loc,38.640,38.640,38.640,1,4176.280,64,64,131,131
100,decode,pi: in.optimistic_seq_lens,50.140,50.140,50.140,1,4176.280,64,64,131,131
100,decode,pi: in.prepare_input_ids,233.870,233.870,233.870,1,4176.280,64,64,131,131
100,decode,pi: in.mrope_positions,748.150,748.150,748.150,1,4176.280,64,64,131,131
100,decode,pi: in.discard_mask,72.760,72.760,72.760,1,4176.280,64,64,131,131
100,decode,pi: in.num_accepted_tokens,14.720,14.720,14.720,1,4176.280,64,64,131,131
100,decode,pi: in.num_computed_tokens,18.230,18.230,18.230,1,4176.280,64,64,131,131
100,decode,pi: in.tokens_to_gpu,63.230,63.230,63.230,1,4176.280,64,64,131,131
100,decode,pi: in.positions_assembly,108.680,108.680,108.680,1,4176.280,64,64,131,131
100,decode,pi: in.seq_lens,52.090,52.090,52.090,1,4176.280,64,64,131,131
100,decode,pi: in.slot_mapping,138.240,138.240,138.240,1,4176.280,64,64,131,131
100,decode,pi: in.mrope_drift,0.850,0.850,0.850,1,4176.280,64,64,131,131
100,decode,pi: in.logits_indices,39.250,39.250,36.580,2,4176.280,64,64,131,131
100,decode,pi: prepare_inputs,106.810,1900.980,1900.980,1,4176.280,64,64,131,131
100,decode,pi: cascade_attn_prefix_lens,10.620,10.620,10.620,1,4176.280,64,64,131,131
100,decode,pi: batch_exec_and_padding,52.760,52.760,52.760,1,4176.280,64,64,131,131
100,decode,pi: ubatch_slices,1.510,1.510,1.510,1,4176.280,64,64,131,131
100,decode,pi: pad_query_start_loc,28.130,28.130,28.130,1,4176.280,64,64,131,131
100,decode,pi: am.max_seq_len,18.240,18.240,18.240,1,4176.280,64,64,131,131
100,decode,pi: am.cm_base_pre,80.380,80.380,80.380,1,4176.280,64,64,131,131
100,decode,pi: am.builder_build,1031.190,1031.190,332.550,4,4176.280,64,64,131,131
100,decode,pi: am.layer_assign,8.600,8.600,2.350,4,4176.280,64,64,131,131
100,decode,pi: am.group_loop,72.850,1112.640,354.610,4,4176.280,64,64,131,131
100,decode,pi: build_attention_metadata,297.930,1509.190,1509.190,1,4176.280,64,64,131,131
100,decode,pi: sanitize_placeholder_ids,1.360,1.360,1.360,1,4176.280,64,64,131,131
100,decode,pi: sync_input_prep,106.180,3846.860,3846.860,1,4176.280,64,64,131,131
100,decode,pi: TOTAL,4176.280,4176.280,4176.280,1,4176.280,64,64,131,131
101,decode,pi: update_states,178.790,178.790,178.790,1,4188.840,64,64,131,131
101,decode,pi: tokens_list,4.130,4.130,4.130,1,4188.840,64,64,131,131
101,decode,pi: phase_classify,54.820,54.820,54.820,1,4188.840,64,64,131,131
101,decode,pi: in.block_table_commit,86.040,86.040,86.040,1,4188.840,64,64,131,131
101,decode,pi: in.req_indices,9.520,9.520,9.520,1,4188.840,64,64,131,131
101,decode,pi: in.attn_state,27.650,27.650,27.650,1,4188.840,64,64,131,131
101,decode,pi: in.positions,25.950,25.950,25.950,1,4188.840,64,64,131,131
101,decode,pi: in.prev_positions,41.760,41.760,41.760,1,4188.840,64,64,131,131
101,decode,pi: in.token_indices_select,27.300,27.300,27.300,1,4188.840,64,64,131,131
101,decode,pi: in.query_start_loc,28.110,28.110,28.110,1,4188.840,64,64,131,131
101,decode,pi: in.optimistic_seq_lens,48.610,48.610,48.610,1,4188.840,64,64,131,131
101,decode,pi: in.prepare_input_ids,235.180,235.180,235.180,1,4188.840,64,64,131,131
101,decode,pi: in.mrope_positions,751.940,751.940,751.940,1,4188.840,64,64,131,131
101,decode,pi: in.discard_mask,73.730,73.730,73.730,1,4188.840,64,64,131,131
101,decode,pi: in.num_accepted_tokens,15.340,15.340,15.340,1,4188.840,64,64,131,131
101,decode,pi: in.num_computed_tokens,17.030,17.030,17.030,1,4188.840,64,64,131,131
101,decode,pi: in.tokens_to_gpu,61.060,61.060,61.060,1,4188.840,64,64,131,131
101,decode,pi: in.positions_assembly,115.150,115.150,115.150,1,4188.840,64,64,131,131
101,decode,pi: in.seq_lens,69.660,69.660,69.660,1,4188.840,64,64,131,131
101,decode,pi: in.slot_mapping,140.460,140.460,140.460,1,4188.840,64,64,131,131
101,decode,pi: in.mrope_drift,0.810,0.810,0.810,1,4188.840,64,64,131,131
101,decode,pi: in.logits_indices,41.960,41.960,39.270,2,4188.840,64,64,131,131
101,decode,pi: prepare_inputs,105.880,1923.140,1923.140,1,4188.840,64,64,131,131
101,decode,pi: cascade_attn_prefix_lens,11.200,11.200,11.200,1,4188.840,64,64,131,131
101,decode,pi: batch_exec_and_padding,51.740,51.740,51.740,1,4188.840,64,64,131,131
101,decode,pi: ubatch_slices,1.610,1.610,1.610,1,4188.840,64,64,131,131
101,decode,pi: pad_query_start_loc,27.970,27.970,27.970,1,4188.840,64,64,131,131
101,decode,pi: am.max_seq_len,18.540,18.540,18.540,1,4188.840,64,64,131,131
101,decode,pi: am.cm_base_pre,75.410,75.410,75.410,1,4188.840,64,64,131,131
101,decode,pi: am.builder_build,1026.660,1026.660,322.480,4,4188.840,64,64,131,131
101,decode,pi: am.layer_assign,8.470,8.470,2.280,4,4188.840,64,64,131,131
101,decode,pi: am.group_loop,72.800,1107.930,343.910,4,4188.840,64,64,131,131
101,decode,pi: build_attention_metadata,296.900,1498.780,1498.780,1,4188.840,64,64,131,131
101,decode,pi: sanitize_placeholder_ids,1.120,1.120,1.120,1,4188.840,64,64,131,131
101,decode,pi: sync_input_prep,105.470,3858.770,3858.770,1,4188.840,64,64,131,131
101,decode,pi: TOTAL,4188.840,4188.840,4188.840,1,4188.840,64,64,131,131
102,decode,pi: update_states,181.820,181.820,181.820,1,4156.270,64,64,131,131
102,decode,pi: tokens_list,4.520,4.520,4.520,1,4156.270,64,64,131,131
102,decode,pi: phase_classify,54.040,54.040,54.040,1,4156.270,64,64,131,131
102,decode,pi: in.block_table_commit,86.710,86.710,86.710,1,4156.270,64,64,131,131
102,decode,pi: in.req_indices,9.960,9.960,9.960,1,4156.270,64,64,131,131
102,decode,pi: in.attn_state,27.350,27.350,27.350,1,4156.270,64,64,131,131
102,decode,pi: in.positions,25.170,25.170,25.170,1,4156.270,64,64,131,131
102,decode,pi: in.prev_positions,40.120,40.120,40.120,1,4156.270,64,64,131,131
102,decode,pi: in.token_indices_select,27.220,27.220,27.220,1,4156.270,64,64,131,131
102,decode,pi: in.query_start_loc,25.710,25.710,25.710,1,4156.270,64,64,131,131
102,decode,pi: in.optimistic_seq_lens,48.630,48.630,48.630,1,4156.270,64,64,131,131
102,decode,pi: in.prepare_input_ids,233.930,233.930,233.930,1,4156.270,64,64,131,131
102,decode,pi: in.mrope_positions,747.690,747.690,747.690,1,4156.270,64,64,131,131
102,decode,pi: in.discard_mask,74.540,74.540,74.540,1,4156.270,64,64,131,131
102,decode,pi: in.num_accepted_tokens,14.840,14.840,14.840,1,4156.270,64,64,131,131
102,decode,pi: in.num_computed_tokens,18.280,18.280,18.280,1,4156.270,64,64,131,131
102,decode,pi: in.tokens_to_gpu,63.610,63.610,63.610,1,4156.270,64,64,131,131
102,decode,pi: in.positions_assembly,108.980,108.980,108.980,1,4156.270,64,64,131,131
102,decode,pi: in.seq_lens,53.160,53.160,53.160,1,4156.270,64,64,131,131
102,decode,pi: in.slot_mapping,138.440,138.440,138.440,1,4156.270,64,64,131,131
102,decode,pi: in.mrope_drift,0.830,0.830,0.830,1,4156.270,64,64,131,131
102,decode,pi: in.logits_indices,40.510,40.510,37.790,2,4156.270,64,64,131,131
102,decode,pi: prepare_inputs,105.890,1891.570,1891.570,1,4156.270,64,64,131,131
102,decode,pi: cascade_attn_prefix_lens,10.680,10.680,10.680,1,4156.270,64,64,131,131
102,decode,pi: batch_exec_and_padding,52.020,52.020,52.020,1,4156.270,64,64,131,131
102,decode,pi: ubatch_slices,1.590,1.590,1.590,1,4156.270,64,64,131,131
102,decode,pi: pad_query_start_loc,29.460,29.460,29.460,1,4156.270,64,64,131,131
102,decode,pi: am.max_seq_len,18.100,18.100,18.100,1,4156.270,64,64,131,131
102,decode,pi: am.cm_base_pre,76.380,76.380,76.380,1,4156.270,64,64,131,131
102,decode,pi: am.builder_build,1037.510,1037.510,323.940,4,4156.270,64,64,131,131
102,decode,pi: am.layer_assign,8.830,8.830,2.460,4,4156.270,64,64,131,131
102,decode,pi: am.group_loop,72.470,1118.810,345.360,4,4156.270,64,64,131,131
102,decode,pi: build_attention_metadata,287.980,1501.270,1501.270,1,4156.270,64,64,131,131
102,decode,pi: sanitize_placeholder_ids,1.290,1.290,1.290,1,4156.270,64,64,131,131
102,decode,pi: sync_input_prep,105.330,3833.590,3833.590,1,4156.270,64,64,131,131
102,decode,pi: TOTAL,4156.270,4156.270,4156.270,1,4156.270,64,64,131,131
103,decode,pi: update_states,179.440,179.440,179.440,1,4202.400,64,64,131,131
103,decode,pi: tokens_list,4.350,4.350,4.350,1,4202.400,64,64,131,131
103,decode,pi: phase_classify,54.450,54.450,54.450,1,4202.400,64,64,131,131
103,decode,pi: in.block_table_commit,87.750,87.750,87.750,1,4202.400,64,64,131,131
103,decode,pi: in.req_indices,9.460,9.460,9.460,1,4202.400,64,64,131,131
103,decode,pi: in.attn_state,27.600,27.600,27.600,1,4202.400,64,64,131,131
103,decode,pi: in.positions,24.650,24.650,24.650,1,4202.400,64,64,131,131
103,decode,pi: in.prev_positions,39.530,39.530,39.530,1,4202.400,64,64,131,131
103,decode,pi: in.token_indices_select,27.250,27.250,27.250,1,4202.400,64,64,131,131
103,decode,pi: in.query_start_loc,26.940,26.940,26.940,1,4202.400,64,64,131,131
103,decode,pi: in.optimistic_seq_lens,49.400,49.400,49.400,1,4202.400,64,64,131,131
103,decode,pi: in.prepare_input_ids,233.590,233.590,233.590,1,4202.400,64,64,131,131
103,decode,pi: in.mrope_positions,769.570,769.570,769.570,1,4202.400,64,64,131,131
103,decode,pi: in.discard_mask,74.750,74.750,74.750,1,4202.400,64,64,131,131
103,decode,pi: in.num_accepted_tokens,15.410,15.410,15.410,1,4202.400,64,64,131,131
103,decode,pi: in.num_computed_tokens,18.690,18.690,18.690,1,4202.400,64,64,131,131
103,decode,pi: in.tokens_to_gpu,65.540,65.540,65.540,1,4202.400,64,64,131,131
103,decode,pi: in.positions_assembly,113.830,113.830,113.830,1,4202.400,64,64,131,131
103,decode,pi: in.seq_lens,59.050,59.050,59.050,1,4202.400,64,64,131,131
103,decode,pi: in.slot_mapping,136.990,136.990,136.990,1,4202.400,64,64,131,131
103,decode,pi: in.mrope_drift,0.800,0.800,0.800,1,4202.400,64,64,131,131
103,decode,pi: in.logits_indices,40.480,40.480,37.630,2,4202.400,64,64,131,131
103,decode,pi: prepare_inputs,106.980,1928.260,1928.260,1,4202.400,64,64,131,131
103,decode,pi: cascade_attn_prefix_lens,10.550,10.550,10.550,1,4202.400,64,64,131,131
103,decode,pi: batch_exec_and_padding,50.680,50.680,50.680,1,4202.400,64,64,131,131
103,decode,pi: ubatch_slices,1.510,1.510,1.510,1,4202.400,64,64,131,131
103,decode,pi: pad_query_start_loc,27.910,27.910,27.910,1,4202.400,64,64,131,131
103,decode,pi: am.max_seq_len,19.060,19.060,19.060,1,4202.400,64,64,131,131
103,decode,pi: am.cm_base_pre,76.120,76.120,76.120,1,4202.400,64,64,131,131
103,decode,pi: am.builder_build,1032.210,1032.210,323.400,4,4202.400,64,64,131,131
103,decode,pi: am.layer_assign,8.610,8.610,2.400,4,4202.400,64,64,131,131
103,decode,pi: am.group_loop,73.520,1114.340,344.560,4,4202.400,64,64,131,131
103,decode,pi: build_attention_metadata,296.040,1505.560,1505.560,1,4202.400,64,64,131,131
103,decode,pi: sanitize_placeholder_ids,1.220,1.220,1.220,1,4202.400,64,64,131,131
103,decode,pi: sync_input_prep,107.870,3871.800,3871.800,1,4202.400,64,64,131,131
103,decode,pi: TOTAL,4202.400,4202.400,4202.400,1,4202.400,64,64,131,131
104,decode,pi: update_states,182.220,182.220,182.220,1,4202.580,64,64,131,131
104,decode,pi: tokens_list,4.520,4.520,4.520,1,4202.580,64,64,131,131
104,decode,pi: phase_classify,54.650,54.650,54.650,1,4202.580,64,64,131,131
104,decode,pi: in.block_table_commit,87.400,87.400,87.400,1,4202.580,64,64,131,131
104,decode,pi: in.req_indices,9.460,9.460,9.460,1,4202.580,64,64,131,131
104,decode,pi: in.attn_state,28.420,28.420,28.420,1,4202.580,64,64,131,131
104,decode,pi: in.positions,25.650,25.650,25.650,1,4202.580,64,64,131,131
104,decode,pi: in.prev_positions,40.250,40.250,40.250,1,4202.580,64,64,131,131
104,decode,pi: in.token_indices_select,26.950,26.950,26.950,1,4202.580,64,64,131,131
104,decode,pi: in.query_start_loc,29.490,29.490,29.490,1,4202.580,64,64,131,131
104,decode,pi: in.optimistic_seq_lens,49.770,49.770,49.770,1,4202.580,64,64,131,131
104,decode,pi: in.prepare_input_ids,234.940,234.940,234.940,1,4202.580,64,64,131,131
104,decode,pi: in.mrope_positions,753.110,753.110,753.110,1,4202.580,64,64,131,131
104,decode,pi: in.discard_mask,73.670,73.670,73.670,1,4202.580,64,64,131,131
104,decode,pi: in.num_accepted_tokens,16.740,16.740,16.740,1,4202.580,64,64,131,131
104,decode,pi: in.num_computed_tokens,19.040,19.040,19.040,1,4202.580,64,64,131,131
104,decode,pi: in.tokens_to_gpu,62.030,62.030,62.030,1,4202.580,64,64,131,131
104,decode,pi: in.positions_assembly,111.830,111.830,111.830,1,4202.580,64,64,131,131
104,decode,pi: in.seq_lens,57.900,57.900,57.900,1,4202.580,64,64,131,131
104,decode,pi: in.slot_mapping,136.730,136.730,136.730,1,4202.580,64,64,131,131
104,decode,pi: in.mrope_drift,0.890,0.890,0.890,1,4202.580,64,64,131,131
104,decode,pi: in.logits_indices,41.100,41.100,37.980,2,4202.580,64,64,131,131
104,decode,pi: prepare_inputs,108.920,1914.290,1914.290,1,4202.580,64,64,131,131
104,decode,pi: cascade_attn_prefix_lens,11.170,11.170,11.170,1,4202.580,64,64,131,131
104,decode,pi: batch_exec_and_padding,51.560,51.560,51.560,1,4202.580,64,64,131,131
104,decode,pi: ubatch_slices,1.540,1.540,1.540,1,4202.580,64,64,131,131
104,decode,pi: pad_query_start_loc,28.220,28.220,28.220,1,4202.580,64,64,131,131
104,decode,pi: am.max_seq_len,17.990,17.990,17.990,1,4202.580,64,64,131,131
104,decode,pi: am.cm_base_pre,78.910,78.910,78.910,1,4202.580,64,64,131,131
104,decode,pi: am.builder_build,1048.160,1048.160,325.110,4,4202.580,64,64,131,131
104,decode,pi: am.layer_assign,8.340,8.340,2.430,4,4202.580,64,64,131,131
104,decode,pi: am.group_loop,71.980,1128.480,346.510,4,4202.580,64,64,131,131
104,decode,pi: build_attention_metadata,292.560,1517.940,1517.940,1,4202.580,64,64,131,131
104,decode,pi: sanitize_placeholder_ids,1.160,1.160,1.160,1,4202.580,64,64,131,131
104,decode,pi: sync_input_prep,105.570,3872.840,3872.840,1,4202.580,64,64,131,131
104,decode,pi: TOTAL,4202.580,4202.580,4202.580,1,4202.580,64,64,131,131
105,decode,pi: update_states,194.120,194.120,194.120,1,4198.510,64,64,131,131
105,decode,pi: tokens_list,4.400,4.400,4.400,1,4198.510,64,64,131,131
105,decode,pi: phase_classify,55.300,55.300,55.300,1,4198.510,64,64,131,131
105,decode,pi: in.block_table_commit,84.310,84.310,84.310,1,4198.510,64,64,131,131
105,decode,pi: in.req_indices,9.300,9.300,9.300,1,4198.510,64,64,131,131
105,decode,pi: in.attn_state,27.550,27.550,27.550,1,4198.510,64,64,131,131
105,decode,pi: in.positions,25.040,25.040,25.040,1,4198.510,64,64,131,131
105,decode,pi: in.prev_positions,40.370,40.370,40.370,1,4198.510,64,64,131,131
105,decode,pi: in.token_indices_select,27.460,27.460,27.460,1,4198.510,64,64,131,131
105,decode,pi: in.query_start_loc,25.460,25.460,25.460,1,4198.510,64,64,131,131
105,decode,pi: in.optimistic_seq_lens,49.730,49.730,49.730,1,4198.510,64,64,131,131
105,decode,pi: in.prepare_input_ids,234.730,234.730,234.730,1,4198.510,64,64,131,131
105,decode,pi: in.mrope_positions,756.350,756.350,756.350,1,4198.510,64,64,131,131
105,decode,pi: in.discard_mask,73.090,73.090,73.090,1,4198.510,64,64,131,131
105,decode,pi: in.num_accepted_tokens,14.390,14.390,14.390,1,4198.510,64,64,131,131
105,decode,pi: in.num_computed_tokens,18.470,18.470,18.470,1,4198.510,64,64,131,131
105,decode,pi: in.tokens_to_gpu,66.310,66.310,66.310,1,4198.510,64,64,131,131
105,decode,pi: in.positions_assembly,115.630,115.630,115.630,1,4198.510,64,64,131,131
105,decode,pi: in.seq_lens,55.780,55.780,55.780,1,4198.510,64,64,131,131
105,decode,pi: in.slot_mapping,139.330,139.330,139.330,1,4198.510,64,64,131,131
105,decode,pi: in.mrope_drift,0.880,0.880,0.880,1,4198.510,64,64,131,131
105,decode,pi: in.logits_indices,41.490,41.490,38.900,2,4198.510,64,64,131,131
105,decode,pi: prepare_inputs,107.760,1913.430,1913.430,1,4198.510,64,64,131,131
105,decode,pi: cascade_attn_prefix_lens,10.650,10.650,10.650,1,4198.510,64,64,131,131
105,decode,pi: batch_exec_and_padding,51.090,51.090,51.090,1,4198.510,64,64,131,131
105,decode,pi: ubatch_slices,1.660,1.660,1.660,1,4198.510,64,64,131,131
105,decode,pi: pad_query_start_loc,28.580,28.580,28.580,1,4198.510,64,64,131,131
105,decode,pi: am.max_seq_len,18.700,18.700,18.700,1,4198.510,64,64,131,131
105,decode,pi: am.cm_base_pre,77.170,77.170,77.170,1,4198.510,64,64,131,131
105,decode,pi: am.builder_build,1023.490,1023.490,329.640,4,4198.510,64,64,131,131
105,decode,pi: am.layer_assign,8.610,8.610,2.460,4,4198.510,64,64,131,131
105,decode,pi: am.group_loop,73.210,1105.310,351.370,4,4198.510,64,64,131,131
105,decode,pi: build_attention_metadata,293.580,1494.760,1494.760,1,4198.510,64,64,131,131
105,decode,pi: sanitize_placeholder_ids,1.150,1.150,1.150,1,4198.510,64,64,131,131
105,decode,pi: sync_input_prep,105.460,3860.600,3860.600,1,4198.510,64,64,131,131
105,decode,pi: TOTAL,4198.510,4198.510,4198.510,1,4198.510,64,64,131,131
106,decode,pi: update_states,182.910,182.910,182.910,1,4180.610,64,64,131,131
106,decode,pi: tokens_list,4.610,4.610,4.610,1,4180.610,64,64,131,131
106,decode,pi: phase_classify,54.880,54.880,54.880,1,4180.610,64,64,131,131
106,decode,pi: in.block_table_commit,88.040,88.040,88.040,1,4180.610,64,64,131,131
106,decode,pi: in.req_indices,9.840,9.840,9.840,1,4180.610,64,64,131,131
106,decode,pi: in.attn_state,28.470,28.470,28.470,1,4180.610,64,64,131,131
106,decode,pi: in.positions,26.020,26.020,26.020,1,4180.610,64,64,131,131
106,decode,pi: in.prev_positions,40.960,40.960,40.960,1,4180.610,64,64,131,131
106,decode,pi: in.token_indices_select,26.770,26.770,26.770,1,4180.610,64,64,131,131
106,decode,pi: in.query_start_loc,26.440,26.440,26.440,1,4180.610,64,64,131,131
106,decode,pi: in.optimistic_seq_lens,49.100,49.100,49.100,1,4180.610,64,64,131,131
106,decode,pi: in.prepare_input_ids,236.830,236.830,236.830,1,4180.610,64,64,131,131
106,decode,pi: in.mrope_positions,768.020,768.020,768.020,1,4180.610,64,64,131,131
106,decode,pi: in.discard_mask,76.200,76.200,76.200,1,4180.610,64,64,131,131
106,decode,pi: in.num_accepted_tokens,15.660,15.660,15.660,1,4180.610,64,64,131,131
106,decode,pi: in.num_computed_tokens,19.350,19.350,19.350,1,4180.610,64,64,131,131
106,decode,pi: in.tokens_to_gpu,62.110,62.110,62.110,1,4180.610,64,64,131,131
106,decode,pi: in.positions_assembly,111.610,111.610,111.610,1,4180.610,64,64,131,131
106,decode,pi: in.seq_lens,56.330,56.330,56.330,1,4180.610,64,64,131,131
106,decode,pi: in.slot_mapping,135.700,135.700,135.700,1,4180.610,64,64,131,131
106,decode,pi: in.mrope_drift,0.780,0.780,0.780,1,4180.610,64,64,131,131
106,decode,pi: in.logits_indices,40.050,40.050,37.160,2,4180.610,64,64,131,131
106,decode,pi: prepare_inputs,108.390,1926.670,1926.670,1,4180.610,64,64,131,131
106,decode,pi: cascade_attn_prefix_lens,10.980,10.980,10.980,1,4180.610,64,64,131,131
106,decode,pi: batch_exec_and_padding,51.200,51.200,51.200,1,4180.610,64,64,131,131
106,decode,pi: ubatch_slices,1.670,1.670,1.670,1,4180.610,64,64,131,131
106,decode,pi: pad_query_start_loc,28.000,28.000,28.000,1,4180.610,64,64,131,131
106,decode,pi: am.max_seq_len,19.480,19.480,19.480,1,4180.610,64,64,131,131
106,decode,pi: am.cm_base_pre,75.070,75.070,75.070,1,4180.610,64,64,131,131
106,decode,pi: am.builder_build,1024.270,1024.270,321.320,4,4180.610,64,64,131,131
106,decode,pi: am.layer_assign,8.290,8.290,2.280,4,4180.610,64,64,131,131
106,decode,pi: am.group_loop,73.590,1106.150,343.090,4,4180.610,64,64,131,131
106,decode,pi: build_attention_metadata,287.050,1487.750,1487.750,1,4180.610,64,64,131,131
106,decode,pi: sanitize_placeholder_ids,1.250,1.250,1.250,1,4180.610,64,64,131,131
106,decode,pi: sync_input_prep,104.180,3854.100,3854.100,1,4180.610,64,64,131,131
106,decode,pi: TOTAL,4180.610,4180.610,4180.610,1,4180.610,64,64,131,131
107,decode,pi: update_states,182.330,182.330,182.330,1,4198.610,64,64,131,131
107,decode,pi: tokens_list,4.410,4.410,4.410,1,4198.610,64,64,131,131
107,decode,pi: phase_classify,55.230,55.230,55.230,1,4198.610,64,64,131,131
107,decode,pi: in.block_table_commit,86.570,86.570,86.570,1,4198.610,64,64,131,131
107,decode,pi: in.req_indices,10.150,10.150,10.150,1,4198.610,64,64,131,131
107,decode,pi: in.attn_state,28.080,28.080,28.080,1,4198.610,64,64,131,131
107,decode,pi: in.positions,25.200,25.200,25.200,1,4198.610,64,64,131,131
107,decode,pi: in.prev_positions,40.080,40.080,40.080,1,4198.610,64,64,131,131
107,decode,pi: in.token_indices_select,26.990,26.990,26.990,1,4198.610,64,64,131,131
107,decode,pi: in.query_start_loc,26.610,26.610,26.610,1,4198.610,64,64,131,131
107,decode,pi: in.optimistic_seq_lens,49.970,49.970,49.970,1,4198.610,64,64,131,131
107,decode,pi: in.prepare_input_ids,234.530,234.530,234.530,1,4198.610,64,64,131,131
107,decode,pi: in.mrope_positions,749.960,749.960,749.960,1,4198.610,64,64,131,131
107,decode,pi: in.discard_mask,73.280,73.280,73.280,1,4198.610,64,64,131,131
107,decode,pi: in.num_accepted_tokens,15.270,15.270,15.270,1,4198.610,64,64,131,131
107,decode,pi: in.num_computed_tokens,19.720,19.720,19.720,1,4198.610,64,64,131,131
107,decode,pi: in.tokens_to_gpu,67.290,67.290,67.290,1,4198.610,64,64,131,131
107,decode,pi: in.positions_assembly,111.950,111.950,111.950,1,4198.610,64,64,131,131
107,decode,pi: in.seq_lens,58.730,58.730,58.730,1,4198.610,64,64,131,131
107,decode,pi: in.slot_mapping,137.900,137.900,137.900,1,4198.610,64,64,131,131
107,decode,pi: in.mrope_drift,0.690,0.690,0.690,1,4198.610,64,64,131,131
107,decode,pi: in.logits_indices,39.430,39.430,36.910,2,4198.610,64,64,131,131
107,decode,pi: prepare_inputs,107.430,1909.830,1909.830,1,4198.610,64,64,131,131
107,decode,pi: cascade_attn_prefix_lens,10.760,10.760,10.760,1,4198.610,64,64,131,131
107,decode,pi: batch_exec_and_padding,50.430,50.430,50.430,1,4198.610,64,64,131,131
107,decode,pi: ubatch_slices,1.550,1.550,1.550,1,4198.610,64,64,131,131
107,decode,pi: pad_query_start_loc,29.100,29.100,29.100,1,4198.610,64,64,131,131
107,decode,pi: am.max_seq_len,18.650,18.650,18.650,1,4198.610,64,64,131,131
107,decode,pi: am.cm_base_pre,77.860,77.860,77.860,1,4198.610,64,64,131,131
107,decode,pi: am.builder_build,1046.180,1046.180,328.780,4,4198.610,64,64,131,131
107,decode,pi: am.layer_assign,8.490,8.490,2.280,4,4198.610,64,64,131,131
107,decode,pi: am.group_loop,74.320,1128.990,350.450,4,4198.610,64,64,131,131
107,decode,pi: build_attention_metadata,289.940,1515.440,1515.440,1,4198.610,64,64,131,131
107,decode,pi: sanitize_placeholder_ids,1.160,1.160,1.160,1,4198.610,64,64,131,131
107,decode,pi: sync_input_prep,108.680,3868.920,3868.920,1,4198.610,64,64,131,131
107,decode,pi: TOTAL,4198.610,4198.610,4198.610,1,4198.610,64,64,131,131
108,decode,pi: update_states,182.510,182.510,182.510,1,4163.810,64,64,131,131
108,decode,pi: tokens_list,4.560,4.560,4.560,1,4163.810,64,64,131,131
108,decode,pi: phase_classify,54.760,54.760,54.760,1,4163.810,64,64,131,131
108,decode,pi: in.block_table_commit,85.920,85.920,85.920,1,4163.810,64,64,131,131
108,decode,pi: in.req_indices,9.720,9.720,9.720,1,4163.810,64,64,131,131
108,decode,pi: in.attn_state,28.920,28.920,28.920,1,4163.810,64,64,131,131
108,decode,pi: in.positions,25.690,25.690,25.690,1,4163.810,64,64,131,131
108,decode,pi: in.prev_positions,41.200,41.200,41.200,1,4163.810,64,64,131,131
108,decode,pi: in.token_indices_select,27.360,27.360,27.360,1,4163.810,64,64,131,131
108,decode,pi: in.query_start_loc,25.630,25.630,25.630,1,4163.810,64,64,131,131
108,decode,pi: in.optimistic_seq_lens,65.660,65.660,65.660,1,4163.810,64,64,131,131
108,decode,pi: in.prepare_input_ids,234.230,234.230,234.230,1,4163.810,64,64,131,131
108,decode,pi: in.mrope_positions,756.760,756.760,756.760,1,4163.810,64,64,131,131
108,decode,pi: in.discard_mask,73.810,73.810,73.810,1,4163.810,64,64,131,131
108,decode,pi: in.num_accepted_tokens,14.870,14.870,14.870,1,4163.810,64,64,131,131
108,decode,pi: in.num_computed_tokens,19.560,19.560,19.560,1,4163.810,64,64,131,131
108,decode,pi: in.tokens_to_gpu,64.310,64.310,64.310,1,4163.810,64,64,131,131
108,decode,pi: in.positions_assembly,107.690,107.690,107.690,1,4163.810,64,64,131,131
108,decode,pi: in.seq_lens,49.550,49.550,49.550,1,4163.810,64,64,131,131
108,decode,pi: in.slot_mapping,137.110,137.110,137.110,1,4163.810,64,64,131,131
108,decode,pi: in.mrope_drift,0.770,0.770,0.770,1,4163.810,64,64,131,131
108,decode,pi: in.logits_indices,40.050,40.050,37.180,2,4163.810,64,64,131,131
108,decode,pi: prepare_inputs,105.040,1913.850,1913.850,1,4163.810,64,64,131,131
108,decode,pi: cascade_attn_prefix_lens,10.660,10.660,10.660,1,4163.810,64,64,131,131
108,decode,pi: batch_exec_and_padding,51.560,51.560,51.560,1,4163.810,64,64,131,131
108,decode,pi: ubatch_slices,1.520,1.520,1.520,1,4163.810,64,64,131,131
108,decode,pi: pad_query_start_loc,28.590,28.590,28.590,1,4163.810,64,64,131,131
108,decode,pi: am.max_seq_len,18.740,18.740,18.740,1,4163.810,64,64,131,131
108,decode,pi: am.cm_base_pre,74.280,74.280,74.280,1,4163.810,64,64,131,131
108,decode,pi: am.builder_build,1022.560,1022.560,322.800,4,4163.810,64,64,131,131
108,decode,pi: am.layer_assign,8.800,8.800,2.410,4,4163.810,64,64,131,131
108,decode,pi: am.group_loop,71.940,1103.300,344.410,4,4163.810,64,64,131,131
108,decode,pi: build_attention_metadata,289.560,1485.880,1485.880,1,4163.810,64,64,131,131
108,decode,pi: sanitize_placeholder_ids,1.190,1.190,1.190,1,4163.810,64,64,131,131
108,decode,pi: sync_input_prep,105.900,3840.980,3840.980,1,4163.810,64,64,131,131
108,decode,pi: TOTAL,4163.810,4163.810,4163.810,1,4163.810,64,64,131,131
109,decode,pi: update_states,180.430,180.430,180.430,1,4190.420,64,64,131,131
109,decode,pi: tokens_list,4.110,4.110,4.110,1,4190.420,64,64,131,131
109,decode,pi: phase_classify,54.290,54.290,54.290,1,4190.420,64,64,131,131
109,decode,pi: in.block_table_commit,90.760,90.760,90.760,1,4190.420,64,64,131,131
109,decode,pi: in.req_indices,10.060,10.060,10.060,1,4190.420,64,64,131,131
109,decode,pi: in.attn_state,27.610,27.610,27.610,1,4190.420,64,64,131,131
109,decode,pi: in.positions,25.310,25.310,25.310,1,4190.420,64,64,131,131
109,decode,pi: in.prev_positions,40.430,40.430,40.430,1,4190.420,64,64,131,131
109,decode,pi: in.token_indices_select,26.300,26.300,26.300,1,4190.420,64,64,131,131
109,decode,pi: in.query_start_loc,26.660,26.660,26.660,1,4190.420,64,64,131,131
109,decode,pi: in.optimistic_seq_lens,49.280,49.280,49.280,1,4190.420,64,64,131,131
109,decode,pi: in.prepare_input_ids,233.320,233.320,233.320,1,4190.420,64,64,131,131
109,decode,pi: in.mrope_positions,755.410,755.410,755.410,1,4190.420,64,64,131,131
109,decode,pi: in.discard_mask,71.840,71.840,71.840,1,4190.420,64,64,131,131
109,decode,pi: in.num_accepted_tokens,14.190,14.190,14.190,1,4190.420,64,64,131,131
109,decode,pi: in.num_computed_tokens,19.290,19.290,19.290,1,4190.420,64,64,131,131
109,decode,pi: in.tokens_to_gpu,64.380,64.380,64.380,1,4190.420,64,64,131,131
109,decode,pi: in.positions_assembly,112.140,112.140,112.140,1,4190.420,64,64,131,131
109,decode,pi: in.seq_lens,58.480,58.480,58.480,1,4190.420,64,64,131,131
109,decode,pi: in.slot_mapping,136.120,136.120,136.120,1,4190.420,64,64,131,131
109,decode,pi: in.mrope_drift,0.810,0.810,0.810,1,4190.420,64,64,131,131
109,decode,pi: in.logits_indices,50.150,50.150,47.550,2,4190.420,64,64,131,131
109,decode,pi: prepare_inputs,106.300,1918.840,1918.840,1,4190.420,64,64,131,131
109,decode,pi: cascade_attn_prefix_lens,10.940,10.940,10.940,1,4190.420,64,64,131,131
109,decode,pi: batch_exec_and_padding,51.700,51.700,51.700,1,4190.420,64,64,131,131
109,decode,pi: ubatch_slices,1.630,1.630,1.630,1,4190.420,64,64,131,131
109,decode,pi: pad_query_start_loc,27.730,27.730,27.730,1,4190.420,64,64,131,131
109,decode,pi: am.max_seq_len,18.680,18.680,18.680,1,4190.420,64,64,131,131
109,decode,pi: am.cm_base_pre,75.780,75.780,75.780,1,4190.420,64,64,131,131
109,decode,pi: am.builder_build,1036.240,1036.240,327.480,4,4190.420,64,64,131,131
109,decode,pi: am.layer_assign,8.440,8.440,2.310,4,4190.420,64,64,131,131
109,decode,pi: am.group_loop,72.400,1117.080,349.450,4,4190.420,64,64,131,131
109,decode,pi: build_attention_metadata,294.840,1506.380,1506.380,1,4190.420,64,64,131,131
109,decode,pi: sanitize_placeholder_ids,1.290,1.290,1.290,1,4190.420,64,64,131,131
109,decode,pi: sync_input_prep,107.340,3864.680,3864.680,1,4190.420,64,64,131,131
109,decode,pi: TOTAL,4190.420,4190.420,4190.420,1,4190.420,64,64,131,131
110,decode,pi: update_states,180.160,180.160,180.160,1,4209.460,64,64,131,131
110,decode,pi: tokens_list,4.440,4.440,4.440,1,4209.460,64,64,131,131
110,decode,pi: phase_classify,54.210,54.210,54.210,1,4209.460,64,64,131,131
110,decode,pi: in.block_table_commit,87.960,87.960,87.960,1,4209.460,64,64,131,131
110,decode,pi: in.req_indices,9.990,9.990,9.990,1,4209.460,64,64,131,131
110,decode,pi: in.attn_state,28.230,28.230,28.230,1,4209.460,64,64,131,131
110,decode,pi: in.positions,25.630,25.630,25.630,1,4209.460,64,64,131,131
110,decode,pi: in.prev_positions,42.130,42.130,42.130,1,4209.460,64,64,131,131
110,decode,pi: in.token_indices_select,27.610,27.610,27.610,1,4209.460,64,64,131,131
110,decode,pi: in.query_start_loc,28.710,28.710,28.710,1,4209.460,64,64,131,131
110,decode,pi: in.optimistic_seq_lens,50.090,50.090,50.090,1,4209.460,64,64,131,131
110,decode,pi: in.prepare_input_ids,236.730,236.730,236.730,1,4209.460,64,64,131,131
110,decode,pi: in.mrope_positions,756.440,756.440,756.440,1,4209.460,64,64,131,131
110,decode,pi: in.discard_mask,72.340,72.340,72.340,1,4209.460,64,64,131,131
110,decode,pi: in.num_accepted_tokens,14.870,14.870,14.870,1,4209.460,64,64,131,131
110,decode,pi: in.num_computed_tokens,17.720,17.720,17.720,1,4209.460,64,64,131,131
110,decode,pi: in.tokens_to_gpu,62.180,62.180,62.180,1,4209.460,64,64,131,131
110,decode,pi: in.positions_assembly,107.680,107.680,107.680,1,4209.460,64,64,131,131
110,decode,pi: in.seq_lens,55.910,55.910,55.910,1,4209.460,64,64,131,131
110,decode,pi: in.slot_mapping,137.080,137.080,137.080,1,4209.460,64,64,131,131
110,decode,pi: in.mrope_drift,0.760,0.760,0.760,1,4209.460,64,64,131,131
110,decode,pi: in.logits_indices,40.940,40.940,37.960,2,4209.460,64,64,131,131
110,decode,pi: prepare_inputs,107.680,1910.680,1910.680,1,4209.460,64,64,131,131
110,decode,pi: cascade_attn_prefix_lens,10.810,10.810,10.810,1,4209.460,64,64,131,131
110,decode,pi: batch_exec_and_padding,50.750,50.750,50.750,1,4209.460,64,64,131,131
110,decode,pi: ubatch_slices,1.520,1.520,1.520,1,4209.460,64,64,131,131
110,decode,pi: pad_query_start_loc,28.550,28.550,28.550,1,4209.460,64,64,131,131
110,decode,pi: am.max_seq_len,19.080,19.080,19.080,1,4209.460,64,64,131,131
110,decode,pi: am.cm_base_pre,79.590,79.590,79.590,1,4209.460,64,64,131,131
110,decode,pi: am.builder_build,1062.140,1062.140,335.250,4,4209.460,64,64,131,131
110,decode,pi: am.layer_assign,8.820,8.820,2.520,4,4209.460,64,64,131,131
110,decode,pi: am.group_loop,74.110,1145.070,356.400,4,4209.460,64,64,131,131
110,decode,pi: build_attention_metadata,293.130,1536.870,1536.870,1,4209.460,64,64,131,131
110,decode,pi: sanitize_placeholder_ids,1.130,1.130,1.130,1,4209.460,64,64,131,131
110,decode,pi: sync_input_prep,105.690,3884.810,3884.810,1,4209.460,64,64,131,131
110,decode,pi: TOTAL,4209.460,4209.460,4209.460,1,4209.460,64,64,131,131
111,decode,pi: update_states,180.860,180.860,180.860,1,4195.740,64,64,131,131
111,decode,pi: tokens_list,4.460,4.460,4.460,1,4195.740,64,64,131,131
111,decode,pi: phase_classify,54.230,54.230,54.230,1,4195.740,64,64,131,131
111,decode,pi: in.block_table_commit,87.170,87.170,87.170,1,4195.740,64,64,131,131
111,decode,pi: in.req_indices,10.130,10.130,10.130,1,4195.740,64,64,131,131
111,decode,pi: in.attn_state,27.840,27.840,27.840,1,4195.740,64,64,131,131
111,decode,pi: in.positions,25.450,25.450,25.450,1,4195.740,64,64,131,131
111,decode,pi: in.prev_positions,42.110,42.110,42.110,1,4195.740,64,64,131,131
111,decode,pi: in.token_indices_select,27.390,27.390,27.390,1,4195.740,64,64,131,131
111,decode,pi: in.query_start_loc,27.940,27.940,27.940,1,4195.740,64,64,131,131
111,decode,pi: in.optimistic_seq_lens,50.090,50.090,50.090,1,4195.740,64,64,131,131
111,decode,pi: in.prepare_input_ids,234.600,234.600,234.600,1,4195.740,64,64,131,131
111,decode,pi: in.mrope_positions,765.560,765.560,765.560,1,4195.740,64,64,131,131
111,decode,pi: in.discard_mask,74.840,74.840,74.840,1,4195.740,64,64,131,131
111,decode,pi: in.num_accepted_tokens,14.890,14.890,14.890,1,4195.740,64,64,131,131
111,decode,pi: in.num_computed_tokens,18.440,18.440,18.440,1,4195.740,64,64,131,131
111,decode,pi: in.tokens_to_gpu,62.000,62.000,62.000,1,4195.740,64,64,131,131
111,decode,pi: in.positions_assembly,112.580,112.580,112.580,1,4195.740,64,64,131,131
111,decode,pi: in.seq_lens,52.490,52.490,52.490,1,4195.740,64,64,131,131
111,decode,pi: in.slot_mapping,137.840,137.840,137.840,1,4195.740,64,64,131,131
111,decode,pi: in.mrope_drift,0.720,0.720,0.720,1,4195.740,64,64,131,131
111,decode,pi: in.logits_indices,40.530,40.530,37.900,2,4195.740,64,64,131,131
111,decode,pi: prepare_inputs,107.910,1920.520,1920.520,1,4195.740,64,64,131,131
111,decode,pi: cascade_attn_prefix_lens,11.020,11.020,11.020,1,4195.740,64,64,131,131
111,decode,pi: batch_exec_and_padding,51.840,51.840,51.840,1,4195.740,64,64,131,131
111,decode,pi: ubatch_slices,1.620,1.620,1.620,1,4195.740,64,64,131,131
111,decode,pi: pad_query_start_loc,29.750,29.750,29.750,1,4195.740,64,64,131,131
111,decode,pi: am.max_seq_len,18.790,18.790,18.790,1,4195.740,64,64,131,131
111,decode,pi: am.cm_base_pre,75.460,75.460,75.460,1,4195.740,64,64,131,131
111,decode,pi: am.builder_build,1028.430,1028.430,328.030,4,4195.740,64,64,131,131
111,decode,pi: am.layer_assign,8.590,8.590,2.440,4,4195.740,64,64,131,131
111,decode,pi: am.group_loop,74.110,1111.130,350.270,4,4195.740,64,64,131,131
111,decode,pi: build_attention_metadata,294.700,1500.080,1500.080,1,4195.740,64,64,131,131
111,decode,pi: sanitize_placeholder_ids,1.310,1.310,1.310,1,4195.740,64,64,131,131
111,decode,pi: sync_input_prep,105.450,3861.140,3861.140,1,4195.740,64,64,131,131
111,decode,pi: TOTAL,4195.740,4195.740,4195.740,1,4195.740,64,64,131,131
112,decode,pi: update_states,181.220,181.220,181.220,1,4192.040,64,64,131,131
112,decode,pi: tokens_list,4.510,4.510,4.510,1,4192.040,64,64,131,131
112,decode,pi: phase_classify,55.210,55.210,55.210,1,4192.040,64,64,131,131
112,decode,pi: in.block_table_commit,91.520,91.520,91.520,1,4192.040,64,64,131,131
112,decode,pi: in.req_indices,9.750,9.750,9.750,1,4192.040,64,64,131,131
112,decode,pi: in.attn_state,27.930,27.930,27.930,1,4192.040,64,64,131,131
112,decode,pi: in.positions,25.490,25.490,25.490,1,4192.040,64,64,131,131
112,decode,pi: in.prev_positions,40.090,40.090,40.090,1,4192.040,64,64,131,131
112,decode,pi: in.token_indices_select,26.690,26.690,26.690,1,4192.040,64,64,131,131
112,decode,pi: in.query_start_loc,26.680,26.680,26.680,1,4192.040,64,64,131,131
112,decode,pi: in.optimistic_seq_lens,49.520,49.520,49.520,1,4192.040,64,64,131,131
112,decode,pi: in.prepare_input_ids,234.750,234.750,234.750,1,4192.040,64,64,131,131
112,decode,pi: in.mrope_positions,757.520,757.520,757.520,1,4192.040,64,64,131,131
112,decode,pi: in.discard_mask,74.540,74.540,74.540,1,4192.040,64,64,131,131
112,decode,pi: in.num_accepted_tokens,14.930,14.930,14.930,1,4192.040,64,64,131,131
112,decode,pi: in.num_computed_tokens,19.250,19.250,19.250,1,4192.040,64,64,131,131
112,decode,pi: in.tokens_to_gpu,64.600,64.600,64.600,1,4192.040,64,64,131,131
112,decode,pi: in.positions_assembly,115.850,115.850,115.850,1,4192.040,64,64,131,131
112,decode,pi: in.seq_lens,58.760,58.760,58.760,1,4192.040,64,64,131,131
112,decode,pi: in.slot_mapping,140.390,140.390,140.390,1,4192.040,64,64,131,131
112,decode,pi: in.mrope_drift,0.840,0.840,0.840,1,4192.040,64,64,131,131
112,decode,pi: in.logits_indices,40.890,40.890,37.980,2,4192.040,64,64,131,131
112,decode,pi: prepare_inputs,108.720,1928.710,1928.710,1,4192.040,64,64,131,131
112,decode,pi: cascade_attn_prefix_lens,10.480,10.480,10.480,1,4192.040,64,64,131,131
112,decode,pi: batch_exec_and_padding,51.470,51.470,51.470,1,4192.040,64,64,131,131
112,decode,pi: ubatch_slices,1.570,1.570,1.570,1,4192.040,64,64,131,131
112,decode,pi: pad_query_start_loc,28.800,28.800,28.800,1,4192.040,64,64,131,131
112,decode,pi: am.max_seq_len,19.080,19.080,19.080,1,4192.040,64,64,131,131
112,decode,pi: am.cm_base_pre,74.930,74.930,74.930,1,4192.040,64,64,131,131
112,decode,pi: am.builder_build,1030.160,1030.160,339.780,4,4192.040,64,64,131,131
112,decode,pi: am.layer_assign,8.560,8.560,2.500,4,4192.040,64,64,131,131
112,decode,pi: am.group_loop,74.050,1112.770,362.210,4,4192.040,64,64,131,131
112,decode,pi: build_attention_metadata,290.360,1497.140,1497.140,1,4192.040,64,64,131,131
112,decode,pi: sanitize_placeholder_ids,1.120,1.120,1.120,1,4192.040,64,64,131,131
112,decode,pi: sync_input_prep,106.060,3866.290,3866.290,1,4192.040,64,64,131,131
112,decode,pi: TOTAL,4192.040,4192.040,4192.040,1,4192.040,64,64,131,131
113,decode,pi: update_states,182.010,182.010,182.010,1,4232.950,64,64,131,131
113,decode,pi: tokens_list,4.280,4.280,4.280,1,4232.950,64,64,131,131
113,decode,pi: phase_classify,89.470,89.470,89.470,1,4232.950,64,64,131,131
113,decode,pi: in.block_table_commit,87.730,87.730,87.730,1,4232.950,64,64,131,131
113,decode,pi: in.req_indices,10.600,10.600,10.600,1,4232.950,64,64,131,131
113,decode,pi: in.attn_state,29.490,29.490,29.490,1,4232.950,64,64,131,131
113,decode,pi: in.positions,25.500,25.500,25.500,1,4232.950,64,64,131,131
113,decode,pi: in.prev_positions,40.790,40.790,40.790,1,4232.950,64,64,131,131
113,decode,pi: in.token_indices_select,26.730,26.730,26.730,1,4232.950,64,64,131,131
113,decode,pi: in.query_start_loc,26.900,26.900,26.900,1,4232.950,64,64,131,131
113,decode,pi: in.optimistic_seq_lens,50.060,50.060,50.060,1,4232.950,64,64,131,131
113,decode,pi: in.prepare_input_ids,235.390,235.390,235.390,1,4232.950,64,64,131,131
113,decode,pi: in.mrope_positions,757.430,757.430,757.430,1,4232.950,64,64,131,131
113,decode,pi: in.discard_mask,74.860,74.860,74.860,1,4232.950,64,64,131,131
113,decode,pi: in.num_accepted_tokens,15.750,15.750,15.750,1,4232.950,64,64,131,131
113,decode,pi: in.num_computed_tokens,18.590,18.590,18.590,1,4232.950,64,64,131,131
113,decode,pi: in.tokens_to_gpu,66.330,66.330,66.330,1,4232.950,64,64,131,131
113,decode,pi: in.positions_assembly,110.480,110.480,110.480,1,4232.950,64,64,131,131
113,decode,pi: in.seq_lens,57.060,57.060,57.060,1,4232.950,64,64,131,131
113,decode,pi: in.slot_mapping,137.260,137.260,137.260,1,4232.950,64,64,131,131
113,decode,pi: in.mrope_drift,0.820,0.820,0.820,1,4232.950,64,64,131,131
113,decode,pi: in.logits_indices,40.520,40.520,37.660,2,4232.950,64,64,131,131
113,decode,pi: prepare_inputs,111.290,1923.580,1923.580,1,4232.950,64,64,131,131
113,decode,pi: cascade_attn_prefix_lens,11.450,11.450,11.450,1,4232.950,64,64,131,131
113,decode,pi: batch_exec_and_padding,51.580,51.580,51.580,1,4232.950,64,64,131,131
113,decode,pi: ubatch_slices,1.580,1.580,1.580,1,4232.950,64,64,131,131
113,decode,pi: pad_query_start_loc,29.940,29.940,29.940,1,4232.950,64,64,131,131
113,decode,pi: am.max_seq_len,19.040,19.040,19.040,1,4232.950,64,64,131,131
113,decode,pi: am.cm_base_pre,77.340,77.340,77.340,1,4232.950,64,64,131,131
113,decode,pi: am.builder_build,1023.590,1023.590,324.020,4,4232.950,64,64,131,131
113,decode,pi: am.layer_assign,8.610,8.610,2.310,4,4232.950,64,64,131,131
113,decode,pi: am.group_loop,73.870,1106.070,345.670,4,4232.950,64,64,131,131
113,decode,pi: build_attention_metadata,297.260,1499.710,1499.710,1,4232.950,64,64,131,131
113,decode,pi: sanitize_placeholder_ids,1.300,1.300,1.300,1,4232.950,64,64,131,131
113,decode,pi: sync_input_prep,107.260,3902.160,3902.160,1,4232.950,64,64,131,131
113,decode,pi: TOTAL,4232.950,4232.950,4232.950,1,4232.950,64,64,131,131
114,decode,pi: update_states,180.370,180.370,180.370,1,4200.490,64,64,131,131
114,decode,pi: tokens_list,4.470,4.470,4.470,1,4200.490,64,64,131,131
114,decode,pi: phase_classify,55.070,55.070,55.070,1,4200.490,64,64,131,131
114,decode,pi: in.block_table_commit,87.330,87.330,87.330,1,4200.490,64,64,131,131
114,decode,pi: in.req_indices,10.050,10.050,10.050,1,4200.490,64,64,131,131
114,decode,pi: in.attn_state,27.770,27.770,27.770,1,4200.490,64,64,131,131
114,decode,pi: in.positions,25.880,25.880,25.880,1,4200.490,64,64,131,131
114,decode,pi: in.prev_positions,41.660,41.660,41.660,1,4200.490,64,64,131,131
114,decode,pi: in.token_indices_select,26.770,26.770,26.770,1,4200.490,64,64,131,131
114,decode,pi: in.query_start_loc,27.610,27.610,27.610,1,4200.490,64,64,131,131
114,decode,pi: in.optimistic_seq_lens,50.340,50.340,50.340,1,4200.490,64,64,131,131
114,decode,pi: in.prepare_input_ids,237.680,237.680,237.680,1,4200.490,64,64,131,131
114,decode,pi: in.mrope_positions,746.170,746.170,746.170,1,4200.490,64,64,131,131
114,decode,pi: in.discard_mask,72.860,72.860,72.860,1,4200.490,64,64,131,131
114,decode,pi: in.num_accepted_tokens,14.420,14.420,14.420,1,4200.490,64,64,131,131
114,decode,pi: in.num_computed_tokens,18.470,18.470,18.470,1,4200.490,64,64,131,131
114,decode,pi: in.tokens_to_gpu,77.160,77.160,77.160,1,4200.490,64,64,131,131
114,decode,pi: in.positions_assembly,110.270,110.270,110.270,1,4200.490,64,64,131,131
114,decode,pi: in.seq_lens,60.920,60.920,60.920,1,4200.490,64,64,131,131
114,decode,pi: in.slot_mapping,138.720,138.720,138.720,1,4200.490,64,64,131,131
114,decode,pi: in.mrope_drift,0.810,0.810,0.810,1,4200.490,64,64,131,131
114,decode,pi: in.logits_indices,41.160,41.160,38.180,2,4200.490,64,64,131,131
114,decode,pi: prepare_inputs,109.730,1925.780,1925.780,1,4200.490,64,64,131,131
114,decode,pi: cascade_attn_prefix_lens,10.740,10.740,10.740,1,4200.490,64,64,131,131
114,decode,pi: batch_exec_and_padding,51.080,51.080,51.080,1,4200.490,64,64,131,131
114,decode,pi: ubatch_slices,1.540,1.540,1.540,1,4200.490,64,64,131,131
114,decode,pi: pad_query_start_loc,28.920,28.920,28.920,1,4200.490,64,64,131,131
114,decode,pi: am.max_seq_len,18.660,18.660,18.660,1,4200.490,64,64,131,131
114,decode,pi: am.cm_base_pre,76.370,76.370,76.370,1,4200.490,64,64,131,131
114,decode,pi: am.builder_build,1032.890,1032.890,320.670,4,4200.490,64,64,131,131
114,decode,pi: am.layer_assign,8.360,8.360,2.350,4,4200.490,64,64,131,131
114,decode,pi: am.group_loop,73.180,1114.430,342.250,4,4200.490,64,64,131,131
114,decode,pi: build_attention_metadata,294.040,1503.500,1503.500,1,4200.490,64,64,131,131
114,decode,pi: sanitize_placeholder_ids,1.240,1.240,1.240,1,4200.490,64,64,131,131
114,decode,pi: sync_input_prep,107.240,3869.950,3869.950,1,4200.490,64,64,131,131
114,decode,pi: TOTAL,4200.490,4200.490,4200.490,1,4200.490,64,64,131,131
115,decode,pi: update_states,182.750,182.750,182.750,1,4208.700,64,64,131,131
115,decode,pi: tokens_list,4.230,4.230,4.230,1,4208.700,64,64,131,131
115,decode,pi: phase_classify,54.790,54.790,54.790,1,4208.700,64,64,131,131
115,decode,pi: in.block_table_commit,88.060,88.060,88.060,1,4208.700,64,64,131,131
115,decode,pi: in.req_indices,9.850,9.850,9.850,1,4208.700,64,64,131,131
115,decode,pi: in.attn_state,29.170,29.170,29.170,1,4208.700,64,64,131,131
115,decode,pi: in.positions,25.500,25.500,25.500,1,4208.700,64,64,131,131
115,decode,pi: in.prev_positions,40.310,40.310,40.310,1,4208.700,64,64,131,131
115,decode,pi: in.token_indices_select,26.610,26.610,26.610,1,4208.700,64,64,131,131
115,decode,pi: in.query_start_loc,25.510,25.510,25.510,1,4208.700,64,64,131,131
115,decode,pi: in.optimistic_seq_lens,48.950,48.950,48.950,1,4208.700,64,64,131,131
115,decode,pi: in.prepare_input_ids,235.230,235.230,235.230,1,4208.700,64,64,131,131
115,decode,pi: in.mrope_positions,752.910,752.910,752.910,1,4208.700,64,64,131,131
115,decode,pi: in.discard_mask,73.680,73.680,73.680,1,4208.700,64,64,131,131
115,decode,pi: in.num_accepted_tokens,15.290,15.290,15.290,1,4208.700,64,64,131,131
115,decode,pi: in.num_computed_tokens,19.690,19.690,19.690,1,4208.700,64,64,131,131
115,decode,pi: in.tokens_to_gpu,61.310,61.310,61.310,1,4208.700,64,64,131,131
115,decode,pi: in.positions_assembly,111.450,111.450,111.450,1,4208.700,64,64,131,131
115,decode,pi: in.seq_lens,57.190,57.190,57.190,1,4208.700,64,64,131,131
115,decode,pi: in.slot_mapping,137.300,137.300,137.300,1,4208.700,64,64,131,131
115,decode,pi: in.mrope_drift,0.820,0.820,0.820,1,4208.700,64,64,131,131
115,decode,pi: in.logits_indices,40.340,40.340,37.890,2,4208.700,64,64,131,131
115,decode,pi: prepare_inputs,110.070,1909.240,1909.240,1,4208.700,64,64,131,131
115,decode,pi: cascade_attn_prefix_lens,10.890,10.890,10.890,1,4208.700,64,64,131,131
115,decode,pi: batch_exec_and_padding,51.820,51.820,51.820,1,4208.700,64,64,131,131
115,decode,pi: ubatch_slices,1.530,1.530,1.530,1,4208.700,64,64,131,131
115,decode,pi: pad_query_start_loc,29.670,29.670,29.670,1,4208.700,64,64,131,131
115,decode,pi: am.max_seq_len,19.000,19.000,19.000,1,4208.700,64,64,131,131
115,decode,pi: am.cm_base_pre,75.990,75.990,75.990,1,4208.700,64,64,131,131
115,decode,pi: am.builder_build,1055.670,1055.670,338.410,4,4208.700,64,64,131,131
115,decode,pi: am.layer_assign,8.270,8.270,2.270,4,4208.700,64,64,131,131
115,decode,pi: am.group_loop,74.330,1138.270,360.230,4,4208.700,64,64,131,131
115,decode,pi: build_attention_metadata,295.150,1528.410,1528.410,1,4208.700,64,64,131,131
115,decode,pi: sanitize_placeholder_ids,1.210,1.210,1.210,1,4208.700,64,64,131,131
115,decode,pi: sync_input_prep,106.750,3881.290,3881.290,1,4208.700,64,64,131,131
115,decode,pi: TOTAL,4208.700,4208.700,4208.700,1,4208.700,64,64,131,131
116,decode,pi: update_states,178.620,178.620,178.620,1,4188.500,64,64,131,131
116,decode,pi: tokens_list,4.790,4.790,4.790,1,4188.500,64,64,131,131
116,decode,pi: phase_classify,54.550,54.550,54.550,1,4188.500,64,64,131,131
116,decode,pi: in.block_table_commit,88.160,88.160,88.160,1,4188.500,64,64,131,131
116,decode,pi: in.req_indices,9.380,9.380,9.380,1,4188.500,64,64,131,131
116,decode,pi: in.attn_state,27.820,27.820,27.820,1,4188.500,64,64,131,131
116,decode,pi: in.positions,25.230,25.230,25.230,1,4188.500,64,64,131,131
116,decode,pi: in.prev_positions,40.860,40.860,40.860,1,4188.500,64,64,131,131
116,decode,pi: in.token_indices_select,26.500,26.500,26.500,1,4188.500,64,64,131,131
116,decode,pi: in.query_start_loc,26.080,26.080,26.080,1,4188.500,64,64,131,131
116,decode,pi: in.optimistic_seq_lens,49.010,49.010,49.010,1,4188.500,64,64,131,131
116,decode,pi: in.prepare_input_ids,246.090,246.090,246.090,1,4188.500,64,64,131,131
116,decode,pi: in.mrope_positions,750.940,750.940,750.940,1,4188.500,64,64,131,131
116,decode,pi: in.discard_mask,73.750,73.750,73.750,1,4188.500,64,64,131,131
116,decode,pi: in.num_accepted_tokens,16.070,16.070,16.070,1,4188.500,64,64,131,131
116,decode,pi: in.num_computed_tokens,17.120,17.120,17.120,1,4188.500,64,64,131,131
116,decode,pi: in.tokens_to_gpu,61.430,61.430,61.430,1,4188.500,64,64,131,131
116,decode,pi: in.positions_assembly,112.530,112.530,112.530,1,4188.500,64,64,131,131
116,decode,pi: in.seq_lens,55.720,55.720,55.720,1,4188.500,64,64,131,131
116,decode,pi: in.slot_mapping,137.960,137.960,137.960,1,4188.500,64,64,131,131
116,decode,pi: in.mrope_drift,0.800,0.800,0.800,1,4188.500,64,64,131,131
116,decode,pi: in.logits_indices,40.070,40.070,37.280,2,4188.500,64,64,131,131
116,decode,pi: prepare_inputs,107.020,1912.540,1912.540,1,4188.500,64,64,131,131
116,decode,pi: cascade_attn_prefix_lens,11.070,11.070,11.070,1,4188.500,64,64,131,131
116,decode,pi: batch_exec_and_padding,50.320,50.320,50.320,1,4188.500,64,64,131,131
116,decode,pi: ubatch_slices,1.580,1.580,1.580,1,4188.500,64,64,131,131
116,decode,pi: pad_query_start_loc,29.720,29.720,29.720,1,4188.500,64,64,131,131
116,decode,pi: am.max_seq_len,18.820,18.820,18.820,1,4188.500,64,64,131,131
116,decode,pi: am.cm_base_pre,79.130,79.130,79.130,1,4188.500,64,64,131,131
116,decode,pi: am.builder_build,1031.970,1031.970,333.300,4,4188.500,64,64,131,131
116,decode,pi: am.layer_assign,8.930,8.930,2.460,4,4188.500,64,64,131,131
116,decode,pi: am.group_loop,72.620,1113.520,355.110,4,4188.500,64,64,131,131
116,decode,pi: build_attention_metadata,297.990,1509.460,1509.460,1,4188.500,64,64,131,131
116,decode,pi: sanitize_placeholder_ids,1.290,1.290,1.290,1,4188.500,64,64,131,131
116,decode,pi: sync_input_prep,106.820,3860.760,3860.760,1,4188.500,64,64,131,131
116,decode,pi: TOTAL,4188.500,4188.500,4188.500,1,4188.500,64,64,131,131
117,decode,pi: update_states,180.570,180.570,180.570,1,4190.010,64,64,131,131
117,decode,pi: tokens_list,4.340,4.340,4.340,1,4190.010,64,64,131,131
117,decode,pi: phase_classify,54.810,54.810,54.810,1,4190.010,64,64,131,131
117,decode,pi: in.block_table_commit,90.130,90.130,90.130,1,4190.010,64,64,131,131
117,decode,pi: in.req_indices,9.530,9.530,9.530,1,4190.010,64,64,131,131
117,decode,pi: in.attn_state,28.630,28.630,28.630,1,4190.010,64,64,131,131
117,decode,pi: in.positions,25.140,25.140,25.140,1,4190.010,64,64,131,131
117,decode,pi: in.prev_positions,40.960,40.960,40.960,1,4190.010,64,64,131,131
117,decode,pi: in.token_indices_select,25.750,25.750,25.750,1,4190.010,64,64,131,131
117,decode,pi: in.query_start_loc,27.430,27.430,27.430,1,4190.010,64,64,131,131
117,decode,pi: in.optimistic_seq_lens,50.470,50.470,50.470,1,4190.010,64,64,131,131
117,decode,pi: in.prepare_input_ids,235.180,235.180,235.180,1,4190.010,64,64,131,131
117,decode,pi: in.mrope_positions,752.800,752.800,752.800,1,4190.010,64,64,131,131
117,decode,pi: in.discard_mask,73.300,73.300,73.300,1,4190.010,64,64,131,131
117,decode,pi: in.num_accepted_tokens,16.430,16.430,16.430,1,4190.010,64,64,131,131
117,decode,pi: in.num_computed_tokens,18.980,18.980,18.980,1,4190.010,64,64,131,131
117,decode,pi: in.tokens_to_gpu,65.680,65.680,65.680,1,4190.010,64,64,131,131
117,decode,pi: in.positions_assembly,111.370,111.370,111.370,1,4190.010,64,64,131,131
117,decode,pi: in.seq_lens,57.180,57.180,57.180,1,4190.010,64,64,131,131
117,decode,pi: in.slot_mapping,138.420,138.420,138.420,1,4190.010,64,64,131,131
117,decode,pi: in.mrope_drift,0.820,0.820,0.820,1,4190.010,64,64,131,131
117,decode,pi: in.logits_indices,40.640,40.640,38.050,2,4190.010,64,64,131,131
117,decode,pi: prepare_inputs,107.230,1916.070,1916.070,1,4190.010,64,64,131,131
117,decode,pi: cascade_attn_prefix_lens,10.770,10.770,10.770,1,4190.010,64,64,131,131
117,decode,pi: batch_exec_and_padding,51.690,51.690,51.690,1,4190.010,64,64,131,131
117,decode,pi: ubatch_slices,1.490,1.490,1.490,1,4190.010,64,64,131,131
117,decode,pi: pad_query_start_loc,29.120,29.120,29.120,1,4190.010,64,64,131,131
117,decode,pi: am.max_seq_len,18.500,18.500,18.500,1,4190.010,64,64,131,131
117,decode,pi: am.cm_base_pre,85.450,85.450,85.450,1,4190.010,64,64,131,131
117,decode,pi: am.builder_build,1021.390,1021.390,321.000,4,4190.010,64,64,131,131
117,decode,pi: am.layer_assign,8.670,8.670,2.280,4,4190.010,64,64,131,131
117,decode,pi: am.group_loop,73.780,1103.840,342.460,4,4190.010,64,64,131,131
117,decode,pi: build_attention_metadata,299.720,1507.510,1507.510,1,4190.010,64,64,131,131
117,decode,pi: sanitize_placeholder_ids,1.310,1.310,1.310,1,4190.010,64,64,131,131
117,decode,pi: sync_input_prep,105.730,3863.410,3863.410,1,4190.010,64,64,131,131
117,decode,pi: TOTAL,4190.010,4190.010,4190.010,1,4190.010,64,64,131,131
118,decode,pi: update_states,179.680,179.680,179.680,1,4184.130,64,64,131,131
118,decode,pi: tokens_list,4.400,4.400,4.400,1,4184.130,64,64,131,131
118,decode,pi: phase_classify,54.410,54.410,54.410,1,4184.130,64,64,131,131
118,decode,pi: in.block_table_commit,89.490,89.490,89.490,1,4184.130,64,64,131,131
118,decode,pi: in.req_indices,10.020,10.020,10.020,1,4184.130,64,64,131,131
118,decode,pi: in.attn_state,27.890,27.890,27.890,1,4184.130,64,64,131,131
118,decode,pi: in.positions,25.450,25.450,25.450,1,4184.130,64,64,131,131
118,decode,pi: in.prev_positions,39.710,39.710,39.710,1,4184.130,64,64,131,131
118,decode,pi: in.token_indices_select,26.280,26.280,26.280,1,4184.130,64,64,131,131
118,decode,pi: in.query_start_loc,28.270,28.270,28.270,1,4184.130,64,64,131,131
118,decode,pi: in.optimistic_seq_lens,51.330,51.330,51.330,1,4184.130,64,64,131,131
118,decode,pi: in.prepare_input_ids,235.900,235.900,235.900,1,4184.130,64,64,131,131
118,decode,pi: in.mrope_positions,750.630,750.630,750.630,1,4184.130,64,64,131,131
118,decode,pi: in.discard_mask,73.870,73.870,73.870,1,4184.130,64,64,131,131
118,decode,pi: in.num_accepted_tokens,15.240,15.240,15.240,1,4184.130,64,64,131,131
118,decode,pi: in.num_computed_tokens,17.190,17.190,17.190,1,4184.130,64,64,131,131
118,decode,pi: in.tokens_to_gpu,61.250,61.250,61.250,1,4184.130,64,64,131,131
118,decode,pi: in.positions_assembly,114.470,114.470,114.470,1,4184.130,64,64,131,131
118,decode,pi: in.seq_lens,53.230,53.230,53.230,1,4184.130,64,64,131,131
118,decode,pi: in.slot_mapping,137.380,137.380,137.380,1,4184.130,64,64,131,131
118,decode,pi: in.mrope_drift,0.860,0.860,0.860,1,4184.130,64,64,131,131
118,decode,pi: in.logits_indices,40.630,40.630,37.710,2,4184.130,64,64,131,131
118,decode,pi: prepare_inputs,107.830,1906.920,1906.920,1,4184.130,64,64,131,131
118,decode,pi: cascade_attn_prefix_lens,10.690,10.690,10.690,1,4184.130,64,64,131,131
118,decode,pi: batch_exec_and_padding,50.600,50.600,50.600,1,4184.130,64,64,131,131
118,decode,pi: ubatch_slices,1.470,1.470,1.470,1,4184.130,64,64,131,131
118,decode,pi: pad_query_start_loc,29.020,29.020,29.020,1,4184.130,64,64,131,131
118,decode,pi: am.max_seq_len,19.030,19.030,19.030,1,4184.130,64,64,131,131
118,decode,pi: am.cm_base_pre,74.340,74.340,74.340,1,4184.130,64,64,131,131
118,decode,pi: am.builder_build,1036.890,1036.890,332.550,4,4184.130,64,64,131,131
118,decode,pi: am.layer_assign,8.400,8.400,2.210,4,4184.130,64,64,131,131
118,decode,pi: am.group_loop,73.420,1118.710,354.650,4,4184.130,64,64,131,131
118,decode,pi: build_attention_metadata,294.230,1506.310,1506.310,1,4184.130,64,64,131,131
118,decode,pi: sanitize_placeholder_ids,1.210,1.210,1.210,1,4184.130,64,64,131,131
118,decode,pi: sync_input_prep,104.450,3849.160,3849.160,1,4184.130,64,64,131,131
118,decode,pi: TOTAL,4184.130,4184.130,4184.130,1,4184.130,64,64,131,131
119,decode,pi: update_states,176.150,176.150,176.150,1,4206.490,64,64,131,131
119,decode,pi: tokens_list,4.230,4.230,4.230,1,4206.490,64,64,131,131
119,decode,pi: phase_classify,55.080,55.080,55.080,1,4206.490,64,64,131,131
119,decode,pi: in.block_table_commit,89.570,89.570,89.570,1,4206.490,64,64,131,131
119,decode,pi: in.req_indices,9.660,9.660,9.660,1,4206.490,64,64,131,131
119,decode,pi: in.attn_state,28.020,28.020,28.020,1,4206.490,64,64,131,131
119,decode,pi: in.positions,25.210,25.210,25.210,1,4206.490,64,64,131,131
119,decode,pi: in.prev_positions,39.350,39.350,39.350,1,4206.490,64,64,131,131
119,decode,pi: in.token_indices_select,26.540,26.540,26.540,1,4206.490,64,64,131,131
119,decode,pi: in.query_start_loc,27.250,27.250,27.250,1,4206.490,64,64,131,131
119,decode,pi: in.optimistic_seq_lens,49.100,49.100,49.100,1,4206.490,64,64,131,131
119,decode,pi: in.prepare_input_ids,231.970,231.970,231.970,1,4206.490,64,64,131,131
119,decode,pi: in.mrope_positions,779.750,779.750,779.750,1,4206.490,64,64,131,131
119,decode,pi: in.discard_mask,74.770,74.770,74.770,1,4206.490,64,64,131,131
119,decode,pi: in.num_accepted_tokens,15.130,15.130,15.130,1,4206.490,64,64,131,131
119,decode,pi: in.num_computed_tokens,18.700,18.700,18.700,1,4206.490,64,64,131,131
119,decode,pi: in.tokens_to_gpu,61.800,61.800,61.800,1,4206.490,64,64,131,131
119,decode,pi: in.positions_assembly,115.080,115.080,115.080,1,4206.490,64,64,131,131
119,decode,pi: in.seq_lens,57.340,57.340,57.340,1,4206.490,64,64,131,131
119,decode,pi: in.slot_mapping,138.470,138.470,138.470,1,4206.490,64,64,131,131
119,decode,pi: in.mrope_drift,0.850,0.850,0.850,1,4206.490,64,64,131,131
119,decode,pi: in.logits_indices,39.340,39.340,36.880,2,4206.490,64,64,131,131
119,decode,pi: prepare_inputs,103.800,1931.700,1931.700,1,4206.490,64,64,131,131
119,decode,pi: cascade_attn_prefix_lens,10.470,10.470,10.470,1,4206.490,64,64,131,131
119,decode,pi: batch_exec_and_padding,51.830,51.830,51.830,1,4206.490,64,64,131,131
119,decode,pi: ubatch_slices,1.500,1.500,1.500,1,4206.490,64,64,131,131
119,decode,pi: pad_query_start_loc,28.620,28.620,28.620,1,4206.490,64,64,131,131
119,decode,pi: am.max_seq_len,19.490,19.490,19.490,1,4206.490,64,64,131,131
119,decode,pi: am.cm_base_pre,76.320,76.320,76.320,1,4206.490,64,64,131,131
119,decode,pi: am.builder_build,1037.920,1037.920,324.890,4,4206.490,64,64,131,131
119,decode,pi: am.layer_assign,8.520,8.520,2.310,4,4206.490,64,64,131,131
119,decode,pi: am.group_loop,75.580,1122.020,346.580,4,4206.490,64,64,131,131
119,decode,pi: build_attention_metadata,295.520,1513.350,1513.350,1,4206.490,64,64,131,131
119,decode,pi: sanitize_placeholder_ids,1.200,1.200,1.200,1,4206.490,64,64,131,131
119,decode,pi: sync_input_prep,106.620,3880.750,3880.750,1,4206.490,64,64,131,131
119,decode,pi: TOTAL,4206.490,4206.490,4206.490,1,4206.490,64,64,131,131
120,decode,pi: update_states,181.610,181.610,181.610,1,4210.840,64,64,131,131
120,decode,pi: tokens_list,4.560,4.560,4.560,1,4210.840,64,64,131,131
120,decode,pi: phase_classify,54.970,54.970,54.970,1,4210.840,64,64,131,131
120,decode,pi: in.block_table_commit,84.960,84.960,84.960,1,4210.840,64,64,131,131
120,decode,pi: in.req_indices,9.070,9.070,9.070,1,4210.840,64,64,131,131
120,decode,pi: in.attn_state,27.700,27.700,27.700,1,4210.840,64,64,131,131
120,decode,pi: in.positions,25.460,25.460,25.460,1,4210.840,64,64,131,131
120,decode,pi: in.prev_positions,39.690,39.690,39.690,1,4210.840,64,64,131,131
120,decode,pi: in.token_indices_select,26.540,26.540,26.540,1,4210.840,64,64,131,131
120,decode,pi: in.query_start_loc,27.910,27.910,27.910,1,4210.840,64,64,131,131
120,decode,pi: in.optimistic_seq_lens,48.590,48.590,48.590,1,4210.840,64,64,131,131
120,decode,pi: in.prepare_input_ids,232.470,232.470,232.470,1,4210.840,64,64,131,131
120,decode,pi: in.mrope_positions,749.040,749.040,749.040,1,4210.840,64,64,131,131
120,decode,pi: in.discard_mask,70.770,70.770,70.770,1,4210.840,64,64,131,131
120,decode,pi: in.num_accepted_tokens,16.580,16.580,16.580,1,4210.840,64,64,131,131
120,decode,pi: in.num_computed_tokens,20.540,20.540,20.540,1,4210.840,64,64,131,131
120,decode,pi: in.tokens_to_gpu,64.780,64.780,64.780,1,4210.840,64,64,131,131
120,decode,pi: in.positions_assembly,116.570,116.570,116.570,1,4210.840,64,64,131,131
120,decode,pi: in.seq_lens,61.720,61.720,61.720,1,4210.840,64,64,131,131
120,decode,pi: in.slot_mapping,139.320,139.320,139.320,1,4210.840,64,64,131,131
120,decode,pi: in.mrope_drift,0.780,0.780,0.780,1,4210.840,64,64,131,131
120,decode,pi: in.logits_indices,43.020,43.020,39.510,2,4210.840,64,64,131,131
120,decode,pi: prepare_inputs,109.750,1915.260,1915.260,1,4210.840,64,64,131,131
120,decode,pi: cascade_attn_prefix_lens,11.230,11.230,11.230,1,4210.840,64,64,131,131
120,decode,pi: batch_exec_and_padding,51.210,51.210,51.210,1,4210.840,64,64,131,131
120,decode,pi: ubatch_slices,1.750,1.750,1.750,1,4210.840,64,64,131,131
120,decode,pi: pad_query_start_loc,28.850,28.850,28.850,1,4210.840,64,64,131,131
120,decode,pi: am.max_seq_len,19.090,19.090,19.090,1,4210.840,64,64,131,131
120,decode,pi: am.cm_base_pre,80.440,80.440,80.440,1,4210.840,64,64,131,131
120,decode,pi: am.builder_build,1048.260,1048.260,341.610,4,4210.840,64,64,131,131
120,decode,pi: am.layer_assign,8.620,8.620,2.230,4,4210.840,64,64,131,131
120,decode,pi: am.group_loop,74.680,1131.560,364.140,4,4210.840,64,64,131,131
120,decode,pi: build_attention_metadata,298.190,1529.280,1529.280,1,4210.840,64,64,131,131
120,decode,pi: sanitize_placeholder_ids,1.150,1.150,1.150,1,4210.840,64,64,131,131
120,decode,pi: sync_input_prep,109.610,3889.480,3889.480,1,4210.840,64,64,131,131
120,decode,pi: TOTAL,4210.840,4210.840,4210.840,1,4210.840,64,64,131,131
121,decode,pi: update_states,182.870,182.870,182.870,1,4183.570,64,64,131,131
121,decode,pi: tokens_list,4.270,4.270,4.270,1,4183.570,64,64,131,131
121,decode,pi: phase_classify,55.160,55.160,55.160,1,4183.570,64,64,131,131
121,decode,pi: in.block_table_commit,89.190,89.190,89.190,1,4183.570,64,64,131,131
121,decode,pi: in.req_indices,9.160,9.160,9.160,1,4183.570,64,64,131,131
121,decode,pi: in.attn_state,40.090,40.090,40.090,1,4183.570,64,64,131,131
121,decode,pi: in.positions,26.200,26.200,26.200,1,4183.570,64,64,131,131
121,decode,pi: in.prev_positions,40.710,40.710,40.710,1,4183.570,64,64,131,131
121,decode,pi: in.token_indices_select,26.970,26.970,26.970,1,4183.570,64,64,131,131
121,decode,pi: in.query_start_loc,25.890,25.890,25.890,1,4183.570,64,64,131,131
121,decode,pi: in.optimistic_seq_lens,48.370,48.370,48.370,1,4183.570,64,64,131,131
121,decode,pi: in.prepare_input_ids,232.580,232.580,232.580,1,4183.570,64,64,131,131
121,decode,pi: in.mrope_positions,751.820,751.820,751.820,1,4183.570,64,64,131,131
121,decode,pi: in.discard_mask,72.150,72.150,72.150,1,4183.570,64,64,131,131
121,decode,pi: in.num_accepted_tokens,15.010,15.010,15.010,1,4183.570,64,64,131,131
121,decode,pi: in.num_computed_tokens,18.150,18.150,18.150,1,4183.570,64,64,131,131
121,decode,pi: in.tokens_to_gpu,64.610,64.610,64.610,1,4183.570,64,64,131,131
121,decode,pi: in.positions_assembly,114.060,114.060,114.060,1,4183.570,64,64,131,131
121,decode,pi: in.seq_lens,57.890,57.890,57.890,1,4183.570,64,64,131,131
121,decode,pi: in.slot_mapping,137.540,137.540,137.540,1,4183.570,64,64,131,131
121,decode,pi: in.mrope_drift,0.730,0.730,0.730,1,4183.570,64,64,131,131
121,decode,pi: in.logits_indices,40.600,40.600,38.090,2,4183.570,64,64,131,131
121,decode,pi: prepare_inputs,106.180,1917.900,1917.900,1,4183.570,64,64,131,131
121,decode,pi: cascade_attn_prefix_lens,10.930,10.930,10.930,1,4183.570,64,64,131,131
121,decode,pi: batch_exec_and_padding,51.690,51.690,51.690,1,4183.570,64,64,131,131
121,decode,pi: ubatch_slices,1.540,1.540,1.540,1,4183.570,64,64,131,131
121,decode,pi: pad_query_start_loc,29.270,29.270,29.270,1,4183.570,64,64,131,131
121,decode,pi: am.max_seq_len,18.690,18.690,18.690,1,4183.570,64,64,131,131
121,decode,pi: am.cm_base_pre,76.500,76.500,76.500,1,4183.570,64,64,131,131
121,decode,pi: am.builder_build,1031.390,1031.390,323.240,4,4183.570,64,64,131,131
121,decode,pi: am.layer_assign,8.590,8.590,2.270,4,4183.570,64,64,131,131
121,decode,pi: am.group_loop,72.400,1112.380,344.600,4,4183.570,64,64,131,131
121,decode,pi: build_attention_metadata,292.250,1499.820,1499.820,1,4183.570,64,64,131,131
121,decode,pi: sanitize_placeholder_ids,1.190,1.190,1.190,1,4183.570,64,64,131,131
121,decode,pi: sync_input_prep,106.170,3860.810,3860.810,1,4183.570,64,64,131,131
121,decode,pi: TOTAL,4183.570,4183.570,4183.570,1,4183.570,64,64,131,131
122,decode,pi: update_states,179.970,179.970,179.970,1,4178.310,64,64,131,131
122,decode,pi: tokens_list,4.460,4.460,4.460,1,4178.310,64,64,131,131
122,decode,pi: phase_classify,55.120,55.120,55.120,1,4178.310,64,64,131,131
122,decode,pi: in.block_table_commit,89.150,89.150,89.150,1,4178.310,64,64,131,131
122,decode,pi: in.req_indices,9.560,9.560,9.560,1,4178.310,64,64,131,131
122,decode,pi: in.attn_state,28.110,28.110,28.110,1,4178.310,64,64,131,131
122,decode,pi: in.positions,25.190,25.190,25.190,1,4178.310,64,64,131,131
122,decode,pi: in.prev_positions,41.580,41.580,41.580,1,4178.310,64,64,131,131
122,decode,pi: in.token_indices_select,26.310,26.310,26.310,1,4178.310,64,64,131,131
122,decode,pi: in.query_start_loc,26.010,26.010,26.010,1,4178.310,64,64,131,131
122,decode,pi: in.optimistic_seq_lens,51.110,51.110,51.110,1,4178.310,64,64,131,131
122,decode,pi: in.prepare_input_ids,235.930,235.930,235.930,1,4178.310,64,64,131,131
122,decode,pi: in.mrope_positions,745.670,745.670,745.670,1,4178.310,64,64,131,131
122,decode,pi: in.discard_mask,72.550,72.550,72.550,1,4178.310,64,64,131,131
122,decode,pi: in.num_accepted_tokens,14.810,14.810,14.810,1,4178.310,64,64,131,131
122,decode,pi: in.num_computed_tokens,17.930,17.930,17.930,1,4178.310,64,64,131,131
122,decode,pi: in.tokens_to_gpu,61.000,61.000,61.000,1,4178.310,64,64,131,131
122,decode,pi: in.positions_assembly,108.670,108.670,108.670,1,4178.310,64,64,131,131
122,decode,pi: in.seq_lens,65.620,65.620,65.620,1,4178.310,64,64,131,131
122,decode,pi: in.slot_mapping,137.070,137.070,137.070,1,4178.310,64,64,131,131
122,decode,pi: in.mrope_drift,0.830,0.830,0.830,1,4178.310,64,64,131,131
122,decode,pi: in.logits_indices,39.700,39.700,36.750,2,4178.310,64,64,131,131
122,decode,pi: prepare_inputs,108.500,1905.300,1905.300,1,4178.310,64,64,131,131
122,decode,pi: cascade_attn_prefix_lens,10.790,10.790,10.790,1,4178.310,64,64,131,131
122,decode,pi: batch_exec_and_padding,51.180,51.180,51.180,1,4178.310,64,64,131,131
122,decode,pi: ubatch_slices,1.510,1.510,1.510,1,4178.310,64,64,131,131
122,decode,pi: pad_query_start_loc,29.200,29.200,29.200,1,4178.310,64,64,131,131
122,decode,pi: am.max_seq_len,18.890,18.890,18.890,1,4178.310,64,64,131,131
122,decode,pi: am.cm_base_pre,74.000,74.000,74.000,1,4178.310,64,64,131,131
122,decode,pi: am.builder_build,1037.090,1037.090,325.230,4,4178.310,64,64,131,131
122,decode,pi: am.layer_assign,9.060,9.060,2.390,4,4178.310,64,64,131,131
122,decode,pi: am.group_loop,73.970,1120.120,347.030,4,4178.310,64,64,131,131
122,decode,pi: build_attention_metadata,293.020,1506.030,1506.030,1,4178.310,64,64,131,131
122,decode,pi: sanitize_placeholder_ids,1.290,1.290,1.290,1,4178.310,64,64,131,131
122,decode,pi: sync_input_prep,107.790,3852.640,3852.640,1,4178.310,64,64,131,131
122,decode,pi: TOTAL,4178.310,4178.310,4178.310,1,4178.310,64,64,131,131
123,decode,pi: update_states,178.010,178.010,178.010,1,4187.690,64,64,131,131
123,decode,pi: tokens_list,4.700,4.700,4.700,1,4187.690,64,64,131,131
123,decode,pi: phase_classify,55.420,55.420,55.420,1,4187.690,64,64,131,131
123,decode,pi: in.block_table_commit,87.410,87.410,87.410,1,4187.690,64,64,131,131
123,decode,pi: in.req_indices,9.890,9.890,9.890,1,4187.690,64,64,131,131
123,decode,pi: in.attn_state,28.040,28.040,28.040,1,4187.690,64,64,131,131
123,decode,pi: in.positions,25.790,25.790,25.790,1,4187.690,64,64,131,131
123,decode,pi: in.prev_positions,40.860,40.860,40.860,1,4187.690,64,64,131,131
123,decode,pi: in.token_indices_select,27.320,27.320,27.320,1,4187.690,64,64,131,131
123,decode,pi: in.query_start_loc,26.980,26.980,26.980,1,4187.690,64,64,131,131
123,decode,pi: in.optimistic_seq_lens,50.230,50.230,50.230,1,4187.690,64,64,131,131
123,decode,pi: in.prepare_input_ids,238.200,238.200,238.200,1,4187.690,64,64,131,131
123,decode,pi: in.mrope_positions,758.080,758.080,758.080,1,4187.690,64,64,131,131
123,decode,pi: in.discard_mask,71.840,71.840,71.840,1,4187.690,64,64,131,131
123,decode,pi: in.num_accepted_tokens,14.690,14.690,14.690,1,4187.690,64,64,131,131
123,decode,pi: in.num_computed_tokens,18.690,18.690,18.690,1,4187.690,64,64,131,131
123,decode,pi: in.tokens_to_gpu,63.590,63.590,63.590,1,4187.690,64,64,131,131
123,decode,pi: in.positions_assembly,112.300,112.300,112.300,1,4187.690,64,64,131,131
123,decode,pi: in.seq_lens,57.000,57.000,57.000,1,4187.690,64,64,131,131
123,decode,pi: in.slot_mapping,139.800,139.800,139.800,1,4187.690,64,64,131,131
123,decode,pi: in.mrope_drift,0.780,0.780,0.780,1,4187.690,64,64,131,131
123,decode,pi: in.logits_indices,39.880,39.880,37.520,2,4187.690,64,64,131,131
123,decode,pi: prepare_inputs,108.130,1919.500,1919.500,1,4187.690,64,64,131,131
123,decode,pi: cascade_attn_prefix_lens,10.720,10.720,10.720,1,4187.690,64,64,131,131
123,decode,pi: batch_exec_and_padding,52.410,52.410,52.410,1,4187.690,64,64,131,131
123,decode,pi: ubatch_slices,1.650,1.650,1.650,1,4187.690,64,64,131,131
123,decode,pi: pad_query_start_loc,29.020,29.020,29.020,1,4187.690,64,64,131,131
123,decode,pi: am.max_seq_len,18.890,18.890,18.890,1,4187.690,64,64,131,131
123,decode,pi: am.cm_base_pre,74.300,74.300,74.300,1,4187.690,64,64,131,131
123,decode,pi: am.builder_build,1032.540,1032.540,326.640,4,4187.690,64,64,131,131
123,decode,pi: am.layer_assign,8.540,8.540,2.380,4,4187.690,64,64,131,131
123,decode,pi: am.group_loop,72.430,1113.510,348.130,4,4187.690,64,64,131,131
123,decode,pi: build_attention_metadata,290.150,1496.850,1496.850,1,4187.690,64,64,131,131
123,decode,pi: sanitize_placeholder_ids,1.470,1.470,1.470,1,4187.690,64,64,131,131
123,decode,pi: sync_input_prep,107.470,3857.220,3857.220,1,4187.690,64,64,131,131
123,decode,pi: TOTAL,4187.690,4187.690,4187.690,1,4187.690,64,64,131,131
124,decode,pi: update_states,180.960,180.960,180.960,1,4194.900,64,64,131,131
124,decode,pi: tokens_list,4.380,4.380,4.380,1,4194.900,64,64,131,131
124,decode,pi: phase_classify,54.480,54.480,54.480,1,4194.900,64,64,131,131
124,decode,pi: in.block_table_commit,85.640,85.640,85.640,1,4194.900,64,64,131,131
124,decode,pi: in.req_indices,9.860,9.860,9.860,1,4194.900,64,64,131,131
124,decode,pi: in.attn_state,27.550,27.550,27.550,1,4194.900,64,64,131,131
124,decode,pi: in.positions,25.450,25.450,25.450,1,4194.900,64,64,131,131
124,decode,pi: in.prev_positions,41.520,41.520,41.520,1,4194.900,64,64,131,131
124,decode,pi: in.token_indices_select,27.700,27.700,27.700,1,4194.900,64,64,131,131
124,decode,pi: in.query_start_loc,29.540,29.540,29.540,1,4194.900,64,64,131,131
124,decode,pi: in.optimistic_seq_lens,49.550,49.550,49.550,1,4194.900,64,64,131,131
124,decode,pi: in.prepare_input_ids,234.420,234.420,234.420,1,4194.900,64,64,131,131
124,decode,pi: in.mrope_positions,764.950,764.950,764.950,1,4194.900,64,64,131,131
124,decode,pi: in.discard_mask,74.870,74.870,74.870,1,4194.900,64,64,131,131
124,decode,pi: in.num_accepted_tokens,15.030,15.030,15.030,1,4194.900,64,64,131,131
124,decode,pi: in.num_computed_tokens,19.600,19.600,19.600,1,4194.900,64,64,131,131
124,decode,pi: in.tokens_to_gpu,66.410,66.410,66.410,1,4194.900,64,64,131,131
124,decode,pi: in.positions_assembly,111.830,111.830,111.830,1,4194.900,64,64,131,131
124,decode,pi: in.seq_lens,54.240,54.240,54.240,1,4194.900,64,64,131,131
124,decode,pi: in.slot_mapping,139.230,139.230,139.230,1,4194.900,64,64,131,131
124,decode,pi: in.mrope_drift,0.800,0.800,0.800,1,4194.900,64,64,131,131
124,decode,pi: in.logits_indices,40.390,40.390,37.620,2,4194.900,64,64,131,131
124,decode,pi: prepare_inputs,111.470,1930.050,1930.050,1,4194.900,64,64,131,131
124,decode,pi: cascade_attn_prefix_lens,10.800,10.800,10.800,1,4194.900,64,64,131,131
124,decode,pi: batch_exec_and_padding,51.170,51.170,51.170,1,4194.900,64,64,131,131
124,decode,pi: ubatch_slices,1.670,1.670,1.670,1,4194.900,64,64,131,131
124,decode,pi: pad_query_start_loc,28.540,28.540,28.540,1,4194.900,64,64,131,131
124,decode,pi: am.max_seq_len,18.900,18.900,18.900,1,4194.900,64,64,131,131
124,decode,pi: am.cm_base_pre,76.760,76.760,76.760,1,4194.900,64,64,131,131
124,decode,pi: am.builder_build,1037.610,1037.610,333.610,4,4194.900,64,64,131,131
124,decode,pi: am.layer_assign,8.510,8.510,2.300,4,4194.900,64,64,131,131
124,decode,pi: am.group_loop,72.190,1118.310,354.960,4,4194.900,64,64,131,131
124,decode,pi: build_attention_metadata,286.760,1500.730,1500.730,1,4194.900,64,64,131,131
124,decode,pi: sanitize_placeholder_ids,1.220,1.220,1.220,1,4194.900,64,64,131,131
124,decode,pi: sync_input_prep,106.510,3870.510,3870.510,1,4194.900,64,64,131,131
124,decode,pi: TOTAL,4194.900,4194.900,4194.900,1,4194.900,64,64,131,131
125,decode,pi: update_states,181.610,181.610,181.610,1,4158.930,64,64,131,131
125,decode,pi: tokens_list,4.440,4.440,4.440,1,4158.930,64,64,131,131
125,decode,pi: phase_classify,55.330,55.330,55.330,1,4158.930,64,64,131,131
125,decode,pi: in.block_table_commit,87.170,87.170,87.170,1,4158.930,64,64,131,131
125,decode,pi: in.req_indices,9.950,9.950,9.950,1,4158.930,64,64,131,131
125,decode,pi: in.attn_state,28.430,28.430,28.430,1,4158.930,64,64,131,131
125,decode,pi: in.positions,25.940,25.940,25.940,1,4158.930,64,64,131,131
125,decode,pi: in.prev_positions,40.630,40.630,40.630,1,4158.930,64,64,131,131
125,decode,pi: in.token_indices_select,26.570,26.570,26.570,1,4158.930,64,64,131,131
125,decode,pi: in.query_start_loc,26.770,26.770,26.770,1,4158.930,64,64,131,131
125,decode,pi: in.optimistic_seq_lens,48.380,48.380,48.380,1,4158.930,64,64,131,131
125,decode,pi: in.prepare_input_ids,236.380,236.380,236.380,1,4158.930,64,64,131,131
125,decode,pi: in.mrope_positions,750.380,750.380,750.380,1,4158.930,64,64,131,131
125,decode,pi: in.discard_mask,71.990,71.990,71.990,1,4158.930,64,64,131,131
125,decode,pi: in.num_accepted_tokens,14.670,14.670,14.670,1,4158.930,64,64,131,131
125,decode,pi: in.num_computed_tokens,18.370,18.370,18.370,1,4158.930,64,64,131,131
125,decode,pi: in.tokens_to_gpu,61.270,61.270,61.270,1,4158.930,64,64,131,131
125,decode,pi: in.positions_assembly,111.460,111.460,111.460,1,4158.930,64,64,131,131
125,decode,pi: in.seq_lens,57.420,57.420,57.420,1,4158.930,64,64,131,131
125,decode,pi: in.slot_mapping,139.480,139.480,139.480,1,4158.930,64,64,131,131
125,decode,pi: in.mrope_drift,0.750,0.750,0.750,1,4158.930,64,64,131,131
125,decode,pi: in.logits_indices,41.470,41.470,38.910,2,4158.930,64,64,131,131
125,decode,pi: prepare_inputs,105.660,1903.140,1903.140,1,4158.930,64,64,131,131
125,decode,pi: cascade_attn_prefix_lens,11.400,11.400,11.400,1,4158.930,64,64,131,131
125,decode,pi: batch_exec_and_padding,51.580,51.580,51.580,1,4158.930,64,64,131,131
125,decode,pi: ubatch_slices,1.510,1.510,1.510,1,4158.930,64,64,131,131
125,decode,pi: pad_query_start_loc,28.180,28.180,28.180,1,4158.930,64,64,131,131
125,decode,pi: am.max_seq_len,18.790,18.790,18.790,1,4158.930,64,64,131,131
125,decode,pi: am.cm_base_pre,74.950,74.950,74.950,1,4158.930,64,64,131,131
125,decode,pi: am.builder_build,1023.530,1023.530,324.690,4,4158.930,64,64,131,131
125,decode,pi: am.layer_assign,8.320,8.320,2.220,4,4158.930,64,64,131,131
125,decode,pi: am.group_loop,73.140,1104.990,345.810,4,4158.930,64,64,131,131
125,decode,pi: build_attention_metadata,291.160,1489.890,1489.890,1,4158.930,64,64,131,131
125,decode,pi: sanitize_placeholder_ids,1.200,1.200,1.200,1,4158.930,64,64,131,131
125,decode,pi: sync_input_prep,107.040,3835.320,3835.320,1,4158.930,64,64,131,131
125,decode,pi: TOTAL,4158.930,4158.930,4158.930,1,4158.930,64,64,131,131
