step,phase,scope,self_us,incl_us,max_us,n_calls,wall_us,num_reqs,total_tokens,tid,pid
1,prefill,pi: update_states,755.700,755.700,755.700,1,3609952.100,1,99,131,131
1,prefill,pi: tokens_list,1.450,1.450,1.450,1,3609952.100,1,99,131,131
1,prefill,pi: phase_classify,164.420,164.420,164.420,1,3609952.100,1,99,131,131
1,prefill,pi: in.block_table_commit,129.200,129.200,129.200,1,3609952.100,1,99,131,131
1,prefill,pi: in.req_indices,13.620,13.620,13.620,1,3609952.100,1,99,131,131
1,prefill,pi: in.attn_state,34.280,34.280,34.280,1,3609952.100,1,99,131,131
1,prefill,pi: in.positions,57.780,57.780,57.780,1,3609952.100,1,99,131,131
1,prefill,pi: in.prev_positions,6.550,6.550,6.550,1,3609952.100,1,99,131,131
1,prefill,pi: in.token_indices_select,93.480,93.480,93.480,1,3609952.100,1,99,131,131
1,prefill,pi: in.query_start_loc,42.580,42.580,42.580,1,3609952.100,1,99,131,131
1,prefill,pi: in.optimistic_seq_lens,221.290,221.290,221.290,1,3609952.100,1,99,131,131
1,prefill,pi: in.prepare_input_ids,28.310,28.310,28.310,1,3609952.100,1,99,131,131
1,prefill,pi: in.mrope_positions,79.550,79.550,79.550,1,3609952.100,1,99,131,131
1,prefill,pi: in.discard_mask,95.470,95.470,95.470,1,3609952.100,1,99,131,131
1,prefill,pi: in.num_accepted_tokens,44.990,44.990,44.990,1,3609952.100,1,99,131,131
1,prefill,pi: in.num_computed_tokens,20.550,20.550,20.550,1,3609952.100,1,99,131,131
1,prefill,pi: in.tokens_to_gpu,71.140,71.140,71.140,1,3609952.100,1,99,131,131
1,prefill,pi: in.positions_assembly,890.930,890.930,890.930,1,3609952.100,1,99,131,131
1,prefill,pi: in.seq_lens,935.880,935.880,935.880,1,3609952.100,1,99,131,131
1,prefill,pi: in.slot_mapping,3591293.400,3591293.400,3591293.400,1,3609952.100,1,99,131,131
1,prefill,pi: in.mrope_drift,4.230,4.230,4.230,1,3609952.100,1,99,131,131
1,prefill,pi: in.logits_indices,275.970,275.970,273.240,2,3609952.100,1,99,131,131
1,prefill,pi: prepare_inputs,187.440,3594526.640,3594526.640,1,3609952.100,1,99,131,131
1,prefill,pi: cascade_attn_prefix_lens,36.930,36.930,36.930,1,3609952.100,1,99,131,131
1,prefill,pi: batch_exec_and_padding,119.110,119.110,119.110,1,3609952.100,1,99,131,131
1,prefill,pi: ubatch_slices,3.900,3.900,3.900,1,3609952.100,1,99,131,131
1,prefill,pi: am.max_seq_len,50.500,50.500,50.500,1,3609952.100,1,99,131,131
1,prefill,pi: am.cm_base_pre,181.660,181.660,181.660,1,3609952.100,1,99,131,131
1,prefill,pi: am.build.split_decodes,52.120,52.120,52.120,1,3609952.100,1,99,131,131
1,prefill,pi: am.build.seq_lens_select,8.940,8.940,8.940,1,3609952.100,1,99,131,131
1,prefill,pi: am.build.attn_mask,2.390,2.390,2.390,1,3609952.100,1,99,131,131
1,prefill,pi: am.build.qsl_h2d,77.300,77.300,77.300,1,3609952.100,1,99,131,131
1,prefill,pi: am.build.tolist,16.180,16.180,16.180,1,3609952.100,1,99,131,131
1,prefill,pi: am.build.fia_pad,3.170,3.170,3.170,1,3609952.100,1,99,131,131
1,prefill,pi: am.build.backend_metadata,14.550,14.550,14.550,1,3609952.100,1,99,131,131
1,prefill,pi: am.build.metadata_ctor,10.570,10.570,10.570,1,3609952.100,1,99,131,131
1,prefill,pi: am.builder_build@AscendAttentionMetadataBuilder,45.210,230.430,230.430,1,3609952.100,1,99,131,131
1,prefill,pi: am.builder_build,14.430,5589.440,2412.070,4,3609952.100,1,99,131,131
1,prefill,pi: am.layer_assign,9.480,9.480,2.740,4,3609952.100,1,99,131,131
1,prefill,pi: am.group_loop,125.900,5724.820,2443.930,4,3609952.100,1,99,131,131
1,prefill,pi: gdnb.treat_single_token,276.920,276.920,131.320,3,3609952.100,1,99,131,131
1,prefill,pi: gdnb.compute_num_computed_tokens,193.660,193.660,107.160,3,3609952.100,1,99,131,131
1,prefill,pi: gdnb.mamba_block_table,6.980,6.980,2.900,3,3609952.100,1,99,131,131
1,prefill,pi: gdnb.split_decodes,69.790,69.790,29.070,3,3609952.100,1,99,131,131
1,prefill,pi: gdnb.ctor,33.960,33.960,14.800,3,3609952.100,1,99,131,131
1,prefill,pi: gdnb.attach_prefill,53.330,53.330,22.830,3,3609952.100,1,99,131,131
1,prefill,pi: gdnb.attach_spec,3.600,3.600,1.570,3,3609952.100,1,99,131,131
1,prefill,pi: gdnb.build_actual_seq_lengths,290.950,290.950,113.080,3,3609952.100,1,99,131,131
1,prefill,pi: gdnb.attach_decode,42.970,333.920,129.110,3,3609952.100,1,99,131,131
1,prefill,pi: am.builder_build@AscendGDNAttentionMetadataBuilder,4372.420,5344.580,2408.780,3,3609952.100,1,99,131,131
1,prefill,pi: build_attention_metadata,361.700,6318.680,6318.680,1,3609952.100,1,99,131,131
1,prefill,pi: sanitize_placeholder_ids,2.020,2.020,2.020,1,3609952.100,1,99,131,131
1,prefill,pi: sync_input_prep,200.900,3602129.750,3602129.750,1,3609952.100,1,99,131,131
1,prefill,pi: TOTAL,3609952.100,3609952.100,3609952.100,1,3609952.100,1,99,131,131
2,decode,pi: update_states,207.080,207.080,207.080,1,4243.110,1,1,131,131
2,decode,pi: tokens_list,1.300,1.300,1.300,1,4243.110,1,1,131,131
2,decode,pi: phase_classify,108.410,108.410,108.410,1,4243.110,1,1,131,131
2,decode,pi: in.block_table_commit,96.610,96.610,96.610,1,4243.110,1,1,131,131
2,decode,pi: in.req_indices,12.690,12.690,12.690,1,4243.110,1,1,131,131
2,decode,pi: in.attn_state,36.860,36.860,36.860,1,4243.110,1,1,131,131
2,decode,pi: in.positions,40.250,40.250,40.250,1,4243.110,1,1,131,131
2,decode,pi: in.prev_positions,42.730,42.730,42.730,1,4243.110,1,1,131,131
2,decode,pi: in.token_indices_select,45.410,45.410,45.410,1,4243.110,1,1,131,131
2,decode,pi: in.query_start_loc,33.760,33.760,33.760,1,4243.110,1,1,131,131
2,decode,pi: in.optimistic_seq_lens,69.090,69.090,69.090,1,4243.110,1,1,131,131
2,decode,pi: in.prepare_input_ids,86.940,86.940,86.940,1,4243.110,1,1,131,131
2,decode,pi: in.mrope_positions,55.880,55.880,55.880,1,4243.110,1,1,131,131
2,decode,pi: in.discard_mask,80.280,80.280,80.280,1,4243.110,1,1,131,131
2,decode,pi: in.num_accepted_tokens,16.630,16.630,16.630,1,4243.110,1,1,131,131
2,decode,pi: in.num_computed_tokens,20.890,20.890,20.890,1,4243.110,1,1,131,131
2,decode,pi: in.tokens_to_gpu,71.140,71.140,71.140,1,4243.110,1,1,131,131
2,decode,pi: in.positions_assembly,205.950,205.950,205.950,1,4243.110,1,1,131,131
2,decode,pi: in.seq_lens,59.280,59.280,59.280,1,4243.110,1,1,131,131
2,decode,pi: in.slot_mapping,161.960,161.960,161.960,1,4243.110,1,1,131,131
2,decode,pi: in.mrope_drift,0.930,0.930,0.930,1,4243.110,1,1,131,131
2,decode,pi: in.logits_indices,47.490,47.490,43.660,2,4243.110,1,1,131,131
2,decode,pi: prepare_inputs,125.340,1310.110,1310.110,1,4243.110,1,1,131,131
2,decode,pi: cascade_attn_prefix_lens,15.840,15.840,15.840,1,4243.110,1,1,131,131
2,decode,pi: batch_exec_and_padding,76.180,76.180,76.180,1,4243.110,1,1,131,131
2,decode,pi: ubatch_slices,3.260,3.260,3.260,1,4243.110,1,1,131,131
2,decode,pi: pad_query_start_loc,34.040,34.040,34.040,1,4243.110,1,1,131,131
2,decode,pi: am.max_seq_len,21.600,21.600,21.600,1,4243.110,1,1,131,131
2,decode,pi: am.cm_base_pre,104.600,104.600,104.600,1,4243.110,1,1,131,131
2,decode,pi: am.build.split_decodes,13.260,13.260,13.260,1,4243.110,1,1,131,131
2,decode,pi: am.build.seq_lens_select,9.480,9.480,9.480,1,4243.110,1,1,131,131
2,decode,pi: am.build.attn_mask,2.270,2.270,2.270,1,4243.110,1,1,131,131
2,decode,pi: am.build.qsl_h2d,42.460,42.460,42.460,1,4243.110,1,1,131,131
2,decode,pi: am.build.tolist,12.170,12.170,12.170,1,4243.110,1,1,131,131
2,decode,pi: am.build.fia_pad,1.650,1.650,1.650,1,4243.110,1,1,131,131
2,decode,pi: am.build.backend_metadata,18.050,18.050,18.050,1,4243.110,1,1,131,131
2,decode,pi: am.build.metadata_ctor,8.190,8.190,8.190,1,4243.110,1,1,131,131
2,decode,pi: am.builder_build@AscendAttentionMetadataBuilder,40.320,147.850,147.850,1,4243.110,1,1,131,131
2,decode,pi: am.builder_build,13.850,1416.570,492.260,4,4243.110,1,1,131,131
2,decode,pi: am.layer_assign,7.130,7.130,2.030,4,4243.110,1,1,131,131
2,decode,pi: am.group_loop,101.480,1525.180,517.690,4,4243.110,1,1,131,131
2,decode,pi: gdnb.treat_single_token,227.430,227.430,96.060,3,4243.110,1,1,131,131
2,decode,pi: gdnb.compute_num_computed_tokens,132.820,132.820,44.820,3,4243.110,1,1,131,131
2,decode,pi: gdnb.mamba_block_table,6.000,6.000,2.580,3,4243.110,1,1,131,131
2,decode,pi: gdnb.split_decodes,134.750,134.750,50.110,3,4243.110,1,1,131,131
2,decode,pi: gdnb.pad_graph_inputs,295.470,295.470,104.770,3,4243.110,1,1,131,131
2,decode,pi: gdnb.ctor,25.040,25.040,10.560,3,4243.110,1,1,131,131
2,decode,pi: gdnb.attach_prefill,3.530,3.530,1.700,3,4243.110,1,1,131,131
2,decode,pi: gdnb.attach_spec,3.570,3.570,1.650,3,4243.110,1,1,131,131
2,decode,pi: gdnb.build_actual_seq_lengths,191.440,191.440,84.420,3,4243.110,1,1,131,131
2,decode,pi: gdnb.attach_decode,45.020,236.460,101.820,3,4243.110,1,1,131,131
2,decode,pi: am.builder_build@AscendGDNAttentionMetadataBuilder,189.800,1254.870,489.250,3,4243.110,1,1,131,131
2,decode,pi: build_attention_metadata,312.220,1963.600,1963.600,1,4243.110,1,1,131,131
2,decode,pi: sanitize_placeholder_ids,1.930,1.930,1.930,1,4243.110,1,1,131,131
2,decode,pi: sync_input_prep,126.480,3848.230,3848.230,1,4243.110,1,1,131,131
2,decode,pi: TOTAL,4243.110,4243.110,4243.110,1,4243.110,1,1,131,131
3,decode,pi: update_states,121.480,121.480,121.480,1,3450.460,1,1,131,131
3,decode,pi: tokens_list,1.190,1.190,1.190,1,3450.460,1,1,131,131
3,decode,pi: phase_classify,81.120,81.120,81.120,1,3450.460,1,1,131,131
3,decode,pi: in.block_table_commit,90.550,90.550,90.550,1,3450.460,1,1,131,131
3,decode,pi: in.req_indices,10.550,10.550,10.550,1,3450.460,1,1,131,131
3,decode,pi: in.attn_state,29.760,29.760,29.760,1,3450.460,1,1,131,131
3,decode,pi: in.positions,28.810,28.810,28.810,1,3450.460,1,1,131,131
3,decode,pi: in.prev_positions,32.430,32.430,32.430,1,3450.460,1,1,131,131
3,decode,pi: in.token_indices_select,30.980,30.980,30.980,1,3450.460,1,1,131,131
3,decode,pi: in.query_start_loc,27.700,27.700,27.700,1,3450.460,1,1,131,131
3,decode,pi: in.optimistic_seq_lens,52.150,52.150,52.150,1,3450.460,1,1,131,131
3,decode,pi: in.prepare_input_ids,75.990,75.990,75.990,1,3450.460,1,1,131,131
3,decode,pi: in.mrope_positions,45.700,45.700,45.700,1,3450.460,1,1,131,131
3,decode,pi: in.discard_mask,62.860,62.860,62.860,1,3450.460,1,1,131,131
3,decode,pi: in.num_accepted_tokens,14.370,14.370,14.370,1,3450.460,1,1,131,131
3,decode,pi: in.num_computed_tokens,18.480,18.480,18.480,1,3450.460,1,1,131,131
3,decode,pi: in.tokens_to_gpu,64.040,64.040,64.040,1,3450.460,1,1,131,131
3,decode,pi: in.positions_assembly,115.480,115.480,115.480,1,3450.460,1,1,131,131
3,decode,pi: in.seq_lens,56.430,56.430,56.430,1,3450.460,1,1,131,131
3,decode,pi: in.slot_mapping,141.410,141.410,141.410,1,3450.460,1,1,131,131
3,decode,pi: in.mrope_drift,0.660,0.660,0.660,1,3450.460,1,1,131,131
3,decode,pi: in.logits_indices,40.790,40.790,38.060,2,3450.460,1,1,131,131
3,decode,pi: prepare_inputs,101.560,1040.700,1040.700,1,3450.460,1,1,131,131
3,decode,pi: cascade_attn_prefix_lens,11.110,11.110,11.110,1,3450.460,1,1,131,131
3,decode,pi: batch_exec_and_padding,53.850,53.850,53.850,1,3450.460,1,1,131,131
3,decode,pi: ubatch_slices,1.530,1.530,1.530,1,3450.460,1,1,131,131
3,decode,pi: pad_query_start_loc,31.110,31.110,31.110,1,3450.460,1,1,131,131
3,decode,pi: am.max_seq_len,18.440,18.440,18.440,1,3450.460,1,1,131,131
3,decode,pi: am.cm_base_pre,78.730,78.730,78.730,1,3450.460,1,1,131,131
3,decode,pi: am.build.split_decodes,9.880,9.880,9.880,1,3450.460,1,1,131,131
3,decode,pi: am.build.seq_lens_select,8.460,8.460,8.460,1,3450.460,1,1,131,131
3,decode,pi: am.build.attn_mask,1.370,1.370,1.370,1,3450.460,1,1,131,131
3,decode,pi: am.build.qsl_h2d,36.220,36.220,36.220,1,3450.460,1,1,131,131
3,decode,pi: am.build.tolist,10.320,10.320,10.320,1,3450.460,1,1,131,131
3,decode,pi: am.build.fia_pad,2.370,2.370,2.370,1,3450.460,1,1,131,131
3,decode,pi: am.build.backend_metadata,15.630,15.630,15.630,1,3450.460,1,1,131,131
3,decode,pi: am.build.metadata_ctor,6.860,6.860,6.860,1,3450.460,1,1,131,131
3,decode,pi: am.builder_build@AscendAttentionMetadataBuilder,36.560,127.670,127.670,1,3450.460,1,1,131,131
3,decode,pi: am.builder_build,13.450,1243.210,397.810,4,3450.460,1,1,131,131
3,decode,pi: am.layer_assign,7.080,7.080,1.990,4,3450.460,1,1,131,131
3,decode,pi: am.group_loop,87.570,1337.860,422.010,4,3450.460,1,1,131,131
3,decode,pi: gdnb.treat_single_token,169.960,169.960,62.320,3,3450.460,1,1,131,131
3,decode,pi: gdnb.compute_num_computed_tokens,125.220,125.220,43.980,3,3450.460,1,1,131,131
3,decode,pi: gdnb.mamba_block_table,5.210,5.210,2.000,3,3450.460,1,1,131,131
3,decode,pi: gdnb.split_decodes,120.620,120.620,43.170,3,3450.460,1,1,131,131
3,decode,pi: gdnb.pad_graph_inputs,282.120,282.120,99.670,3,3450.460,1,1,131,131
3,decode,pi: gdnb.ctor,21.100,21.100,8.140,3,3450.460,1,1,131,131
3,decode,pi: gdnb.attach_prefill,2.880,2.880,1.200,3,3450.460,1,1,131,131
3,decode,pi: gdnb.attach_spec,2.390,2.390,0.860,3,3450.460,1,1,131,131
3,decode,pi: gdnb.build_actual_seq_lengths,160.970,160.970,55.590,3,3450.460,1,1,131,131
3,decode,pi: gdnb.attach_decode,40.740,201.710,70.600,3,3450.460,1,1,131,131
3,decode,pi: am.builder_build@AscendGDNAttentionMetadataBuilder,170.880,1102.090,394.780,3,3450.460,1,1,131,131
3,decode,pi: build_attention_metadata,283.440,1718.470,1718.470,1,3450.460,1,1,131,131
3,decode,pi: sanitize_placeholder_ids,1.580,1.580,1.580,1,3450.460,1,1,131,131
3,decode,pi: sync_input_prep,186.480,3248.620,3248.620,1,3450.460,1,1,131,131
3,decode,pi: TOTAL,3450.460,3450.460,3450.460,1,3450.460,1,1,131,131
4,decode,pi: update_states,110.180,110.180,110.180,1,3300.090,1,1,131,131
4,decode,pi: tokens_list,0.980,0.980,0.980,1,3300.090,1,1,131,131
4,decode,pi: phase_classify,53.690,53.690,53.690,1,3300.090,1,1,131,131
4,decode,pi: in.block_table_commit,85.110,85.110,85.110,1,3300.090,1,1,131,131
4,decode,pi: in.req_indices,9.490,9.490,9.490,1,3300.090,1,1,131,131
4,decode,pi: in.attn_state,27.080,27.080,27.080,1,3300.090,1,1,131,131
4,decode,pi: in.positions,26.430,26.430,26.430,1,3300.090,1,1,131,131
4,decode,pi: in.prev_positions,29.160,29.160,29.160,1,3300.090,1,1,131,131
4,decode,pi: in.token_indices_select,26.850,26.850,26.850,1,3300.090,1,1,131,131
4,decode,pi: in.query_start_loc,26.030,26.030,26.030,1,3300.090,1,1,131,131
4,decode,pi: in.optimistic_seq_lens,49.460,49.460,49.460,1,3300.090,1,1,131,131
4,decode,pi: in.prepare_input_ids,68.020,68.020,68.020,1,3300.090,1,1,131,131
4,decode,pi: in.mrope_positions,39.340,39.340,39.340,1,3300.090,1,1,131,131
4,decode,pi: in.discard_mask,58.940,58.940,58.940,1,3300.090,1,1,131,131
4,decode,pi: in.num_accepted_tokens,14.630,14.630,14.630,1,3300.090,1,1,131,131
4,decode,pi: in.num_computed_tokens,17.910,17.910,17.910,1,3300.090,1,1,131,131
4,decode,pi: in.tokens_to_gpu,61.190,61.190,61.190,1,3300.090,1,1,131,131
4,decode,pi: in.positions_assembly,110.090,110.090,110.090,1,3300.090,1,1,131,131
4,decode,pi: in.seq_lens,56.230,56.230,56.230,1,3300.090,1,1,131,131
4,decode,pi: in.slot_mapping,138.150,138.150,138.150,1,3300.090,1,1,131,131
4,decode,pi: in.mrope_drift,0.770,0.770,0.770,1,3300.090,1,1,131,131
4,decode,pi: in.logits_indices,39.560,39.560,37.400,2,3300.090,1,1,131,131
4,decode,pi: prepare_inputs,99.010,983.450,983.450,1,3300.090,1,1,131,131
4,decode,pi: cascade_attn_prefix_lens,10.530,10.530,10.530,1,3300.090,1,1,131,131
4,decode,pi: batch_exec_and_padding,50.310,50.310,50.310,1,3300.090,1,1,131,131
4,decode,pi: ubatch_slices,1.400,1.400,1.400,1,3300.090,1,1,131,131
4,decode,pi: pad_query_start_loc,29.850,29.850,29.850,1,3300.090,1,1,131,131
4,decode,pi: am.max_seq_len,19.150,19.150,19.150,1,3300.090,1,1,131,131
4,decode,pi: am.cm_base_pre,75.410,75.410,75.410,1,3300.090,1,1,131,131
4,decode,pi: am.build.split_decodes,9.510,9.510,9.510,1,3300.090,1,1,131,131
4,decode,pi: am.build.seq_lens_select,8.540,8.540,8.540,1,3300.090,1,1,131,131
4,decode,pi: am.build.attn_mask,1.180,1.180,1.180,1,3300.090,1,1,131,131
4,decode,pi: am.build.qsl_h2d,35.010,35.010,35.010,1,3300.090,1,1,131,131
4,decode,pi: am.build.tolist,9.910,9.910,9.910,1,3300.090,1,1,131,131
4,decode,pi: am.build.fia_pad,1.700,1.700,1.700,1,3300.090,1,1,131,131
4,decode,pi: am.build.backend_metadata,15.040,15.040,15.040,1,3300.090,1,1,131,131
4,decode,pi: am.build.metadata_ctor,6.000,6.000,6.000,1,3300.090,1,1,131,131
4,decode,pi: am.builder_build@AscendAttentionMetadataBuilder,34.930,121.820,121.820,1,3300.090,1,1,131,131
4,decode,pi: am.builder_build,13.360,1255.940,395.940,4,3300.090,1,1,131,131
4,decode,pi: am.layer_assign,6.630,6.630,1.850,4,3300.090,1,1,131,131
4,decode,pi: am.group_loop,88.670,1351.240,419.510,4,3300.090,1,1,131,131
4,decode,pi: gdnb.treat_single_token,170.100,170.100,62.810,3,3300.090,1,1,131,131
4,decode,pi: gdnb.compute_num_computed_tokens,127.570,127.570,44.710,3,3300.090,1,1,131,131
4,decode,pi: gdnb.mamba_block_table,5.050,5.050,1.930,3,3300.090,1,1,131,131
4,decode,pi: gdnb.split_decodes,120.340,120.340,42.390,3,3300.090,1,1,131,131
4,decode,pi: gdnb.pad_graph_inputs,299.600,299.600,106.390,3,3300.090,1,1,131,131
4,decode,pi: gdnb.ctor,20.440,20.440,7.530,3,3300.090,1,1,131,131
4,decode,pi: gdnb.attach_prefill,2.790,2.790,0.970,3,3300.090,1,1,131,131
4,decode,pi: gdnb.attach_spec,2.600,2.600,0.910,3,3300.090,1,1,131,131
4,decode,pi: gdnb.build_actual_seq_lengths,160.780,160.780,55.150,3,3300.090,1,1,131,131
4,decode,pi: gdnb.attach_decode,40.630,201.410,69.290,3,3300.090,1,1,131,131
4,decode,pi: am.builder_build@AscendGDNAttentionMetadataBuilder,170.860,1120.760,392.880,3,3300.090,1,1,131,131
4,decode,pi: build_attention_metadata,278.010,1723.810,1723.810,1,3300.090,1,1,131,131
4,decode,pi: sanitize_placeholder_ids,1.080,1.080,1.080,1,3300.090,1,1,131,131
4,decode,pi: sync_input_prep,139.950,3105.230,3105.230,1,3300.090,1,1,131,131
4,decode,pi: TOTAL,3300.090,3300.090,3300.090,1,3300.090,1,1,131,131
5,decode,pi: update_states,103.960,103.960,103.960,1,3280.180,1,1,131,131
5,decode,pi: tokens_list,1.070,1.070,1.070,1,3280.180,1,1,131,131
5,decode,pi: phase_classify,48.940,48.940,48.940,1,3280.180,1,1,131,131
5,decode,pi: in.block_table_commit,86.180,86.180,86.180,1,3280.180,1,1,131,131
5,decode,pi: in.req_indices,9.430,9.430,9.430,1,3280.180,1,1,131,131
5,decode,pi: in.attn_state,26.680,26.680,26.680,1,3280.180,1,1,131,131
5,decode,pi: in.positions,25.420,25.420,25.420,1,3280.180,1,1,131,131
5,decode,pi: in.prev_positions,29.450,29.450,29.450,1,3280.180,1,1,131,131
5,decode,pi: in.token_indices_select,26.950,26.950,26.950,1,3280.180,1,1,131,131
5,decode,pi: in.query_start_loc,26.830,26.830,26.830,1,3280.180,1,1,131,131
5,decode,pi: in.optimistic_seq_lens,49.610,49.610,49.610,1,3280.180,1,1,131,131
5,decode,pi: in.prepare_input_ids,66.610,66.610,66.610,1,3280.180,1,1,131,131
5,decode,pi: in.mrope_positions,40.100,40.100,40.100,1,3280.180,1,1,131,131
5,decode,pi: in.discard_mask,57.500,57.500,57.500,1,3280.180,1,1,131,131
5,decode,pi: in.num_accepted_tokens,14.190,14.190,14.190,1,3280.180,1,1,131,131
5,decode,pi: in.num_computed_tokens,17.850,17.850,17.850,1,3280.180,1,1,131,131
5,decode,pi: in.tokens_to_gpu,61.400,61.400,61.400,1,3280.180,1,1,131,131
5,decode,pi: in.positions_assembly,111.100,111.100,111.100,1,3280.180,1,1,131,131
5,decode,pi: in.seq_lens,55.550,55.550,55.550,1,3280.180,1,1,131,131
5,decode,pi: in.slot_mapping,135.930,135.930,135.930,1,3280.180,1,1,131,131
5,decode,pi: in.mrope_drift,0.710,0.710,0.710,1,3280.180,1,1,131,131
5,decode,pi: in.logits_indices,39.420,39.420,36.510,2,3280.180,1,1,131,131
5,decode,pi: prepare_inputs,95.700,976.610,976.610,1,3280.180,1,1,131,131
5,decode,pi: cascade_attn_prefix_lens,10.430,10.430,10.430,1,3280.180,1,1,131,131
5,decode,pi: batch_exec_and_padding,49.190,49.190,49.190,1,3280.180,1,1,131,131
5,decode,pi: ubatch_slices,1.490,1.490,1.490,1,3280.180,1,1,131,131
5,decode,pi: pad_query_start_loc,29.520,29.520,29.520,1,3280.180,1,1,131,131
5,decode,pi: am.max_seq_len,19.030,19.030,19.030,1,3280.180,1,1,131,131
5,decode,pi: am.cm_base_pre,76.280,76.280,76.280,1,3280.180,1,1,131,131
5,decode,pi: am.build.split_decodes,9.520,9.520,9.520,1,3280.180,1,1,131,131
5,decode,pi: am.build.seq_lens_select,7.920,7.920,7.920,1,3280.180,1,1,131,131
5,decode,pi: am.build.attn_mask,1.340,1.340,1.340,1,3280.180,1,1,131,131
5,decode,pi: am.build.qsl_h2d,32.450,32.450,32.450,1,3280.180,1,1,131,131
5,decode,pi: am.build.tolist,9.700,9.700,9.700,1,3280.180,1,1,131,131
5,decode,pi: am.build.fia_pad,1.770,1.770,1.770,1,3280.180,1,1,131,131
5,decode,pi: am.build.backend_metadata,14.850,14.850,14.850,1,3280.180,1,1,131,131
5,decode,pi: am.build.metadata_ctor,6.180,6.180,6.180,1,3280.180,1,1,131,131
5,decode,pi: am.builder_build@AscendAttentionMetadataBuilder,35.040,118.770,118.770,1,3280.180,1,1,131,131
5,decode,pi: am.builder_build,13.720,1264.480,416.000,4,3280.180,1,1,131,131
5,decode,pi: am.layer_assign,7.070,7.070,1.960,4,3280.180,1,1,131,131
5,decode,pi: am.group_loop,87.850,1359.400,439.650,4,3280.180,1,1,131,131
5,decode,pi: gdnb.treat_single_token,185.180,185.180,77.450,3,3280.180,1,1,131,131
5,decode,pi: gdnb.compute_num_computed_tokens,130.790,130.790,46.030,3,3280.180,1,1,131,131
5,decode,pi: gdnb.mamba_block_table,5.080,5.080,2.010,3,3280.180,1,1,131,131
5,decode,pi: gdnb.split_decodes,123.680,123.680,42.780,3,3280.180,1,1,131,131
5,decode,pi: gdnb.pad_graph_inputs,285.370,285.370,100.910,3,3280.180,1,1,131,131
5,decode,pi: gdnb.ctor,20.980,20.980,8.090,3,3280.180,1,1,131,131
5,decode,pi: gdnb.attach_prefill,2.670,2.670,1.010,3,3280.180,1,1,131,131
5,decode,pi: gdnb.attach_spec,2.550,2.550,0.880,3,3280.180,1,1,131,131
5,decode,pi: gdnb.build_actual_seq_lengths,162.860,162.860,55.640,3,3280.180,1,1,131,131
5,decode,pi: gdnb.attach_decode,40.600,203.460,70.310,3,3280.180,1,1,131,131
5,decode,pi: am.builder_build@AscendGDNAttentionMetadataBuilder,172.230,1131.990,412.800,3,3280.180,1,1,131,131
5,decode,pi: build_attention_metadata,274.450,1729.160,1729.160,1,3280.180,1,1,131,131
5,decode,pi: sanitize_placeholder_ids,1.300,1.300,1.300,1,3280.180,1,1,131,131
5,decode,pi: sync_input_prep,132.950,3084.620,3084.620,1,3280.180,1,1,131,131
5,decode,pi: TOTAL,3280.180,3280.180,3280.180,1,3280.180,1,1,131,131
6,decode,pi: update_states,100.640,100.640,100.640,1,3244.120,1,1,131,131
6,decode,pi: tokens_list,0.990,0.990,0.990,1,3244.120,1,1,131,131
6,decode,pi: phase_classify,74.240,74.240,74.240,1,3244.120,1,1,131,131
6,decode,pi: in.block_table_commit,85.690,85.690,85.690,1,3244.120,1,1,131,131
6,decode,pi: in.req_indices,10.030,10.030,10.030,1,3244.120,1,1,131,131
6,decode,pi: in.attn_state,27.450,27.450,27.450,1,3244.120,1,1,131,131
6,decode,pi: in.positions,25.580,25.580,25.580,1,3244.120,1,1,131,131
6,decode,pi: in.prev_positions,29.310,29.310,29.310,1,3244.120,1,1,131,131
6,decode,pi: in.token_indices_select,25.750,25.750,25.750,1,3244.120,1,1,131,131
6,decode,pi: in.query_start_loc,26.960,26.960,26.960,1,3244.120,1,1,131,131
6,decode,pi: in.optimistic_seq_lens,49.340,49.340,49.340,1,3244.120,1,1,131,131
6,decode,pi: in.prepare_input_ids,82.030,82.030,82.030,1,3244.120,1,1,131,131
6,decode,pi: in.mrope_positions,42.180,42.180,42.180,1,3244.120,1,1,131,131
6,decode,pi: in.discard_mask,57.750,57.750,57.750,1,3244.120,1,1,131,131
6,decode,pi: in.num_accepted_tokens,14.320,14.320,14.320,1,3244.120,1,1,131,131
6,decode,pi: in.num_computed_tokens,17.830,17.830,17.830,1,3244.120,1,1,131,131
6,decode,pi: in.tokens_to_gpu,62.670,62.670,62.670,1,3244.120,1,1,131,131
6,decode,pi: in.positions_assembly,111.620,111.620,111.620,1,3244.120,1,1,131,131
6,decode,pi: in.seq_lens,55.340,55.340,55.340,1,3244.120,1,1,131,131
6,decode,pi: in.slot_mapping,136.370,136.370,136.370,1,3244.120,1,1,131,131
6,decode,pi: in.mrope_drift,0.700,0.700,0.700,1,3244.120,1,1,131,131
6,decode,pi: in.logits_indices,39.200,39.200,36.800,2,3244.120,1,1,131,131
6,decode,pi: prepare_inputs,95.620,995.740,995.740,1,3244.120,1,1,131,131
6,decode,pi: cascade_attn_prefix_lens,10.670,10.670,10.670,1,3244.120,1,1,131,131
6,decode,pi: batch_exec_and_padding,48.720,48.720,48.720,1,3244.120,1,1,131,131
6,decode,pi: ubatch_slices,1.370,1.370,1.370,1,3244.120,1,1,131,131
6,decode,pi: pad_query_start_loc,29.300,29.300,29.300,1,3244.120,1,1,131,131
6,decode,pi: am.max_seq_len,17.320,17.320,17.320,1,3244.120,1,1,131,131
6,decode,pi: am.cm_base_pre,74.710,74.710,74.710,1,3244.120,1,1,131,131
6,decode,pi: am.build.split_decodes,9.350,9.350,9.350,1,3244.120,1,1,131,131
6,decode,pi: am.build.seq_lens_select,7.660,7.660,7.660,1,3244.120,1,1,131,131
6,decode,pi: am.build.attn_mask,1.300,1.300,1.300,1,3244.120,1,1,131,131
6,decode,pi: am.build.qsl_h2d,31.550,31.550,31.550,1,3244.120,1,1,131,131
6,decode,pi: am.build.tolist,9.610,9.610,9.610,1,3244.120,1,1,131,131
6,decode,pi: am.build.fia_pad,1.660,1.660,1.660,1,3244.120,1,1,131,131
6,decode,pi: am.build.backend_metadata,15.390,15.390,15.390,1,3244.120,1,1,131,131
6,decode,pi: am.build.metadata_ctor,6.400,6.400,6.400,1,3244.120,1,1,131,131
6,decode,pi: am.builder_build@AscendAttentionMetadataBuilder,34.540,117.460,117.460,1,3244.120,1,1,131,131
6,decode,pi: am.builder_build,13.860,1230.680,386.600,4,3244.120,1,1,131,131
6,decode,pi: am.layer_assign,6.710,6.710,1.800,4,3244.120,1,1,131,131
6,decode,pi: am.group_loop,87.530,1324.920,410.550,4,3244.120,1,1,131,131
6,decode,pi: gdnb.treat_single_token,166.850,166.850,58.720,3,3244.120,1,1,131,131
6,decode,pi: gdnb.compute_num_computed_tokens,125.150,125.150,43.290,3,3244.120,1,1,131,131
6,decode,pi: gdnb.mamba_block_table,4.760,4.760,1.640,3,3244.120,1,1,131,131
6,decode,pi: gdnb.split_decodes,123.390,123.390,41.820,3,3244.120,1,1,131,131
6,decode,pi: gdnb.pad_graph_inputs,284.720,284.720,100.500,3,3244.120,1,1,131,131
6,decode,pi: gdnb.ctor,20.740,20.740,7.880,3,3244.120,1,1,131,131
6,decode,pi: gdnb.attach_prefill,2.720,2.720,0.990,3,3244.120,1,1,131,131
6,decode,pi: gdnb.attach_spec,2.490,2.490,0.880,3,3244.120,1,1,131,131
6,decode,pi: gdnb.build_actual_seq_lengths,159.550,159.550,53.800,3,3244.120,1,1,131,131
6,decode,pi: gdnb.attach_decode,39.770,199.320,67.390,3,3244.120,1,1,131,131
6,decode,pi: am.builder_build@AscendGDNAttentionMetadataBuilder,169.220,1099.360,383.350,3,3244.120,1,1,131,131
6,decode,pi: build_attention_metadata,271.380,1688.330,1688.330,1,3244.120,1,1,131,131
6,decode,pi: sanitize_placeholder_ids,1.060,1.060,1.060,1,3244.120,1,1,131,131
6,decode,pi: sync_input_prep,101.420,3052.480,3052.480,1,3244.120,1,1,131,131
6,decode,pi: TOTAL,3244.120,3244.120,3244.120,1,3244.120,1,1,131,131
7,decode,pi: update_states,100.550,100.550,100.550,1,3226.630,1,1,131,131
7,decode,pi: tokens_list,1.060,1.060,1.060,1,3226.630,1,1,131,131
7,decode,pi: phase_classify,73.660,73.660,73.660,1,3226.630,1,1,131,131
7,decode,pi: in.block_table_commit,85.180,85.180,85.180,1,3226.630,1,1,131,131
7,decode,pi: in.req_indices,10.230,10.230,10.230,1,3226.630,1,1,131,131
7,decode,pi: in.attn_state,27.350,27.350,27.350,1,3226.630,1,1,131,131
7,decode,pi: in.positions,25.210,25.210,25.210,1,3226.630,1,1,131,131
7,decode,pi: in.prev_positions,30.150,30.150,30.150,1,3226.630,1,1,131,131
7,decode,pi: in.token_indices_select,26.020,26.020,26.020,1,3226.630,1,1,131,131
7,decode,pi: in.query_start_loc,26.380,26.380,26.380,1,3226.630,1,1,131,131
7,decode,pi: in.optimistic_seq_lens,49.920,49.920,49.920,1,3226.630,1,1,131,131
7,decode,pi: in.prepare_input_ids,67.690,67.690,67.690,1,3226.630,1,1,131,131
7,decode,pi: in.mrope_positions,38.590,38.590,38.590,1,3226.630,1,1,131,131
7,decode,pi: in.discard_mask,58.100,58.100,58.100,1,3226.630,1,1,131,131
7,decode,pi: in.num_accepted_tokens,14.270,14.270,14.270,1,3226.630,1,1,131,131
7,decode,pi: in.num_computed_tokens,17.890,17.890,17.890,1,3226.630,1,1,131,131
7,decode,pi: in.tokens_to_gpu,60.290,60.290,60.290,1,3226.630,1,1,131,131
7,decode,pi: in.positions_assembly,109.350,109.350,109.350,1,3226.630,1,1,131,131
7,decode,pi: in.seq_lens,54.790,54.790,54.790,1,3226.630,1,1,131,131
7,decode,pi: in.slot_mapping,134.150,134.150,134.150,1,3226.630,1,1,131,131
7,decode,pi: in.mrope_drift,0.750,0.750,0.750,1,3226.630,1,1,131,131
7,decode,pi: in.logits_indices,39.220,39.220,36.420,2,3226.630,1,1,131,131
7,decode,pi: prepare_inputs,93.800,969.330,969.330,1,3226.630,1,1,131,131
7,decode,pi: cascade_attn_prefix_lens,10.620,10.620,10.620,1,3226.630,1,1,131,131
7,decode,pi: batch_exec_and_padding,47.950,47.950,47.950,1,3226.630,1,1,131,131
7,decode,pi: ubatch_slices,1.350,1.350,1.350,1,3226.630,1,1,131,131
7,decode,pi: pad_query_start_loc,28.660,28.660,28.660,1,3226.630,1,1,131,131
7,decode,pi: am.max_seq_len,18.510,18.510,18.510,1,3226.630,1,1,131,131
7,decode,pi: am.cm_base_pre,75.810,75.810,75.810,1,3226.630,1,1,131,131
7,decode,pi: am.build.split_decodes,9.090,9.090,9.090,1,3226.630,1,1,131,131
7,decode,pi: am.build.seq_lens_select,8.250,8.250,8.250,1,3226.630,1,1,131,131
7,decode,pi: am.build.attn_mask,1.070,1.070,1.070,1,3226.630,1,1,131,131
7,decode,pi: am.build.qsl_h2d,32.160,32.160,32.160,1,3226.630,1,1,131,131
7,decode,pi: am.build.tolist,9.160,9.160,9.160,1,3226.630,1,1,131,131
7,decode,pi: am.build.fia_pad,1.730,1.730,1.730,1,3226.630,1,1,131,131
7,decode,pi: am.build.backend_metadata,15.300,15.300,15.300,1,3226.630,1,1,131,131
7,decode,pi: am.build.metadata_ctor,6.280,6.280,6.280,1,3226.630,1,1,131,131
7,decode,pi: am.builder_build@AscendAttentionMetadataBuilder,35.340,118.380,118.380,1,3226.630,1,1,131,131
7,decode,pi: am.builder_build,13.790,1244.240,390.200,4,3226.630,1,1,131,131
7,decode,pi: am.layer_assign,7.110,7.110,2.100,4,3226.630,1,1,131,131
7,decode,pi: am.group_loop,86.550,1337.900,413.380,4,3226.630,1,1,131,131
7,decode,pi: gdnb.treat_single_token,167.580,167.580,58.770,3,3226.630,1,1,131,131
7,decode,pi: gdnb.compute_num_computed_tokens,130.230,130.230,43.470,3,3226.630,1,1,131,131
7,decode,pi: gdnb.mamba_block_table,5.110,5.110,1.810,3,3226.630,1,1,131,131
7,decode,pi: gdnb.split_decodes,124.010,124.010,41.720,3,3226.630,1,1,131,131
7,decode,pi: gdnb.pad_graph_inputs,285.190,285.190,101.010,3,3226.630,1,1,131,131
7,decode,pi: gdnb.ctor,21.350,21.350,7.990,3,3226.630,1,1,131,131
7,decode,pi: gdnb.attach_prefill,2.880,2.880,0.990,3,3226.630,1,1,131,131
7,decode,pi: gdnb.attach_spec,2.710,2.710,0.940,3,3226.630,1,1,131,131
7,decode,pi: gdnb.build_actual_seq_lengths,162.930,162.930,56.360,3,3226.630,1,1,131,131
7,decode,pi: gdnb.attach_decode,40.550,203.480,70.360,3,3226.630,1,1,131,131
7,decode,pi: am.builder_build@AscendGDNAttentionMetadataBuilder,169.530,1112.070,387.030,3,3226.630,1,1,131,131
7,decode,pi: build_attention_metadata,271.300,1703.520,1703.520,1,3226.630,1,1,131,131
7,decode,pi: sanitize_placeholder_ids,1.120,1.120,1.120,1,3226.630,1,1,131,131
7,decode,pi: sync_input_prep,100.050,3037.870,3037.870,1,3226.630,1,1,131,131
7,decode,pi: TOTAL,3226.630,3226.630,3226.630,1,3226.630,1,1,131,131
8,decode,pi: update_states,100.450,100.450,100.450,1,3242.320,1,1,131,131
8,decode,pi: tokens_list,1.030,1.030,1.030,1,3242.320,1,1,131,131
8,decode,pi: phase_classify,47.240,47.240,47.240,1,3242.320,1,1,131,131
8,decode,pi: in.block_table_commit,85.100,85.100,85.100,1,3242.320,1,1,131,131
8,decode,pi: in.req_indices,9.540,9.540,9.540,1,3242.320,1,1,131,131
8,decode,pi: in.attn_state,27.040,27.040,27.040,1,3242.320,1,1,131,131
8,decode,pi: in.positions,24.370,24.370,24.370,1,3242.320,1,1,131,131
8,decode,pi: in.prev_positions,30.130,30.130,30.130,1,3242.320,1,1,131,131
8,decode,pi: in.token_indices_select,25.080,25.080,25.080,1,3242.320,1,1,131,131
8,decode,pi: in.query_start_loc,27.380,27.380,27.380,1,3242.320,1,1,131,131
8,decode,pi: in.optimistic_seq_lens,48.250,48.250,48.250,1,3242.320,1,1,131,131
8,decode,pi: in.prepare_input_ids,65.050,65.050,65.050,1,3242.320,1,1,131,131
8,decode,pi: in.mrope_positions,38.450,38.450,38.450,1,3242.320,1,1,131,131
8,decode,pi: in.discard_mask,57.200,57.200,57.200,1,3242.320,1,1,131,131
8,decode,pi: in.num_accepted_tokens,13.980,13.980,13.980,1,3242.320,1,1,131,131
8,decode,pi: in.num_computed_tokens,17.390,17.390,17.390,1,3242.320,1,1,131,131
8,decode,pi: in.tokens_to_gpu,61.960,61.960,61.960,1,3242.320,1,1,131,131
8,decode,pi: in.positions_assembly,111.020,111.020,111.020,1,3242.320,1,1,131,131
8,decode,pi: in.seq_lens,56.140,56.140,56.140,1,3242.320,1,1,131,131
8,decode,pi: in.slot_mapping,134.010,134.010,134.010,1,3242.320,1,1,131,131
8,decode,pi: in.mrope_drift,0.650,0.650,0.650,1,3242.320,1,1,131,131
8,decode,pi: in.logits_indices,37.880,37.880,35.690,2,3242.320,1,1,131,131
8,decode,pi: prepare_inputs,94.220,964.840,964.840,1,3242.320,1,1,131,131
8,decode,pi: cascade_attn_prefix_lens,10.500,10.500,10.500,1,3242.320,1,1,131,131
8,decode,pi: batch_exec_and_padding,48.880,48.880,48.880,1,3242.320,1,1,131,131
8,decode,pi: ubatch_slices,1.380,1.380,1.380,1,3242.320,1,1,131,131
8,decode,pi: pad_query_start_loc,28.600,28.600,28.600,1,3242.320,1,1,131,131
8,decode,pi: am.max_seq_len,18.560,18.560,18.560,1,3242.320,1,1,131,131
8,decode,pi: am.cm_base_pre,74.980,74.980,74.980,1,3242.320,1,1,131,131
8,decode,pi: am.build.split_decodes,9.040,9.040,9.040,1,3242.320,1,1,131,131
8,decode,pi: am.build.seq_lens_select,8.640,8.640,8.640,1,3242.320,1,1,131,131
8,decode,pi: am.build.attn_mask,1.220,1.220,1.220,1,3242.320,1,1,131,131
8,decode,pi: am.build.qsl_h2d,31.780,31.780,31.780,1,3242.320,1,1,131,131
8,decode,pi: am.build.tolist,9.100,9.100,9.100,1,3242.320,1,1,131,131
8,decode,pi: am.build.fia_pad,1.800,1.800,1.800,1,3242.320,1,1,131,131
8,decode,pi: am.build.backend_metadata,14.380,14.380,14.380,1,3242.320,1,1,131,131
8,decode,pi: am.build.metadata_ctor,6.160,6.160,6.160,1,3242.320,1,1,131,131
8,decode,pi: am.builder_build@AscendAttentionMetadataBuilder,34.990,117.110,117.110,1,3242.320,1,1,131,131
8,decode,pi: am.builder_build,13.720,1266.840,385.900,4,3242.320,1,1,131,131
8,decode,pi: am.layer_assign,6.750,6.750,1.950,4,3242.320,1,1,131,131
8,decode,pi: am.group_loop,86.840,1360.430,408.750,4,3242.320,1,1,131,131
8,decode,pi: gdnb.treat_single_token,166.540,166.540,58.790,3,3242.320,1,1,131,131
8,decode,pi: gdnb.compute_num_computed_tokens,125.520,125.520,42.990,3,3242.320,1,1,131,131
8,decode,pi: gdnb.mamba_block_table,4.870,4.870,1.820,3,3242.320,1,1,131,131
8,decode,pi: gdnb.split_decodes,120.210,120.210,41.270,3,3242.320,1,1,131,131
8,decode,pi: gdnb.pad_graph_inputs,284.080,284.080,99.860,3,3242.320,1,1,131,131
8,decode,pi: gdnb.ctor,20.960,20.960,7.760,3,3242.320,1,1,131,131
8,decode,pi: gdnb.attach_prefill,2.630,2.630,0.950,3,3242.320,1,1,131,131
8,decode,pi: gdnb.attach_spec,2.480,2.480,0.880,3,3242.320,1,1,131,131
8,decode,pi: gdnb.build_actual_seq_lengths,199.780,199.780,73.500,3,3242.320,1,1,131,131
8,decode,pi: gdnb.attach_decode,39.800,239.580,86.850,3,3242.320,1,1,131,131
8,decode,pi: am.builder_build@AscendGDNAttentionMetadataBuilder,169.140,1136.010,382.170,3,3242.320,1,1,131,131
8,decode,pi: build_attention_metadata,270.530,1724.500,1724.500,1,3242.320,1,1,131,131
8,decode,pi: sanitize_placeholder_ids,1.080,1.080,1.080,1,3242.320,1,1,131,131
8,decode,pi: sync_input_prep,128.690,3057.190,3057.190,1,3242.320,1,1,131,131
8,decode,pi: TOTAL,3242.320,3242.320,3242.320,1,3242.320,1,1,131,131
9,decode,pi: update_states,102.120,102.120,102.120,1,3283.600,1,1,131,131
9,decode,pi: tokens_list,1.030,1.030,1.030,1,3283.600,1,1,131,131
9,decode,pi: phase_classify,50.450,50.450,50.450,1,3283.600,1,1,131,131
9,decode,pi: in.block_table_commit,87.200,87.200,87.200,1,3283.600,1,1,131,131
9,decode,pi: in.req_indices,9.330,9.330,9.330,1,3283.600,1,1,131,131
9,decode,pi: in.attn_state,26.390,26.390,26.390,1,3283.600,1,1,131,131
9,decode,pi: in.positions,25.070,25.070,25.070,1,3283.600,1,1,131,131
9,decode,pi: in.prev_positions,28.360,28.360,28.360,1,3283.600,1,1,131,131
9,decode,pi: in.token_indices_select,24.900,24.900,24.900,1,3283.600,1,1,131,131
9,decode,pi: in.query_start_loc,41.920,41.920,41.920,1,3283.600,1,1,131,131
9,decode,pi: in.optimistic_seq_lens,50.950,50.950,50.950,1,3283.600,1,1,131,131
9,decode,pi: in.prepare_input_ids,66.580,66.580,66.580,1,3283.600,1,1,131,131
9,decode,pi: in.mrope_positions,38.580,38.580,38.580,1,3283.600,1,1,131,131
9,decode,pi: in.discard_mask,58.240,58.240,58.240,1,3283.600,1,1,131,131
9,decode,pi: in.num_accepted_tokens,14.510,14.510,14.510,1,3283.600,1,1,131,131
9,decode,pi: in.num_computed_tokens,17.220,17.220,17.220,1,3283.600,1,1,131,131
9,decode,pi: in.tokens_to_gpu,77.980,77.980,77.980,1,3283.600,1,1,131,131
9,decode,pi: in.positions_assembly,110.130,110.130,110.130,1,3283.600,1,1,131,131
9,decode,pi: in.seq_lens,54.680,54.680,54.680,1,3283.600,1,1,131,131
9,decode,pi: in.slot_mapping,135.670,135.670,135.670,1,3283.600,1,1,131,131
9,decode,pi: in.mrope_drift,0.650,0.650,0.650,1,3283.600,1,1,131,131
9,decode,pi: in.logits_indices,39.300,39.300,36.620,2,3283.600,1,1,131,131
9,decode,pi: prepare_inputs,93.870,1001.530,1001.530,1,3283.600,1,1,131,131
9,decode,pi: cascade_attn_prefix_lens,10.630,10.630,10.630,1,3283.600,1,1,131,131
9,decode,pi: batch_exec_and_padding,50.360,50.360,50.360,1,3283.600,1,1,131,131
9,decode,pi: ubatch_slices,1.460,1.460,1.460,1,3283.600,1,1,131,131
9,decode,pi: pad_query_start_loc,42.920,42.920,42.920,1,3283.600,1,1,131,131
9,decode,pi: am.max_seq_len,18.640,18.640,18.640,1,3283.600,1,1,131,131
9,decode,pi: am.cm_base_pre,75.140,75.140,75.140,1,3283.600,1,1,131,131
9,decode,pi: am.build.split_decodes,9.330,9.330,9.330,1,3283.600,1,1,131,131
9,decode,pi: am.build.seq_lens_select,8.490,8.490,8.490,1,3283.600,1,1,131,131
9,decode,pi: am.build.attn_mask,1.260,1.260,1.260,1,3283.600,1,1,131,131
9,decode,pi: am.build.qsl_h2d,36.900,36.900,36.900,1,3283.600,1,1,131,131
9,decode,pi: am.build.tolist,9.380,9.380,9.380,1,3283.600,1,1,131,131
9,decode,pi: am.build.fia_pad,1.670,1.670,1.670,1,3283.600,1,1,131,131
9,decode,pi: am.build.backend_metadata,15.190,15.190,15.190,1,3283.600,1,1,131,131
9,decode,pi: am.build.metadata_ctor,6.140,6.140,6.140,1,3283.600,1,1,131,131
9,decode,pi: am.builder_build@AscendAttentionMetadataBuilder,35.150,123.510,123.510,1,3283.600,1,1,131,131
9,decode,pi: am.builder_build,13.520,1245.800,391.950,4,3283.600,1,1,131,131
9,decode,pi: am.layer_assign,6.850,6.850,1.920,4,3283.600,1,1,131,131
9,decode,pi: am.group_loop,88.960,1341.610,416.320,4,3283.600,1,1,131,131
9,decode,pi: gdnb.treat_single_token,165.790,165.790,58.360,3,3283.600,1,1,131,131
9,decode,pi: gdnb.compute_num_computed_tokens,128.090,128.090,43.860,3,3283.600,1,1,131,131
9,decode,pi: gdnb.mamba_block_table,5.010,5.010,1.830,3,3283.600,1,1,131,131
9,decode,pi: gdnb.split_decodes,122.430,122.430,41.720,3,3283.600,1,1,131,131
9,decode,pi: gdnb.pad_graph_inputs,289.400,289.400,100.040,3,3283.600,1,1,131,131
9,decode,pi: gdnb.ctor,20.420,20.420,7.630,3,3283.600,1,1,131,131
9,decode,pi: gdnb.attach_prefill,2.700,2.700,1.000,3,3283.600,1,1,131,131
9,decode,pi: gdnb.attach_spec,2.550,2.550,0.900,3,3283.600,1,1,131,131
9,decode,pi: gdnb.build_actual_seq_lengths,162.760,162.760,57.650,3,3283.600,1,1,131,131
9,decode,pi: gdnb.attach_decode,39.590,202.350,71.410,3,3283.600,1,1,131,131
9,decode,pi: am.builder_build@AscendGDNAttentionMetadataBuilder,170.030,1108.770,388.810,3,3283.600,1,1,131,131
9,decode,pi: build_attention_metadata,276.590,1711.980,1711.980,1,3283.600,1,1,131,131
9,decode,pi: sanitize_placeholder_ids,1.010,1.010,1.010,1,3283.600,1,1,131,131
9,decode,pi: sync_input_prep,122.790,3096.280,3096.280,1,3283.600,1,1,131,131
9,decode,pi: TOTAL,3283.600,3283.600,3283.600,1,3283.600,1,1,131,131
10,decode,pi: update_states,98.060,98.060,98.060,1,3266.660,1,1,131,131
10,decode,pi: tokens_list,1.120,1.120,1.120,1,3266.660,1,1,131,131
10,decode,pi: phase_classify,64.510,64.510,64.510,1,3266.660,1,1,131,131
10,decode,pi: in.block_table_commit,89.570,89.570,89.570,1,3266.660,1,1,131,131
10,decode,pi: in.req_indices,10.200,10.200,10.200,1,3266.660,1,1,131,131
10,decode,pi: in.attn_state,27.970,27.970,27.970,1,3266.660,1,1,131,131
10,decode,pi: in.positions,26.400,26.400,26.400,1,3266.660,1,1,131,131
10,decode,pi: in.prev_positions,30.630,30.630,30.630,1,3266.660,1,1,131,131
10,decode,pi: in.token_indices_select,25.300,25.300,25.300,1,3266.660,1,1,131,131
10,decode,pi: in.query_start_loc,26.350,26.350,26.350,1,3266.660,1,1,131,131
10,decode,pi: in.optimistic_seq_lens,50.860,50.860,50.860,1,3266.660,1,1,131,131
10,decode,pi: in.prepare_input_ids,66.840,66.840,66.840,1,3266.660,1,1,131,131
10,decode,pi: in.mrope_positions,39.010,39.010,39.010,1,3266.660,1,1,131,131
10,decode,pi: in.discard_mask,57.690,57.690,57.690,1,3266.660,1,1,131,131
10,decode,pi: in.num_accepted_tokens,17.760,17.760,17.760,1,3266.660,1,1,131,131
10,decode,pi: in.num_computed_tokens,18.100,18.100,18.100,1,3266.660,1,1,131,131
10,decode,pi: in.tokens_to_gpu,64.620,64.620,64.620,1,3266.660,1,1,131,131
10,decode,pi: in.positions_assembly,113.380,113.380,113.380,1,3266.660,1,1,131,131
10,decode,pi: in.seq_lens,55.790,55.790,55.790,1,3266.660,1,1,131,131
10,decode,pi: in.slot_mapping,136.860,136.860,136.860,1,3266.660,1,1,131,131
10,decode,pi: in.mrope_drift,0.760,0.760,0.760,1,3266.660,1,1,131,131
10,decode,pi: in.logits_indices,39.730,39.730,37.530,2,3266.660,1,1,131,131
10,decode,pi: prepare_inputs,94.940,992.760,992.760,1,3266.660,1,1,131,131
10,decode,pi: cascade_attn_prefix_lens,10.490,10.490,10.490,1,3266.660,1,1,131,131
10,decode,pi: batch_exec_and_padding,49.330,49.330,49.330,1,3266.660,1,1,131,131
10,decode,pi: ubatch_slices,1.380,1.380,1.380,1,3266.660,1,1,131,131
10,decode,pi: pad_query_start_loc,29.520,29.520,29.520,1,3266.660,1,1,131,131
10,decode,pi: am.max_seq_len,18.410,18.410,18.410,1,3266.660,1,1,131,131
10,decode,pi: am.cm_base_pre,78.700,78.700,78.700,1,3266.660,1,1,131,131
10,decode,pi: am.build.split_decodes,9.280,9.280,9.280,1,3266.660,1,1,131,131
10,decode,pi: am.build.seq_lens_select,8.060,8.060,8.060,1,3266.660,1,1,131,131
10,decode,pi: am.build.attn_mask,1.260,1.260,1.260,1,3266.660,1,1,131,131
10,decode,pi: am.build.qsl_h2d,33.130,33.130,33.130,1,3266.660,1,1,131,131
10,decode,pi: am.build.tolist,9.740,9.740,9.740,1,3266.660,1,1,131,131
10,decode,pi: am.build.fia_pad,2.150,2.150,2.150,1,3266.660,1,1,131,131
10,decode,pi: am.build.backend_metadata,15.240,15.240,15.240,1,3266.660,1,1,131,131
10,decode,pi: am.build.metadata_ctor,6.650,6.650,6.650,1,3266.660,1,1,131,131
10,decode,pi: am.builder_build@AscendAttentionMetadataBuilder,35.590,121.100,121.100,1,3266.660,1,1,131,131
10,decode,pi: am.builder_build,13.800,1235.370,392.780,4,3266.660,1,1,131,131
10,decode,pi: am.layer_assign,6.690,6.690,1.800,4,3266.660,1,1,131,131
10,decode,pi: am.group_loop,86.750,1328.810,416.190,4,3266.660,1,1,131,131
10,decode,pi: gdnb.treat_single_token,165.820,165.820,60.100,3,3266.660,1,1,131,131
10,decode,pi: gdnb.compute_num_computed_tokens,132.050,132.050,45.760,3,3266.660,1,1,131,131
10,decode,pi: gdnb.mamba_block_table,5.240,5.240,1.920,3,3266.660,1,1,131,131
10,decode,pi: gdnb.split_decodes,116.870,116.870,41.640,3,3266.660,1,1,131,131
10,decode,pi: gdnb.pad_graph_inputs,286.140,286.140,103.730,3,3266.660,1,1,131,131
10,decode,pi: gdnb.ctor,20.550,20.550,7.940,3,3266.660,1,1,131,131
10,decode,pi: gdnb.attach_prefill,2.720,2.720,0.950,3,3266.660,1,1,131,131
10,decode,pi: gdnb.attach_spec,2.450,2.450,0.910,3,3266.660,1,1,131,131
10,decode,pi: gdnb.build_actual_seq_lengths,160.260,160.260,54.190,3,3266.660,1,1,131,131
10,decode,pi: gdnb.attach_decode,39.240,199.500,67.340,3,3266.660,1,1,131,131
10,decode,pi: am.builder_build@AscendGDNAttentionMetadataBuilder,169.130,1100.470,389.670,3,3266.660,1,1,131,131
10,decode,pi: build_attention_metadata,275.210,1701.130,1701.130,1,3266.660,1,1,131,131
10,decode,pi: sanitize_placeholder_ids,1.060,1.060,1.060,1,3266.660,1,1,131,131
10,decode,pi: sync_input_prep,130.470,3079.830,3079.830,1,3266.660,1,1,131,131
10,decode,pi: TOTAL,3266.660,3266.660,3266.660,1,3266.660,1,1,131,131
11,decode,pi: update_states,98.070,98.070,98.070,1,3251.050,1,1,131,131
11,decode,pi: tokens_list,1.020,1.020,1.020,1,3251.050,1,1,131,131
11,decode,pi: phase_classify,46.930,46.930,46.930,1,3251.050,1,1,131,131
11,decode,pi: in.block_table_commit,87.320,87.320,87.320,1,3251.050,1,1,131,131
11,decode,pi: in.req_indices,9.500,9.500,9.500,1,3251.050,1,1,131,131
11,decode,pi: in.attn_state,26.750,26.750,26.750,1,3251.050,1,1,131,131
11,decode,pi: in.positions,24.800,24.800,24.800,1,3251.050,1,1,131,131
11,decode,pi: in.prev_positions,29.580,29.580,29.580,1,3251.050,1,1,131,131
11,decode,pi: in.token_indices_select,24.900,24.900,24.900,1,3251.050,1,1,131,131
11,decode,pi: in.query_start_loc,26.030,26.030,26.030,1,3251.050,1,1,131,131
11,decode,pi: in.optimistic_seq_lens,51.190,51.190,51.190,1,3251.050,1,1,131,131
11,decode,pi: in.prepare_input_ids,66.280,66.280,66.280,1,3251.050,1,1,131,131
11,decode,pi: in.mrope_positions,38.740,38.740,38.740,1,3251.050,1,1,131,131
11,decode,pi: in.discard_mask,57.740,57.740,57.740,1,3251.050,1,1,131,131
11,decode,pi: in.num_accepted_tokens,14.150,14.150,14.150,1,3251.050,1,1,131,131
11,decode,pi: in.num_computed_tokens,17.500,17.500,17.500,1,3251.050,1,1,131,131
11,decode,pi: in.tokens_to_gpu,64.440,64.440,64.440,1,3251.050,1,1,131,131
11,decode,pi: in.positions_assembly,109.610,109.610,109.610,1,3251.050,1,1,131,131
11,decode,pi: in.seq_lens,56.880,56.880,56.880,1,3251.050,1,1,131,131
11,decode,pi: in.slot_mapping,136.720,136.720,136.720,1,3251.050,1,1,131,131
11,decode,pi: in.mrope_drift,0.720,0.720,0.720,1,3251.050,1,1,131,131
11,decode,pi: in.logits_indices,39.440,39.440,36.750,2,3251.050,1,1,131,131
11,decode,pi: prepare_inputs,93.340,975.630,975.630,1,3251.050,1,1,131,131
11,decode,pi: cascade_attn_prefix_lens,10.510,10.510,10.510,1,3251.050,1,1,131,131
11,decode,pi: batch_exec_and_padding,50.110,50.110,50.110,1,3251.050,1,1,131,131
11,decode,pi: ubatch_slices,1.450,1.450,1.450,1,3251.050,1,1,131,131
11,decode,pi: pad_query_start_loc,29.450,29.450,29.450,1,3251.050,1,1,131,131
11,decode,pi: am.max_seq_len,19.190,19.190,19.190,1,3251.050,1,1,131,131
11,decode,pi: am.cm_base_pre,74.970,74.970,74.970,1,3251.050,1,1,131,131
11,decode,pi: am.build.split_decodes,9.290,9.290,9.290,1,3251.050,1,1,131,131
11,decode,pi: am.build.seq_lens_select,7.880,7.880,7.880,1,3251.050,1,1,131,131
11,decode,pi: am.build.attn_mask,1.170,1.170,1.170,1,3251.050,1,1,131,131
11,decode,pi: am.build.qsl_h2d,32.020,32.020,32.020,1,3251.050,1,1,131,131
11,decode,pi: am.build.tolist,9.830,9.830,9.830,1,3251.050,1,1,131,131
11,decode,pi: am.build.fia_pad,1.870,1.870,1.870,1,3251.050,1,1,131,131
11,decode,pi: am.build.backend_metadata,14.830,14.830,14.830,1,3251.050,1,1,131,131
11,decode,pi: am.build.metadata_ctor,6.130,6.130,6.130,1,3251.050,1,1,131,131
11,decode,pi: am.builder_build@AscendAttentionMetadataBuilder,35.540,118.560,118.560,1,3251.050,1,1,131,131
11,decode,pi: am.builder_build,13.150,1236.500,396.650,4,3251.050,1,1,131,131
11,decode,pi: am.layer_assign,7.280,7.280,2.010,4,3251.050,1,1,131,131
11,decode,pi: am.group_loop,86.590,1330.370,420.400,4,3251.050,1,1,131,131
11,decode,pi: gdnb.treat_single_token,165.850,165.850,58.480,3,3251.050,1,1,131,131
11,decode,pi: gdnb.compute_num_computed_tokens,127.610,127.610,44.390,3,3251.050,1,1,131,131
11,decode,pi: gdnb.mamba_block_table,5.140,5.140,1.900,3,3251.050,1,1,131,131
11,decode,pi: gdnb.split_decodes,118.110,118.110,42.080,3,3251.050,1,1,131,131
11,decode,pi: gdnb.pad_graph_inputs,289.080,289.080,104.070,3,3251.050,1,1,131,131
11,decode,pi: gdnb.ctor,21.100,21.100,7.570,3,3251.050,1,1,131,131
11,decode,pi: gdnb.attach_prefill,2.630,2.630,0.950,3,3251.050,1,1,131,131
11,decode,pi: gdnb.attach_spec,2.500,2.500,0.880,3,3251.050,1,1,131,131
11,decode,pi: gdnb.build_actual_seq_lengths,163.170,163.170,56.760,3,3251.050,1,1,131,131
11,decode,pi: gdnb.attach_decode,38.760,201.930,70.380,3,3251.050,1,1,131,131
11,decode,pi: am.builder_build@AscendGDNAttentionMetadataBuilder,170.840,1104.790,393.520,3,3251.050,1,1,131,131
11,decode,pi: build_attention_metadata,277.310,1701.840,1701.840,1,3251.050,1,1,131,131
11,decode,pi: sanitize_placeholder_ids,0.990,0.990,0.990,1,3251.050,1,1,131,131
11,decode,pi: sync_input_prep,127.930,3043.930,3043.930,1,3251.050,1,1,131,131
11,decode,pi: TOTAL,3251.050,3251.050,3251.050,1,3251.050,1,1,131,131
12,decode,pi: update_states,101.800,101.800,101.800,1,3250.130,1,1,131,131
12,decode,pi: tokens_list,1.120,1.120,1.120,1,3250.130,1,1,131,131
12,decode,pi: phase_classify,47.000,47.000,47.000,1,3250.130,1,1,131,131
12,decode,pi: in.block_table_commit,84.220,84.220,84.220,1,3250.130,1,1,131,131
12,decode,pi: in.req_indices,9.370,9.370,9.370,1,3250.130,1,1,131,131
12,decode,pi: in.attn_state,27.140,27.140,27.140,1,3250.130,1,1,131,131
12,decode,pi: in.positions,24.680,24.680,24.680,1,3250.130,1,1,131,131
12,decode,pi: in.prev_positions,28.990,28.990,28.990,1,3250.130,1,1,131,131
12,decode,pi: in.token_indices_select,25.190,25.190,25.190,1,3250.130,1,1,131,131
12,decode,pi: in.query_start_loc,27.360,27.360,27.360,1,3250.130,1,1,131,131
12,decode,pi: in.optimistic_seq_lens,49.860,49.860,49.860,1,3250.130,1,1,131,131
12,decode,pi: in.prepare_input_ids,66.420,66.420,66.420,1,3250.130,1,1,131,131
12,decode,pi: in.mrope_positions,38.870,38.870,38.870,1,3250.130,1,1,131,131
12,decode,pi: in.discard_mask,57.630,57.630,57.630,1,3250.130,1,1,131,131
12,decode,pi: in.num_accepted_tokens,14.280,14.280,14.280,1,3250.130,1,1,131,131
12,decode,pi: in.num_computed_tokens,17.460,17.460,17.460,1,3250.130,1,1,131,131
12,decode,pi: in.tokens_to_gpu,62.510,62.510,62.510,1,3250.130,1,1,131,131
12,decode,pi: in.positions_assembly,110.610,110.610,110.610,1,3250.130,1,1,131,131
12,decode,pi: in.seq_lens,56.670,56.670,56.670,1,3250.130,1,1,131,131
12,decode,pi: in.slot_mapping,137.380,137.380,137.380,1,3250.130,1,1,131,131
12,decode,pi: in.mrope_drift,0.640,0.640,0.640,1,3250.130,1,1,131,131
12,decode,pi: in.logits_indices,39.770,39.770,37.530,2,3250.130,1,1,131,131
12,decode,pi: prepare_inputs,94.560,973.610,973.610,1,3250.130,1,1,131,131
12,decode,pi: cascade_attn_prefix_lens,10.530,10.530,10.530,1,3250.130,1,1,131,131
12,decode,pi: batch_exec_and_padding,49.280,49.280,49.280,1,3250.130,1,1,131,131
12,decode,pi: ubatch_slices,1.550,1.550,1.550,1,3250.130,1,1,131,131
12,decode,pi: pad_query_start_loc,28.960,28.960,28.960,1,3250.130,1,1,131,131
12,decode,pi: am.max_seq_len,18.520,18.520,18.520,1,3250.130,1,1,131,131
12,decode,pi: am.cm_base_pre,74.910,74.910,74.910,1,3250.130,1,1,131,131
12,decode,pi: am.build.split_decodes,9.180,9.180,9.180,1,3250.130,1,1,131,131
12,decode,pi: am.build.seq_lens_select,7.990,7.990,7.990,1,3250.130,1,1,131,131
12,decode,pi: am.build.attn_mask,1.100,1.100,1.100,1,3250.130,1,1,131,131
12,decode,pi: am.build.qsl_h2d,31.430,31.430,31.430,1,3250.130,1,1,131,131
12,decode,pi: am.build.tolist,9.970,9.970,9.970,1,3250.130,1,1,131,131
12,decode,pi: am.build.fia_pad,1.710,1.710,1.710,1,3250.130,1,1,131,131
12,decode,pi: am.build.backend_metadata,15.920,15.920,15.920,1,3250.130,1,1,131,131
12,decode,pi: am.build.metadata_ctor,6.020,6.020,6.020,1,3250.130,1,1,131,131
12,decode,pi: am.builder_build@AscendAttentionMetadataBuilder,33.980,117.300,117.300,1,3250.130,1,1,131,131
12,decode,pi: am.builder_build,13.590,1251.580,402.620,4,3250.130,1,1,131,131
12,decode,pi: am.layer_assign,6.820,6.820,1.920,4,3250.130,1,1,131,131
12,decode,pi: am.group_loop,87.510,1345.910,426.900,4,3250.130,1,1,131,131
12,decode,pi: gdnb.treat_single_token,167.630,167.630,58.690,3,3250.130,1,1,131,131
12,decode,pi: gdnb.compute_num_computed_tokens,126.100,126.100,42.880,3,3250.130,1,1,131,131
12,decode,pi: gdnb.mamba_block_table,4.840,4.840,1.710,3,3250.130,1,1,131,131
12,decode,pi: gdnb.split_decodes,122.360,122.360,41.530,3,3250.130,1,1,131,131
12,decode,pi: gdnb.pad_graph_inputs,284.410,284.410,100.130,3,3250.130,1,1,131,131
12,decode,pi: gdnb.ctor,20.950,20.950,7.690,3,3250.130,1,1,131,131
12,decode,pi: gdnb.attach_prefill,2.670,2.670,0.920,3,3250.130,1,1,131,131
12,decode,pi: gdnb.attach_spec,2.410,2.410,0.810,3,3250.130,1,1,131,131
12,decode,pi: gdnb.build_actual_seq_lengths,178.990,178.990,70.620,3,3250.130,1,1,131,131
12,decode,pi: gdnb.attach_decode,39.440,218.430,84.590,3,3250.130,1,1,131,131
12,decode,pi: am.builder_build@AscendGDNAttentionMetadataBuilder,170.890,1120.690,399.500,3,3250.130,1,1,131,131
12,decode,pi: build_attention_metadata,275.680,1715.020,1715.020,1,3250.130,1,1,131,131
12,decode,pi: sanitize_placeholder_ids,1.290,1.290,1.290,1,3250.130,1,1,131,131
12,decode,pi: sync_input_prep,128.280,3058.440,3058.440,1,3250.130,1,1,131,131
12,decode,pi: TOTAL,3250.130,3250.130,3250.130,1,3250.130,1,1,131,131
13,decode,pi: update_states,97.700,97.700,97.700,1,3236.660,1,1,131,131
13,decode,pi: tokens_list,0.990,0.990,0.990,1,3236.660,1,1,131,131
13,decode,pi: phase_classify,72.070,72.070,72.070,1,3236.660,1,1,131,131
13,decode,pi: in.block_table_commit,84.680,84.680,84.680,1,3236.660,1,1,131,131
13,decode,pi: in.req_indices,10.150,10.150,10.150,1,3236.660,1,1,131,131
13,decode,pi: in.attn_state,27.800,27.800,27.800,1,3236.660,1,1,131,131
13,decode,pi: in.positions,25.100,25.100,25.100,1,3236.660,1,1,131,131
13,decode,pi: in.prev_positions,30.210,30.210,30.210,1,3236.660,1,1,131,131
13,decode,pi: in.token_indices_select,25.220,25.220,25.220,1,3236.660,1,1,131,131
13,decode,pi: in.query_start_loc,26.580,26.580,26.580,1,3236.660,1,1,131,131
13,decode,pi: in.optimistic_seq_lens,49.150,49.150,49.150,1,3236.660,1,1,131,131
13,decode,pi: in.prepare_input_ids,66.350,66.350,66.350,1,3236.660,1,1,131,131
13,decode,pi: in.mrope_positions,40.110,40.110,40.110,1,3236.660,1,1,131,131
13,decode,pi: in.discard_mask,57.960,57.960,57.960,1,3236.660,1,1,131,131
13,decode,pi: in.num_accepted_tokens,14.010,14.010,14.010,1,3236.660,1,1,131,131
13,decode,pi: in.num_computed_tokens,17.780,17.780,17.780,1,3236.660,1,1,131,131
13,decode,pi: in.tokens_to_gpu,65.580,65.580,65.580,1,3236.660,1,1,131,131
13,decode,pi: in.positions_assembly,110.140,110.140,110.140,1,3236.660,1,1,131,131
13,decode,pi: in.seq_lens,54.400,54.400,54.400,1,3236.660,1,1,131,131
13,decode,pi: in.slot_mapping,151.030,151.030,151.030,1,3236.660,1,1,131,131
13,decode,pi: in.mrope_drift,0.750,0.750,0.750,1,3236.660,1,1,131,131
13,decode,pi: in.logits_indices,39.290,39.290,36.540,2,3236.660,1,1,131,131
13,decode,pi: prepare_inputs,95.600,991.890,991.890,1,3236.660,1,1,131,131
13,decode,pi: cascade_attn_prefix_lens,10.950,10.950,10.950,1,3236.660,1,1,131,131
13,decode,pi: batch_exec_and_padding,48.670,48.670,48.670,1,3236.660,1,1,131,131
13,decode,pi: ubatch_slices,1.390,1.390,1.390,1,3236.660,1,1,131,131
13,decode,pi: pad_query_start_loc,29.440,29.440,29.440,1,3236.660,1,1,131,131
13,decode,pi: am.max_seq_len,17.920,17.920,17.920,1,3236.660,1,1,131,131
13,decode,pi: am.cm_base_pre,74.660,74.660,74.660,1,3236.660,1,1,131,131
13,decode,pi: am.build.split_decodes,9.190,9.190,9.190,1,3236.660,1,1,131,131
13,decode,pi: am.build.seq_lens_select,8.010,8.010,8.010,1,3236.660,1,1,131,131
13,decode,pi: am.build.attn_mask,1.360,1.360,1.360,1,3236.660,1,1,131,131
13,decode,pi: am.build.qsl_h2d,32.290,32.290,32.290,1,3236.660,1,1,131,131
13,decode,pi: am.build.tolist,9.800,9.800,9.800,1,3236.660,1,1,131,131
13,decode,pi: am.build.fia_pad,1.680,1.680,1.680,1,3236.660,1,1,131,131
13,decode,pi: am.build.backend_metadata,14.960,14.960,14.960,1,3236.660,1,1,131,131
13,decode,pi: am.build.metadata_ctor,6.640,6.640,6.640,1,3236.660,1,1,131,131
13,decode,pi: am.builder_build@AscendAttentionMetadataBuilder,34.700,118.630,118.630,1,3236.660,1,1,131,131
13,decode,pi: am.builder_build,13.150,1233.470,392.700,4,3236.660,1,1,131,131
13,decode,pi: am.layer_assign,7.130,7.130,2.070,4,3236.660,1,1,131,131
13,decode,pi: am.group_loop,87.200,1327.800,416.940,4,3236.660,1,1,131,131
13,decode,pi: gdnb.treat_single_token,169.800,169.800,59.700,3,3236.660,1,1,131,131
13,decode,pi: gdnb.compute_num_computed_tokens,124.750,124.750,44.580,3,3236.660,1,1,131,131
13,decode,pi: gdnb.mamba_block_table,5.040,5.040,1.910,3,3236.660,1,1,131,131
13,decode,pi: gdnb.split_decodes,119.840,119.840,41.620,3,3236.660,1,1,131,131
13,decode,pi: gdnb.pad_graph_inputs,283.610,283.610,101.400,3,3236.660,1,1,131,131
13,decode,pi: gdnb.ctor,21.070,21.070,8.070,3,3236.660,1,1,131,131
13,decode,pi: gdnb.attach_prefill,2.500,2.500,0.950,3,3236.660,1,1,131,131
13,decode,pi: gdnb.attach_spec,2.490,2.490,0.940,3,3236.660,1,1,131,131
13,decode,pi: gdnb.build_actual_seq_lengths,163.350,163.350,55.300,3,3236.660,1,1,131,131
13,decode,pi: gdnb.attach_decode,38.890,202.240,68.940,3,3236.660,1,1,131,131
13,decode,pi: am.builder_build@AscendGDNAttentionMetadataBuilder,170.350,1101.690,389.680,3,3236.660,1,1,131,131
13,decode,pi: build_attention_metadata,273.710,1694.090,1694.090,1,3236.660,1,1,131,131
13,decode,pi: sanitize_placeholder_ids,0.950,0.950,0.950,1,3236.660,1,1,131,131
13,decode,pi: sync_input_prep,101.090,3049.230,3049.230,1,3236.660,1,1,131,131
13,decode,pi: TOTAL,3236.660,3236.660,3236.660,1,3236.660,1,1,131,131
14,decode,pi: update_states,98.630,98.630,98.630,1,3205.220,1,1,131,131
14,decode,pi: tokens_list,1.080,1.080,1.080,1,3205.220,1,1,131,131
14,decode,pi: phase_classify,48.080,48.080,48.080,1,3205.220,1,1,131,131
14,decode,pi: in.block_table_commit,86.190,86.190,86.190,1,3205.220,1,1,131,131
14,decode,pi: in.req_indices,9.340,9.340,9.340,1,3205.220,1,1,131,131
14,decode,pi: in.attn_state,26.330,26.330,26.330,1,3205.220,1,1,131,131
14,decode,pi: in.positions,24.600,24.600,24.600,1,3205.220,1,1,131,131
14,decode,pi: in.prev_positions,29.120,29.120,29.120,1,3205.220,1,1,131,131
14,decode,pi: in.token_indices_select,24.930,24.930,24.930,1,3205.220,1,1,131,131
14,decode,pi: in.query_start_loc,26.810,26.810,26.810,1,3205.220,1,1,131,131
14,decode,pi: in.optimistic_seq_lens,49.690,49.690,49.690,1,3205.220,1,1,131,131
14,decode,pi: in.prepare_input_ids,67.010,67.010,67.010,1,3205.220,1,1,131,131
14,decode,pi: in.mrope_positions,39.020,39.020,39.020,1,3205.220,1,1,131,131
14,decode,pi: in.discard_mask,57.160,57.160,57.160,1,3205.220,1,1,131,131
14,decode,pi: in.num_accepted_tokens,14.040,14.040,14.040,1,3205.220,1,1,131,131
14,decode,pi: in.num_computed_tokens,16.830,16.830,16.830,1,3205.220,1,1,131,131
14,decode,pi: in.tokens_to_gpu,60.870,60.870,60.870,1,3205.220,1,1,131,131
14,decode,pi: in.positions_assembly,108.640,108.640,108.640,1,3205.220,1,1,131,131
14,decode,pi: in.seq_lens,53.590,53.590,53.590,1,3205.220,1,1,131,131
14,decode,pi: in.slot_mapping,133.440,133.440,133.440,1,3205.220,1,1,131,131
14,decode,pi: in.mrope_drift,0.740,0.740,0.740,1,3205.220,1,1,131,131
14,decode,pi: in.logits_indices,38.280,38.280,36.070,2,3205.220,1,1,131,131
14,decode,pi: prepare_inputs,93.570,960.200,960.200,1,3205.220,1,1,131,131
14,decode,pi: cascade_attn_prefix_lens,10.510,10.510,10.510,1,3205.220,1,1,131,131
14,decode,pi: batch_exec_and_padding,47.570,47.570,47.570,1,3205.220,1,1,131,131
14,decode,pi: ubatch_slices,1.390,1.390,1.390,1,3205.220,1,1,131,131
14,decode,pi: pad_query_start_loc,28.800,28.800,28.800,1,3205.220,1,1,131,131
14,decode,pi: am.max_seq_len,17.270,17.270,17.270,1,3205.220,1,1,131,131
14,decode,pi: am.cm_base_pre,74.320,74.320,74.320,1,3205.220,1,1,131,131
14,decode,pi: am.build.split_decodes,9.380,9.380,9.380,1,3205.220,1,1,131,131
14,decode,pi: am.build.seq_lens_select,7.860,7.860,7.860,1,3205.220,1,1,131,131
14,decode,pi: am.build.attn_mask,1.180,1.180,1.180,1,3205.220,1,1,131,131
14,decode,pi: am.build.qsl_h2d,31.650,31.650,31.650,1,3205.220,1,1,131,131
14,decode,pi: am.build.tolist,9.800,9.800,9.800,1,3205.220,1,1,131,131
14,decode,pi: am.build.fia_pad,1.720,1.720,1.720,1,3205.220,1,1,131,131
14,decode,pi: am.build.backend_metadata,15.380,15.380,15.380,1,3205.220,1,1,131,131
14,decode,pi: am.build.metadata_ctor,6.090,6.090,6.090,1,3205.220,1,1,131,131
14,decode,pi: am.builder_build@AscendAttentionMetadataBuilder,35.020,118.080,118.080,1,3205.220,1,1,131,131
14,decode,pi: am.builder_build,13.540,1233.370,389.750,4,3205.220,1,1,131,131
14,decode,pi: am.layer_assign,6.420,6.420,1.750,4,3205.220,1,1,131,131
14,decode,pi: am.group_loop,87.790,1327.580,413.730,4,3205.220,1,1,131,131
14,decode,pi: gdnb.treat_single_token,168.180,168.180,59.330,3,3205.220,1,1,131,131
14,decode,pi: gdnb.compute_num_computed_tokens,123.670,123.670,43.030,3,3205.220,1,1,131,131
14,decode,pi: gdnb.mamba_block_table,5.130,5.130,2.060,3,3205.220,1,1,131,131
14,decode,pi: gdnb.split_decodes,122.350,122.350,41.860,3,3205.220,1,1,131,131
14,decode,pi: gdnb.pad_graph_inputs,285.890,285.890,102.500,3,3205.220,1,1,131,131
14,decode,pi: gdnb.ctor,20.630,20.630,7.730,3,3205.220,1,1,131,131
14,decode,pi: gdnb.attach_prefill,2.740,2.740,0.970,3,3205.220,1,1,131,131
14,decode,pi: gdnb.attach_spec,2.520,2.520,0.880,3,3205.220,1,1,131,131
14,decode,pi: gdnb.build_actual_seq_lengths,161.390,161.390,55.260,3,3205.220,1,1,131,131
14,decode,pi: gdnb.attach_decode,39.380,200.770,69.050,3,3205.220,1,1,131,131
14,decode,pi: am.builder_build@AscendGDNAttentionMetadataBuilder,169.870,1101.750,386.440,3,3205.220,1,1,131,131
14,decode,pi: build_attention_metadata,274.010,1693.180,1693.180,1,3205.220,1,1,131,131
14,decode,pi: sanitize_placeholder_ids,1.180,1.180,1.180,1,3205.220,1,1,131,131
14,decode,pi: sync_input_prep,127.480,3018.100,3018.100,1,3205.220,1,1,131,131
14,decode,pi: TOTAL,3205.220,3205.220,3205.220,1,3205.220,1,1,131,131
15,decode,pi: update_states,97.640,97.640,97.640,1,3228.890,1,1,131,131
15,decode,pi: tokens_list,0.960,0.960,0.960,1,3228.890,1,1,131,131
15,decode,pi: phase_classify,47.940,47.940,47.940,1,3228.890,1,1,131,131
15,decode,pi: in.block_table_commit,84.360,84.360,84.360,1,3228.890,1,1,131,131
15,decode,pi: in.req_indices,9.450,9.450,9.450,1,3228.890,1,1,131,131
15,decode,pi: in.attn_state,26.290,26.290,26.290,1,3228.890,1,1,131,131
15,decode,pi: in.positions,25.430,25.430,25.430,1,3228.890,1,1,131,131
15,decode,pi: in.prev_positions,30.010,30.010,30.010,1,3228.890,1,1,131,131
15,decode,pi: in.token_indices_select,25.080,25.080,25.080,1,3228.890,1,1,131,131
15,decode,pi: in.query_start_loc,28.360,28.360,28.360,1,3228.890,1,1,131,131
15,decode,pi: in.optimistic_seq_lens,48.750,48.750,48.750,1,3228.890,1,1,131,131
15,decode,pi: in.prepare_input_ids,65.840,65.840,65.840,1,3228.890,1,1,131,131
15,decode,pi: in.mrope_positions,37.800,37.800,37.800,1,3228.890,1,1,131,131
15,decode,pi: in.discard_mask,57.570,57.570,57.570,1,3228.890,1,1,131,131
15,decode,pi: in.num_accepted_tokens,14.100,14.100,14.100,1,3228.890,1,1,131,131
15,decode,pi: in.num_computed_tokens,18.150,18.150,18.150,1,3228.890,1,1,131,131
15,decode,pi: in.tokens_to_gpu,60.050,60.050,60.050,1,3228.890,1,1,131,131
15,decode,pi: in.positions_assembly,109.340,109.340,109.340,1,3228.890,1,1,131,131
15,decode,pi: in.seq_lens,55.950,55.950,55.950,1,3228.890,1,1,131,131
15,decode,pi: in.slot_mapping,133.790,133.790,133.790,1,3228.890,1,1,131,131
15,decode,pi: in.mrope_drift,0.690,0.690,0.690,1,3228.890,1,1,131,131
15,decode,pi: in.logits_indices,38.600,38.600,35.880,2,3228.890,1,1,131,131
15,decode,pi: prepare_inputs,92.990,962.600,962.600,1,3228.890,1,1,131,131
15,decode,pi: cascade_attn_prefix_lens,10.770,10.770,10.770,1,3228.890,1,1,131,131
15,decode,pi: batch_exec_and_padding,48.760,48.760,48.760,1,3228.890,1,1,131,131
15,decode,pi: ubatch_slices,1.400,1.400,1.400,1,3228.890,1,1,131,131
15,decode,pi: pad_query_start_loc,29.380,29.380,29.380,1,3228.890,1,1,131,131
15,decode,pi: am.max_seq_len,18.300,18.300,18.300,1,3228.890,1,1,131,131
15,decode,pi: am.cm_base_pre,74.930,74.930,74.930,1,3228.890,1,1,131,131
15,decode,pi: am.build.split_decodes,9.110,9.110,9.110,1,3228.890,1,1,131,131
15,decode,pi: am.build.seq_lens_select,8.040,8.040,8.040,1,3228.890,1,1,131,131
15,decode,pi: am.build.attn_mask,1.100,1.100,1.100,1,3228.890,1,1,131,131
15,decode,pi: am.build.qsl_h2d,32.680,32.680,32.680,1,3228.890,1,1,131,131
15,decode,pi: am.build.tolist,9.780,9.780,9.780,1,3228.890,1,1,131,131
15,decode,pi: am.build.fia_pad,1.740,1.740,1.740,1,3228.890,1,1,131,131
15,decode,pi: am.build.backend_metadata,15.560,15.560,15.560,1,3228.890,1,1,131,131
15,decode,pi: am.build.metadata_ctor,6.140,6.140,6.140,1,3228.890,1,1,131,131
15,decode,pi: am.builder_build@AscendAttentionMetadataBuilder,35.320,119.470,119.470,1,3228.890,1,1,131,131
15,decode,pi: am.builder_build,13.980,1248.360,390.050,4,3228.890,1,1,131,131
15,decode,pi: am.layer_assign,6.850,6.850,2.000,4,3228.890,1,1,131,131
15,decode,pi: am.group_loop,87.600,1342.810,413.920,4,3228.890,1,1,131,131
15,decode,pi: gdnb.treat_single_token,167.730,167.730,59.950,3,3228.890,1,1,131,131
15,decode,pi: gdnb.compute_num_computed_tokens,127.980,127.980,42.930,3,3228.890,1,1,131,131
15,decode,pi: gdnb.mamba_block_table,4.920,4.920,1.880,3,3228.890,1,1,131,131
15,decode,pi: gdnb.split_decodes,122.840,122.840,41.860,3,3228.890,1,1,131,131
15,decode,pi: gdnb.pad_graph_inputs,281.490,281.490,99.310,3,3228.890,1,1,131,131
15,decode,pi: gdnb.ctor,20.770,20.770,7.810,3,3228.890,1,1,131,131
15,decode,pi: gdnb.attach_prefill,2.550,2.550,0.920,3,3228.890,1,1,131,131
15,decode,pi: gdnb.attach_spec,2.540,2.540,0.870,3,3228.890,1,1,131,131
15,decode,pi: gdnb.build_actual_seq_lengths,174.490,174.490,65.220,3,3228.890,1,1,131,131
15,decode,pi: gdnb.attach_decode,39.310,213.800,78.090,3,3228.890,1,1,131,131
15,decode,pi: am.builder_build@AscendGDNAttentionMetadataBuilder,170.290,1114.910,386.870,3,3228.890,1,1,131,131
15,decode,pi: build_attention_metadata,274.770,1710.810,1710.810,1,3228.890,1,1,131,131
15,decode,pi: sanitize_placeholder_ids,1.000,1.000,1.000,1,3228.890,1,1,131,131
15,decode,pi: sync_input_prep,128.470,3039.730,3039.730,1,3228.890,1,1,131,131
15,decode,pi: TOTAL,3228.890,3228.890,3228.890,1,3228.890,1,1,131,131
16,decode,pi: update_states,99.280,99.280,99.280,1,3257.110,1,1,131,131
16,decode,pi: tokens_list,1.040,1.040,1.040,1,3257.110,1,1,131,131
16,decode,pi: phase_classify,48.310,48.310,48.310,1,3257.110,1,1,131,131
16,decode,pi: in.block_table_commit,83.730,83.730,83.730,1,3257.110,1,1,131,131
16,decode,pi: in.req_indices,9.390,9.390,9.390,1,3257.110,1,1,131,131
16,decode,pi: in.attn_state,26.990,26.990,26.990,1,3257.110,1,1,131,131
16,decode,pi: in.positions,24.200,24.200,24.200,1,3257.110,1,1,131,131
16,decode,pi: in.prev_positions,30.410,30.410,30.410,1,3257.110,1,1,131,131
16,decode,pi: in.token_indices_select,25.120,25.120,25.120,1,3257.110,1,1,131,131
16,decode,pi: in.query_start_loc,28.200,28.200,28.200,1,3257.110,1,1,131,131
16,decode,pi: in.optimistic_seq_lens,47.620,47.620,47.620,1,3257.110,1,1,131,131
16,decode,pi: in.prepare_input_ids,65.920,65.920,65.920,1,3257.110,1,1,131,131
16,decode,pi: in.mrope_positions,39.130,39.130,39.130,1,3257.110,1,1,131,131
16,decode,pi: in.discard_mask,58.080,58.080,58.080,1,3257.110,1,1,131,131
16,decode,pi: in.num_accepted_tokens,14.550,14.550,14.550,1,3257.110,1,1,131,131
16,decode,pi: in.num_computed_tokens,19.130,19.130,19.130,1,3257.110,1,1,131,131
16,decode,pi: in.tokens_to_gpu,60.800,60.800,60.800,1,3257.110,1,1,131,131
16,decode,pi: in.positions_assembly,109.680,109.680,109.680,1,3257.110,1,1,131,131
16,decode,pi: in.seq_lens,54.400,54.400,54.400,1,3257.110,1,1,131,131
16,decode,pi: in.slot_mapping,136.770,136.770,136.770,1,3257.110,1,1,131,131
16,decode,pi: in.mrope_drift,0.770,0.770,0.770,1,3257.110,1,1,131,131
16,decode,pi: in.logits_indices,39.450,39.450,37.200,2,3257.110,1,1,131,131
16,decode,pi: prepare_inputs,93.440,967.780,967.780,1,3257.110,1,1,131,131
16,decode,pi: cascade_attn_prefix_lens,10.700,10.700,10.700,1,3257.110,1,1,131,131
16,decode,pi: batch_exec_and_padding,49.930,49.930,49.930,1,3257.110,1,1,131,131
16,decode,pi: ubatch_slices,1.390,1.390,1.390,1,3257.110,1,1,131,131
16,decode,pi: pad_query_start_loc,28.510,28.510,28.510,1,3257.110,1,1,131,131
16,decode,pi: am.max_seq_len,17.210,17.210,17.210,1,3257.110,1,1,131,131
16,decode,pi: am.cm_base_pre,72.840,72.840,72.840,1,3257.110,1,1,131,131
16,decode,pi: am.build.split_decodes,9.310,9.310,9.310,1,3257.110,1,1,131,131
16,decode,pi: am.build.seq_lens_select,7.860,7.860,7.860,1,3257.110,1,1,131,131
16,decode,pi: am.build.attn_mask,1.180,1.180,1.180,1,3257.110,1,1,131,131
16,decode,pi: am.build.qsl_h2d,32.770,32.770,32.770,1,3257.110,1,1,131,131
16,decode,pi: am.build.tolist,9.350,9.350,9.350,1,3257.110,1,1,131,131
16,decode,pi: am.build.fia_pad,1.730,1.730,1.730,1,3257.110,1,1,131,131
16,decode,pi: am.build.backend_metadata,15.540,15.540,15.540,1,3257.110,1,1,131,131
16,decode,pi: am.build.metadata_ctor,5.880,5.880,5.880,1,3257.110,1,1,131,131
16,decode,pi: am.builder_build@AscendAttentionMetadataBuilder,34.930,118.550,118.550,1,3257.110,1,1,131,131
16,decode,pi: am.builder_build,13.460,1270.750,414.850,4,3257.110,1,1,131,131
16,decode,pi: am.layer_assign,6.980,6.980,1.890,4,3257.110,1,1,131,131
16,decode,pi: am.group_loop,87.500,1365.230,439.000,4,3257.110,1,1,131,131
16,decode,pi: gdnb.treat_single_token,169.750,169.750,59.800,3,3257.110,1,1,131,131
16,decode,pi: gdnb.compute_num_computed_tokens,131.730,131.730,45.110,3,3257.110,1,1,131,131
16,decode,pi: gdnb.mamba_block_table,5.450,5.450,1.950,3,3257.110,1,1,131,131
16,decode,pi: gdnb.split_decodes,124.820,124.820,43.240,3,3257.110,1,1,131,131
16,decode,pi: gdnb.pad_graph_inputs,289.060,289.060,103.000,3,3257.110,1,1,131,131
16,decode,pi: gdnb.ctor,21.380,21.380,8.060,3,3257.110,1,1,131,131
16,decode,pi: gdnb.attach_prefill,2.730,2.730,1.020,3,3257.110,1,1,131,131
16,decode,pi: gdnb.attach_spec,2.530,2.530,0.940,3,3257.110,1,1,131,131
16,decode,pi: gdnb.build_actual_seq_lengths,162.480,162.480,54.570,3,3257.110,1,1,131,131
16,decode,pi: gdnb.attach_decode,39.470,201.950,68.160,3,3257.110,1,1,131,131
16,decode,pi: am.builder_build@AscendGDNAttentionMetadataBuilder,189.340,1138.740,411.810,3,3257.110,1,1,131,131
16,decode,pi: build_attention_metadata,275.670,1730.950,1730.950,1,3257.110,1,1,131,131
16,decode,pi: sanitize_placeholder_ids,1.150,1.150,1.150,1,3257.110,1,1,131,131
16,decode,pi: sync_input_prep,127.140,3066.180,3066.180,1,3257.110,1,1,131,131
16,decode,pi: TOTAL,3257.110,3257.110,3257.110,1,3257.110,1,1,131,131
17,decode,pi: update_states,98.570,98.570,98.570,1,3243.670,1,1,131,131
17,decode,pi: tokens_list,1.010,1.010,1.010,1,3243.670,1,1,131,131
17,decode,pi: phase_classify,72.840,72.840,72.840,1,3243.670,1,1,131,131
17,decode,pi: in.block_table_commit,88.280,88.280,88.280,1,3243.670,1,1,131,131
17,decode,pi: in.req_indices,10.540,10.540,10.540,1,3243.670,1,1,131,131
17,decode,pi: in.attn_state,27.380,27.380,27.380,1,3243.670,1,1,131,131
17,decode,pi: in.positions,24.750,24.750,24.750,1,3243.670,1,1,131,131
17,decode,pi: in.prev_positions,30.570,30.570,30.570,1,3243.670,1,1,131,131
17,decode,pi: in.token_indices_select,25.620,25.620,25.620,1,3243.670,1,1,131,131
17,decode,pi: in.query_start_loc,27.770,27.770,27.770,1,3243.670,1,1,131,131
17,decode,pi: in.optimistic_seq_lens,49.140,49.140,49.140,1,3243.670,1,1,131,131
17,decode,pi: in.prepare_input_ids,66.830,66.830,66.830,1,3243.670,1,1,131,131
17,decode,pi: in.mrope_positions,39.950,39.950,39.950,1,3243.670,1,1,131,131
17,decode,pi: in.discard_mask,59.630,59.630,59.630,1,3243.670,1,1,131,131
17,decode,pi: in.num_accepted_tokens,14.260,14.260,14.260,1,3243.670,1,1,131,131
17,decode,pi: in.num_computed_tokens,33.540,33.540,33.540,1,3243.670,1,1,131,131
17,decode,pi: in.tokens_to_gpu,65.610,65.610,65.610,1,3243.670,1,1,131,131
17,decode,pi: in.positions_assembly,113.120,113.120,113.120,1,3243.670,1,1,131,131
17,decode,pi: in.seq_lens,56.020,56.020,56.020,1,3243.670,1,1,131,131
17,decode,pi: in.slot_mapping,134.140,134.140,134.140,1,3243.670,1,1,131,131
17,decode,pi: in.mrope_drift,0.830,0.830,0.830,1,3243.670,1,1,131,131
17,decode,pi: in.logits_indices,38.840,38.840,36.190,2,3243.670,1,1,131,131
17,decode,pi: prepare_inputs,94.050,1000.870,1000.870,1,3243.670,1,1,131,131
17,decode,pi: cascade_attn_prefix_lens,10.380,10.380,10.380,1,3243.670,1,1,131,131
17,decode,pi: batch_exec_and_padding,49.460,49.460,49.460,1,3243.670,1,1,131,131
17,decode,pi: ubatch_slices,1.470,1.470,1.470,1,3243.670,1,1,131,131
17,decode,pi: pad_query_start_loc,28.630,28.630,28.630,1,3243.670,1,1,131,131
17,decode,pi: am.max_seq_len,17.960,17.960,17.960,1,3243.670,1,1,131,131
17,decode,pi: am.cm_base_pre,73.840,73.840,73.840,1,3243.670,1,1,131,131
17,decode,pi: am.build.split_decodes,9.000,9.000,9.000,1,3243.670,1,1,131,131
17,decode,pi: am.build.seq_lens_select,7.730,7.730,7.730,1,3243.670,1,1,131,131
17,decode,pi: am.build.attn_mask,1.150,1.150,1.150,1,3243.670,1,1,131,131
17,decode,pi: am.build.qsl_h2d,32.550,32.550,32.550,1,3243.670,1,1,131,131
17,decode,pi: am.build.tolist,9.950,9.950,9.950,1,3243.670,1,1,131,131
17,decode,pi: am.build.fia_pad,1.720,1.720,1.720,1,3243.670,1,1,131,131
17,decode,pi: am.build.backend_metadata,15.560,15.560,15.560,1,3243.670,1,1,131,131
17,decode,pi: am.build.metadata_ctor,6.180,6.180,6.180,1,3243.670,1,1,131,131
17,decode,pi: am.builder_build@AscendAttentionMetadataBuilder,34.650,118.490,118.490,1,3243.670,1,1,131,131
17,decode,pi: am.builder_build,13.270,1228.520,387.960,4,3243.670,1,1,131,131
17,decode,pi: am.layer_assign,6.970,6.970,1.990,4,3243.670,1,1,131,131
17,decode,pi: am.group_loop,87.280,1322.770,411.460,4,3243.670,1,1,131,131
17,decode,pi: gdnb.treat_single_token,166.620,166.620,58.910,3,3243.670,1,1,131,131
17,decode,pi: gdnb.compute_num_computed_tokens,128.760,128.760,43.620,3,3243.670,1,1,131,131
17,decode,pi: gdnb.mamba_block_table,5.010,5.010,1.740,3,3243.670,1,1,131,131
17,decode,pi: gdnb.split_decodes,118.030,118.030,41.320,3,3243.670,1,1,131,131
17,decode,pi: gdnb.pad_graph_inputs,283.680,283.680,101.220,3,3243.670,1,1,131,131
17,decode,pi: gdnb.ctor,20.690,20.690,7.910,3,3243.670,1,1,131,131
17,decode,pi: gdnb.attach_prefill,2.690,2.690,0.980,3,3243.670,1,1,131,131
17,decode,pi: gdnb.attach_spec,2.490,2.490,0.840,3,3243.670,1,1,131,131
17,decode,pi: gdnb.build_actual_seq_lengths,159.210,159.210,53.980,3,3243.670,1,1,131,131
17,decode,pi: gdnb.attach_decode,38.840,198.050,66.800,3,3243.670,1,1,131,131
17,decode,pi: am.builder_build@AscendGDNAttentionMetadataBuilder,170.740,1096.760,384.970,3,3243.670,1,1,131,131
17,decode,pi: build_attention_metadata,278.580,1693.150,1693.150,1,3243.670,1,1,131,131
17,decode,pi: sanitize_placeholder_ids,1.020,1.020,1.020,1,3243.670,1,1,131,131
17,decode,pi: sync_input_prep,101.250,3058.650,3058.650,1,3243.670,1,1,131,131
17,decode,pi: TOTAL,3243.670,3243.670,3243.670,1,3243.670,1,1,131,131
18,decode,pi: update_states,99.520,99.520,99.520,1,3217.700,1,1,131,131
18,decode,pi: tokens_list,1.110,1.110,1.110,1,3217.700,1,1,131,131
18,decode,pi: phase_classify,48.520,48.520,48.520,1,3217.700,1,1,131,131
18,decode,pi: in.block_table_commit,86.020,86.020,86.020,1,3217.700,1,1,131,131
18,decode,pi: in.req_indices,9.310,9.310,9.310,1,3217.700,1,1,131,131
18,decode,pi: in.attn_state,27.320,27.320,27.320,1,3217.700,1,1,131,131
18,decode,pi: in.positions,25.390,25.390,25.390,1,3217.700,1,1,131,131
18,decode,pi: in.prev_positions,29.170,29.170,29.170,1,3217.700,1,1,131,131
18,decode,pi: in.token_indices_select,24.590,24.590,24.590,1,3217.700,1,1,131,131
18,decode,pi: in.query_start_loc,26.740,26.740,26.740,1,3217.700,1,1,131,131
18,decode,pi: in.optimistic_seq_lens,48.570,48.570,48.570,1,3217.700,1,1,131,131
18,decode,pi: in.prepare_input_ids,66.630,66.630,66.630,1,3217.700,1,1,131,131
18,decode,pi: in.mrope_positions,39.500,39.500,39.500,1,3217.700,1,1,131,131
18,decode,pi: in.discard_mask,57.180,57.180,57.180,1,3217.700,1,1,131,131
18,decode,pi: in.num_accepted_tokens,16.060,16.060,16.060,1,3217.700,1,1,131,131
18,decode,pi: in.num_computed_tokens,18.600,18.600,18.600,1,3217.700,1,1,131,131
18,decode,pi: in.tokens_to_gpu,61.710,61.710,61.710,1,3217.700,1,1,131,131
18,decode,pi: in.positions_assembly,109.280,109.280,109.280,1,3217.700,1,1,131,131
18,decode,pi: in.seq_lens,55.460,55.460,55.460,1,3217.700,1,1,131,131
18,decode,pi: in.slot_mapping,135.350,135.350,135.350,1,3217.700,1,1,131,131
18,decode,pi: in.mrope_drift,0.680,0.680,0.680,1,3217.700,1,1,131,131
18,decode,pi: in.logits_indices,39.770,39.770,37.490,2,3217.700,1,1,131,131
18,decode,pi: prepare_inputs,93.790,971.120,971.120,1,3217.700,1,1,131,131
18,decode,pi: cascade_attn_prefix_lens,10.530,10.530,10.530,1,3217.700,1,1,131,131
18,decode,pi: batch_exec_and_padding,48.010,48.010,48.010,1,3217.700,1,1,131,131
18,decode,pi: ubatch_slices,1.360,1.360,1.360,1,3217.700,1,1,131,131
18,decode,pi: pad_query_start_loc,28.920,28.920,28.920,1,3217.700,1,1,131,131
18,decode,pi: am.max_seq_len,18.000,18.000,18.000,1,3217.700,1,1,131,131
18,decode,pi: am.cm_base_pre,72.630,72.630,72.630,1,3217.700,1,1,131,131
18,decode,pi: am.build.split_decodes,8.890,8.890,8.890,1,3217.700,1,1,131,131
18,decode,pi: am.build.seq_lens_select,7.740,7.740,7.740,1,3217.700,1,1,131,131
18,decode,pi: am.build.attn_mask,1.140,1.140,1.140,1,3217.700,1,1,131,131
18,decode,pi: am.build.qsl_h2d,33.220,33.220,33.220,1,3217.700,1,1,131,131
18,decode,pi: am.build.tolist,9.750,9.750,9.750,1,3217.700,1,1,131,131
18,decode,pi: am.build.fia_pad,1.700,1.700,1.700,1,3217.700,1,1,131,131
18,decode,pi: am.build.backend_metadata,15.120,15.120,15.120,1,3217.700,1,1,131,131
18,decode,pi: am.build.metadata_ctor,6.210,6.210,6.210,1,3217.700,1,1,131,131
18,decode,pi: am.builder_build@AscendAttentionMetadataBuilder,35.240,119.010,119.010,1,3217.700,1,1,131,131
18,decode,pi: am.builder_build,13.430,1231.260,389.610,4,3217.700,1,1,131,131
18,decode,pi: am.layer_assign,6.430,6.430,1.750,4,3217.700,1,1,131,131
18,decode,pi: am.group_loop,87.620,1325.310,413.050,4,3217.700,1,1,131,131
18,decode,pi: gdnb.treat_single_token,165.860,165.860,58.340,3,3217.700,1,1,131,131
18,decode,pi: gdnb.compute_num_computed_tokens,127.670,127.670,44.790,3,3217.700,1,1,131,131
18,decode,pi: gdnb.mamba_block_table,5.090,5.090,1.850,3,3217.700,1,1,131,131
18,decode,pi: gdnb.split_decodes,117.290,117.290,40.990,3,3217.700,1,1,131,131
18,decode,pi: gdnb.pad_graph_inputs,282.520,282.520,98.210,3,3217.700,1,1,131,131
18,decode,pi: gdnb.ctor,21.020,21.020,8.290,3,3217.700,1,1,131,131
18,decode,pi: gdnb.attach_prefill,2.800,2.800,1.060,3,3217.700,1,1,131,131
18,decode,pi: gdnb.attach_spec,2.700,2.700,1.020,3,3217.700,1,1,131,131
18,decode,pi: gdnb.build_actual_seq_lengths,163.150,163.150,54.960,3,3217.700,1,1,131,131
18,decode,pi: gdnb.attach_decode,40.230,203.380,69.050,3,3217.700,1,1,131,131
18,decode,pi: am.builder_build@AscendGDNAttentionMetadataBuilder,170.490,1098.820,386.500,3,3217.700,1,1,131,131
18,decode,pi: build_attention_metadata,274.230,1690.170,1690.170,1,3217.700,1,1,131,131
18,decode,pi: sanitize_placeholder_ids,1.070,1.070,1.070,1,3217.700,1,1,131,131
18,decode,pi: sync_input_prep,128.120,3028.450,3028.450,1,3217.700,1,1,131,131
18,decode,pi: TOTAL,3217.700,3217.700,3217.700,1,3217.700,1,1,131,131
19,decode,pi: update_states,99.020,99.020,99.020,1,3260.480,1,1,131,131
19,decode,pi: tokens_list,0.980,0.980,0.980,1,3260.480,1,1,131,131
19,decode,pi: phase_classify,48.330,48.330,48.330,1,3260.480,1,1,131,131
19,decode,pi: in.block_table_commit,88.090,88.090,88.090,1,3260.480,1,1,131,131
19,decode,pi: in.req_indices,9.720,9.720,9.720,1,3260.480,1,1,131,131
19,decode,pi: in.attn_state,25.720,25.720,25.720,1,3260.480,1,1,131,131
19,decode,pi: in.positions,24.710,24.710,24.710,1,3260.480,1,1,131,131
19,decode,pi: in.prev_positions,30.160,30.160,30.160,1,3260.480,1,1,131,131
19,decode,pi: in.token_indices_select,24.580,24.580,24.580,1,3260.480,1,1,131,131
19,decode,pi: in.query_start_loc,27.290,27.290,27.290,1,3260.480,1,1,131,131
19,decode,pi: in.optimistic_seq_lens,49.420,49.420,49.420,1,3260.480,1,1,131,131
19,decode,pi: in.prepare_input_ids,66.260,66.260,66.260,1,3260.480,1,1,131,131
19,decode,pi: in.mrope_positions,40.200,40.200,40.200,1,3260.480,1,1,131,131
19,decode,pi: in.discard_mask,56.800,56.800,56.800,1,3260.480,1,1,131,131
19,decode,pi: in.num_accepted_tokens,14.060,14.060,14.060,1,3260.480,1,1,131,131
19,decode,pi: in.num_computed_tokens,19.200,19.200,19.200,1,3260.480,1,1,131,131
19,decode,pi: in.tokens_to_gpu,60.760,60.760,60.760,1,3260.480,1,1,131,131
19,decode,pi: in.positions_assembly,109.590,109.590,109.590,1,3260.480,1,1,131,131
19,decode,pi: in.seq_lens,53.740,53.740,53.740,1,3260.480,1,1,131,131
19,decode,pi: in.slot_mapping,134.770,134.770,134.770,1,3260.480,1,1,131,131
19,decode,pi: in.mrope_drift,0.680,0.680,0.680,1,3260.480,1,1,131,131
19,decode,pi: in.logits_indices,38.740,38.740,36.010,2,3260.480,1,1,131,131
19,decode,pi: prepare_inputs,92.660,967.150,967.150,1,3260.480,1,1,131,131
19,decode,pi: cascade_attn_prefix_lens,10.420,10.420,10.420,1,3260.480,1,1,131,131
19,decode,pi: batch_exec_and_padding,48.450,48.450,48.450,1,3260.480,1,1,131,131
19,decode,pi: ubatch_slices,1.400,1.400,1.400,1,3260.480,1,1,131,131
19,decode,pi: pad_query_start_loc,29.140,29.140,29.140,1,3260.480,1,1,131,131
19,decode,pi: am.max_seq_len,18.510,18.510,18.510,1,3260.480,1,1,131,131
19,decode,pi: am.cm_base_pre,75.220,75.220,75.220,1,3260.480,1,1,131,131
19,decode,pi: am.build.split_decodes,9.220,9.220,9.220,1,3260.480,1,1,131,131
19,decode,pi: am.build.seq_lens_select,7.990,7.990,7.990,1,3260.480,1,1,131,131
19,decode,pi: am.build.attn_mask,1.260,1.260,1.260,1,3260.480,1,1,131,131
19,decode,pi: am.build.qsl_h2d,31.980,31.980,31.980,1,3260.480,1,1,131,131
19,decode,pi: am.build.tolist,9.830,9.830,9.830,1,3260.480,1,1,131,131
19,decode,pi: am.build.fia_pad,1.590,1.590,1.590,1,3260.480,1,1,131,131
19,decode,pi: am.build.backend_metadata,15.560,15.560,15.560,1,3260.480,1,1,131,131
19,decode,pi: am.build.metadata_ctor,6.280,6.280,6.280,1,3260.480,1,1,131,131
19,decode,pi: am.builder_build@AscendAttentionMetadataBuilder,35.490,119.200,119.200,1,3260.480,1,1,131,131
19,decode,pi: am.builder_build,13.700,1268.940,390.670,4,3260.480,1,1,131,131
19,decode,pi: am.layer_assign,7.070,7.070,1.870,4,3260.480,1,1,131,131
19,decode,pi: am.group_loop,88.700,1364.710,414.690,4,3260.480,1,1,131,131
19,decode,pi: gdnb.treat_single_token,168.600,168.600,58.200,3,3260.480,1,1,131,131
19,decode,pi: gdnb.compute_num_computed_tokens,133.090,133.090,45.980,3,3260.480,1,1,131,131
19,decode,pi: gdnb.mamba_block_table,5.100,5.100,1.900,3,3260.480,1,1,131,131
19,decode,pi: gdnb.split_decodes,122.840,122.840,41.270,3,3260.480,1,1,131,131
19,decode,pi: gdnb.pad_graph_inputs,290.200,290.200,102.840,3,3260.480,1,1,131,131
19,decode,pi: gdnb.ctor,20.830,20.830,7.980,3,3260.480,1,1,131,131
19,decode,pi: gdnb.attach_prefill,2.580,2.580,0.920,3,3260.480,1,1,131,131
19,decode,pi: gdnb.attach_spec,2.440,2.440,0.830,3,3260.480,1,1,131,131
19,decode,pi: gdnb.build_actual_seq_lengths,163.380,163.380,54.660,3,3260.480,1,1,131,131
19,decode,pi: gdnb.attach_decode,40.650,204.030,68.180,3,3260.480,1,1,131,131
19,decode,pi: am.builder_build@AscendGDNAttentionMetadataBuilder,186.330,1136.040,387.680,3,3260.480,1,1,131,131
19,decode,pi: build_attention_metadata,276.980,1735.420,1735.420,1,3260.480,1,1,131,131
19,decode,pi: sanitize_placeholder_ids,1.010,1.010,1.010,1,3260.480,1,1,131,131
19,decode,pi: sync_input_prep,129.210,3070.530,3070.530,1,3260.480,1,1,131,131
19,decode,pi: TOTAL,3260.480,3260.480,3260.480,1,3260.480,1,1,131,131
20,decode,pi: update_states,97.920,97.920,97.920,1,3235.290,1,1,131,131
20,decode,pi: tokens_list,0.970,0.970,0.970,1,3235.290,1,1,131,131
20,decode,pi: phase_classify,47.230,47.230,47.230,1,3235.290,1,1,131,131
20,decode,pi: in.block_table_commit,81.950,81.950,81.950,1,3235.290,1,1,131,131
20,decode,pi: in.req_indices,9.240,9.240,9.240,1,3235.290,1,1,131,131
20,decode,pi: in.attn_state,26.050,26.050,26.050,1,3235.290,1,1,131,131
20,decode,pi: in.positions,24.840,24.840,24.840,1,3235.290,1,1,131,131
20,decode,pi: in.prev_positions,29.410,29.410,29.410,1,3235.290,1,1,131,131
20,decode,pi: in.token_indices_select,24.740,24.740,24.740,1,3235.290,1,1,131,131
20,decode,pi: in.query_start_loc,26.640,26.640,26.640,1,3235.290,1,1,131,131
20,decode,pi: in.optimistic_seq_lens,51.720,51.720,51.720,1,3235.290,1,1,131,131
20,decode,pi: in.prepare_input_ids,67.740,67.740,67.740,1,3235.290,1,1,131,131
20,decode,pi: in.mrope_positions,39.050,39.050,39.050,1,3235.290,1,1,131,131
20,decode,pi: in.discard_mask,58.660,58.660,58.660,1,3235.290,1,1,131,131
20,decode,pi: in.num_accepted_tokens,14.250,14.250,14.250,1,3235.290,1,1,131,131
20,decode,pi: in.num_computed_tokens,17.980,17.980,17.980,1,3235.290,1,1,131,131
20,decode,pi: in.tokens_to_gpu,65.010,65.010,65.010,1,3235.290,1,1,131,131
20,decode,pi: in.positions_assembly,110.370,110.370,110.370,1,3235.290,1,1,131,131
20,decode,pi: in.seq_lens,57.170,57.170,57.170,1,3235.290,1,1,131,131
20,decode,pi: in.slot_mapping,133.420,133.420,133.420,1,3235.290,1,1,131,131
20,decode,pi: in.mrope_drift,0.720,0.720,0.720,1,3235.290,1,1,131,131
20,decode,pi: in.logits_indices,38.740,38.740,36.460,2,3235.290,1,1,131,131
20,decode,pi: prepare_inputs,92.550,970.250,970.250,1,3235.290,1,1,131,131
20,decode,pi: cascade_attn_prefix_lens,10.390,10.390,10.390,1,3235.290,1,1,131,131
20,decode,pi: batch_exec_and_padding,48.010,48.010,48.010,1,3235.290,1,1,131,131
20,decode,pi: ubatch_slices,1.410,1.410,1.410,1,3235.290,1,1,131,131
20,decode,pi: pad_query_start_loc,28.510,28.510,28.510,1,3235.290,1,1,131,131
20,decode,pi: am.max_seq_len,17.410,17.410,17.410,1,3235.290,1,1,131,131
20,decode,pi: am.cm_base_pre,73.910,73.910,73.910,1,3235.290,1,1,131,131
20,decode,pi: am.build.split_decodes,9.270,9.270,9.270,1,3235.290,1,1,131,131
20,decode,pi: am.build.seq_lens_select,7.690,7.690,7.690,1,3235.290,1,1,131,131
20,decode,pi: am.build.attn_mask,1.200,1.200,1.200,1,3235.290,1,1,131,131
20,decode,pi: am.build.qsl_h2d,31.780,31.780,31.780,1,3235.290,1,1,131,131
20,decode,pi: am.build.tolist,9.510,9.510,9.510,1,3235.290,1,1,131,131
20,decode,pi: am.build.fia_pad,1.740,1.740,1.740,1,3235.290,1,1,131,131
20,decode,pi: am.build.backend_metadata,30.440,30.440,30.440,1,3235.290,1,1,131,131
20,decode,pi: am.build.metadata_ctor,6.500,6.500,6.500,1,3235.290,1,1,131,131
20,decode,pi: am.builder_build@AscendAttentionMetadataBuilder,36.080,134.210,134.210,1,3235.290,1,1,131,131
20,decode,pi: am.builder_build,13.900,1250.220,386.900,4,3235.290,1,1,131,131
20,decode,pi: am.layer_assign,6.750,6.750,1.920,4,3235.290,1,1,131,131
20,decode,pi: am.group_loop,88.020,1344.990,410.670,4,3235.290,1,1,131,131
20,decode,pi: gdnb.treat_single_token,165.770,165.770,57.770,3,3235.290,1,1,131,131
20,decode,pi: gdnb.compute_num_computed_tokens,128.240,128.240,44.980,3,3235.290,1,1,131,131
20,decode,pi: gdnb.mamba_block_table,5.120,5.120,1.900,3,3235.290,1,1,131,131
20,decode,pi: gdnb.split_decodes,120.310,120.310,41.560,3,3235.290,1,1,131,131
20,decode,pi: gdnb.pad_graph_inputs,284.500,284.500,100.520,3,3235.290,1,1,131,131
20,decode,pi: gdnb.ctor,20.620,20.620,7.760,3,3235.290,1,1,131,131
20,decode,pi: gdnb.attach_prefill,2.730,2.730,1.000,3,3235.290,1,1,131,131
20,decode,pi: gdnb.attach_spec,2.520,2.520,0.910,3,3235.290,1,1,131,131
20,decode,pi: gdnb.build_actual_seq_lengths,162.060,162.060,55.720,3,3235.290,1,1,131,131
20,decode,pi: gdnb.attach_decode,39.580,201.640,69.500,3,3235.290,1,1,131,131
20,decode,pi: am.builder_build@AscendGDNAttentionMetadataBuilder,170.660,1102.110,383.810,3,3235.290,1,1,131,131
20,decode,pi: build_attention_metadata,277.010,1713.320,1713.320,1,3235.290,1,1,131,131
20,decode,pi: sanitize_placeholder_ids,1.050,1.050,1.050,1,3235.290,1,1,131,131
20,decode,pi: sync_input_prep,126.050,3045.110,3045.110,1,3235.290,1,1,131,131
20,decode,pi: TOTAL,3235.290,3235.290,3235.290,1,3235.290,1,1,131,131
21,decode,pi: update_states,98.440,98.440,98.440,1,3236.910,1,1,131,131
21,decode,pi: tokens_list,1.000,1.000,1.000,1,3236.910,1,1,131,131
21,decode,pi: phase_classify,48.230,48.230,48.230,1,3236.910,1,1,131,131
21,decode,pi: in.block_table_commit,86.290,86.290,86.290,1,3236.910,1,1,131,131
21,decode,pi: in.req_indices,9.440,9.440,9.440,1,3236.910,1,1,131,131
21,decode,pi: in.attn_state,26.600,26.600,26.600,1,3236.910,1,1,131,131
21,decode,pi: in.positions,24.770,24.770,24.770,1,3236.910,1,1,131,131
21,decode,pi: in.prev_positions,29.510,29.510,29.510,1,3236.910,1,1,131,131
21,decode,pi: in.token_indices_select,24.940,24.940,24.940,1,3236.910,1,1,131,131
21,decode,pi: in.query_start_loc,27.150,27.150,27.150,1,3236.910,1,1,131,131
21,decode,pi: in.optimistic_seq_lens,49.770,49.770,49.770,1,3236.910,1,1,131,131
21,decode,pi: in.prepare_input_ids,67.900,67.900,67.900,1,3236.910,1,1,131,131
21,decode,pi: in.mrope_positions,39.220,39.220,39.220,1,3236.910,1,1,131,131
21,decode,pi: in.discard_mask,59.260,59.260,59.260,1,3236.910,1,1,131,131
21,decode,pi: in.num_accepted_tokens,14.460,14.460,14.460,1,3236.910,1,1,131,131
21,decode,pi: in.num_computed_tokens,18.400,18.400,18.400,1,3236.910,1,1,131,131
21,decode,pi: in.tokens_to_gpu,61.420,61.420,61.420,1,3236.910,1,1,131,131
21,decode,pi: in.positions_assembly,110.060,110.060,110.060,1,3236.910,1,1,131,131
21,decode,pi: in.seq_lens,56.170,56.170,56.170,1,3236.910,1,1,131,131
21,decode,pi: in.slot_mapping,133.770,133.770,133.770,1,3236.910,1,1,131,131
21,decode,pi: in.mrope_drift,0.710,0.710,0.710,1,3236.910,1,1,131,131
21,decode,pi: in.logits_indices,38.820,38.820,36.110,2,3236.910,1,1,131,131
21,decode,pi: prepare_inputs,107.570,986.230,986.230,1,3236.910,1,1,131,131
21,decode,pi: cascade_attn_prefix_lens,10.200,10.200,10.200,1,3236.910,1,1,131,131
21,decode,pi: batch_exec_and_padding,47.770,47.770,47.770,1,3236.910,1,1,131,131
21,decode,pi: ubatch_slices,1.470,1.470,1.470,1,3236.910,1,1,131,131
21,decode,pi: pad_query_start_loc,28.910,28.910,28.910,1,3236.910,1,1,131,131
21,decode,pi: am.max_seq_len,16.840,16.840,16.840,1,3236.910,1,1,131,131
21,decode,pi: am.cm_base_pre,74.190,74.190,74.190,1,3236.910,1,1,131,131
21,decode,pi: am.build.split_decodes,9.300,9.300,9.300,1,3236.910,1,1,131,131
21,decode,pi: am.build.seq_lens_select,7.790,7.790,7.790,1,3236.910,1,1,131,131
21,decode,pi: am.build.attn_mask,1.260,1.260,1.260,1,3236.910,1,1,131,131
21,decode,pi: am.build.qsl_h2d,33.170,33.170,33.170,1,3236.910,1,1,131,131
21,decode,pi: am.build.tolist,9.380,9.380,9.380,1,3236.910,1,1,131,131
21,decode,pi: am.build.fia_pad,1.690,1.690,1.690,1,3236.910,1,1,131,131
21,decode,pi: am.build.backend_metadata,15.100,15.100,15.100,1,3236.910,1,1,131,131
21,decode,pi: am.build.metadata_ctor,6.290,6.290,6.290,1,3236.910,1,1,131,131
21,decode,pi: am.builder_build@AscendAttentionMetadataBuilder,35.080,119.060,119.060,1,3236.910,1,1,131,131
21,decode,pi: am.builder_build,14.290,1236.820,384.710,4,3236.910,1,1,131,131
21,decode,pi: am.layer_assign,7.090,7.090,1.980,4,3236.910,1,1,131,131
21,decode,pi: am.group_loop,87.880,1331.790,408.320,4,3236.910,1,1,131,131
21,decode,pi: gdnb.treat_single_token,164.740,164.740,57.360,3,3236.910,1,1,131,131
21,decode,pi: gdnb.compute_num_computed_tokens,131.120,131.120,44.680,3,3236.910,1,1,131,131
21,decode,pi: gdnb.mamba_block_table,4.930,4.930,1.780,3,3236.910,1,1,131,131
21,decode,pi: gdnb.split_decodes,121.230,121.230,41.600,3,3236.910,1,1,131,131
21,decode,pi: gdnb.pad_graph_inputs,283.600,283.600,98.170,3,3236.910,1,1,131,131
21,decode,pi: gdnb.ctor,20.320,20.320,7.770,3,3236.910,1,1,131,131
21,decode,pi: gdnb.attach_prefill,2.660,2.660,0.900,3,3236.910,1,1,131,131
21,decode,pi: gdnb.attach_spec,2.490,2.490,0.900,3,3236.910,1,1,131,131
21,decode,pi: gdnb.build_actual_seq_lengths,162.560,162.560,54.880,3,3236.910,1,1,131,131
21,decode,pi: gdnb.attach_decode,39.280,201.840,68.440,3,3236.910,1,1,131,131
21,decode,pi: am.builder_build@AscendGDNAttentionMetadataBuilder,170.540,1103.470,381.530,3,3236.910,1,1,131,131
21,decode,pi: build_attention_metadata,275.100,1697.920,1697.920,1,3236.910,1,1,131,131
21,decode,pi: sanitize_placeholder_ids,1.090,1.090,1.090,1,3236.910,1,1,131,131
21,decode,pi: sync_input_prep,126.960,3048.220,3048.220,1,3236.910,1,1,131,131
21,decode,pi: TOTAL,3236.910,3236.910,3236.910,1,3236.910,1,1,131,131
22,decode,pi: update_states,98.750,98.750,98.750,1,3233.300,1,1,131,131
22,decode,pi: tokens_list,1.060,1.060,1.060,1,3233.300,1,1,131,131
22,decode,pi: phase_classify,47.770,47.770,47.770,1,3233.300,1,1,131,131
22,decode,pi: in.block_table_commit,85.730,85.730,85.730,1,3233.300,1,1,131,131
22,decode,pi: in.req_indices,9.600,9.600,9.600,1,3233.300,1,1,131,131
22,decode,pi: in.attn_state,26.200,26.200,26.200,1,3233.300,1,1,131,131
22,decode,pi: in.positions,25.110,25.110,25.110,1,3233.300,1,1,131,131
22,decode,pi: in.prev_positions,29.640,29.640,29.640,1,3233.300,1,1,131,131
22,decode,pi: in.token_indices_select,24.450,24.450,24.450,1,3233.300,1,1,131,131
22,decode,pi: in.query_start_loc,26.820,26.820,26.820,1,3233.300,1,1,131,131
22,decode,pi: in.optimistic_seq_lens,49.940,49.940,49.940,1,3233.300,1,1,131,131
22,decode,pi: in.prepare_input_ids,65.580,65.580,65.580,1,3233.300,1,1,131,131
22,decode,pi: in.mrope_positions,39.180,39.180,39.180,1,3233.300,1,1,131,131
22,decode,pi: in.discard_mask,57.300,57.300,57.300,1,3233.300,1,1,131,131
22,decode,pi: in.num_accepted_tokens,13.750,13.750,13.750,1,3233.300,1,1,131,131
22,decode,pi: in.num_computed_tokens,17.790,17.790,17.790,1,3233.300,1,1,131,131
22,decode,pi: in.tokens_to_gpu,65.480,65.480,65.480,1,3233.300,1,1,131,131
22,decode,pi: in.positions_assembly,111.690,111.690,111.690,1,3233.300,1,1,131,131
22,decode,pi: in.seq_lens,56.210,56.210,56.210,1,3233.300,1,1,131,131
22,decode,pi: in.slot_mapping,135.750,135.750,135.750,1,3233.300,1,1,131,131
22,decode,pi: in.mrope_drift,0.680,0.680,0.680,1,3233.300,1,1,131,131
22,decode,pi: in.logits_indices,39.130,39.130,36.690,2,3233.300,1,1,131,131
22,decode,pi: prepare_inputs,92.530,972.560,972.560,1,3233.300,1,1,131,131
22,decode,pi: cascade_attn_prefix_lens,10.500,10.500,10.500,1,3233.300,1,1,131,131
22,decode,pi: batch_exec_and_padding,48.620,48.620,48.620,1,3233.300,1,1,131,131
22,decode,pi: ubatch_slices,1.360,1.360,1.360,1,3233.300,1,1,131,131
22,decode,pi: pad_query_start_loc,29.040,29.040,29.040,1,3233.300,1,1,131,131
22,decode,pi: am.max_seq_len,17.960,17.960,17.960,1,3233.300,1,1,131,131
22,decode,pi: am.cm_base_pre,73.600,73.600,73.600,1,3233.300,1,1,131,131
22,decode,pi: am.build.split_decodes,8.990,8.990,8.990,1,3233.300,1,1,131,131
22,decode,pi: am.build.seq_lens_select,8.100,8.100,8.100,1,3233.300,1,1,131,131
22,decode,pi: am.build.attn_mask,1.200,1.200,1.200,1,3233.300,1,1,131,131
22,decode,pi: am.build.qsl_h2d,32.570,32.570,32.570,1,3233.300,1,1,131,131
22,decode,pi: am.build.tolist,9.260,9.260,9.260,1,3233.300,1,1,131,131
22,decode,pi: am.build.fia_pad,1.730,1.730,1.730,1,3233.300,1,1,131,131
22,decode,pi: am.build.backend_metadata,14.790,14.790,14.790,1,3233.300,1,1,131,131
22,decode,pi: am.build.metadata_ctor,6.050,6.050,6.050,1,3233.300,1,1,131,131
22,decode,pi: am.builder_build@AscendAttentionMetadataBuilder,35.510,118.200,118.200,1,3233.300,1,1,131,131
22,decode,pi: am.builder_build,13.650,1239.770,389.420,4,3233.300,1,1,131,131
22,decode,pi: am.layer_assign,6.910,6.910,1.930,4,3233.300,1,1,131,131
22,decode,pi: am.group_loop,88.010,1334.690,413.210,4,3233.300,1,1,131,131
22,decode,pi: gdnb.treat_single_token,167.260,167.260,58.190,3,3233.300,1,1,131,131
22,decode,pi: gdnb.compute_num_computed_tokens,133.760,133.760,45.830,3,3233.300,1,1,131,131
22,decode,pi: gdnb.mamba_block_table,5.090,5.090,1.850,3,3233.300,1,1,131,131
22,decode,pi: gdnb.split_decodes,119.410,119.410,41.130,3,3233.300,1,1,131,131
22,decode,pi: gdnb.pad_graph_inputs,284.450,284.450,99.310,3,3233.300,1,1,131,131
22,decode,pi: gdnb.ctor,20.720,20.720,7.570,3,3233.300,1,1,131,131
22,decode,pi: gdnb.attach_prefill,2.730,2.730,0.960,3,3233.300,1,1,131,131
22,decode,pi: gdnb.attach_spec,2.530,2.530,0.890,3,3233.300,1,1,131,131
22,decode,pi: gdnb.build_actual_seq_lengths,161.980,161.980,56.460,3,3233.300,1,1,131,131
22,decode,pi: gdnb.attach_decode,39.370,201.350,70.450,3,3233.300,1,1,131,131
22,decode,pi: am.builder_build@AscendGDNAttentionMetadataBuilder,170.620,1107.920,386.200,3,3233.300,1,1,131,131
22,decode,pi: build_attention_metadata,278.740,1704.990,1704.990,1,3233.300,1,1,131,131
22,decode,pi: sanitize_placeholder_ids,1.130,1.130,1.130,1,3233.300,1,1,131,131
22,decode,pi: sync_input_prep,128.120,3043.900,3043.900,1,3233.300,1,1,131,131
22,decode,pi: TOTAL,3233.300,3233.300,3233.300,1,3233.300,1,1,131,131
23,decode,pi: update_states,98.210,98.210,98.210,1,3269.830,1,1,131,131
23,decode,pi: tokens_list,0.970,0.970,0.970,1,3269.830,1,1,131,131
23,decode,pi: phase_classify,47.270,47.270,47.270,1,3269.830,1,1,131,131
23,decode,pi: in.block_table_commit,85.120,85.120,85.120,1,3269.830,1,1,131,131
23,decode,pi: in.req_indices,9.300,9.300,9.300,1,3269.830,1,1,131,131
23,decode,pi: in.attn_state,26.440,26.440,26.440,1,3269.830,1,1,131,131
23,decode,pi: in.positions,24.720,24.720,24.720,1,3269.830,1,1,131,131
23,decode,pi: in.prev_positions,29.540,29.540,29.540,1,3269.830,1,1,131,131
23,decode,pi: in.token_indices_select,24.400,24.400,24.400,1,3269.830,1,1,131,131
23,decode,pi: in.query_start_loc,27.000,27.000,27.000,1,3269.830,1,1,131,131
23,decode,pi: in.optimistic_seq_lens,48.680,48.680,48.680,1,3269.830,1,1,131,131
23,decode,pi: in.prepare_input_ids,65.170,65.170,65.170,1,3269.830,1,1,131,131
23,decode,pi: in.mrope_positions,38.580,38.580,38.580,1,3269.830,1,1,131,131
23,decode,pi: in.discard_mask,57.990,57.990,57.990,1,3269.830,1,1,131,131
23,decode,pi: in.num_accepted_tokens,14.070,14.070,14.070,1,3269.830,1,1,131,131
23,decode,pi: in.num_computed_tokens,18.530,18.530,18.530,1,3269.830,1,1,131,131
23,decode,pi: in.tokens_to_gpu,64.150,64.150,64.150,1,3269.830,1,1,131,131
23,decode,pi: in.positions_assembly,108.790,108.790,108.790,1,3269.830,1,1,131,131
23,decode,pi: in.seq_lens,58.720,58.720,58.720,1,3269.830,1,1,131,131
23,decode,pi: in.slot_mapping,136.570,136.570,136.570,1,3269.830,1,1,131,131
23,decode,pi: in.mrope_drift,0.810,0.810,0.810,1,3269.830,1,1,131,131
23,decode,pi: in.logits_indices,40.680,40.680,37.660,2,3269.830,1,1,131,131
23,decode,pi: prepare_inputs,95.280,974.540,974.540,1,3269.830,1,1,131,131
23,decode,pi: cascade_attn_prefix_lens,10.800,10.800,10.800,1,3269.830,1,1,131,131
23,decode,pi: batch_exec_and_padding,48.890,48.890,48.890,1,3269.830,1,1,131,131
23,decode,pi: ubatch_slices,1.400,1.400,1.400,1,3269.830,1,1,131,131
23,decode,pi: pad_query_start_loc,29.380,29.380,29.380,1,3269.830,1,1,131,131
23,decode,pi: am.max_seq_len,18.070,18.070,18.070,1,3269.830,1,1,131,131
23,decode,pi: am.cm_base_pre,74.300,74.300,74.300,1,3269.830,1,1,131,131
23,decode,pi: am.build.split_decodes,8.830,8.830,8.830,1,3269.830,1,1,131,131
23,decode,pi: am.build.seq_lens_select,7.940,7.940,7.940,1,3269.830,1,1,131,131
23,decode,pi: am.build.attn_mask,1.260,1.260,1.260,1,3269.830,1,1,131,131
23,decode,pi: am.build.qsl_h2d,34.640,34.640,34.640,1,3269.830,1,1,131,131
23,decode,pi: am.build.tolist,9.540,9.540,9.540,1,3269.830,1,1,131,131
23,decode,pi: am.build.fia_pad,1.910,1.910,1.910,1,3269.830,1,1,131,131
23,decode,pi: am.build.backend_metadata,15.790,15.790,15.790,1,3269.830,1,1,131,131
23,decode,pi: am.build.metadata_ctor,6.360,6.360,6.360,1,3269.830,1,1,131,131
23,decode,pi: am.builder_build@AscendAttentionMetadataBuilder,36.980,123.250,123.250,1,3269.830,1,1,131,131
23,decode,pi: am.builder_build,13.650,1276.370,397.600,4,3269.830,1,1,131,131
23,decode,pi: am.layer_assign,7.180,7.180,1.970,4,3269.830,1,1,131,131
23,decode,pi: am.group_loop,88.190,1371.740,421.680,4,3269.830,1,1,131,131
23,decode,pi: gdnb.treat_single_token,169.010,169.010,58.700,3,3269.830,1,1,131,131
23,decode,pi: gdnb.compute_num_computed_tokens,128.800,128.800,45.360,3,3269.830,1,1,131,131
23,decode,pi: gdnb.mamba_block_table,4.900,4.900,1.760,3,3269.830,1,1,131,131
23,decode,pi: gdnb.split_decodes,119.570,119.570,41.630,3,3269.830,1,1,131,131
23,decode,pi: gdnb.pad_graph_inputs,309.420,309.420,110.940,3,3269.830,1,1,131,131
23,decode,pi: gdnb.ctor,21.590,21.590,8.250,3,3269.830,1,1,131,131
23,decode,pi: gdnb.attach_prefill,2.790,2.790,1.070,3,3269.830,1,1,131,131
23,decode,pi: gdnb.attach_spec,2.520,2.520,0.850,3,3269.830,1,1,131,131
23,decode,pi: gdnb.build_actual_seq_lengths,167.190,167.190,56.710,3,3269.830,1,1,131,131
23,decode,pi: gdnb.attach_decode,40.160,207.350,71.100,3,3269.830,1,1,131,131
23,decode,pi: am.builder_build@AscendGDNAttentionMetadataBuilder,173.520,1139.470,394.500,3,3269.830,1,1,131,131
23,decode,pi: build_attention_metadata,281.290,1745.400,1745.400,1,3269.830,1,1,131,131
23,decode,pi: sanitize_placeholder_ids,1.050,1.050,1.050,1,3269.830,1,1,131,131
23,decode,pi: sync_input_prep,126.510,3084.420,3084.420,1,3269.830,1,1,131,131
23,decode,pi: TOTAL,3269.830,3269.830,3269.830,1,3269.830,1,1,131,131
24,decode,pi: update_states,99.030,99.030,99.030,1,3269.730,1,1,131,131
24,decode,pi: tokens_list,1.050,1.050,1.050,1,3269.730,1,1,131,131
24,decode,pi: phase_classify,47.260,47.260,47.260,1,3269.730,1,1,131,131
24,decode,pi: in.block_table_commit,84.820,84.820,84.820,1,3269.730,1,1,131,131
24,decode,pi: in.req_indices,9.620,9.620,9.620,1,3269.730,1,1,131,131
24,decode,pi: in.attn_state,26.030,26.030,26.030,1,3269.730,1,1,131,131
24,decode,pi: in.positions,24.800,24.800,24.800,1,3269.730,1,1,131,131
24,decode,pi: in.prev_positions,30.950,30.950,30.950,1,3269.730,1,1,131,131
24,decode,pi: in.token_indices_select,24.940,24.940,24.940,1,3269.730,1,1,131,131
24,decode,pi: in.query_start_loc,27.190,27.190,27.190,1,3269.730,1,1,131,131
24,decode,pi: in.optimistic_seq_lens,48.730,48.730,48.730,1,3269.730,1,1,131,131
24,decode,pi: in.prepare_input_ids,66.320,66.320,66.320,1,3269.730,1,1,131,131
24,decode,pi: in.mrope_positions,39.300,39.300,39.300,1,3269.730,1,1,131,131
24,decode,pi: in.discard_mask,58.380,58.380,58.380,1,3269.730,1,1,131,131
24,decode,pi: in.num_accepted_tokens,14.480,14.480,14.480,1,3269.730,1,1,131,131
24,decode,pi: in.num_computed_tokens,18.650,18.650,18.650,1,3269.730,1,1,131,131
24,decode,pi: in.tokens_to_gpu,64.400,64.400,64.400,1,3269.730,1,1,131,131
24,decode,pi: in.positions_assembly,109.650,109.650,109.650,1,3269.730,1,1,131,131
24,decode,pi: in.seq_lens,55.930,55.930,55.930,1,3269.730,1,1,131,131
24,decode,pi: in.slot_mapping,134.720,134.720,134.720,1,3269.730,1,1,131,131
24,decode,pi: in.mrope_drift,0.750,0.750,0.750,1,3269.730,1,1,131,131
24,decode,pi: in.logits_indices,38.890,38.890,36.550,2,3269.730,1,1,131,131
24,decode,pi: prepare_inputs,92.400,970.950,970.950,1,3269.730,1,1,131,131
24,decode,pi: cascade_attn_prefix_lens,10.480,10.480,10.480,1,3269.730,1,1,131,131
24,decode,pi: batch_exec_and_padding,49.890,49.890,49.890,1,3269.730,1,1,131,131
24,decode,pi: ubatch_slices,1.400,1.400,1.400,1,3269.730,1,1,131,131
24,decode,pi: pad_query_start_loc,29.880,29.880,29.880,1,3269.730,1,1,131,131
24,decode,pi: am.max_seq_len,18.630,18.630,18.630,1,3269.730,1,1,131,131
24,decode,pi: am.cm_base_pre,97.460,97.460,97.460,1,3269.730,1,1,131,131
24,decode,pi: am.build.split_decodes,9.330,9.330,9.330,1,3269.730,1,1,131,131
24,decode,pi: am.build.seq_lens_select,7.830,7.830,7.830,1,3269.730,1,1,131,131
24,decode,pi: am.build.attn_mask,1.160,1.160,1.160,1,3269.730,1,1,131,131
24,decode,pi: am.build.qsl_h2d,34.220,34.220,34.220,1,3269.730,1,1,131,131
24,decode,pi: am.build.tolist,10.100,10.100,10.100,1,3269.730,1,1,131,131
24,decode,pi: am.build.fia_pad,1.660,1.660,1.660,1,3269.730,1,1,131,131
24,decode,pi: am.build.backend_metadata,15.160,15.160,15.160,1,3269.730,1,1,131,131
24,decode,pi: am.build.metadata_ctor,6.170,6.170,6.170,1,3269.730,1,1,131,131
24,decode,pi: am.builder_build@AscendAttentionMetadataBuilder,36.200,121.830,121.830,1,3269.730,1,1,131,131
24,decode,pi: am.builder_build,13.890,1249.140,388.010,4,3269.730,1,1,131,131
24,decode,pi: am.layer_assign,6.830,6.830,1.910,4,3269.730,1,1,131,131
24,decode,pi: am.group_loop,88.160,1344.130,411.710,4,3269.730,1,1,131,131
24,decode,pi: gdnb.treat_single_token,166.590,166.590,58.360,3,3269.730,1,1,131,131
24,decode,pi: gdnb.compute_num_computed_tokens,133.390,133.390,45.250,3,3269.730,1,1,131,131
24,decode,pi: gdnb.mamba_block_table,4.970,4.970,1.850,3,3269.730,1,1,131,131
24,decode,pi: gdnb.split_decodes,123.490,123.490,41.460,3,3269.730,1,1,131,131
24,decode,pi: gdnb.pad_graph_inputs,286.010,286.010,100.130,3,3269.730,1,1,131,131
24,decode,pi: gdnb.ctor,20.630,20.630,7.720,3,3269.730,1,1,131,131
24,decode,pi: gdnb.attach_prefill,2.500,2.500,0.910,3,3269.730,1,1,131,131
24,decode,pi: gdnb.attach_spec,2.470,2.470,0.840,3,3269.730,1,1,131,131
24,decode,pi: gdnb.build_actual_seq_lengths,162.610,162.610,55.290,3,3269.730,1,1,131,131
24,decode,pi: gdnb.attach_decode,39.910,202.520,68.600,3,3269.730,1,1,131,131
24,decode,pi: am.builder_build@AscendGDNAttentionMetadataBuilder,170.850,1113.420,384.880,3,3269.730,1,1,131,131
24,decode,pi: build_attention_metadata,283.740,1743.960,1743.960,1,3269.730,1,1,131,131
24,decode,pi: sanitize_placeholder_ids,1.010,1.010,1.010,1,3269.730,1,1,131,131
24,decode,pi: sync_input_prep,128.770,3083.680,3083.680,1,3269.730,1,1,131,131
24,decode,pi: TOTAL,3269.730,3269.730,3269.730,1,3269.730,1,1,131,131
25,decode,pi: update_states,98.320,98.320,98.320,1,3261.040,1,1,131,131
25,decode,pi: tokens_list,0.940,0.940,0.940,1,3261.040,1,1,131,131
25,decode,pi: phase_classify,47.670,47.670,47.670,1,3261.040,1,1,131,131
25,decode,pi: in.block_table_commit,105.300,105.300,105.300,1,3261.040,1,1,131,131
25,decode,pi: in.req_indices,9.780,9.780,9.780,1,3261.040,1,1,131,131
25,decode,pi: in.attn_state,26.830,26.830,26.830,1,3261.040,1,1,131,131
25,decode,pi: in.positions,26.150,26.150,26.150,1,3261.040,1,1,131,131
25,decode,pi: in.prev_positions,32.370,32.370,32.370,1,3261.040,1,1,131,131
25,decode,pi: in.token_indices_select,25.470,25.470,25.470,1,3261.040,1,1,131,131
25,decode,pi: in.query_start_loc,26.950,26.950,26.950,1,3261.040,1,1,131,131
25,decode,pi: in.optimistic_seq_lens,50.240,50.240,50.240,1,3261.040,1,1,131,131
25,decode,pi: in.prepare_input_ids,67.660,67.660,67.660,1,3261.040,1,1,131,131
25,decode,pi: in.mrope_positions,38.690,38.690,38.690,1,3261.040,1,1,131,131
25,decode,pi: in.discard_mask,57.480,57.480,57.480,1,3261.040,1,1,131,131
25,decode,pi: in.num_accepted_tokens,13.880,13.880,13.880,1,3261.040,1,1,131,131
25,decode,pi: in.num_computed_tokens,17.220,17.220,17.220,1,3261.040,1,1,131,131
25,decode,pi: in.tokens_to_gpu,61.440,61.440,61.440,1,3261.040,1,1,131,131
25,decode,pi: in.positions_assembly,110.430,110.430,110.430,1,3261.040,1,1,131,131
25,decode,pi: in.seq_lens,57.200,57.200,57.200,1,3261.040,1,1,131,131
25,decode,pi: in.slot_mapping,135.170,135.170,135.170,1,3261.040,1,1,131,131
25,decode,pi: in.mrope_drift,0.740,0.740,0.740,1,3261.040,1,1,131,131
25,decode,pi: in.logits_indices,38.970,38.970,36.080,2,3261.040,1,1,131,131
25,decode,pi: prepare_inputs,93.960,995.930,995.930,1,3261.040,1,1,131,131
25,decode,pi: cascade_attn_prefix_lens,10.640,10.640,10.640,1,3261.040,1,1,131,131
25,decode,pi: batch_exec_and_padding,48.310,48.310,48.310,1,3261.040,1,1,131,131
25,decode,pi: ubatch_slices,1.430,1.430,1.430,1,3261.040,1,1,131,131
25,decode,pi: pad_query_start_loc,29.310,29.310,29.310,1,3261.040,1,1,131,131
25,decode,pi: am.max_seq_len,18.360,18.360,18.360,1,3261.040,1,1,131,131
25,decode,pi: am.cm_base_pre,73.360,73.360,73.360,1,3261.040,1,1,131,131
25,decode,pi: am.build.split_decodes,9.710,9.710,9.710,1,3261.040,1,1,131,131
25,decode,pi: am.build.seq_lens_select,7.940,7.940,7.940,1,3261.040,1,1,131,131
25,decode,pi: am.build.attn_mask,1.270,1.270,1.270,1,3261.040,1,1,131,131
25,decode,pi: am.build.qsl_h2d,33.550,33.550,33.550,1,3261.040,1,1,131,131
25,decode,pi: am.build.tolist,9.620,9.620,9.620,1,3261.040,1,1,131,131
25,decode,pi: am.build.fia_pad,2.350,2.350,2.350,1,3261.040,1,1,131,131
25,decode,pi: am.build.backend_metadata,15.290,15.290,15.290,1,3261.040,1,1,131,131
25,decode,pi: am.build.metadata_ctor,6.760,6.760,6.760,1,3261.040,1,1,131,131
25,decode,pi: am.builder_build@AscendAttentionMetadataBuilder,35.920,122.410,122.410,1,3261.040,1,1,131,131
25,decode,pi: am.builder_build,13.900,1243.770,394.650,4,3261.040,1,1,131,131
25,decode,pi: am.layer_assign,6.930,6.930,1.910,4,3261.040,1,1,131,131
25,decode,pi: am.group_loop,88.940,1339.640,418.900,4,3261.040,1,1,131,131
25,decode,pi: gdnb.treat_single_token,166.920,166.920,58.590,3,3261.040,1,1,131,131
25,decode,pi: gdnb.compute_num_computed_tokens,130.390,130.390,46.560,3,3261.040,1,1,131,131
25,decode,pi: gdnb.mamba_block_table,5.070,5.070,1.800,3,3261.040,1,1,131,131
25,decode,pi: gdnb.split_decodes,117.500,117.500,41.440,3,3261.040,1,1,131,131
25,decode,pi: gdnb.pad_graph_inputs,285.830,285.830,101.690,3,3261.040,1,1,131,131
25,decode,pi: gdnb.ctor,20.130,20.130,7.660,3,3261.040,1,1,131,131
25,decode,pi: gdnb.attach_prefill,2.700,2.700,1.010,3,3261.040,1,1,131,131
25,decode,pi: gdnb.attach_spec,2.500,2.500,0.880,3,3261.040,1,1,131,131
25,decode,pi: gdnb.build_actual_seq_lengths,163.600,163.600,55.790,3,3261.040,1,1,131,131
25,decode,pi: gdnb.attach_decode,39.630,203.230,68.570,3,3261.040,1,1,131,131
25,decode,pi: am.builder_build@AscendGDNAttentionMetadataBuilder,173.190,1107.460,391.580,3,3261.040,1,1,131,131
25,decode,pi: build_attention_metadata,280.000,1711.360,1711.360,1,3261.040,1,1,131,131
25,decode,pi: sanitize_placeholder_ids,1.050,1.050,1.050,1,3261.040,1,1,131,131
25,decode,pi: sync_input_prep,128.720,3073.680,3073.680,1,3261.040,1,1,131,131
25,decode,pi: TOTAL,3261.040,3261.040,3261.040,1,3261.040,1,1,131,131
26,decode,pi: update_states,98.740,98.740,98.740,1,3251.040,1,1,131,131
26,decode,pi: tokens_list,1.100,1.100,1.100,1,3251.040,1,1,131,131
26,decode,pi: phase_classify,47.770,47.770,47.770,1,3251.040,1,1,131,131
26,decode,pi: in.block_table_commit,88.450,88.450,88.450,1,3251.040,1,1,131,131
26,decode,pi: in.req_indices,9.590,9.590,9.590,1,3251.040,1,1,131,131
26,decode,pi: in.attn_state,26.620,26.620,26.620,1,3251.040,1,1,131,131
26,decode,pi: in.positions,25.460,25.460,25.460,1,3251.040,1,1,131,131
26,decode,pi: in.prev_positions,29.720,29.720,29.720,1,3251.040,1,1,131,131
26,decode,pi: in.token_indices_select,24.560,24.560,24.560,1,3251.040,1,1,131,131
26,decode,pi: in.query_start_loc,26.240,26.240,26.240,1,3251.040,1,1,131,131
26,decode,pi: in.optimistic_seq_lens,49.170,49.170,49.170,1,3251.040,1,1,131,131
26,decode,pi: in.prepare_input_ids,66.650,66.650,66.650,1,3251.040,1,1,131,131
26,decode,pi: in.mrope_positions,39.060,39.060,39.060,1,3251.040,1,1,131,131
26,decode,pi: in.discard_mask,58.630,58.630,58.630,1,3251.040,1,1,131,131
26,decode,pi: in.num_accepted_tokens,14.330,14.330,14.330,1,3251.040,1,1,131,131
26,decode,pi: in.num_computed_tokens,18.090,18.090,18.090,1,3251.040,1,1,131,131
26,decode,pi: in.tokens_to_gpu,62.030,62.030,62.030,1,3251.040,1,1,131,131
26,decode,pi: in.positions_assembly,108.680,108.680,108.680,1,3251.040,1,1,131,131
26,decode,pi: in.seq_lens,55.270,55.270,55.270,1,3251.040,1,1,131,131
26,decode,pi: in.slot_mapping,136.350,136.350,136.350,1,3251.040,1,1,131,131
26,decode,pi: in.mrope_drift,0.720,0.720,0.720,1,3251.040,1,1,131,131
26,decode,pi: in.logits_indices,38.740,38.740,36.390,2,3251.040,1,1,131,131
26,decode,pi: prepare_inputs,93.160,971.520,971.520,1,3251.040,1,1,131,131
26,decode,pi: cascade_attn_prefix_lens,10.880,10.880,10.880,1,3251.040,1,1,131,131
26,decode,pi: batch_exec_and_padding,49.250,49.250,49.250,1,3251.040,1,1,131,131
26,decode,pi: ubatch_slices,1.410,1.410,1.410,1,3251.040,1,1,131,131
26,decode,pi: pad_query_start_loc,29.260,29.260,29.260,1,3251.040,1,1,131,131
26,decode,pi: am.max_seq_len,17.920,17.920,17.920,1,3251.040,1,1,131,131
26,decode,pi: am.cm_base_pre,74.640,74.640,74.640,1,3251.040,1,1,131,131
26,decode,pi: am.build.split_decodes,9.030,9.030,9.030,1,3251.040,1,1,131,131
26,decode,pi: am.build.seq_lens_select,8.140,8.140,8.140,1,3251.040,1,1,131,131
26,decode,pi: am.build.attn_mask,1.200,1.200,1.200,1,3251.040,1,1,131,131
26,decode,pi: am.build.qsl_h2d,32.300,32.300,32.300,1,3251.040,1,1,131,131
26,decode,pi: am.build.tolist,9.130,9.130,9.130,1,3251.040,1,1,131,131
26,decode,pi: am.build.fia_pad,1.640,1.640,1.640,1,3251.040,1,1,131,131
26,decode,pi: am.build.backend_metadata,14.270,14.270,14.270,1,3251.040,1,1,131,131
26,decode,pi: am.build.metadata_ctor,6.250,6.250,6.250,1,3251.040,1,1,131,131
26,decode,pi: am.builder_build@AscendAttentionMetadataBuilder,36.290,118.250,118.250,1,3251.040,1,1,131,131
26,decode,pi: am.builder_build,13.580,1253.390,390.750,4,3251.040,1,1,131,131
26,decode,pi: am.layer_assign,7.010,7.010,1.950,4,3251.040,1,1,131,131
26,decode,pi: am.group_loop,87.350,1347.750,414.290,4,3251.040,1,1,131,131
26,decode,pi: gdnb.treat_single_token,166.720,166.720,59.280,3,3251.040,1,1,131,131
26,decode,pi: gdnb.compute_num_computed_tokens,124.960,124.960,42.810,3,3251.040,1,1,131,131
26,decode,pi: gdnb.mamba_block_table,5.200,5.200,2.000,3,3251.040,1,1,131,131
26,decode,pi: gdnb.split_decodes,118.820,118.820,41.400,3,3251.040,1,1,131,131
26,decode,pi: gdnb.pad_graph_inputs,305.030,305.030,110.050,3,3251.040,1,1,131,131
26,decode,pi: gdnb.ctor,21.450,21.450,8.050,3,3251.040,1,1,131,131
26,decode,pi: gdnb.attach_prefill,2.740,2.740,1.100,3,3251.040,1,1,131,131
26,decode,pi: gdnb.attach_spec,2.520,2.520,0.910,3,3251.040,1,1,131,131
26,decode,pi: gdnb.build_actual_seq_lengths,162.990,162.990,55.890,3,3251.040,1,1,131,131
26,decode,pi: gdnb.attach_decode,39.770,202.760,69.070,3,3251.040,1,1,131,131
26,decode,pi: am.builder_build@AscendGDNAttentionMetadataBuilder,171.360,1121.560,387.550,3,3251.040,1,1,131,131
26,decode,pi: build_attention_metadata,279.180,1719.490,1719.490,1,3251.040,1,1,131,131
26,decode,pi: sanitize_placeholder_ids,1.020,1.020,1.020,1,3251.040,1,1,131,131
26,decode,pi: sync_input_prep,128.920,3059.360,3059.360,1,3251.040,1,1,131,131
26,decode,pi: TOTAL,3251.040,3251.040,3251.040,1,3251.040,1,1,131,131
27,decode,pi: update_states,99.990,99.990,99.990,1,3263.780,1,1,131,131
27,decode,pi: tokens_list,1.120,1.120,1.120,1,3263.780,1,1,131,131
27,decode,pi: phase_classify,48.280,48.280,48.280,1,3263.780,1,1,131,131
27,decode,pi: in.block_table_commit,86.260,86.260,86.260,1,3263.780,1,1,131,131
27,decode,pi: in.req_indices,9.430,9.430,9.430,1,3263.780,1,1,131,131
27,decode,pi: in.attn_state,26.880,26.880,26.880,1,3263.780,1,1,131,131
27,decode,pi: in.positions,25.980,25.980,25.980,1,3263.780,1,1,131,131
27,decode,pi: in.prev_positions,28.870,28.870,28.870,1,3263.780,1,1,131,131
27,decode,pi: in.token_indices_select,25.040,25.040,25.040,1,3263.780,1,1,131,131
27,decode,pi: in.query_start_loc,27.700,27.700,27.700,1,3263.780,1,1,131,131
27,decode,pi: in.optimistic_seq_lens,48.820,48.820,48.820,1,3263.780,1,1,131,131
27,decode,pi: in.prepare_input_ids,66.240,66.240,66.240,1,3263.780,1,1,131,131
27,decode,pi: in.mrope_positions,39.320,39.320,39.320,1,3263.780,1,1,131,131
27,decode,pi: in.discard_mask,58.360,58.360,58.360,1,3263.780,1,1,131,131
27,decode,pi: in.num_accepted_tokens,15.000,15.000,15.000,1,3263.780,1,1,131,131
27,decode,pi: in.num_computed_tokens,18.620,18.620,18.620,1,3263.780,1,1,131,131
27,decode,pi: in.tokens_to_gpu,62.510,62.510,62.510,1,3263.780,1,1,131,131
27,decode,pi: in.positions_assembly,112.540,112.540,112.540,1,3263.780,1,1,131,131
27,decode,pi: in.seq_lens,55.660,55.660,55.660,1,3263.780,1,1,131,131
27,decode,pi: in.slot_mapping,136.150,136.150,136.150,1,3263.780,1,1,131,131
27,decode,pi: in.mrope_drift,0.750,0.750,0.750,1,3263.780,1,1,131,131
27,decode,pi: in.logits_indices,40.060,40.060,37.320,2,3263.780,1,1,131,131
27,decode,pi: prepare_inputs,93.190,977.380,977.380,1,3263.780,1,1,131,131
27,decode,pi: cascade_attn_prefix_lens,10.850,10.850,10.850,1,3263.780,1,1,131,131
27,decode,pi: batch_exec_and_padding,48.320,48.320,48.320,1,3263.780,1,1,131,131
27,decode,pi: ubatch_slices,1.460,1.460,1.460,1,3263.780,1,1,131,131
27,decode,pi: pad_query_start_loc,29.180,29.180,29.180,1,3263.780,1,1,131,131
27,decode,pi: am.max_seq_len,17.780,17.780,17.780,1,3263.780,1,1,131,131
27,decode,pi: am.cm_base_pre,75.310,75.310,75.310,1,3263.780,1,1,131,131
27,decode,pi: am.build.split_decodes,9.270,9.270,9.270,1,3263.780,1,1,131,131
27,decode,pi: am.build.seq_lens_select,7.930,7.930,7.930,1,3263.780,1,1,131,131
27,decode,pi: am.build.attn_mask,1.170,1.170,1.170,1,3263.780,1,1,131,131
27,decode,pi: am.build.qsl_h2d,32.410,32.410,32.410,1,3263.780,1,1,131,131
27,decode,pi: am.build.tolist,9.830,9.830,9.830,1,3263.780,1,1,131,131
27,decode,pi: am.build.fia_pad,1.580,1.580,1.580,1,3263.780,1,1,131,131
27,decode,pi: am.build.backend_metadata,14.790,14.790,14.790,1,3263.780,1,1,131,131
27,decode,pi: am.build.metadata_ctor,6.830,6.830,6.830,1,3263.780,1,1,131,131
27,decode,pi: am.builder_build@AscendAttentionMetadataBuilder,35.630,119.440,119.440,1,3263.780,1,1,131,131
27,decode,pi: am.builder_build,13.880,1258.280,407.130,4,3263.780,1,1,131,131
27,decode,pi: am.layer_assign,7.040,7.040,1.970,4,3263.780,1,1,131,131
27,decode,pi: am.group_loop,88.070,1353.390,431.320,4,3263.780,1,1,131,131
27,decode,pi: gdnb.treat_single_token,167.470,167.470,58.930,3,3263.780,1,1,131,131
27,decode,pi: gdnb.compute_num_computed_tokens,146.630,146.630,58.480,3,3263.780,1,1,131,131
27,decode,pi: gdnb.mamba_block_table,5.000,5.000,1.930,3,3263.780,1,1,131,131
27,decode,pi: gdnb.split_decodes,122.570,122.570,43.430,3,3263.780,1,1,131,131
27,decode,pi: gdnb.pad_graph_inputs,285.570,285.570,100.810,3,3263.780,1,1,131,131
27,decode,pi: gdnb.ctor,20.860,20.860,7.680,3,3263.780,1,1,131,131
27,decode,pi: gdnb.attach_prefill,2.570,2.570,0.940,3,3263.780,1,1,131,131
27,decode,pi: gdnb.attach_spec,2.550,2.550,0.890,3,3263.780,1,1,131,131
27,decode,pi: gdnb.build_actual_seq_lengths,161.260,161.260,54.950,3,3263.780,1,1,131,131
27,decode,pi: gdnb.attach_decode,39.710,200.970,68.690,3,3263.780,1,1,131,131
27,decode,pi: am.builder_build@AscendGDNAttentionMetadataBuilder,170.770,1124.960,403.860,3,3263.780,1,1,131,131
27,decode,pi: build_attention_metadata,278.510,1724.990,1724.990,1,3263.780,1,1,131,131
27,decode,pi: sanitize_placeholder_ids,1.300,1.300,1.300,1,3263.780,1,1,131,131
27,decode,pi: sync_input_prep,130.550,3073.420,3073.420,1,3263.780,1,1,131,131
27,decode,pi: TOTAL,3263.780,3263.780,3263.780,1,3263.780,1,1,131,131
28,decode,pi: update_states,98.350,98.350,98.350,1,3247.520,1,1,131,131
28,decode,pi: tokens_list,1.120,1.120,1.120,1,3247.520,1,1,131,131
28,decode,pi: phase_classify,47.210,47.210,47.210,1,3247.520,1,1,131,131
28,decode,pi: in.block_table_commit,89.110,89.110,89.110,1,3247.520,1,1,131,131
28,decode,pi: in.req_indices,9.640,9.640,9.640,1,3247.520,1,1,131,131
28,decode,pi: in.attn_state,26.830,26.830,26.830,1,3247.520,1,1,131,131
28,decode,pi: in.positions,24.730,24.730,24.730,1,3247.520,1,1,131,131
28,decode,pi: in.prev_positions,30.630,30.630,30.630,1,3247.520,1,1,131,131
28,decode,pi: in.token_indices_select,24.260,24.260,24.260,1,3247.520,1,1,131,131
28,decode,pi: in.query_start_loc,27.040,27.040,27.040,1,3247.520,1,1,131,131
28,decode,pi: in.optimistic_seq_lens,48.600,48.600,48.600,1,3247.520,1,1,131,131
28,decode,pi: in.prepare_input_ids,67.910,67.910,67.910,1,3247.520,1,1,131,131
28,decode,pi: in.mrope_positions,40.890,40.890,40.890,1,3247.520,1,1,131,131
28,decode,pi: in.discard_mask,59.210,59.210,59.210,1,3247.520,1,1,131,131
28,decode,pi: in.num_accepted_tokens,14.250,14.250,14.250,1,3247.520,1,1,131,131
28,decode,pi: in.num_computed_tokens,35.370,35.370,35.370,1,3247.520,1,1,131,131
28,decode,pi: in.tokens_to_gpu,61.760,61.760,61.760,1,3247.520,1,1,131,131
28,decode,pi: in.positions_assembly,109.950,109.950,109.950,1,3247.520,1,1,131,131
28,decode,pi: in.seq_lens,56.450,56.450,56.450,1,3247.520,1,1,131,131
28,decode,pi: in.slot_mapping,136.140,136.140,136.140,1,3247.520,1,1,131,131
28,decode,pi: in.mrope_drift,0.850,0.850,0.850,1,3247.520,1,1,131,131
28,decode,pi: in.logits_indices,39.450,39.450,37.030,2,3247.520,1,1,131,131
28,decode,pi: prepare_inputs,94.490,997.560,997.560,1,3247.520,1,1,131,131
28,decode,pi: cascade_attn_prefix_lens,10.590,10.590,10.590,1,3247.520,1,1,131,131
28,decode,pi: batch_exec_and_padding,48.630,48.630,48.630,1,3247.520,1,1,131,131
28,decode,pi: ubatch_slices,1.420,1.420,1.420,1,3247.520,1,1,131,131
28,decode,pi: pad_query_start_loc,29.250,29.250,29.250,1,3247.520,1,1,131,131
28,decode,pi: am.max_seq_len,18.330,18.330,18.330,1,3247.520,1,1,131,131
28,decode,pi: am.cm_base_pre,73.290,73.290,73.290,1,3247.520,1,1,131,131
28,decode,pi: am.build.split_decodes,9.350,9.350,9.350,1,3247.520,1,1,131,131
28,decode,pi: am.build.seq_lens_select,8.320,8.320,8.320,1,3247.520,1,1,131,131
28,decode,pi: am.build.attn_mask,1.190,1.190,1.190,1,3247.520,1,1,131,131
28,decode,pi: am.build.qsl_h2d,32.400,32.400,32.400,1,3247.520,1,1,131,131
28,decode,pi: am.build.tolist,9.170,9.170,9.170,1,3247.520,1,1,131,131
28,decode,pi: am.build.fia_pad,1.710,1.710,1.710,1,3247.520,1,1,131,131
28,decode,pi: am.build.backend_metadata,14.700,14.700,14.700,1,3247.520,1,1,131,131
28,decode,pi: am.build.metadata_ctor,5.960,5.960,5.960,1,3247.520,1,1,131,131
28,decode,pi: am.builder_build@AscendAttentionMetadataBuilder,35.210,118.010,118.010,1,3247.520,1,1,131,131
28,decode,pi: am.builder_build,13.610,1230.700,391.610,4,3247.520,1,1,131,131
28,decode,pi: am.layer_assign,6.880,6.880,1.900,4,3247.520,1,1,131,131
28,decode,pi: am.group_loop,89.080,1326.660,415.860,4,3247.520,1,1,131,131
28,decode,pi: gdnb.treat_single_token,164.840,164.840,57.890,3,3247.520,1,1,131,131
28,decode,pi: gdnb.compute_num_computed_tokens,127.410,127.410,44.560,3,3247.520,1,1,131,131
28,decode,pi: gdnb.mamba_block_table,5.040,5.040,1.820,3,3247.520,1,1,131,131
28,decode,pi: gdnb.split_decodes,119.690,119.690,40.980,3,3247.520,1,1,131,131
28,decode,pi: gdnb.pad_graph_inputs,284.810,284.810,101.270,3,3247.520,1,1,131,131
28,decode,pi: gdnb.ctor,20.700,20.700,7.890,3,3247.520,1,1,131,131
28,decode,pi: gdnb.attach_prefill,2.530,2.530,0.890,3,3247.520,1,1,131,131
28,decode,pi: gdnb.attach_spec,2.500,2.500,0.890,3,3247.520,1,1,131,131
28,decode,pi: gdnb.build_actual_seq_lengths,160.920,160.920,55.770,3,3247.520,1,1,131,131
28,decode,pi: gdnb.attach_decode,39.310,200.230,69.530,3,3247.520,1,1,131,131
28,decode,pi: am.builder_build@AscendGDNAttentionMetadataBuilder,171.330,1099.080,388.570,3,3247.520,1,1,131,131
28,decode,pi: build_attention_metadata,278.850,1697.130,1697.130,1,3247.520,1,1,131,131
28,decode,pi: sanitize_placeholder_ids,1.010,1.010,1.010,1,3247.520,1,1,131,131
28,decode,pi: sync_input_prep,127.430,3059.700,3059.700,1,3247.520,1,1,131,131
28,decode,pi: TOTAL,3247.520,3247.520,3247.520,1,3247.520,1,1,131,131
29,decode,pi: update_states,97.010,97.010,97.010,1,3243.340,1,1,131,131
29,decode,pi: tokens_list,0.970,0.970,0.970,1,3243.340,1,1,131,131
29,decode,pi: phase_classify,47.710,47.710,47.710,1,3243.340,1,1,131,131
29,decode,pi: in.block_table_commit,83.160,83.160,83.160,1,3243.340,1,1,131,131
29,decode,pi: in.req_indices,9.240,9.240,9.240,1,3243.340,1,1,131,131
29,decode,pi: in.attn_state,26.720,26.720,26.720,1,3243.340,1,1,131,131
29,decode,pi: in.positions,24.370,24.370,24.370,1,3243.340,1,1,131,131
29,decode,pi: in.prev_positions,30.100,30.100,30.100,1,3243.340,1,1,131,131
29,decode,pi: in.token_indices_select,24.440,24.440,24.440,1,3243.340,1,1,131,131
29,decode,pi: in.query_start_loc,27.630,27.630,27.630,1,3243.340,1,1,131,131
29,decode,pi: in.optimistic_seq_lens,49.200,49.200,49.200,1,3243.340,1,1,131,131
29,decode,pi: in.prepare_input_ids,69.100,69.100,69.100,1,3243.340,1,1,131,131
29,decode,pi: in.mrope_positions,39.740,39.740,39.740,1,3243.340,1,1,131,131
29,decode,pi: in.discard_mask,58.520,58.520,58.520,1,3243.340,1,1,131,131
29,decode,pi: in.num_accepted_tokens,14.500,14.500,14.500,1,3243.340,1,1,131,131
29,decode,pi: in.num_computed_tokens,18.050,18.050,18.050,1,3243.340,1,1,131,131
29,decode,pi: in.tokens_to_gpu,61.090,61.090,61.090,1,3243.340,1,1,131,131
29,decode,pi: in.positions_assembly,111.820,111.820,111.820,1,3243.340,1,1,131,131
29,decode,pi: in.seq_lens,56.140,56.140,56.140,1,3243.340,1,1,131,131
29,decode,pi: in.slot_mapping,133.500,133.500,133.500,1,3243.340,1,1,131,131
29,decode,pi: in.mrope_drift,0.680,0.680,0.680,1,3243.340,1,1,131,131
29,decode,pi: in.logits_indices,39.680,39.680,36.780,2,3243.340,1,1,131,131
29,decode,pi: prepare_inputs,93.420,971.100,971.100,1,3243.340,1,1,131,131
29,decode,pi: cascade_attn_prefix_lens,10.480,10.480,10.480,1,3243.340,1,1,131,131
29,decode,pi: batch_exec_and_padding,49.450,49.450,49.450,1,3243.340,1,1,131,131
29,decode,pi: ubatch_slices,1.410,1.410,1.410,1,3243.340,1,1,131,131
29,decode,pi: pad_query_start_loc,29.230,29.230,29.230,1,3243.340,1,1,131,131
29,decode,pi: am.max_seq_len,17.230,17.230,17.230,1,3243.340,1,1,131,131
29,decode,pi: am.cm_base_pre,74.570,74.570,74.570,1,3243.340,1,1,131,131
29,decode,pi: am.build.split_decodes,8.960,8.960,8.960,1,3243.340,1,1,131,131
29,decode,pi: am.build.seq_lens_select,8.450,8.450,8.450,1,3243.340,1,1,131,131
29,decode,pi: am.build.attn_mask,1.250,1.250,1.250,1,3243.340,1,1,131,131
29,decode,pi: am.build.qsl_h2d,33.180,33.180,33.180,1,3243.340,1,1,131,131
29,decode,pi: am.build.tolist,9.650,9.650,9.650,1,3243.340,1,1,131,131
29,decode,pi: am.build.fia_pad,1.800,1.800,1.800,1,3243.340,1,1,131,131
29,decode,pi: am.build.backend_metadata,15.020,15.020,15.020,1,3243.340,1,1,131,131
29,decode,pi: am.build.metadata_ctor,6.510,6.510,6.510,1,3243.340,1,1,131,131
29,decode,pi: am.builder_build@AscendAttentionMetadataBuilder,35.770,120.590,120.590,1,3243.340,1,1,131,131
29,decode,pi: am.builder_build,13.960,1248.320,396.380,4,3243.340,1,1,131,131
29,decode,pi: am.layer_assign,7.100,7.100,1.940,4,3243.340,1,1,131,131
29,decode,pi: am.group_loop,90.030,1345.450,420.720,4,3243.340,1,1,131,131
29,decode,pi: gdnb.treat_single_token,166.500,166.500,58.410,3,3243.340,1,1,131,131
29,decode,pi: gdnb.compute_num_computed_tokens,132.150,132.150,46.700,3,3243.340,1,1,131,131
29,decode,pi: gdnb.mamba_block_table,5.080,5.080,1.770,3,3243.340,1,1,131,131
29,decode,pi: gdnb.split_decodes,121.180,121.180,42.430,3,3243.340,1,1,131,131
29,decode,pi: gdnb.pad_graph_inputs,287.800,287.800,102.540,3,3243.340,1,1,131,131
29,decode,pi: gdnb.ctor,21.120,21.120,8.100,3,3243.340,1,1,131,131
29,decode,pi: gdnb.attach_prefill,2.640,2.640,0.900,3,3243.340,1,1,131,131
29,decode,pi: gdnb.attach_spec,2.600,2.600,0.910,3,3243.340,1,1,131,131
29,decode,pi: gdnb.build_actual_seq_lengths,161.670,161.670,53.960,3,3243.340,1,1,131,131
29,decode,pi: gdnb.attach_decode,40.410,202.080,67.940,3,3243.340,1,1,131,131
29,decode,pi: am.builder_build@AscendGDNAttentionMetadataBuilder,172.620,1113.770,393.020,3,3243.340,1,1,131,131
29,decode,pi: build_attention_metadata,277.930,1715.180,1715.180,1,3243.340,1,1,131,131
29,decode,pi: sanitize_placeholder_ids,1.030,1.030,1.030,1,3243.340,1,1,131,131
29,decode,pi: sync_input_prep,128.140,3051.710,3051.710,1,3243.340,1,1,131,131
29,decode,pi: TOTAL,3243.340,3243.340,3243.340,1,3243.340,1,1,131,131
30,decode,pi: update_states,101.000,101.000,101.000,1,3261.680,1,1,131,131
30,decode,pi: tokens_list,1.090,1.090,1.090,1,3261.680,1,1,131,131
30,decode,pi: phase_classify,50.740,50.740,50.740,1,3261.680,1,1,131,131
30,decode,pi: in.block_table_commit,87.180,87.180,87.180,1,3261.680,1,1,131,131
30,decode,pi: in.req_indices,9.540,9.540,9.540,1,3261.680,1,1,131,131
30,decode,pi: in.attn_state,26.330,26.330,26.330,1,3261.680,1,1,131,131
30,decode,pi: in.positions,24.770,24.770,24.770,1,3261.680,1,1,131,131
30,decode,pi: in.prev_positions,30.640,30.640,30.640,1,3261.680,1,1,131,131
30,decode,pi: in.token_indices_select,25.430,25.430,25.430,1,3261.680,1,1,131,131
30,decode,pi: in.query_start_loc,27.680,27.680,27.680,1,3261.680,1,1,131,131
30,decode,pi: in.optimistic_seq_lens,47.720,47.720,47.720,1,3261.680,1,1,131,131
30,decode,pi: in.prepare_input_ids,65.130,65.130,65.130,1,3261.680,1,1,131,131
30,decode,pi: in.mrope_positions,38.750,38.750,38.750,1,3261.680,1,1,131,131
30,decode,pi: in.discard_mask,57.540,57.540,57.540,1,3261.680,1,1,131,131
30,decode,pi: in.num_accepted_tokens,14.490,14.490,14.490,1,3261.680,1,1,131,131
30,decode,pi: in.num_computed_tokens,18.570,18.570,18.570,1,3261.680,1,1,131,131
30,decode,pi: in.tokens_to_gpu,64.670,64.670,64.670,1,3261.680,1,1,131,131
30,decode,pi: in.positions_assembly,110.320,110.320,110.320,1,3261.680,1,1,131,131
30,decode,pi: in.seq_lens,56.710,56.710,56.710,1,3261.680,1,1,131,131
30,decode,pi: in.slot_mapping,135.310,135.310,135.310,1,3261.680,1,1,131,131
30,decode,pi: in.mrope_drift,0.630,0.630,0.630,1,3261.680,1,1,131,131
30,decode,pi: in.logits_indices,39.200,39.200,36.870,2,3261.680,1,1,131,131
30,decode,pi: prepare_inputs,93.780,974.390,974.390,1,3261.680,1,1,131,131
30,decode,pi: cascade_attn_prefix_lens,10.380,10.380,10.380,1,3261.680,1,1,131,131
30,decode,pi: batch_exec_and_padding,47.860,47.860,47.860,1,3261.680,1,1,131,131
30,decode,pi: ubatch_slices,1.420,1.420,1.420,1,3261.680,1,1,131,131
30,decode,pi: pad_query_start_loc,29.980,29.980,29.980,1,3261.680,1,1,131,131
30,decode,pi: am.max_seq_len,17.580,17.580,17.580,1,3261.680,1,1,131,131
30,decode,pi: am.cm_base_pre,73.050,73.050,73.050,1,3261.680,1,1,131,131
30,decode,pi: am.build.split_decodes,9.340,9.340,9.340,1,3261.680,1,1,131,131
30,decode,pi: am.build.seq_lens_select,8.380,8.380,8.380,1,3261.680,1,1,131,131
30,decode,pi: am.build.attn_mask,1.140,1.140,1.140,1,3261.680,1,1,131,131
30,decode,pi: am.build.qsl_h2d,32.790,32.790,32.790,1,3261.680,1,1,131,131
30,decode,pi: am.build.tolist,9.860,9.860,9.860,1,3261.680,1,1,131,131
30,decode,pi: am.build.fia_pad,1.640,1.640,1.640,1,3261.680,1,1,131,131
30,decode,pi: am.build.backend_metadata,15.490,15.490,15.490,1,3261.680,1,1,131,131
30,decode,pi: am.build.metadata_ctor,6.070,6.070,6.070,1,3261.680,1,1,131,131
30,decode,pi: am.builder_build@AscendAttentionMetadataBuilder,35.430,120.140,120.140,1,3261.680,1,1,131,131
30,decode,pi: am.builder_build,13.870,1247.450,387.180,4,3261.680,1,1,131,131
30,decode,pi: am.layer_assign,6.910,6.910,1.910,4,3261.680,1,1,131,131
30,decode,pi: am.group_loop,89.770,1344.130,411.360,4,3261.680,1,1,131,131
30,decode,pi: gdnb.treat_single_token,168.690,168.690,58.640,3,3261.680,1,1,131,131
30,decode,pi: gdnb.compute_num_computed_tokens,133.170,133.170,45.540,3,3261.680,1,1,131,131
30,decode,pi: gdnb.mamba_block_table,4.980,4.980,1.730,3,3261.680,1,1,131,131
30,decode,pi: gdnb.split_decodes,122.560,122.560,41.400,3,3261.680,1,1,131,131
30,decode,pi: gdnb.pad_graph_inputs,282.820,282.820,99.790,3,3261.680,1,1,131,131
30,decode,pi: gdnb.ctor,21.050,21.050,7.840,3,3261.680,1,1,131,131
30,decode,pi: gdnb.attach_prefill,2.590,2.590,0.880,3,3261.680,1,1,131,131
30,decode,pi: gdnb.attach_spec,2.650,2.650,1.040,3,3261.680,1,1,131,131
30,decode,pi: gdnb.build_actual_seq_lengths,164.710,164.710,55.660,3,3261.680,1,1,131,131
30,decode,pi: gdnb.attach_decode,39.230,203.940,69.190,3,3261.680,1,1,131,131
30,decode,pi: am.builder_build@AscendGDNAttentionMetadataBuilder,170.990,1113.440,384.050,3,3261.680,1,1,131,131
30,decode,pi: build_attention_metadata,300.040,1734.800,1734.800,1,3261.680,1,1,131,131
30,decode,pi: sanitize_placeholder_ids,1.130,1.130,1.130,1,3261.680,1,1,131,131
30,decode,pi: sync_input_prep,122.170,3074.960,3074.960,1,3261.680,1,1,131,131
30,decode,pi: TOTAL,3261.680,3261.680,3261.680,1,3261.680,1,1,131,131
31,decode,pi: update_states,99.590,99.590,99.590,1,3255.240,1,1,131,131
31,decode,pi: tokens_list,1.030,1.030,1.030,1,3255.240,1,1,131,131
31,decode,pi: phase_classify,49.030,49.030,49.030,1,3255.240,1,1,131,131
31,decode,pi: in.block_table_commit,85.810,85.810,85.810,1,3255.240,1,1,131,131
31,decode,pi: in.req_indices,9.590,9.590,9.590,1,3255.240,1,1,131,131
31,decode,pi: in.attn_state,26.250,26.250,26.250,1,3255.240,1,1,131,131
31,decode,pi: in.positions,25.070,25.070,25.070,1,3255.240,1,1,131,131
31,decode,pi: in.prev_positions,29.040,29.040,29.040,1,3255.240,1,1,131,131
31,decode,pi: in.token_indices_select,25.120,25.120,25.120,1,3255.240,1,1,131,131
31,decode,pi: in.query_start_loc,27.620,27.620,27.620,1,3255.240,1,1,131,131
31,decode,pi: in.optimistic_seq_lens,48.630,48.630,48.630,1,3255.240,1,1,131,131
31,decode,pi: in.prepare_input_ids,65.960,65.960,65.960,1,3255.240,1,1,131,131
31,decode,pi: in.mrope_positions,38.840,38.840,38.840,1,3255.240,1,1,131,131
31,decode,pi: in.discard_mask,57.280,57.280,57.280,1,3255.240,1,1,131,131
31,decode,pi: in.num_accepted_tokens,13.600,13.600,13.600,1,3255.240,1,1,131,131
31,decode,pi: in.num_computed_tokens,18.740,18.740,18.740,1,3255.240,1,1,131,131
31,decode,pi: in.tokens_to_gpu,63.850,63.850,63.850,1,3255.240,1,1,131,131
31,decode,pi: in.positions_assembly,112.170,112.170,112.170,1,3255.240,1,1,131,131
31,decode,pi: in.seq_lens,57.520,57.520,57.520,1,3255.240,1,1,131,131
31,decode,pi: in.slot_mapping,135.850,135.850,135.850,1,3255.240,1,1,131,131
31,decode,pi: in.mrope_drift,0.650,0.650,0.650,1,3255.240,1,1,131,131
31,decode,pi: in.logits_indices,38.920,38.920,36.310,2,3255.240,1,1,131,131
31,decode,pi: prepare_inputs,93.360,973.870,973.870,1,3255.240,1,1,131,131
31,decode,pi: cascade_attn_prefix_lens,10.740,10.740,10.740,1,3255.240,1,1,131,131
31,decode,pi: batch_exec_and_padding,48.140,48.140,48.140,1,3255.240,1,1,131,131
31,decode,pi: ubatch_slices,1.440,1.440,1.440,1,3255.240,1,1,131,131
31,decode,pi: pad_query_start_loc,28.990,28.990,28.990,1,3255.240,1,1,131,131
31,decode,pi: am.max_seq_len,18.540,18.540,18.540,1,3255.240,1,1,131,131
31,decode,pi: am.cm_base_pre,73.740,73.740,73.740,1,3255.240,1,1,131,131
31,decode,pi: am.build.split_decodes,9.520,9.520,9.520,1,3255.240,1,1,131,131
31,decode,pi: am.build.seq_lens_select,8.410,8.410,8.410,1,3255.240,1,1,131,131
31,decode,pi: am.build.attn_mask,1.260,1.260,1.260,1,3255.240,1,1,131,131
31,decode,pi: am.build.qsl_h2d,49.680,49.680,49.680,1,3255.240,1,1,131,131
31,decode,pi: am.build.tolist,9.970,9.970,9.970,1,3255.240,1,1,131,131
31,decode,pi: am.build.fia_pad,1.750,1.750,1.750,1,3255.240,1,1,131,131
31,decode,pi: am.build.backend_metadata,15.460,15.460,15.460,1,3255.240,1,1,131,131
31,decode,pi: am.build.metadata_ctor,6.570,6.570,6.570,1,3255.240,1,1,131,131
31,decode,pi: am.builder_build@AscendAttentionMetadataBuilder,36.240,138.860,138.860,1,3255.240,1,1,131,131
31,decode,pi: am.builder_build,14.020,1259.300,396.220,4,3255.240,1,1,131,131
31,decode,pi: am.layer_assign,7.300,7.300,2.020,4,3255.240,1,1,131,131
31,decode,pi: am.group_loop,88.410,1355.010,420.090,4,3255.240,1,1,131,131
31,decode,pi: gdnb.treat_single_token,170.000,170.000,60.420,3,3255.240,1,1,131,131
31,decode,pi: gdnb.compute_num_computed_tokens,128.710,128.710,45.960,3,3255.240,1,1,131,131
31,decode,pi: gdnb.mamba_block_table,5.130,5.130,1.940,3,3255.240,1,1,131,131
31,decode,pi: gdnb.split_decodes,119.680,119.680,43.630,3,3255.240,1,1,131,131
31,decode,pi: gdnb.pad_graph_inputs,285.500,285.500,100.250,3,3255.240,1,1,131,131
31,decode,pi: gdnb.ctor,20.510,20.510,7.740,3,3255.240,1,1,131,131
31,decode,pi: gdnb.attach_prefill,2.740,2.740,0.980,3,3255.240,1,1,131,131
31,decode,pi: gdnb.attach_spec,2.550,2.550,0.900,3,3255.240,1,1,131,131
31,decode,pi: gdnb.build_actual_seq_lengths,161.570,161.570,55.230,3,3255.240,1,1,131,131
31,decode,pi: gdnb.attach_decode,39.080,200.650,68.950,3,3255.240,1,1,131,131
31,decode,pi: am.builder_build@AscendGDNAttentionMetadataBuilder,170.950,1106.420,393.010,3,3255.240,1,1,131,131
31,decode,pi: build_attention_metadata,280.160,1727.450,1727.450,1,3255.240,1,1,131,131
31,decode,pi: sanitize_placeholder_ids,1.060,1.060,1.060,1,3255.240,1,1,131,131
31,decode,pi: sync_input_prep,125.740,3067.080,3067.080,1,3255.240,1,1,131,131
31,decode,pi: TOTAL,3255.240,3255.240,3255.240,1,3255.240,1,1,131,131
32,decode,pi: update_states,99.440,99.440,99.440,1,3264.500,1,1,131,131
32,decode,pi: tokens_list,1.050,1.050,1.050,1,3264.500,1,1,131,131
32,decode,pi: phase_classify,48.260,48.260,48.260,1,3264.500,1,1,131,131
32,decode,pi: in.block_table_commit,85.180,85.180,85.180,1,3264.500,1,1,131,131
32,decode,pi: in.req_indices,9.150,9.150,9.150,1,3264.500,1,1,131,131
32,decode,pi: in.attn_state,26.600,26.600,26.600,1,3264.500,1,1,131,131
32,decode,pi: in.positions,24.530,24.530,24.530,1,3264.500,1,1,131,131
32,decode,pi: in.prev_positions,30.050,30.050,30.050,1,3264.500,1,1,131,131
32,decode,pi: in.token_indices_select,24.170,24.170,24.170,1,3264.500,1,1,131,131
32,decode,pi: in.query_start_loc,46.080,46.080,46.080,1,3264.500,1,1,131,131
32,decode,pi: in.optimistic_seq_lens,51.320,51.320,51.320,1,3264.500,1,1,131,131
32,decode,pi: in.prepare_input_ids,66.700,66.700,66.700,1,3264.500,1,1,131,131
32,decode,pi: in.mrope_positions,39.610,39.610,39.610,1,3264.500,1,1,131,131
32,decode,pi: in.discard_mask,58.370,58.370,58.370,1,3264.500,1,1,131,131
32,decode,pi: in.num_accepted_tokens,14.250,14.250,14.250,1,3264.500,1,1,131,131
32,decode,pi: in.num_computed_tokens,18.570,18.570,18.570,1,3264.500,1,1,131,131
32,decode,pi: in.tokens_to_gpu,61.810,61.810,61.810,1,3264.500,1,1,131,131
32,decode,pi: in.positions_assembly,111.000,111.000,111.000,1,3264.500,1,1,131,131
32,decode,pi: in.seq_lens,54.800,54.800,54.800,1,3264.500,1,1,131,131
32,decode,pi: in.slot_mapping,135.680,135.680,135.680,1,3264.500,1,1,131,131
32,decode,pi: in.mrope_drift,0.670,0.670,0.670,1,3264.500,1,1,131,131
32,decode,pi: in.logits_indices,39.930,39.930,37.630,2,3264.500,1,1,131,131
32,decode,pi: prepare_inputs,93.080,991.550,991.550,1,3264.500,1,1,131,131
32,decode,pi: cascade_attn_prefix_lens,11.070,11.070,11.070,1,3264.500,1,1,131,131
32,decode,pi: batch_exec_and_padding,48.070,48.070,48.070,1,3264.500,1,1,131,131
32,decode,pi: ubatch_slices,1.430,1.430,1.430,1,3264.500,1,1,131,131
32,decode,pi: pad_query_start_loc,29.160,29.160,29.160,1,3264.500,1,1,131,131
32,decode,pi: am.max_seq_len,18.600,18.600,18.600,1,3264.500,1,1,131,131
32,decode,pi: am.cm_base_pre,78.120,78.120,78.120,1,3264.500,1,1,131,131
32,decode,pi: am.build.split_decodes,9.170,9.170,9.170,1,3264.500,1,1,131,131
32,decode,pi: am.build.seq_lens_select,8.420,8.420,8.420,1,3264.500,1,1,131,131
32,decode,pi: am.build.attn_mask,1.190,1.190,1.190,1,3264.500,1,1,131,131
32,decode,pi: am.build.qsl_h2d,33.640,33.640,33.640,1,3264.500,1,1,131,131
32,decode,pi: am.build.tolist,9.570,9.570,9.570,1,3264.500,1,1,131,131
32,decode,pi: am.build.fia_pad,1.820,1.820,1.820,1,3264.500,1,1,131,131
32,decode,pi: am.build.backend_metadata,15.050,15.050,15.050,1,3264.500,1,1,131,131
32,decode,pi: am.build.metadata_ctor,6.210,6.210,6.210,1,3264.500,1,1,131,131
32,decode,pi: am.builder_build@AscendAttentionMetadataBuilder,35.290,120.360,120.360,1,3264.500,1,1,131,131
32,decode,pi: am.builder_build,13.850,1241.840,391.470,4,3264.500,1,1,131,131
32,decode,pi: am.layer_assign,6.620,6.620,1.840,4,3264.500,1,1,131,131
32,decode,pi: am.group_loop,87.750,1336.210,415.200,4,3264.500,1,1,131,131
32,decode,pi: gdnb.treat_single_token,166.890,166.890,59.020,3,3264.500,1,1,131,131
32,decode,pi: gdnb.compute_num_computed_tokens,127.120,127.120,44.390,3,3264.500,1,1,131,131
32,decode,pi: gdnb.mamba_block_table,5.110,5.110,1.730,3,3264.500,1,1,131,131
32,decode,pi: gdnb.split_decodes,118.910,118.910,41.010,3,3264.500,1,1,131,131
32,decode,pi: gdnb.pad_graph_inputs,289.210,289.210,103.150,3,3264.500,1,1,131,131
32,decode,pi: gdnb.ctor,21.150,21.150,7.830,3,3264.500,1,1,131,131
32,decode,pi: gdnb.attach_prefill,2.710,2.710,1.040,3,3264.500,1,1,131,131
32,decode,pi: gdnb.attach_spec,2.450,2.450,0.830,3,3264.500,1,1,131,131
32,decode,pi: gdnb.build_actual_seq_lengths,161.060,161.060,54.460,3,3264.500,1,1,131,131
32,decode,pi: gdnb.attach_decode,40.220,201.280,67.950,3,3264.500,1,1,131,131
32,decode,pi: am.builder_build@AscendGDNAttentionMetadataBuilder,172.800,1107.630,388.350,3,3264.500,1,1,131,131
32,decode,pi: build_attention_metadata,281.150,1714.080,1714.080,1,3264.500,1,1,131,131
32,decode,pi: sanitize_placeholder_ids,1.260,1.260,1.260,1,3264.500,1,1,131,131
32,decode,pi: sync_input_prep,128.700,3074.070,3074.070,1,3264.500,1,1,131,131
32,decode,pi: TOTAL,3264.500,3264.500,3264.500,1,3264.500,1,1,131,131
33,decode,pi: update_states,99.610,99.610,99.610,1,3224.650,1,1,131,131
33,decode,pi: tokens_list,1.000,1.000,1.000,1,3224.650,1,1,131,131
33,decode,pi: phase_classify,47.390,47.390,47.390,1,3224.650,1,1,131,131
33,decode,pi: in.block_table_commit,85.670,85.670,85.670,1,3224.650,1,1,131,131
33,decode,pi: in.req_indices,9.390,9.390,9.390,1,3224.650,1,1,131,131
33,decode,pi: in.attn_state,27.130,27.130,27.130,1,3224.650,1,1,131,131
33,decode,pi: in.positions,24.890,24.890,24.890,1,3224.650,1,1,131,131
33,decode,pi: in.prev_positions,29.520,29.520,29.520,1,3224.650,1,1,131,131
33,decode,pi: in.token_indices_select,25.290,25.290,25.290,1,3224.650,1,1,131,131
33,decode,pi: in.query_start_loc,26.640,26.640,26.640,1,3224.650,1,1,131,131
33,decode,pi: in.optimistic_seq_lens,48.310,48.310,48.310,1,3224.650,1,1,131,131
33,decode,pi: in.prepare_input_ids,66.190,66.190,66.190,1,3224.650,1,1,131,131
33,decode,pi: in.mrope_positions,40.900,40.900,40.900,1,3224.650,1,1,131,131
33,decode,pi: in.discard_mask,57.930,57.930,57.930,1,3224.650,1,1,131,131
33,decode,pi: in.num_accepted_tokens,13.910,13.910,13.910,1,3224.650,1,1,131,131
33,decode,pi: in.num_computed_tokens,18.660,18.660,18.660,1,3224.650,1,1,131,131
33,decode,pi: in.tokens_to_gpu,62.730,62.730,62.730,1,3224.650,1,1,131,131
33,decode,pi: in.positions_assembly,108.470,108.470,108.470,1,3224.650,1,1,131,131
33,decode,pi: in.seq_lens,54.800,54.800,54.800,1,3224.650,1,1,131,131
33,decode,pi: in.slot_mapping,135.620,135.620,135.620,1,3224.650,1,1,131,131
33,decode,pi: in.mrope_drift,0.740,0.740,0.740,1,3224.650,1,1,131,131
33,decode,pi: in.logits_indices,39.090,39.090,36.260,2,3224.650,1,1,131,131
33,decode,pi: prepare_inputs,92.340,968.220,968.220,1,3224.650,1,1,131,131
33,decode,pi: cascade_attn_prefix_lens,10.090,10.090,10.090,1,3224.650,1,1,131,131
33,decode,pi: batch_exec_and_padding,49.070,49.070,49.070,1,3224.650,1,1,131,131
33,decode,pi: ubatch_slices,1.420,1.420,1.420,1,3224.650,1,1,131,131
33,decode,pi: pad_query_start_loc,29.450,29.450,29.450,1,3224.650,1,1,131,131
33,decode,pi: am.max_seq_len,18.880,18.880,18.880,1,3224.650,1,1,131,131
33,decode,pi: am.cm_base_pre,74.750,74.750,74.750,1,3224.650,1,1,131,131
33,decode,pi: am.build.split_decodes,8.990,8.990,8.990,1,3224.650,1,1,131,131
33,decode,pi: am.build.seq_lens_select,8.230,8.230,8.230,1,3224.650,1,1,131,131
33,decode,pi: am.build.attn_mask,1.250,1.250,1.250,1,3224.650,1,1,131,131
33,decode,pi: am.build.qsl_h2d,31.760,31.760,31.760,1,3224.650,1,1,131,131
33,decode,pi: am.build.tolist,9.120,9.120,9.120,1,3224.650,1,1,131,131
33,decode,pi: am.build.fia_pad,1.730,1.730,1.730,1,3224.650,1,1,131,131
33,decode,pi: am.build.backend_metadata,14.190,14.190,14.190,1,3224.650,1,1,131,131
33,decode,pi: am.build.metadata_ctor,6.130,6.130,6.130,1,3224.650,1,1,131,131
33,decode,pi: am.builder_build@AscendAttentionMetadataBuilder,35.660,117.060,117.060,1,3224.650,1,1,131,131
33,decode,pi: am.builder_build,13.900,1228.720,392.210,4,3224.650,1,1,131,131
33,decode,pi: am.layer_assign,6.950,6.950,1.900,4,3224.650,1,1,131,131
33,decode,pi: am.group_loop,87.000,1322.670,416.100,4,3224.650,1,1,131,131
33,decode,pi: gdnb.treat_single_token,165.770,165.770,57.920,3,3224.650,1,1,131,131
33,decode,pi: gdnb.compute_num_computed_tokens,128.450,128.450,45.490,3,3224.650,1,1,131,131
33,decode,pi: gdnb.mamba_block_table,4.960,4.960,1.710,3,3224.650,1,1,131,131
33,decode,pi: gdnb.split_decodes,119.840,119.840,43.590,3,3224.650,1,1,131,131
33,decode,pi: gdnb.pad_graph_inputs,283.310,283.310,102.460,3,3224.650,1,1,131,131
33,decode,pi: gdnb.ctor,20.750,20.750,8.060,3,3224.650,1,1,131,131
33,decode,pi: gdnb.attach_prefill,2.640,2.640,0.980,3,3224.650,1,1,131,131
33,decode,pi: gdnb.attach_spec,2.480,2.480,0.910,3,3224.650,1,1,131,131
33,decode,pi: gdnb.build_actual_seq_lengths,159.260,159.260,53.530,3,3224.650,1,1,131,131
33,decode,pi: gdnb.attach_decode,39.140,198.400,66.330,3,3224.650,1,1,131,131
33,decode,pi: am.builder_build@AscendGDNAttentionMetadataBuilder,171.160,1097.760,389.130,3,3224.650,1,1,131,131
33,decode,pi: build_attention_metadata,279.240,1695.540,1695.540,1,3224.650,1,1,131,131
33,decode,pi: sanitize_placeholder_ids,1.120,1.120,1.120,1,3224.650,1,1,131,131
33,decode,pi: sync_input_prep,128.710,3031.620,3031.620,1,3224.650,1,1,131,131
33,decode,pi: TOTAL,3224.650,3224.650,3224.650,1,3224.650,1,1,131,131
34,decode,pi: update_states,98.210,98.210,98.210,1,5782.830,1,1,131,131
34,decode,pi: tokens_list,1.000,1.000,1.000,1,5782.830,1,1,131,131
34,decode,pi: phase_classify,47.260,47.260,47.260,1,5782.830,1,1,131,131
34,decode,pi: in.block_table_commit,86.250,86.250,86.250,1,5782.830,1,1,131,131
34,decode,pi: in.req_indices,9.070,9.070,9.070,1,5782.830,1,1,131,131
34,decode,pi: in.attn_state,26.220,26.220,26.220,1,5782.830,1,1,131,131
34,decode,pi: in.positions,24.750,24.750,24.750,1,5782.830,1,1,131,131
34,decode,pi: in.prev_positions,28.400,28.400,28.400,1,5782.830,1,1,131,131
34,decode,pi: in.token_indices_select,25.170,25.170,25.170,1,5782.830,1,1,131,131
34,decode,pi: in.query_start_loc,27.080,27.080,27.080,1,5782.830,1,1,131,131
34,decode,pi: in.optimistic_seq_lens,49.100,49.100,49.100,1,5782.830,1,1,131,131
34,decode,pi: in.prepare_input_ids,65.520,65.520,65.520,1,5782.830,1,1,131,131
34,decode,pi: in.mrope_positions,38.430,38.430,38.430,1,5782.830,1,1,131,131
34,decode,pi: in.discard_mask,57.360,57.360,57.360,1,5782.830,1,1,131,131
34,decode,pi: in.num_accepted_tokens,13.840,13.840,13.840,1,5782.830,1,1,131,131
34,decode,pi: in.num_computed_tokens,18.070,18.070,18.070,1,5782.830,1,1,131,131
34,decode,pi: in.tokens_to_gpu,65.530,65.530,65.530,1,5782.830,1,1,131,131
34,decode,pi: in.positions_assembly,109.820,109.820,109.820,1,5782.830,1,1,131,131
34,decode,pi: in.seq_lens,55.540,55.540,55.540,1,5782.830,1,1,131,131
34,decode,pi: in.slot_mapping,134.580,134.580,134.580,1,5782.830,1,1,131,131
34,decode,pi: in.mrope_drift,0.660,0.660,0.660,1,5782.830,1,1,131,131
34,decode,pi: in.logits_indices,37.950,37.950,35.700,2,5782.830,1,1,131,131
34,decode,pi: prepare_inputs,94.490,967.830,967.830,1,5782.830,1,1,131,131
34,decode,pi: cascade_attn_prefix_lens,11.010,11.010,11.010,1,5782.830,1,1,131,131
34,decode,pi: batch_exec_and_padding,47.760,47.760,47.760,1,5782.830,1,1,131,131
34,decode,pi: ubatch_slices,1.380,1.380,1.380,1,5782.830,1,1,131,131
34,decode,pi: pad_query_start_loc,28.850,28.850,28.850,1,5782.830,1,1,131,131
34,decode,pi: am.max_seq_len,17.830,17.830,17.830,1,5782.830,1,1,131,131
34,decode,pi: am.cm_base_pre,73.490,73.490,73.490,1,5782.830,1,1,131,131
34,decode,pi: am.build.split_decodes,9.260,9.260,9.260,1,5782.830,1,1,131,131
34,decode,pi: am.build.seq_lens_select,8.550,8.550,8.550,1,5782.830,1,1,131,131
34,decode,pi: am.build.attn_mask,1.150,1.150,1.150,1,5782.830,1,1,131,131
34,decode,pi: am.build.qsl_h2d,31.980,31.980,31.980,1,5782.830,1,1,131,131
34,decode,pi: am.build.tolist,9.620,9.620,9.620,1,5782.830,1,1,131,131
34,decode,pi: am.build.fia_pad,1.730,1.730,1.730,1,5782.830,1,1,131,131
34,decode,pi: am.build.backend_metadata,14.950,14.950,14.950,1,5782.830,1,1,131,131
34,decode,pi: am.build.metadata_ctor,6.040,6.040,6.040,1,5782.830,1,1,131,131
34,decode,pi: am.builder_build@AscendAttentionMetadataBuilder,35.530,118.810,118.810,1,5782.830,1,1,131,131
34,decode,pi: am.builder_build,14.640,3709.040,2787.660,4,5782.830,1,1,131,131
34,decode,pi: am.layer_assign,7.610,7.610,2.020,4,5782.830,1,1,131,131
34,decode,pi: am.group_loop,100.580,3817.230,2820.770,4,5782.830,1,1,131,131
34,decode,pi: gdnb.treat_single_token,193.130,193.130,76.600,3,5782.830,1,1,131,131
34,decode,pi: gdnb.compute_num_computed_tokens,141.310,141.310,52.050,3,5782.830,1,1,131,131
34,decode,pi: gdnb.mamba_block_table,5.840,5.840,2.310,3,5782.830,1,1,131,131
34,decode,pi: gdnb.split_decodes,2464.780,2464.780,2382.850,3,5782.830,1,1,131,131
34,decode,pi: gdnb.pad_graph_inputs,320.750,320.750,127.160,3,5782.830,1,1,131,131
34,decode,pi: gdnb.ctor,23.850,23.850,8.570,3,5782.830,1,1,131,131
34,decode,pi: gdnb.attach_prefill,2.840,2.840,0.990,3,5782.830,1,1,131,131
34,decode,pi: gdnb.attach_spec,2.500,2.500,0.860,3,5782.830,1,1,131,131
34,decode,pi: gdnb.build_actual_seq_lengths,174.990,174.990,63.320,3,5782.830,1,1,131,131
34,decode,pi: gdnb.attach_decode,41.770,216.760,78.200,3,5782.830,1,1,131,131
34,decode,pi: am.builder_build@AscendGDNAttentionMetadataBuilder,203.830,3575.590,2783.390,3,5782.830,1,1,131,131
34,decode,pi: build_attention_metadata,294.440,4202.990,4202.990,1,5782.830,1,1,131,131
34,decode,pi: sanitize_placeholder_ids,1.070,1.070,1.070,1,5782.830,1,1,131,131
34,decode,pi: sync_input_prep,153.910,5561.270,5561.270,1,5782.830,1,1,131,131
34,decode,pi: TOTAL,5782.830,5782.830,5782.830,1,5782.830,1,1,131,131
35,decode,pi: update_states,111.070,111.070,111.070,1,3360.960,1,1,131,131
35,decode,pi: tokens_list,1.000,1.000,1.000,1,3360.960,1,1,131,131
35,decode,pi: phase_classify,55.680,55.680,55.680,1,3360.960,1,1,131,131
35,decode,pi: in.block_table_commit,91.630,91.630,91.630,1,3360.960,1,1,131,131
35,decode,pi: in.req_indices,9.980,9.980,9.980,1,3360.960,1,1,131,131
35,decode,pi: in.attn_state,30.170,30.170,30.170,1,3360.960,1,1,131,131
35,decode,pi: in.positions,25.310,25.310,25.310,1,3360.960,1,1,131,131
35,decode,pi: in.prev_positions,30.280,30.280,30.280,1,3360.960,1,1,131,131
35,decode,pi: in.token_indices_select,28.320,28.320,28.320,1,3360.960,1,1,131,131
35,decode,pi: in.query_start_loc,27.760,27.760,27.760,1,3360.960,1,1,131,131
35,decode,pi: in.optimistic_seq_lens,51.470,51.470,51.470,1,3360.960,1,1,131,131
35,decode,pi: in.prepare_input_ids,69.430,69.430,69.430,1,3360.960,1,1,131,131
35,decode,pi: in.mrope_positions,38.710,38.710,38.710,1,3360.960,1,1,131,131
35,decode,pi: in.discard_mask,61.070,61.070,61.070,1,3360.960,1,1,131,131
35,decode,pi: in.num_accepted_tokens,14.770,14.770,14.770,1,3360.960,1,1,131,131
35,decode,pi: in.num_computed_tokens,17.700,17.700,17.700,1,3360.960,1,1,131,131
35,decode,pi: in.tokens_to_gpu,59.940,59.940,59.940,1,3360.960,1,1,131,131
35,decode,pi: in.positions_assembly,114.380,114.380,114.380,1,3360.960,1,1,131,131
35,decode,pi: in.seq_lens,56.770,56.770,56.770,1,3360.960,1,1,131,131
35,decode,pi: in.slot_mapping,157.410,157.410,157.410,1,3360.960,1,1,131,131
35,decode,pi: in.mrope_drift,0.810,0.810,0.810,1,3360.960,1,1,131,131
35,decode,pi: in.logits_indices,39.990,39.990,37.370,2,3360.960,1,1,131,131
35,decode,pi: prepare_inputs,98.470,1024.370,1024.370,1,3360.960,1,1,131,131
35,decode,pi: cascade_attn_prefix_lens,10.620,10.620,10.620,1,3360.960,1,1,131,131
35,decode,pi: batch_exec_and_padding,49.940,49.940,49.940,1,3360.960,1,1,131,131
35,decode,pi: ubatch_slices,1.460,1.460,1.460,1,3360.960,1,1,131,131
35,decode,pi: pad_query_start_loc,29.120,29.120,29.120,1,3360.960,1,1,131,131
35,decode,pi: am.max_seq_len,18.760,18.760,18.760,1,3360.960,1,1,131,131
35,decode,pi: am.cm_base_pre,78.630,78.630,78.630,1,3360.960,1,1,131,131
35,decode,pi: am.build.split_decodes,9.200,9.200,9.200,1,3360.960,1,1,131,131
35,decode,pi: am.build.seq_lens_select,8.260,8.260,8.260,1,3360.960,1,1,131,131
35,decode,pi: am.build.attn_mask,1.140,1.140,1.140,1,3360.960,1,1,131,131
35,decode,pi: am.build.qsl_h2d,36.870,36.870,36.870,1,3360.960,1,1,131,131
35,decode,pi: am.build.tolist,9.660,9.660,9.660,1,3360.960,1,1,131,131
35,decode,pi: am.build.fia_pad,1.660,1.660,1.660,1,3360.960,1,1,131,131
35,decode,pi: am.build.backend_metadata,15.300,15.300,15.300,1,3360.960,1,1,131,131
35,decode,pi: am.build.metadata_ctor,6.410,6.410,6.410,1,3360.960,1,1,131,131
35,decode,pi: am.builder_build@AscendAttentionMetadataBuilder,35.750,124.250,124.250,1,3360.960,1,1,131,131
35,decode,pi: am.builder_build,14.040,1273.470,396.670,4,3360.960,1,1,131,131
35,decode,pi: am.layer_assign,7.040,7.040,2.040,4,3360.960,1,1,131,131
35,decode,pi: am.group_loop,89.120,1369.630,420.430,4,3360.960,1,1,131,131
35,decode,pi: gdnb.treat_single_token,172.300,172.300,61.300,3,3360.960,1,1,131,131
35,decode,pi: gdnb.compute_num_computed_tokens,126.060,126.060,44.800,3,3360.960,1,1,131,131
35,decode,pi: gdnb.mamba_block_table,5.080,5.080,1.970,3,3360.960,1,1,131,131
35,decode,pi: gdnb.split_decodes,122.900,122.900,42.300,3,3360.960,1,1,131,131
35,decode,pi: gdnb.pad_graph_inputs,284.080,284.080,99.870,3,3360.960,1,1,131,131
35,decode,pi: gdnb.ctor,21.040,21.040,7.750,3,3360.960,1,1,131,131
35,decode,pi: gdnb.attach_prefill,2.670,2.670,0.980,3,3360.960,1,1,131,131
35,decode,pi: gdnb.attach_spec,2.510,2.510,0.900,3,3360.960,1,1,131,131
35,decode,pi: gdnb.build_actual_seq_lengths,183.480,183.480,73.570,3,3360.960,1,1,131,131
35,decode,pi: gdnb.attach_decode,41.080,224.560,86.830,3,3360.960,1,1,131,131
35,decode,pi: am.builder_build@AscendGDNAttentionMetadataBuilder,173.980,1135.180,393.510,3,3360.960,1,1,131,131
35,decode,pi: build_attention_metadata,281.880,1748.900,1748.900,1,3360.960,1,1,131,131
35,decode,pi: sanitize_placeholder_ids,1.110,1.110,1.110,1,3360.960,1,1,131,131
35,decode,pi: sync_input_prep,137.260,3170.530,3170.530,1,3360.960,1,1,131,131
35,decode,pi: TOTAL,3360.960,3360.960,3360.960,1,3360.960,1,1,131,131
36,decode,pi: update_states,99.090,99.090,99.090,1,3271.620,1,1,131,131
36,decode,pi: tokens_list,0.940,0.940,0.940,1,3271.620,1,1,131,131
36,decode,pi: phase_classify,48.390,48.390,48.390,1,3271.620,1,1,131,131
36,decode,pi: in.block_table_commit,85.690,85.690,85.690,1,3271.620,1,1,131,131
36,decode,pi: in.req_indices,9.290,9.290,9.290,1,3271.620,1,1,131,131
36,decode,pi: in.attn_state,26.960,26.960,26.960,1,3271.620,1,1,131,131
36,decode,pi: in.positions,25.180,25.180,25.180,1,3271.620,1,1,131,131
36,decode,pi: in.prev_positions,29.410,29.410,29.410,1,3271.620,1,1,131,131
36,decode,pi: in.token_indices_select,25.630,25.630,25.630,1,3271.620,1,1,131,131
36,decode,pi: in.query_start_loc,27.640,27.640,27.640,1,3271.620,1,1,131,131
36,decode,pi: in.optimistic_seq_lens,48.010,48.010,48.010,1,3271.620,1,1,131,131
36,decode,pi: in.prepare_input_ids,65.530,65.530,65.530,1,3271.620,1,1,131,131
36,decode,pi: in.mrope_positions,38.400,38.400,38.400,1,3271.620,1,1,131,131
36,decode,pi: in.discard_mask,58.110,58.110,58.110,1,3271.620,1,1,131,131
36,decode,pi: in.num_accepted_tokens,13.920,13.920,13.920,1,3271.620,1,1,131,131
36,decode,pi: in.num_computed_tokens,18.090,18.090,18.090,1,3271.620,1,1,131,131
36,decode,pi: in.tokens_to_gpu,62.630,62.630,62.630,1,3271.620,1,1,131,131
36,decode,pi: in.positions_assembly,110.760,110.760,110.760,1,3271.620,1,1,131,131
36,decode,pi: in.seq_lens,56.520,56.520,56.520,1,3271.620,1,1,131,131
36,decode,pi: in.slot_mapping,135.460,135.460,135.460,1,3271.620,1,1,131,131
36,decode,pi: in.mrope_drift,0.620,0.620,0.620,1,3271.620,1,1,131,131
36,decode,pi: in.logits_indices,38.220,38.220,35.900,2,3271.620,1,1,131,131
36,decode,pi: prepare_inputs,93.700,969.770,969.770,1,3271.620,1,1,131,131
36,decode,pi: cascade_attn_prefix_lens,10.880,10.880,10.880,1,3271.620,1,1,131,131
36,decode,pi: batch_exec_and_padding,48.130,48.130,48.130,1,3271.620,1,1,131,131
36,decode,pi: ubatch_slices,1.410,1.410,1.410,1,3271.620,1,1,131,131
36,decode,pi: pad_query_start_loc,28.870,28.870,28.870,1,3271.620,1,1,131,131
36,decode,pi: am.max_seq_len,17.280,17.280,17.280,1,3271.620,1,1,131,131
36,decode,pi: am.cm_base_pre,87.260,87.260,87.260,1,3271.620,1,1,131,131
36,decode,pi: am.build.split_decodes,9.540,9.540,9.540,1,3271.620,1,1,131,131
36,decode,pi: am.build.seq_lens_select,8.660,8.660,8.660,1,3271.620,1,1,131,131
36,decode,pi: am.build.attn_mask,1.230,1.230,1.230,1,3271.620,1,1,131,131
36,decode,pi: am.build.qsl_h2d,32.820,32.820,32.820,1,3271.620,1,1,131,131
36,decode,pi: am.build.tolist,9.800,9.800,9.800,1,3271.620,1,1,131,131
36,decode,pi: am.build.fia_pad,1.720,1.720,1.720,1,3271.620,1,1,131,131
36,decode,pi: am.build.backend_metadata,15.320,15.320,15.320,1,3271.620,1,1,131,131
36,decode,pi: am.build.metadata_ctor,6.290,6.290,6.290,1,3271.620,1,1,131,131
36,decode,pi: am.builder_build@AscendAttentionMetadataBuilder,35.660,121.040,121.040,1,3271.620,1,1,131,131
36,decode,pi: am.builder_build,13.340,1254.290,387.810,4,3271.620,1,1,131,131
36,decode,pi: am.layer_assign,6.930,6.930,2.010,4,3271.620,1,1,131,131
36,decode,pi: am.group_loop,90.130,1351.350,412.580,4,3271.620,1,1,131,131
36,decode,pi: gdnb.treat_single_token,166.930,166.930,57.890,3,3271.620,1,1,131,131
36,decode,pi: gdnb.compute_num_computed_tokens,134.240,134.240,45.220,3,3271.620,1,1,131,131
36,decode,pi: gdnb.mamba_block_table,5.000,5.000,1.850,3,3271.620,1,1,131,131
36,decode,pi: gdnb.split_decodes,122.280,122.280,40.890,3,3271.620,1,1,131,131
36,decode,pi: gdnb.pad_graph_inputs,286.780,286.780,100.650,3,3271.620,1,1,131,131
36,decode,pi: gdnb.ctor,21.780,21.780,8.170,3,3271.620,1,1,131,131
36,decode,pi: gdnb.attach_prefill,2.720,2.720,1.040,3,3271.620,1,1,131,131
36,decode,pi: gdnb.attach_spec,2.470,2.470,0.900,3,3271.620,1,1,131,131
36,decode,pi: gdnb.build_actual_seq_lengths,164.380,164.380,56.880,3,3271.620,1,1,131,131
36,decode,pi: gdnb.attach_decode,40.400,204.780,69.880,3,3271.620,1,1,131,131
36,decode,pi: am.builder_build@AscendGDNAttentionMetadataBuilder,172.930,1119.910,384.790,3,3271.620,1,1,131,131
36,decode,pi: build_attention_metadata,284.170,1740.060,1740.060,1,3271.620,1,1,131,131
36,decode,pi: sanitize_placeholder_ids,1.170,1.170,1.170,1,3271.620,1,1,131,131
36,decode,pi: sync_input_prep,130.530,3079.240,3079.240,1,3271.620,1,1,131,131
36,decode,pi: TOTAL,3271.620,3271.620,3271.620,1,3271.620,1,1,131,131
37,decode,pi: update_states,99.410,99.410,99.410,1,3267.340,1,1,131,131
37,decode,pi: tokens_list,0.990,0.990,0.990,1,3267.340,1,1,131,131
37,decode,pi: phase_classify,47.930,47.930,47.930,1,3267.340,1,1,131,131
37,decode,pi: in.block_table_commit,102.210,102.210,102.210,1,3267.340,1,1,131,131
37,decode,pi: in.req_indices,10.240,10.240,10.240,1,3267.340,1,1,131,131
37,decode,pi: in.attn_state,26.910,26.910,26.910,1,3267.340,1,1,131,131
37,decode,pi: in.positions,25.550,25.550,25.550,1,3267.340,1,1,131,131
37,decode,pi: in.prev_positions,29.830,29.830,29.830,1,3267.340,1,1,131,131
37,decode,pi: in.token_indices_select,25.170,25.170,25.170,1,3267.340,1,1,131,131
37,decode,pi: in.query_start_loc,25.860,25.860,25.860,1,3267.340,1,1,131,131
37,decode,pi: in.optimistic_seq_lens,49.170,49.170,49.170,1,3267.340,1,1,131,131
37,decode,pi: in.prepare_input_ids,67.070,67.070,67.070,1,3267.340,1,1,131,131
37,decode,pi: in.mrope_positions,38.260,38.260,38.260,1,3267.340,1,1,131,131
37,decode,pi: in.discard_mask,59.360,59.360,59.360,1,3267.340,1,1,131,131
37,decode,pi: in.num_accepted_tokens,14.320,14.320,14.320,1,3267.340,1,1,131,131
37,decode,pi: in.num_computed_tokens,17.540,17.540,17.540,1,3267.340,1,1,131,131
37,decode,pi: in.tokens_to_gpu,61.320,61.320,61.320,1,3267.340,1,1,131,131
37,decode,pi: in.positions_assembly,112.660,112.660,112.660,1,3267.340,1,1,131,131
37,decode,pi: in.seq_lens,55.500,55.500,55.500,1,3267.340,1,1,131,131
37,decode,pi: in.slot_mapping,135.570,135.570,135.570,1,3267.340,1,1,131,131
37,decode,pi: in.mrope_drift,0.820,0.820,0.820,1,3267.340,1,1,131,131
37,decode,pi: in.logits_indices,39.830,39.830,37.060,2,3267.340,1,1,131,131
37,decode,pi: prepare_inputs,95.010,992.200,992.200,1,3267.340,1,1,131,131
37,decode,pi: cascade_attn_prefix_lens,10.310,10.310,10.310,1,3267.340,1,1,131,131
37,decode,pi: batch_exec_and_padding,48.160,48.160,48.160,1,3267.340,1,1,131,131
37,decode,pi: ubatch_slices,1.420,1.420,1.420,1,3267.340,1,1,131,131
37,decode,pi: pad_query_start_loc,29.840,29.840,29.840,1,3267.340,1,1,131,131
37,decode,pi: am.max_seq_len,18.100,18.100,18.100,1,3267.340,1,1,131,131
37,decode,pi: am.cm_base_pre,76.450,76.450,76.450,1,3267.340,1,1,131,131
37,decode,pi: am.build.split_decodes,9.370,9.370,9.370,1,3267.340,1,1,131,131
37,decode,pi: am.build.seq_lens_select,8.430,8.430,8.430,1,3267.340,1,1,131,131
37,decode,pi: am.build.attn_mask,1.170,1.170,1.170,1,3267.340,1,1,131,131
37,decode,pi: am.build.qsl_h2d,37.990,37.990,37.990,1,3267.340,1,1,131,131
37,decode,pi: am.build.tolist,9.620,9.620,9.620,1,3267.340,1,1,131,131
37,decode,pi: am.build.fia_pad,1.770,1.770,1.770,1,3267.340,1,1,131,131
37,decode,pi: am.build.backend_metadata,15.280,15.280,15.280,1,3267.340,1,1,131,131
37,decode,pi: am.build.metadata_ctor,6.400,6.400,6.400,1,3267.340,1,1,131,131
37,decode,pi: am.builder_build@AscendAttentionMetadataBuilder,36.100,126.130,126.130,1,3267.340,1,1,131,131
37,decode,pi: am.builder_build,13.760,1246.410,392.690,4,3267.340,1,1,131,131
37,decode,pi: am.layer_assign,6.860,6.860,1.960,4,3267.340,1,1,131,131
37,decode,pi: am.group_loop,89.850,1343.120,416.730,4,3267.340,1,1,131,131
37,decode,pi: gdnb.treat_single_token,170.300,170.300,59.940,3,3267.340,1,1,131,131
37,decode,pi: gdnb.compute_num_computed_tokens,127.350,127.350,44.220,3,3267.340,1,1,131,131
37,decode,pi: gdnb.mamba_block_table,4.950,4.950,1.920,3,3267.340,1,1,131,131
37,decode,pi: gdnb.split_decodes,120.450,120.450,42.270,3,3267.340,1,1,131,131
37,decode,pi: gdnb.pad_graph_inputs,281.870,281.870,99.210,3,3267.340,1,1,131,131
37,decode,pi: gdnb.ctor,21.370,21.370,7.880,3,3267.340,1,1,131,131
37,decode,pi: gdnb.attach_prefill,2.650,2.650,0.920,3,3267.340,1,1,131,131
37,decode,pi: gdnb.attach_spec,2.520,2.520,0.910,3,3267.340,1,1,131,131
37,decode,pi: gdnb.build_actual_seq_lengths,161.430,161.430,55.250,3,3267.340,1,1,131,131
37,decode,pi: gdnb.attach_decode,39.840,201.270,69.410,3,3267.340,1,1,131,131
37,decode,pi: am.builder_build@AscendGDNAttentionMetadataBuilder,173.790,1106.520,389.560,3,3267.340,1,1,131,131
37,decode,pi: build_attention_metadata,284.670,1722.340,1722.340,1,3267.340,1,1,131,131
37,decode,pi: sanitize_placeholder_ids,1.100,1.100,1.100,1,3267.340,1,1,131,131
37,decode,pi: sync_input_prep,125.990,3079.690,3079.690,1,3267.340,1,1,131,131
37,decode,pi: TOTAL,3267.340,3267.340,3267.340,1,3267.340,1,1,131,131
38,decode,pi: update_states,97.770,97.770,97.770,1,3247.590,1,1,131,131
38,decode,pi: tokens_list,1.080,1.080,1.080,1,3247.590,1,1,131,131
38,decode,pi: phase_classify,73.340,73.340,73.340,1,3247.590,1,1,131,131
38,decode,pi: in.block_table_commit,86.720,86.720,86.720,1,3247.590,1,1,131,131
38,decode,pi: in.req_indices,9.620,9.620,9.620,1,3247.590,1,1,131,131
38,decode,pi: in.attn_state,27.150,27.150,27.150,1,3247.590,1,1,131,131
38,decode,pi: in.positions,25.380,25.380,25.380,1,3247.590,1,1,131,131
38,decode,pi: in.prev_positions,30.220,30.220,30.220,1,3247.590,1,1,131,131
38,decode,pi: in.token_indices_select,25.210,25.210,25.210,1,3247.590,1,1,131,131
38,decode,pi: in.query_start_loc,26.860,26.860,26.860,1,3247.590,1,1,131,131
38,decode,pi: in.optimistic_seq_lens,49.210,49.210,49.210,1,3247.590,1,1,131,131
38,decode,pi: in.prepare_input_ids,65.660,65.660,65.660,1,3247.590,1,1,131,131
38,decode,pi: in.mrope_positions,40.070,40.070,40.070,1,3247.590,1,1,131,131
38,decode,pi: in.discard_mask,58.070,58.070,58.070,1,3247.590,1,1,131,131
38,decode,pi: in.num_accepted_tokens,14.570,14.570,14.570,1,3247.590,1,1,131,131
38,decode,pi: in.num_computed_tokens,18.130,18.130,18.130,1,3247.590,1,1,131,131
38,decode,pi: in.tokens_to_gpu,61.650,61.650,61.650,1,3247.590,1,1,131,131
38,decode,pi: in.positions_assembly,110.560,110.560,110.560,1,3247.590,1,1,131,131
38,decode,pi: in.seq_lens,56.580,56.580,56.580,1,3247.590,1,1,131,131
38,decode,pi: in.slot_mapping,137.040,137.040,137.040,1,3247.590,1,1,131,131
38,decode,pi: in.mrope_drift,0.760,0.760,0.760,1,3247.590,1,1,131,131
38,decode,pi: in.logits_indices,38.360,38.360,35.940,2,3247.590,1,1,131,131
38,decode,pi: prepare_inputs,95.450,977.270,977.270,1,3247.590,1,1,131,131
38,decode,pi: cascade_attn_prefix_lens,10.260,10.260,10.260,1,3247.590,1,1,131,131
38,decode,pi: batch_exec_and_padding,47.790,47.790,47.790,1,3247.590,1,1,131,131
38,decode,pi: ubatch_slices,1.520,1.520,1.520,1,3247.590,1,1,131,131
38,decode,pi: pad_query_start_loc,29.210,29.210,29.210,1,3247.590,1,1,131,131
38,decode,pi: am.max_seq_len,18.290,18.290,18.290,1,3247.590,1,1,131,131
38,decode,pi: am.cm_base_pre,74.350,74.350,74.350,1,3247.590,1,1,131,131
38,decode,pi: am.build.split_decodes,9.190,9.190,9.190,1,3247.590,1,1,131,131
38,decode,pi: am.build.seq_lens_select,8.450,8.450,8.450,1,3247.590,1,1,131,131
38,decode,pi: am.build.attn_mask,1.310,1.310,1.310,1,3247.590,1,1,131,131
38,decode,pi: am.build.qsl_h2d,32.000,32.000,32.000,1,3247.590,1,1,131,131
38,decode,pi: am.build.tolist,9.790,9.790,9.790,1,3247.590,1,1,131,131
38,decode,pi: am.build.fia_pad,1.790,1.790,1.790,1,3247.590,1,1,131,131
38,decode,pi: am.build.backend_metadata,14.640,14.640,14.640,1,3247.590,1,1,131,131
38,decode,pi: am.build.metadata_ctor,6.480,6.480,6.480,1,3247.590,1,1,131,131
38,decode,pi: am.builder_build@AscendAttentionMetadataBuilder,36.410,120.060,120.060,1,3247.590,1,1,131,131
38,decode,pi: am.builder_build,13.700,1237.550,389.940,4,3247.590,1,1,131,131
38,decode,pi: am.layer_assign,6.660,6.660,1.810,4,3247.590,1,1,131,131
38,decode,pi: am.group_loop,87.590,1331.800,413.650,4,3247.590,1,1,131,131
38,decode,pi: gdnb.treat_single_token,169.210,169.210,59.260,3,3247.590,1,1,131,131
38,decode,pi: gdnb.compute_num_computed_tokens,126.270,126.270,43.240,3,3247.590,1,1,131,131
38,decode,pi: gdnb.mamba_block_table,4.970,4.970,1.720,3,3247.590,1,1,131,131
38,decode,pi: gdnb.split_decodes,118.990,118.990,40.730,3,3247.590,1,1,131,131
38,decode,pi: gdnb.pad_graph_inputs,284.260,284.260,100.590,3,3247.590,1,1,131,131
38,decode,pi: gdnb.ctor,20.750,20.750,7.620,3,3247.590,1,1,131,131
38,decode,pi: gdnb.attach_prefill,2.590,2.590,0.970,3,3247.590,1,1,131,131
38,decode,pi: gdnb.attach_spec,2.400,2.400,0.870,3,3247.590,1,1,131,131
38,decode,pi: gdnb.build_actual_seq_lengths,161.880,161.880,54.960,3,3247.590,1,1,131,131
38,decode,pi: gdnb.attach_decode,39.480,201.360,68.020,3,3247.590,1,1,131,131
38,decode,pi: am.builder_build@AscendGDNAttentionMetadataBuilder,172.990,1103.790,386.810,3,3247.590,1,1,131,131
38,decode,pi: build_attention_metadata,277.010,1701.450,1701.450,1,3247.590,1,1,131,131
38,decode,pi: sanitize_placeholder_ids,1.220,1.220,1.220,1,3247.590,1,1,131,131
38,decode,pi: sync_input_prep,100.760,3041.670,3041.670,1,3247.590,1,1,131,131
38,decode,pi: TOTAL,3247.590,3247.590,3247.590,1,3247.590,1,1,131,131
39,decode,pi: update_states,100.010,100.010,100.010,1,3282.790,1,1,131,131
39,decode,pi: tokens_list,0.940,0.940,0.940,1,3282.790,1,1,131,131
39,decode,pi: phase_classify,48.990,48.990,48.990,1,3282.790,1,1,131,131
39,decode,pi: in.block_table_commit,87.010,87.010,87.010,1,3282.790,1,1,131,131
39,decode,pi: in.req_indices,9.590,9.590,9.590,1,3282.790,1,1,131,131
39,decode,pi: in.attn_state,30.920,30.920,30.920,1,3282.790,1,1,131,131
39,decode,pi: in.positions,24.910,24.910,24.910,1,3282.790,1,1,131,131
39,decode,pi: in.prev_positions,30.270,30.270,30.270,1,3282.790,1,1,131,131
39,decode,pi: in.token_indices_select,25.430,25.430,25.430,1,3282.790,1,1,131,131
39,decode,pi: in.query_start_loc,26.970,26.970,26.970,1,3282.790,1,1,131,131
39,decode,pi: in.optimistic_seq_lens,48.490,48.490,48.490,1,3282.790,1,1,131,131
39,decode,pi: in.prepare_input_ids,66.480,66.480,66.480,1,3282.790,1,1,131,131
39,decode,pi: in.mrope_positions,39.290,39.290,39.290,1,3282.790,1,1,131,131
39,decode,pi: in.discard_mask,57.960,57.960,57.960,1,3282.790,1,1,131,131
39,decode,pi: in.num_accepted_tokens,15.830,15.830,15.830,1,3282.790,1,1,131,131
39,decode,pi: in.num_computed_tokens,19.140,19.140,19.140,1,3282.790,1,1,131,131
39,decode,pi: in.tokens_to_gpu,60.650,60.650,60.650,1,3282.790,1,1,131,131
39,decode,pi: in.positions_assembly,109.590,109.590,109.590,1,3282.790,1,1,131,131
39,decode,pi: in.seq_lens,55.630,55.630,55.630,1,3282.790,1,1,131,131
39,decode,pi: in.slot_mapping,135.000,135.000,135.000,1,3282.790,1,1,131,131
39,decode,pi: in.mrope_drift,0.820,0.820,0.820,1,3282.790,1,1,131,131
39,decode,pi: in.logits_indices,39.420,39.420,36.500,2,3282.790,1,1,131,131
39,decode,pi: prepare_inputs,95.140,978.540,978.540,1,3282.790,1,1,131,131
39,decode,pi: cascade_attn_prefix_lens,10.500,10.500,10.500,1,3282.790,1,1,131,131
39,decode,pi: batch_exec_and_padding,49.020,49.020,49.020,1,3282.790,1,1,131,131
39,decode,pi: ubatch_slices,1.410,1.410,1.410,1,3282.790,1,1,131,131
39,decode,pi: pad_query_start_loc,30.210,30.210,30.210,1,3282.790,1,1,131,131
39,decode,pi: am.max_seq_len,18.750,18.750,18.750,1,3282.790,1,1,131,131
39,decode,pi: am.cm_base_pre,73.680,73.680,73.680,1,3282.790,1,1,131,131
39,decode,pi: am.build.split_decodes,9.400,9.400,9.400,1,3282.790,1,1,131,131
39,decode,pi: am.build.seq_lens_select,8.520,8.520,8.520,1,3282.790,1,1,131,131
39,decode,pi: am.build.attn_mask,1.210,1.210,1.210,1,3282.790,1,1,131,131
39,decode,pi: am.build.qsl_h2d,33.290,33.290,33.290,1,3282.790,1,1,131,131
39,decode,pi: am.build.tolist,9.890,9.890,9.890,1,3282.790,1,1,131,131
39,decode,pi: am.build.fia_pad,1.830,1.830,1.830,1,3282.790,1,1,131,131
39,decode,pi: am.build.backend_metadata,15.410,15.410,15.410,1,3282.790,1,1,131,131
39,decode,pi: am.build.metadata_ctor,6.220,6.220,6.220,1,3282.790,1,1,131,131
39,decode,pi: am.builder_build@AscendAttentionMetadataBuilder,35.880,121.650,121.650,1,3282.790,1,1,131,131
39,decode,pi: am.builder_build,13.980,1257.710,399.970,4,3282.790,1,1,131,131
39,decode,pi: am.layer_assign,7.010,7.010,1.930,4,3282.790,1,1,131,131
39,decode,pi: am.group_loop,103.670,1368.390,438.790,4,3282.790,1,1,131,131
39,decode,pi: gdnb.treat_single_token,171.890,171.890,61.100,3,3282.790,1,1,131,131
39,decode,pi: gdnb.compute_num_computed_tokens,132.370,132.370,45.070,3,3282.790,1,1,131,131
39,decode,pi: gdnb.mamba_block_table,5.310,5.310,2.060,3,3282.790,1,1,131,131
39,decode,pi: gdnb.split_decodes,119.090,119.090,42.180,3,3282.790,1,1,131,131
39,decode,pi: gdnb.pad_graph_inputs,288.910,288.910,101.760,3,3282.790,1,1,131,131
39,decode,pi: gdnb.ctor,22.580,22.580,8.910,3,3282.790,1,1,131,131
39,decode,pi: gdnb.attach_prefill,2.930,2.930,1.230,3,3282.790,1,1,131,131
39,decode,pi: gdnb.attach_spec,2.710,2.710,1.040,3,3282.790,1,1,131,131
39,decode,pi: gdnb.build_actual_seq_lengths,161.360,161.360,54.450,3,3282.790,1,1,131,131
39,decode,pi: gdnb.attach_decode,40.240,201.600,68.160,3,3282.790,1,1,131,131
39,decode,pi: am.builder_build@AscendGDNAttentionMetadataBuilder,174.690,1122.080,396.690,3,3282.790,1,1,131,131
39,decode,pi: build_attention_metadata,283.160,1743.980,1743.980,1,3282.790,1,1,131,131
39,decode,pi: sanitize_placeholder_ids,0.980,0.980,0.980,1,3282.790,1,1,131,131
39,decode,pi: sync_input_prep,128.740,3093.320,3093.320,1,3282.790,1,1,131,131
39,decode,pi: TOTAL,3282.790,3282.790,3282.790,1,3282.790,1,1,131,131
40,decode,pi: update_states,98.840,98.840,98.840,1,3295.220,1,1,131,131
40,decode,pi: tokens_list,1.000,1.000,1.000,1,3295.220,1,1,131,131
40,decode,pi: phase_classify,48.030,48.030,48.030,1,3295.220,1,1,131,131
40,decode,pi: in.block_table_commit,89.160,89.160,89.160,1,3295.220,1,1,131,131
40,decode,pi: in.req_indices,9.430,9.430,9.430,1,3295.220,1,1,131,131
40,decode,pi: in.attn_state,26.350,26.350,26.350,1,3295.220,1,1,131,131
40,decode,pi: in.positions,24.190,24.190,24.190,1,3295.220,1,1,131,131
40,decode,pi: in.prev_positions,31.850,31.850,31.850,1,3295.220,1,1,131,131
40,decode,pi: in.token_indices_select,24.980,24.980,24.980,1,3295.220,1,1,131,131
40,decode,pi: in.query_start_loc,28.990,28.990,28.990,1,3295.220,1,1,131,131
40,decode,pi: in.optimistic_seq_lens,47.760,47.760,47.760,1,3295.220,1,1,131,131
40,decode,pi: in.prepare_input_ids,66.850,66.850,66.850,1,3295.220,1,1,131,131
40,decode,pi: in.mrope_positions,39.940,39.940,39.940,1,3295.220,1,1,131,131
40,decode,pi: in.discard_mask,59.870,59.870,59.870,1,3295.220,1,1,131,131
40,decode,pi: in.num_accepted_tokens,15.080,15.080,15.080,1,3295.220,1,1,131,131
40,decode,pi: in.num_computed_tokens,18.460,18.460,18.460,1,3295.220,1,1,131,131
40,decode,pi: in.tokens_to_gpu,65.250,65.250,65.250,1,3295.220,1,1,131,131
40,decode,pi: in.positions_assembly,111.010,111.010,111.010,1,3295.220,1,1,131,131
40,decode,pi: in.seq_lens,54.100,54.100,54.100,1,3295.220,1,1,131,131
40,decode,pi: in.slot_mapping,152.140,152.140,152.140,1,3295.220,1,1,131,131
40,decode,pi: in.mrope_drift,0.840,0.840,0.840,1,3295.220,1,1,131,131
40,decode,pi: in.logits_indices,41.280,41.280,38.830,2,3295.220,1,1,131,131
40,decode,pi: prepare_inputs,97.350,1004.880,1004.880,1,3295.220,1,1,131,131
40,decode,pi: cascade_attn_prefix_lens,11.060,11.060,11.060,1,3295.220,1,1,131,131
40,decode,pi: batch_exec_and_padding,49.290,49.290,49.290,1,3295.220,1,1,131,131
40,decode,pi: ubatch_slices,1.470,1.470,1.470,1,3295.220,1,1,131,131
40,decode,pi: pad_query_start_loc,30.440,30.440,30.440,1,3295.220,1,1,131,131
40,decode,pi: am.max_seq_len,19.380,19.380,19.380,1,3295.220,1,1,131,131
40,decode,pi: am.cm_base_pre,75.410,75.410,75.410,1,3295.220,1,1,131,131
40,decode,pi: am.build.split_decodes,9.290,9.290,9.290,1,3295.220,1,1,131,131
40,decode,pi: am.build.seq_lens_select,8.470,8.470,8.470,1,3295.220,1,1,131,131
40,decode,pi: am.build.attn_mask,1.270,1.270,1.270,1,3295.220,1,1,131,131
40,decode,pi: am.build.qsl_h2d,34.420,34.420,34.420,1,3295.220,1,1,131,131
40,decode,pi: am.build.tolist,9.770,9.770,9.770,1,3295.220,1,1,131,131
40,decode,pi: am.build.fia_pad,1.760,1.760,1.760,1,3295.220,1,1,131,131
40,decode,pi: am.build.backend_metadata,15.330,15.330,15.330,1,3295.220,1,1,131,131
40,decode,pi: am.build.metadata_ctor,6.370,6.370,6.370,1,3295.220,1,1,131,131
40,decode,pi: am.builder_build@AscendAttentionMetadataBuilder,37.480,124.160,124.160,1,3295.220,1,1,131,131
40,decode,pi: am.builder_build,13.650,1254.160,397.250,4,3295.220,1,1,131,131
40,decode,pi: am.layer_assign,7.030,7.030,1.970,4,3295.220,1,1,131,131
40,decode,pi: am.group_loop,90.080,1351.270,421.730,4,3295.220,1,1,131,131
40,decode,pi: gdnb.treat_single_token,170.000,170.000,59.100,3,3295.220,1,1,131,131
40,decode,pi: gdnb.compute_num_computed_tokens,129.690,129.690,45.100,3,3295.220,1,1,131,131
40,decode,pi: gdnb.mamba_block_table,4.860,4.860,1.760,3,3295.220,1,1,131,131
40,decode,pi: gdnb.split_decodes,121.460,121.460,42.500,3,3295.220,1,1,131,131
40,decode,pi: gdnb.pad_graph_inputs,285.950,285.950,103.370,3,3295.220,1,1,131,131
40,decode,pi: gdnb.ctor,21.280,21.280,8.490,3,3295.220,1,1,131,131
40,decode,pi: gdnb.attach_prefill,2.710,2.710,1.020,3,3295.220,1,1,131,131
40,decode,pi: gdnb.attach_spec,2.610,2.610,0.920,3,3295.220,1,1,131,131
40,decode,pi: gdnb.build_actual_seq_lengths,162.170,162.170,55.390,3,3295.220,1,1,131,131
40,decode,pi: gdnb.attach_decode,41.100,203.270,69.030,3,3295.220,1,1,131,131
40,decode,pi: am.builder_build@AscendGDNAttentionMetadataBuilder,174.520,1116.350,394.250,3,3295.220,1,1,131,131
40,decode,pi: build_attention_metadata,283.780,1729.840,1729.840,1,3295.220,1,1,131,131
40,decode,pi: sanitize_placeholder_ids,1.140,1.140,1.140,1,3295.220,1,1,131,131
40,decode,pi: sync_input_prep,132.110,3108.100,3108.100,1,3295.220,1,1,131,131
40,decode,pi: TOTAL,3295.220,3295.220,3295.220,1,3295.220,1,1,131,131
41,decode,pi: update_states,99.700,99.700,99.700,1,3242.570,1,1,131,131
41,decode,pi: tokens_list,1.050,1.050,1.050,1,3242.570,1,1,131,131
41,decode,pi: phase_classify,47.580,47.580,47.580,1,3242.570,1,1,131,131
41,decode,pi: in.block_table_commit,88.240,88.240,88.240,1,3242.570,1,1,131,131
41,decode,pi: in.req_indices,9.750,9.750,9.750,1,3242.570,1,1,131,131
41,decode,pi: in.attn_state,27.370,27.370,27.370,1,3242.570,1,1,131,131
41,decode,pi: in.positions,24.830,24.830,24.830,1,3242.570,1,1,131,131
41,decode,pi: in.prev_positions,31.650,31.650,31.650,1,3242.570,1,1,131,131
41,decode,pi: in.token_indices_select,25.420,25.420,25.420,1,3242.570,1,1,131,131
41,decode,pi: in.query_start_loc,26.500,26.500,26.500,1,3242.570,1,1,131,131
41,decode,pi: in.optimistic_seq_lens,48.460,48.460,48.460,1,3242.570,1,1,131,131
41,decode,pi: in.prepare_input_ids,67.530,67.530,67.530,1,3242.570,1,1,131,131
41,decode,pi: in.mrope_positions,38.250,38.250,38.250,1,3242.570,1,1,131,131
41,decode,pi: in.discard_mask,57.850,57.850,57.850,1,3242.570,1,1,131,131
41,decode,pi: in.num_accepted_tokens,13.720,13.720,13.720,1,3242.570,1,1,131,131
41,decode,pi: in.num_computed_tokens,17.590,17.590,17.590,1,3242.570,1,1,131,131
41,decode,pi: in.tokens_to_gpu,63.390,63.390,63.390,1,3242.570,1,1,131,131
41,decode,pi: in.positions_assembly,108.450,108.450,108.450,1,3242.570,1,1,131,131
41,decode,pi: in.seq_lens,55.810,55.810,55.810,1,3242.570,1,1,131,131
41,decode,pi: in.slot_mapping,135.310,135.310,135.310,1,3242.570,1,1,131,131
41,decode,pi: in.mrope_drift,0.750,0.750,0.750,1,3242.570,1,1,131,131
41,decode,pi: in.logits_indices,39.060,39.060,36.040,2,3242.570,1,1,131,131
41,decode,pi: prepare_inputs,94.330,974.260,974.260,1,3242.570,1,1,131,131
41,decode,pi: cascade_attn_prefix_lens,10.740,10.740,10.740,1,3242.570,1,1,131,131
41,decode,pi: batch_exec_and_padding,48.440,48.440,48.440,1,3242.570,1,1,131,131
41,decode,pi: ubatch_slices,1.350,1.350,1.350,1,3242.570,1,1,131,131
41,decode,pi: pad_query_start_loc,29.620,29.620,29.620,1,3242.570,1,1,131,131
41,decode,pi: am.max_seq_len,18.410,18.410,18.410,1,3242.570,1,1,131,131
41,decode,pi: am.cm_base_pre,74.090,74.090,74.090,1,3242.570,1,1,131,131
41,decode,pi: am.build.split_decodes,9.330,9.330,9.330,1,3242.570,1,1,131,131
41,decode,pi: am.build.seq_lens_select,8.580,8.580,8.580,1,3242.570,1,1,131,131
41,decode,pi: am.build.attn_mask,1.220,1.220,1.220,1,3242.570,1,1,131,131
41,decode,pi: am.build.qsl_h2d,35.070,35.070,35.070,1,3242.570,1,1,131,131
41,decode,pi: am.build.tolist,10.290,10.290,10.290,1,3242.570,1,1,131,131
41,decode,pi: am.build.fia_pad,1.850,1.850,1.850,1,3242.570,1,1,131,131
41,decode,pi: am.build.backend_metadata,15.650,15.650,15.650,1,3242.570,1,1,131,131
41,decode,pi: am.build.metadata_ctor,6.660,6.660,6.660,1,3242.570,1,1,131,131
41,decode,pi: am.builder_build@AscendAttentionMetadataBuilder,36.890,125.540,125.540,1,3242.570,1,1,131,131
41,decode,pi: am.builder_build,13.820,1242.880,388.350,4,3242.570,1,1,131,131
41,decode,pi: am.layer_assign,7.150,7.150,2.040,4,3242.570,1,1,131,131
41,decode,pi: am.group_loop,88.670,1338.700,412.390,4,3242.570,1,1,131,131
41,decode,pi: gdnb.treat_single_token,167.610,167.610,58.410,3,3242.570,1,1,131,131
41,decode,pi: gdnb.compute_num_computed_tokens,128.430,128.430,44.180,3,3242.570,1,1,131,131
41,decode,pi: gdnb.mamba_block_table,5.420,5.420,1.970,3,3242.570,1,1,131,131
41,decode,pi: gdnb.split_decodes,117.380,117.380,40.850,3,3242.570,1,1,131,131
41,decode,pi: gdnb.pad_graph_inputs,280.790,280.790,99.100,3,3242.570,1,1,131,131
41,decode,pi: gdnb.ctor,21.640,21.640,8.510,3,3242.570,1,1,131,131
41,decode,pi: gdnb.attach_prefill,2.600,2.600,0.930,3,3242.570,1,1,131,131
41,decode,pi: gdnb.attach_spec,2.550,2.550,0.890,3,3242.570,1,1,131,131
41,decode,pi: gdnb.build_actual_seq_lengths,162.830,162.830,56.170,3,3242.570,1,1,131,131
41,decode,pi: gdnb.attach_decode,40.150,202.980,69.560,3,3242.570,1,1,131,131
41,decode,pi: am.builder_build@AscendGDNAttentionMetadataBuilder,174.120,1103.520,385.180,3,3242.570,1,1,131,131
41,decode,pi: build_attention_metadata,282.700,1713.900,1713.900,1,3242.570,1,1,131,131
41,decode,pi: sanitize_placeholder_ids,0.990,0.990,0.990,1,3242.570,1,1,131,131
41,decode,pi: sync_input_prep,129.070,3056.700,3056.700,1,3242.570,1,1,131,131
41,decode,pi: TOTAL,3242.570,3242.570,3242.570,1,3242.570,1,1,131,131
42,decode,pi: update_states,99.300,99.300,99.300,1,3266.380,1,1,131,131
42,decode,pi: tokens_list,1.010,1.010,1.010,1,3266.380,1,1,131,131
42,decode,pi: phase_classify,70.620,70.620,70.620,1,3266.380,1,1,131,131
42,decode,pi: in.block_table_commit,85.200,85.200,85.200,1,3266.380,1,1,131,131
42,decode,pi: in.req_indices,9.980,9.980,9.980,1,3266.380,1,1,131,131
42,decode,pi: in.attn_state,27.330,27.330,27.330,1,3266.380,1,1,131,131
42,decode,pi: in.positions,25.170,25.170,25.170,1,3266.380,1,1,131,131
42,decode,pi: in.prev_positions,30.470,30.470,30.470,1,3266.380,1,1,131,131
42,decode,pi: in.token_indices_select,24.420,24.420,24.420,1,3266.380,1,1,131,131
42,decode,pi: in.query_start_loc,26.660,26.660,26.660,1,3266.380,1,1,131,131
42,decode,pi: in.optimistic_seq_lens,48.690,48.690,48.690,1,3266.380,1,1,131,131
42,decode,pi: in.prepare_input_ids,66.020,66.020,66.020,1,3266.380,1,1,131,131
42,decode,pi: in.mrope_positions,38.290,38.290,38.290,1,3266.380,1,1,131,131
42,decode,pi: in.discard_mask,57.790,57.790,57.790,1,3266.380,1,1,131,131
42,decode,pi: in.num_accepted_tokens,14.190,14.190,14.190,1,3266.380,1,1,131,131
42,decode,pi: in.num_computed_tokens,17.340,17.340,17.340,1,3266.380,1,1,131,131
42,decode,pi: in.tokens_to_gpu,63.450,63.450,63.450,1,3266.380,1,1,131,131
42,decode,pi: in.positions_assembly,112.780,112.780,112.780,1,3266.380,1,1,131,131
42,decode,pi: in.seq_lens,57.870,57.870,57.870,1,3266.380,1,1,131,131
42,decode,pi: in.slot_mapping,136.410,136.410,136.410,1,3266.380,1,1,131,131
42,decode,pi: in.mrope_drift,0.710,0.710,0.710,1,3266.380,1,1,131,131
42,decode,pi: in.logits_indices,40.570,40.570,38.210,2,3266.380,1,1,131,131
42,decode,pi: prepare_inputs,94.780,978.120,978.120,1,3266.380,1,1,131,131
42,decode,pi: cascade_attn_prefix_lens,10.310,10.310,10.310,1,3266.380,1,1,131,131
42,decode,pi: batch_exec_and_padding,49.010,49.010,49.010,1,3266.380,1,1,131,131
42,decode,pi: ubatch_slices,1.390,1.390,1.390,1,3266.380,1,1,131,131
42,decode,pi: pad_query_start_loc,30.600,30.600,30.600,1,3266.380,1,1,131,131
42,decode,pi: am.max_seq_len,18.750,18.750,18.750,1,3266.380,1,1,131,131
42,decode,pi: am.cm_base_pre,74.340,74.340,74.340,1,3266.380,1,1,131,131
42,decode,pi: am.build.split_decodes,9.460,9.460,9.460,1,3266.380,1,1,131,131
42,decode,pi: am.build.seq_lens_select,8.320,8.320,8.320,1,3266.380,1,1,131,131
42,decode,pi: am.build.attn_mask,1.210,1.210,1.210,1,3266.380,1,1,131,131
42,decode,pi: am.build.qsl_h2d,34.090,34.090,34.090,1,3266.380,1,1,131,131
42,decode,pi: am.build.tolist,9.530,9.530,9.530,1,3266.380,1,1,131,131
42,decode,pi: am.build.fia_pad,1.700,1.700,1.700,1,3266.380,1,1,131,131
42,decode,pi: am.build.backend_metadata,14.820,14.820,14.820,1,3266.380,1,1,131,131
42,decode,pi: am.build.metadata_ctor,6.170,6.170,6.170,1,3266.380,1,1,131,131
42,decode,pi: am.builder_build@AscendAttentionMetadataBuilder,36.270,121.570,121.570,1,3266.380,1,1,131,131
42,decode,pi: am.builder_build,13.350,1265.440,392.520,4,3266.380,1,1,131,131
42,decode,pi: am.layer_assign,6.630,6.630,1.770,4,3266.380,1,1,131,131
42,decode,pi: am.group_loop,88.630,1360.700,416.650,4,3266.380,1,1,131,131
42,decode,pi: gdnb.treat_single_token,168.720,168.720,59.110,3,3266.380,1,1,131,131
42,decode,pi: gdnb.compute_num_computed_tokens,128.690,128.690,44.450,3,3266.380,1,1,131,131
42,decode,pi: gdnb.mamba_block_table,5.610,5.610,2.200,3,3266.380,1,1,131,131
42,decode,pi: gdnb.split_decodes,134.290,134.290,53.050,3,3266.380,1,1,131,131
42,decode,pi: gdnb.pad_graph_inputs,287.750,287.750,99.800,3,3266.380,1,1,131,131
42,decode,pi: gdnb.ctor,21.640,21.640,8.300,3,3266.380,1,1,131,131
42,decode,pi: gdnb.attach_prefill,2.770,2.770,0.960,3,3266.380,1,1,131,131
42,decode,pi: gdnb.attach_spec,2.560,2.560,0.930,3,3266.380,1,1,131,131
42,decode,pi: gdnb.build_actual_seq_lengths,163.540,163.540,56.180,3,3266.380,1,1,131,131
42,decode,pi: gdnb.attach_decode,40.330,203.870,69.950,3,3266.380,1,1,131,131
42,decode,pi: am.builder_build@AscendGDNAttentionMetadataBuilder,174.620,1130.520,389.500,3,3266.380,1,1,131,131
42,decode,pi: build_attention_metadata,282.650,1736.440,1736.440,1,3266.380,1,1,131,131
42,decode,pi: sanitize_placeholder_ids,1.110,1.110,1.110,1,3266.380,1,1,131,131
42,decode,pi: sync_input_prep,101.070,3078.980,3078.980,1,3266.380,1,1,131,131
42,decode,pi: TOTAL,3266.380,3266.380,3266.380,1,3266.380,1,1,131,131
43,decode,pi: update_states,98.900,98.900,98.900,1,3257.560,1,1,131,131
43,decode,pi: tokens_list,1.100,1.100,1.100,1,3257.560,1,1,131,131
43,decode,pi: phase_classify,47.740,47.740,47.740,1,3257.560,1,1,131,131
43,decode,pi: in.block_table_commit,84.580,84.580,84.580,1,3257.560,1,1,131,131
43,decode,pi: in.req_indices,9.680,9.680,9.680,1,3257.560,1,1,131,131
43,decode,pi: in.attn_state,26.530,26.530,26.530,1,3257.560,1,1,131,131
43,decode,pi: in.positions,24.600,24.600,24.600,1,3257.560,1,1,131,131
43,decode,pi: in.prev_positions,31.240,31.240,31.240,1,3257.560,1,1,131,131
43,decode,pi: in.token_indices_select,24.450,24.450,24.450,1,3257.560,1,1,131,131
43,decode,pi: in.query_start_loc,26.320,26.320,26.320,1,3257.560,1,1,131,131
43,decode,pi: in.optimistic_seq_lens,49.320,49.320,49.320,1,3257.560,1,1,131,131
43,decode,pi: in.prepare_input_ids,68.190,68.190,68.190,1,3257.560,1,1,131,131
43,decode,pi: in.mrope_positions,40.430,40.430,40.430,1,3257.560,1,1,131,131
43,decode,pi: in.discard_mask,59.370,59.370,59.370,1,3257.560,1,1,131,131
43,decode,pi: in.num_accepted_tokens,14.170,14.170,14.170,1,3257.560,1,1,131,131
43,decode,pi: in.num_computed_tokens,18.080,18.080,18.080,1,3257.560,1,1,131,131
43,decode,pi: in.tokens_to_gpu,66.340,66.340,66.340,1,3257.560,1,1,131,131
43,decode,pi: in.positions_assembly,111.220,111.220,111.220,1,3257.560,1,1,131,131
43,decode,pi: in.seq_lens,54.710,54.710,54.710,1,3257.560,1,1,131,131
43,decode,pi: in.slot_mapping,134.270,134.270,134.270,1,3257.560,1,1,131,131
43,decode,pi: in.mrope_drift,0.760,0.760,0.760,1,3257.560,1,1,131,131
43,decode,pi: in.logits_indices,38.640,38.640,35.950,2,3257.560,1,1,131,131
43,decode,pi: prepare_inputs,94.700,977.600,977.600,1,3257.560,1,1,131,131
43,decode,pi: cascade_attn_prefix_lens,10.720,10.720,10.720,1,3257.560,1,1,131,131
43,decode,pi: batch_exec_and_padding,48.560,48.560,48.560,1,3257.560,1,1,131,131
43,decode,pi: ubatch_slices,1.440,1.440,1.440,1,3257.560,1,1,131,131
43,decode,pi: pad_query_start_loc,28.410,28.410,28.410,1,3257.560,1,1,131,131
43,decode,pi: am.max_seq_len,17.210,17.210,17.210,1,3257.560,1,1,131,131
43,decode,pi: am.cm_base_pre,73.600,73.600,73.600,1,3257.560,1,1,131,131
43,decode,pi: am.build.split_decodes,9.240,9.240,9.240,1,3257.560,1,1,131,131
43,decode,pi: am.build.seq_lens_select,8.710,8.710,8.710,1,3257.560,1,1,131,131
43,decode,pi: am.build.attn_mask,1.300,1.300,1.300,1,3257.560,1,1,131,131
43,decode,pi: am.build.qsl_h2d,32.620,32.620,32.620,1,3257.560,1,1,131,131
43,decode,pi: am.build.tolist,9.720,9.720,9.720,1,3257.560,1,1,131,131
43,decode,pi: am.build.fia_pad,1.710,1.710,1.710,1,3257.560,1,1,131,131
43,decode,pi: am.build.backend_metadata,15.150,15.150,15.150,1,3257.560,1,1,131,131
43,decode,pi: am.build.metadata_ctor,6.100,6.100,6.100,1,3257.560,1,1,131,131
43,decode,pi: am.builder_build@AscendAttentionMetadataBuilder,35.100,119.650,119.650,1,3257.560,1,1,131,131
43,decode,pi: am.builder_build,13.460,1258.860,408.900,4,3257.560,1,1,131,131
43,decode,pi: am.layer_assign,7.040,7.040,2.140,4,3257.560,1,1,131,131
43,decode,pi: am.group_loop,89.820,1355.720,432.860,4,3257.560,1,1,131,131
43,decode,pi: gdnb.treat_single_token,167.640,167.640,59.950,3,3257.560,1,1,131,131
43,decode,pi: gdnb.compute_num_computed_tokens,133.100,133.100,46.050,3,3257.560,1,1,131,131
43,decode,pi: gdnb.mamba_block_table,5.160,5.160,1.910,3,3257.560,1,1,131,131
43,decode,pi: gdnb.split_decodes,121.050,121.050,42.190,3,3257.560,1,1,131,131
43,decode,pi: gdnb.pad_graph_inputs,279.310,279.310,98.030,3,3257.560,1,1,131,131
43,decode,pi: gdnb.ctor,21.580,21.580,8.440,3,3257.560,1,1,131,131
43,decode,pi: gdnb.attach_prefill,2.750,2.750,1.010,3,3257.560,1,1,131,131
43,decode,pi: gdnb.attach_spec,2.440,2.440,0.820,3,3257.560,1,1,131,131
43,decode,pi: gdnb.build_actual_seq_lengths,163.140,163.140,54.940,3,3257.560,1,1,131,131
43,decode,pi: gdnb.attach_decode,40.330,203.470,68.590,3,3257.560,1,1,131,131
43,decode,pi: am.builder_build@AscendGDNAttentionMetadataBuilder,189.250,1125.750,405.900,3,3257.560,1,1,131,131
43,decode,pi: build_attention_metadata,280.840,1727.370,1727.370,1,3257.560,1,1,131,131
43,decode,pi: sanitize_placeholder_ids,1.030,1.030,1.030,1,3257.560,1,1,131,131
43,decode,pi: sync_input_prep,127.160,3070.030,3070.030,1,3257.560,1,1,131,131
43,decode,pi: TOTAL,3257.560,3257.560,3257.560,1,3257.560,1,1,131,131
44,decode,pi: update_states,99.650,99.650,99.650,1,3268.470,1,1,131,131
44,decode,pi: tokens_list,0.990,0.990,0.990,1,3268.470,1,1,131,131
44,decode,pi: phase_classify,47.750,47.750,47.750,1,3268.470,1,1,131,131
44,decode,pi: in.block_table_commit,87.850,87.850,87.850,1,3268.470,1,1,131,131
44,decode,pi: in.req_indices,9.330,9.330,9.330,1,3268.470,1,1,131,131
44,decode,pi: in.attn_state,26.170,26.170,26.170,1,3268.470,1,1,131,131
44,decode,pi: in.positions,24.410,24.410,24.410,1,3268.470,1,1,131,131
44,decode,pi: in.prev_positions,29.420,29.420,29.420,1,3268.470,1,1,131,131
44,decode,pi: in.token_indices_select,24.480,24.480,24.480,1,3268.470,1,1,131,131
44,decode,pi: in.query_start_loc,27.910,27.910,27.910,1,3268.470,1,1,131,131
44,decode,pi: in.optimistic_seq_lens,49.740,49.740,49.740,1,3268.470,1,1,131,131
44,decode,pi: in.prepare_input_ids,65.430,65.430,65.430,1,3268.470,1,1,131,131
44,decode,pi: in.mrope_positions,55.370,55.370,55.370,1,3268.470,1,1,131,131
44,decode,pi: in.discard_mask,59.350,59.350,59.350,1,3268.470,1,1,131,131
44,decode,pi: in.num_accepted_tokens,15.550,15.550,15.550,1,3268.470,1,1,131,131
44,decode,pi: in.num_computed_tokens,17.860,17.860,17.860,1,3268.470,1,1,131,131
44,decode,pi: in.tokens_to_gpu,59.520,59.520,59.520,1,3268.470,1,1,131,131
44,decode,pi: in.positions_assembly,110.020,110.020,110.020,1,3268.470,1,1,131,131
44,decode,pi: in.seq_lens,56.190,56.190,56.190,1,3268.470,1,1,131,131
44,decode,pi: in.slot_mapping,136.310,136.310,136.310,1,3268.470,1,1,131,131
44,decode,pi: in.mrope_drift,0.790,0.790,0.790,1,3268.470,1,1,131,131
44,decode,pi: in.logits_indices,39.380,39.380,37.020,2,3268.470,1,1,131,131
44,decode,pi: prepare_inputs,94.760,989.840,989.840,1,3268.470,1,1,131,131
44,decode,pi: cascade_attn_prefix_lens,10.390,10.390,10.390,1,3268.470,1,1,131,131
44,decode,pi: batch_exec_and_padding,49.280,49.280,49.280,1,3268.470,1,1,131,131
44,decode,pi: ubatch_slices,1.420,1.420,1.420,1,3268.470,1,1,131,131
44,decode,pi: pad_query_start_loc,29.700,29.700,29.700,1,3268.470,1,1,131,131
44,decode,pi: am.max_seq_len,18.180,18.180,18.180,1,3268.470,1,1,131,131
44,decode,pi: am.cm_base_pre,73.800,73.800,73.800,1,3268.470,1,1,131,131
44,decode,pi: am.build.split_decodes,9.340,9.340,9.340,1,3268.470,1,1,131,131
44,decode,pi: am.build.seq_lens_select,8.700,8.700,8.700,1,3268.470,1,1,131,131
44,decode,pi: am.build.attn_mask,1.200,1.200,1.200,1,3268.470,1,1,131,131
44,decode,pi: am.build.qsl_h2d,32.520,32.520,32.520,1,3268.470,1,1,131,131
44,decode,pi: am.build.tolist,9.970,9.970,9.970,1,3268.470,1,1,131,131
44,decode,pi: am.build.fia_pad,1.850,1.850,1.850,1,3268.470,1,1,131,131
44,decode,pi: am.build.backend_metadata,15.380,15.380,15.380,1,3268.470,1,1,131,131
44,decode,pi: am.build.metadata_ctor,6.060,6.060,6.060,1,3268.470,1,1,131,131
44,decode,pi: am.builder_build@AscendAttentionMetadataBuilder,35.550,120.570,120.570,1,3268.470,1,1,131,131
44,decode,pi: am.builder_build,13.770,1250.930,395.430,4,3268.470,1,1,131,131
44,decode,pi: am.layer_assign,7.000,7.000,1.850,4,3268.470,1,1,131,131
44,decode,pi: am.group_loop,89.780,1347.710,419.930,4,3268.470,1,1,131,131
44,decode,pi: gdnb.treat_single_token,170.100,170.100,60.670,3,3268.470,1,1,131,131
44,decode,pi: gdnb.compute_num_computed_tokens,131.300,131.300,45.130,3,3268.470,1,1,131,131
44,decode,pi: gdnb.mamba_block_table,4.890,4.890,1.780,3,3268.470,1,1,131,131
44,decode,pi: gdnb.split_decodes,120.800,120.800,41.710,3,3268.470,1,1,131,131
44,decode,pi: gdnb.pad_graph_inputs,285.920,285.920,101.380,3,3268.470,1,1,131,131
44,decode,pi: gdnb.ctor,21.060,21.060,8.040,3,3268.470,1,1,131,131
44,decode,pi: gdnb.attach_prefill,2.660,2.660,1.010,3,3268.470,1,1,131,131
44,decode,pi: gdnb.attach_spec,2.510,2.510,0.920,3,3268.470,1,1,131,131
44,decode,pi: gdnb.build_actual_seq_lengths,162.270,162.270,55.550,3,3268.470,1,1,131,131
44,decode,pi: gdnb.attach_decode,39.540,201.810,68.390,3,3268.470,1,1,131,131
44,decode,pi: am.builder_build@AscendGDNAttentionMetadataBuilder,175.540,1116.590,392.260,3,3268.470,1,1,131,131
44,decode,pi: build_attention_metadata,282.110,1721.800,1721.800,1,3268.470,1,1,131,131
44,decode,pi: sanitize_placeholder_ids,1.050,1.050,1.050,1,3268.470,1,1,131,131
44,decode,pi: sync_input_prep,129.000,3080.870,3080.870,1,3268.470,1,1,131,131
44,decode,pi: TOTAL,3268.470,3268.470,3268.470,1,3268.470,1,1,131,131
45,decode,pi: update_states,98.290,98.290,98.290,1,3228.100,1,1,131,131
45,decode,pi: tokens_list,1.070,1.070,1.070,1,3228.100,1,1,131,131
45,decode,pi: phase_classify,47.490,47.490,47.490,1,3228.100,1,1,131,131
45,decode,pi: in.block_table_commit,85.250,85.250,85.250,1,3228.100,1,1,131,131
45,decode,pi: in.req_indices,9.020,9.020,9.020,1,3228.100,1,1,131,131
45,decode,pi: in.attn_state,26.390,26.390,26.390,1,3228.100,1,1,131,131
45,decode,pi: in.positions,24.470,24.470,24.470,1,3228.100,1,1,131,131
45,decode,pi: in.prev_positions,29.820,29.820,29.820,1,3228.100,1,1,131,131
45,decode,pi: in.token_indices_select,24.460,24.460,24.460,1,3228.100,1,1,131,131
45,decode,pi: in.query_start_loc,26.760,26.760,26.760,1,3228.100,1,1,131,131
45,decode,pi: in.optimistic_seq_lens,48.540,48.540,48.540,1,3228.100,1,1,131,131
45,decode,pi: in.prepare_input_ids,65.510,65.510,65.510,1,3228.100,1,1,131,131
45,decode,pi: in.mrope_positions,38.660,38.660,38.660,1,3228.100,1,1,131,131
45,decode,pi: in.discard_mask,57.880,57.880,57.880,1,3228.100,1,1,131,131
45,decode,pi: in.num_accepted_tokens,13.660,13.660,13.660,1,3228.100,1,1,131,131
45,decode,pi: in.num_computed_tokens,18.220,18.220,18.220,1,3228.100,1,1,131,131
45,decode,pi: in.tokens_to_gpu,63.400,63.400,63.400,1,3228.100,1,1,131,131
45,decode,pi: in.positions_assembly,110.740,110.740,110.740,1,3228.100,1,1,131,131
45,decode,pi: in.seq_lens,57.680,57.680,57.680,1,3228.100,1,1,131,131
45,decode,pi: in.slot_mapping,135.710,135.710,135.710,1,3228.100,1,1,131,131
45,decode,pi: in.mrope_drift,0.800,0.800,0.800,1,3228.100,1,1,131,131
45,decode,pi: in.logits_indices,40.170,40.170,37.520,2,3228.100,1,1,131,131
45,decode,pi: prepare_inputs,94.520,971.660,971.660,1,3228.100,1,1,131,131
45,decode,pi: cascade_attn_prefix_lens,10.380,10.380,10.380,1,3228.100,1,1,131,131
45,decode,pi: batch_exec_and_padding,48.930,48.930,48.930,1,3228.100,1,1,131,131
45,decode,pi: ubatch_slices,1.410,1.410,1.410,1,3228.100,1,1,131,131
45,decode,pi: pad_query_start_loc,29.700,29.700,29.700,1,3228.100,1,1,131,131
45,decode,pi: am.max_seq_len,18.430,18.430,18.430,1,3228.100,1,1,131,131
45,decode,pi: am.cm_base_pre,74.270,74.270,74.270,1,3228.100,1,1,131,131
45,decode,pi: am.build.split_decodes,9.270,9.270,9.270,1,3228.100,1,1,131,131
45,decode,pi: am.build.seq_lens_select,8.620,8.620,8.620,1,3228.100,1,1,131,131
45,decode,pi: am.build.attn_mask,1.220,1.220,1.220,1,3228.100,1,1,131,131
45,decode,pi: am.build.qsl_h2d,33.590,33.590,33.590,1,3228.100,1,1,131,131
45,decode,pi: am.build.tolist,9.520,9.520,9.520,1,3228.100,1,1,131,131
45,decode,pi: am.build.fia_pad,1.660,1.660,1.660,1,3228.100,1,1,131,131
45,decode,pi: am.build.backend_metadata,14.970,14.970,14.970,1,3228.100,1,1,131,131
45,decode,pi: am.build.metadata_ctor,6.320,6.320,6.320,1,3228.100,1,1,131,131
45,decode,pi: am.builder_build@AscendAttentionMetadataBuilder,35.870,121.040,121.040,1,3228.100,1,1,131,131
45,decode,pi: am.builder_build,13.760,1226.650,390.470,4,3228.100,1,1,131,131
45,decode,pi: am.layer_assign,7.080,7.080,2.030,4,3228.100,1,1,131,131
45,decode,pi: am.group_loop,89.620,1323.350,414.500,4,3228.100,1,1,131,131
45,decode,pi: gdnb.treat_single_token,164.570,164.570,58.220,3,3228.100,1,1,131,131
45,decode,pi: gdnb.compute_num_computed_tokens,123.950,123.950,42.450,3,3228.100,1,1,131,131
45,decode,pi: gdnb.mamba_block_table,4.860,4.860,1.710,3,3228.100,1,1,131,131
45,decode,pi: gdnb.split_decodes,118.850,118.850,43.100,3,3228.100,1,1,131,131
45,decode,pi: gdnb.pad_graph_inputs,278.570,278.570,100.810,3,3228.100,1,1,131,131
45,decode,pi: gdnb.ctor,21.620,21.620,8.490,3,3228.100,1,1,131,131
45,decode,pi: gdnb.attach_prefill,2.540,2.540,0.930,3,3228.100,1,1,131,131
45,decode,pi: gdnb.attach_spec,2.480,2.480,0.900,3,3228.100,1,1,131,131
45,decode,pi: gdnb.build_actual_seq_lengths,160.670,160.670,54.110,3,3228.100,1,1,131,131
45,decode,pi: gdnb.attach_decode,40.220,200.890,67.270,3,3228.100,1,1,131,131
45,decode,pi: am.builder_build@AscendGDNAttentionMetadataBuilder,173.520,1091.850,387.480,3,3228.100,1,1,131,131
45,decode,pi: build_attention_metadata,280.830,1696.880,1696.880,1,3228.100,1,1,131,131
45,decode,pi: sanitize_placeholder_ids,1.070,1.070,1.070,1,3228.100,1,1,131,131
45,decode,pi: sync_input_prep,130.510,3037.390,3037.390,1,3228.100,1,1,131,131
45,decode,pi: TOTAL,3228.100,3228.100,3228.100,1,3228.100,1,1,131,131
46,decode,pi: update_states,98.830,98.830,98.830,1,3265.830,1,1,131,131
46,decode,pi: tokens_list,0.970,0.970,0.970,1,3265.830,1,1,131,131
46,decode,pi: phase_classify,48.020,48.020,48.020,1,3265.830,1,1,131,131
46,decode,pi: in.block_table_commit,89.350,89.350,89.350,1,3265.830,1,1,131,131
46,decode,pi: in.req_indices,9.500,9.500,9.500,1,3265.830,1,1,131,131
46,decode,pi: in.attn_state,26.670,26.670,26.670,1,3265.830,1,1,131,131
46,decode,pi: in.positions,24.760,24.760,24.760,1,3265.830,1,1,131,131
46,decode,pi: in.prev_positions,29.870,29.870,29.870,1,3265.830,1,1,131,131
46,decode,pi: in.token_indices_select,24.890,24.890,24.890,1,3265.830,1,1,131,131
46,decode,pi: in.query_start_loc,26.610,26.610,26.610,1,3265.830,1,1,131,131
46,decode,pi: in.optimistic_seq_lens,49.750,49.750,49.750,1,3265.830,1,1,131,131
46,decode,pi: in.prepare_input_ids,65.850,65.850,65.850,1,3265.830,1,1,131,131
46,decode,pi: in.mrope_positions,38.040,38.040,38.040,1,3265.830,1,1,131,131
46,decode,pi: in.discard_mask,58.310,58.310,58.310,1,3265.830,1,1,131,131
46,decode,pi: in.num_accepted_tokens,14.050,14.050,14.050,1,3265.830,1,1,131,131
46,decode,pi: in.num_computed_tokens,18.130,18.130,18.130,1,3265.830,1,1,131,131
46,decode,pi: in.tokens_to_gpu,64.300,64.300,64.300,1,3265.830,1,1,131,131
46,decode,pi: in.positions_assembly,109.090,109.090,109.090,1,3265.830,1,1,131,131
46,decode,pi: in.seq_lens,54.350,54.350,54.350,1,3265.830,1,1,131,131
46,decode,pi: in.slot_mapping,135.400,135.400,135.400,1,3265.830,1,1,131,131
46,decode,pi: in.mrope_drift,0.760,0.760,0.760,1,3265.830,1,1,131,131
46,decode,pi: in.logits_indices,38.540,38.540,36.210,2,3265.830,1,1,131,131
46,decode,pi: prepare_inputs,93.900,972.120,972.120,1,3265.830,1,1,131,131
46,decode,pi: cascade_attn_prefix_lens,10.680,10.680,10.680,1,3265.830,1,1,131,131
46,decode,pi: batch_exec_and_padding,48.140,48.140,48.140,1,3265.830,1,1,131,131
46,decode,pi: ubatch_slices,1.470,1.470,1.470,1,3265.830,1,1,131,131
46,decode,pi: pad_query_start_loc,29.050,29.050,29.050,1,3265.830,1,1,131,131
46,decode,pi: am.max_seq_len,17.730,17.730,17.730,1,3265.830,1,1,131,131
46,decode,pi: am.cm_base_pre,73.870,73.870,73.870,1,3265.830,1,1,131,131
46,decode,pi: am.build.split_decodes,9.370,9.370,9.370,1,3265.830,1,1,131,131
46,decode,pi: am.build.seq_lens_select,8.380,8.380,8.380,1,3265.830,1,1,131,131
46,decode,pi: am.build.attn_mask,1.290,1.290,1.290,1,3265.830,1,1,131,131
46,decode,pi: am.build.qsl_h2d,31.720,31.720,31.720,1,3265.830,1,1,131,131
46,decode,pi: am.build.tolist,9.310,9.310,9.310,1,3265.830,1,1,131,131
46,decode,pi: am.build.fia_pad,1.670,1.670,1.670,1,3265.830,1,1,131,131
46,decode,pi: am.build.backend_metadata,14.550,14.550,14.550,1,3265.830,1,1,131,131
46,decode,pi: am.build.metadata_ctor,6.170,6.170,6.170,1,3265.830,1,1,131,131
46,decode,pi: am.builder_build@AscendAttentionMetadataBuilder,35.780,118.240,118.240,1,3265.830,1,1,131,131
46,decode,pi: am.builder_build,13.910,1263.790,391.790,4,3265.830,1,1,131,131
46,decode,pi: am.layer_assign,6.850,6.850,1.980,4,3265.830,1,1,131,131
46,decode,pi: am.group_loop,90.210,1360.850,416.090,4,3265.830,1,1,131,131
46,decode,pi: gdnb.treat_single_token,171.100,171.100,59.550,3,3265.830,1,1,131,131
46,decode,pi: gdnb.compute_num_computed_tokens,130.680,130.680,44.780,3,3265.830,1,1,131,131
46,decode,pi: gdnb.mamba_block_table,5.030,5.030,1.760,3,3265.830,1,1,131,131
46,decode,pi: gdnb.split_decodes,120.050,120.050,41.540,3,3265.830,1,1,131,131
46,decode,pi: gdnb.pad_graph_inputs,284.810,284.810,100.940,3,3265.830,1,1,131,131
46,decode,pi: gdnb.ctor,21.640,21.640,8.110,3,3265.830,1,1,131,131
46,decode,pi: gdnb.attach_prefill,2.630,2.630,0.960,3,3265.830,1,1,131,131
46,decode,pi: gdnb.attach_spec,2.540,2.540,0.960,3,3265.830,1,1,131,131
46,decode,pi: gdnb.build_actual_seq_lengths,164.540,164.540,56.440,3,3265.830,1,1,131,131
46,decode,pi: gdnb.attach_decode,41.090,205.630,69.540,3,3265.830,1,1,131,131
46,decode,pi: am.builder_build@AscendGDNAttentionMetadataBuilder,187.530,1131.640,388.670,3,3265.830,1,1,131,131
46,decode,pi: build_attention_metadata,281.420,1733.870,1733.870,1,3265.830,1,1,131,131
46,decode,pi: sanitize_placeholder_ids,1.170,1.170,1.170,1,3265.830,1,1,131,131
46,decode,pi: sync_input_prep,129.010,3073.330,3073.330,1,3265.830,1,1,131,131
46,decode,pi: TOTAL,3265.830,3265.830,3265.830,1,3265.830,1,1,131,131
47,decode,pi: update_states,99.140,99.140,99.140,1,3255.490,1,1,131,131
47,decode,pi: tokens_list,1.060,1.060,1.060,1,3255.490,1,1,131,131
47,decode,pi: phase_classify,48.030,48.030,48.030,1,3255.490,1,1,131,131
47,decode,pi: in.block_table_commit,85.200,85.200,85.200,1,3255.490,1,1,131,131
47,decode,pi: in.req_indices,9.530,9.530,9.530,1,3255.490,1,1,131,131
47,decode,pi: in.attn_state,26.740,26.740,26.740,1,3255.490,1,1,131,131
47,decode,pi: in.positions,25.830,25.830,25.830,1,3255.490,1,1,131,131
47,decode,pi: in.prev_positions,29.350,29.350,29.350,1,3255.490,1,1,131,131
47,decode,pi: in.token_indices_select,24.670,24.670,24.670,1,3255.490,1,1,131,131
47,decode,pi: in.query_start_loc,27.530,27.530,27.530,1,3255.490,1,1,131,131
47,decode,pi: in.optimistic_seq_lens,48.130,48.130,48.130,1,3255.490,1,1,131,131
47,decode,pi: in.prepare_input_ids,64.920,64.920,64.920,1,3255.490,1,1,131,131
47,decode,pi: in.mrope_positions,39.930,39.930,39.930,1,3255.490,1,1,131,131
47,decode,pi: in.discard_mask,57.320,57.320,57.320,1,3255.490,1,1,131,131
47,decode,pi: in.num_accepted_tokens,14.250,14.250,14.250,1,3255.490,1,1,131,131
47,decode,pi: in.num_computed_tokens,18.140,18.140,18.140,1,3255.490,1,1,131,131
47,decode,pi: in.tokens_to_gpu,64.240,64.240,64.240,1,3255.490,1,1,131,131
47,decode,pi: in.positions_assembly,111.650,111.650,111.650,1,3255.490,1,1,131,131
47,decode,pi: in.seq_lens,53.990,53.990,53.990,1,3255.490,1,1,131,131
47,decode,pi: in.slot_mapping,136.610,136.610,136.610,1,3255.490,1,1,131,131
47,decode,pi: in.mrope_drift,0.660,0.660,0.660,1,3255.490,1,1,131,131
47,decode,pi: in.logits_indices,39.030,39.030,36.200,2,3255.490,1,1,131,131
47,decode,pi: prepare_inputs,94.300,972.020,972.020,1,3255.490,1,1,131,131
47,decode,pi: cascade_attn_prefix_lens,10.760,10.760,10.760,1,3255.490,1,1,131,131
47,decode,pi: batch_exec_and_padding,48.890,48.890,48.890,1,3255.490,1,1,131,131
47,decode,pi: ubatch_slices,1.470,1.470,1.470,1,3255.490,1,1,131,131
47,decode,pi: pad_query_start_loc,29.070,29.070,29.070,1,3255.490,1,1,131,131
47,decode,pi: am.max_seq_len,17.270,17.270,17.270,1,3255.490,1,1,131,131
47,decode,pi: am.cm_base_pre,89.390,89.390,89.390,1,3255.490,1,1,131,131
47,decode,pi: am.build.split_decodes,9.550,9.550,9.550,1,3255.490,1,1,131,131
47,decode,pi: am.build.seq_lens_select,8.400,8.400,8.400,1,3255.490,1,1,131,131
47,decode,pi: am.build.attn_mask,1.170,1.170,1.170,1,3255.490,1,1,131,131
47,decode,pi: am.build.qsl_h2d,33.150,33.150,33.150,1,3255.490,1,1,131,131
47,decode,pi: am.build.tolist,9.770,9.770,9.770,1,3255.490,1,1,131,131
47,decode,pi: am.build.fia_pad,1.800,1.800,1.800,1,3255.490,1,1,131,131
47,decode,pi: am.build.backend_metadata,14.900,14.900,14.900,1,3255.490,1,1,131,131
47,decode,pi: am.build.metadata_ctor,6.390,6.390,6.390,1,3255.490,1,1,131,131
47,decode,pi: am.builder_build@AscendAttentionMetadataBuilder,35.260,120.390,120.390,1,3255.490,1,1,131,131
47,decode,pi: am.builder_build,13.730,1242.500,394.020,4,3255.490,1,1,131,131
47,decode,pi: am.layer_assign,6.850,6.850,1.910,4,3255.490,1,1,131,131
47,decode,pi: am.group_loop,88.440,1337.790,417.620,4,3255.490,1,1,131,131
47,decode,pi: gdnb.treat_single_token,167.510,167.510,58.170,3,3255.490,1,1,131,131
47,decode,pi: gdnb.compute_num_computed_tokens,127.660,127.660,44.970,3,3255.490,1,1,131,131
47,decode,pi: gdnb.mamba_block_table,5.220,5.220,1.850,3,3255.490,1,1,131,131
47,decode,pi: gdnb.split_decodes,119.600,119.600,41.700,3,3255.490,1,1,131,131
47,decode,pi: gdnb.pad_graph_inputs,285.520,285.520,101.720,3,3255.490,1,1,131,131
47,decode,pi: gdnb.ctor,21.020,21.020,7.860,3,3255.490,1,1,131,131
47,decode,pi: gdnb.attach_prefill,2.540,2.540,0.940,3,3255.490,1,1,131,131
47,decode,pi: gdnb.attach_spec,2.490,2.490,0.910,3,3255.490,1,1,131,131
47,decode,pi: gdnb.build_actual_seq_lengths,163.050,163.050,55.370,3,3255.490,1,1,131,131
47,decode,pi: gdnb.attach_decode,39.970,203.020,68.560,3,3255.490,1,1,131,131
47,decode,pi: am.builder_build@AscendGDNAttentionMetadataBuilder,173.800,1108.380,390.970,3,3255.490,1,1,131,131
47,decode,pi: build_attention_metadata,283.320,1727.770,1727.770,1,3255.490,1,1,131,131
47,decode,pi: sanitize_placeholder_ids,1.070,1.070,1.070,1,3255.490,1,1,131,131
47,decode,pi: sync_input_prep,127.050,3066.330,3066.330,1,3255.490,1,1,131,131
47,decode,pi: TOTAL,3255.490,3255.490,3255.490,1,3255.490,1,1,131,131
48,decode,pi: update_states,98.320,98.320,98.320,1,3259.880,1,1,131,131
48,decode,pi: tokens_list,1.010,1.010,1.010,1,3259.880,1,1,131,131
48,decode,pi: phase_classify,47.230,47.230,47.230,1,3259.880,1,1,131,131
48,decode,pi: in.block_table_commit,83.350,83.350,83.350,1,3259.880,1,1,131,131
48,decode,pi: in.req_indices,10.080,10.080,10.080,1,3259.880,1,1,131,131
48,decode,pi: in.attn_state,27.650,27.650,27.650,1,3259.880,1,1,131,131
48,decode,pi: in.positions,25.770,25.770,25.770,1,3259.880,1,1,131,131
48,decode,pi: in.prev_positions,32.650,32.650,32.650,1,3259.880,1,1,131,131
48,decode,pi: in.token_indices_select,24.950,24.950,24.950,1,3259.880,1,1,131,131
48,decode,pi: in.query_start_loc,27.720,27.720,27.720,1,3259.880,1,1,131,131
48,decode,pi: in.optimistic_seq_lens,49.560,49.560,49.560,1,3259.880,1,1,131,131
48,decode,pi: in.prepare_input_ids,66.110,66.110,66.110,1,3259.880,1,1,131,131
48,decode,pi: in.mrope_positions,40.040,40.040,40.040,1,3259.880,1,1,131,131
48,decode,pi: in.discard_mask,60.090,60.090,60.090,1,3259.880,1,1,131,131
48,decode,pi: in.num_accepted_tokens,14.150,14.150,14.150,1,3259.880,1,1,131,131
48,decode,pi: in.num_computed_tokens,17.800,17.800,17.800,1,3259.880,1,1,131,131
48,decode,pi: in.tokens_to_gpu,64.880,64.880,64.880,1,3259.880,1,1,131,131
48,decode,pi: in.positions_assembly,112.980,112.980,112.980,1,3259.880,1,1,131,131
48,decode,pi: in.seq_lens,54.380,54.380,54.380,1,3259.880,1,1,131,131
48,decode,pi: in.slot_mapping,135.690,135.690,135.690,1,3259.880,1,1,131,131
48,decode,pi: in.mrope_drift,0.700,0.700,0.700,1,3259.880,1,1,131,131
48,decode,pi: in.logits_indices,38.660,38.660,36.380,2,3259.880,1,1,131,131
48,decode,pi: prepare_inputs,105.960,993.170,993.170,1,3259.880,1,1,131,131
48,decode,pi: cascade_attn_prefix_lens,10.590,10.590,10.590,1,3259.880,1,1,131,131
48,decode,pi: batch_exec_and_padding,49.060,49.060,49.060,1,3259.880,1,1,131,131
48,decode,pi: ubatch_slices,1.410,1.410,1.410,1,3259.880,1,1,131,131
48,decode,pi: pad_query_start_loc,29.100,29.100,29.100,1,3259.880,1,1,131,131
48,decode,pi: am.max_seq_len,18.520,18.520,18.520,1,3259.880,1,1,131,131
48,decode,pi: am.cm_base_pre,73.800,73.800,73.800,1,3259.880,1,1,131,131
48,decode,pi: am.build.split_decodes,9.110,9.110,9.110,1,3259.880,1,1,131,131
48,decode,pi: am.build.seq_lens_select,8.510,8.510,8.510,1,3259.880,1,1,131,131
48,decode,pi: am.build.attn_mask,1.250,1.250,1.250,1,3259.880,1,1,131,131
48,decode,pi: am.build.qsl_h2d,33.930,33.930,33.930,1,3259.880,1,1,131,131
48,decode,pi: am.build.tolist,9.790,9.790,9.790,1,3259.880,1,1,131,131
48,decode,pi: am.build.fia_pad,1.710,1.710,1.710,1,3259.880,1,1,131,131
48,decode,pi: am.build.backend_metadata,14.960,14.960,14.960,1,3259.880,1,1,131,131
48,decode,pi: am.build.metadata_ctor,6.210,6.210,6.210,1,3259.880,1,1,131,131
48,decode,pi: am.builder_build@AscendAttentionMetadataBuilder,36.670,122.140,122.140,1,3259.880,1,1,131,131
48,decode,pi: am.builder_build,13.740,1241.890,391.350,4,3259.880,1,1,131,131
48,decode,pi: am.layer_assign,7.010,7.010,1.940,4,3259.880,1,1,131,131
48,decode,pi: am.group_loop,89.340,1338.240,415.560,4,3259.880,1,1,131,131
48,decode,pi: gdnb.treat_single_token,166.530,166.530,58.140,3,3259.880,1,1,131,131
48,decode,pi: gdnb.compute_num_computed_tokens,130.710,130.710,44.190,3,3259.880,1,1,131,131
48,decode,pi: gdnb.mamba_block_table,5.080,5.080,1.850,3,3259.880,1,1,131,131
48,decode,pi: gdnb.split_decodes,119.310,119.310,40.970,3,3259.880,1,1,131,131
48,decode,pi: gdnb.pad_graph_inputs,281.110,281.110,99.960,3,3259.880,1,1,131,131
48,decode,pi: gdnb.ctor,21.690,21.690,8.220,3,3259.880,1,1,131,131
48,decode,pi: gdnb.attach_prefill,2.520,2.520,0.890,3,3259.880,1,1,131,131
48,decode,pi: gdnb.attach_spec,2.520,2.520,0.900,3,3259.880,1,1,131,131
48,decode,pi: gdnb.build_actual_seq_lengths,162.170,162.170,55.340,3,3259.880,1,1,131,131
48,decode,pi: gdnb.attach_decode,39.710,201.880,69.210,3,3259.880,1,1,131,131
48,decode,pi: am.builder_build@AscendGDNAttentionMetadataBuilder,174.660,1106.010,388.450,3,3259.880,1,1,131,131
48,decode,pi: build_attention_metadata,281.400,1711.960,1711.960,1,3259.880,1,1,131,131
48,decode,pi: sanitize_placeholder_ids,1.220,1.220,1.220,1,3259.880,1,1,131,131
48,decode,pi: sync_input_prep,127.300,3070.370,3070.370,1,3259.880,1,1,131,131
48,decode,pi: TOTAL,3259.880,3259.880,3259.880,1,3259.880,1,1,131,131
49,decode,pi: update_states,97.870,97.870,97.870,1,3228.260,1,1,131,131
49,decode,pi: tokens_list,0.920,0.920,0.920,1,3228.260,1,1,131,131
49,decode,pi: phase_classify,70.750,70.750,70.750,1,3228.260,1,1,131,131
49,decode,pi: in.block_table_commit,86.780,86.780,86.780,1,3228.260,1,1,131,131
49,decode,pi: in.req_indices,9.940,9.940,9.940,1,3228.260,1,1,131,131
49,decode,pi: in.attn_state,27.120,27.120,27.120,1,3228.260,1,1,131,131
49,decode,pi: in.positions,25.390,25.390,25.390,1,3228.260,1,1,131,131
49,decode,pi: in.prev_positions,30.560,30.560,30.560,1,3228.260,1,1,131,131
49,decode,pi: in.token_indices_select,24.490,24.490,24.490,1,3228.260,1,1,131,131
49,decode,pi: in.query_start_loc,26.620,26.620,26.620,1,3228.260,1,1,131,131
49,decode,pi: in.optimistic_seq_lens,48.590,48.590,48.590,1,3228.260,1,1,131,131
49,decode,pi: in.prepare_input_ids,65.560,65.560,65.560,1,3228.260,1,1,131,131
49,decode,pi: in.mrope_positions,38.740,38.740,38.740,1,3228.260,1,1,131,131
49,decode,pi: in.discard_mask,59.490,59.490,59.490,1,3228.260,1,1,131,131
49,decode,pi: in.num_accepted_tokens,15.340,15.340,15.340,1,3228.260,1,1,131,131
49,decode,pi: in.num_computed_tokens,17.570,17.570,17.570,1,3228.260,1,1,131,131
49,decode,pi: in.tokens_to_gpu,59.480,59.480,59.480,1,3228.260,1,1,131,131
49,decode,pi: in.positions_assembly,110.170,110.170,110.170,1,3228.260,1,1,131,131
49,decode,pi: in.seq_lens,54.990,54.990,54.990,1,3228.260,1,1,131,131
49,decode,pi: in.slot_mapping,135.250,135.250,135.250,1,3228.260,1,1,131,131
49,decode,pi: in.mrope_drift,0.790,0.790,0.790,1,3228.260,1,1,131,131
49,decode,pi: in.logits_indices,40.250,40.250,37.510,2,3228.260,1,1,131,131
49,decode,pi: prepare_inputs,94.620,971.740,971.740,1,3228.260,1,1,131,131
49,decode,pi: cascade_attn_prefix_lens,10.550,10.550,10.550,1,3228.260,1,1,131,131
49,decode,pi: batch_exec_and_padding,49.250,49.250,49.250,1,3228.260,1,1,131,131
49,decode,pi: ubatch_slices,1.380,1.380,1.380,1,3228.260,1,1,131,131
49,decode,pi: pad_query_start_loc,29.730,29.730,29.730,1,3228.260,1,1,131,131
49,decode,pi: am.max_seq_len,18.580,18.580,18.580,1,3228.260,1,1,131,131
49,decode,pi: am.cm_base_pre,73.450,73.450,73.450,1,3228.260,1,1,131,131
49,decode,pi: am.build.split_decodes,9.240,9.240,9.240,1,3228.260,1,1,131,131
49,decode,pi: am.build.seq_lens_select,8.580,8.580,8.580,1,3228.260,1,1,131,131
49,decode,pi: am.build.attn_mask,1.110,1.110,1.110,1,3228.260,1,1,131,131
49,decode,pi: am.build.qsl_h2d,31.930,31.930,31.930,1,3228.260,1,1,131,131
49,decode,pi: am.build.tolist,9.550,9.550,9.550,1,3228.260,1,1,131,131
49,decode,pi: am.build.fia_pad,1.740,1.740,1.740,1,3228.260,1,1,131,131
49,decode,pi: am.build.backend_metadata,15.040,15.040,15.040,1,3228.260,1,1,131,131
49,decode,pi: am.build.metadata_ctor,6.440,6.440,6.440,1,3228.260,1,1,131,131
49,decode,pi: am.builder_build@AscendAttentionMetadataBuilder,35.270,118.900,118.900,1,3228.260,1,1,131,131
49,decode,pi: am.builder_build,14.070,1221.050,387.550,4,3228.260,1,1,131,131
49,decode,pi: am.layer_assign,6.950,6.950,2.090,4,3228.260,1,1,131,131
49,decode,pi: am.group_loop,89.150,1317.150,411.970,4,3228.260,1,1,131,131
49,decode,pi: gdnb.treat_single_token,166.130,166.130,58.810,3,3228.260,1,1,131,131
49,decode,pi: gdnb.compute_num_computed_tokens,128.740,128.740,44.210,3,3228.260,1,1,131,131
49,decode,pi: gdnb.mamba_block_table,4.950,4.950,1.790,3,3228.260,1,1,131,131
49,decode,pi: gdnb.split_decodes,117.630,117.630,41.950,3,3228.260,1,1,131,131
49,decode,pi: gdnb.pad_graph_inputs,279.190,279.190,99.800,3,3228.260,1,1,131,131
49,decode,pi: gdnb.ctor,20.860,20.860,7.930,3,3228.260,1,1,131,131
49,decode,pi: gdnb.attach_prefill,2.540,2.540,0.960,3,3228.260,1,1,131,131
49,decode,pi: gdnb.attach_spec,2.400,2.400,0.840,3,3228.260,1,1,131,131
49,decode,pi: gdnb.build_actual_seq_lengths,156.500,156.500,53.260,3,3228.260,1,1,131,131
49,decode,pi: gdnb.attach_decode,39.550,196.050,65.900,3,3228.260,1,1,131,131
49,decode,pi: am.builder_build@AscendGDNAttentionMetadataBuilder,169.590,1088.080,384.340,3,3228.260,1,1,131,131
49,decode,pi: build_attention_metadata,281.510,1690.690,1690.690,1,3228.260,1,1,131,131
49,decode,pi: sanitize_placeholder_ids,1.050,1.050,1.050,1,3228.260,1,1,131,131
49,decode,pi: sync_input_prep,101.720,3025.650,3025.650,1,3228.260,1,1,131,131
49,decode,pi: TOTAL,3228.260,3228.260,3228.260,1,3228.260,1,1,131,131
50,decode,pi: update_states,99.720,99.720,99.720,1,3241.280,1,1,131,131
50,decode,pi: tokens_list,1.030,1.030,1.030,1,3241.280,1,1,131,131
50,decode,pi: phase_classify,47.500,47.500,47.500,1,3241.280,1,1,131,131
50,decode,pi: in.block_table_commit,85.770,85.770,85.770,1,3241.280,1,1,131,131
50,decode,pi: in.req_indices,9.260,9.260,9.260,1,3241.280,1,1,131,131
50,decode,pi: in.attn_state,26.860,26.860,26.860,1,3241.280,1,1,131,131
50,decode,pi: in.positions,25.690,25.690,25.690,1,3241.280,1,1,131,131
50,decode,pi: in.prev_positions,29.940,29.940,29.940,1,3241.280,1,1,131,131
50,decode,pi: in.token_indices_select,24.550,24.550,24.550,1,3241.280,1,1,131,131
50,decode,pi: in.query_start_loc,27.470,27.470,27.470,1,3241.280,1,1,131,131
50,decode,pi: in.optimistic_seq_lens,48.240,48.240,48.240,1,3241.280,1,1,131,131
50,decode,pi: in.prepare_input_ids,64.920,64.920,64.920,1,3241.280,1,1,131,131
50,decode,pi: in.mrope_positions,38.860,38.860,38.860,1,3241.280,1,1,131,131
50,decode,pi: in.discard_mask,57.880,57.880,57.880,1,3241.280,1,1,131,131
50,decode,pi: in.num_accepted_tokens,13.860,13.860,13.860,1,3241.280,1,1,131,131
50,decode,pi: in.num_computed_tokens,18.180,18.180,18.180,1,3241.280,1,1,131,131
50,decode,pi: in.tokens_to_gpu,62.720,62.720,62.720,1,3241.280,1,1,131,131
50,decode,pi: in.positions_assembly,110.260,110.260,110.260,1,3241.280,1,1,131,131
50,decode,pi: in.seq_lens,54.600,54.600,54.600,1,3241.280,1,1,131,131
50,decode,pi: in.slot_mapping,135.630,135.630,135.630,1,3241.280,1,1,131,131
50,decode,pi: in.mrope_drift,0.700,0.700,0.700,1,3241.280,1,1,131,131
50,decode,pi: in.logits_indices,39.160,39.160,36.890,2,3241.280,1,1,131,131
50,decode,pi: prepare_inputs,94.600,969.150,969.150,1,3241.280,1,1,131,131
50,decode,pi: cascade_attn_prefix_lens,10.680,10.680,10.680,1,3241.280,1,1,131,131
50,decode,pi: batch_exec_and_padding,48.350,48.350,48.350,1,3241.280,1,1,131,131
50,decode,pi: ubatch_slices,1.420,1.420,1.420,1,3241.280,1,1,131,131
50,decode,pi: pad_query_start_loc,29.650,29.650,29.650,1,3241.280,1,1,131,131
50,decode,pi: am.max_seq_len,18.730,18.730,18.730,1,3241.280,1,1,131,131
50,decode,pi: am.cm_base_pre,73.670,73.670,73.670,1,3241.280,1,1,131,131
50,decode,pi: am.build.split_decodes,8.910,8.910,8.910,1,3241.280,1,1,131,131
50,decode,pi: am.build.seq_lens_select,8.490,8.490,8.490,1,3241.280,1,1,131,131
50,decode,pi: am.build.attn_mask,1.210,1.210,1.210,1,3241.280,1,1,131,131
50,decode,pi: am.build.qsl_h2d,32.320,32.320,32.320,1,3241.280,1,1,131,131
50,decode,pi: am.build.tolist,9.310,9.310,9.310,1,3241.280,1,1,131,131
50,decode,pi: am.build.fia_pad,1.680,1.680,1.680,1,3241.280,1,1,131,131
50,decode,pi: am.build.backend_metadata,14.920,14.920,14.920,1,3241.280,1,1,131,131
50,decode,pi: am.build.metadata_ctor,6.100,6.100,6.100,1,3241.280,1,1,131,131
50,decode,pi: am.builder_build@AscendAttentionMetadataBuilder,35.310,118.250,118.250,1,3241.280,1,1,131,131
50,decode,pi: am.builder_build,13.760,1249.580,389.000,4,3241.280,1,1,131,131
50,decode,pi: am.layer_assign,6.640,6.640,1.930,4,3241.280,1,1,131,131
50,decode,pi: am.group_loop,88.870,1345.090,412.570,4,3241.280,1,1,131,131
50,decode,pi: gdnb.treat_single_token,170.770,170.770,59.530,3,3241.280,1,1,131,131
50,decode,pi: gdnb.compute_num_computed_tokens,127.440,127.440,44.100,3,3241.280,1,1,131,131
50,decode,pi: gdnb.mamba_block_table,4.930,4.930,1.680,3,3241.280,1,1,131,131
50,decode,pi: gdnb.split_decodes,118.390,118.390,41.860,3,3241.280,1,1,131,131
50,decode,pi: gdnb.pad_graph_inputs,280.680,280.680,98.400,3,3241.280,1,1,131,131
50,decode,pi: gdnb.ctor,21.760,21.760,8.450,3,3241.280,1,1,131,131
50,decode,pi: gdnb.attach_prefill,2.650,2.650,1.000,3,3241.280,1,1,131,131
50,decode,pi: gdnb.attach_spec,2.490,2.490,0.890,3,3241.280,1,1,131,131
50,decode,pi: gdnb.build_actual_seq_lengths,164.030,164.030,54.740,3,3241.280,1,1,131,131
50,decode,pi: gdnb.attach_decode,39.660,203.690,68.580,3,3241.280,1,1,131,131
50,decode,pi: am.builder_build@AscendGDNAttentionMetadataBuilder,184.770,1117.570,386.020,3,3241.280,1,1,131,131
50,decode,pi: build_attention_metadata,279.640,1717.130,1717.130,1,3241.280,1,1,131,131
50,decode,pi: sanitize_placeholder_ids,1.180,1.180,1.180,1,3241.280,1,1,131,131
50,decode,pi: sync_input_prep,127.940,3053.750,3053.750,1,3241.280,1,1,131,131
50,decode,pi: TOTAL,3241.280,3241.280,3241.280,1,3241.280,1,1,131,131
51,decode,pi: update_states,98.930,98.930,98.930,1,3247.410,1,1,131,131
51,decode,pi: tokens_list,1.050,1.050,1.050,1,3247.410,1,1,131,131
51,decode,pi: phase_classify,47.760,47.760,47.760,1,3247.410,1,1,131,131
51,decode,pi: in.block_table_commit,81.940,81.940,81.940,1,3247.410,1,1,131,131
51,decode,pi: in.req_indices,9.650,9.650,9.650,1,3247.410,1,1,131,131
51,decode,pi: in.attn_state,26.670,26.670,26.670,1,3247.410,1,1,131,131
51,decode,pi: in.positions,24.690,24.690,24.690,1,3247.410,1,1,131,131
51,decode,pi: in.prev_positions,29.650,29.650,29.650,1,3247.410,1,1,131,131
51,decode,pi: in.token_indices_select,24.260,24.260,24.260,1,3247.410,1,1,131,131
51,decode,pi: in.query_start_loc,25.680,25.680,25.680,1,3247.410,1,1,131,131
51,decode,pi: in.optimistic_seq_lens,48.410,48.410,48.410,1,3247.410,1,1,131,131
51,decode,pi: in.prepare_input_ids,67.480,67.480,67.480,1,3247.410,1,1,131,131
51,decode,pi: in.mrope_positions,39.670,39.670,39.670,1,3247.410,1,1,131,131
51,decode,pi: in.discard_mask,57.250,57.250,57.250,1,3247.410,1,1,131,131
51,decode,pi: in.num_accepted_tokens,13.730,13.730,13.730,1,3247.410,1,1,131,131
51,decode,pi: in.num_computed_tokens,17.870,17.870,17.870,1,3247.410,1,1,131,131
51,decode,pi: in.tokens_to_gpu,60.120,60.120,60.120,1,3247.410,1,1,131,131
51,decode,pi: in.positions_assembly,133.230,133.230,133.230,1,3247.410,1,1,131,131
51,decode,pi: in.seq_lens,55.960,55.960,55.960,1,3247.410,1,1,131,131
51,decode,pi: in.slot_mapping,136.140,136.140,136.140,1,3247.410,1,1,131,131
51,decode,pi: in.mrope_drift,0.720,0.720,0.720,1,3247.410,1,1,131,131
51,decode,pi: in.logits_indices,39.030,39.030,36.480,2,3247.410,1,1,131,131
51,decode,pi: prepare_inputs,94.350,986.500,986.500,1,3247.410,1,1,131,131
51,decode,pi: cascade_attn_prefix_lens,10.710,10.710,10.710,1,3247.410,1,1,131,131
51,decode,pi: batch_exec_and_padding,49.150,49.150,49.150,1,3247.410,1,1,131,131
51,decode,pi: ubatch_slices,1.420,1.420,1.420,1,3247.410,1,1,131,131
51,decode,pi: pad_query_start_loc,28.980,28.980,28.980,1,3247.410,1,1,131,131
51,decode,pi: am.max_seq_len,19.100,19.100,19.100,1,3247.410,1,1,131,131
51,decode,pi: am.cm_base_pre,73.980,73.980,73.980,1,3247.410,1,1,131,131
51,decode,pi: am.build.split_decodes,9.200,9.200,9.200,1,3247.410,1,1,131,131
51,decode,pi: am.build.seq_lens_select,8.740,8.740,8.740,1,3247.410,1,1,131,131
51,decode,pi: am.build.attn_mask,1.190,1.190,1.190,1,3247.410,1,1,131,131
51,decode,pi: am.build.qsl_h2d,32.080,32.080,32.080,1,3247.410,1,1,131,131
51,decode,pi: am.build.tolist,9.030,9.030,9.030,1,3247.410,1,1,131,131
51,decode,pi: am.build.fia_pad,1.760,1.760,1.760,1,3247.410,1,1,131,131
51,decode,pi: am.build.backend_metadata,14.650,14.650,14.650,1,3247.410,1,1,131,131
51,decode,pi: am.build.metadata_ctor,6.280,6.280,6.280,1,3247.410,1,1,131,131
51,decode,pi: am.builder_build@AscendAttentionMetadataBuilder,35.450,118.380,118.380,1,3247.410,1,1,131,131
51,decode,pi: am.builder_build,13.370,1235.530,391.240,4,3247.410,1,1,131,131
51,decode,pi: am.layer_assign,7.090,7.090,1.960,4,3247.410,1,1,131,131
51,decode,pi: am.group_loop,88.790,1331.410,415.320,4,3247.410,1,1,131,131
51,decode,pi: gdnb.treat_single_token,166.190,166.190,57.980,3,3247.410,1,1,131,131
51,decode,pi: gdnb.compute_num_computed_tokens,127.060,127.060,44.140,3,3247.410,1,1,131,131
51,decode,pi: gdnb.mamba_block_table,5.580,5.580,2.070,3,3247.410,1,1,131,131
51,decode,pi: gdnb.split_decodes,122.190,122.190,42.330,3,3247.410,1,1,131,131
51,decode,pi: gdnb.pad_graph_inputs,278.360,278.360,98.600,3,3247.410,1,1,131,131
51,decode,pi: gdnb.ctor,21.820,21.820,8.360,3,3247.410,1,1,131,131
51,decode,pi: gdnb.attach_prefill,2.770,2.770,1.080,3,3247.410,1,1,131,131
51,decode,pi: gdnb.attach_spec,2.560,2.560,0.980,3,3247.410,1,1,131,131
51,decode,pi: gdnb.build_actual_seq_lengths,163.300,163.300,54.920,3,3247.410,1,1,131,131
51,decode,pi: gdnb.attach_decode,39.920,203.220,68.360,3,3247.410,1,1,131,131
51,decode,pi: am.builder_build@AscendGDNAttentionMetadataBuilder,174.030,1103.780,388.160,3,3247.410,1,1,131,131
51,decode,pi: build_attention_metadata,281.060,1705.550,1705.550,1,3247.410,1,1,131,131
51,decode,pi: sanitize_placeholder_ids,1.030,1.030,1.030,1,3247.410,1,1,131,131
51,decode,pi: sync_input_prep,128.760,3059.840,3059.840,1,3247.410,1,1,131,131
51,decode,pi: TOTAL,3247.410,3247.410,3247.410,1,3247.410,1,1,131,131
52,decode,pi: update_states,99.840,99.840,99.840,1,3219.380,1,1,131,131
52,decode,pi: tokens_list,1.000,1.000,1.000,1,3219.380,1,1,131,131
52,decode,pi: phase_classify,71.360,71.360,71.360,1,3219.380,1,1,131,131
52,decode,pi: in.block_table_commit,84.300,84.300,84.300,1,3219.380,1,1,131,131
52,decode,pi: in.req_indices,9.950,9.950,9.950,1,3219.380,1,1,131,131
52,decode,pi: in.attn_state,26.520,26.520,26.520,1,3219.380,1,1,131,131
52,decode,pi: in.positions,24.890,24.890,24.890,1,3219.380,1,1,131,131
52,decode,pi: in.prev_positions,30.090,30.090,30.090,1,3219.380,1,1,131,131
52,decode,pi: in.token_indices_select,24.290,24.290,24.290,1,3219.380,1,1,131,131
52,decode,pi: in.query_start_loc,27.340,27.340,27.340,1,3219.380,1,1,131,131
52,decode,pi: in.optimistic_seq_lens,49.220,49.220,49.220,1,3219.380,1,1,131,131
52,decode,pi: in.prepare_input_ids,65.420,65.420,65.420,1,3219.380,1,1,131,131
52,decode,pi: in.mrope_positions,38.580,38.580,38.580,1,3219.380,1,1,131,131
52,decode,pi: in.discard_mask,57.270,57.270,57.270,1,3219.380,1,1,131,131
52,decode,pi: in.num_accepted_tokens,13.870,13.870,13.870,1,3219.380,1,1,131,131
52,decode,pi: in.num_computed_tokens,18.280,18.280,18.280,1,3219.380,1,1,131,131
52,decode,pi: in.tokens_to_gpu,65.330,65.330,65.330,1,3219.380,1,1,131,131
52,decode,pi: in.positions_assembly,109.060,109.060,109.060,1,3219.380,1,1,131,131
52,decode,pi: in.seq_lens,55.630,55.630,55.630,1,3219.380,1,1,131,131
52,decode,pi: in.slot_mapping,135.340,135.340,135.340,1,3219.380,1,1,131,131
52,decode,pi: in.mrope_drift,0.690,0.690,0.690,1,3219.380,1,1,131,131
52,decode,pi: in.logits_indices,38.540,38.540,36.140,2,3219.380,1,1,131,131
52,decode,pi: prepare_inputs,94.580,969.190,969.190,1,3219.380,1,1,131,131
52,decode,pi: cascade_attn_prefix_lens,10.690,10.690,10.690,1,3219.380,1,1,131,131
52,decode,pi: batch_exec_and_padding,48.070,48.070,48.070,1,3219.380,1,1,131,131
52,decode,pi: ubatch_slices,1.390,1.390,1.390,1,3219.380,1,1,131,131
52,decode,pi: pad_query_start_loc,29.430,29.430,29.430,1,3219.380,1,1,131,131
52,decode,pi: am.max_seq_len,17.720,17.720,17.720,1,3219.380,1,1,131,131
52,decode,pi: am.cm_base_pre,73.360,73.360,73.360,1,3219.380,1,1,131,131
52,decode,pi: am.build.split_decodes,9.260,9.260,9.260,1,3219.380,1,1,131,131
52,decode,pi: am.build.seq_lens_select,8.350,8.350,8.350,1,3219.380,1,1,131,131
52,decode,pi: am.build.attn_mask,1.250,1.250,1.250,1,3219.380,1,1,131,131
52,decode,pi: am.build.qsl_h2d,31.760,31.760,31.760,1,3219.380,1,1,131,131
52,decode,pi: am.build.tolist,9.050,9.050,9.050,1,3219.380,1,1,131,131
52,decode,pi: am.build.fia_pad,1.760,1.760,1.760,1,3219.380,1,1,131,131
52,decode,pi: am.build.backend_metadata,14.490,14.490,14.490,1,3219.380,1,1,131,131
52,decode,pi: am.build.metadata_ctor,6.400,6.400,6.400,1,3219.380,1,1,131,131
52,decode,pi: am.builder_build@AscendAttentionMetadataBuilder,35.510,117.830,117.830,1,3219.380,1,1,131,131
52,decode,pi: am.builder_build,13.610,1227.850,386.620,4,3219.380,1,1,131,131
52,decode,pi: am.layer_assign,6.580,6.580,1.840,4,3219.380,1,1,131,131
52,decode,pi: am.group_loop,88.040,1322.470,410.750,4,3219.380,1,1,131,131
52,decode,pi: gdnb.treat_single_token,167.030,167.030,59.280,3,3219.380,1,1,131,131
52,decode,pi: gdnb.compute_num_computed_tokens,124.030,124.030,42.760,3,3219.380,1,1,131,131
52,decode,pi: gdnb.mamba_block_table,5.070,5.070,1.780,3,3219.380,1,1,131,131
52,decode,pi: gdnb.split_decodes,120.050,120.050,41.570,3,3219.380,1,1,131,131
52,decode,pi: gdnb.pad_graph_inputs,280.760,280.760,99.260,3,3219.380,1,1,131,131
52,decode,pi: gdnb.ctor,21.430,21.430,8.120,3,3219.380,1,1,131,131
52,decode,pi: gdnb.attach_prefill,2.690,2.690,1.030,3,3219.380,1,1,131,131
52,decode,pi: gdnb.attach_spec,2.550,2.550,0.900,3,3219.380,1,1,131,131
52,decode,pi: gdnb.build_actual_seq_lengths,162.220,162.220,54.440,3,3219.380,1,1,131,131
52,decode,pi: gdnb.attach_decode,39.770,201.990,68.340,3,3219.380,1,1,131,131
52,decode,pi: am.builder_build@AscendGDNAttentionMetadataBuilder,170.810,1096.410,383.560,3,3219.380,1,1,131,131
52,decode,pi: build_attention_metadata,282.160,1695.710,1695.710,1,3219.380,1,1,131,131
52,decode,pi: sanitize_placeholder_ids,1.120,1.120,1.120,1,3219.380,1,1,131,131
52,decode,pi: sync_input_prep,103.020,3030.820,3030.820,1,3219.380,1,1,131,131
52,decode,pi: TOTAL,3219.380,3219.380,3219.380,1,3219.380,1,1,131,131
53,decode,pi: update_states,100.250,100.250,100.250,1,3230.610,1,1,131,131
53,decode,pi: tokens_list,0.980,0.980,0.980,1,3230.610,1,1,131,131
53,decode,pi: phase_classify,47.640,47.640,47.640,1,3230.610,1,1,131,131
53,decode,pi: in.block_table_commit,86.520,86.520,86.520,1,3230.610,1,1,131,131
53,decode,pi: in.req_indices,9.610,9.610,9.610,1,3230.610,1,1,131,131
53,decode,pi: in.attn_state,26.770,26.770,26.770,1,3230.610,1,1,131,131
53,decode,pi: in.positions,24.880,24.880,24.880,1,3230.610,1,1,131,131
53,decode,pi: in.prev_positions,30.000,30.000,30.000,1,3230.610,1,1,131,131
53,decode,pi: in.token_indices_select,25.070,25.070,25.070,1,3230.610,1,1,131,131
53,decode,pi: in.query_start_loc,26.730,26.730,26.730,1,3230.610,1,1,131,131
53,decode,pi: in.optimistic_seq_lens,48.140,48.140,48.140,1,3230.610,1,1,131,131
53,decode,pi: in.prepare_input_ids,65.200,65.200,65.200,1,3230.610,1,1,131,131
53,decode,pi: in.mrope_positions,38.480,38.480,38.480,1,3230.610,1,1,131,131
53,decode,pi: in.discard_mask,57.010,57.010,57.010,1,3230.610,1,1,131,131
53,decode,pi: in.num_accepted_tokens,13.870,13.870,13.870,1,3230.610,1,1,131,131
53,decode,pi: in.num_computed_tokens,18.120,18.120,18.120,1,3230.610,1,1,131,131
53,decode,pi: in.tokens_to_gpu,60.130,60.130,60.130,1,3230.610,1,1,131,131
53,decode,pi: in.positions_assembly,108.470,108.470,108.470,1,3230.610,1,1,131,131
53,decode,pi: in.seq_lens,54.870,54.870,54.870,1,3230.610,1,1,131,131
53,decode,pi: in.slot_mapping,136.810,136.810,136.810,1,3230.610,1,1,131,131
53,decode,pi: in.mrope_drift,0.710,0.710,0.710,1,3230.610,1,1,131,131
53,decode,pi: in.logits_indices,39.430,39.430,36.510,2,3230.610,1,1,131,131
53,decode,pi: prepare_inputs,94.740,965.560,965.560,1,3230.610,1,1,131,131
53,decode,pi: cascade_attn_prefix_lens,10.960,10.960,10.960,1,3230.610,1,1,131,131
53,decode,pi: batch_exec_and_padding,48.780,48.780,48.780,1,3230.610,1,1,131,131
53,decode,pi: ubatch_slices,1.400,1.400,1.400,1,3230.610,1,1,131,131
53,decode,pi: pad_query_start_loc,29.810,29.810,29.810,1,3230.610,1,1,131,131
53,decode,pi: am.max_seq_len,17.510,17.510,17.510,1,3230.610,1,1,131,131
53,decode,pi: am.cm_base_pre,72.630,72.630,72.630,1,3230.610,1,1,131,131
53,decode,pi: am.build.split_decodes,9.320,9.320,9.320,1,3230.610,1,1,131,131
53,decode,pi: am.build.seq_lens_select,8.530,8.530,8.530,1,3230.610,1,1,131,131
53,decode,pi: am.build.attn_mask,1.080,1.080,1.080,1,3230.610,1,1,131,131
53,decode,pi: am.build.qsl_h2d,32.460,32.460,32.460,1,3230.610,1,1,131,131
53,decode,pi: am.build.tolist,8.950,8.950,8.950,1,3230.610,1,1,131,131
53,decode,pi: am.build.fia_pad,1.740,1.740,1.740,1,3230.610,1,1,131,131
53,decode,pi: am.build.backend_metadata,14.670,14.670,14.670,1,3230.610,1,1,131,131
53,decode,pi: am.build.metadata_ctor,6.240,6.240,6.240,1,3230.610,1,1,131,131
53,decode,pi: am.builder_build@AscendAttentionMetadataBuilder,35.620,118.610,118.610,1,3230.610,1,1,131,131
53,decode,pi: am.builder_build,13.290,1243.780,385.800,4,3230.610,1,1,131,131
53,decode,pi: am.layer_assign,7.030,7.030,2.060,4,3230.610,1,1,131,131
53,decode,pi: am.group_loop,88.760,1339.570,409.320,4,3230.610,1,1,131,131
53,decode,pi: gdnb.treat_single_token,165.980,165.980,58.240,3,3230.610,1,1,131,131
53,decode,pi: gdnb.compute_num_computed_tokens,123.280,123.280,41.950,3,3230.610,1,1,131,131
53,decode,pi: gdnb.mamba_block_table,5.090,5.090,1.890,3,3230.610,1,1,131,131
53,decode,pi: gdnb.split_decodes,132.090,132.090,51.430,3,3230.610,1,1,131,131
53,decode,pi: gdnb.pad_graph_inputs,283.910,283.910,99.190,3,3230.610,1,1,131,131
53,decode,pi: gdnb.ctor,21.560,21.560,7.840,3,3230.610,1,1,131,131
53,decode,pi: gdnb.attach_prefill,2.690,2.690,0.940,3,3230.610,1,1,131,131
53,decode,pi: gdnb.attach_spec,2.570,2.570,0.920,3,3230.610,1,1,131,131
53,decode,pi: gdnb.build_actual_seq_lengths,162.410,162.410,56.010,3,3230.610,1,1,131,131
53,decode,pi: gdnb.attach_decode,39.830,202.240,69.050,3,3230.610,1,1,131,131
53,decode,pi: am.builder_build@AscendGDNAttentionMetadataBuilder,172.470,1111.880,382.970,3,3230.610,1,1,131,131
53,decode,pi: build_attention_metadata,279.480,1709.190,1709.190,1,3230.610,1,1,131,131
53,decode,pi: sanitize_placeholder_ids,1.100,1.100,1.100,1,3230.610,1,1,131,131
53,decode,pi: sync_input_prep,126.070,3041.740,3041.740,1,3230.610,1,1,131,131
53,decode,pi: TOTAL,3230.610,3230.610,3230.610,1,3230.610,1,1,131,131
54,decode,pi: update_states,98.340,98.340,98.340,1,3232.400,1,1,131,131
54,decode,pi: tokens_list,1.040,1.040,1.040,1,3232.400,1,1,131,131
54,decode,pi: phase_classify,48.440,48.440,48.440,1,3232.400,1,1,131,131
54,decode,pi: in.block_table_commit,84.350,84.350,84.350,1,3232.400,1,1,131,131
54,decode,pi: in.req_indices,9.650,9.650,9.650,1,3232.400,1,1,131,131
54,decode,pi: in.attn_state,26.650,26.650,26.650,1,3232.400,1,1,131,131
54,decode,pi: in.positions,24.340,24.340,24.340,1,3232.400,1,1,131,131
54,decode,pi: in.prev_positions,29.380,29.380,29.380,1,3232.400,1,1,131,131
54,decode,pi: in.token_indices_select,24.980,24.980,24.980,1,3232.400,1,1,131,131
54,decode,pi: in.query_start_loc,27.140,27.140,27.140,1,3232.400,1,1,131,131
54,decode,pi: in.optimistic_seq_lens,48.540,48.540,48.540,1,3232.400,1,1,131,131
54,decode,pi: in.prepare_input_ids,65.330,65.330,65.330,1,3232.400,1,1,131,131
54,decode,pi: in.mrope_positions,39.330,39.330,39.330,1,3232.400,1,1,131,131
54,decode,pi: in.discard_mask,58.040,58.040,58.040,1,3232.400,1,1,131,131
54,decode,pi: in.num_accepted_tokens,14.170,14.170,14.170,1,3232.400,1,1,131,131
54,decode,pi: in.num_computed_tokens,18.190,18.190,18.190,1,3232.400,1,1,131,131
54,decode,pi: in.tokens_to_gpu,64.050,64.050,64.050,1,3232.400,1,1,131,131
54,decode,pi: in.positions_assembly,110.620,110.620,110.620,1,3232.400,1,1,131,131
54,decode,pi: in.seq_lens,55.420,55.420,55.420,1,3232.400,1,1,131,131
54,decode,pi: in.slot_mapping,135.760,135.760,135.760,1,3232.400,1,1,131,131
54,decode,pi: in.mrope_drift,0.710,0.710,0.710,1,3232.400,1,1,131,131
54,decode,pi: in.logits_indices,38.860,38.860,36.660,2,3232.400,1,1,131,131
54,decode,pi: prepare_inputs,96.600,972.110,972.110,1,3232.400,1,1,131,131
54,decode,pi: cascade_attn_prefix_lens,11.260,11.260,11.260,1,3232.400,1,1,131,131
54,decode,pi: batch_exec_and_padding,48.800,48.800,48.800,1,3232.400,1,1,131,131
54,decode,pi: ubatch_slices,1.390,1.390,1.390,1,3232.400,1,1,131,131
54,decode,pi: pad_query_start_loc,28.880,28.880,28.880,1,3232.400,1,1,131,131
54,decode,pi: am.max_seq_len,18.560,18.560,18.560,1,3232.400,1,1,131,131
54,decode,pi: am.cm_base_pre,73.320,73.320,73.320,1,3232.400,1,1,131,131
54,decode,pi: am.build.split_decodes,9.170,9.170,9.170,1,3232.400,1,1,131,131
54,decode,pi: am.build.seq_lens_select,8.630,8.630,8.630,1,3232.400,1,1,131,131
54,decode,pi: am.build.attn_mask,1.170,1.170,1.170,1,3232.400,1,1,131,131
54,decode,pi: am.build.qsl_h2d,32.020,32.020,32.020,1,3232.400,1,1,131,131
54,decode,pi: am.build.tolist,9.470,9.470,9.470,1,3232.400,1,1,131,131
54,decode,pi: am.build.fia_pad,1.760,1.760,1.760,1,3232.400,1,1,131,131
54,decode,pi: am.build.backend_metadata,14.990,14.990,14.990,1,3232.400,1,1,131,131
54,decode,pi: am.build.metadata_ctor,6.120,6.120,6.120,1,3232.400,1,1,131,131
54,decode,pi: am.builder_build@AscendAttentionMetadataBuilder,34.930,118.260,118.260,1,3232.400,1,1,131,131
54,decode,pi: am.builder_build,13.330,1242.860,410.140,4,3232.400,1,1,131,131
54,decode,pi: am.layer_assign,6.960,6.960,1.980,4,3232.400,1,1,131,131
54,decode,pi: am.group_loop,88.430,1338.250,434.550,4,3232.400,1,1,131,131
54,decode,pi: gdnb.treat_single_token,183.300,183.300,75.250,3,3232.400,1,1,131,131
54,decode,pi: gdnb.compute_num_computed_tokens,129.660,129.660,49.080,3,3232.400,1,1,131,131
54,decode,pi: gdnb.mamba_block_table,5.250,5.250,1.970,3,3232.400,1,1,131,131
54,decode,pi: gdnb.split_decodes,117.200,117.200,41.780,3,3232.400,1,1,131,131
54,decode,pi: gdnb.pad_graph_inputs,279.870,279.870,99.430,3,3232.400,1,1,131,131
54,decode,pi: gdnb.ctor,21.370,21.370,8.270,3,3232.400,1,1,131,131
54,decode,pi: gdnb.attach_prefill,2.610,2.610,0.940,3,3232.400,1,1,131,131
54,decode,pi: gdnb.attach_spec,2.560,2.560,0.920,3,3232.400,1,1,131,131
54,decode,pi: gdnb.build_actual_seq_lengths,159.430,159.430,54.320,3,3232.400,1,1,131,131
54,decode,pi: gdnb.attach_decode,39.680,199.110,67.120,3,3232.400,1,1,131,131
54,decode,pi: am.builder_build@AscendGDNAttentionMetadataBuilder,170.340,1111.270,407.220,3,3232.400,1,1,131,131
54,decode,pi: build_attention_metadata,277.330,1707.460,1707.460,1,3232.400,1,1,131,131
54,decode,pi: sanitize_placeholder_ids,1.170,1.170,1.170,1,3232.400,1,1,131,131
54,decode,pi: sync_input_prep,126.950,3045.840,3045.840,1,3232.400,1,1,131,131
54,decode,pi: TOTAL,3232.400,3232.400,3232.400,1,3232.400,1,1,131,131
55,decode,pi: update_states,100.260,100.260,100.260,1,3240.620,1,1,131,131
55,decode,pi: tokens_list,1.000,1.000,1.000,1,3240.620,1,1,131,131
55,decode,pi: phase_classify,47.780,47.780,47.780,1,3240.620,1,1,131,131
55,decode,pi: in.block_table_commit,84.050,84.050,84.050,1,3240.620,1,1,131,131
55,decode,pi: in.req_indices,9.780,9.780,9.780,1,3240.620,1,1,131,131
55,decode,pi: in.attn_state,26.790,26.790,26.790,1,3240.620,1,1,131,131
55,decode,pi: in.positions,25.110,25.110,25.110,1,3240.620,1,1,131,131
55,decode,pi: in.prev_positions,29.870,29.870,29.870,1,3240.620,1,1,131,131
55,decode,pi: in.token_indices_select,24.680,24.680,24.680,1,3240.620,1,1,131,131
55,decode,pi: in.query_start_loc,26.280,26.280,26.280,1,3240.620,1,1,131,131
55,decode,pi: in.optimistic_seq_lens,49.070,49.070,49.070,1,3240.620,1,1,131,131
55,decode,pi: in.prepare_input_ids,66.020,66.020,66.020,1,3240.620,1,1,131,131
55,decode,pi: in.mrope_positions,38.880,38.880,38.880,1,3240.620,1,1,131,131
55,decode,pi: in.discard_mask,72.430,72.430,72.430,1,3240.620,1,1,131,131
55,decode,pi: in.num_accepted_tokens,14.200,14.200,14.200,1,3240.620,1,1,131,131
55,decode,pi: in.num_computed_tokens,17.910,17.910,17.910,1,3240.620,1,1,131,131
55,decode,pi: in.tokens_to_gpu,61.860,61.860,61.860,1,3240.620,1,1,131,131
55,decode,pi: in.positions_assembly,113.220,113.220,113.220,1,3240.620,1,1,131,131
55,decode,pi: in.seq_lens,53.670,53.670,53.670,1,3240.620,1,1,131,131
55,decode,pi: in.slot_mapping,135.680,135.680,135.680,1,3240.620,1,1,131,131
55,decode,pi: in.mrope_drift,0.800,0.800,0.800,1,3240.620,1,1,131,131
55,decode,pi: in.logits_indices,38.480,38.480,35.800,2,3240.620,1,1,131,131
55,decode,pi: prepare_inputs,95.820,984.600,984.600,1,3240.620,1,1,131,131
55,decode,pi: cascade_attn_prefix_lens,10.660,10.660,10.660,1,3240.620,1,1,131,131
55,decode,pi: batch_exec_and_padding,50.350,50.350,50.350,1,3240.620,1,1,131,131
55,decode,pi: ubatch_slices,1.500,1.500,1.500,1,3240.620,1,1,131,131
55,decode,pi: pad_query_start_loc,28.570,28.570,28.570,1,3240.620,1,1,131,131
55,decode,pi: am.max_seq_len,17.730,17.730,17.730,1,3240.620,1,1,131,131
55,decode,pi: am.cm_base_pre,73.400,73.400,73.400,1,3240.620,1,1,131,131
55,decode,pi: am.build.split_decodes,9.630,9.630,9.630,1,3240.620,1,1,131,131
55,decode,pi: am.build.seq_lens_select,8.220,8.220,8.220,1,3240.620,1,1,131,131
55,decode,pi: am.build.attn_mask,1.230,1.230,1.230,1,3240.620,1,1,131,131
55,decode,pi: am.build.qsl_h2d,32.810,32.810,32.810,1,3240.620,1,1,131,131
55,decode,pi: am.build.tolist,9.630,9.630,9.630,1,3240.620,1,1,131,131
55,decode,pi: am.build.fia_pad,1.850,1.850,1.850,1,3240.620,1,1,131,131
55,decode,pi: am.build.backend_metadata,15.150,15.150,15.150,1,3240.620,1,1,131,131
55,decode,pi: am.build.metadata_ctor,6.430,6.430,6.430,1,3240.620,1,1,131,131
55,decode,pi: am.builder_build@AscendAttentionMetadataBuilder,35.160,120.110,120.110,1,3240.620,1,1,131,131
55,decode,pi: am.builder_build,13.620,1234.070,387.660,4,3240.620,1,1,131,131
55,decode,pi: am.layer_assign,7.010,7.010,1.940,4,3240.620,1,1,131,131
55,decode,pi: am.group_loop,88.210,1329.290,411.260,4,3240.620,1,1,131,131
55,decode,pi: gdnb.treat_single_token,166.280,166.280,57.530,3,3240.620,1,1,131,131
55,decode,pi: gdnb.compute_num_computed_tokens,122.210,122.210,42.880,3,3240.620,1,1,131,131
55,decode,pi: gdnb.mamba_block_table,4.970,4.970,1.710,3,3240.620,1,1,131,131
55,decode,pi: gdnb.split_decodes,122.580,122.580,42.000,3,3240.620,1,1,131,131
55,decode,pi: gdnb.pad_graph_inputs,280.300,280.300,97.960,3,3240.620,1,1,131,131
55,decode,pi: gdnb.ctor,21.900,21.900,8.300,3,3240.620,1,1,131,131
55,decode,pi: gdnb.attach_prefill,2.840,2.840,1.020,3,3240.620,1,1,131,131
55,decode,pi: gdnb.attach_spec,2.450,2.450,0.880,3,3240.620,1,1,131,131
55,decode,pi: gdnb.build_actual_seq_lengths,164.390,164.390,55.270,3,3240.620,1,1,131,131
55,decode,pi: gdnb.attach_decode,39.850,204.240,68.800,3,3240.620,1,1,131,131
55,decode,pi: am.builder_build@AscendGDNAttentionMetadataBuilder,172.570,1100.340,384.660,3,3240.620,1,1,131,131
55,decode,pi: build_attention_metadata,279.440,1699.860,1699.860,1,3240.620,1,1,131,131
55,decode,pi: sanitize_placeholder_ids,1.060,1.060,1.060,1,3240.620,1,1,131,131
55,decode,pi: sync_input_prep,127.680,3053.320,3053.320,1,3240.620,1,1,131,131
55,decode,pi: TOTAL,3240.620,3240.620,3240.620,1,3240.620,1,1,131,131
56,decode,pi: update_states,98.740,98.740,98.740,1,3220.830,1,1,131,131
56,decode,pi: tokens_list,1.060,1.060,1.060,1,3220.830,1,1,131,131
56,decode,pi: phase_classify,47.690,47.690,47.690,1,3220.830,1,1,131,131
56,decode,pi: in.block_table_commit,84.460,84.460,84.460,1,3220.830,1,1,131,131
56,decode,pi: in.req_indices,9.270,9.270,9.270,1,3220.830,1,1,131,131
56,decode,pi: in.attn_state,26.770,26.770,26.770,1,3220.830,1,1,131,131
56,decode,pi: in.positions,26.400,26.400,26.400,1,3220.830,1,1,131,131
56,decode,pi: in.prev_positions,29.530,29.530,29.530,1,3220.830,1,1,131,131
56,decode,pi: in.token_indices_select,24.460,24.460,24.460,1,3220.830,1,1,131,131
56,decode,pi: in.query_start_loc,27.380,27.380,27.380,1,3220.830,1,1,131,131
56,decode,pi: in.optimistic_seq_lens,48.470,48.470,48.470,1,3220.830,1,1,131,131
56,decode,pi: in.prepare_input_ids,65.860,65.860,65.860,1,3220.830,1,1,131,131
56,decode,pi: in.mrope_positions,39.680,39.680,39.680,1,3220.830,1,1,131,131
56,decode,pi: in.discard_mask,57.230,57.230,57.230,1,3220.830,1,1,131,131
56,decode,pi: in.num_accepted_tokens,14.110,14.110,14.110,1,3220.830,1,1,131,131
56,decode,pi: in.num_computed_tokens,18.390,18.390,18.390,1,3220.830,1,1,131,131
56,decode,pi: in.tokens_to_gpu,60.500,60.500,60.500,1,3220.830,1,1,131,131
56,decode,pi: in.positions_assembly,109.220,109.220,109.220,1,3220.830,1,1,131,131
56,decode,pi: in.seq_lens,53.180,53.180,53.180,1,3220.830,1,1,131,131
56,decode,pi: in.slot_mapping,135.830,135.830,135.830,1,3220.830,1,1,131,131
56,decode,pi: in.mrope_drift,0.630,0.630,0.630,1,3220.830,1,1,131,131
56,decode,pi: in.logits_indices,37.830,37.830,35.530,2,3220.830,1,1,131,131
56,decode,pi: prepare_inputs,95.990,965.190,965.190,1,3220.830,1,1,131,131
56,decode,pi: cascade_attn_prefix_lens,10.140,10.140,10.140,1,3220.830,1,1,131,131
56,decode,pi: batch_exec_and_padding,49.270,49.270,49.270,1,3220.830,1,1,131,131
56,decode,pi: ubatch_slices,1.430,1.430,1.430,1,3220.830,1,1,131,131
56,decode,pi: pad_query_start_loc,28.970,28.970,28.970,1,3220.830,1,1,131,131
56,decode,pi: am.max_seq_len,17.250,17.250,17.250,1,3220.830,1,1,131,131
56,decode,pi: am.cm_base_pre,73.080,73.080,73.080,1,3220.830,1,1,131,131
56,decode,pi: am.build.split_decodes,9.250,9.250,9.250,1,3220.830,1,1,131,131
56,decode,pi: am.build.seq_lens_select,8.620,8.620,8.620,1,3220.830,1,1,131,131
56,decode,pi: am.build.attn_mask,1.320,1.320,1.320,1,3220.830,1,1,131,131
56,decode,pi: am.build.qsl_h2d,32.870,32.870,32.870,1,3220.830,1,1,131,131
56,decode,pi: am.build.tolist,9.380,9.380,9.380,1,3220.830,1,1,131,131
56,decode,pi: am.build.fia_pad,2.480,2.480,2.480,1,3220.830,1,1,131,131
56,decode,pi: am.build.backend_metadata,15.090,15.090,15.090,1,3220.830,1,1,131,131
56,decode,pi: am.build.metadata_ctor,7.070,7.070,7.070,1,3220.830,1,1,131,131
56,decode,pi: am.builder_build@AscendAttentionMetadataBuilder,36.420,122.500,122.500,1,3220.830,1,1,131,131
56,decode,pi: am.builder_build,13.810,1240.290,389.970,4,3220.830,1,1,131,131
56,decode,pi: am.layer_assign,6.950,6.950,1.900,4,3220.830,1,1,131,131
56,decode,pi: am.group_loop,88.430,1335.670,413.390,4,3220.830,1,1,131,131
56,decode,pi: gdnb.treat_single_token,167.360,167.360,58.690,3,3220.830,1,1,131,131
56,decode,pi: gdnb.compute_num_computed_tokens,129.500,129.500,44.200,3,3220.830,1,1,131,131
56,decode,pi: gdnb.mamba_block_table,5.030,5.030,1.790,3,3220.830,1,1,131,131
56,decode,pi: gdnb.split_decodes,121.190,121.190,40.950,3,3220.830,1,1,131,131
56,decode,pi: gdnb.pad_graph_inputs,281.180,281.180,99.660,3,3220.830,1,1,131,131
56,decode,pi: gdnb.ctor,21.250,21.250,8.000,3,3220.830,1,1,131,131
56,decode,pi: gdnb.attach_prefill,2.620,2.620,0.930,3,3220.830,1,1,131,131
56,decode,pi: gdnb.attach_spec,2.350,2.350,0.810,3,3220.830,1,1,131,131
56,decode,pi: gdnb.build_actual_seq_lengths,161.390,161.390,54.310,3,3220.830,1,1,131,131
56,decode,pi: gdnb.attach_decode,39.540,200.930,68.140,3,3220.830,1,1,131,131
56,decode,pi: am.builder_build@AscendGDNAttentionMetadataBuilder,172.570,1103.980,386.750,3,3220.830,1,1,131,131
56,decode,pi: build_attention_metadata,280.530,1706.530,1706.530,1,3220.830,1,1,131,131
56,decode,pi: sanitize_placeholder_ids,1.100,1.100,1.100,1,3220.830,1,1,131,131
56,decode,pi: sync_input_prep,127.140,3037.260,3037.260,1,3220.830,1,1,131,131
56,decode,pi: TOTAL,3220.830,3220.830,3220.830,1,3220.830,1,1,131,131
57,decode,pi: update_states,98.540,98.540,98.540,1,3222.330,1,1,131,131
57,decode,pi: tokens_list,1.100,1.100,1.100,1,3222.330,1,1,131,131
57,decode,pi: phase_classify,47.750,47.750,47.750,1,3222.330,1,1,131,131
57,decode,pi: in.block_table_commit,81.300,81.300,81.300,1,3222.330,1,1,131,131
57,decode,pi: in.req_indices,9.040,9.040,9.040,1,3222.330,1,1,131,131
57,decode,pi: in.attn_state,26.120,26.120,26.120,1,3222.330,1,1,131,131
57,decode,pi: in.positions,24.440,24.440,24.440,1,3222.330,1,1,131,131
57,decode,pi: in.prev_positions,29.650,29.650,29.650,1,3222.330,1,1,131,131
57,decode,pi: in.token_indices_select,24.410,24.410,24.410,1,3222.330,1,1,131,131
57,decode,pi: in.query_start_loc,26.460,26.460,26.460,1,3222.330,1,1,131,131
57,decode,pi: in.optimistic_seq_lens,47.890,47.890,47.890,1,3222.330,1,1,131,131
57,decode,pi: in.prepare_input_ids,65.630,65.630,65.630,1,3222.330,1,1,131,131
57,decode,pi: in.mrope_positions,37.830,37.830,37.830,1,3222.330,1,1,131,131
57,decode,pi: in.discard_mask,57.150,57.150,57.150,1,3222.330,1,1,131,131
57,decode,pi: in.num_accepted_tokens,14.340,14.340,14.340,1,3222.330,1,1,131,131
57,decode,pi: in.num_computed_tokens,17.850,17.850,17.850,1,3222.330,1,1,131,131
57,decode,pi: in.tokens_to_gpu,61.350,61.350,61.350,1,3222.330,1,1,131,131
57,decode,pi: in.positions_assembly,107.720,107.720,107.720,1,3222.330,1,1,131,131
57,decode,pi: in.seq_lens,55.100,55.100,55.100,1,3222.330,1,1,131,131
57,decode,pi: in.slot_mapping,137.110,137.110,137.110,1,3222.330,1,1,131,131
57,decode,pi: in.mrope_drift,0.660,0.660,0.660,1,3222.330,1,1,131,131
57,decode,pi: in.logits_indices,38.800,38.800,36.020,2,3222.330,1,1,131,131
57,decode,pi: prepare_inputs,94.700,957.550,957.550,1,3222.330,1,1,131,131
57,decode,pi: cascade_attn_prefix_lens,10.540,10.540,10.540,1,3222.330,1,1,131,131
57,decode,pi: batch_exec_and_padding,48.660,48.660,48.660,1,3222.330,1,1,131,131
57,decode,pi: ubatch_slices,1.520,1.520,1.520,1,3222.330,1,1,131,131
57,decode,pi: pad_query_start_loc,29.700,29.700,29.700,1,3222.330,1,1,131,131
57,decode,pi: am.max_seq_len,18.520,18.520,18.520,1,3222.330,1,1,131,131
57,decode,pi: am.cm_base_pre,73.800,73.800,73.800,1,3222.330,1,1,131,131
57,decode,pi: am.build.split_decodes,9.500,9.500,9.500,1,3222.330,1,1,131,131
57,decode,pi: am.build.seq_lens_select,8.200,8.200,8.200,1,3222.330,1,1,131,131
57,decode,pi: am.build.attn_mask,1.120,1.120,1.120,1,3222.330,1,1,131,131
57,decode,pi: am.build.qsl_h2d,33.020,33.020,33.020,1,3222.330,1,1,131,131
57,decode,pi: am.build.tolist,9.710,9.710,9.710,1,3222.330,1,1,131,131
57,decode,pi: am.build.fia_pad,1.700,1.700,1.700,1,3222.330,1,1,131,131
57,decode,pi: am.build.backend_metadata,15.170,15.170,15.170,1,3222.330,1,1,131,131
57,decode,pi: am.build.metadata_ctor,6.660,6.660,6.660,1,3222.330,1,1,131,131
57,decode,pi: am.builder_build@AscendAttentionMetadataBuilder,35.700,120.780,120.780,1,3222.330,1,1,131,131
57,decode,pi: am.builder_build,13.650,1229.780,388.410,4,3222.330,1,1,131,131
57,decode,pi: am.layer_assign,7.190,7.190,1.950,4,3222.330,1,1,131,131
57,decode,pi: am.group_loop,104.980,1341.950,412.010,4,3222.330,1,1,131,131
57,decode,pi: gdnb.treat_single_token,166.480,166.480,58.150,3,3222.330,1,1,131,131
57,decode,pi: gdnb.compute_num_computed_tokens,124.440,124.440,44.000,3,3222.330,1,1,131,131
57,decode,pi: gdnb.mamba_block_table,5.210,5.210,1.960,3,3222.330,1,1,131,131
57,decode,pi: gdnb.split_decodes,117.280,117.280,42.370,3,3222.330,1,1,131,131
57,decode,pi: gdnb.pad_graph_inputs,282.270,282.270,99.250,3,3222.330,1,1,131,131
57,decode,pi: gdnb.ctor,21.750,21.750,8.340,3,3222.330,1,1,131,131
57,decode,pi: gdnb.attach_prefill,2.540,2.540,0.950,3,3222.330,1,1,131,131
57,decode,pi: gdnb.attach_spec,2.460,2.460,0.870,3,3222.330,1,1,131,131
57,decode,pi: gdnb.build_actual_seq_lengths,160.390,160.390,54.600,3,3222.330,1,1,131,131
57,decode,pi: gdnb.attach_decode,39.560,199.950,67.630,3,3222.330,1,1,131,131
57,decode,pi: am.builder_build@AscendGDNAttentionMetadataBuilder,172.970,1095.350,385.370,3,3222.330,1,1,131,131
57,decode,pi: build_attention_metadata,280.240,1714.510,1714.510,1,3222.330,1,1,131,131
57,decode,pi: sanitize_placeholder_ids,1.070,1.070,1.070,1,3222.330,1,1,131,131
57,decode,pi: sync_input_prep,127.860,3038.800,3038.800,1,3222.330,1,1,131,131
57,decode,pi: TOTAL,3222.330,3222.330,3222.330,1,3222.330,1,1,131,131
58,decode,pi: update_states,101.100,101.100,101.100,1,3241.770,1,1,131,131
58,decode,pi: tokens_list,1.030,1.030,1.030,1,3241.770,1,1,131,131
58,decode,pi: phase_classify,48.780,48.780,48.780,1,3241.770,1,1,131,131
58,decode,pi: in.block_table_commit,83.630,83.630,83.630,1,3241.770,1,1,131,131
58,decode,pi: in.req_indices,9.430,9.430,9.430,1,3241.770,1,1,131,131
58,decode,pi: in.attn_state,26.960,26.960,26.960,1,3241.770,1,1,131,131
58,decode,pi: in.positions,25.210,25.210,25.210,1,3241.770,1,1,131,131
58,decode,pi: in.prev_positions,29.510,29.510,29.510,1,3241.770,1,1,131,131
58,decode,pi: in.token_indices_select,25.220,25.220,25.220,1,3241.770,1,1,131,131
58,decode,pi: in.query_start_loc,27.800,27.800,27.800,1,3241.770,1,1,131,131
58,decode,pi: in.optimistic_seq_lens,49.280,49.280,49.280,1,3241.770,1,1,131,131
58,decode,pi: in.prepare_input_ids,65.550,65.550,65.550,1,3241.770,1,1,131,131
58,decode,pi: in.mrope_positions,39.300,39.300,39.300,1,3241.770,1,1,131,131
58,decode,pi: in.discard_mask,58.900,58.900,58.900,1,3241.770,1,1,131,131
58,decode,pi: in.num_accepted_tokens,14.350,14.350,14.350,1,3241.770,1,1,131,131
58,decode,pi: in.num_computed_tokens,17.780,17.780,17.780,1,3241.770,1,1,131,131
58,decode,pi: in.tokens_to_gpu,64.510,64.510,64.510,1,3241.770,1,1,131,131
58,decode,pi: in.positions_assembly,110.510,110.510,110.510,1,3241.770,1,1,131,131
58,decode,pi: in.seq_lens,56.140,56.140,56.140,1,3241.770,1,1,131,131
58,decode,pi: in.slot_mapping,135.970,135.970,135.970,1,3241.770,1,1,131,131
58,decode,pi: in.mrope_drift,0.710,0.710,0.710,1,3241.770,1,1,131,131
58,decode,pi: in.logits_indices,38.550,38.550,36.270,2,3241.770,1,1,131,131
58,decode,pi: prepare_inputs,96.890,976.200,976.200,1,3241.770,1,1,131,131
58,decode,pi: cascade_attn_prefix_lens,10.850,10.850,10.850,1,3241.770,1,1,131,131
58,decode,pi: batch_exec_and_padding,49.520,49.520,49.520,1,3241.770,1,1,131,131
58,decode,pi: ubatch_slices,1.550,1.550,1.550,1,3241.770,1,1,131,131
58,decode,pi: pad_query_start_loc,29.280,29.280,29.280,1,3241.770,1,1,131,131
58,decode,pi: am.max_seq_len,17.410,17.410,17.410,1,3241.770,1,1,131,131
58,decode,pi: am.cm_base_pre,73.980,73.980,73.980,1,3241.770,1,1,131,131
58,decode,pi: am.build.split_decodes,9.190,9.190,9.190,1,3241.770,1,1,131,131
58,decode,pi: am.build.seq_lens_select,8.590,8.590,8.590,1,3241.770,1,1,131,131
58,decode,pi: am.build.attn_mask,1.250,1.250,1.250,1,3241.770,1,1,131,131
58,decode,pi: am.build.qsl_h2d,33.000,33.000,33.000,1,3241.770,1,1,131,131
58,decode,pi: am.build.tolist,9.680,9.680,9.680,1,3241.770,1,1,131,131
58,decode,pi: am.build.fia_pad,1.740,1.740,1.740,1,3241.770,1,1,131,131
58,decode,pi: am.build.backend_metadata,15.750,15.750,15.750,1,3241.770,1,1,131,131
58,decode,pi: am.build.metadata_ctor,6.470,6.470,6.470,1,3241.770,1,1,131,131
58,decode,pi: am.builder_build@AscendAttentionMetadataBuilder,36.040,121.710,121.710,1,3241.770,1,1,131,131
58,decode,pi: am.builder_build,13.630,1224.260,389.370,4,3241.770,1,1,131,131
58,decode,pi: am.layer_assign,6.480,6.480,1.810,4,3241.770,1,1,131,131
58,decode,pi: am.group_loop,89.850,1320.590,412.980,4,3241.770,1,1,131,131
58,decode,pi: gdnb.treat_single_token,166.980,166.980,59.990,3,3241.770,1,1,131,131
58,decode,pi: gdnb.compute_num_computed_tokens,125.690,125.690,44.100,3,3241.770,1,1,131,131
58,decode,pi: gdnb.mamba_block_table,5.220,5.220,1.940,3,3241.770,1,1,131,131
58,decode,pi: gdnb.split_decodes,116.070,116.070,41.240,3,3241.770,1,1,131,131
58,decode,pi: gdnb.pad_graph_inputs,278.560,278.560,98.800,3,3241.770,1,1,131,131
58,decode,pi: gdnb.ctor,21.240,21.240,8.170,3,3241.770,1,1,131,131
58,decode,pi: gdnb.attach_prefill,2.600,2.600,0.970,3,3241.770,1,1,131,131
58,decode,pi: gdnb.attach_spec,2.560,2.560,1.000,3,3241.770,1,1,131,131
58,decode,pi: gdnb.build_actual_seq_lengths,162.330,162.330,55.050,3,3241.770,1,1,131,131
58,decode,pi: gdnb.attach_decode,39.380,201.710,68.970,3,3241.770,1,1,131,131
58,decode,pi: am.builder_build@AscendGDNAttentionMetadataBuilder,168.290,1088.920,386.480,3,3241.770,1,1,131,131
58,decode,pi: build_attention_metadata,289.290,1701.270,1701.270,1,3241.770,1,1,131,131
58,decode,pi: sanitize_placeholder_ids,1.230,1.230,1.230,1,3241.770,1,1,131,131
58,decode,pi: sync_input_prep,130.100,3050.910,3050.910,1,3241.770,1,1,131,131
58,decode,pi: TOTAL,3241.770,3241.770,3241.770,1,3241.770,1,1,131,131
59,decode,pi: update_states,98.780,98.780,98.780,1,3231.180,1,1,131,131
59,decode,pi: tokens_list,1.050,1.050,1.050,1,3231.180,1,1,131,131
59,decode,pi: phase_classify,48.400,48.400,48.400,1,3231.180,1,1,131,131
59,decode,pi: in.block_table_commit,86.150,86.150,86.150,1,3231.180,1,1,131,131
59,decode,pi: in.req_indices,9.280,9.280,9.280,1,3231.180,1,1,131,131
59,decode,pi: in.attn_state,27.000,27.000,27.000,1,3231.180,1,1,131,131
59,decode,pi: in.positions,24.810,24.810,24.810,1,3231.180,1,1,131,131
59,decode,pi: in.prev_positions,44.790,44.790,44.790,1,3231.180,1,1,131,131
59,decode,pi: in.token_indices_select,25.030,25.030,25.030,1,3231.180,1,1,131,131
59,decode,pi: in.query_start_loc,27.040,27.040,27.040,1,3231.180,1,1,131,131
59,decode,pi: in.optimistic_seq_lens,48.510,48.510,48.510,1,3231.180,1,1,131,131
59,decode,pi: in.prepare_input_ids,66.010,66.010,66.010,1,3231.180,1,1,131,131
59,decode,pi: in.mrope_positions,40.510,40.510,40.510,1,3231.180,1,1,131,131
59,decode,pi: in.discard_mask,57.500,57.500,57.500,1,3231.180,1,1,131,131
59,decode,pi: in.num_accepted_tokens,13.600,13.600,13.600,1,3231.180,1,1,131,131
59,decode,pi: in.num_computed_tokens,17.630,17.630,17.630,1,3231.180,1,1,131,131
59,decode,pi: in.tokens_to_gpu,59.360,59.360,59.360,1,3231.180,1,1,131,131
59,decode,pi: in.positions_assembly,110.000,110.000,110.000,1,3231.180,1,1,131,131
59,decode,pi: in.seq_lens,53.890,53.890,53.890,1,3231.180,1,1,131,131
59,decode,pi: in.slot_mapping,135.290,135.290,135.290,1,3231.180,1,1,131,131
59,decode,pi: in.mrope_drift,0.720,0.720,0.720,1,3231.180,1,1,131,131
59,decode,pi: in.logits_indices,39.230,39.230,36.460,2,3231.180,1,1,131,131
59,decode,pi: prepare_inputs,95.150,981.500,981.500,1,3231.180,1,1,131,131
59,decode,pi: cascade_attn_prefix_lens,10.690,10.690,10.690,1,3231.180,1,1,131,131
59,decode,pi: batch_exec_and_padding,48.710,48.710,48.710,1,3231.180,1,1,131,131
59,decode,pi: ubatch_slices,1.470,1.470,1.470,1,3231.180,1,1,131,131
59,decode,pi: pad_query_start_loc,29.620,29.620,29.620,1,3231.180,1,1,131,131
59,decode,pi: am.max_seq_len,18.150,18.150,18.150,1,3231.180,1,1,131,131
59,decode,pi: am.cm_base_pre,74.410,74.410,74.410,1,3231.180,1,1,131,131
59,decode,pi: am.build.split_decodes,9.290,9.290,9.290,1,3231.180,1,1,131,131
59,decode,pi: am.build.seq_lens_select,8.470,8.470,8.470,1,3231.180,1,1,131,131
59,decode,pi: am.build.attn_mask,1.250,1.250,1.250,1,3231.180,1,1,131,131
59,decode,pi: am.build.qsl_h2d,33.080,33.080,33.080,1,3231.180,1,1,131,131
59,decode,pi: am.build.tolist,9.510,9.510,9.510,1,3231.180,1,1,131,131
59,decode,pi: am.build.fia_pad,1.640,1.640,1.640,1,3231.180,1,1,131,131
59,decode,pi: am.build.backend_metadata,14.820,14.820,14.820,1,3231.180,1,1,131,131
59,decode,pi: am.build.metadata_ctor,6.310,6.310,6.310,1,3231.180,1,1,131,131
59,decode,pi: am.builder_build@AscendAttentionMetadataBuilder,34.530,118.900,118.900,1,3231.180,1,1,131,131
59,decode,pi: am.builder_build,13.510,1227.090,386.780,4,3231.180,1,1,131,131
59,decode,pi: am.layer_assign,6.830,6.830,1.950,4,3231.180,1,1,131,131
59,decode,pi: am.group_loop,88.870,1322.790,410.510,4,3231.180,1,1,131,131
59,decode,pi: gdnb.treat_single_token,167.910,167.910,59.230,3,3231.180,1,1,131,131
59,decode,pi: gdnb.compute_num_computed_tokens,123.780,123.780,42.590,3,3231.180,1,1,131,131
59,decode,pi: gdnb.mamba_block_table,4.920,4.920,1.760,3,3231.180,1,1,131,131
59,decode,pi: gdnb.split_decodes,117.900,117.900,40.690,3,3231.180,1,1,131,131
59,decode,pi: gdnb.pad_graph_inputs,280.580,280.580,99.090,3,3231.180,1,1,131,131
59,decode,pi: gdnb.ctor,20.860,20.860,7.880,3,3231.180,1,1,131,131
59,decode,pi: gdnb.attach_prefill,2.590,2.590,0.910,3,3231.180,1,1,131,131
59,decode,pi: gdnb.attach_spec,2.410,2.410,0.830,3,3231.180,1,1,131,131
59,decode,pi: gdnb.build_actual_seq_lengths,162.530,162.530,54.960,3,3231.180,1,1,131,131
59,decode,pi: gdnb.attach_decode,39.930,202.460,68.060,3,3231.180,1,1,131,131
59,decode,pi: am.builder_build@AscendGDNAttentionMetadataBuilder,171.270,1094.680,383.730,3,3231.180,1,1,131,131
59,decode,pi: build_attention_metadata,278.290,1693.640,1693.640,1,3231.180,1,1,131,131
59,decode,pi: sanitize_placeholder_ids,1.210,1.210,1.210,1,3231.180,1,1,131,131
59,decode,pi: sync_input_prep,128.830,3043.900,3043.900,1,3231.180,1,1,131,131
59,decode,pi: TOTAL,3231.180,3231.180,3231.180,1,3231.180,1,1,131,131
60,decode,pi: update_states,98.890,98.890,98.890,1,3212.280,1,1,131,131
60,decode,pi: tokens_list,1.020,1.020,1.020,1,3212.280,1,1,131,131
60,decode,pi: phase_classify,47.700,47.700,47.700,1,3212.280,1,1,131,131
60,decode,pi: in.block_table_commit,80.650,80.650,80.650,1,3212.280,1,1,131,131
60,decode,pi: in.req_indices,9.320,9.320,9.320,1,3212.280,1,1,131,131
60,decode,pi: in.attn_state,25.940,25.940,25.940,1,3212.280,1,1,131,131
60,decode,pi: in.positions,24.850,24.850,24.850,1,3212.280,1,1,131,131
60,decode,pi: in.prev_positions,29.660,29.660,29.660,1,3212.280,1,1,131,131
60,decode,pi: in.token_indices_select,24.710,24.710,24.710,1,3212.280,1,1,131,131
60,decode,pi: in.query_start_loc,27.130,27.130,27.130,1,3212.280,1,1,131,131
60,decode,pi: in.optimistic_seq_lens,48.760,48.760,48.760,1,3212.280,1,1,131,131
60,decode,pi: in.prepare_input_ids,65.330,65.330,65.330,1,3212.280,1,1,131,131
60,decode,pi: in.mrope_positions,38.410,38.410,38.410,1,3212.280,1,1,131,131
60,decode,pi: in.discard_mask,57.610,57.610,57.610,1,3212.280,1,1,131,131
60,decode,pi: in.num_accepted_tokens,13.960,13.960,13.960,1,3212.280,1,1,131,131
60,decode,pi: in.num_computed_tokens,16.910,16.910,16.910,1,3212.280,1,1,131,131
60,decode,pi: in.tokens_to_gpu,63.220,63.220,63.220,1,3212.280,1,1,131,131
60,decode,pi: in.positions_assembly,110.690,110.690,110.690,1,3212.280,1,1,131,131
60,decode,pi: in.seq_lens,55.080,55.080,55.080,1,3212.280,1,1,131,131
60,decode,pi: in.slot_mapping,135.100,135.100,135.100,1,3212.280,1,1,131,131
60,decode,pi: in.mrope_drift,0.780,0.780,0.780,1,3212.280,1,1,131,131
60,decode,pi: in.logits_indices,37.820,37.820,35.540,2,3212.280,1,1,131,131
60,decode,pi: prepare_inputs,94.980,960.910,960.910,1,3212.280,1,1,131,131
60,decode,pi: cascade_attn_prefix_lens,11.080,11.080,11.080,1,3212.280,1,1,131,131
60,decode,pi: batch_exec_and_padding,48.460,48.460,48.460,1,3212.280,1,1,131,131
60,decode,pi: ubatch_slices,1.440,1.440,1.440,1,3212.280,1,1,131,131
60,decode,pi: pad_query_start_loc,29.040,29.040,29.040,1,3212.280,1,1,131,131
60,decode,pi: am.max_seq_len,18.870,18.870,18.870,1,3212.280,1,1,131,131
60,decode,pi: am.cm_base_pre,73.950,73.950,73.950,1,3212.280,1,1,131,131
60,decode,pi: am.build.split_decodes,9.200,9.200,9.200,1,3212.280,1,1,131,131
60,decode,pi: am.build.seq_lens_select,8.610,8.610,8.610,1,3212.280,1,1,131,131
60,decode,pi: am.build.attn_mask,1.270,1.270,1.270,1,3212.280,1,1,131,131
60,decode,pi: am.build.qsl_h2d,33.350,33.350,33.350,1,3212.280,1,1,131,131
60,decode,pi: am.build.tolist,8.780,8.780,8.780,1,3212.280,1,1,131,131
60,decode,pi: am.build.fia_pad,1.680,1.680,1.680,1,3212.280,1,1,131,131
60,decode,pi: am.build.backend_metadata,14.980,14.980,14.980,1,3212.280,1,1,131,131
60,decode,pi: am.build.metadata_ctor,6.320,6.320,6.320,1,3212.280,1,1,131,131
60,decode,pi: am.builder_build@AscendAttentionMetadataBuilder,35.640,119.830,119.830,1,3212.280,1,1,131,131
60,decode,pi: am.builder_build,13.500,1228.820,386.800,4,3212.280,1,1,131,131
60,decode,pi: am.layer_assign,6.820,6.820,1.910,4,3212.280,1,1,131,131
60,decode,pi: am.group_loop,89.850,1325.490,411.220,4,3212.280,1,1,131,131
60,decode,pi: gdnb.treat_single_token,167.430,167.430,58.620,3,3212.280,1,1,131,131
60,decode,pi: gdnb.compute_num_computed_tokens,124.970,124.970,43.010,3,3212.280,1,1,131,131
60,decode,pi: gdnb.mamba_block_table,5.090,5.090,1.800,3,3212.280,1,1,131,131
60,decode,pi: gdnb.split_decodes,119.570,119.570,40.790,3,3212.280,1,1,131,131
60,decode,pi: gdnb.pad_graph_inputs,279.820,279.820,99.340,3,3212.280,1,1,131,131
60,decode,pi: gdnb.ctor,21.480,21.480,8.090,3,3212.280,1,1,131,131
60,decode,pi: gdnb.attach_prefill,2.630,2.630,0.920,3,3212.280,1,1,131,131
60,decode,pi: gdnb.attach_spec,2.430,2.430,0.860,3,3212.280,1,1,131,131
60,decode,pi: gdnb.build_actual_seq_lengths,162.490,162.490,55.360,3,3212.280,1,1,131,131
60,decode,pi: gdnb.attach_decode,39.370,201.860,69.300,3,3212.280,1,1,131,131
60,decode,pi: am.builder_build@AscendGDNAttentionMetadataBuilder,170.210,1095.490,383.780,3,3212.280,1,1,131,131
60,decode,pi: build_attention_metadata,279.940,1698.250,1698.250,1,3212.280,1,1,131,131
60,decode,pi: sanitize_placeholder_ids,1.120,1.120,1.120,1,3212.280,1,1,131,131
60,decode,pi: sync_input_prep,127.700,3025.610,3025.610,1,3212.280,1,1,131,131
60,decode,pi: TOTAL,3212.280,3212.280,3212.280,1,3212.280,1,1,131,131
61,decode,pi: update_states,98.500,98.500,98.500,1,3241.370,1,1,131,131
61,decode,pi: tokens_list,0.990,0.990,0.990,1,3241.370,1,1,131,131
61,decode,pi: phase_classify,46.750,46.750,46.750,1,3241.370,1,1,131,131
61,decode,pi: in.block_table_commit,83.340,83.340,83.340,1,3241.370,1,1,131,131
61,decode,pi: in.req_indices,9.440,9.440,9.440,1,3241.370,1,1,131,131
61,decode,pi: in.attn_state,26.770,26.770,26.770,1,3241.370,1,1,131,131
61,decode,pi: in.positions,24.890,24.890,24.890,1,3241.370,1,1,131,131
61,decode,pi: in.prev_positions,30.270,30.270,30.270,1,3241.370,1,1,131,131
61,decode,pi: in.token_indices_select,24.900,24.900,24.900,1,3241.370,1,1,131,131
61,decode,pi: in.query_start_loc,26.780,26.780,26.780,1,3241.370,1,1,131,131
61,decode,pi: in.optimistic_seq_lens,47.860,47.860,47.860,1,3241.370,1,1,131,131
61,decode,pi: in.prepare_input_ids,65.680,65.680,65.680,1,3241.370,1,1,131,131
61,decode,pi: in.mrope_positions,39.040,39.040,39.040,1,3241.370,1,1,131,131
61,decode,pi: in.discard_mask,57.910,57.910,57.910,1,3241.370,1,1,131,131
61,decode,pi: in.num_accepted_tokens,13.870,13.870,13.870,1,3241.370,1,1,131,131
61,decode,pi: in.num_computed_tokens,17.860,17.860,17.860,1,3241.370,1,1,131,131
61,decode,pi: in.tokens_to_gpu,60.660,60.660,60.660,1,3241.370,1,1,131,131
61,decode,pi: in.positions_assembly,110.870,110.870,110.870,1,3241.370,1,1,131,131
61,decode,pi: in.seq_lens,54.730,54.730,54.730,1,3241.370,1,1,131,131
61,decode,pi: in.slot_mapping,137.790,137.790,137.790,1,3241.370,1,1,131,131
61,decode,pi: in.mrope_drift,0.680,0.680,0.680,1,3241.370,1,1,131,131
61,decode,pi: in.logits_indices,39.070,39.070,36.250,2,3241.370,1,1,131,131
61,decode,pi: prepare_inputs,95.710,968.120,968.120,1,3241.370,1,1,131,131
61,decode,pi: cascade_attn_prefix_lens,10.870,10.870,10.870,1,3241.370,1,1,131,131
61,decode,pi: batch_exec_and_padding,48.920,48.920,48.920,1,3241.370,1,1,131,131
61,decode,pi: ubatch_slices,1.490,1.490,1.490,1,3241.370,1,1,131,131
61,decode,pi: pad_query_start_loc,29.070,29.070,29.070,1,3241.370,1,1,131,131
61,decode,pi: am.max_seq_len,18.790,18.790,18.790,1,3241.370,1,1,131,131
61,decode,pi: am.cm_base_pre,72.130,72.130,72.130,1,3241.370,1,1,131,131
61,decode,pi: am.build.split_decodes,9.120,9.120,9.120,1,3241.370,1,1,131,131
61,decode,pi: am.build.seq_lens_select,8.730,8.730,8.730,1,3241.370,1,1,131,131
61,decode,pi: am.build.attn_mask,1.230,1.230,1.230,1,3241.370,1,1,131,131
61,decode,pi: am.build.qsl_h2d,32.990,32.990,32.990,1,3241.370,1,1,131,131
61,decode,pi: am.build.tolist,8.840,8.840,8.840,1,3241.370,1,1,131,131
61,decode,pi: am.build.fia_pad,1.770,1.770,1.770,1,3241.370,1,1,131,131
61,decode,pi: am.build.backend_metadata,14.630,14.630,14.630,1,3241.370,1,1,131,131
61,decode,pi: am.build.metadata_ctor,6.340,6.340,6.340,1,3241.370,1,1,131,131
61,decode,pi: am.builder_build@AscendAttentionMetadataBuilder,35.990,119.640,119.640,1,3241.370,1,1,131,131
61,decode,pi: am.builder_build,13.850,1255.630,390.970,4,3241.370,1,1,131,131
61,decode,pi: am.layer_assign,6.940,6.940,1.930,4,3241.370,1,1,131,131
61,decode,pi: am.group_loop,88.390,1350.960,413.880,4,3241.370,1,1,131,131
61,decode,pi: gdnb.treat_single_token,168.510,168.510,58.560,3,3241.370,1,1,131,131
61,decode,pi: gdnb.compute_num_computed_tokens,128.900,128.900,44.230,3,3241.370,1,1,131,131
61,decode,pi: gdnb.mamba_block_table,4.810,4.810,1.840,3,3241.370,1,1,131,131
61,decode,pi: gdnb.split_decodes,135.650,135.650,56.390,3,3241.370,1,1,131,131
61,decode,pi: gdnb.pad_graph_inputs,284.370,284.370,100.640,3,3241.370,1,1,131,131
61,decode,pi: gdnb.ctor,21.740,21.740,8.140,3,3241.370,1,1,131,131
61,decode,pi: gdnb.attach_prefill,2.570,2.570,0.940,3,3241.370,1,1,131,131
61,decode,pi: gdnb.attach_spec,2.510,2.510,0.870,3,3241.370,1,1,131,131
61,decode,pi: gdnb.build_actual_seq_lengths,161.870,161.870,55.760,3,3241.370,1,1,131,131
61,decode,pi: gdnb.attach_decode,39.170,201.040,69.560,3,3241.370,1,1,131,131
61,decode,pi: am.builder_build@AscendGDNAttentionMetadataBuilder,172.040,1122.140,387.910,3,3241.370,1,1,131,131
61,decode,pi: build_attention_metadata,277.700,1719.580,1719.580,1,3241.370,1,1,131,131
61,decode,pi: sanitize_placeholder_ids,1.110,1.110,1.110,1,3241.370,1,1,131,131
61,decode,pi: sync_input_prep,128.330,3053.730,3053.730,1,3241.370,1,1,131,131
61,decode,pi: TOTAL,3241.370,3241.370,3241.370,1,3241.370,1,1,131,131
62,decode,pi: update_states,99.230,99.230,99.230,1,3238.370,1,1,131,131
62,decode,pi: tokens_list,0.970,0.970,0.970,1,3238.370,1,1,131,131
62,decode,pi: phase_classify,47.320,47.320,47.320,1,3238.370,1,1,131,131
62,decode,pi: in.block_table_commit,86.050,86.050,86.050,1,3238.370,1,1,131,131
62,decode,pi: in.req_indices,9.450,9.450,9.450,1,3238.370,1,1,131,131
62,decode,pi: in.attn_state,26.640,26.640,26.640,1,3238.370,1,1,131,131
62,decode,pi: in.positions,24.870,24.870,24.870,1,3238.370,1,1,131,131
62,decode,pi: in.prev_positions,30.020,30.020,30.020,1,3238.370,1,1,131,131
62,decode,pi: in.token_indices_select,24.750,24.750,24.750,1,3238.370,1,1,131,131
62,decode,pi: in.query_start_loc,26.510,26.510,26.510,1,3238.370,1,1,131,131
62,decode,pi: in.optimistic_seq_lens,48.800,48.800,48.800,1,3238.370,1,1,131,131
62,decode,pi: in.prepare_input_ids,66.050,66.050,66.050,1,3238.370,1,1,131,131
62,decode,pi: in.mrope_positions,39.470,39.470,39.470,1,3238.370,1,1,131,131
62,decode,pi: in.discard_mask,57.820,57.820,57.820,1,3238.370,1,1,131,131
62,decode,pi: in.num_accepted_tokens,14.190,14.190,14.190,1,3238.370,1,1,131,131
62,decode,pi: in.num_computed_tokens,17.970,17.970,17.970,1,3238.370,1,1,131,131
62,decode,pi: in.tokens_to_gpu,62.410,62.410,62.410,1,3238.370,1,1,131,131
62,decode,pi: in.positions_assembly,111.110,111.110,111.110,1,3238.370,1,1,131,131
62,decode,pi: in.seq_lens,54.730,54.730,54.730,1,3238.370,1,1,131,131
62,decode,pi: in.slot_mapping,134.030,134.030,134.030,1,3238.370,1,1,131,131
62,decode,pi: in.mrope_drift,0.740,0.740,0.740,1,3238.370,1,1,131,131
62,decode,pi: in.logits_indices,37.880,37.880,35.790,2,3238.370,1,1,131,131
62,decode,pi: prepare_inputs,95.740,969.230,969.230,1,3238.370,1,1,131,131
62,decode,pi: cascade_attn_prefix_lens,10.820,10.820,10.820,1,3238.370,1,1,131,131
62,decode,pi: batch_exec_and_padding,65.020,65.020,65.020,1,3238.370,1,1,131,131
62,decode,pi: ubatch_slices,1.500,1.500,1.500,1,3238.370,1,1,131,131
62,decode,pi: pad_query_start_loc,30.540,30.540,30.540,1,3238.370,1,1,131,131
62,decode,pi: am.max_seq_len,18.290,18.290,18.290,1,3238.370,1,1,131,131
62,decode,pi: am.cm_base_pre,74.910,74.910,74.910,1,3238.370,1,1,131,131
62,decode,pi: am.build.split_decodes,9.700,9.700,9.700,1,3238.370,1,1,131,131
62,decode,pi: am.build.seq_lens_select,8.930,8.930,8.930,1,3238.370,1,1,131,131
62,decode,pi: am.build.attn_mask,1.240,1.240,1.240,1,3238.370,1,1,131,131
62,decode,pi: am.build.qsl_h2d,32.190,32.190,32.190,1,3238.370,1,1,131,131
62,decode,pi: am.build.tolist,9.000,9.000,9.000,1,3238.370,1,1,131,131
62,decode,pi: am.build.fia_pad,1.870,1.870,1.870,1,3238.370,1,1,131,131
62,decode,pi: am.build.backend_metadata,14.760,14.760,14.760,1,3238.370,1,1,131,131
62,decode,pi: am.build.metadata_ctor,6.150,6.150,6.150,1,3238.370,1,1,131,131
62,decode,pi: am.builder_build@AscendAttentionMetadataBuilder,35.990,119.830,119.830,1,3238.370,1,1,131,131
62,decode,pi: am.builder_build,13.570,1231.170,392.370,4,3238.370,1,1,131,131
62,decode,pi: am.layer_assign,6.560,6.560,1.800,4,3238.370,1,1,131,131
62,decode,pi: am.group_loop,87.970,1325.700,415.850,4,3238.370,1,1,131,131
62,decode,pi: gdnb.treat_single_token,166.160,166.160,58.800,3,3238.370,1,1,131,131
62,decode,pi: gdnb.compute_num_computed_tokens,126.500,126.500,44.320,3,3238.370,1,1,131,131
62,decode,pi: gdnb.mamba_block_table,4.800,4.800,1.850,3,3238.370,1,1,131,131
62,decode,pi: gdnb.split_decodes,119.030,119.030,42.490,3,3238.370,1,1,131,131
62,decode,pi: gdnb.pad_graph_inputs,281.570,281.570,100.520,3,3238.370,1,1,131,131
62,decode,pi: gdnb.ctor,21.410,21.410,8.000,3,3238.370,1,1,131,131
62,decode,pi: gdnb.attach_prefill,2.580,2.580,0.920,3,3238.370,1,1,131,131
62,decode,pi: gdnb.attach_spec,2.530,2.530,0.890,3,3238.370,1,1,131,131
62,decode,pi: gdnb.build_actual_seq_lengths,165.050,165.050,56.400,3,3238.370,1,1,131,131
62,decode,pi: gdnb.attach_decode,39.280,204.330,69.900,3,3238.370,1,1,131,131
62,decode,pi: am.builder_build@AscendGDNAttentionMetadataBuilder,168.860,1097.770,389.420,3,3238.370,1,1,131,131
62,decode,pi: build_attention_metadata,278.330,1697.230,1697.230,1,3238.370,1,1,131,131
62,decode,pi: sanitize_placeholder_ids,1.160,1.160,1.160,1,3238.370,1,1,131,131
62,decode,pi: sync_input_prep,127.780,3050.800,3050.800,1,3238.370,1,1,131,131
62,decode,pi: TOTAL,3238.370,3238.370,3238.370,1,3238.370,1,1,131,131
63,decode,pi: update_states,98.060,98.060,98.060,1,3231.960,1,1,131,131
63,decode,pi: tokens_list,1.010,1.010,1.010,1,3231.960,1,1,131,131
63,decode,pi: phase_classify,61.030,61.030,61.030,1,3231.960,1,1,131,131
63,decode,pi: in.block_table_commit,84.930,84.930,84.930,1,3231.960,1,1,131,131
63,decode,pi: in.req_indices,9.510,9.510,9.510,1,3231.960,1,1,131,131
63,decode,pi: in.attn_state,26.860,26.860,26.860,1,3231.960,1,1,131,131
63,decode,pi: in.positions,24.980,24.980,24.980,1,3231.960,1,1,131,131
63,decode,pi: in.prev_positions,30.430,30.430,30.430,1,3231.960,1,1,131,131
63,decode,pi: in.token_indices_select,24.660,24.660,24.660,1,3231.960,1,1,131,131
63,decode,pi: in.query_start_loc,26.530,26.530,26.530,1,3231.960,1,1,131,131
63,decode,pi: in.optimistic_seq_lens,48.330,48.330,48.330,1,3231.960,1,1,131,131
63,decode,pi: in.prepare_input_ids,66.280,66.280,66.280,1,3231.960,1,1,131,131
63,decode,pi: in.mrope_positions,39.400,39.400,39.400,1,3231.960,1,1,131,131
63,decode,pi: in.discard_mask,58.340,58.340,58.340,1,3231.960,1,1,131,131
63,decode,pi: in.num_accepted_tokens,13.850,13.850,13.850,1,3231.960,1,1,131,131
63,decode,pi: in.num_computed_tokens,17.940,17.940,17.940,1,3231.960,1,1,131,131
63,decode,pi: in.tokens_to_gpu,60.500,60.500,60.500,1,3231.960,1,1,131,131
63,decode,pi: in.positions_assembly,110.490,110.490,110.490,1,3231.960,1,1,131,131
63,decode,pi: in.seq_lens,54.640,54.640,54.640,1,3231.960,1,1,131,131
63,decode,pi: in.slot_mapping,138.240,138.240,138.240,1,3231.960,1,1,131,131
63,decode,pi: in.mrope_drift,0.710,0.710,0.710,1,3231.960,1,1,131,131
63,decode,pi: in.logits_indices,39.180,39.180,36.530,2,3231.960,1,1,131,131
63,decode,pi: prepare_inputs,95.400,971.200,971.200,1,3231.960,1,1,131,131
63,decode,pi: cascade_attn_prefix_lens,10.310,10.310,10.310,1,3231.960,1,1,131,131
63,decode,pi: batch_exec_and_padding,48.630,48.630,48.630,1,3231.960,1,1,131,131
63,decode,pi: ubatch_slices,1.350,1.350,1.350,1,3231.960,1,1,131,131
63,decode,pi: pad_query_start_loc,29.510,29.510,29.510,1,3231.960,1,1,131,131
63,decode,pi: am.max_seq_len,18.470,18.470,18.470,1,3231.960,1,1,131,131
63,decode,pi: am.cm_base_pre,75.100,75.100,75.100,1,3231.960,1,1,131,131
63,decode,pi: am.build.split_decodes,9.150,9.150,9.150,1,3231.960,1,1,131,131
63,decode,pi: am.build.seq_lens_select,8.530,8.530,8.530,1,3231.960,1,1,131,131
63,decode,pi: am.build.attn_mask,1.240,1.240,1.240,1,3231.960,1,1,131,131
63,decode,pi: am.build.qsl_h2d,32.660,32.660,32.660,1,3231.960,1,1,131,131
63,decode,pi: am.build.tolist,9.750,9.750,9.750,1,3231.960,1,1,131,131
63,decode,pi: am.build.fia_pad,1.770,1.770,1.770,1,3231.960,1,1,131,131
63,decode,pi: am.build.backend_metadata,14.810,14.810,14.810,1,3231.960,1,1,131,131
63,decode,pi: am.build.metadata_ctor,6.270,6.270,6.270,1,3231.960,1,1,131,131
63,decode,pi: am.builder_build@AscendAttentionMetadataBuilder,35.120,119.300,119.300,1,3231.960,1,1,131,131
63,decode,pi: am.builder_build,13.380,1225.840,387.970,4,3231.960,1,1,131,131
63,decode,pi: am.layer_assign,6.820,6.820,1.920,4,3231.960,1,1,131,131
63,decode,pi: am.group_loop,87.740,1320.400,411.710,4,3231.960,1,1,131,131
63,decode,pi: gdnb.treat_single_token,166.700,166.700,59.120,3,3231.960,1,1,131,131
63,decode,pi: gdnb.compute_num_computed_tokens,123.760,123.760,43.740,3,3231.960,1,1,131,131
63,decode,pi: gdnb.mamba_block_table,5.080,5.080,2.090,3,3231.960,1,1,131,131
63,decode,pi: gdnb.split_decodes,117.990,117.990,41.640,3,3231.960,1,1,131,131
63,decode,pi: gdnb.pad_graph_inputs,281.060,281.060,99.980,3,3231.960,1,1,131,131
63,decode,pi: gdnb.ctor,21.650,21.650,8.770,3,3231.960,1,1,131,131
63,decode,pi: gdnb.attach_prefill,2.810,2.810,0.980,3,3231.960,1,1,131,131
63,decode,pi: gdnb.attach_spec,2.490,2.490,0.850,3,3231.960,1,1,131,131
63,decode,pi: gdnb.build_actual_seq_lengths,161.050,161.050,54.790,3,3231.960,1,1,131,131
63,decode,pi: gdnb.attach_decode,39.800,200.850,67.750,3,3231.960,1,1,131,131
63,decode,pi: am.builder_build@AscendGDNAttentionMetadataBuilder,170.770,1093.160,385.040,3,3231.960,1,1,131,131
63,decode,pi: build_attention_metadata,279.170,1693.140,1693.140,1,3231.960,1,1,131,131
63,decode,pi: sanitize_placeholder_ids,1.130,1.130,1.130,1,3231.960,1,1,131,131
63,decode,pi: sync_input_prep,128.290,3043.660,3043.660,1,3231.960,1,1,131,131
63,decode,pi: TOTAL,3231.960,3231.960,3231.960,1,3231.960,1,1,131,131
64,decode,pi: update_states,98.340,98.340,98.340,1,3248.790,1,1,131,131
64,decode,pi: tokens_list,1.050,1.050,1.050,1,3248.790,1,1,131,131
64,decode,pi: phase_classify,48.360,48.360,48.360,1,3248.790,1,1,131,131
64,decode,pi: in.block_table_commit,85.410,85.410,85.410,1,3248.790,1,1,131,131
64,decode,pi: in.req_indices,9.410,9.410,9.410,1,3248.790,1,1,131,131
64,decode,pi: in.attn_state,26.440,26.440,26.440,1,3248.790,1,1,131,131
64,decode,pi: in.positions,25.520,25.520,25.520,1,3248.790,1,1,131,131
64,decode,pi: in.prev_positions,29.650,29.650,29.650,1,3248.790,1,1,131,131
64,decode,pi: in.token_indices_select,24.820,24.820,24.820,1,3248.790,1,1,131,131
64,decode,pi: in.query_start_loc,27.330,27.330,27.330,1,3248.790,1,1,131,131
64,decode,pi: in.optimistic_seq_lens,48.430,48.430,48.430,1,3248.790,1,1,131,131
64,decode,pi: in.prepare_input_ids,66.190,66.190,66.190,1,3248.790,1,1,131,131
64,decode,pi: in.mrope_positions,39.160,39.160,39.160,1,3248.790,1,1,131,131
64,decode,pi: in.discard_mask,58.020,58.020,58.020,1,3248.790,1,1,131,131
64,decode,pi: in.num_accepted_tokens,13.800,13.800,13.800,1,3248.790,1,1,131,131
64,decode,pi: in.num_computed_tokens,17.720,17.720,17.720,1,3248.790,1,1,131,131
64,decode,pi: in.tokens_to_gpu,61.770,61.770,61.770,1,3248.790,1,1,131,131
64,decode,pi: in.positions_assembly,108.990,108.990,108.990,1,3248.790,1,1,131,131
64,decode,pi: in.seq_lens,55.230,55.230,55.230,1,3248.790,1,1,131,131
64,decode,pi: in.slot_mapping,135.340,135.340,135.340,1,3248.790,1,1,131,131
64,decode,pi: in.mrope_drift,0.670,0.670,0.670,1,3248.790,1,1,131,131
64,decode,pi: in.logits_indices,39.730,39.730,37.410,2,3248.790,1,1,131,131
64,decode,pi: prepare_inputs,95.130,968.760,968.760,1,3248.790,1,1,131,131
64,decode,pi: cascade_attn_prefix_lens,10.740,10.740,10.740,1,3248.790,1,1,131,131
64,decode,pi: batch_exec_and_padding,49.120,49.120,49.120,1,3248.790,1,1,131,131
64,decode,pi: ubatch_slices,1.460,1.460,1.460,1,3248.790,1,1,131,131
64,decode,pi: pad_query_start_loc,29.640,29.640,29.640,1,3248.790,1,1,131,131
64,decode,pi: am.max_seq_len,18.630,18.630,18.630,1,3248.790,1,1,131,131
64,decode,pi: am.cm_base_pre,74.930,74.930,74.930,1,3248.790,1,1,131,131
64,decode,pi: am.build.split_decodes,9.280,9.280,9.280,1,3248.790,1,1,131,131
64,decode,pi: am.build.seq_lens_select,8.510,8.510,8.510,1,3248.790,1,1,131,131
64,decode,pi: am.build.attn_mask,1.320,1.320,1.320,1,3248.790,1,1,131,131
64,decode,pi: am.build.qsl_h2d,32.120,32.120,32.120,1,3248.790,1,1,131,131
64,decode,pi: am.build.tolist,10.050,10.050,10.050,1,3248.790,1,1,131,131
64,decode,pi: am.build.fia_pad,1.680,1.680,1.680,1,3248.790,1,1,131,131
64,decode,pi: am.build.backend_metadata,15.160,15.160,15.160,1,3248.790,1,1,131,131
64,decode,pi: am.build.metadata_ctor,6.470,6.470,6.470,1,3248.790,1,1,131,131
64,decode,pi: am.builder_build@AscendAttentionMetadataBuilder,35.540,120.130,120.130,1,3248.790,1,1,131,131
64,decode,pi: am.builder_build,12.990,1238.250,391.540,4,3248.790,1,1,131,131
64,decode,pi: am.layer_assign,6.630,6.630,1.890,4,3248.790,1,1,131,131
64,decode,pi: am.group_loop,87.800,1332.680,415.230,4,3248.790,1,1,131,131
64,decode,pi: gdnb.treat_single_token,168.820,168.820,59.130,3,3248.790,1,1,131,131
64,decode,pi: gdnb.compute_num_computed_tokens,129.540,129.540,45.650,3,3248.790,1,1,131,131
64,decode,pi: gdnb.mamba_block_table,4.770,4.770,1.680,3,3248.790,1,1,131,131
64,decode,pi: gdnb.split_decodes,121.360,121.360,41.300,3,3248.790,1,1,131,131
64,decode,pi: gdnb.pad_graph_inputs,282.070,282.070,100.430,3,3248.790,1,1,131,131
64,decode,pi: gdnb.ctor,21.390,21.390,8.100,3,3248.790,1,1,131,131
64,decode,pi: gdnb.attach_prefill,2.780,2.780,0.990,3,3248.790,1,1,131,131
64,decode,pi: gdnb.attach_spec,2.490,2.490,0.880,3,3248.790,1,1,131,131
64,decode,pi: gdnb.build_actual_seq_lengths,161.530,161.530,54.710,3,3248.790,1,1,131,131
64,decode,pi: gdnb.attach_decode,39.430,200.960,67.940,3,3248.790,1,1,131,131
64,decode,pi: am.builder_build@AscendGDNAttentionMetadataBuilder,170.950,1105.130,388.680,3,3248.790,1,1,131,131
64,decode,pi: build_attention_metadata,278.380,1704.620,1704.620,1,3248.790,1,1,131,131
64,decode,pi: sanitize_placeholder_ids,1.080,1.080,1.080,1,3248.790,1,1,131,131
64,decode,pi: sync_input_prep,128.040,3041.210,3041.210,1,3248.790,1,1,131,131
64,decode,pi: TOTAL,3248.790,3248.790,3248.790,1,3248.790,1,1,131,131
65,unknown,pi: update_states,203.600,203.600,203.600,1,295.360,-1,-1,131,131
65,unknown,pi: sync_input_prep,86.320,289.920,289.920,1,295.360,-1,-1,131,131
65,unknown,pi: TOTAL,295.360,295.360,295.360,1,295.360,-1,-1,131,131
66,unknown,pi: update_states,93.350,93.350,93.350,1,152.310,-1,-1,131,131
66,unknown,pi: sync_input_prep,53.810,147.160,147.160,1,152.310,-1,-1,131,131
66,unknown,pi: TOTAL,152.310,152.310,152.310,1,152.310,-1,-1,131,131
67,prefill,pi: update_states,463.330,463.330,463.330,1,6905.320,1,99,131,131
67,prefill,pi: tokens_list,1.100,1.100,1.100,1,6905.320,1,99,131,131
67,prefill,pi: phase_classify,64.540,64.540,64.540,1,6905.320,1,99,131,131
67,prefill,pi: in.block_table_commit,97.710,97.710,97.710,1,6905.320,1,99,131,131
67,prefill,pi: in.req_indices,9.190,9.190,9.190,1,6905.320,1,99,131,131
67,prefill,pi: in.attn_state,21.460,21.460,21.460,1,6905.320,1,99,131,131
67,prefill,pi: in.positions,29.770,29.770,29.770,1,6905.320,1,99,131,131
67,prefill,pi: in.prev_positions,4.060,4.060,4.060,1,6905.320,1,99,131,131
67,prefill,pi: in.token_indices_select,32.680,32.680,32.680,1,6905.320,1,99,131,131
67,prefill,pi: in.query_start_loc,29.790,29.790,29.790,1,6905.320,1,99,131,131
67,prefill,pi: in.optimistic_seq_lens,61.060,61.060,61.060,1,6905.320,1,99,131,131
67,prefill,pi: in.prepare_input_ids,26.230,26.230,26.230,1,6905.320,1,99,131,131
67,prefill,pi: in.mrope_positions,56.560,56.560,56.560,1,6905.320,1,99,131,131
67,prefill,pi: in.discard_mask,64.270,64.270,64.270,1,6905.320,1,99,131,131
67,prefill,pi: in.num_accepted_tokens,14.820,14.820,14.820,1,6905.320,1,99,131,131
67,prefill,pi: in.num_computed_tokens,17.940,17.940,17.940,1,6905.320,1,99,131,131
67,prefill,pi: in.tokens_to_gpu,61.860,61.860,61.860,1,6905.320,1,99,131,131
67,prefill,pi: in.positions_assembly,156.770,156.770,156.770,1,6905.320,1,99,131,131
67,prefill,pi: in.seq_lens,58.210,58.210,58.210,1,6905.320,1,99,131,131
67,prefill,pi: in.slot_mapping,158.500,158.500,158.500,1,6905.320,1,99,131,131
67,prefill,pi: in.mrope_drift,0.670,0.670,0.670,1,6905.320,1,99,131,131
67,prefill,pi: in.logits_indices,47.110,47.110,44.320,2,6905.320,1,99,131,131
67,prefill,pi: prepare_inputs,98.320,1046.980,1046.980,1,6905.320,1,99,131,131
67,prefill,pi: cascade_attn_prefix_lens,12.150,12.150,12.150,1,6905.320,1,99,131,131
67,prefill,pi: batch_exec_and_padding,45.520,45.520,45.520,1,6905.320,1,99,131,131
67,prefill,pi: ubatch_slices,1.600,1.600,1.600,1,6905.320,1,99,131,131
67,prefill,pi: am.max_seq_len,18.370,18.370,18.370,1,6905.320,1,99,131,131
67,prefill,pi: am.cm_base_pre,78.580,78.580,78.580,1,6905.320,1,99,131,131
67,prefill,pi: am.build.split_decodes,32.840,32.840,32.840,1,6905.320,1,99,131,131
67,prefill,pi: am.build.seq_lens_select,8.370,8.370,8.370,1,6905.320,1,99,131,131
67,prefill,pi: am.build.attn_mask,1.740,1.740,1.740,1,6905.320,1,99,131,131
67,prefill,pi: am.build.qsl_h2d,42.360,42.360,42.360,1,6905.320,1,99,131,131
67,prefill,pi: am.build.tolist,11.260,11.260,11.260,1,6905.320,1,99,131,131
67,prefill,pi: am.build.fia_pad,1.780,1.780,1.780,1,6905.320,1,99,131,131
67,prefill,pi: am.build.backend_metadata,13.000,13.000,13.000,1,6905.320,1,99,131,131
67,prefill,pi: am.build.metadata_ctor,6.990,6.990,6.990,1,6905.320,1,99,131,131
67,prefill,pi: am.builder_build@AscendAttentionMetadataBuilder,38.550,156.890,156.890,1,6905.320,1,99,131,131
67,prefill,pi: am.builder_build,13.950,4347.420,1547.300,4,6905.320,1,99,131,131
67,prefill,pi: am.layer_assign,8.410,8.410,2.270,4,6905.320,1,99,131,131
67,prefill,pi: am.group_loop,103.240,4459.070,1574.370,4,6905.320,1,99,131,131
67,prefill,pi: gdnb.treat_single_token,205.030,205.030,75.740,3,6905.320,1,99,131,131
67,prefill,pi: gdnb.compute_num_computed_tokens,130.300,130.300,44.960,3,6905.320,1,99,131,131
67,prefill,pi: gdnb.mamba_block_table,5.330,5.330,1.860,3,6905.320,1,99,131,131
67,prefill,pi: gdnb.split_decodes,59.270,59.270,20.960,3,6905.320,1,99,131,131
67,prefill,pi: gdnb.ctor,28.150,28.150,11.300,3,6905.320,1,99,131,131
67,prefill,pi: gdnb.attach_prefill,42.760,42.760,16.270,3,6905.320,1,99,131,131
67,prefill,pi: gdnb.attach_spec,2.990,2.990,1.110,3,6905.320,1,99,131,131
67,prefill,pi: gdnb.build_actual_seq_lengths,262.400,262.400,94.460,3,6905.320,1,99,131,131
67,prefill,pi: gdnb.attach_decode,37.790,300.190,107.500,3,6905.320,1,99,131,131
67,prefill,pi: am.builder_build@AscendGDNAttentionMetadataBuilder,3402.560,4176.580,1543.940,3,6905.320,1,99,131,131
67,prefill,pi: build_attention_metadata,311.180,4867.200,4867.200,1,6905.320,1,99,131,131
67,prefill,pi: sanitize_placeholder_ids,1.140,1.140,1.140,1,6905.320,1,99,131,131
67,prefill,pi: sync_input_prep,127.650,6631.210,6631.210,1,6905.320,1,99,131,131
67,prefill,pi: TOTAL,6905.320,6905.320,6905.320,1,6905.320,1,99,131,131
68,decode,pi: update_states,106.910,106.910,106.910,1,3431.140,1,1,131,131
68,decode,pi: tokens_list,0.990,0.990,0.990,1,3431.140,1,1,131,131
68,decode,pi: phase_classify,99.970,99.970,99.970,1,3431.140,1,1,131,131
68,decode,pi: in.block_table_commit,89.350,89.350,89.350,1,3431.140,1,1,131,131
68,decode,pi: in.req_indices,10.650,10.650,10.650,1,3431.140,1,1,131,131
68,decode,pi: in.attn_state,29.630,29.630,29.630,1,3431.140,1,1,131,131
68,decode,pi: in.positions,26.870,26.870,26.870,1,3431.140,1,1,131,131
68,decode,pi: in.prev_positions,30.760,30.760,30.760,1,3431.140,1,1,131,131
68,decode,pi: in.token_indices_select,28.830,28.830,28.830,1,3431.140,1,1,131,131
68,decode,pi: in.query_start_loc,26.670,26.670,26.670,1,3431.140,1,1,131,131
68,decode,pi: in.optimistic_seq_lens,51.560,51.560,51.560,1,3431.140,1,1,131,131
68,decode,pi: in.prepare_input_ids,67.820,67.820,67.820,1,3431.140,1,1,131,131
68,decode,pi: in.mrope_positions,41.810,41.810,41.810,1,3431.140,1,1,131,131
68,decode,pi: in.discard_mask,60.950,60.950,60.950,1,3431.140,1,1,131,131
68,decode,pi: in.num_accepted_tokens,14.720,14.720,14.720,1,3431.140,1,1,131,131
68,decode,pi: in.num_computed_tokens,19.490,19.490,19.490,1,3431.140,1,1,131,131
68,decode,pi: in.tokens_to_gpu,62.700,62.700,62.700,1,3431.140,1,1,131,131
68,decode,pi: in.positions_assembly,114.340,114.340,114.340,1,3431.140,1,1,131,131
68,decode,pi: in.seq_lens,55.270,55.270,55.270,1,3431.140,1,1,131,131
68,decode,pi: in.slot_mapping,137.700,137.700,137.700,1,3431.140,1,1,131,131
68,decode,pi: in.mrope_drift,0.710,0.710,0.710,1,3431.140,1,1,131,131
68,decode,pi: in.logits_indices,40.430,40.430,38.100,2,3431.140,1,1,131,131
68,decode,pi: prepare_inputs,99.670,1009.930,1009.930,1,3431.140,1,1,131,131
68,decode,pi: cascade_attn_prefix_lens,10.910,10.910,10.910,1,3431.140,1,1,131,131
68,decode,pi: batch_exec_and_padding,54.180,54.180,54.180,1,3431.140,1,1,131,131
68,decode,pi: ubatch_slices,1.520,1.520,1.520,1,3431.140,1,1,131,131
68,decode,pi: pad_query_start_loc,28.910,28.910,28.910,1,3431.140,1,1,131,131
68,decode,pi: am.max_seq_len,18.580,18.580,18.580,1,3431.140,1,1,131,131
68,decode,pi: am.cm_base_pre,77.380,77.380,77.380,1,3431.140,1,1,131,131
68,decode,pi: am.build.split_decodes,9.870,9.870,9.870,1,3431.140,1,1,131,131
68,decode,pi: am.build.seq_lens_select,8.640,8.640,8.640,1,3431.140,1,1,131,131
68,decode,pi: am.build.attn_mask,1.320,1.320,1.320,1,3431.140,1,1,131,131
68,decode,pi: am.build.qsl_h2d,33.410,33.410,33.410,1,3431.140,1,1,131,131
68,decode,pi: am.build.tolist,10.460,10.460,10.460,1,3431.140,1,1,131,131
68,decode,pi: am.build.fia_pad,1.870,1.870,1.870,1,3431.140,1,1,131,131
68,decode,pi: am.build.backend_metadata,15.590,15.590,15.590,1,3431.140,1,1,131,131
68,decode,pi: am.build.metadata_ctor,6.420,6.420,6.420,1,3431.140,1,1,131,131
68,decode,pi: am.builder_build@AscendAttentionMetadataBuilder,37.000,124.580,124.580,1,3431.140,1,1,131,131
68,decode,pi: am.builder_build,13.960,1270.960,401.980,4,3431.140,1,1,131,131
68,decode,pi: am.layer_assign,6.770,6.770,1.860,4,3431.140,1,1,131,131
68,decode,pi: am.group_loop,91.270,1369.000,426.390,4,3431.140,1,1,131,131
68,decode,pi: gdnb.treat_single_token,173.540,173.540,61.510,3,3431.140,1,1,131,131
68,decode,pi: gdnb.compute_num_computed_tokens,129.660,129.660,44.690,3,3431.140,1,1,131,131
68,decode,pi: gdnb.mamba_block_table,5.240,5.240,1.830,3,3431.140,1,1,131,131
68,decode,pi: gdnb.split_decodes,127.560,127.560,44.550,3,3431.140,1,1,131,131
68,decode,pi: gdnb.pad_graph_inputs,291.250,291.250,103.010,3,3431.140,1,1,131,131
68,decode,pi: gdnb.ctor,21.380,21.380,7.920,3,3431.140,1,1,131,131
68,decode,pi: gdnb.attach_prefill,2.870,2.870,1.120,3,3431.140,1,1,131,131
68,decode,pi: gdnb.attach_spec,2.600,2.600,0.920,3,3431.140,1,1,131,131
68,decode,pi: gdnb.build_actual_seq_lengths,163.090,163.090,56.190,3,3431.140,1,1,131,131
68,decode,pi: gdnb.attach_decode,40.790,203.880,70.170,3,3431.140,1,1,131,131
68,decode,pi: am.builder_build@AscendGDNAttentionMetadataBuilder,174.440,1132.420,398.820,3,3431.140,1,1,131,131
68,decode,pi: build_attention_metadata,280.980,1745.940,1745.940,1,3431.140,1,1,131,131
68,decode,pi: sanitize_placeholder_ids,1.150,1.150,1.150,1,3431.140,1,1,131,131
68,decode,pi: sync_input_prep,105.240,3165.650,3165.650,1,3431.140,1,1,131,131
68,decode,pi: TOTAL,3431.140,3431.140,3431.140,1,3431.140,1,1,131,131
69,decode,pi: update_states,100.840,100.840,100.840,1,3338.340,1,1,131,131
69,decode,pi: tokens_list,1.020,1.020,1.020,1,3338.340,1,1,131,131
69,decode,pi: phase_classify,55.010,55.010,55.010,1,3338.340,1,1,131,131
69,decode,pi: in.block_table_commit,85.760,85.760,85.760,1,3338.340,1,1,131,131
69,decode,pi: in.req_indices,9.040,9.040,9.040,1,3338.340,1,1,131,131
69,decode,pi: in.attn_state,26.700,26.700,26.700,1,3338.340,1,1,131,131
69,decode,pi: in.positions,25.890,25.890,25.890,1,3338.340,1,1,131,131
69,decode,pi: in.prev_positions,29.740,29.740,29.740,1,3338.340,1,1,131,131
69,decode,pi: in.token_indices_select,27.220,27.220,27.220,1,3338.340,1,1,131,131
69,decode,pi: in.query_start_loc,27.780,27.780,27.780,1,3338.340,1,1,131,131
69,decode,pi: in.optimistic_seq_lens,49.890,49.890,49.890,1,3338.340,1,1,131,131
69,decode,pi: in.prepare_input_ids,66.850,66.850,66.850,1,3338.340,1,1,131,131
69,decode,pi: in.mrope_positions,40.130,40.130,40.130,1,3338.340,1,1,131,131
69,decode,pi: in.discard_mask,59.590,59.590,59.590,1,3338.340,1,1,131,131
69,decode,pi: in.num_accepted_tokens,14.310,14.310,14.310,1,3338.340,1,1,131,131
69,decode,pi: in.num_computed_tokens,18.420,18.420,18.420,1,3338.340,1,1,131,131
69,decode,pi: in.tokens_to_gpu,65.330,65.330,65.330,1,3338.340,1,1,131,131
69,decode,pi: in.positions_assembly,112.730,112.730,112.730,1,3338.340,1,1,131,131
69,decode,pi: in.seq_lens,54.590,54.590,54.590,1,3338.340,1,1,131,131
69,decode,pi: in.slot_mapping,137.900,137.900,137.900,1,3338.340,1,1,131,131
69,decode,pi: in.mrope_drift,0.710,0.710,0.710,1,3338.340,1,1,131,131
69,decode,pi: in.logits_indices,39.350,39.350,36.680,2,3338.340,1,1,131,131
69,decode,pi: prepare_inputs,97.680,989.610,989.610,1,3338.340,1,1,131,131
69,decode,pi: cascade_attn_prefix_lens,10.630,10.630,10.630,1,3338.340,1,1,131,131
69,decode,pi: batch_exec_and_padding,48.970,48.970,48.970,1,3338.340,1,1,131,131
69,decode,pi: ubatch_slices,1.540,1.540,1.540,1,3338.340,1,1,131,131
69,decode,pi: pad_query_start_loc,30.120,30.120,30.120,1,3338.340,1,1,131,131
69,decode,pi: am.max_seq_len,19.120,19.120,19.120,1,3338.340,1,1,131,131
69,decode,pi: am.cm_base_pre,74.880,74.880,74.880,1,3338.340,1,1,131,131
69,decode,pi: am.build.split_decodes,9.490,9.490,9.490,1,3338.340,1,1,131,131
69,decode,pi: am.build.seq_lens_select,8.660,8.660,8.660,1,3338.340,1,1,131,131
69,decode,pi: am.build.attn_mask,1.390,1.390,1.390,1,3338.340,1,1,131,131
69,decode,pi: am.build.qsl_h2d,35.880,35.880,35.880,1,3338.340,1,1,131,131
69,decode,pi: am.build.tolist,9.810,9.810,9.810,1,3338.340,1,1,131,131
69,decode,pi: am.build.fia_pad,1.780,1.780,1.780,1,3338.340,1,1,131,131
69,decode,pi: am.build.backend_metadata,15.470,15.470,15.470,1,3338.340,1,1,131,131
69,decode,pi: am.build.metadata_ctor,6.790,6.790,6.790,1,3338.340,1,1,131,131
69,decode,pi: am.builder_build@AscendAttentionMetadataBuilder,36.860,126.130,126.130,1,3338.340,1,1,131,131
69,decode,pi: am.builder_build,13.400,1265.040,411.510,4,3338.340,1,1,131,131
69,decode,pi: am.layer_assign,7.340,7.340,2.030,4,3338.340,1,1,131,131
69,decode,pi: am.group_loop,90.250,1362.630,436.260,4,3338.340,1,1,131,131
69,decode,pi: gdnb.treat_single_token,183.110,183.110,74.770,3,3338.340,1,1,131,131
69,decode,pi: gdnb.compute_num_computed_tokens,130.710,130.710,44.830,3,3338.340,1,1,131,131
69,decode,pi: gdnb.mamba_block_table,5.420,5.420,2.130,3,3338.340,1,1,131,131
69,decode,pi: gdnb.split_decodes,120.480,120.480,43.300,3,3338.340,1,1,131,131
69,decode,pi: gdnb.pad_graph_inputs,286.410,286.410,102.220,3,3338.340,1,1,131,131
69,decode,pi: gdnb.ctor,21.690,21.690,8.420,3,3338.340,1,1,131,131
69,decode,pi: gdnb.attach_prefill,2.820,2.820,1.160,3,3338.340,1,1,131,131
69,decode,pi: gdnb.attach_spec,2.540,2.540,0.920,3,3338.340,1,1,131,131
69,decode,pi: gdnb.build_actual_seq_lengths,160.660,160.660,54.500,3,3338.340,1,1,131,131
69,decode,pi: gdnb.attach_decode,39.650,200.310,68.160,3,3338.340,1,1,131,131
69,decode,pi: am.builder_build@AscendGDNAttentionMetadataBuilder,172.020,1125.510,408.190,3,3338.340,1,1,131,131
69,decode,pi: build_attention_metadata,281.150,1737.780,1737.780,1,3338.340,1,1,131,131
69,decode,pi: sanitize_placeholder_ids,1.110,1.110,1.110,1,3338.340,1,1,131,131
69,decode,pi: sync_input_prep,102.240,3078.870,3078.870,1,3338.340,1,1,131,131
69,decode,pi: TOTAL,3338.340,3338.340,3338.340,1,3338.340,1,1,131,131
70,decode,pi: update_states,99.800,99.800,99.800,1,3325.220,1,1,131,131
70,decode,pi: tokens_list,1.040,1.040,1.040,1,3325.220,1,1,131,131
70,decode,pi: phase_classify,53.570,53.570,53.570,1,3325.220,1,1,131,131
70,decode,pi: in.block_table_commit,87.250,87.250,87.250,1,3325.220,1,1,131,131
70,decode,pi: in.req_indices,9.380,9.380,9.380,1,3325.220,1,1,131,131
70,decode,pi: in.attn_state,26.670,26.670,26.670,1,3325.220,1,1,131,131
70,decode,pi: in.positions,24.990,24.990,24.990,1,3325.220,1,1,131,131
70,decode,pi: in.prev_positions,29.680,29.680,29.680,1,3325.220,1,1,131,131
70,decode,pi: in.token_indices_select,26.350,26.350,26.350,1,3325.220,1,1,131,131
70,decode,pi: in.query_start_loc,26.590,26.590,26.590,1,3325.220,1,1,131,131
70,decode,pi: in.optimistic_seq_lens,49.310,49.310,49.310,1,3325.220,1,1,131,131
70,decode,pi: in.prepare_input_ids,65.910,65.910,65.910,1,3325.220,1,1,131,131
70,decode,pi: in.mrope_positions,40.240,40.240,40.240,1,3325.220,1,1,131,131
70,decode,pi: in.discard_mask,59.120,59.120,59.120,1,3325.220,1,1,131,131
70,decode,pi: in.num_accepted_tokens,13.880,13.880,13.880,1,3325.220,1,1,131,131
70,decode,pi: in.num_computed_tokens,17.840,17.840,17.840,1,3325.220,1,1,131,131
70,decode,pi: in.tokens_to_gpu,63.890,63.890,63.890,1,3325.220,1,1,131,131
70,decode,pi: in.positions_assembly,111.260,111.260,111.260,1,3325.220,1,1,131,131
70,decode,pi: in.seq_lens,54.560,54.560,54.560,1,3325.220,1,1,131,131
70,decode,pi: in.slot_mapping,136.930,136.930,136.930,1,3325.220,1,1,131,131
70,decode,pi: in.mrope_drift,0.710,0.710,0.710,1,3325.220,1,1,131,131
70,decode,pi: in.logits_indices,39.060,39.060,36.750,2,3325.220,1,1,131,131
70,decode,pi: prepare_inputs,98.020,981.640,981.640,1,3325.220,1,1,131,131
70,decode,pi: cascade_attn_prefix_lens,10.620,10.620,10.620,1,3325.220,1,1,131,131
70,decode,pi: batch_exec_and_padding,48.970,48.970,48.970,1,3325.220,1,1,131,131
70,decode,pi: ubatch_slices,1.380,1.380,1.380,1,3325.220,1,1,131,131
70,decode,pi: pad_query_start_loc,30.040,30.040,30.040,1,3325.220,1,1,131,131
70,decode,pi: am.max_seq_len,18.900,18.900,18.900,1,3325.220,1,1,131,131
70,decode,pi: am.cm_base_pre,75.220,75.220,75.220,1,3325.220,1,1,131,131
70,decode,pi: am.build.split_decodes,9.430,9.430,9.430,1,3325.220,1,1,131,131
70,decode,pi: am.build.seq_lens_select,8.530,8.530,8.530,1,3325.220,1,1,131,131
70,decode,pi: am.build.attn_mask,1.270,1.270,1.270,1,3325.220,1,1,131,131
70,decode,pi: am.build.qsl_h2d,33.630,33.630,33.630,1,3325.220,1,1,131,131
70,decode,pi: am.build.tolist,10.140,10.140,10.140,1,3325.220,1,1,131,131
70,decode,pi: am.build.fia_pad,1.880,1.880,1.880,1,3325.220,1,1,131,131
70,decode,pi: am.build.backend_metadata,15.280,15.280,15.280,1,3325.220,1,1,131,131
70,decode,pi: am.build.metadata_ctor,6.470,6.470,6.470,1,3325.220,1,1,131,131
70,decode,pi: am.builder_build@AscendAttentionMetadataBuilder,36.200,122.830,122.830,1,3325.220,1,1,131,131
70,decode,pi: am.builder_build,13.550,1257.650,393.100,4,3325.220,1,1,131,131
70,decode,pi: am.layer_assign,6.790,6.790,1.860,4,3325.220,1,1,131,131
70,decode,pi: am.group_loop,89.760,1354.200,417.140,4,3325.220,1,1,131,131
70,decode,pi: gdnb.treat_single_token,169.390,169.390,59.630,3,3325.220,1,1,131,131
70,decode,pi: gdnb.compute_num_computed_tokens,131.740,131.740,45.010,3,3325.220,1,1,131,131
70,decode,pi: gdnb.mamba_block_table,5.560,5.560,2.020,3,3325.220,1,1,131,131
70,decode,pi: gdnb.split_decodes,121.290,121.290,41.120,3,3325.220,1,1,131,131
70,decode,pi: gdnb.pad_graph_inputs,287.490,287.490,101.240,3,3325.220,1,1,131,131
70,decode,pi: gdnb.ctor,21.570,21.570,8.330,3,3325.220,1,1,131,131
70,decode,pi: gdnb.attach_prefill,2.850,2.850,1.200,3,3325.220,1,1,131,131
70,decode,pi: gdnb.attach_spec,2.650,2.650,1.010,3,3325.220,1,1,131,131
70,decode,pi: gdnb.build_actual_seq_lengths,164.460,164.460,55.760,3,3325.220,1,1,131,131
70,decode,pi: gdnb.attach_decode,40.810,205.270,69.400,3,3325.220,1,1,131,131
70,decode,pi: am.builder_build@AscendGDNAttentionMetadataBuilder,173.460,1121.270,389.930,3,3325.220,1,1,131,131
70,decode,pi: build_attention_metadata,279.120,1727.440,1727.440,1,3325.220,1,1,131,131
70,decode,pi: sanitize_placeholder_ids,1.150,1.150,1.150,1,3325.220,1,1,131,131
70,decode,pi: sync_input_prep,110.850,3066.500,3066.500,1,3325.220,1,1,131,131
70,decode,pi: TOTAL,3325.220,3325.220,3325.220,1,3325.220,1,1,131,131
71,decode,pi: update_states,99.480,99.480,99.480,1,3321.500,1,1,131,131
71,decode,pi: tokens_list,1.000,1.000,1.000,1,3321.500,1,1,131,131
71,decode,pi: phase_classify,53.480,53.480,53.480,1,3321.500,1,1,131,131
71,decode,pi: in.block_table_commit,84.240,84.240,84.240,1,3321.500,1,1,131,131
71,decode,pi: in.req_indices,9.310,9.310,9.310,1,3321.500,1,1,131,131
71,decode,pi: in.attn_state,26.770,26.770,26.770,1,3321.500,1,1,131,131
71,decode,pi: in.positions,25.140,25.140,25.140,1,3321.500,1,1,131,131
71,decode,pi: in.prev_positions,29.560,29.560,29.560,1,3321.500,1,1,131,131
71,decode,pi: in.token_indices_select,26.120,26.120,26.120,1,3321.500,1,1,131,131
71,decode,pi: in.query_start_loc,25.960,25.960,25.960,1,3321.500,1,1,131,131
71,decode,pi: in.optimistic_seq_lens,49.050,49.050,49.050,1,3321.500,1,1,131,131
71,decode,pi: in.prepare_input_ids,66.090,66.090,66.090,1,3321.500,1,1,131,131
71,decode,pi: in.mrope_positions,39.570,39.570,39.570,1,3321.500,1,1,131,131
71,decode,pi: in.discard_mask,58.750,58.750,58.750,1,3321.500,1,1,131,131
71,decode,pi: in.num_accepted_tokens,14.310,14.310,14.310,1,3321.500,1,1,131,131
71,decode,pi: in.num_computed_tokens,17.640,17.640,17.640,1,3321.500,1,1,131,131
71,decode,pi: in.tokens_to_gpu,59.360,59.360,59.360,1,3321.500,1,1,131,131
71,decode,pi: in.positions_assembly,110.700,110.700,110.700,1,3321.500,1,1,131,131
71,decode,pi: in.seq_lens,55.390,55.390,55.390,1,3321.500,1,1,131,131
71,decode,pi: in.slot_mapping,136.540,136.540,136.540,1,3321.500,1,1,131,131
71,decode,pi: in.mrope_drift,0.720,0.720,0.720,1,3321.500,1,1,131,131
71,decode,pi: in.logits_indices,40.360,40.360,37.430,2,3321.500,1,1,131,131
71,decode,pi: prepare_inputs,97.110,972.690,972.690,1,3321.500,1,1,131,131
71,decode,pi: cascade_attn_prefix_lens,10.900,10.900,10.900,1,3321.500,1,1,131,131
71,decode,pi: batch_exec_and_padding,49.500,49.500,49.500,1,3321.500,1,1,131,131
71,decode,pi: ubatch_slices,1.490,1.490,1.490,1,3321.500,1,1,131,131
71,decode,pi: pad_query_start_loc,29.940,29.940,29.940,1,3321.500,1,1,131,131
71,decode,pi: am.max_seq_len,18.840,18.840,18.840,1,3321.500,1,1,131,131
71,decode,pi: am.cm_base_pre,75.330,75.330,75.330,1,3321.500,1,1,131,131
71,decode,pi: am.build.split_decodes,9.420,9.420,9.420,1,3321.500,1,1,131,131
71,decode,pi: am.build.seq_lens_select,8.460,8.460,8.460,1,3321.500,1,1,131,131
71,decode,pi: am.build.attn_mask,1.380,1.380,1.380,1,3321.500,1,1,131,131
71,decode,pi: am.build.qsl_h2d,33.140,33.140,33.140,1,3321.500,1,1,131,131
71,decode,pi: am.build.tolist,9.810,9.810,9.810,1,3321.500,1,1,131,131
71,decode,pi: am.build.fia_pad,1.690,1.690,1.690,1,3321.500,1,1,131,131
71,decode,pi: am.build.backend_metadata,15.580,15.580,15.580,1,3321.500,1,1,131,131
71,decode,pi: am.build.metadata_ctor,6.390,6.390,6.390,1,3321.500,1,1,131,131
71,decode,pi: am.builder_build@AscendAttentionMetadataBuilder,35.690,121.560,121.560,1,3321.500,1,1,131,131
71,decode,pi: am.builder_build,13.630,1271.920,394.120,4,3321.500,1,1,131,131
71,decode,pi: am.layer_assign,7.070,7.070,1.870,4,3321.500,1,1,131,131
71,decode,pi: am.group_loop,89.180,1368.170,418.030,4,3321.500,1,1,131,131
71,decode,pi: gdnb.treat_single_token,170.610,170.610,58.750,3,3321.500,1,1,131,131
71,decode,pi: gdnb.compute_num_computed_tokens,132.010,132.010,44.850,3,3321.500,1,1,131,131
71,decode,pi: gdnb.mamba_block_table,5.430,5.430,1.970,3,3321.500,1,1,131,131
71,decode,pi: gdnb.split_decodes,122.180,122.180,42.490,3,3321.500,1,1,131,131
71,decode,pi: gdnb.pad_graph_inputs,287.240,287.240,101.320,3,3321.500,1,1,131,131
71,decode,pi: gdnb.ctor,21.620,21.620,8.000,3,3321.500,1,1,131,131
71,decode,pi: gdnb.attach_prefill,2.820,2.820,1.110,3,3321.500,1,1,131,131
71,decode,pi: gdnb.attach_spec,2.530,2.530,0.930,3,3321.500,1,1,131,131
71,decode,pi: gdnb.build_actual_seq_lengths,177.220,177.220,67.930,3,3321.500,1,1,131,131
71,decode,pi: gdnb.attach_decode,41.080,218.300,81.360,3,3321.500,1,1,131,131
71,decode,pi: am.builder_build@AscendGDNAttentionMetadataBuilder,173.990,1136.730,391.070,3,3321.500,1,1,131,131
71,decode,pi: build_attention_metadata,280.060,1742.400,1742.400,1,3321.500,1,1,131,131
71,decode,pi: sanitize_placeholder_ids,1.020,1.020,1.020,1,3321.500,1,1,131,131
71,decode,pi: sync_input_prep,100.850,3062.750,3062.750,1,3321.500,1,1,131,131
71,decode,pi: TOTAL,3321.500,3321.500,3321.500,1,3321.500,1,1,131,131
72,decode,pi: update_states,100.580,100.580,100.580,1,3349.800,1,1,131,131
72,decode,pi: tokens_list,1.060,1.060,1.060,1,3349.800,1,1,131,131
72,decode,pi: phase_classify,52.770,52.770,52.770,1,3349.800,1,1,131,131
72,decode,pi: in.block_table_commit,88.470,88.470,88.470,1,3349.800,1,1,131,131
72,decode,pi: in.req_indices,9.200,9.200,9.200,1,3349.800,1,1,131,131
72,decode,pi: in.attn_state,26.480,26.480,26.480,1,3349.800,1,1,131,131
72,decode,pi: in.positions,24.900,24.900,24.900,1,3349.800,1,1,131,131
72,decode,pi: in.prev_positions,28.830,28.830,28.830,1,3349.800,1,1,131,131
72,decode,pi: in.token_indices_select,24.900,24.900,24.900,1,3349.800,1,1,131,131
72,decode,pi: in.query_start_loc,26.940,26.940,26.940,1,3349.800,1,1,131,131
72,decode,pi: in.optimistic_seq_lens,49.750,49.750,49.750,1,3349.800,1,1,131,131
72,decode,pi: in.prepare_input_ids,66.200,66.200,66.200,1,3349.800,1,1,131,131
72,decode,pi: in.mrope_positions,40.180,40.180,40.180,1,3349.800,1,1,131,131
72,decode,pi: in.discard_mask,58.740,58.740,58.740,1,3349.800,1,1,131,131
72,decode,pi: in.num_accepted_tokens,14.360,14.360,14.360,1,3349.800,1,1,131,131
72,decode,pi: in.num_computed_tokens,18.100,18.100,18.100,1,3349.800,1,1,131,131
72,decode,pi: in.tokens_to_gpu,62.540,62.540,62.540,1,3349.800,1,1,131,131
72,decode,pi: in.positions_assembly,132.460,132.460,132.460,1,3349.800,1,1,131,131
72,decode,pi: in.seq_lens,56.000,56.000,56.000,1,3349.800,1,1,131,131
72,decode,pi: in.slot_mapping,136.890,136.890,136.890,1,3349.800,1,1,131,131
72,decode,pi: in.mrope_drift,0.690,0.690,0.690,1,3349.800,1,1,131,131
72,decode,pi: in.logits_indices,41.020,41.020,38.690,2,3349.800,1,1,131,131
72,decode,pi: prepare_inputs,96.200,1002.850,1002.850,1,3349.800,1,1,131,131
72,decode,pi: cascade_attn_prefix_lens,10.750,10.750,10.750,1,3349.800,1,1,131,131
72,decode,pi: batch_exec_and_padding,50.350,50.350,50.350,1,3349.800,1,1,131,131
72,decode,pi: ubatch_slices,1.540,1.540,1.540,1,3349.800,1,1,131,131
72,decode,pi: pad_query_start_loc,29.030,29.030,29.030,1,3349.800,1,1,131,131
72,decode,pi: am.max_seq_len,18.100,18.100,18.100,1,3349.800,1,1,131,131
72,decode,pi: am.cm_base_pre,74.610,74.610,74.610,1,3349.800,1,1,131,131
72,decode,pi: am.build.split_decodes,9.130,9.130,9.130,1,3349.800,1,1,131,131
72,decode,pi: am.build.seq_lens_select,8.500,8.500,8.500,1,3349.800,1,1,131,131
72,decode,pi: am.build.attn_mask,1.150,1.150,1.150,1,3349.800,1,1,131,131
72,decode,pi: am.build.qsl_h2d,32.980,32.980,32.980,1,3349.800,1,1,131,131
72,decode,pi: am.build.tolist,9.950,9.950,9.950,1,3349.800,1,1,131,131
72,decode,pi: am.build.fia_pad,1.820,1.820,1.820,1,3349.800,1,1,131,131
72,decode,pi: am.build.backend_metadata,15.140,15.140,15.140,1,3349.800,1,1,131,131
72,decode,pi: am.build.metadata_ctor,6.400,6.400,6.400,1,3349.800,1,1,131,131
72,decode,pi: am.builder_build@AscendAttentionMetadataBuilder,36.050,121.120,121.120,1,3349.800,1,1,131,131
72,decode,pi: am.builder_build,13.190,1268.350,397.190,4,3349.800,1,1,131,131
72,decode,pi: am.layer_assign,6.890,6.890,1.930,4,3349.800,1,1,131,131
72,decode,pi: am.group_loop,90.670,1365.910,421.860,4,3349.800,1,1,131,131
72,decode,pi: gdnb.treat_single_token,170.070,170.070,60.560,3,3349.800,1,1,131,131
72,decode,pi: gdnb.compute_num_computed_tokens,135.000,135.000,46.490,3,3349.800,1,1,131,131
72,decode,pi: gdnb.mamba_block_table,5.250,5.250,1.830,3,3349.800,1,1,131,131
72,decode,pi: gdnb.split_decodes,125.990,125.990,43.320,3,3349.800,1,1,131,131
72,decode,pi: gdnb.pad_graph_inputs,290.260,290.260,100.610,3,3349.800,1,1,131,131
72,decode,pi: gdnb.ctor,21.420,21.420,7.950,3,3349.800,1,1,131,131
72,decode,pi: gdnb.attach_prefill,2.860,2.860,1.070,3,3349.800,1,1,131,131
72,decode,pi: gdnb.attach_spec,2.650,2.650,0.940,3,3349.800,1,1,131,131
72,decode,pi: gdnb.build_actual_seq_lengths,167.530,167.530,57.040,3,3349.800,1,1,131,131
72,decode,pi: gdnb.attach_decode,41.170,208.700,70.930,3,3349.800,1,1,131,131
72,decode,pi: am.builder_build@AscendGDNAttentionMetadataBuilder,171.840,1134.040,394.200,3,3349.800,1,1,131,131
72,decode,pi: build_attention_metadata,281.580,1740.200,1740.200,1,3349.800,1,1,131,131
72,decode,pi: sanitize_placeholder_ids,1.180,1.180,1.180,1,3349.800,1,1,131,131
72,decode,pi: sync_input_prep,100.990,3091.300,3091.300,1,3349.800,1,1,131,131
72,decode,pi: TOTAL,3349.800,3349.800,3349.800,1,3349.800,1,1,131,131
73,decode,pi: update_states,99.720,99.720,99.720,1,3328.430,1,1,131,131
73,decode,pi: tokens_list,0.950,0.950,0.950,1,3328.430,1,1,131,131
73,decode,pi: phase_classify,54.390,54.390,54.390,1,3328.430,1,1,131,131
73,decode,pi: in.block_table_commit,85.530,85.530,85.530,1,3328.430,1,1,131,131
73,decode,pi: in.req_indices,9.440,9.440,9.440,1,3328.430,1,1,131,131
73,decode,pi: in.attn_state,26.980,26.980,26.980,1,3328.430,1,1,131,131
73,decode,pi: in.positions,25.090,25.090,25.090,1,3328.430,1,1,131,131
73,decode,pi: in.prev_positions,30.160,30.160,30.160,1,3328.430,1,1,131,131
73,decode,pi: in.token_indices_select,25.010,25.010,25.010,1,3328.430,1,1,131,131
73,decode,pi: in.query_start_loc,27.250,27.250,27.250,1,3328.430,1,1,131,131
73,decode,pi: in.optimistic_seq_lens,49.950,49.950,49.950,1,3328.430,1,1,131,131
73,decode,pi: in.prepare_input_ids,68.180,68.180,68.180,1,3328.430,1,1,131,131
73,decode,pi: in.mrope_positions,40.040,40.040,40.040,1,3328.430,1,1,131,131
73,decode,pi: in.discard_mask,59.560,59.560,59.560,1,3328.430,1,1,131,131
73,decode,pi: in.num_accepted_tokens,14.890,14.890,14.890,1,3328.430,1,1,131,131
73,decode,pi: in.num_computed_tokens,18.780,18.780,18.780,1,3328.430,1,1,131,131
73,decode,pi: in.tokens_to_gpu,62.500,62.500,62.500,1,3328.430,1,1,131,131
73,decode,pi: in.positions_assembly,111.160,111.160,111.160,1,3328.430,1,1,131,131
73,decode,pi: in.seq_lens,56.290,56.290,56.290,1,3328.430,1,1,131,131
73,decode,pi: in.slot_mapping,136.580,136.580,136.580,1,3328.430,1,1,131,131
73,decode,pi: in.mrope_drift,0.750,0.750,0.750,1,3328.430,1,1,131,131
73,decode,pi: in.logits_indices,39.070,39.070,36.310,2,3328.430,1,1,131,131
73,decode,pi: prepare_inputs,96.740,983.950,983.950,1,3328.430,1,1,131,131
73,decode,pi: cascade_attn_prefix_lens,11.120,11.120,11.120,1,3328.430,1,1,131,131
73,decode,pi: batch_exec_and_padding,49.560,49.560,49.560,1,3328.430,1,1,131,131
73,decode,pi: ubatch_slices,1.450,1.450,1.450,1,3328.430,1,1,131,131
73,decode,pi: pad_query_start_loc,30.230,30.230,30.230,1,3328.430,1,1,131,131
73,decode,pi: am.max_seq_len,18.310,18.310,18.310,1,3328.430,1,1,131,131
73,decode,pi: am.cm_base_pre,74.870,74.870,74.870,1,3328.430,1,1,131,131
73,decode,pi: am.build.split_decodes,9.140,9.140,9.140,1,3328.430,1,1,131,131
73,decode,pi: am.build.seq_lens_select,8.780,8.780,8.780,1,3328.430,1,1,131,131
73,decode,pi: am.build.attn_mask,1.200,1.200,1.200,1,3328.430,1,1,131,131
73,decode,pi: am.build.qsl_h2d,34.010,34.010,34.010,1,3328.430,1,1,131,131
73,decode,pi: am.build.tolist,9.910,9.910,9.910,1,3328.430,1,1,131,131
73,decode,pi: am.build.fia_pad,1.710,1.710,1.710,1,3328.430,1,1,131,131
73,decode,pi: am.build.backend_metadata,15.590,15.590,15.590,1,3328.430,1,1,131,131
73,decode,pi: am.build.metadata_ctor,6.500,6.500,6.500,1,3328.430,1,1,131,131
73,decode,pi: am.builder_build@AscendAttentionMetadataBuilder,35.610,122.450,122.450,1,3328.430,1,1,131,131
73,decode,pi: am.builder_build,13.270,1253.660,395.960,4,3328.430,1,1,131,131
73,decode,pi: am.layer_assign,7.140,7.140,1.940,4,3328.430,1,1,131,131
73,decode,pi: am.group_loop,89.010,1349.810,420.290,4,3328.430,1,1,131,131
73,decode,pi: gdnb.treat_single_token,169.720,169.720,59.340,3,3328.430,1,1,131,131
73,decode,pi: gdnb.compute_num_computed_tokens,132.360,132.360,45.260,3,3328.430,1,1,131,131
73,decode,pi: gdnb.mamba_block_table,5.210,5.210,1.950,3,3328.430,1,1,131,131
73,decode,pi: gdnb.split_decodes,120.860,120.860,41.860,3,3328.430,1,1,131,131
73,decode,pi: gdnb.pad_graph_inputs,285.880,285.880,101.080,3,3328.430,1,1,131,131
73,decode,pi: gdnb.ctor,21.720,21.720,8.410,3,3328.430,1,1,131,131
73,decode,pi: gdnb.attach_prefill,2.900,2.900,1.100,3,3328.430,1,1,131,131
73,decode,pi: gdnb.attach_spec,2.520,2.520,0.940,3,3328.430,1,1,131,131
73,decode,pi: gdnb.build_actual_seq_lengths,165.030,165.030,56.240,3,3328.430,1,1,131,131
73,decode,pi: gdnb.attach_decode,40.310,205.340,70.430,3,3328.430,1,1,131,131
73,decode,pi: am.builder_build@AscendGDNAttentionMetadataBuilder,171.430,1117.940,393.140,3,3328.430,1,1,131,131
73,decode,pi: build_attention_metadata,280.570,1723.560,1723.560,1,3328.430,1,1,131,131
73,decode,pi: sanitize_placeholder_ids,1.130,1.130,1.130,1,3328.430,1,1,131,131
73,decode,pi: sync_input_prep,100.690,3056.750,3056.750,1,3328.430,1,1,131,131
73,decode,pi: TOTAL,3328.430,3328.430,3328.430,1,3328.430,1,1,131,131
74,decode,pi: update_states,100.360,100.360,100.360,1,3318.460,1,1,131,131
74,decode,pi: tokens_list,1.040,1.040,1.040,1,3318.460,1,1,131,131
74,decode,pi: phase_classify,52.480,52.480,52.480,1,3318.460,1,1,131,131
74,decode,pi: in.block_table_commit,87.010,87.010,87.010,1,3318.460,1,1,131,131
74,decode,pi: in.req_indices,9.240,9.240,9.240,1,3318.460,1,1,131,131
74,decode,pi: in.attn_state,27.660,27.660,27.660,1,3318.460,1,1,131,131
74,decode,pi: in.positions,25.200,25.200,25.200,1,3318.460,1,1,131,131
74,decode,pi: in.prev_positions,30.670,30.670,30.670,1,3318.460,1,1,131,131
74,decode,pi: in.token_indices_select,24.770,24.770,24.770,1,3318.460,1,1,131,131
74,decode,pi: in.query_start_loc,26.570,26.570,26.570,1,3318.460,1,1,131,131
74,decode,pi: in.optimistic_seq_lens,49.090,49.090,49.090,1,3318.460,1,1,131,131
74,decode,pi: in.prepare_input_ids,66.710,66.710,66.710,1,3318.460,1,1,131,131
74,decode,pi: in.mrope_positions,40.350,40.350,40.350,1,3318.460,1,1,131,131
74,decode,pi: in.discard_mask,58.950,58.950,58.950,1,3318.460,1,1,131,131
74,decode,pi: in.num_accepted_tokens,14.580,14.580,14.580,1,3318.460,1,1,131,131
74,decode,pi: in.num_computed_tokens,17.610,17.610,17.610,1,3318.460,1,1,131,131
74,decode,pi: in.tokens_to_gpu,60.510,60.510,60.510,1,3318.460,1,1,131,131
74,decode,pi: in.positions_assembly,111.150,111.150,111.150,1,3318.460,1,1,131,131
74,decode,pi: in.seq_lens,55.490,55.490,55.490,1,3318.460,1,1,131,131
74,decode,pi: in.slot_mapping,135.640,135.640,135.640,1,3318.460,1,1,131,131
74,decode,pi: in.mrope_drift,0.720,0.720,0.720,1,3318.460,1,1,131,131
74,decode,pi: in.logits_indices,39.670,39.670,37.360,2,3318.460,1,1,131,131
74,decode,pi: prepare_inputs,94.460,976.050,976.050,1,3318.460,1,1,131,131
74,decode,pi: cascade_attn_prefix_lens,10.620,10.620,10.620,1,3318.460,1,1,131,131
74,decode,pi: batch_exec_and_padding,49.720,49.720,49.720,1,3318.460,1,1,131,131
74,decode,pi: ubatch_slices,1.520,1.520,1.520,1,3318.460,1,1,131,131
74,decode,pi: pad_query_start_loc,28.920,28.920,28.920,1,3318.460,1,1,131,131
74,decode,pi: am.max_seq_len,18.460,18.460,18.460,1,3318.460,1,1,131,131
74,decode,pi: am.cm_base_pre,73.660,73.660,73.660,1,3318.460,1,1,131,131
74,decode,pi: am.build.split_decodes,9.520,9.520,9.520,1,3318.460,1,1,131,131
74,decode,pi: am.build.seq_lens_select,8.510,8.510,8.510,1,3318.460,1,1,131,131
74,decode,pi: am.build.attn_mask,1.290,1.290,1.290,1,3318.460,1,1,131,131
74,decode,pi: am.build.qsl_h2d,32.140,32.140,32.140,1,3318.460,1,1,131,131
74,decode,pi: am.build.tolist,9.810,9.810,9.810,1,3318.460,1,1,131,131
74,decode,pi: am.build.fia_pad,1.710,1.710,1.710,1,3318.460,1,1,131,131
74,decode,pi: am.build.backend_metadata,14.950,14.950,14.950,1,3318.460,1,1,131,131
74,decode,pi: am.build.metadata_ctor,6.270,6.270,6.270,1,3318.460,1,1,131,131
74,decode,pi: am.builder_build@AscendAttentionMetadataBuilder,36.150,120.350,120.350,1,3318.460,1,1,131,131
74,decode,pi: am.builder_build,25.220,1264.780,394.090,4,3318.460,1,1,131,131
74,decode,pi: am.layer_assign,6.900,6.900,1.890,4,3318.460,1,1,131,131
74,decode,pi: am.group_loop,92.200,1363.880,419.650,4,3318.460,1,1,131,131
74,decode,pi: gdnb.treat_single_token,171.590,171.590,60.190,3,3318.460,1,1,131,131
74,decode,pi: gdnb.compute_num_computed_tokens,128.780,128.780,44.530,3,3318.460,1,1,131,131
74,decode,pi: gdnb.mamba_block_table,5.330,5.330,1.940,3,3318.460,1,1,131,131
74,decode,pi: gdnb.split_decodes,121.460,121.460,41.940,3,3318.460,1,1,131,131
74,decode,pi: gdnb.pad_graph_inputs,285.800,285.800,102.290,3,3318.460,1,1,131,131
74,decode,pi: gdnb.ctor,21.540,21.540,8.190,3,3318.460,1,1,131,131
74,decode,pi: gdnb.attach_prefill,2.830,2.830,1.100,3,3318.460,1,1,131,131
74,decode,pi: gdnb.attach_spec,2.610,2.610,1.000,3,3318.460,1,1,131,131
74,decode,pi: gdnb.build_actual_seq_lengths,166.970,166.970,56.730,3,3318.460,1,1,131,131
74,decode,pi: gdnb.attach_decode,41.000,207.970,70.600,3,3318.460,1,1,131,131
74,decode,pi: am.builder_build@AscendGDNAttentionMetadataBuilder,171.300,1119.210,390.960,3,3318.460,1,1,131,131
74,decode,pi: build_attention_metadata,279.720,1735.720,1735.720,1,3318.460,1,1,131,131
74,decode,pi: sanitize_placeholder_ids,1.160,1.160,1.160,1,3318.460,1,1,131,131
74,decode,pi: sync_input_prep,100.850,3058.440,3058.440,1,3318.460,1,1,131,131
74,decode,pi: TOTAL,3318.460,3318.460,3318.460,1,3318.460,1,1,131,131
75,decode,pi: update_states,100.450,100.450,100.450,1,3296.810,1,1,131,131
75,decode,pi: tokens_list,0.950,0.950,0.950,1,3296.810,1,1,131,131
75,decode,pi: phase_classify,53.530,53.530,53.530,1,3296.810,1,1,131,131
75,decode,pi: in.block_table_commit,86.910,86.910,86.910,1,3296.810,1,1,131,131
75,decode,pi: in.req_indices,9.120,9.120,9.120,1,3296.810,1,1,131,131
75,decode,pi: in.attn_state,26.890,26.890,26.890,1,3296.810,1,1,131,131
75,decode,pi: in.positions,25.680,25.680,25.680,1,3296.810,1,1,131,131
75,decode,pi: in.prev_positions,29.190,29.190,29.190,1,3296.810,1,1,131,131
75,decode,pi: in.token_indices_select,24.790,24.790,24.790,1,3296.810,1,1,131,131
75,decode,pi: in.query_start_loc,26.600,26.600,26.600,1,3296.810,1,1,131,131
75,decode,pi: in.optimistic_seq_lens,49.780,49.780,49.780,1,3296.810,1,1,131,131
75,decode,pi: in.prepare_input_ids,67.630,67.630,67.630,1,3296.810,1,1,131,131
75,decode,pi: in.mrope_positions,39.400,39.400,39.400,1,3296.810,1,1,131,131
75,decode,pi: in.discard_mask,59.460,59.460,59.460,1,3296.810,1,1,131,131
75,decode,pi: in.num_accepted_tokens,14.260,14.260,14.260,1,3296.810,1,1,131,131
75,decode,pi: in.num_computed_tokens,17.500,17.500,17.500,1,3296.810,1,1,131,131
75,decode,pi: in.tokens_to_gpu,61.690,61.690,61.690,1,3296.810,1,1,131,131
75,decode,pi: in.positions_assembly,110.920,110.920,110.920,1,3296.810,1,1,131,131
75,decode,pi: in.seq_lens,54.860,54.860,54.860,1,3296.810,1,1,131,131
75,decode,pi: in.slot_mapping,137.240,137.240,137.240,1,3296.810,1,1,131,131
75,decode,pi: in.mrope_drift,0.740,0.740,0.740,1,3296.810,1,1,131,131
75,decode,pi: in.logits_indices,39.660,39.660,37.050,2,3296.810,1,1,131,131
75,decode,pi: prepare_inputs,96.370,978.690,978.690,1,3296.810,1,1,131,131
75,decode,pi: cascade_attn_prefix_lens,11.230,11.230,11.230,1,3296.810,1,1,131,131
75,decode,pi: batch_exec_and_padding,49.540,49.540,49.540,1,3296.810,1,1,131,131
75,decode,pi: ubatch_slices,1.630,1.630,1.630,1,3296.810,1,1,131,131
75,decode,pi: pad_query_start_loc,29.820,29.820,29.820,1,3296.810,1,1,131,131
75,decode,pi: am.max_seq_len,18.950,18.950,18.950,1,3296.810,1,1,131,131
75,decode,pi: am.cm_base_pre,73.910,73.910,73.910,1,3296.810,1,1,131,131
75,decode,pi: am.build.split_decodes,9.410,9.410,9.410,1,3296.810,1,1,131,131
75,decode,pi: am.build.seq_lens_select,8.630,8.630,8.630,1,3296.810,1,1,131,131
75,decode,pi: am.build.attn_mask,1.300,1.300,1.300,1,3296.810,1,1,131,131
75,decode,pi: am.build.qsl_h2d,32.280,32.280,32.280,1,3296.810,1,1,131,131
75,decode,pi: am.build.tolist,9.460,9.460,9.460,1,3296.810,1,1,131,131
75,decode,pi: am.build.fia_pad,1.790,1.790,1.790,1,3296.810,1,1,131,131
75,decode,pi: am.build.backend_metadata,15.340,15.340,15.340,1,3296.810,1,1,131,131
75,decode,pi: am.build.metadata_ctor,6.230,6.230,6.230,1,3296.810,1,1,131,131
75,decode,pi: am.builder_build@AscendAttentionMetadataBuilder,36.530,120.970,120.970,1,3296.810,1,1,131,131
75,decode,pi: am.builder_build,13.370,1248.340,395.650,4,3296.810,1,1,131,131
75,decode,pi: am.layer_assign,7.220,7.220,2.020,4,3296.810,1,1,131,131
75,decode,pi: am.group_loop,87.750,1343.310,419.470,4,3296.810,1,1,131,131
75,decode,pi: gdnb.treat_single_token,169.220,169.220,59.180,3,3296.810,1,1,131,131
75,decode,pi: gdnb.compute_num_computed_tokens,130.350,130.350,44.130,3,3296.810,1,1,131,131
75,decode,pi: gdnb.mamba_block_table,5.050,5.050,1.840,3,3296.810,1,1,131,131
75,decode,pi: gdnb.split_decodes,121.620,121.620,42.410,3,3296.810,1,1,131,131
75,decode,pi: gdnb.pad_graph_inputs,285.080,285.080,101.630,3,3296.810,1,1,131,131
75,decode,pi: gdnb.ctor,22.040,22.040,8.750,3,3296.810,1,1,131,131
75,decode,pi: gdnb.attach_prefill,2.860,2.860,1.040,3,3296.810,1,1,131,131
75,decode,pi: gdnb.attach_spec,2.580,2.580,0.940,3,3296.810,1,1,131,131
75,decode,pi: gdnb.build_actual_seq_lengths,163.040,163.040,56.200,3,3296.810,1,1,131,131
75,decode,pi: gdnb.attach_decode,40.330,203.370,70.230,3,3296.810,1,1,131,131
75,decode,pi: am.builder_build@AscendGDNAttentionMetadataBuilder,171.830,1114.000,392.500,3,3296.810,1,1,131,131
75,decode,pi: build_attention_metadata,279.690,1715.860,1715.860,1,3296.810,1,1,131,131
75,decode,pi: sanitize_placeholder_ids,1.090,1.090,1.090,1,3296.810,1,1,131,131
75,decode,pi: sync_input_prep,102.390,3045.180,3045.180,1,3296.810,1,1,131,131
75,decode,pi: TOTAL,3296.810,3296.810,3296.810,1,3296.810,1,1,131,131
76,decode,pi: update_states,99.950,99.950,99.950,1,3337.120,1,1,131,131
76,decode,pi: tokens_list,1.020,1.020,1.020,1,3337.120,1,1,131,131
76,decode,pi: phase_classify,53.770,53.770,53.770,1,3337.120,1,1,131,131
76,decode,pi: in.block_table_commit,88.590,88.590,88.590,1,3337.120,1,1,131,131
76,decode,pi: in.req_indices,9.170,9.170,9.170,1,3337.120,1,1,131,131
76,decode,pi: in.attn_state,26.790,26.790,26.790,1,3337.120,1,1,131,131
76,decode,pi: in.positions,24.740,24.740,24.740,1,3337.120,1,1,131,131
76,decode,pi: in.prev_positions,30.070,30.070,30.070,1,3337.120,1,1,131,131
76,decode,pi: in.token_indices_select,25.110,25.110,25.110,1,3337.120,1,1,131,131
76,decode,pi: in.query_start_loc,27.090,27.090,27.090,1,3337.120,1,1,131,131
76,decode,pi: in.optimistic_seq_lens,49.480,49.480,49.480,1,3337.120,1,1,131,131
76,decode,pi: in.prepare_input_ids,66.850,66.850,66.850,1,3337.120,1,1,131,131
76,decode,pi: in.mrope_positions,39.930,39.930,39.930,1,3337.120,1,1,131,131
76,decode,pi: in.discard_mask,58.370,58.370,58.370,1,3337.120,1,1,131,131
76,decode,pi: in.num_accepted_tokens,14.070,14.070,14.070,1,3337.120,1,1,131,131
76,decode,pi: in.num_computed_tokens,18.310,18.310,18.310,1,3337.120,1,1,131,131
76,decode,pi: in.tokens_to_gpu,64.920,64.920,64.920,1,3337.120,1,1,131,131
76,decode,pi: in.positions_assembly,112.050,112.050,112.050,1,3337.120,1,1,131,131
76,decode,pi: in.seq_lens,55.330,55.330,55.330,1,3337.120,1,1,131,131
76,decode,pi: in.slot_mapping,137.890,137.890,137.890,1,3337.120,1,1,131,131
76,decode,pi: in.mrope_drift,0.780,0.780,0.780,1,3337.120,1,1,131,131
76,decode,pi: in.logits_indices,39.740,39.740,37.400,2,3337.120,1,1,131,131
76,decode,pi: prepare_inputs,96.340,985.620,985.620,1,3337.120,1,1,131,131
76,decode,pi: cascade_attn_prefix_lens,11.240,11.240,11.240,1,3337.120,1,1,131,131
76,decode,pi: batch_exec_and_padding,49.000,49.000,49.000,1,3337.120,1,1,131,131
76,decode,pi: ubatch_slices,1.570,1.570,1.570,1,3337.120,1,1,131,131
76,decode,pi: pad_query_start_loc,29.400,29.400,29.400,1,3337.120,1,1,131,131
76,decode,pi: am.max_seq_len,17.740,17.740,17.740,1,3337.120,1,1,131,131
76,decode,pi: am.cm_base_pre,73.830,73.830,73.830,1,3337.120,1,1,131,131
76,decode,pi: am.build.split_decodes,9.290,9.290,9.290,1,3337.120,1,1,131,131
76,decode,pi: am.build.seq_lens_select,8.770,8.770,8.770,1,3337.120,1,1,131,131
76,decode,pi: am.build.attn_mask,1.280,1.280,1.280,1,3337.120,1,1,131,131
76,decode,pi: am.build.qsl_h2d,33.320,33.320,33.320,1,3337.120,1,1,131,131
76,decode,pi: am.build.tolist,10.170,10.170,10.170,1,3337.120,1,1,131,131
76,decode,pi: am.build.fia_pad,1.830,1.830,1.830,1,3337.120,1,1,131,131
76,decode,pi: am.build.backend_metadata,15.100,15.100,15.100,1,3337.120,1,1,131,131
76,decode,pi: am.build.metadata_ctor,6.400,6.400,6.400,1,3337.120,1,1,131,131
76,decode,pi: am.builder_build@AscendAttentionMetadataBuilder,36.680,122.840,122.840,1,3337.120,1,1,131,131
76,decode,pi: am.builder_build,13.640,1271.340,391.860,4,3337.120,1,1,131,131
76,decode,pi: am.layer_assign,6.740,6.740,1.910,4,3337.120,1,1,131,131
76,decode,pi: am.group_loop,90.150,1368.230,415.620,4,3337.120,1,1,131,131
76,decode,pi: gdnb.treat_single_token,172.880,172.880,60.500,3,3337.120,1,1,131,131
76,decode,pi: gdnb.compute_num_computed_tokens,130.510,130.510,43.930,3,3337.120,1,1,131,131
76,decode,pi: gdnb.mamba_block_table,5.350,5.350,1.900,3,3337.120,1,1,131,131
76,decode,pi: gdnb.split_decodes,121.730,121.730,41.500,3,3337.120,1,1,131,131
76,decode,pi: gdnb.pad_graph_inputs,286.380,286.380,100.330,3,3337.120,1,1,131,131
76,decode,pi: gdnb.ctor,21.730,21.730,8.040,3,3337.120,1,1,131,131
76,decode,pi: gdnb.attach_prefill,2.870,2.870,1.110,3,3337.120,1,1,131,131
76,decode,pi: gdnb.attach_spec,2.520,2.520,0.930,3,3337.120,1,1,131,131
76,decode,pi: gdnb.build_actual_seq_lengths,163.030,163.030,55.300,3,3337.120,1,1,131,131
76,decode,pi: gdnb.attach_decode,40.460,203.490,69.130,3,3337.120,1,1,131,131
76,decode,pi: am.builder_build@AscendGDNAttentionMetadataBuilder,187.400,1134.860,388.780,3,3337.120,1,1,131,131
76,decode,pi: build_attention_metadata,282.830,1742.630,1742.630,1,3337.120,1,1,131,131
76,decode,pi: sanitize_placeholder_ids,1.110,1.110,1.110,1,3337.120,1,1,131,131
76,decode,pi: sync_input_prep,101.410,3076.720,3076.720,1,3337.120,1,1,131,131
76,decode,pi: TOTAL,3337.120,3337.120,3337.120,1,3337.120,1,1,131,131
77,decode,pi: update_states,98.740,98.740,98.740,1,3316.750,1,1,131,131
77,decode,pi: tokens_list,1.020,1.020,1.020,1,3316.750,1,1,131,131
77,decode,pi: phase_classify,52.860,52.860,52.860,1,3316.750,1,1,131,131
77,decode,pi: in.block_table_commit,88.140,88.140,88.140,1,3316.750,1,1,131,131
77,decode,pi: in.req_indices,9.630,9.630,9.630,1,3316.750,1,1,131,131
77,decode,pi: in.attn_state,26.750,26.750,26.750,1,3316.750,1,1,131,131
77,decode,pi: in.positions,24.950,24.950,24.950,1,3316.750,1,1,131,131
77,decode,pi: in.prev_positions,30.030,30.030,30.030,1,3316.750,1,1,131,131
77,decode,pi: in.token_indices_select,24.720,24.720,24.720,1,3316.750,1,1,131,131
77,decode,pi: in.query_start_loc,27.620,27.620,27.620,1,3316.750,1,1,131,131
77,decode,pi: in.optimistic_seq_lens,49.960,49.960,49.960,1,3316.750,1,1,131,131
77,decode,pi: in.prepare_input_ids,81.760,81.760,81.760,1,3316.750,1,1,131,131
77,decode,pi: in.mrope_positions,41.330,41.330,41.330,1,3316.750,1,1,131,131
77,decode,pi: in.discard_mask,60.190,60.190,60.190,1,3316.750,1,1,131,131
77,decode,pi: in.num_accepted_tokens,14.430,14.430,14.430,1,3316.750,1,1,131,131
77,decode,pi: in.num_computed_tokens,17.530,17.530,17.530,1,3316.750,1,1,131,131
77,decode,pi: in.tokens_to_gpu,61.500,61.500,61.500,1,3316.750,1,1,131,131
77,decode,pi: in.positions_assembly,111.840,111.840,111.840,1,3316.750,1,1,131,131
77,decode,pi: in.seq_lens,56.280,56.280,56.280,1,3316.750,1,1,131,131
77,decode,pi: in.slot_mapping,137.800,137.800,137.800,1,3316.750,1,1,131,131
77,decode,pi: in.mrope_drift,0.740,0.740,0.740,1,3316.750,1,1,131,131
77,decode,pi: in.logits_indices,39.740,39.740,36.980,2,3316.750,1,1,131,131
77,decode,pi: prepare_inputs,96.970,1001.910,1001.910,1,3316.750,1,1,131,131
77,decode,pi: cascade_attn_prefix_lens,10.750,10.750,10.750,1,3316.750,1,1,131,131
77,decode,pi: batch_exec_and_padding,49.440,49.440,49.440,1,3316.750,1,1,131,131
77,decode,pi: ubatch_slices,1.450,1.450,1.450,1,3316.750,1,1,131,131
77,decode,pi: pad_query_start_loc,29.330,29.330,29.330,1,3316.750,1,1,131,131
77,decode,pi: am.max_seq_len,18.520,18.520,18.520,1,3316.750,1,1,131,131
77,decode,pi: am.cm_base_pre,74.710,74.710,74.710,1,3316.750,1,1,131,131
77,decode,pi: am.build.split_decodes,9.620,9.620,9.620,1,3316.750,1,1,131,131
77,decode,pi: am.build.seq_lens_select,8.480,8.480,8.480,1,3316.750,1,1,131,131
77,decode,pi: am.build.attn_mask,1.300,1.300,1.300,1,3316.750,1,1,131,131
77,decode,pi: am.build.qsl_h2d,31.830,31.830,31.830,1,3316.750,1,1,131,131
77,decode,pi: am.build.tolist,9.020,9.020,9.020,1,3316.750,1,1,131,131
77,decode,pi: am.build.fia_pad,1.820,1.820,1.820,1,3316.750,1,1,131,131
77,decode,pi: am.build.backend_metadata,14.870,14.870,14.870,1,3316.750,1,1,131,131
77,decode,pi: am.build.metadata_ctor,6.600,6.600,6.600,1,3316.750,1,1,131,131
77,decode,pi: am.builder_build@AscendAttentionMetadataBuilder,36.360,119.900,119.900,1,3316.750,1,1,131,131
77,decode,pi: am.builder_build,13.700,1240.620,388.420,4,3316.750,1,1,131,131
77,decode,pi: am.layer_assign,7.160,7.160,2.170,4,3316.750,1,1,131,131
77,decode,pi: am.group_loop,89.940,1337.720,412.760,4,3316.750,1,1,131,131
77,decode,pi: gdnb.treat_single_token,167.560,167.560,58.470,3,3316.750,1,1,131,131
77,decode,pi: gdnb.compute_num_computed_tokens,128.320,128.320,43.600,3,3316.750,1,1,131,131
77,decode,pi: gdnb.mamba_block_table,5.150,5.150,1.940,3,3316.750,1,1,131,131
77,decode,pi: gdnb.split_decodes,120.260,120.260,41.560,3,3316.750,1,1,131,131
77,decode,pi: gdnb.pad_graph_inputs,284.080,284.080,100.480,3,3316.750,1,1,131,131
77,decode,pi: gdnb.ctor,21.740,21.740,8.290,3,3316.750,1,1,131,131
77,decode,pi: gdnb.attach_prefill,2.800,2.800,1.170,3,3316.750,1,1,131,131
77,decode,pi: gdnb.attach_spec,2.600,2.600,0.910,3,3316.750,1,1,131,131
77,decode,pi: gdnb.build_actual_seq_lengths,162.250,162.250,55.120,3,3316.750,1,1,131,131
77,decode,pi: gdnb.attach_decode,39.960,202.210,68.290,3,3316.750,1,1,131,131
77,decode,pi: am.builder_build@AscendGDNAttentionMetadataBuilder,172.300,1107.020,385.250,3,3316.750,1,1,131,131
77,decode,pi: build_attention_metadata,280.420,1711.370,1711.370,1,3316.750,1,1,131,131
77,decode,pi: sanitize_placeholder_ids,1.110,1.110,1.110,1,3316.750,1,1,131,131
77,decode,pi: sync_input_prep,100.740,3058.720,3058.720,1,3316.750,1,1,131,131
77,decode,pi: TOTAL,3316.750,3316.750,3316.750,1,3316.750,1,1,131,131
78,decode,pi: update_states,98.810,98.810,98.810,1,3322.990,1,1,131,131
78,decode,pi: tokens_list,1.040,1.040,1.040,1,3322.990,1,1,131,131
78,decode,pi: phase_classify,53.580,53.580,53.580,1,3322.990,1,1,131,131
78,decode,pi: in.block_table_commit,87.390,87.390,87.390,1,3322.990,1,1,131,131
78,decode,pi: in.req_indices,9.200,9.200,9.200,1,3322.990,1,1,131,131
78,decode,pi: in.attn_state,25.880,25.880,25.880,1,3322.990,1,1,131,131
78,decode,pi: in.positions,24.620,24.620,24.620,1,3322.990,1,1,131,131
78,decode,pi: in.prev_positions,30.330,30.330,30.330,1,3322.990,1,1,131,131
78,decode,pi: in.token_indices_select,24.820,24.820,24.820,1,3322.990,1,1,131,131
78,decode,pi: in.query_start_loc,27.080,27.080,27.080,1,3322.990,1,1,131,131
78,decode,pi: in.optimistic_seq_lens,49.910,49.910,49.910,1,3322.990,1,1,131,131
78,decode,pi: in.prepare_input_ids,65.760,65.760,65.760,1,3322.990,1,1,131,131
78,decode,pi: in.mrope_positions,39.300,39.300,39.300,1,3322.990,1,1,131,131
78,decode,pi: in.discard_mask,58.040,58.040,58.040,1,3322.990,1,1,131,131
78,decode,pi: in.num_accepted_tokens,14.220,14.220,14.220,1,3322.990,1,1,131,131
78,decode,pi: in.num_computed_tokens,18.330,18.330,18.330,1,3322.990,1,1,131,131
78,decode,pi: in.tokens_to_gpu,65.260,65.260,65.260,1,3322.990,1,1,131,131
78,decode,pi: in.positions_assembly,111.940,111.940,111.940,1,3322.990,1,1,131,131
78,decode,pi: in.seq_lens,55.440,55.440,55.440,1,3322.990,1,1,131,131
78,decode,pi: in.slot_mapping,135.370,135.370,135.370,1,3322.990,1,1,131,131
78,decode,pi: in.mrope_drift,0.760,0.760,0.760,1,3322.990,1,1,131,131
78,decode,pi: in.logits_indices,39.030,39.030,36.780,2,3322.990,1,1,131,131
78,decode,pi: prepare_inputs,94.620,977.300,977.300,1,3322.990,1,1,131,131
78,decode,pi: cascade_attn_prefix_lens,10.790,10.790,10.790,1,3322.990,1,1,131,131
78,decode,pi: batch_exec_and_padding,49.250,49.250,49.250,1,3322.990,1,1,131,131
78,decode,pi: ubatch_slices,1.510,1.510,1.510,1,3322.990,1,1,131,131
78,decode,pi: pad_query_start_loc,28.900,28.900,28.900,1,3322.990,1,1,131,131
78,decode,pi: am.max_seq_len,18.650,18.650,18.650,1,3322.990,1,1,131,131
78,decode,pi: am.cm_base_pre,73.740,73.740,73.740,1,3322.990,1,1,131,131
78,decode,pi: am.build.split_decodes,9.560,9.560,9.560,1,3322.990,1,1,131,131
78,decode,pi: am.build.seq_lens_select,8.340,8.340,8.340,1,3322.990,1,1,131,131
78,decode,pi: am.build.attn_mask,1.390,1.390,1.390,1,3322.990,1,1,131,131
78,decode,pi: am.build.qsl_h2d,31.570,31.570,31.570,1,3322.990,1,1,131,131
78,decode,pi: am.build.tolist,9.450,9.450,9.450,1,3322.990,1,1,131,131
78,decode,pi: am.build.fia_pad,1.860,1.860,1.860,1,3322.990,1,1,131,131
78,decode,pi: am.build.backend_metadata,15.280,15.280,15.280,1,3322.990,1,1,131,131
78,decode,pi: am.build.metadata_ctor,6.200,6.200,6.200,1,3322.990,1,1,131,131
78,decode,pi: am.builder_build@AscendAttentionMetadataBuilder,36.450,120.100,120.100,1,3322.990,1,1,131,131
78,decode,pi: am.builder_build,13.320,1274.160,394.800,4,3322.990,1,1,131,131
78,decode,pi: am.layer_assign,6.780,6.780,1.900,4,3322.990,1,1,131,131
78,decode,pi: am.group_loop,88.960,1369.900,418.850,4,3322.990,1,1,131,131
78,decode,pi: gdnb.treat_single_token,169.770,169.770,60.280,3,3322.990,1,1,131,131
78,decode,pi: gdnb.compute_num_computed_tokens,131.230,131.230,45.180,3,3322.990,1,1,131,131
78,decode,pi: gdnb.mamba_block_table,5.000,5.000,1.800,3,3322.990,1,1,131,131
78,decode,pi: gdnb.split_decodes,120.710,120.710,41.500,3,3322.990,1,1,131,131
78,decode,pi: gdnb.pad_graph_inputs,287.970,287.970,102.630,3,3322.990,1,1,131,131
78,decode,pi: gdnb.ctor,21.600,21.600,8.040,3,3322.990,1,1,131,131
78,decode,pi: gdnb.attach_prefill,3.050,3.050,1.200,3,3322.990,1,1,131,131
78,decode,pi: gdnb.attach_spec,2.620,2.620,0.980,3,3322.990,1,1,131,131
78,decode,pi: gdnb.build_actual_seq_lengths,183.790,183.790,75.580,3,3322.990,1,1,131,131
78,decode,pi: gdnb.attach_decode,41.540,225.330,89.160,3,3322.990,1,1,131,131
78,decode,pi: am.builder_build@AscendGDNAttentionMetadataBuilder,173.460,1140.740,391.880,3,3322.990,1,1,131,131
78,decode,pi: build_attention_metadata,281.970,1744.260,1744.260,1,3322.990,1,1,131,131
78,decode,pi: sanitize_placeholder_ids,1.080,1.080,1.080,1,3322.990,1,1,131,131
78,decode,pi: sync_input_prep,100.140,3066.660,3066.660,1,3322.990,1,1,131,131
78,decode,pi: TOTAL,3322.990,3322.990,3322.990,1,3322.990,1,1,131,131
79,decode,pi: update_states,98.580,98.580,98.580,1,3325.170,1,1,131,131
79,decode,pi: tokens_list,1.030,1.030,1.030,1,3325.170,1,1,131,131
79,decode,pi: phase_classify,52.630,52.630,52.630,1,3325.170,1,1,131,131
79,decode,pi: in.block_table_commit,84.980,84.980,84.980,1,3325.170,1,1,131,131
79,decode,pi: in.req_indices,9.520,9.520,9.520,1,3325.170,1,1,131,131
79,decode,pi: in.attn_state,26.350,26.350,26.350,1,3325.170,1,1,131,131
79,decode,pi: in.positions,25.430,25.430,25.430,1,3325.170,1,1,131,131
79,decode,pi: in.prev_positions,29.400,29.400,29.400,1,3325.170,1,1,131,131
79,decode,pi: in.token_indices_select,25.100,25.100,25.100,1,3325.170,1,1,131,131
79,decode,pi: in.query_start_loc,27.620,27.620,27.620,1,3325.170,1,1,131,131
79,decode,pi: in.optimistic_seq_lens,51.110,51.110,51.110,1,3325.170,1,1,131,131
79,decode,pi: in.prepare_input_ids,66.810,66.810,66.810,1,3325.170,1,1,131,131
79,decode,pi: in.mrope_positions,39.790,39.790,39.790,1,3325.170,1,1,131,131
79,decode,pi: in.discard_mask,58.130,58.130,58.130,1,3325.170,1,1,131,131
79,decode,pi: in.num_accepted_tokens,13.940,13.940,13.940,1,3325.170,1,1,131,131
79,decode,pi: in.num_computed_tokens,18.220,18.220,18.220,1,3325.170,1,1,131,131
79,decode,pi: in.tokens_to_gpu,61.170,61.170,61.170,1,3325.170,1,1,131,131
79,decode,pi: in.positions_assembly,111.680,111.680,111.680,1,3325.170,1,1,131,131
79,decode,pi: in.seq_lens,56.650,56.650,56.650,1,3325.170,1,1,131,131
79,decode,pi: in.slot_mapping,136.820,136.820,136.820,1,3325.170,1,1,131,131
79,decode,pi: in.mrope_drift,0.780,0.780,0.780,1,3325.170,1,1,131,131
79,decode,pi: in.logits_indices,40.190,40.190,37.370,2,3325.170,1,1,131,131
79,decode,pi: prepare_inputs,95.560,979.250,979.250,1,3325.170,1,1,131,131
79,decode,pi: cascade_attn_prefix_lens,11.260,11.260,11.260,1,3325.170,1,1,131,131
79,decode,pi: batch_exec_and_padding,48.400,48.400,48.400,1,3325.170,1,1,131,131
79,decode,pi: ubatch_slices,1.420,1.420,1.420,1,3325.170,1,1,131,131
79,decode,pi: pad_query_start_loc,29.270,29.270,29.270,1,3325.170,1,1,131,131
79,decode,pi: am.max_seq_len,18.460,18.460,18.460,1,3325.170,1,1,131,131
79,decode,pi: am.cm_base_pre,88.910,88.910,88.910,1,3325.170,1,1,131,131
79,decode,pi: am.build.split_decodes,9.400,9.400,9.400,1,3325.170,1,1,131,131
79,decode,pi: am.build.seq_lens_select,8.820,8.820,8.820,1,3325.170,1,1,131,131
79,decode,pi: am.build.attn_mask,1.290,1.290,1.290,1,3325.170,1,1,131,131
79,decode,pi: am.build.qsl_h2d,33.330,33.330,33.330,1,3325.170,1,1,131,131
79,decode,pi: am.build.tolist,9.140,9.140,9.140,1,3325.170,1,1,131,131
79,decode,pi: am.build.fia_pad,1.730,1.730,1.730,1,3325.170,1,1,131,131
79,decode,pi: am.build.backend_metadata,14.980,14.980,14.980,1,3325.170,1,1,131,131
79,decode,pi: am.build.metadata_ctor,6.350,6.350,6.350,1,3325.170,1,1,131,131
79,decode,pi: am.builder_build@AscendAttentionMetadataBuilder,35.760,120.800,120.800,1,3325.170,1,1,131,131
79,decode,pi: am.builder_build,13.500,1260.530,393.910,4,3325.170,1,1,131,131
79,decode,pi: am.layer_assign,7.060,7.060,2.010,4,3325.170,1,1,131,131
79,decode,pi: am.group_loop,89.980,1357.570,418.450,4,3325.170,1,1,131,131
79,decode,pi: gdnb.treat_single_token,170.350,170.350,59.260,3,3325.170,1,1,131,131
79,decode,pi: gdnb.compute_num_computed_tokens,129.570,129.570,43.880,3,3325.170,1,1,131,131
79,decode,pi: gdnb.mamba_block_table,5.070,5.070,1.880,3,3325.170,1,1,131,131
79,decode,pi: gdnb.split_decodes,124.390,124.390,42.000,3,3325.170,1,1,131,131
79,decode,pi: gdnb.pad_graph_inputs,289.500,289.500,102.240,3,3325.170,1,1,131,131
79,decode,pi: gdnb.ctor,21.620,21.620,8.290,3,3325.170,1,1,131,131
79,decode,pi: gdnb.attach_prefill,2.830,2.830,1.100,3,3325.170,1,1,131,131
79,decode,pi: gdnb.attach_spec,2.600,2.600,0.970,3,3325.170,1,1,131,131
79,decode,pi: gdnb.build_actual_seq_lengths,166.670,166.670,56.720,3,3325.170,1,1,131,131
79,decode,pi: gdnb.attach_decode,40.630,207.300,70.690,3,3325.170,1,1,131,131
79,decode,pi: am.builder_build@AscendGDNAttentionMetadataBuilder,173.000,1126.230,390.950,3,3325.170,1,1,131,131
79,decode,pi: build_attention_metadata,281.690,1746.630,1746.630,1,3325.170,1,1,131,131
79,decode,pi: sanitize_placeholder_ids,1.220,1.220,1.220,1,3325.170,1,1,131,131
79,decode,pi: sync_input_prep,101.120,3070.810,3070.810,1,3325.170,1,1,131,131
79,decode,pi: TOTAL,3325.170,3325.170,3325.170,1,3325.170,1,1,131,131
80,decode,pi: update_states,98.090,98.090,98.090,1,3299.550,1,1,131,131
80,decode,pi: tokens_list,0.980,0.980,0.980,1,3299.550,1,1,131,131
80,decode,pi: phase_classify,53.140,53.140,53.140,1,3299.550,1,1,131,131
80,decode,pi: in.block_table_commit,87.200,87.200,87.200,1,3299.550,1,1,131,131
80,decode,pi: in.req_indices,9.420,9.420,9.420,1,3299.550,1,1,131,131
80,decode,pi: in.attn_state,26.620,26.620,26.620,1,3299.550,1,1,131,131
80,decode,pi: in.positions,25.060,25.060,25.060,1,3299.550,1,1,131,131
80,decode,pi: in.prev_positions,30.150,30.150,30.150,1,3299.550,1,1,131,131
80,decode,pi: in.token_indices_select,24.830,24.830,24.830,1,3299.550,1,1,131,131
80,decode,pi: in.query_start_loc,26.610,26.610,26.610,1,3299.550,1,1,131,131
80,decode,pi: in.optimistic_seq_lens,49.410,49.410,49.410,1,3299.550,1,1,131,131
80,decode,pi: in.prepare_input_ids,65.770,65.770,65.770,1,3299.550,1,1,131,131
80,decode,pi: in.mrope_positions,38.990,38.990,38.990,1,3299.550,1,1,131,131
80,decode,pi: in.discard_mask,58.340,58.340,58.340,1,3299.550,1,1,131,131
80,decode,pi: in.num_accepted_tokens,14.510,14.510,14.510,1,3299.550,1,1,131,131
80,decode,pi: in.num_computed_tokens,18.480,18.480,18.480,1,3299.550,1,1,131,131
80,decode,pi: in.tokens_to_gpu,60.580,60.580,60.580,1,3299.550,1,1,131,131
80,decode,pi: in.positions_assembly,110.870,110.870,110.870,1,3299.550,1,1,131,131
80,decode,pi: in.seq_lens,55.110,55.110,55.110,1,3299.550,1,1,131,131
80,decode,pi: in.slot_mapping,137.480,137.480,137.480,1,3299.550,1,1,131,131
80,decode,pi: in.mrope_drift,0.720,0.720,0.720,1,3299.550,1,1,131,131
80,decode,pi: in.logits_indices,39.290,39.290,36.930,2,3299.550,1,1,131,131
80,decode,pi: prepare_inputs,95.920,975.360,975.360,1,3299.550,1,1,131,131
80,decode,pi: cascade_attn_prefix_lens,11.300,11.300,11.300,1,3299.550,1,1,131,131
80,decode,pi: batch_exec_and_padding,48.740,48.740,48.740,1,3299.550,1,1,131,131
80,decode,pi: ubatch_slices,1.640,1.640,1.640,1,3299.550,1,1,131,131
80,decode,pi: pad_query_start_loc,28.910,28.910,28.910,1,3299.550,1,1,131,131
80,decode,pi: am.max_seq_len,19.080,19.080,19.080,1,3299.550,1,1,131,131
80,decode,pi: am.cm_base_pre,74.750,74.750,74.750,1,3299.550,1,1,131,131
80,decode,pi: am.build.split_decodes,9.470,9.470,9.470,1,3299.550,1,1,131,131
80,decode,pi: am.build.seq_lens_select,8.480,8.480,8.480,1,3299.550,1,1,131,131
80,decode,pi: am.build.attn_mask,1.190,1.190,1.190,1,3299.550,1,1,131,131
80,decode,pi: am.build.qsl_h2d,32.710,32.710,32.710,1,3299.550,1,1,131,131
80,decode,pi: am.build.tolist,9.090,9.090,9.090,1,3299.550,1,1,131,131
80,decode,pi: am.build.fia_pad,1.880,1.880,1.880,1,3299.550,1,1,131,131
80,decode,pi: am.build.backend_metadata,15.280,15.280,15.280,1,3299.550,1,1,131,131
80,decode,pi: am.build.metadata_ctor,6.200,6.200,6.200,1,3299.550,1,1,131,131
80,decode,pi: am.builder_build@AscendAttentionMetadataBuilder,36.250,120.550,120.550,1,3299.550,1,1,131,131
80,decode,pi: am.builder_build,13.460,1260.830,394.650,4,3299.550,1,1,131,131
80,decode,pi: am.layer_assign,6.820,6.820,1.840,4,3299.550,1,1,131,131
80,decode,pi: am.group_loop,89.100,1356.750,418.970,4,3299.550,1,1,131,131
80,decode,pi: gdnb.treat_single_token,171.180,171.180,59.550,3,3299.550,1,1,131,131
80,decode,pi: gdnb.compute_num_computed_tokens,131.880,131.880,44.700,3,3299.550,1,1,131,131
80,decode,pi: gdnb.mamba_block_table,5.380,5.380,1.940,3,3299.550,1,1,131,131
80,decode,pi: gdnb.split_decodes,123.000,123.000,42.300,3,3299.550,1,1,131,131
80,decode,pi: gdnb.pad_graph_inputs,289.400,289.400,101.710,3,3299.550,1,1,131,131
80,decode,pi: gdnb.ctor,21.970,21.970,8.240,3,3299.550,1,1,131,131
80,decode,pi: gdnb.attach_prefill,2.880,2.880,1.130,3,3299.550,1,1,131,131
80,decode,pi: gdnb.attach_spec,2.570,2.570,0.940,3,3299.550,1,1,131,131
80,decode,pi: gdnb.build_actual_seq_lengths,165.430,165.430,56.250,3,3299.550,1,1,131,131
80,decode,pi: gdnb.attach_decode,40.170,205.600,70.110,3,3299.550,1,1,131,131
80,decode,pi: am.builder_build@AscendGDNAttentionMetadataBuilder,172.960,1126.820,391.440,3,3299.550,1,1,131,131
80,decode,pi: build_attention_metadata,280.570,1731.150,1731.150,1,3299.550,1,1,131,131
80,decode,pi: sanitize_placeholder_ids,1.030,1.030,1.030,1,3299.550,1,1,131,131
80,decode,pi: sync_input_prep,100.030,3050.370,3050.370,1,3299.550,1,1,131,131
80,decode,pi: TOTAL,3299.550,3299.550,3299.550,1,3299.550,1,1,131,131
81,decode,pi: update_states,98.700,98.700,98.700,1,3321.250,1,1,131,131
81,decode,pi: tokens_list,0.970,0.970,0.970,1,3321.250,1,1,131,131
81,decode,pi: phase_classify,53.110,53.110,53.110,1,3321.250,1,1,131,131
81,decode,pi: in.block_table_commit,86.010,86.010,86.010,1,3321.250,1,1,131,131
81,decode,pi: in.req_indices,9.480,9.480,9.480,1,3321.250,1,1,131,131
81,decode,pi: in.attn_state,26.610,26.610,26.610,1,3321.250,1,1,131,131
81,decode,pi: in.positions,25.230,25.230,25.230,1,3321.250,1,1,131,131
81,decode,pi: in.prev_positions,30.330,30.330,30.330,1,3321.250,1,1,131,131
81,decode,pi: in.token_indices_select,25.190,25.190,25.190,1,3321.250,1,1,131,131
81,decode,pi: in.query_start_loc,27.770,27.770,27.770,1,3321.250,1,1,131,131
81,decode,pi: in.optimistic_seq_lens,49.280,49.280,49.280,1,3321.250,1,1,131,131
81,decode,pi: in.prepare_input_ids,65.170,65.170,65.170,1,3321.250,1,1,131,131
81,decode,pi: in.mrope_positions,39.260,39.260,39.260,1,3321.250,1,1,131,131
81,decode,pi: in.discard_mask,57.620,57.620,57.620,1,3321.250,1,1,131,131
81,decode,pi: in.num_accepted_tokens,14.340,14.340,14.340,1,3321.250,1,1,131,131
81,decode,pi: in.num_computed_tokens,18.040,18.040,18.040,1,3321.250,1,1,131,131
81,decode,pi: in.tokens_to_gpu,60.650,60.650,60.650,1,3321.250,1,1,131,131
81,decode,pi: in.positions_assembly,110.440,110.440,110.440,1,3321.250,1,1,131,131
81,decode,pi: in.seq_lens,55.690,55.690,55.690,1,3321.250,1,1,131,131
81,decode,pi: in.slot_mapping,136.010,136.010,136.010,1,3321.250,1,1,131,131
81,decode,pi: in.mrope_drift,0.690,0.690,0.690,1,3321.250,1,1,131,131
81,decode,pi: in.logits_indices,38.320,38.320,35.710,2,3321.250,1,1,131,131
81,decode,pi: prepare_inputs,95.130,971.260,971.260,1,3321.250,1,1,131,131
81,decode,pi: cascade_attn_prefix_lens,10.680,10.680,10.680,1,3321.250,1,1,131,131
81,decode,pi: batch_exec_and_padding,49.840,49.840,49.840,1,3321.250,1,1,131,131
81,decode,pi: ubatch_slices,1.570,1.570,1.570,1,3321.250,1,1,131,131
81,decode,pi: pad_query_start_loc,29.210,29.210,29.210,1,3321.250,1,1,131,131
81,decode,pi: am.max_seq_len,17.750,17.750,17.750,1,3321.250,1,1,131,131
81,decode,pi: am.cm_base_pre,75.580,75.580,75.580,1,3321.250,1,1,131,131
81,decode,pi: am.build.split_decodes,9.250,9.250,9.250,1,3321.250,1,1,131,131
81,decode,pi: am.build.seq_lens_select,8.660,8.660,8.660,1,3321.250,1,1,131,131
81,decode,pi: am.build.attn_mask,1.240,1.240,1.240,1,3321.250,1,1,131,131
81,decode,pi: am.build.qsl_h2d,32.580,32.580,32.580,1,3321.250,1,1,131,131
81,decode,pi: am.build.tolist,9.640,9.640,9.640,1,3321.250,1,1,131,131
81,decode,pi: am.build.fia_pad,1.750,1.750,1.750,1,3321.250,1,1,131,131
81,decode,pi: am.build.backend_metadata,15.270,15.270,15.270,1,3321.250,1,1,131,131
81,decode,pi: am.build.metadata_ctor,6.560,6.560,6.560,1,3321.250,1,1,131,131
81,decode,pi: am.builder_build@AscendAttentionMetadataBuilder,36.910,121.860,121.860,1,3321.250,1,1,131,131
81,decode,pi: am.builder_build,13.500,1263.400,396.410,4,3321.250,1,1,131,131
81,decode,pi: am.layer_assign,7.420,7.420,2.030,4,3321.250,1,1,131,131
81,decode,pi: am.group_loop,90.620,1361.440,421.260,4,3321.250,1,1,131,131
81,decode,pi: gdnb.treat_single_token,170.870,170.870,58.600,3,3321.250,1,1,131,131
81,decode,pi: gdnb.compute_num_computed_tokens,133.160,133.160,44.870,3,3321.250,1,1,131,131
81,decode,pi: gdnb.mamba_block_table,5.320,5.320,1.950,3,3321.250,1,1,131,131
81,decode,pi: gdnb.split_decodes,122.950,122.950,42.270,3,3321.250,1,1,131,131
81,decode,pi: gdnb.pad_graph_inputs,289.790,289.790,103.300,3,3321.250,1,1,131,131
81,decode,pi: gdnb.ctor,22.030,22.030,8.390,3,3321.250,1,1,131,131
81,decode,pi: gdnb.attach_prefill,2.740,2.740,1.050,3,3321.250,1,1,131,131
81,decode,pi: gdnb.attach_spec,2.550,2.550,0.920,3,3321.250,1,1,131,131
81,decode,pi: gdnb.build_actual_seq_lengths,165.660,165.660,55.990,3,3321.250,1,1,131,131
81,decode,pi: gdnb.attach_decode,40.870,206.530,70.400,3,3321.250,1,1,131,131
81,decode,pi: am.builder_build@AscendGDNAttentionMetadataBuilder,172.100,1128.040,393.280,3,3321.250,1,1,131,131
81,decode,pi: build_attention_metadata,293.060,1747.830,1747.830,1,3321.250,1,1,131,131
81,decode,pi: sanitize_placeholder_ids,1.120,1.120,1.120,1,3321.250,1,1,131,131
81,decode,pi: sync_input_prep,100.830,3065.120,3065.120,1,3321.250,1,1,131,131
81,decode,pi: TOTAL,3321.250,3321.250,3321.250,1,3321.250,1,1,131,131
82,decode,pi: update_states,98.690,98.690,98.690,1,3329.050,1,1,131,131
82,decode,pi: tokens_list,1.030,1.030,1.030,1,3329.050,1,1,131,131
82,decode,pi: phase_classify,52.960,52.960,52.960,1,3329.050,1,1,131,131
82,decode,pi: in.block_table_commit,88.600,88.600,88.600,1,3329.050,1,1,131,131
82,decode,pi: in.req_indices,9.250,9.250,9.250,1,3329.050,1,1,131,131
82,decode,pi: in.attn_state,26.880,26.880,26.880,1,3329.050,1,1,131,131
82,decode,pi: in.positions,24.950,24.950,24.950,1,3329.050,1,1,131,131
82,decode,pi: in.prev_positions,29.870,29.870,29.870,1,3329.050,1,1,131,131
82,decode,pi: in.token_indices_select,24.860,24.860,24.860,1,3329.050,1,1,131,131
82,decode,pi: in.query_start_loc,26.270,26.270,26.270,1,3329.050,1,1,131,131
82,decode,pi: in.optimistic_seq_lens,49.520,49.520,49.520,1,3329.050,1,1,131,131
82,decode,pi: in.prepare_input_ids,69.250,69.250,69.250,1,3329.050,1,1,131,131
82,decode,pi: in.mrope_positions,39.900,39.900,39.900,1,3329.050,1,1,131,131
82,decode,pi: in.discard_mask,59.120,59.120,59.120,1,3329.050,1,1,131,131
82,decode,pi: in.num_accepted_tokens,14.420,14.420,14.420,1,3329.050,1,1,131,131
82,decode,pi: in.num_computed_tokens,17.440,17.440,17.440,1,3329.050,1,1,131,131
82,decode,pi: in.tokens_to_gpu,62.960,62.960,62.960,1,3329.050,1,1,131,131
82,decode,pi: in.positions_assembly,109.580,109.580,109.580,1,3329.050,1,1,131,131
82,decode,pi: in.seq_lens,54.400,54.400,54.400,1,3329.050,1,1,131,131
82,decode,pi: in.slot_mapping,137.110,137.110,137.110,1,3329.050,1,1,131,131
82,decode,pi: in.mrope_drift,0.710,0.710,0.710,1,3329.050,1,1,131,131
82,decode,pi: in.logits_indices,39.240,39.240,36.930,2,3329.050,1,1,131,131
82,decode,pi: prepare_inputs,120.120,1004.450,1004.450,1,3329.050,1,1,131,131
82,decode,pi: cascade_attn_prefix_lens,11.000,11.000,11.000,1,3329.050,1,1,131,131
82,decode,pi: batch_exec_and_padding,48.640,48.640,48.640,1,3329.050,1,1,131,131
82,decode,pi: ubatch_slices,1.460,1.460,1.460,1,3329.050,1,1,131,131
82,decode,pi: pad_query_start_loc,29.400,29.400,29.400,1,3329.050,1,1,131,131
82,decode,pi: am.max_seq_len,19.140,19.140,19.140,1,3329.050,1,1,131,131
82,decode,pi: am.cm_base_pre,75.320,75.320,75.320,1,3329.050,1,1,131,131
82,decode,pi: am.build.split_decodes,9.150,9.150,9.150,1,3329.050,1,1,131,131
82,decode,pi: am.build.seq_lens_select,8.470,8.470,8.470,1,3329.050,1,1,131,131
82,decode,pi: am.build.attn_mask,1.220,1.220,1.220,1,3329.050,1,1,131,131
82,decode,pi: am.build.qsl_h2d,32.480,32.480,32.480,1,3329.050,1,1,131,131
82,decode,pi: am.build.tolist,9.700,9.700,9.700,1,3329.050,1,1,131,131
82,decode,pi: am.build.fia_pad,1.820,1.820,1.820,1,3329.050,1,1,131,131
82,decode,pi: am.build.backend_metadata,15.270,15.270,15.270,1,3329.050,1,1,131,131
82,decode,pi: am.build.metadata_ctor,6.670,6.670,6.670,1,3329.050,1,1,131,131
82,decode,pi: am.builder_build@AscendAttentionMetadataBuilder,35.860,120.640,120.640,1,3329.050,1,1,131,131
82,decode,pi: am.builder_build,13.300,1249.750,391.960,4,3329.050,1,1,131,131
82,decode,pi: am.layer_assign,6.880,6.880,1.890,4,3329.050,1,1,131,131
82,decode,pi: am.group_loop,87.950,1344.580,415.890,4,3329.050,1,1,131,131
82,decode,pi: gdnb.treat_single_token,169.900,169.900,59.710,3,3329.050,1,1,131,131
82,decode,pi: gdnb.compute_num_computed_tokens,129.150,129.150,43.490,3,3329.050,1,1,131,131
82,decode,pi: gdnb.mamba_block_table,5.080,5.080,1.890,3,3329.050,1,1,131,131
82,decode,pi: gdnb.split_decodes,120.910,120.910,41.380,3,3329.050,1,1,131,131
82,decode,pi: gdnb.pad_graph_inputs,287.470,287.470,101.560,3,3329.050,1,1,131,131
82,decode,pi: gdnb.ctor,21.450,21.450,8.430,3,3329.050,1,1,131,131
82,decode,pi: gdnb.attach_prefill,2.650,2.650,1.030,3,3329.050,1,1,131,131
82,decode,pi: gdnb.attach_spec,2.590,2.590,0.930,3,3329.050,1,1,131,131
82,decode,pi: gdnb.build_actual_seq_lengths,163.660,163.660,56.150,3,3329.050,1,1,131,131
82,decode,pi: gdnb.attach_decode,40.200,203.860,70.040,3,3329.050,1,1,131,131
82,decode,pi: am.builder_build@AscendGDNAttentionMetadataBuilder,172.750,1115.810,388.930,3,3329.050,1,1,131,131
82,decode,pi: build_attention_metadata,280.350,1719.390,1719.390,1,3329.050,1,1,131,131
82,decode,pi: sanitize_placeholder_ids,1.090,1.090,1.090,1,3329.050,1,1,131,131
82,decode,pi: sync_input_prep,100.430,3068.540,3068.540,1,3329.050,1,1,131,131
82,decode,pi: TOTAL,3329.050,3329.050,3329.050,1,3329.050,1,1,131,131
83,decode,pi: update_states,99.500,99.500,99.500,1,3330.950,1,1,131,131
83,decode,pi: tokens_list,0.970,0.970,0.970,1,3330.950,1,1,131,131
83,decode,pi: phase_classify,52.840,52.840,52.840,1,3330.950,1,1,131,131
83,decode,pi: in.block_table_commit,85.290,85.290,85.290,1,3330.950,1,1,131,131
83,decode,pi: in.req_indices,9.320,9.320,9.320,1,3330.950,1,1,131,131
83,decode,pi: in.attn_state,26.590,26.590,26.590,1,3330.950,1,1,131,131
83,decode,pi: in.positions,24.830,24.830,24.830,1,3330.950,1,1,131,131
83,decode,pi: in.prev_positions,30.410,30.410,30.410,1,3330.950,1,1,131,131
83,decode,pi: in.token_indices_select,25.040,25.040,25.040,1,3330.950,1,1,131,131
83,decode,pi: in.query_start_loc,27.380,27.380,27.380,1,3330.950,1,1,131,131
83,decode,pi: in.optimistic_seq_lens,50.600,50.600,50.600,1,3330.950,1,1,131,131
83,decode,pi: in.prepare_input_ids,66.930,66.930,66.930,1,3330.950,1,1,131,131
83,decode,pi: in.mrope_positions,39.830,39.830,39.830,1,3330.950,1,1,131,131
83,decode,pi: in.discard_mask,58.940,58.940,58.940,1,3330.950,1,1,131,131
83,decode,pi: in.num_accepted_tokens,14.380,14.380,14.380,1,3330.950,1,1,131,131
83,decode,pi: in.num_computed_tokens,18.430,18.430,18.430,1,3330.950,1,1,131,131
83,decode,pi: in.tokens_to_gpu,62.210,62.210,62.210,1,3330.950,1,1,131,131
83,decode,pi: in.positions_assembly,111.710,111.710,111.710,1,3330.950,1,1,131,131
83,decode,pi: in.seq_lens,55.510,55.510,55.510,1,3330.950,1,1,131,131
83,decode,pi: in.slot_mapping,135.710,135.710,135.710,1,3330.950,1,1,131,131
83,decode,pi: in.mrope_drift,0.780,0.780,0.780,1,3330.950,1,1,131,131
83,decode,pi: in.logits_indices,39.670,39.670,36.890,2,3330.950,1,1,131,131
83,decode,pi: prepare_inputs,96.440,980.000,980.000,1,3330.950,1,1,131,131
83,decode,pi: cascade_attn_prefix_lens,10.890,10.890,10.890,1,3330.950,1,1,131,131
83,decode,pi: batch_exec_and_padding,48.660,48.660,48.660,1,3330.950,1,1,131,131
83,decode,pi: ubatch_slices,1.520,1.520,1.520,1,3330.950,1,1,131,131
83,decode,pi: pad_query_start_loc,29.730,29.730,29.730,1,3330.950,1,1,131,131
83,decode,pi: am.max_seq_len,19.130,19.130,19.130,1,3330.950,1,1,131,131
83,decode,pi: am.cm_base_pre,74.430,74.430,74.430,1,3330.950,1,1,131,131
83,decode,pi: am.build.split_decodes,9.140,9.140,9.140,1,3330.950,1,1,131,131
83,decode,pi: am.build.seq_lens_select,8.640,8.640,8.640,1,3330.950,1,1,131,131
83,decode,pi: am.build.attn_mask,1.290,1.290,1.290,1,3330.950,1,1,131,131
83,decode,pi: am.build.qsl_h2d,32.650,32.650,32.650,1,3330.950,1,1,131,131
83,decode,pi: am.build.tolist,9.920,9.920,9.920,1,3330.950,1,1,131,131
83,decode,pi: am.build.fia_pad,1.950,1.950,1.950,1,3330.950,1,1,131,131
83,decode,pi: am.build.backend_metadata,14.940,14.940,14.940,1,3330.950,1,1,131,131
83,decode,pi: am.build.metadata_ctor,6.350,6.350,6.350,1,3330.950,1,1,131,131
83,decode,pi: am.builder_build@AscendAttentionMetadataBuilder,36.490,121.370,121.370,1,3330.950,1,1,131,131
83,decode,pi: am.builder_build,13.510,1273.320,397.480,4,3330.950,1,1,131,131
83,decode,pi: am.layer_assign,7.290,7.290,1.970,4,3330.950,1,1,131,131
83,decode,pi: am.group_loop,89.930,1370.540,421.800,4,3330.950,1,1,131,131
83,decode,pi: gdnb.treat_single_token,170.530,170.530,59.660,3,3330.950,1,1,131,131
83,decode,pi: gdnb.compute_num_computed_tokens,132.840,132.840,45.160,3,3330.950,1,1,131,131
83,decode,pi: gdnb.mamba_block_table,5.390,5.390,1.940,3,3330.950,1,1,131,131
83,decode,pi: gdnb.split_decodes,121.250,121.250,42.570,3,3330.950,1,1,131,131
83,decode,pi: gdnb.pad_graph_inputs,297.380,297.380,103.920,3,3330.950,1,1,131,131
83,decode,pi: gdnb.ctor,22.750,22.750,7.990,3,3330.950,1,1,131,131
83,decode,pi: gdnb.attach_prefill,2.940,2.940,1.090,3,3330.950,1,1,131,131
83,decode,pi: gdnb.attach_spec,2.670,2.670,0.940,3,3330.950,1,1,131,131
83,decode,pi: gdnb.build_actual_seq_lengths,165.960,165.960,55.960,3,3330.950,1,1,131,131
83,decode,pi: gdnb.attach_decode,41.260,207.220,69.350,3,3330.950,1,1,131,131
83,decode,pi: am.builder_build@AscendGDNAttentionMetadataBuilder,175.470,1138.440,394.250,3,3330.950,1,1,131,131
83,decode,pi: build_attention_metadata,281.130,1745.230,1745.230,1,3330.950,1,1,131,131
83,decode,pi: sanitize_placeholder_ids,1.080,1.080,1.080,1,3330.950,1,1,131,131
83,decode,pi: sync_input_prep,100.700,3071.120,3071.120,1,3330.950,1,1,131,131
83,decode,pi: TOTAL,3330.950,3330.950,3330.950,1,3330.950,1,1,131,131
84,decode,pi: update_states,99.570,99.570,99.570,1,3301.320,1,1,131,131
84,decode,pi: tokens_list,1.020,1.020,1.020,1,3301.320,1,1,131,131
84,decode,pi: phase_classify,52.890,52.890,52.890,1,3301.320,1,1,131,131
84,decode,pi: in.block_table_commit,86.780,86.780,86.780,1,3301.320,1,1,131,131
84,decode,pi: in.req_indices,9.550,9.550,9.550,1,3301.320,1,1,131,131
84,decode,pi: in.attn_state,27.110,27.110,27.110,1,3301.320,1,1,131,131
84,decode,pi: in.positions,25.170,25.170,25.170,1,3301.320,1,1,131,131
84,decode,pi: in.prev_positions,30.020,30.020,30.020,1,3301.320,1,1,131,131
84,decode,pi: in.token_indices_select,25.200,25.200,25.200,1,3301.320,1,1,131,131
84,decode,pi: in.query_start_loc,27.820,27.820,27.820,1,3301.320,1,1,131,131
84,decode,pi: in.optimistic_seq_lens,48.860,48.860,48.860,1,3301.320,1,1,131,131
84,decode,pi: in.prepare_input_ids,66.100,66.100,66.100,1,3301.320,1,1,131,131
84,decode,pi: in.mrope_positions,39.450,39.450,39.450,1,3301.320,1,1,131,131
84,decode,pi: in.discard_mask,59.030,59.030,59.030,1,3301.320,1,1,131,131
84,decode,pi: in.num_accepted_tokens,14.560,14.560,14.560,1,3301.320,1,1,131,131
84,decode,pi: in.num_computed_tokens,19.160,19.160,19.160,1,3301.320,1,1,131,131
84,decode,pi: in.tokens_to_gpu,61.370,61.370,61.370,1,3301.320,1,1,131,131
84,decode,pi: in.positions_assembly,108.360,108.360,108.360,1,3301.320,1,1,131,131
84,decode,pi: in.seq_lens,55.440,55.440,55.440,1,3301.320,1,1,131,131
84,decode,pi: in.slot_mapping,136.180,136.180,136.180,1,3301.320,1,1,131,131
84,decode,pi: in.mrope_drift,0.730,0.730,0.730,1,3301.320,1,1,131,131
84,decode,pi: in.logits_indices,39.720,39.720,37.230,2,3301.320,1,1,131,131
84,decode,pi: prepare_inputs,94.800,975.410,975.410,1,3301.320,1,1,131,131
84,decode,pi: cascade_attn_prefix_lens,11.250,11.250,11.250,1,3301.320,1,1,131,131
84,decode,pi: batch_exec_and_padding,48.010,48.010,48.010,1,3301.320,1,1,131,131
84,decode,pi: ubatch_slices,1.560,1.560,1.560,1,3301.320,1,1,131,131
84,decode,pi: pad_query_start_loc,43.630,43.630,43.630,1,3301.320,1,1,131,131
84,decode,pi: am.max_seq_len,19.670,19.670,19.670,1,3301.320,1,1,131,131
84,decode,pi: am.cm_base_pre,76.370,76.370,76.370,1,3301.320,1,1,131,131
84,decode,pi: am.build.split_decodes,9.350,9.350,9.350,1,3301.320,1,1,131,131
84,decode,pi: am.build.seq_lens_select,8.780,8.780,8.780,1,3301.320,1,1,131,131
84,decode,pi: am.build.attn_mask,1.360,1.360,1.360,1,3301.320,1,1,131,131
84,decode,pi: am.build.qsl_h2d,32.370,32.370,32.370,1,3301.320,1,1,131,131
84,decode,pi: am.build.tolist,10.190,10.190,10.190,1,3301.320,1,1,131,131
84,decode,pi: am.build.fia_pad,1.780,1.780,1.780,1,3301.320,1,1,131,131
84,decode,pi: am.build.backend_metadata,15.490,15.490,15.490,1,3301.320,1,1,131,131
84,decode,pi: am.build.metadata_ctor,6.230,6.230,6.230,1,3301.320,1,1,131,131
84,decode,pi: am.builder_build@AscendAttentionMetadataBuilder,36.270,121.820,121.820,1,3301.320,1,1,131,131
84,decode,pi: am.builder_build,13.340,1238.660,389.320,4,3301.320,1,1,131,131
84,decode,pi: am.layer_assign,6.890,6.890,1.900,4,3301.320,1,1,131,131
84,decode,pi: am.group_loop,89.220,1334.770,413.670,4,3301.320,1,1,131,131
84,decode,pi: gdnb.treat_single_token,168.330,168.330,59.920,3,3301.320,1,1,131,131
84,decode,pi: gdnb.compute_num_computed_tokens,129.430,129.430,43.460,3,3301.320,1,1,131,131
84,decode,pi: gdnb.mamba_block_table,5.330,5.330,1.970,3,3301.320,1,1,131,131
84,decode,pi: gdnb.split_decodes,118.120,118.120,40.990,3,3301.320,1,1,131,131
84,decode,pi: gdnb.pad_graph_inputs,282.950,282.950,100.050,3,3301.320,1,1,131,131
84,decode,pi: gdnb.ctor,21.680,21.680,8.120,3,3301.320,1,1,131,131
84,decode,pi: gdnb.attach_prefill,3.130,3.130,1.230,3,3301.320,1,1,131,131
84,decode,pi: gdnb.attach_spec,2.540,2.540,0.890,3,3301.320,1,1,131,131
84,decode,pi: gdnb.build_actual_seq_lengths,160.620,160.620,54.780,3,3301.320,1,1,131,131
84,decode,pi: gdnb.attach_decode,39.840,200.460,68.330,3,3301.320,1,1,131,131
84,decode,pi: am.builder_build@AscendGDNAttentionMetadataBuilder,171.530,1103.500,386.200,3,3301.320,1,1,131,131
84,decode,pi: build_attention_metadata,277.130,1707.940,1707.940,1,3301.320,1,1,131,131
84,decode,pi: sanitize_placeholder_ids,1.010,1.010,1.010,1,3301.320,1,1,131,131
84,decode,pi: sync_input_prep,100.530,3042.820,3042.820,1,3301.320,1,1,131,131
84,decode,pi: TOTAL,3301.320,3301.320,3301.320,1,3301.320,1,1,131,131
85,decode,pi: update_states,97.720,97.720,97.720,1,3300.110,1,1,131,131
85,decode,pi: tokens_list,1.040,1.040,1.040,1,3300.110,1,1,131,131
85,decode,pi: phase_classify,52.550,52.550,52.550,1,3300.110,1,1,131,131
85,decode,pi: in.block_table_commit,85.490,85.490,85.490,1,3300.110,1,1,131,131
85,decode,pi: in.req_indices,9.410,9.410,9.410,1,3300.110,1,1,131,131
85,decode,pi: in.attn_state,27.310,27.310,27.310,1,3300.110,1,1,131,131
85,decode,pi: in.positions,24.980,24.980,24.980,1,3300.110,1,1,131,131
85,decode,pi: in.prev_positions,29.390,29.390,29.390,1,3300.110,1,1,131,131
85,decode,pi: in.token_indices_select,25.050,25.050,25.050,1,3300.110,1,1,131,131
85,decode,pi: in.query_start_loc,26.350,26.350,26.350,1,3300.110,1,1,131,131
85,decode,pi: in.optimistic_seq_lens,50.400,50.400,50.400,1,3300.110,1,1,131,131
85,decode,pi: in.prepare_input_ids,66.180,66.180,66.180,1,3300.110,1,1,131,131
85,decode,pi: in.mrope_positions,40.420,40.420,40.420,1,3300.110,1,1,131,131
85,decode,pi: in.discard_mask,57.460,57.460,57.460,1,3300.110,1,1,131,131
85,decode,pi: in.num_accepted_tokens,14.890,14.890,14.890,1,3300.110,1,1,131,131
85,decode,pi: in.num_computed_tokens,18.490,18.490,18.490,1,3300.110,1,1,131,131
85,decode,pi: in.tokens_to_gpu,63.630,63.630,63.630,1,3300.110,1,1,131,131
85,decode,pi: in.positions_assembly,110.450,110.450,110.450,1,3300.110,1,1,131,131
85,decode,pi: in.seq_lens,55.140,55.140,55.140,1,3300.110,1,1,131,131
85,decode,pi: in.slot_mapping,136.300,136.300,136.300,1,3300.110,1,1,131,131
85,decode,pi: in.mrope_drift,0.780,0.780,0.780,1,3300.110,1,1,131,131
85,decode,pi: in.logits_indices,39.140,39.140,36.250,2,3300.110,1,1,131,131
85,decode,pi: prepare_inputs,97.320,978.580,978.580,1,3300.110,1,1,131,131
85,decode,pi: cascade_attn_prefix_lens,10.840,10.840,10.840,1,3300.110,1,1,131,131
85,decode,pi: batch_exec_and_padding,49.300,49.300,49.300,1,3300.110,1,1,131,131
85,decode,pi: ubatch_slices,1.490,1.490,1.490,1,3300.110,1,1,131,131
85,decode,pi: pad_query_start_loc,29.500,29.500,29.500,1,3300.110,1,1,131,131
85,decode,pi: am.max_seq_len,19.070,19.070,19.070,1,3300.110,1,1,131,131
85,decode,pi: am.cm_base_pre,74.530,74.530,74.530,1,3300.110,1,1,131,131
85,decode,pi: am.build.split_decodes,9.240,9.240,9.240,1,3300.110,1,1,131,131
85,decode,pi: am.build.seq_lens_select,8.620,8.620,8.620,1,3300.110,1,1,131,131
85,decode,pi: am.build.attn_mask,1.320,1.320,1.320,1,3300.110,1,1,131,131
85,decode,pi: am.build.qsl_h2d,32.340,32.340,32.340,1,3300.110,1,1,131,131
85,decode,pi: am.build.tolist,9.470,9.470,9.470,1,3300.110,1,1,131,131
85,decode,pi: am.build.fia_pad,1.790,1.790,1.790,1,3300.110,1,1,131,131
85,decode,pi: am.build.backend_metadata,15.230,15.230,15.230,1,3300.110,1,1,131,131
85,decode,pi: am.build.metadata_ctor,6.250,6.250,6.250,1,3300.110,1,1,131,131
85,decode,pi: am.builder_build@AscendAttentionMetadataBuilder,36.440,120.700,120.700,1,3300.110,1,1,131,131
85,decode,pi: am.builder_build,13.380,1253.320,398.190,4,3300.110,1,1,131,131
85,decode,pi: am.layer_assign,7.310,7.310,1.990,4,3300.110,1,1,131,131
85,decode,pi: am.group_loop,89.280,1349.910,423.540,4,3300.110,1,1,131,131
85,decode,pi: gdnb.treat_single_token,169.850,169.850,60.300,3,3300.110,1,1,131,131
85,decode,pi: gdnb.compute_num_computed_tokens,127.440,127.440,43.130,3,3300.110,1,1,131,131
85,decode,pi: gdnb.mamba_block_table,5.480,5.480,2.090,3,3300.110,1,1,131,131
85,decode,pi: gdnb.split_decodes,122.690,122.690,42.030,3,3300.110,1,1,131,131
85,decode,pi: gdnb.pad_graph_inputs,288.730,288.730,103.740,3,3300.110,1,1,131,131
85,decode,pi: gdnb.ctor,22.070,22.070,8.460,3,3300.110,1,1,131,131
85,decode,pi: gdnb.attach_prefill,3.010,3.010,1.130,3,3300.110,1,1,131,131
85,decode,pi: gdnb.attach_spec,2.610,2.610,0.900,3,3300.110,1,1,131,131
85,decode,pi: gdnb.build_actual_seq_lengths,163.840,163.840,58.240,3,3300.110,1,1,131,131
85,decode,pi: gdnb.attach_decode,40.490,204.330,72.000,3,3300.110,1,1,131,131
85,decode,pi: am.builder_build@AscendGDNAttentionMetadataBuilder,173.030,1119.240,395.180,3,3300.110,1,1,131,131
85,decode,pi: build_attention_metadata,279.910,1723.420,1723.420,1,3300.110,1,1,131,131
85,decode,pi: sanitize_placeholder_ids,1.160,1.160,1.160,1,3300.110,1,1,131,131
85,decode,pi: sync_input_prep,101.870,3047.470,3047.470,1,3300.110,1,1,131,131
85,decode,pi: TOTAL,3300.110,3300.110,3300.110,1,3300.110,1,1,131,131
86,decode,pi: update_states,98.940,98.940,98.940,1,3336.050,1,1,131,131
86,decode,pi: tokens_list,1.060,1.060,1.060,1,3336.050,1,1,131,131
86,decode,pi: phase_classify,52.510,52.510,52.510,1,3336.050,1,1,131,131
86,decode,pi: in.block_table_commit,86.140,86.140,86.140,1,3336.050,1,1,131,131
86,decode,pi: in.req_indices,9.460,9.460,9.460,1,3336.050,1,1,131,131
86,decode,pi: in.attn_state,26.900,26.900,26.900,1,3336.050,1,1,131,131
86,decode,pi: in.positions,24.970,24.970,24.970,1,3336.050,1,1,131,131
86,decode,pi: in.prev_positions,29.850,29.850,29.850,1,3336.050,1,1,131,131
86,decode,pi: in.token_indices_select,25.030,25.030,25.030,1,3336.050,1,1,131,131
86,decode,pi: in.query_start_loc,27.480,27.480,27.480,1,3336.050,1,1,131,131
86,decode,pi: in.optimistic_seq_lens,50.310,50.310,50.310,1,3336.050,1,1,131,131
86,decode,pi: in.prepare_input_ids,65.350,65.350,65.350,1,3336.050,1,1,131,131
86,decode,pi: in.mrope_positions,39.550,39.550,39.550,1,3336.050,1,1,131,131
86,decode,pi: in.discard_mask,57.900,57.900,57.900,1,3336.050,1,1,131,131
86,decode,pi: in.num_accepted_tokens,14.980,14.980,14.980,1,3336.050,1,1,131,131
86,decode,pi: in.num_computed_tokens,18.130,18.130,18.130,1,3336.050,1,1,131,131
86,decode,pi: in.tokens_to_gpu,63.560,63.560,63.560,1,3336.050,1,1,131,131
86,decode,pi: in.positions_assembly,109.960,109.960,109.960,1,3336.050,1,1,131,131
86,decode,pi: in.seq_lens,57.280,57.280,57.280,1,3336.050,1,1,131,131
86,decode,pi: in.slot_mapping,136.520,136.520,136.520,1,3336.050,1,1,131,131
86,decode,pi: in.mrope_drift,0.760,0.760,0.760,1,3336.050,1,1,131,131
86,decode,pi: in.logits_indices,39.360,39.360,37.130,2,3336.050,1,1,131,131
86,decode,pi: prepare_inputs,95.230,978.720,978.720,1,3336.050,1,1,131,131
86,decode,pi: cascade_attn_prefix_lens,11.140,11.140,11.140,1,3336.050,1,1,131,131
86,decode,pi: batch_exec_and_padding,49.000,49.000,49.000,1,3336.050,1,1,131,131
86,decode,pi: ubatch_slices,1.590,1.590,1.590,1,3336.050,1,1,131,131
86,decode,pi: pad_query_start_loc,29.350,29.350,29.350,1,3336.050,1,1,131,131
86,decode,pi: am.max_seq_len,18.550,18.550,18.550,1,3336.050,1,1,131,131
86,decode,pi: am.cm_base_pre,74.150,74.150,74.150,1,3336.050,1,1,131,131
86,decode,pi: am.build.split_decodes,9.620,9.620,9.620,1,3336.050,1,1,131,131
86,decode,pi: am.build.seq_lens_select,8.510,8.510,8.510,1,3336.050,1,1,131,131
86,decode,pi: am.build.attn_mask,1.330,1.330,1.330,1,3336.050,1,1,131,131
86,decode,pi: am.build.qsl_h2d,32.290,32.290,32.290,1,3336.050,1,1,131,131
86,decode,pi: am.build.tolist,9.220,9.220,9.220,1,3336.050,1,1,131,131
86,decode,pi: am.build.fia_pad,1.700,1.700,1.700,1,3336.050,1,1,131,131
86,decode,pi: am.build.backend_metadata,15.140,15.140,15.140,1,3336.050,1,1,131,131
86,decode,pi: am.build.metadata_ctor,6.480,6.480,6.480,1,3336.050,1,1,131,131
86,decode,pi: am.builder_build@AscendAttentionMetadataBuilder,36.460,120.750,120.750,1,3336.050,1,1,131,131
86,decode,pi: am.builder_build,13.680,1261.530,394.760,4,3336.050,1,1,131,131
86,decode,pi: am.layer_assign,6.870,6.870,1.980,4,3336.050,1,1,131,131
86,decode,pi: am.group_loop,91.320,1359.720,419.470,4,3336.050,1,1,131,131
86,decode,pi: gdnb.treat_single_token,173.220,173.220,59.690,3,3336.050,1,1,131,131
86,decode,pi: gdnb.compute_num_computed_tokens,129.640,129.640,44.470,3,3336.050,1,1,131,131
86,decode,pi: gdnb.mamba_block_table,5.120,5.120,1.820,3,3336.050,1,1,131,131
86,decode,pi: gdnb.split_decodes,122.880,122.880,42.080,3,3336.050,1,1,131,131
86,decode,pi: gdnb.pad_graph_inputs,289.650,289.650,101.400,3,3336.050,1,1,131,131
86,decode,pi: gdnb.ctor,22.230,22.230,8.390,3,3336.050,1,1,131,131
86,decode,pi: gdnb.attach_prefill,2.870,2.870,1.120,3,3336.050,1,1,131,131
86,decode,pi: gdnb.attach_spec,2.460,2.460,0.910,3,3336.050,1,1,131,131
86,decode,pi: gdnb.build_actual_seq_lengths,164.470,164.470,55.170,3,3336.050,1,1,131,131
86,decode,pi: gdnb.attach_decode,40.240,204.710,69.150,3,3336.050,1,1,131,131
86,decode,pi: am.builder_build@AscendGDNAttentionMetadataBuilder,174.320,1127.100,391.620,3,3336.050,1,1,131,131
86,decode,pi: build_attention_metadata,301.750,1754.170,1754.170,1,3336.050,1,1,131,131
86,decode,pi: sanitize_placeholder_ids,1.090,1.090,1.090,1,3336.050,1,1,131,131
86,decode,pi: sync_input_prep,100.680,3078.250,3078.250,1,3336.050,1,1,131,131
86,decode,pi: TOTAL,3336.050,3336.050,3336.050,1,3336.050,1,1,131,131
87,decode,pi: update_states,98.190,98.190,98.190,1,3321.930,1,1,131,131
87,decode,pi: tokens_list,1.010,1.010,1.010,1,3321.930,1,1,131,131
87,decode,pi: phase_classify,52.840,52.840,52.840,1,3321.930,1,1,131,131
87,decode,pi: in.block_table_commit,87.690,87.690,87.690,1,3321.930,1,1,131,131
87,decode,pi: in.req_indices,9.090,9.090,9.090,1,3321.930,1,1,131,131
87,decode,pi: in.attn_state,27.060,27.060,27.060,1,3321.930,1,1,131,131
87,decode,pi: in.positions,24.960,24.960,24.960,1,3321.930,1,1,131,131
87,decode,pi: in.prev_positions,30.560,30.560,30.560,1,3321.930,1,1,131,131
87,decode,pi: in.token_indices_select,24.850,24.850,24.850,1,3321.930,1,1,131,131
87,decode,pi: in.query_start_loc,26.930,26.930,26.930,1,3321.930,1,1,131,131
87,decode,pi: in.optimistic_seq_lens,64.920,64.920,64.920,1,3321.930,1,1,131,131
87,decode,pi: in.prepare_input_ids,67.220,67.220,67.220,1,3321.930,1,1,131,131
87,decode,pi: in.mrope_positions,40.130,40.130,40.130,1,3321.930,1,1,131,131
87,decode,pi: in.discard_mask,58.400,58.400,58.400,1,3321.930,1,1,131,131
87,decode,pi: in.num_accepted_tokens,14.480,14.480,14.480,1,3321.930,1,1,131,131
87,decode,pi: in.num_computed_tokens,17.810,17.810,17.810,1,3321.930,1,1,131,131
87,decode,pi: in.tokens_to_gpu,62.430,62.430,62.430,1,3321.930,1,1,131,131
87,decode,pi: in.positions_assembly,109.790,109.790,109.790,1,3321.930,1,1,131,131
87,decode,pi: in.seq_lens,56.870,56.870,56.870,1,3321.930,1,1,131,131
87,decode,pi: in.slot_mapping,136.490,136.490,136.490,1,3321.930,1,1,131,131
87,decode,pi: in.mrope_drift,0.750,0.750,0.750,1,3321.930,1,1,131,131
87,decode,pi: in.logits_indices,39.930,39.930,37.160,2,3321.930,1,1,131,131
87,decode,pi: prepare_inputs,95.840,996.200,996.200,1,3321.930,1,1,131,131
87,decode,pi: cascade_attn_prefix_lens,11.040,11.040,11.040,1,3321.930,1,1,131,131
87,decode,pi: batch_exec_and_padding,50.260,50.260,50.260,1,3321.930,1,1,131,131
87,decode,pi: ubatch_slices,1.440,1.440,1.440,1,3321.930,1,1,131,131
87,decode,pi: pad_query_start_loc,30.200,30.200,30.200,1,3321.930,1,1,131,131
87,decode,pi: am.max_seq_len,19.040,19.040,19.040,1,3321.930,1,1,131,131
87,decode,pi: am.cm_base_pre,73.980,73.980,73.980,1,3321.930,1,1,131,131
87,decode,pi: am.build.split_decodes,9.440,9.440,9.440,1,3321.930,1,1,131,131
87,decode,pi: am.build.seq_lens_select,8.620,8.620,8.620,1,3321.930,1,1,131,131
87,decode,pi: am.build.attn_mask,1.270,1.270,1.270,1,3321.930,1,1,131,131
87,decode,pi: am.build.qsl_h2d,32.770,32.770,32.770,1,3321.930,1,1,131,131
87,decode,pi: am.build.tolist,9.480,9.480,9.480,1,3321.930,1,1,131,131
87,decode,pi: am.build.fia_pad,1.790,1.790,1.790,1,3321.930,1,1,131,131
87,decode,pi: am.build.backend_metadata,15.210,15.210,15.210,1,3321.930,1,1,131,131
87,decode,pi: am.build.metadata_ctor,6.470,6.470,6.470,1,3321.930,1,1,131,131
87,decode,pi: am.builder_build@AscendAttentionMetadataBuilder,36.200,121.250,121.250,1,3321.930,1,1,131,131
87,decode,pi: am.builder_build,13.480,1248.780,393.710,4,3321.930,1,1,131,131
87,decode,pi: am.layer_assign,7.060,7.060,1.920,4,3321.930,1,1,131,131
87,decode,pi: am.group_loop,90.440,1346.280,417.790,4,3321.930,1,1,131,131
87,decode,pi: gdnb.treat_single_token,170.120,170.120,60.590,3,3321.930,1,1,131,131
87,decode,pi: gdnb.compute_num_computed_tokens,123.950,123.950,43.230,3,3321.930,1,1,131,131
87,decode,pi: gdnb.mamba_block_table,5.470,5.470,2.260,3,3321.930,1,1,131,131
87,decode,pi: gdnb.split_decodes,120.000,120.000,41.510,3,3321.930,1,1,131,131
87,decode,pi: gdnb.pad_graph_inputs,285.780,285.780,100.820,3,3321.930,1,1,131,131
87,decode,pi: gdnb.ctor,21.220,21.220,8.190,3,3321.930,1,1,131,131
87,decode,pi: gdnb.attach_prefill,2.790,2.790,1.150,3,3321.930,1,1,131,131
87,decode,pi: gdnb.attach_spec,2.630,2.630,1.030,3,3321.930,1,1,131,131
87,decode,pi: gdnb.build_actual_seq_lengths,168.250,168.250,57.190,3,3321.930,1,1,131,131
87,decode,pi: gdnb.attach_decode,39.720,207.970,70.460,3,3321.930,1,1,131,131
87,decode,pi: am.builder_build@AscendGDNAttentionMetadataBuilder,174.120,1114.050,390.590,3,3321.930,1,1,131,131
87,decode,pi: build_attention_metadata,280.310,1719.610,1719.610,1,3321.930,1,1,131,131
87,decode,pi: sanitize_placeholder_ids,1.030,1.030,1.030,1,3321.930,1,1,131,131
87,decode,pi: sync_input_prep,100.420,3062.240,3062.240,1,3321.930,1,1,131,131
87,decode,pi: TOTAL,3321.930,3321.930,3321.930,1,3321.930,1,1,131,131
88,decode,pi: update_states,100.000,100.000,100.000,1,3338.550,1,1,131,131
88,decode,pi: tokens_list,1.010,1.010,1.010,1,3338.550,1,1,131,131
88,decode,pi: phase_classify,53.520,53.520,53.520,1,3338.550,1,1,131,131
88,decode,pi: in.block_table_commit,87.700,87.700,87.700,1,3338.550,1,1,131,131
88,decode,pi: in.req_indices,9.010,9.010,9.010,1,3338.550,1,1,131,131
88,decode,pi: in.attn_state,27.450,27.450,27.450,1,3338.550,1,1,131,131
88,decode,pi: in.positions,24.630,24.630,24.630,1,3338.550,1,1,131,131
88,decode,pi: in.prev_positions,30.210,30.210,30.210,1,3338.550,1,1,131,131
88,decode,pi: in.token_indices_select,25.160,25.160,25.160,1,3338.550,1,1,131,131
88,decode,pi: in.query_start_loc,27.530,27.530,27.530,1,3338.550,1,1,131,131
88,decode,pi: in.optimistic_seq_lens,49.920,49.920,49.920,1,3338.550,1,1,131,131
88,decode,pi: in.prepare_input_ids,65.910,65.910,65.910,1,3338.550,1,1,131,131
88,decode,pi: in.mrope_positions,39.320,39.320,39.320,1,3338.550,1,1,131,131
88,decode,pi: in.discard_mask,57.690,57.690,57.690,1,3338.550,1,1,131,131
88,decode,pi: in.num_accepted_tokens,14.310,14.310,14.310,1,3338.550,1,1,131,131
88,decode,pi: in.num_computed_tokens,17.930,17.930,17.930,1,3338.550,1,1,131,131
88,decode,pi: in.tokens_to_gpu,61.730,61.730,61.730,1,3338.550,1,1,131,131
88,decode,pi: in.positions_assembly,109.040,109.040,109.040,1,3338.550,1,1,131,131
88,decode,pi: in.seq_lens,55.710,55.710,55.710,1,3338.550,1,1,131,131
88,decode,pi: in.slot_mapping,137.140,137.140,137.140,1,3338.550,1,1,131,131
88,decode,pi: in.mrope_drift,0.750,0.750,0.750,1,3338.550,1,1,131,131
88,decode,pi: in.logits_indices,39.600,39.600,36.980,2,3338.550,1,1,131,131
88,decode,pi: prepare_inputs,94.910,975.650,975.650,1,3338.550,1,1,131,131
88,decode,pi: cascade_attn_prefix_lens,10.930,10.930,10.930,1,3338.550,1,1,131,131
88,decode,pi: batch_exec_and_padding,49.390,49.390,49.390,1,3338.550,1,1,131,131
88,decode,pi: ubatch_slices,1.490,1.490,1.490,1,3338.550,1,1,131,131
88,decode,pi: pad_query_start_loc,29.700,29.700,29.700,1,3338.550,1,1,131,131
88,decode,pi: am.max_seq_len,18.660,18.660,18.660,1,3338.550,1,1,131,131
88,decode,pi: am.cm_base_pre,75.520,75.520,75.520,1,3338.550,1,1,131,131
88,decode,pi: am.build.split_decodes,9.510,9.510,9.510,1,3338.550,1,1,131,131
88,decode,pi: am.build.seq_lens_select,8.530,8.530,8.530,1,3338.550,1,1,131,131
88,decode,pi: am.build.attn_mask,1.230,1.230,1.230,1,3338.550,1,1,131,131
88,decode,pi: am.build.qsl_h2d,32.020,32.020,32.020,1,3338.550,1,1,131,131
88,decode,pi: am.build.tolist,9.610,9.610,9.610,1,3338.550,1,1,131,131
88,decode,pi: am.build.fia_pad,1.880,1.880,1.880,1,3338.550,1,1,131,131
88,decode,pi: am.build.backend_metadata,15.210,15.210,15.210,1,3338.550,1,1,131,131
88,decode,pi: am.build.metadata_ctor,6.480,6.480,6.480,1,3338.550,1,1,131,131
88,decode,pi: am.builder_build@AscendAttentionMetadataBuilder,36.010,120.480,120.480,1,3338.550,1,1,131,131
88,decode,pi: am.builder_build,13.830,1279.380,398.100,4,3338.550,1,1,131,131
88,decode,pi: am.layer_assign,6.990,6.990,1.930,4,3338.550,1,1,131,131
88,decode,pi: am.group_loop,89.110,1375.480,422.310,4,3338.550,1,1,131,131
88,decode,pi: gdnb.treat_single_token,171.070,171.070,59.340,3,3338.550,1,1,131,131
88,decode,pi: gdnb.compute_num_computed_tokens,131.580,131.580,44.990,3,3338.550,1,1,131,131
88,decode,pi: gdnb.mamba_block_table,5.980,5.980,2.490,3,3338.550,1,1,131,131
88,decode,pi: gdnb.split_decodes,121.180,121.180,42.640,3,3338.550,1,1,131,131
88,decode,pi: gdnb.pad_graph_inputs,306.380,306.380,110.480,3,3338.550,1,1,131,131
88,decode,pi: gdnb.ctor,22.490,22.490,8.530,3,3338.550,1,1,131,131
88,decode,pi: gdnb.attach_prefill,2.930,2.930,1.190,3,3338.550,1,1,131,131
88,decode,pi: gdnb.attach_spec,2.580,2.580,0.920,3,3338.550,1,1,131,131
88,decode,pi: gdnb.build_actual_seq_lengths,165.520,165.520,55.550,3,3338.550,1,1,131,131
88,decode,pi: gdnb.attach_decode,40.530,206.050,68.940,3,3338.550,1,1,131,131
88,decode,pi: am.builder_build@AscendGDNAttentionMetadataBuilder,174.830,1145.070,394.980,3,3338.550,1,1,131,131
88,decode,pi: build_attention_metadata,282.930,1752.590,1752.590,1,3338.550,1,1,131,131
88,decode,pi: sanitize_placeholder_ids,1.000,1.000,1.000,1,3338.550,1,1,131,131
88,decode,pi: sync_input_prep,99.280,3074.560,3074.560,1,3338.550,1,1,131,131
88,decode,pi: TOTAL,3338.550,3338.550,3338.550,1,3338.550,1,1,131,131
89,decode,pi: update_states,97.920,97.920,97.920,1,3331.120,1,1,131,131
89,decode,pi: tokens_list,1.020,1.020,1.020,1,3331.120,1,1,131,131
89,decode,pi: phase_classify,53.240,53.240,53.240,1,3331.120,1,1,131,131
89,decode,pi: in.block_table_commit,86.160,86.160,86.160,1,3331.120,1,1,131,131
89,decode,pi: in.req_indices,9.430,9.430,9.430,1,3331.120,1,1,131,131
89,decode,pi: in.attn_state,26.580,26.580,26.580,1,3331.120,1,1,131,131
89,decode,pi: in.positions,25.100,25.100,25.100,1,3331.120,1,1,131,131
89,decode,pi: in.prev_positions,29.720,29.720,29.720,1,3331.120,1,1,131,131
89,decode,pi: in.token_indices_select,24.830,24.830,24.830,1,3331.120,1,1,131,131
89,decode,pi: in.query_start_loc,27.610,27.610,27.610,1,3331.120,1,1,131,131
89,decode,pi: in.optimistic_seq_lens,48.840,48.840,48.840,1,3331.120,1,1,131,131
89,decode,pi: in.prepare_input_ids,66.440,66.440,66.440,1,3331.120,1,1,131,131
89,decode,pi: in.mrope_positions,38.980,38.980,38.980,1,3331.120,1,1,131,131
89,decode,pi: in.discard_mask,58.790,58.790,58.790,1,3331.120,1,1,131,131
89,decode,pi: in.num_accepted_tokens,14.210,14.210,14.210,1,3331.120,1,1,131,131
89,decode,pi: in.num_computed_tokens,19.260,19.260,19.260,1,3331.120,1,1,131,131
89,decode,pi: in.tokens_to_gpu,62.160,62.160,62.160,1,3331.120,1,1,131,131
89,decode,pi: in.positions_assembly,111.030,111.030,111.030,1,3331.120,1,1,131,131
89,decode,pi: in.seq_lens,55.220,55.220,55.220,1,3331.120,1,1,131,131
89,decode,pi: in.slot_mapping,135.750,135.750,135.750,1,3331.120,1,1,131,131
89,decode,pi: in.mrope_drift,0.700,0.700,0.700,1,3331.120,1,1,131,131
89,decode,pi: in.logits_indices,39.470,39.470,36.630,2,3331.120,1,1,131,131
89,decode,pi: prepare_inputs,95.660,975.940,975.940,1,3331.120,1,1,131,131
89,decode,pi: cascade_attn_prefix_lens,10.990,10.990,10.990,1,3331.120,1,1,131,131
89,decode,pi: batch_exec_and_padding,68.600,68.600,68.600,1,3331.120,1,1,131,131
89,decode,pi: ubatch_slices,1.510,1.510,1.510,1,3331.120,1,1,131,131
89,decode,pi: pad_query_start_loc,30.710,30.710,30.710,1,3331.120,1,1,131,131
89,decode,pi: am.max_seq_len,18.980,18.980,18.980,1,3331.120,1,1,131,131
89,decode,pi: am.cm_base_pre,75.850,75.850,75.850,1,3331.120,1,1,131,131
89,decode,pi: am.build.split_decodes,9.140,9.140,9.140,1,3331.120,1,1,131,131
89,decode,pi: am.build.seq_lens_select,8.470,8.470,8.470,1,3331.120,1,1,131,131
89,decode,pi: am.build.attn_mask,1.180,1.180,1.180,1,3331.120,1,1,131,131
89,decode,pi: am.build.qsl_h2d,33.110,33.110,33.110,1,3331.120,1,1,131,131
89,decode,pi: am.build.tolist,8.990,8.990,8.990,1,3331.120,1,1,131,131
89,decode,pi: am.build.fia_pad,1.690,1.690,1.690,1,3331.120,1,1,131,131
89,decode,pi: am.build.backend_metadata,15.130,15.130,15.130,1,3331.120,1,1,131,131
89,decode,pi: am.build.metadata_ctor,6.450,6.450,6.450,1,3331.120,1,1,131,131
89,decode,pi: am.builder_build@AscendAttentionMetadataBuilder,36.300,120.460,120.460,1,3331.120,1,1,131,131
89,decode,pi: am.builder_build,13.200,1258.510,398.000,4,3331.120,1,1,131,131
89,decode,pi: am.layer_assign,7.320,7.320,2.020,4,3331.120,1,1,131,131
89,decode,pi: am.group_loop,90.340,1356.170,422.400,4,3331.120,1,1,131,131
89,decode,pi: gdnb.treat_single_token,171.120,171.120,59.640,3,3331.120,1,1,131,131
89,decode,pi: gdnb.compute_num_computed_tokens,128.640,128.640,44.840,3,3331.120,1,1,131,131
89,decode,pi: gdnb.mamba_block_table,5.260,5.260,1.880,3,3331.120,1,1,131,131
89,decode,pi: gdnb.split_decodes,122.490,122.490,42.380,3,3331.120,1,1,131,131
89,decode,pi: gdnb.pad_graph_inputs,291.100,291.100,102.590,3,3331.120,1,1,131,131
89,decode,pi: gdnb.ctor,21.600,21.600,7.870,3,3331.120,1,1,131,131
89,decode,pi: gdnb.attach_prefill,2.840,2.840,1.080,3,3331.120,1,1,131,131
89,decode,pi: gdnb.attach_spec,2.640,2.640,0.950,3,3331.120,1,1,131,131
89,decode,pi: gdnb.build_actual_seq_lengths,165.000,165.000,56.560,3,3331.120,1,1,131,131
89,decode,pi: gdnb.attach_decode,40.340,205.340,70.510,3,3331.120,1,1,131,131
89,decode,pi: am.builder_build@AscendGDNAttentionMetadataBuilder,173.820,1124.850,395.090,3,3331.120,1,1,131,131
89,decode,pi: build_attention_metadata,280.220,1731.220,1731.220,1,3331.120,1,1,131,131
89,decode,pi: sanitize_placeholder_ids,1.130,1.130,1.130,1,3331.120,1,1,131,131
89,decode,pi: sync_input_prep,100.630,3072.910,3072.910,1,3331.120,1,1,131,131
89,decode,pi: TOTAL,3331.120,3331.120,3331.120,1,3331.120,1,1,131,131
90,decode,pi: update_states,99.930,99.930,99.930,1,3303.470,1,1,131,131
90,decode,pi: tokens_list,0.990,0.990,0.990,1,3303.470,1,1,131,131
90,decode,pi: phase_classify,52.080,52.080,52.080,1,3303.470,1,1,131,131
90,decode,pi: in.block_table_commit,86.930,86.930,86.930,1,3303.470,1,1,131,131
90,decode,pi: in.req_indices,9.210,9.210,9.210,1,3303.470,1,1,131,131
90,decode,pi: in.attn_state,26.940,26.940,26.940,1,3303.470,1,1,131,131
90,decode,pi: in.positions,25.210,25.210,25.210,1,3303.470,1,1,131,131
90,decode,pi: in.prev_positions,29.830,29.830,29.830,1,3303.470,1,1,131,131
90,decode,pi: in.token_indices_select,25.150,25.150,25.150,1,3303.470,1,1,131,131
90,decode,pi: in.query_start_loc,26.860,26.860,26.860,1,3303.470,1,1,131,131
90,decode,pi: in.optimistic_seq_lens,49.180,49.180,49.180,1,3303.470,1,1,131,131
90,decode,pi: in.prepare_input_ids,66.710,66.710,66.710,1,3303.470,1,1,131,131
90,decode,pi: in.mrope_positions,39.300,39.300,39.300,1,3303.470,1,1,131,131
90,decode,pi: in.discard_mask,59.140,59.140,59.140,1,3303.470,1,1,131,131
90,decode,pi: in.num_accepted_tokens,14.630,14.630,14.630,1,3303.470,1,1,131,131
90,decode,pi: in.num_computed_tokens,17.060,17.060,17.060,1,3303.470,1,1,131,131
90,decode,pi: in.tokens_to_gpu,62.880,62.880,62.880,1,3303.470,1,1,131,131
90,decode,pi: in.positions_assembly,110.240,110.240,110.240,1,3303.470,1,1,131,131
90,decode,pi: in.seq_lens,53.920,53.920,53.920,1,3303.470,1,1,131,131
90,decode,pi: in.slot_mapping,136.450,136.450,136.450,1,3303.470,1,1,131,131
90,decode,pi: in.mrope_drift,0.710,0.710,0.710,1,3303.470,1,1,131,131
90,decode,pi: in.logits_indices,40.030,40.030,37.590,2,3303.470,1,1,131,131
90,decode,pi: prepare_inputs,94.610,974.990,974.990,1,3303.470,1,1,131,131
90,decode,pi: cascade_attn_prefix_lens,10.730,10.730,10.730,1,3303.470,1,1,131,131
90,decode,pi: batch_exec_and_padding,49.170,49.170,49.170,1,3303.470,1,1,131,131
90,decode,pi: ubatch_slices,1.370,1.370,1.370,1,3303.470,1,1,131,131
90,decode,pi: pad_query_start_loc,29.240,29.240,29.240,1,3303.470,1,1,131,131
90,decode,pi: am.max_seq_len,17.930,17.930,17.930,1,3303.470,1,1,131,131
90,decode,pi: am.cm_base_pre,73.690,73.690,73.690,1,3303.470,1,1,131,131
90,decode,pi: am.build.split_decodes,8.910,8.910,8.910,1,3303.470,1,1,131,131
90,decode,pi: am.build.seq_lens_select,8.430,8.430,8.430,1,3303.470,1,1,131,131
90,decode,pi: am.build.attn_mask,1.250,1.250,1.250,1,3303.470,1,1,131,131
90,decode,pi: am.build.qsl_h2d,32.330,32.330,32.330,1,3303.470,1,1,131,131
90,decode,pi: am.build.tolist,9.750,9.750,9.750,1,3303.470,1,1,131,131
90,decode,pi: am.build.fia_pad,1.840,1.840,1.840,1,3303.470,1,1,131,131
90,decode,pi: am.build.backend_metadata,15.480,15.480,15.480,1,3303.470,1,1,131,131
90,decode,pi: am.build.metadata_ctor,6.470,6.470,6.470,1,3303.470,1,1,131,131
90,decode,pi: am.builder_build@AscendAttentionMetadataBuilder,36.100,120.560,120.560,1,3303.470,1,1,131,131
90,decode,pi: am.builder_build,13.510,1263.240,398.260,4,3303.470,1,1,131,131
90,decode,pi: am.layer_assign,6.780,6.780,1.820,4,3303.470,1,1,131,131
90,decode,pi: am.group_loop,90.350,1360.370,422.620,4,3303.470,1,1,131,131
90,decode,pi: gdnb.treat_single_token,171.630,171.630,60.660,3,3303.470,1,1,131,131
90,decode,pi: gdnb.compute_num_computed_tokens,133.080,133.080,44.920,3,3303.470,1,1,131,131
90,decode,pi: gdnb.mamba_block_table,5.310,5.310,1.900,3,3303.470,1,1,131,131
90,decode,pi: gdnb.split_decodes,123.950,123.950,41.930,3,3303.470,1,1,131,131
90,decode,pi: gdnb.pad_graph_inputs,289.840,289.840,102.110,3,3303.470,1,1,131,131
90,decode,pi: gdnb.ctor,21.970,21.970,8.030,3,3303.470,1,1,131,131
90,decode,pi: gdnb.attach_prefill,2.810,2.810,1.180,3,3303.470,1,1,131,131
90,decode,pi: gdnb.attach_spec,2.610,2.610,1.020,3,3303.470,1,1,131,131
90,decode,pi: gdnb.build_actual_seq_lengths,165.020,165.020,56.600,3,3303.470,1,1,131,131
90,decode,pi: gdnb.attach_decode,40.220,205.240,70.520,3,3303.470,1,1,131,131
90,decode,pi: am.builder_build@AscendGDNAttentionMetadataBuilder,172.730,1129.170,395.230,3,3303.470,1,1,131,131
90,decode,pi: build_attention_metadata,278.540,1730.530,1730.530,1,3303.470,1,1,131,131
90,decode,pi: sanitize_placeholder_ids,1.040,1.040,1.040,1,3303.470,1,1,131,131
90,decode,pi: sync_input_prep,99.550,3049.620,3049.620,1,3303.470,1,1,131,131
90,decode,pi: TOTAL,3303.470,3303.470,3303.470,1,3303.470,1,1,131,131
91,decode,pi: update_states,98.680,98.680,98.680,1,3325.250,1,1,131,131
91,decode,pi: tokens_list,0.970,0.970,0.970,1,3325.250,1,1,131,131
91,decode,pi: phase_classify,53.400,53.400,53.400,1,3325.250,1,1,131,131
91,decode,pi: in.block_table_commit,87.830,87.830,87.830,1,3325.250,1,1,131,131
91,decode,pi: in.req_indices,9.580,9.580,9.580,1,3325.250,1,1,131,131
91,decode,pi: in.attn_state,27.090,27.090,27.090,1,3325.250,1,1,131,131
91,decode,pi: in.positions,25.460,25.460,25.460,1,3325.250,1,1,131,131
91,decode,pi: in.prev_positions,29.980,29.980,29.980,1,3325.250,1,1,131,131
91,decode,pi: in.token_indices_select,25.140,25.140,25.140,1,3325.250,1,1,131,131
91,decode,pi: in.query_start_loc,27.510,27.510,27.510,1,3325.250,1,1,131,131
91,decode,pi: in.optimistic_seq_lens,48.910,48.910,48.910,1,3325.250,1,1,131,131
91,decode,pi: in.prepare_input_ids,66.670,66.670,66.670,1,3325.250,1,1,131,131
91,decode,pi: in.mrope_positions,39.430,39.430,39.430,1,3325.250,1,1,131,131
91,decode,pi: in.discard_mask,57.660,57.660,57.660,1,3325.250,1,1,131,131
91,decode,pi: in.num_accepted_tokens,14.630,14.630,14.630,1,3325.250,1,1,131,131
91,decode,pi: in.num_computed_tokens,18.850,18.850,18.850,1,3325.250,1,1,131,131
91,decode,pi: in.tokens_to_gpu,63.210,63.210,63.210,1,3325.250,1,1,131,131
91,decode,pi: in.positions_assembly,110.060,110.060,110.060,1,3325.250,1,1,131,131
91,decode,pi: in.seq_lens,55.880,55.880,55.880,1,3325.250,1,1,131,131
91,decode,pi: in.slot_mapping,136.540,136.540,136.540,1,3325.250,1,1,131,131
91,decode,pi: in.mrope_drift,0.770,0.770,0.770,1,3325.250,1,1,131,131
91,decode,pi: in.logits_indices,39.650,39.650,36.850,2,3325.250,1,1,131,131
91,decode,pi: prepare_inputs,96.360,981.210,981.210,1,3325.250,1,1,131,131
91,decode,pi: cascade_attn_prefix_lens,10.920,10.920,10.920,1,3325.250,1,1,131,131
91,decode,pi: batch_exec_and_padding,50.000,50.000,50.000,1,3325.250,1,1,131,131
91,decode,pi: ubatch_slices,1.470,1.470,1.470,1,3325.250,1,1,131,131
91,decode,pi: pad_query_start_loc,29.220,29.220,29.220,1,3325.250,1,1,131,131
91,decode,pi: am.max_seq_len,18.880,18.880,18.880,1,3325.250,1,1,131,131
91,decode,pi: am.cm_base_pre,73.760,73.760,73.760,1,3325.250,1,1,131,131
91,decode,pi: am.build.split_decodes,9.400,9.400,9.400,1,3325.250,1,1,131,131
91,decode,pi: am.build.seq_lens_select,8.380,8.380,8.380,1,3325.250,1,1,131,131
91,decode,pi: am.build.attn_mask,1.290,1.290,1.290,1,3325.250,1,1,131,131
91,decode,pi: am.build.qsl_h2d,32.590,32.590,32.590,1,3325.250,1,1,131,131
91,decode,pi: am.build.tolist,9.790,9.790,9.790,1,3325.250,1,1,131,131
91,decode,pi: am.build.fia_pad,1.720,1.720,1.720,1,3325.250,1,1,131,131
91,decode,pi: am.build.backend_metadata,15.600,15.600,15.600,1,3325.250,1,1,131,131
91,decode,pi: am.build.metadata_ctor,6.150,6.150,6.150,1,3325.250,1,1,131,131
91,decode,pi: am.builder_build@AscendAttentionMetadataBuilder,35.850,120.770,120.770,1,3325.250,1,1,131,131
91,decode,pi: am.builder_build,13.290,1267.650,412.990,4,3325.250,1,1,131,131
91,decode,pi: am.layer_assign,7.250,7.250,2.000,4,3325.250,1,1,131,131
91,decode,pi: am.group_loop,91.480,1366.380,437.770,4,3325.250,1,1,131,131
91,decode,pi: gdnb.treat_single_token,171.280,171.280,59.640,3,3325.250,1,1,131,131
91,decode,pi: gdnb.compute_num_computed_tokens,127.890,127.890,44.740,3,3325.250,1,1,131,131
91,decode,pi: gdnb.mamba_block_table,5.460,5.460,2.020,3,3325.250,1,1,131,131
91,decode,pi: gdnb.split_decodes,119.100,119.100,42.950,3,3325.250,1,1,131,131
91,decode,pi: gdnb.pad_graph_inputs,285.200,285.200,100.200,3,3325.250,1,1,131,131
91,decode,pi: gdnb.ctor,21.880,21.880,8.360,3,3325.250,1,1,131,131
91,decode,pi: gdnb.attach_prefill,2.870,2.870,1.160,3,3325.250,1,1,131,131
91,decode,pi: gdnb.attach_spec,14.740,14.740,13.080,3,3325.250,1,1,131,131
91,decode,pi: gdnb.build_actual_seq_lengths,169.020,169.020,58.640,3,3325.250,1,1,131,131
91,decode,pi: gdnb.attach_decode,40.600,209.620,73.070,3,3325.250,1,1,131,131
91,decode,pi: am.builder_build@AscendGDNAttentionMetadataBuilder,175.550,1133.590,409.940,3,3325.250,1,1,131,131
91,decode,pi: build_attention_metadata,281.360,1740.380,1740.380,1,3325.250,1,1,131,131
91,decode,pi: sanitize_placeholder_ids,1.050,1.050,1.050,1,3325.250,1,1,131,131
91,decode,pi: sync_input_prep,99.980,3067.280,3067.280,1,3325.250,1,1,131,131
91,decode,pi: TOTAL,3325.250,3325.250,3325.250,1,3325.250,1,1,131,131
92,decode,pi: update_states,98.620,98.620,98.620,1,3310.610,1,1,131,131
92,decode,pi: tokens_list,0.950,0.950,0.950,1,3310.610,1,1,131,131
92,decode,pi: phase_classify,52.780,52.780,52.780,1,3310.610,1,1,131,131
92,decode,pi: in.block_table_commit,85.730,85.730,85.730,1,3310.610,1,1,131,131
92,decode,pi: in.req_indices,9.420,9.420,9.420,1,3310.610,1,1,131,131
92,decode,pi: in.attn_state,26.930,26.930,26.930,1,3310.610,1,1,131,131
92,decode,pi: in.positions,24.840,24.840,24.840,1,3310.610,1,1,131,131
92,decode,pi: in.prev_positions,43.710,43.710,43.710,1,3310.610,1,1,131,131
92,decode,pi: in.token_indices_select,25.450,25.450,25.450,1,3310.610,1,1,131,131
92,decode,pi: in.query_start_loc,27.900,27.900,27.900,1,3310.610,1,1,131,131
92,decode,pi: in.optimistic_seq_lens,50.560,50.560,50.560,1,3310.610,1,1,131,131
92,decode,pi: in.prepare_input_ids,66.840,66.840,66.840,1,3310.610,1,1,131,131
92,decode,pi: in.mrope_positions,39.540,39.540,39.540,1,3310.610,1,1,131,131
92,decode,pi: in.discard_mask,59.960,59.960,59.960,1,3310.610,1,1,131,131
92,decode,pi: in.num_accepted_tokens,14.800,14.800,14.800,1,3310.610,1,1,131,131
92,decode,pi: in.num_computed_tokens,18.480,18.480,18.480,1,3310.610,1,1,131,131
92,decode,pi: in.tokens_to_gpu,63.060,63.060,63.060,1,3310.610,1,1,131,131
92,decode,pi: in.positions_assembly,111.870,111.870,111.870,1,3310.610,1,1,131,131
92,decode,pi: in.seq_lens,55.540,55.540,55.540,1,3310.610,1,1,131,131
92,decode,pi: in.slot_mapping,137.450,137.450,137.450,1,3310.610,1,1,131,131
92,decode,pi: in.mrope_drift,0.710,0.710,0.710,1,3310.610,1,1,131,131
92,decode,pi: in.logits_indices,39.190,39.190,36.900,2,3310.610,1,1,131,131
92,decode,pi: prepare_inputs,95.920,997.900,997.900,1,3310.610,1,1,131,131
92,decode,pi: cascade_attn_prefix_lens,11.240,11.240,11.240,1,3310.610,1,1,131,131
92,decode,pi: batch_exec_and_padding,49.160,49.160,49.160,1,3310.610,1,1,131,131
92,decode,pi: ubatch_slices,1.390,1.390,1.390,1,3310.610,1,1,131,131
92,decode,pi: pad_query_start_loc,29.520,29.520,29.520,1,3310.610,1,1,131,131
92,decode,pi: am.max_seq_len,17.850,17.850,17.850,1,3310.610,1,1,131,131
92,decode,pi: am.cm_base_pre,74.560,74.560,74.560,1,3310.610,1,1,131,131
92,decode,pi: am.build.split_decodes,9.300,9.300,9.300,1,3310.610,1,1,131,131
92,decode,pi: am.build.seq_lens_select,8.270,8.270,8.270,1,3310.610,1,1,131,131
92,decode,pi: am.build.attn_mask,1.260,1.260,1.260,1,3310.610,1,1,131,131
92,decode,pi: am.build.qsl_h2d,32.330,32.330,32.330,1,3310.610,1,1,131,131
92,decode,pi: am.build.tolist,9.570,9.570,9.570,1,3310.610,1,1,131,131
92,decode,pi: am.build.fia_pad,1.780,1.780,1.780,1,3310.610,1,1,131,131
92,decode,pi: am.build.backend_metadata,15.300,15.300,15.300,1,3310.610,1,1,131,131
92,decode,pi: am.build.metadata_ctor,6.360,6.360,6.360,1,3310.610,1,1,131,131
92,decode,pi: am.builder_build@AscendAttentionMetadataBuilder,35.490,119.660,119.660,1,3310.610,1,1,131,131
92,decode,pi: am.builder_build,13.300,1245.200,394.310,4,3310.610,1,1,131,131
92,decode,pi: am.layer_assign,6.790,6.790,1.960,4,3310.610,1,1,131,131
92,decode,pi: am.group_loop,87.400,1339.390,417.980,4,3310.610,1,1,131,131
92,decode,pi: gdnb.treat_single_token,169.740,169.740,59.750,3,3310.610,1,1,131,131
92,decode,pi: gdnb.compute_num_computed_tokens,130.350,130.350,44.870,3,3310.610,1,1,131,131
92,decode,pi: gdnb.mamba_block_table,4.990,4.990,1.890,3,3310.610,1,1,131,131
92,decode,pi: gdnb.split_decodes,120.850,120.850,41.520,3,3310.610,1,1,131,131
92,decode,pi: gdnb.pad_graph_inputs,285.100,285.100,101.930,3,3310.610,1,1,131,131
92,decode,pi: gdnb.ctor,21.380,21.380,8.140,3,3310.610,1,1,131,131
92,decode,pi: gdnb.attach_prefill,2.860,2.860,1.150,3,3310.610,1,1,131,131
92,decode,pi: gdnb.attach_spec,2.480,2.480,0.930,3,3310.610,1,1,131,131
92,decode,pi: gdnb.build_actual_seq_lengths,162.510,162.510,54.740,3,3310.610,1,1,131,131
92,decode,pi: gdnb.attach_decode,40.070,202.580,68.610,3,3310.610,1,1,131,131
92,decode,pi: am.builder_build@AscendGDNAttentionMetadataBuilder,171.910,1112.240,391.370,3,3310.610,1,1,131,131
92,decode,pi: build_attention_metadata,278.220,1710.020,1710.020,1,3310.610,1,1,131,131
92,decode,pi: sanitize_placeholder_ids,1.120,1.120,1.120,1,3310.610,1,1,131,131
92,decode,pi: sync_input_prep,100.140,3052.840,3052.840,1,3310.610,1,1,131,131
92,decode,pi: TOTAL,3310.610,3310.610,3310.610,1,3310.610,1,1,131,131
93,decode,pi: update_states,99.830,99.830,99.830,1,3325.390,1,1,131,131
93,decode,pi: tokens_list,1.000,1.000,1.000,1,3325.390,1,1,131,131
93,decode,pi: phase_classify,53.160,53.160,53.160,1,3325.390,1,1,131,131
93,decode,pi: in.block_table_commit,86.590,86.590,86.590,1,3325.390,1,1,131,131
93,decode,pi: in.req_indices,9.610,9.610,9.610,1,3325.390,1,1,131,131
93,decode,pi: in.attn_state,27.300,27.300,27.300,1,3325.390,1,1,131,131
93,decode,pi: in.positions,25.400,25.400,25.400,1,3325.390,1,1,131,131
93,decode,pi: in.prev_positions,29.700,29.700,29.700,1,3325.390,1,1,131,131
93,decode,pi: in.token_indices_select,25.040,25.040,25.040,1,3325.390,1,1,131,131
93,decode,pi: in.query_start_loc,27.750,27.750,27.750,1,3325.390,1,1,131,131
93,decode,pi: in.optimistic_seq_lens,48.920,48.920,48.920,1,3325.390,1,1,131,131
93,decode,pi: in.prepare_input_ids,66.950,66.950,66.950,1,3325.390,1,1,131,131
93,decode,pi: in.mrope_positions,39.630,39.630,39.630,1,3325.390,1,1,131,131
93,decode,pi: in.discard_mask,58.160,58.160,58.160,1,3325.390,1,1,131,131
93,decode,pi: in.num_accepted_tokens,14.400,14.400,14.400,1,3325.390,1,1,131,131
93,decode,pi: in.num_computed_tokens,17.520,17.520,17.520,1,3325.390,1,1,131,131
93,decode,pi: in.tokens_to_gpu,61.790,61.790,61.790,1,3325.390,1,1,131,131
93,decode,pi: in.positions_assembly,110.590,110.590,110.590,1,3325.390,1,1,131,131
93,decode,pi: in.seq_lens,54.740,54.740,54.740,1,3325.390,1,1,131,131
93,decode,pi: in.slot_mapping,136.560,136.560,136.560,1,3325.390,1,1,131,131
93,decode,pi: in.mrope_drift,0.760,0.760,0.760,1,3325.390,1,1,131,131
93,decode,pi: in.logits_indices,40.270,40.270,37.640,2,3325.390,1,1,131,131
93,decode,pi: prepare_inputs,96.360,978.040,978.040,1,3325.390,1,1,131,131
93,decode,pi: cascade_attn_prefix_lens,10.740,10.740,10.740,1,3325.390,1,1,131,131
93,decode,pi: batch_exec_and_padding,49.500,49.500,49.500,1,3325.390,1,1,131,131
93,decode,pi: ubatch_slices,1.600,1.600,1.600,1,3325.390,1,1,131,131
93,decode,pi: pad_query_start_loc,29.690,29.690,29.690,1,3325.390,1,1,131,131
93,decode,pi: am.max_seq_len,19.000,19.000,19.000,1,3325.390,1,1,131,131
93,decode,pi: am.cm_base_pre,74.930,74.930,74.930,1,3325.390,1,1,131,131
93,decode,pi: am.build.split_decodes,9.150,9.150,9.150,1,3325.390,1,1,131,131
93,decode,pi: am.build.seq_lens_select,8.520,8.520,8.520,1,3325.390,1,1,131,131
93,decode,pi: am.build.attn_mask,1.300,1.300,1.300,1,3325.390,1,1,131,131
93,decode,pi: am.build.qsl_h2d,32.710,32.710,32.710,1,3325.390,1,1,131,131
93,decode,pi: am.build.tolist,10.040,10.040,10.040,1,3325.390,1,1,131,131
93,decode,pi: am.build.fia_pad,1.800,1.800,1.800,1,3325.390,1,1,131,131
93,decode,pi: am.build.backend_metadata,15.490,15.490,15.490,1,3325.390,1,1,131,131
93,decode,pi: am.build.metadata_ctor,6.320,6.320,6.320,1,3325.390,1,1,131,131
93,decode,pi: am.builder_build@AscendAttentionMetadataBuilder,36.850,122.180,122.180,1,3325.390,1,1,131,131
93,decode,pi: am.builder_build,13.400,1267.150,396.550,4,3325.390,1,1,131,131
93,decode,pi: am.layer_assign,7.050,7.050,1.890,4,3325.390,1,1,131,131
93,decode,pi: am.group_loop,89.260,1363.460,420.800,4,3325.390,1,1,131,131
93,decode,pi: gdnb.treat_single_token,168.980,168.980,59.670,3,3325.390,1,1,131,131
93,decode,pi: gdnb.compute_num_computed_tokens,129.100,129.100,44.330,3,3325.390,1,1,131,131
93,decode,pi: gdnb.mamba_block_table,5.300,5.300,2.020,3,3325.390,1,1,131,131
93,decode,pi: gdnb.split_decodes,121.680,121.680,42.560,3,3325.390,1,1,131,131
93,decode,pi: gdnb.pad_graph_inputs,286.680,286.680,101.720,3,3325.390,1,1,131,131
93,decode,pi: gdnb.ctor,22.530,22.530,8.510,3,3325.390,1,1,131,131
93,decode,pi: gdnb.attach_prefill,2.900,2.900,1.050,3,3325.390,1,1,131,131
93,decode,pi: gdnb.attach_spec,2.620,2.620,0.980,3,3325.390,1,1,131,131
93,decode,pi: gdnb.build_actual_seq_lengths,165.240,165.240,56.050,3,3325.390,1,1,131,131
93,decode,pi: gdnb.attach_decode,40.440,205.680,69.890,3,3325.390,1,1,131,131
93,decode,pi: am.builder_build@AscendGDNAttentionMetadataBuilder,186.100,1131.570,393.540,3,3325.390,1,1,131,131
93,decode,pi: build_attention_metadata,281.760,1739.150,1739.150,1,3325.390,1,1,131,131
93,decode,pi: sanitize_placeholder_ids,1.050,1.050,1.050,1,3325.390,1,1,131,131
93,decode,pi: sync_input_prep,101.860,3065.620,3065.620,1,3325.390,1,1,131,131
93,decode,pi: TOTAL,3325.390,3325.390,3325.390,1,3325.390,1,1,131,131
94,decode,pi: update_states,97.300,97.300,97.300,1,3316.540,1,1,131,131
94,decode,pi: tokens_list,0.990,0.990,0.990,1,3316.540,1,1,131,131
94,decode,pi: phase_classify,52.880,52.880,52.880,1,3316.540,1,1,131,131
94,decode,pi: in.block_table_commit,83.330,83.330,83.330,1,3316.540,1,1,131,131
94,decode,pi: in.req_indices,9.640,9.640,9.640,1,3316.540,1,1,131,131
94,decode,pi: in.attn_state,27.050,27.050,27.050,1,3316.540,1,1,131,131
94,decode,pi: in.positions,24.900,24.900,24.900,1,3316.540,1,1,131,131
94,decode,pi: in.prev_positions,30.580,30.580,30.580,1,3316.540,1,1,131,131
94,decode,pi: in.token_indices_select,24.720,24.720,24.720,1,3316.540,1,1,131,131
94,decode,pi: in.query_start_loc,27.100,27.100,27.100,1,3316.540,1,1,131,131
94,decode,pi: in.optimistic_seq_lens,49.460,49.460,49.460,1,3316.540,1,1,131,131
94,decode,pi: in.prepare_input_ids,65.830,65.830,65.830,1,3316.540,1,1,131,131
94,decode,pi: in.mrope_positions,38.670,38.670,38.670,1,3316.540,1,1,131,131
94,decode,pi: in.discard_mask,58.640,58.640,58.640,1,3316.540,1,1,131,131
94,decode,pi: in.num_accepted_tokens,14.150,14.150,14.150,1,3316.540,1,1,131,131
94,decode,pi: in.num_computed_tokens,17.600,17.600,17.600,1,3316.540,1,1,131,131
94,decode,pi: in.tokens_to_gpu,62.380,62.380,62.380,1,3316.540,1,1,131,131
94,decode,pi: in.positions_assembly,109.720,109.720,109.720,1,3316.540,1,1,131,131
94,decode,pi: in.seq_lens,55.390,55.390,55.390,1,3316.540,1,1,131,131
94,decode,pi: in.slot_mapping,137.320,137.320,137.320,1,3316.540,1,1,131,131
94,decode,pi: in.mrope_drift,0.750,0.750,0.750,1,3316.540,1,1,131,131
94,decode,pi: in.logits_indices,39.420,39.420,37.060,2,3316.540,1,1,131,131
94,decode,pi: prepare_inputs,94.450,971.100,971.100,1,3316.540,1,1,131,131
94,decode,pi: cascade_attn_prefix_lens,11.020,11.020,11.020,1,3316.540,1,1,131,131
94,decode,pi: batch_exec_and_padding,50.090,50.090,50.090,1,3316.540,1,1,131,131
94,decode,pi: ubatch_slices,1.590,1.590,1.590,1,3316.540,1,1,131,131
94,decode,pi: pad_query_start_loc,30.670,30.670,30.670,1,3316.540,1,1,131,131
94,decode,pi: am.max_seq_len,18.760,18.760,18.760,1,3316.540,1,1,131,131
94,decode,pi: am.cm_base_pre,75.630,75.630,75.630,1,3316.540,1,1,131,131
94,decode,pi: am.build.split_decodes,9.700,9.700,9.700,1,3316.540,1,1,131,131
94,decode,pi: am.build.seq_lens_select,8.600,8.600,8.600,1,3316.540,1,1,131,131
94,decode,pi: am.build.attn_mask,1.350,1.350,1.350,1,3316.540,1,1,131,131
94,decode,pi: am.build.qsl_h2d,32.610,32.610,32.610,1,3316.540,1,1,131,131
94,decode,pi: am.build.tolist,9.660,9.660,9.660,1,3316.540,1,1,131,131
94,decode,pi: am.build.fia_pad,1.860,1.860,1.860,1,3316.540,1,1,131,131
94,decode,pi: am.build.backend_metadata,15.030,15.030,15.030,1,3316.540,1,1,131,131
94,decode,pi: am.build.metadata_ctor,6.410,6.410,6.410,1,3316.540,1,1,131,131
94,decode,pi: am.builder_build@AscendAttentionMetadataBuilder,36.470,121.690,121.690,1,3316.540,1,1,131,131
94,decode,pi: am.builder_build,13.280,1251.520,396.520,4,3316.540,1,1,131,131
94,decode,pi: am.layer_assign,6.780,6.780,1.860,4,3316.540,1,1,131,131
94,decode,pi: am.group_loop,87.860,1346.160,420.690,4,3316.540,1,1,131,131
94,decode,pi: gdnb.treat_single_token,170.470,170.470,60.600,3,3316.540,1,1,131,131
94,decode,pi: gdnb.compute_num_computed_tokens,130.030,130.030,45.490,3,3316.540,1,1,131,131
94,decode,pi: gdnb.mamba_block_table,5.190,5.190,1.870,3,3316.540,1,1,131,131
94,decode,pi: gdnb.split_decodes,121.390,121.390,41.900,3,3316.540,1,1,131,131
94,decode,pi: gdnb.pad_graph_inputs,286.550,286.550,101.890,3,3316.540,1,1,131,131
94,decode,pi: gdnb.ctor,21.830,21.830,8.230,3,3316.540,1,1,131,131
94,decode,pi: gdnb.attach_prefill,2.950,2.950,1.050,3,3316.540,1,1,131,131
94,decode,pi: gdnb.attach_spec,2.510,2.510,0.890,3,3316.540,1,1,131,131
94,decode,pi: gdnb.build_actual_seq_lengths,163.360,163.360,55.070,3,3316.540,1,1,131,131
94,decode,pi: gdnb.attach_decode,39.860,203.220,68.810,3,3316.540,1,1,131,131
94,decode,pi: am.builder_build@AscendGDNAttentionMetadataBuilder,172.410,1116.550,393.420,3,3316.540,1,1,131,131
94,decode,pi: build_attention_metadata,280.610,1721.160,1721.160,1,3316.540,1,1,131,131
94,decode,pi: sanitize_placeholder_ids,1.160,1.160,1.160,1,3316.540,1,1,131,131
94,decode,pi: sync_input_prep,123.270,3061.230,3061.230,1,3316.540,1,1,131,131
94,decode,pi: TOTAL,3316.540,3316.540,3316.540,1,3316.540,1,1,131,131
95,decode,pi: update_states,98.590,98.590,98.590,1,3303.550,1,1,131,131
95,decode,pi: tokens_list,1.010,1.010,1.010,1,3303.550,1,1,131,131
95,decode,pi: phase_classify,52.890,52.890,52.890,1,3303.550,1,1,131,131
95,decode,pi: in.block_table_commit,85.170,85.170,85.170,1,3303.550,1,1,131,131
95,decode,pi: in.req_indices,9.690,9.690,9.690,1,3303.550,1,1,131,131
95,decode,pi: in.attn_state,27.030,27.030,27.030,1,3303.550,1,1,131,131
95,decode,pi: in.positions,24.920,24.920,24.920,1,3303.550,1,1,131,131
95,decode,pi: in.prev_positions,30.260,30.260,30.260,1,3303.550,1,1,131,131
95,decode,pi: in.token_indices_select,24.920,24.920,24.920,1,3303.550,1,1,131,131
95,decode,pi: in.query_start_loc,27.100,27.100,27.100,1,3303.550,1,1,131,131
95,decode,pi: in.optimistic_seq_lens,50.020,50.020,50.020,1,3303.550,1,1,131,131
95,decode,pi: in.prepare_input_ids,66.070,66.070,66.070,1,3303.550,1,1,131,131
95,decode,pi: in.mrope_positions,39.880,39.880,39.880,1,3303.550,1,1,131,131
95,decode,pi: in.discard_mask,59.210,59.210,59.210,1,3303.550,1,1,131,131
95,decode,pi: in.num_accepted_tokens,14.850,14.850,14.850,1,3303.550,1,1,131,131
95,decode,pi: in.num_computed_tokens,18.320,18.320,18.320,1,3303.550,1,1,131,131
95,decode,pi: in.tokens_to_gpu,60.250,60.250,60.250,1,3303.550,1,1,131,131
95,decode,pi: in.positions_assembly,109.240,109.240,109.240,1,3303.550,1,1,131,131
95,decode,pi: in.seq_lens,54.780,54.780,54.780,1,3303.550,1,1,131,131
95,decode,pi: in.slot_mapping,136.470,136.470,136.470,1,3303.550,1,1,131,131
95,decode,pi: in.mrope_drift,0.680,0.680,0.680,1,3303.550,1,1,131,131
95,decode,pi: in.logits_indices,40.130,40.130,37.440,2,3303.550,1,1,131,131
95,decode,pi: prepare_inputs,95.090,974.080,974.080,1,3303.550,1,1,131,131
95,decode,pi: cascade_attn_prefix_lens,11.060,11.060,11.060,1,3303.550,1,1,131,131
95,decode,pi: batch_exec_and_padding,49.490,49.490,49.490,1,3303.550,1,1,131,131
95,decode,pi: ubatch_slices,1.520,1.520,1.520,1,3303.550,1,1,131,131
95,decode,pi: pad_query_start_loc,29.930,29.930,29.930,1,3303.550,1,1,131,131
95,decode,pi: am.max_seq_len,18.930,18.930,18.930,1,3303.550,1,1,131,131
95,decode,pi: am.cm_base_pre,74.860,74.860,74.860,1,3303.550,1,1,131,131
95,decode,pi: am.build.split_decodes,9.330,9.330,9.330,1,3303.550,1,1,131,131
95,decode,pi: am.build.seq_lens_select,8.560,8.560,8.560,1,3303.550,1,1,131,131
95,decode,pi: am.build.attn_mask,1.280,1.280,1.280,1,3303.550,1,1,131,131
95,decode,pi: am.build.qsl_h2d,33.040,33.040,33.040,1,3303.550,1,1,131,131
95,decode,pi: am.build.tolist,9.830,9.830,9.830,1,3303.550,1,1,131,131
95,decode,pi: am.build.fia_pad,1.820,1.820,1.820,1,3303.550,1,1,131,131
95,decode,pi: am.build.backend_metadata,15.430,15.430,15.430,1,3303.550,1,1,131,131
95,decode,pi: am.build.metadata_ctor,6.520,6.520,6.520,1,3303.550,1,1,131,131
95,decode,pi: am.builder_build@AscendAttentionMetadataBuilder,36.640,122.450,122.450,1,3303.550,1,1,131,131
95,decode,pi: am.builder_build,13.460,1261.790,399.250,4,3303.550,1,1,131,131
95,decode,pi: am.layer_assign,6.960,6.960,2.000,4,3303.550,1,1,131,131
95,decode,pi: am.group_loop,89.780,1358.530,423.980,4,3303.550,1,1,131,131
95,decode,pi: gdnb.treat_single_token,170.660,170.660,60.450,3,3303.550,1,1,131,131
95,decode,pi: gdnb.compute_num_computed_tokens,129.520,129.520,44.970,3,3303.550,1,1,131,131
95,decode,pi: gdnb.mamba_block_table,5.190,5.190,2.060,3,3303.550,1,1,131,131
95,decode,pi: gdnb.split_decodes,119.740,119.740,43.030,3,3303.550,1,1,131,131
95,decode,pi: gdnb.pad_graph_inputs,290.860,290.860,101.960,3,3303.550,1,1,131,131
95,decode,pi: gdnb.ctor,21.750,21.750,8.520,3,3303.550,1,1,131,131
95,decode,pi: gdnb.attach_prefill,2.930,2.930,1.160,3,3303.550,1,1,131,131
95,decode,pi: gdnb.attach_spec,2.520,2.520,0.960,3,3303.550,1,1,131,131
95,decode,pi: gdnb.build_actual_seq_lengths,166.360,166.360,56.700,3,3303.550,1,1,131,131
95,decode,pi: gdnb.attach_decode,41.040,207.400,70.250,3,3303.550,1,1,131,131
95,decode,pi: am.builder_build@AscendGDNAttentionMetadataBuilder,175.310,1125.880,396.180,3,3303.550,1,1,131,131
95,decode,pi: build_attention_metadata,282.540,1734.860,1734.860,1,3303.550,1,1,131,131
95,decode,pi: sanitize_placeholder_ids,1.120,1.120,1.120,1,3303.550,1,1,131,131
95,decode,pi: sync_input_prep,100.340,3054.890,3054.890,1,3303.550,1,1,131,131
95,decode,pi: TOTAL,3303.550,3303.550,3303.550,1,3303.550,1,1,131,131
96,decode,pi: update_states,98.270,98.270,98.270,1,3315.050,1,1,131,131
96,decode,pi: tokens_list,0.960,0.960,0.960,1,3315.050,1,1,131,131
96,decode,pi: phase_classify,52.660,52.660,52.660,1,3315.050,1,1,131,131
96,decode,pi: in.block_table_commit,85.350,85.350,85.350,1,3315.050,1,1,131,131
96,decode,pi: in.req_indices,9.660,9.660,9.660,1,3315.050,1,1,131,131
96,decode,pi: in.attn_state,26.960,26.960,26.960,1,3315.050,1,1,131,131
96,decode,pi: in.positions,24.810,24.810,24.810,1,3315.050,1,1,131,131
96,decode,pi: in.prev_positions,29.060,29.060,29.060,1,3315.050,1,1,131,131
96,decode,pi: in.token_indices_select,24.790,24.790,24.790,1,3315.050,1,1,131,131
96,decode,pi: in.query_start_loc,26.900,26.900,26.900,1,3315.050,1,1,131,131
96,decode,pi: in.optimistic_seq_lens,49.260,49.260,49.260,1,3315.050,1,1,131,131
96,decode,pi: in.prepare_input_ids,67.290,67.290,67.290,1,3315.050,1,1,131,131
96,decode,pi: in.mrope_positions,39.980,39.980,39.980,1,3315.050,1,1,131,131
96,decode,pi: in.discard_mask,58.470,58.470,58.470,1,3315.050,1,1,131,131
96,decode,pi: in.num_accepted_tokens,14.530,14.530,14.530,1,3315.050,1,1,131,131
96,decode,pi: in.num_computed_tokens,18.190,18.190,18.190,1,3315.050,1,1,131,131
96,decode,pi: in.tokens_to_gpu,61.040,61.040,61.040,1,3315.050,1,1,131,131
96,decode,pi: in.positions_assembly,110.030,110.030,110.030,1,3315.050,1,1,131,131
96,decode,pi: in.seq_lens,53.150,53.150,53.150,1,3315.050,1,1,131,131
96,decode,pi: in.slot_mapping,135.830,135.830,135.830,1,3315.050,1,1,131,131
96,decode,pi: in.mrope_drift,0.720,0.720,0.720,1,3315.050,1,1,131,131
96,decode,pi: in.logits_indices,39.270,39.270,36.990,2,3315.050,1,1,131,131
96,decode,pi: prepare_inputs,95.940,971.230,971.230,1,3315.050,1,1,131,131
96,decode,pi: cascade_attn_prefix_lens,10.730,10.730,10.730,1,3315.050,1,1,131,131
96,decode,pi: batch_exec_and_padding,48.900,48.900,48.900,1,3315.050,1,1,131,131
96,decode,pi: ubatch_slices,1.540,1.540,1.540,1,3315.050,1,1,131,131
96,decode,pi: pad_query_start_loc,29.390,29.390,29.390,1,3315.050,1,1,131,131
96,decode,pi: am.max_seq_len,18.610,18.610,18.610,1,3315.050,1,1,131,131
96,decode,pi: am.cm_base_pre,74.230,74.230,74.230,1,3315.050,1,1,131,131
96,decode,pi: am.build.split_decodes,9.350,9.350,9.350,1,3315.050,1,1,131,131
96,decode,pi: am.build.seq_lens_select,8.290,8.290,8.290,1,3315.050,1,1,131,131
96,decode,pi: am.build.attn_mask,1.250,1.250,1.250,1,3315.050,1,1,131,131
96,decode,pi: am.build.qsl_h2d,32.410,32.410,32.410,1,3315.050,1,1,131,131
96,decode,pi: am.build.tolist,8.990,8.990,8.990,1,3315.050,1,1,131,131
96,decode,pi: am.build.fia_pad,1.790,1.790,1.790,1,3315.050,1,1,131,131
96,decode,pi: am.build.backend_metadata,14.810,14.810,14.810,1,3315.050,1,1,131,131
96,decode,pi: am.build.metadata_ctor,6.030,6.030,6.030,1,3315.050,1,1,131,131
96,decode,pi: am.builder_build@AscendAttentionMetadataBuilder,36.120,119.040,119.040,1,3315.050,1,1,131,131
96,decode,pi: am.builder_build,13.690,1270.840,416.240,4,3315.050,1,1,131,131
96,decode,pi: am.layer_assign,6.750,6.750,1.910,4,3315.050,1,1,131,131
96,decode,pi: am.group_loop,91.710,1369.300,441.510,4,3315.050,1,1,131,131
96,decode,pi: gdnb.treat_single_token,171.820,171.820,60.210,3,3315.050,1,1,131,131
96,decode,pi: gdnb.compute_num_computed_tokens,131.530,131.530,45.040,3,3315.050,1,1,131,131
96,decode,pi: gdnb.mamba_block_table,5.330,5.330,1.940,3,3315.050,1,1,131,131
96,decode,pi: gdnb.split_decodes,119.680,119.680,42.190,3,3315.050,1,1,131,131
96,decode,pi: gdnb.pad_graph_inputs,289.220,289.220,102.430,3,3315.050,1,1,131,131
96,decode,pi: gdnb.ctor,22.340,22.340,8.290,3,3315.050,1,1,131,131
96,decode,pi: gdnb.attach_prefill,2.800,2.800,1.090,3,3315.050,1,1,131,131
96,decode,pi: gdnb.attach_spec,2.560,2.560,0.930,3,3315.050,1,1,131,131
96,decode,pi: gdnb.build_actual_seq_lengths,162.760,162.760,58.010,3,3315.050,1,1,131,131
96,decode,pi: gdnb.attach_decode,40.490,203.250,72.730,3,3315.050,1,1,131,131
96,decode,pi: am.builder_build@AscendGDNAttentionMetadataBuilder,189.580,1138.110,413.350,3,3315.050,1,1,131,131
96,decode,pi: build_attention_metadata,282.500,1744.640,1744.640,1,3315.050,1,1,131,131
96,decode,pi: sanitize_placeholder_ids,1.020,1.020,1.020,1,3315.050,1,1,131,131
96,decode,pi: sync_input_prep,99.870,3059.210,3059.210,1,3315.050,1,1,131,131
96,decode,pi: TOTAL,3315.050,3315.050,3315.050,1,3315.050,1,1,131,131
97,decode,pi: update_states,97.780,97.780,97.780,1,3319.950,1,1,131,131
97,decode,pi: tokens_list,0.980,0.980,0.980,1,3319.950,1,1,131,131
97,decode,pi: phase_classify,52.740,52.740,52.740,1,3319.950,1,1,131,131
97,decode,pi: in.block_table_commit,85.320,85.320,85.320,1,3319.950,1,1,131,131
97,decode,pi: in.req_indices,9.400,9.400,9.400,1,3319.950,1,1,131,131
97,decode,pi: in.attn_state,27.070,27.070,27.070,1,3319.950,1,1,131,131
97,decode,pi: in.positions,24.740,24.740,24.740,1,3319.950,1,1,131,131
97,decode,pi: in.prev_positions,54.440,54.440,54.440,1,3319.950,1,1,131,131
97,decode,pi: in.token_indices_select,25.310,25.310,25.310,1,3319.950,1,1,131,131
97,decode,pi: in.query_start_loc,28.300,28.300,28.300,1,3319.950,1,1,131,131
97,decode,pi: in.optimistic_seq_lens,50.370,50.370,50.370,1,3319.950,1,1,131,131
97,decode,pi: in.prepare_input_ids,66.440,66.440,66.440,1,3319.950,1,1,131,131
97,decode,pi: in.mrope_positions,40.510,40.510,40.510,1,3319.950,1,1,131,131
97,decode,pi: in.discard_mask,59.810,59.810,59.810,1,3319.950,1,1,131,131
97,decode,pi: in.num_accepted_tokens,14.570,14.570,14.570,1,3319.950,1,1,131,131
97,decode,pi: in.num_computed_tokens,18.320,18.320,18.320,1,3319.950,1,1,131,131
97,decode,pi: in.tokens_to_gpu,60.890,60.890,60.890,1,3319.950,1,1,131,131
97,decode,pi: in.positions_assembly,110.520,110.520,110.520,1,3319.950,1,1,131,131
97,decode,pi: in.seq_lens,54.860,54.860,54.860,1,3319.950,1,1,131,131
97,decode,pi: in.slot_mapping,135.630,135.630,135.630,1,3319.950,1,1,131,131
97,decode,pi: in.mrope_drift,0.660,0.660,0.660,1,3319.950,1,1,131,131
97,decode,pi: in.logits_indices,39.790,39.790,37.050,2,3319.950,1,1,131,131
97,decode,pi: prepare_inputs,95.280,1002.230,1002.230,1,3319.950,1,1,131,131
97,decode,pi: cascade_attn_prefix_lens,10.910,10.910,10.910,1,3319.950,1,1,131,131
97,decode,pi: batch_exec_and_padding,49.500,49.500,49.500,1,3319.950,1,1,131,131
97,decode,pi: ubatch_slices,1.570,1.570,1.570,1,3319.950,1,1,131,131
97,decode,pi: pad_query_start_loc,29.330,29.330,29.330,1,3319.950,1,1,131,131
97,decode,pi: am.max_seq_len,18.820,18.820,18.820,1,3319.950,1,1,131,131
97,decode,pi: am.cm_base_pre,74.340,74.340,74.340,1,3319.950,1,1,131,131
97,decode,pi: am.build.split_decodes,9.160,9.160,9.160,1,3319.950,1,1,131,131
97,decode,pi: am.build.seq_lens_select,8.790,8.790,8.790,1,3319.950,1,1,131,131
97,decode,pi: am.build.attn_mask,1.270,1.270,1.270,1,3319.950,1,1,131,131
97,decode,pi: am.build.qsl_h2d,33.310,33.310,33.310,1,3319.950,1,1,131,131
97,decode,pi: am.build.tolist,9.980,9.980,9.980,1,3319.950,1,1,131,131
97,decode,pi: am.build.fia_pad,1.860,1.860,1.860,1,3319.950,1,1,131,131
97,decode,pi: am.build.backend_metadata,15.250,15.250,15.250,1,3319.950,1,1,131,131
97,decode,pi: am.build.metadata_ctor,6.730,6.730,6.730,1,3319.950,1,1,131,131
97,decode,pi: am.builder_build@AscendAttentionMetadataBuilder,36.580,122.930,122.930,1,3319.950,1,1,131,131
97,decode,pi: am.builder_build,13.510,1246.750,387.540,4,3319.950,1,1,131,131
97,decode,pi: am.layer_assign,6.880,6.880,1.900,4,3319.950,1,1,131,131
97,decode,pi: am.group_loop,89.800,1343.430,412.090,4,3319.950,1,1,131,131
97,decode,pi: gdnb.treat_single_token,168.240,168.240,58.650,3,3319.950,1,1,131,131
97,decode,pi: gdnb.compute_num_computed_tokens,128.820,128.820,43.360,3,3319.950,1,1,131,131
97,decode,pi: gdnb.mamba_block_table,5.180,5.180,1.930,3,3319.950,1,1,131,131
97,decode,pi: gdnb.split_decodes,121.300,121.300,42.080,3,3319.950,1,1,131,131
97,decode,pi: gdnb.pad_graph_inputs,283.930,283.930,98.330,3,3319.950,1,1,131,131
97,decode,pi: gdnb.ctor,22.190,22.190,8.200,3,3319.950,1,1,131,131
97,decode,pi: gdnb.attach_prefill,2.860,2.860,1.170,3,3319.950,1,1,131,131
97,decode,pi: gdnb.attach_spec,2.510,2.510,0.920,3,3319.950,1,1,131,131
97,decode,pi: gdnb.build_actual_seq_lengths,162.720,162.720,55.280,3,3319.950,1,1,131,131
97,decode,pi: gdnb.attach_decode,40.450,203.170,68.510,3,3319.950,1,1,131,131
97,decode,pi: am.builder_build@AscendGDNAttentionMetadataBuilder,172.110,1110.310,384.600,3,3319.950,1,1,131,131
97,decode,pi: build_attention_metadata,279.540,1716.130,1716.130,1,3319.950,1,1,131,131
97,decode,pi: sanitize_placeholder_ids,0.990,0.990,0.990,1,3319.950,1,1,131,131
97,decode,pi: sync_input_prep,101.110,3063.270,3063.270,1,3319.950,1,1,131,131
97,decode,pi: TOTAL,3319.950,3319.950,3319.950,1,3319.950,1,1,131,131
98,decode,pi: update_states,98.930,98.930,98.930,1,3316.160,1,1,131,131
98,decode,pi: tokens_list,1.010,1.010,1.010,1,3316.160,1,1,131,131
98,decode,pi: phase_classify,52.860,52.860,52.860,1,3316.160,1,1,131,131
98,decode,pi: in.block_table_commit,87.100,87.100,87.100,1,3316.160,1,1,131,131
98,decode,pi: in.req_indices,9.740,9.740,9.740,1,3316.160,1,1,131,131
98,decode,pi: in.attn_state,27.110,27.110,27.110,1,3316.160,1,1,131,131
98,decode,pi: in.positions,25.240,25.240,25.240,1,3316.160,1,1,131,131
98,decode,pi: in.prev_positions,29.410,29.410,29.410,1,3316.160,1,1,131,131
98,decode,pi: in.token_indices_select,25.020,25.020,25.020,1,3316.160,1,1,131,131
98,decode,pi: in.query_start_loc,26.870,26.870,26.870,1,3316.160,1,1,131,131
98,decode,pi: in.optimistic_seq_lens,49.180,49.180,49.180,1,3316.160,1,1,131,131
98,decode,pi: in.prepare_input_ids,65.600,65.600,65.600,1,3316.160,1,1,131,131
98,decode,pi: in.mrope_positions,40.200,40.200,40.200,1,3316.160,1,1,131,131
98,decode,pi: in.discard_mask,58.610,58.610,58.610,1,3316.160,1,1,131,131
98,decode,pi: in.num_accepted_tokens,14.670,14.670,14.670,1,3316.160,1,1,131,131
98,decode,pi: in.num_computed_tokens,18.290,18.290,18.290,1,3316.160,1,1,131,131
98,decode,pi: in.tokens_to_gpu,60.590,60.590,60.590,1,3316.160,1,1,131,131
98,decode,pi: in.positions_assembly,110.760,110.760,110.760,1,3316.160,1,1,131,131
98,decode,pi: in.seq_lens,54.330,54.330,54.330,1,3316.160,1,1,131,131
98,decode,pi: in.slot_mapping,136.150,136.150,136.150,1,3316.160,1,1,131,131
98,decode,pi: in.mrope_drift,0.660,0.660,0.660,1,3316.160,1,1,131,131
98,decode,pi: in.logits_indices,39.760,39.760,37.430,2,3316.160,1,1,131,131
98,decode,pi: prepare_inputs,95.770,975.060,975.060,1,3316.160,1,1,131,131
98,decode,pi: cascade_attn_prefix_lens,11.220,11.220,11.220,1,3316.160,1,1,131,131
98,decode,pi: batch_exec_and_padding,49.970,49.970,49.970,1,3316.160,1,1,131,131
98,decode,pi: ubatch_slices,1.500,1.500,1.500,1,3316.160,1,1,131,131
98,decode,pi: pad_query_start_loc,29.400,29.400,29.400,1,3316.160,1,1,131,131
98,decode,pi: am.max_seq_len,17.920,17.920,17.920,1,3316.160,1,1,131,131
98,decode,pi: am.cm_base_pre,75.280,75.280,75.280,1,3316.160,1,1,131,131
98,decode,pi: am.build.split_decodes,9.130,9.130,9.130,1,3316.160,1,1,131,131
98,decode,pi: am.build.seq_lens_select,8.730,8.730,8.730,1,3316.160,1,1,131,131
98,decode,pi: am.build.attn_mask,1.260,1.260,1.260,1,3316.160,1,1,131,131
98,decode,pi: am.build.qsl_h2d,32.650,32.650,32.650,1,3316.160,1,1,131,131
98,decode,pi: am.build.tolist,9.660,9.660,9.660,1,3316.160,1,1,131,131
98,decode,pi: am.build.fia_pad,1.810,1.810,1.810,1,3316.160,1,1,131,131
98,decode,pi: am.build.backend_metadata,15.150,15.150,15.150,1,3316.160,1,1,131,131
98,decode,pi: am.build.metadata_ctor,6.470,6.470,6.470,1,3316.160,1,1,131,131
98,decode,pi: am.builder_build@AscendAttentionMetadataBuilder,36.190,121.050,121.050,1,3316.160,1,1,131,131
98,decode,pi: am.builder_build,13.350,1264.780,393.520,4,3316.160,1,1,131,131
98,decode,pi: am.layer_assign,6.870,6.870,1.910,4,3316.160,1,1,131,131
98,decode,pi: am.group_loop,89.080,1360.730,418.060,4,3316.160,1,1,131,131
98,decode,pi: gdnb.treat_single_token,169.500,169.500,60.620,3,3316.160,1,1,131,131
98,decode,pi: gdnb.compute_num_computed_tokens,130.080,130.080,44.180,3,3316.160,1,1,131,131
98,decode,pi: gdnb.mamba_block_table,5.270,5.270,2.040,3,3316.160,1,1,131,131
98,decode,pi: gdnb.split_decodes,119.040,119.040,41.440,3,3316.160,1,1,131,131
98,decode,pi: gdnb.pad_graph_inputs,305.210,305.210,111.220,3,3316.160,1,1,131,131
98,decode,pi: gdnb.ctor,21.830,21.830,8.080,3,3316.160,1,1,131,131
98,decode,pi: gdnb.attach_prefill,2.860,2.860,1.100,3,3316.160,1,1,131,131
98,decode,pi: gdnb.attach_spec,2.520,2.520,0.870,3,3316.160,1,1,131,131
98,decode,pi: gdnb.build_actual_seq_lengths,161.620,161.620,55.270,3,3316.160,1,1,131,131
98,decode,pi: gdnb.attach_decode,39.380,201.000,68.100,3,3316.160,1,1,131,131
98,decode,pi: am.builder_build@AscendGDNAttentionMetadataBuilder,173.070,1130.380,390.480,3,3316.160,1,1,131,131
98,decode,pi: build_attention_metadata,281.360,1735.290,1735.290,1,3316.160,1,1,131,131
98,decode,pi: sanitize_placeholder_ids,1.060,1.060,1.060,1,3316.160,1,1,131,131
98,decode,pi: sync_input_prep,99.150,3055.450,3055.450,1,3316.160,1,1,131,131
98,decode,pi: TOTAL,3316.160,3316.160,3316.160,1,3316.160,1,1,131,131
99,decode,pi: update_states,99.390,99.390,99.390,1,3335.330,1,1,131,131
99,decode,pi: tokens_list,0.930,0.930,0.930,1,3335.330,1,1,131,131
99,decode,pi: phase_classify,53.200,53.200,53.200,1,3335.330,1,1,131,131
99,decode,pi: in.block_table_commit,86.540,86.540,86.540,1,3335.330,1,1,131,131
99,decode,pi: in.req_indices,9.240,9.240,9.240,1,3335.330,1,1,131,131
99,decode,pi: in.attn_state,26.560,26.560,26.560,1,3335.330,1,1,131,131
99,decode,pi: in.positions,24.960,24.960,24.960,1,3335.330,1,1,131,131
99,decode,pi: in.prev_positions,30.230,30.230,30.230,1,3335.330,1,1,131,131
99,decode,pi: in.token_indices_select,24.470,24.470,24.470,1,3335.330,1,1,131,131
99,decode,pi: in.query_start_loc,27.380,27.380,27.380,1,3335.330,1,1,131,131
99,decode,pi: in.optimistic_seq_lens,48.260,48.260,48.260,1,3335.330,1,1,131,131
99,decode,pi: in.prepare_input_ids,66.440,66.440,66.440,1,3335.330,1,1,131,131
99,decode,pi: in.mrope_positions,39.230,39.230,39.230,1,3335.330,1,1,131,131
99,decode,pi: in.discard_mask,59.150,59.150,59.150,1,3335.330,1,1,131,131
99,decode,pi: in.num_accepted_tokens,14.590,14.590,14.590,1,3335.330,1,1,131,131
99,decode,pi: in.num_computed_tokens,18.400,18.400,18.400,1,3335.330,1,1,131,131
99,decode,pi: in.tokens_to_gpu,60.990,60.990,60.990,1,3335.330,1,1,131,131
99,decode,pi: in.positions_assembly,111.860,111.860,111.860,1,3335.330,1,1,131,131
99,decode,pi: in.seq_lens,54.670,54.670,54.670,1,3335.330,1,1,131,131
99,decode,pi: in.slot_mapping,135.580,135.580,135.580,1,3335.330,1,1,131,131
99,decode,pi: in.mrope_drift,0.670,0.670,0.670,1,3335.330,1,1,131,131
99,decode,pi: in.logits_indices,54.840,54.840,37.380,2,3335.330,1,1,131,131
99,decode,pi: prepare_inputs,96.550,990.610,990.610,1,3335.330,1,1,131,131
99,decode,pi: cascade_attn_prefix_lens,11.200,11.200,11.200,1,3335.330,1,1,131,131
99,decode,pi: batch_exec_and_padding,50.680,50.680,50.680,1,3335.330,1,1,131,131
99,decode,pi: ubatch_slices,1.440,1.440,1.440,1,3335.330,1,1,131,131
99,decode,pi: pad_query_start_loc,31.480,31.480,31.480,1,3335.330,1,1,131,131
99,decode,pi: am.max_seq_len,19.200,19.200,19.200,1,3335.330,1,1,131,131
99,decode,pi: am.cm_base_pre,77.800,77.800,77.800,1,3335.330,1,1,131,131
99,decode,pi: am.build.split_decodes,9.460,9.460,9.460,1,3335.330,1,1,131,131
99,decode,pi: am.build.seq_lens_select,8.630,8.630,8.630,1,3335.330,1,1,131,131
99,decode,pi: am.build.attn_mask,1.220,1.220,1.220,1,3335.330,1,1,131,131
99,decode,pi: am.build.qsl_h2d,33.780,33.780,33.780,1,3335.330,1,1,131,131
99,decode,pi: am.build.tolist,9.840,9.840,9.840,1,3335.330,1,1,131,131
99,decode,pi: am.build.fia_pad,1.760,1.760,1.760,1,3335.330,1,1,131,131
99,decode,pi: am.build.backend_metadata,15.460,15.460,15.460,1,3335.330,1,1,131,131
99,decode,pi: am.build.metadata_ctor,6.320,6.320,6.320,1,3335.330,1,1,131,131
99,decode,pi: am.builder_build@AscendAttentionMetadataBuilder,36.360,122.830,122.830,1,3335.330,1,1,131,131
99,decode,pi: am.builder_build,13.020,1259.240,394.090,4,3335.330,1,1,131,131
99,decode,pi: am.layer_assign,6.990,6.990,1.970,4,3335.330,1,1,131,131
99,decode,pi: am.group_loop,90.970,1357.200,418.930,4,3335.330,1,1,131,131
99,decode,pi: gdnb.treat_single_token,171.300,171.300,59.660,3,3335.330,1,1,131,131
99,decode,pi: gdnb.compute_num_computed_tokens,129.620,129.620,44.740,3,3335.330,1,1,131,131
99,decode,pi: gdnb.mamba_block_table,5.030,5.030,1.910,3,3335.330,1,1,131,131
99,decode,pi: gdnb.split_decodes,119.940,119.940,41.780,3,3335.330,1,1,131,131
99,decode,pi: gdnb.pad_graph_inputs,291.440,291.440,102.460,3,3335.330,1,1,131,131
99,decode,pi: gdnb.ctor,21.480,21.480,8.070,3,3335.330,1,1,131,131
99,decode,pi: gdnb.attach_prefill,2.730,2.730,1.040,3,3335.330,1,1,131,131
99,decode,pi: gdnb.attach_spec,2.630,2.630,0.980,3,3335.330,1,1,131,131
99,decode,pi: gdnb.build_actual_seq_lengths,164.470,164.470,55.550,3,3335.330,1,1,131,131
99,decode,pi: gdnb.attach_decode,40.810,205.280,69.400,3,3335.330,1,1,131,131
99,decode,pi: am.builder_build@AscendGDNAttentionMetadataBuilder,173.940,1123.390,391.120,3,3335.330,1,1,131,131
99,decode,pi: build_attention_metadata,281.330,1735.530,1735.530,1,3335.330,1,1,131,131
99,decode,pi: sanitize_placeholder_ids,1.100,1.100,1.100,1,3335.330,1,1,131,131
99,decode,pi: sync_input_prep,101.090,3076.650,3076.650,1,3335.330,1,1,131,131
99,decode,pi: TOTAL,3335.330,3335.330,3335.330,1,3335.330,1,1,131,131
100,decode,pi: update_states,99.690,99.690,99.690,1,3294.550,1,1,131,131
100,decode,pi: tokens_list,1.030,1.030,1.030,1,3294.550,1,1,131,131
100,decode,pi: phase_classify,52.940,52.940,52.940,1,3294.550,1,1,131,131
100,decode,pi: in.block_table_commit,87.110,87.110,87.110,1,3294.550,1,1,131,131
100,decode,pi: in.req_indices,9.620,9.620,9.620,1,3294.550,1,1,131,131
100,decode,pi: in.attn_state,26.810,26.810,26.810,1,3294.550,1,1,131,131
100,decode,pi: in.positions,24.780,24.780,24.780,1,3294.550,1,1,131,131
100,decode,pi: in.prev_positions,29.450,29.450,29.450,1,3294.550,1,1,131,131
100,decode,pi: in.token_indices_select,24.580,24.580,24.580,1,3294.550,1,1,131,131
100,decode,pi: in.query_start_loc,27.340,27.340,27.340,1,3294.550,1,1,131,131
100,decode,pi: in.optimistic_seq_lens,48.890,48.890,48.890,1,3294.550,1,1,131,131
100,decode,pi: in.prepare_input_ids,65.540,65.540,65.540,1,3294.550,1,1,131,131
100,decode,pi: in.mrope_positions,39.640,39.640,39.640,1,3294.550,1,1,131,131
100,decode,pi: in.discard_mask,58.300,58.300,58.300,1,3294.550,1,1,131,131
100,decode,pi: in.num_accepted_tokens,15.030,15.030,15.030,1,3294.550,1,1,131,131
100,decode,pi: in.num_computed_tokens,17.030,17.030,17.030,1,3294.550,1,1,131,131
100,decode,pi: in.tokens_to_gpu,61.870,61.870,61.870,1,3294.550,1,1,131,131
100,decode,pi: in.positions_assembly,111.310,111.310,111.310,1,3294.550,1,1,131,131
100,decode,pi: in.seq_lens,56.250,56.250,56.250,1,3294.550,1,1,131,131
100,decode,pi: in.slot_mapping,135.780,135.780,135.780,1,3294.550,1,1,131,131
100,decode,pi: in.mrope_drift,0.810,0.810,0.810,1,3294.550,1,1,131,131
100,decode,pi: in.logits_indices,39.520,39.520,37.110,2,3294.550,1,1,131,131
100,decode,pi: prepare_inputs,94.990,974.650,974.650,1,3294.550,1,1,131,131
100,decode,pi: cascade_attn_prefix_lens,11.130,11.130,11.130,1,3294.550,1,1,131,131
100,decode,pi: batch_exec_and_padding,48.900,48.900,48.900,1,3294.550,1,1,131,131
100,decode,pi: ubatch_slices,1.430,1.430,1.430,1,3294.550,1,1,131,131
100,decode,pi: pad_query_start_loc,29.190,29.190,29.190,1,3294.550,1,1,131,131
100,decode,pi: am.max_seq_len,18.400,18.400,18.400,1,3294.550,1,1,131,131
100,decode,pi: am.cm_base_pre,75.260,75.260,75.260,1,3294.550,1,1,131,131
100,decode,pi: am.build.split_decodes,9.390,9.390,9.390,1,3294.550,1,1,131,131
100,decode,pi: am.build.seq_lens_select,8.420,8.420,8.420,1,3294.550,1,1,131,131
100,decode,pi: am.build.attn_mask,1.210,1.210,1.210,1,3294.550,1,1,131,131
100,decode,pi: am.build.qsl_h2d,32.380,32.380,32.380,1,3294.550,1,1,131,131
100,decode,pi: am.build.tolist,8.900,8.900,8.900,1,3294.550,1,1,131,131
100,decode,pi: am.build.fia_pad,1.770,1.770,1.770,1,3294.550,1,1,131,131
100,decode,pi: am.build.backend_metadata,15.000,15.000,15.000,1,3294.550,1,1,131,131
100,decode,pi: am.build.metadata_ctor,6.440,6.440,6.440,1,3294.550,1,1,131,131
100,decode,pi: am.builder_build@AscendAttentionMetadataBuilder,36.160,119.670,119.670,1,3294.550,1,1,131,131
100,decode,pi: am.builder_build,13.480,1255.530,394.680,4,3294.550,1,1,131,131
100,decode,pi: am.layer_assign,6.680,6.680,1.860,4,3294.550,1,1,131,131
100,decode,pi: am.group_loop,88.640,1350.850,419.380,4,3294.550,1,1,131,131
100,decode,pi: gdnb.treat_single_token,170.090,170.090,60.360,3,3294.550,1,1,131,131
100,decode,pi: gdnb.compute_num_computed_tokens,131.910,131.910,44.430,3,3294.550,1,1,131,131
100,decode,pi: gdnb.mamba_block_table,4.800,4.800,1.690,3,3294.550,1,1,131,131
100,decode,pi: gdnb.split_decodes,124.620,124.620,42.240,3,3294.550,1,1,131,131
100,decode,pi: gdnb.pad_graph_inputs,288.860,288.860,101.110,3,3294.550,1,1,131,131
100,decode,pi: gdnb.ctor,21.130,21.130,8.040,3,3294.550,1,1,131,131
100,decode,pi: gdnb.attach_prefill,2.800,2.800,1.150,3,3294.550,1,1,131,131
100,decode,pi: gdnb.attach_spec,2.540,2.540,0.940,3,3294.550,1,1,131,131
100,decode,pi: gdnb.build_actual_seq_lengths,163.380,163.380,55.740,3,3294.550,1,1,131,131
100,decode,pi: gdnb.attach_decode,39.650,203.030,69.520,3,3294.550,1,1,131,131
100,decode,pi: am.builder_build@AscendGDNAttentionMetadataBuilder,172.600,1122.380,391.720,3,3294.550,1,1,131,131
100,decode,pi: build_attention_metadata,277.320,1721.830,1721.830,1,3294.550,1,1,131,131
100,decode,pi: sanitize_placeholder_ids,1.040,1.040,1.040,1,3294.550,1,1,131,131
100,decode,pi: sync_input_prep,101.120,3042.950,3042.950,1,3294.550,1,1,131,131
100,decode,pi: TOTAL,3294.550,3294.550,3294.550,1,3294.550,1,1,131,131
101,decode,pi: update_states,99.380,99.380,99.380,1,3326.780,1,1,131,131
101,decode,pi: tokens_list,1.130,1.130,1.130,1,3326.780,1,1,131,131
101,decode,pi: phase_classify,52.610,52.610,52.610,1,3326.780,1,1,131,131
101,decode,pi: in.block_table_commit,86.760,86.760,86.760,1,3326.780,1,1,131,131
101,decode,pi: in.req_indices,9.510,9.510,9.510,1,3326.780,1,1,131,131
101,decode,pi: in.attn_state,26.900,26.900,26.900,1,3326.780,1,1,131,131
101,decode,pi: in.positions,24.600,24.600,24.600,1,3326.780,1,1,131,131
101,decode,pi: in.prev_positions,29.920,29.920,29.920,1,3326.780,1,1,131,131
101,decode,pi: in.token_indices_select,24.820,24.820,24.820,1,3326.780,1,1,131,131
101,decode,pi: in.query_start_loc,27.780,27.780,27.780,1,3326.780,1,1,131,131
101,decode,pi: in.optimistic_seq_lens,49.610,49.610,49.610,1,3326.780,1,1,131,131
101,decode,pi: in.prepare_input_ids,66.890,66.890,66.890,1,3326.780,1,1,131,131
101,decode,pi: in.mrope_positions,39.630,39.630,39.630,1,3326.780,1,1,131,131
101,decode,pi: in.discard_mask,58.780,58.780,58.780,1,3326.780,1,1,131,131
101,decode,pi: in.num_accepted_tokens,14.760,14.760,14.760,1,3326.780,1,1,131,131
101,decode,pi: in.num_computed_tokens,17.830,17.830,17.830,1,3326.780,1,1,131,131
101,decode,pi: in.tokens_to_gpu,61.170,61.170,61.170,1,3326.780,1,1,131,131
101,decode,pi: in.positions_assembly,110.430,110.430,110.430,1,3326.780,1,1,131,131
101,decode,pi: in.seq_lens,55.520,55.520,55.520,1,3326.780,1,1,131,131
101,decode,pi: in.slot_mapping,136.750,136.750,136.750,1,3326.780,1,1,131,131
101,decode,pi: in.mrope_drift,0.740,0.740,0.740,1,3326.780,1,1,131,131
101,decode,pi: in.logits_indices,41.160,41.160,38.380,2,3326.780,1,1,131,131
101,decode,pi: prepare_inputs,95.970,979.530,979.530,1,3326.780,1,1,131,131
101,decode,pi: cascade_attn_prefix_lens,10.730,10.730,10.730,1,3326.780,1,1,131,131
101,decode,pi: batch_exec_and_padding,49.660,49.660,49.660,1,3326.780,1,1,131,131
101,decode,pi: ubatch_slices,1.480,1.480,1.480,1,3326.780,1,1,131,131
101,decode,pi: pad_query_start_loc,29.370,29.370,29.370,1,3326.780,1,1,131,131
101,decode,pi: am.max_seq_len,18.650,18.650,18.650,1,3326.780,1,1,131,131
101,decode,pi: am.cm_base_pre,74.710,74.710,74.710,1,3326.780,1,1,131,131
101,decode,pi: am.build.split_decodes,9.270,9.270,9.270,1,3326.780,1,1,131,131
101,decode,pi: am.build.seq_lens_select,8.500,8.500,8.500,1,3326.780,1,1,131,131
101,decode,pi: am.build.attn_mask,1.150,1.150,1.150,1,3326.780,1,1,131,131
101,decode,pi: am.build.qsl_h2d,32.920,32.920,32.920,1,3326.780,1,1,131,131
101,decode,pi: am.build.tolist,9.740,9.740,9.740,1,3326.780,1,1,131,131
101,decode,pi: am.build.fia_pad,1.800,1.800,1.800,1,3326.780,1,1,131,131
101,decode,pi: am.build.backend_metadata,15.230,15.230,15.230,1,3326.780,1,1,131,131
101,decode,pi: am.build.metadata_ctor,6.470,6.470,6.470,1,3326.780,1,1,131,131
101,decode,pi: am.builder_build@AscendAttentionMetadataBuilder,36.000,121.080,121.080,1,3326.780,1,1,131,131
101,decode,pi: am.builder_build,13.130,1273.200,413.160,4,3326.780,1,1,131,131
101,decode,pi: am.layer_assign,7.030,7.030,1.950,4,3326.780,1,1,131,131
101,decode,pi: am.group_loop,89.880,1370.110,438.030,4,3326.780,1,1,131,131
101,decode,pi: gdnb.treat_single_token,169.970,169.970,59.280,3,3326.780,1,1,131,131
101,decode,pi: gdnb.compute_num_computed_tokens,145.510,145.510,57.820,3,3326.780,1,1,131,131
101,decode,pi: gdnb.mamba_block_table,5.170,5.170,2.100,3,3326.780,1,1,131,131
101,decode,pi: gdnb.split_decodes,124.220,124.220,43.620,3,3326.780,1,1,131,131
101,decode,pi: gdnb.pad_graph_inputs,285.550,285.550,101.380,3,3326.780,1,1,131,131
101,decode,pi: gdnb.ctor,22.080,22.080,8.540,3,3326.780,1,1,131,131
101,decode,pi: gdnb.attach_prefill,2.910,2.910,1.200,3,3326.780,1,1,131,131
101,decode,pi: gdnb.attach_spec,2.660,2.660,1.020,3,3326.780,1,1,131,131
101,decode,pi: gdnb.build_actual_seq_lengths,165.690,165.690,56.120,3,3326.780,1,1,131,131
101,decode,pi: gdnb.attach_decode,40.700,206.390,70.390,3,3326.780,1,1,131,131
101,decode,pi: am.builder_build@AscendGDNAttentionMetadataBuilder,174.530,1138.990,409.990,3,3326.780,1,1,131,131
101,decode,pi: build_attention_metadata,281.600,1745.070,1745.070,1,3326.780,1,1,131,131
101,decode,pi: sanitize_placeholder_ids,1.080,1.080,1.080,1,3326.780,1,1,131,131
101,decode,pi: sync_input_prep,100.270,3070.310,3070.310,1,3326.780,1,1,131,131
101,decode,pi: TOTAL,3326.780,3326.780,3326.780,1,3326.780,1,1,131,131
102,decode,pi: update_states,98.240,98.240,98.240,1,3330.620,1,1,131,131
102,decode,pi: tokens_list,0.980,0.980,0.980,1,3330.620,1,1,131,131
102,decode,pi: phase_classify,60.230,60.230,60.230,1,3330.620,1,1,131,131
102,decode,pi: in.block_table_commit,88.610,88.610,88.610,1,3330.620,1,1,131,131
102,decode,pi: in.req_indices,9.440,9.440,9.440,1,3330.620,1,1,131,131
102,decode,pi: in.attn_state,26.990,26.990,26.990,1,3330.620,1,1,131,131
102,decode,pi: in.positions,25.210,25.210,25.210,1,3330.620,1,1,131,131
102,decode,pi: in.prev_positions,30.580,30.580,30.580,1,3330.620,1,1,131,131
102,decode,pi: in.token_indices_select,24.910,24.910,24.910,1,3330.620,1,1,131,131
102,decode,pi: in.query_start_loc,27.880,27.880,27.880,1,3330.620,1,1,131,131
102,decode,pi: in.optimistic_seq_lens,49.550,49.550,49.550,1,3330.620,1,1,131,131
102,decode,pi: in.prepare_input_ids,66.560,66.560,66.560,1,3330.620,1,1,131,131
102,decode,pi: in.mrope_positions,40.520,40.520,40.520,1,3330.620,1,1,131,131
102,decode,pi: in.discard_mask,58.730,58.730,58.730,1,3330.620,1,1,131,131
102,decode,pi: in.num_accepted_tokens,14.350,14.350,14.350,1,3330.620,1,1,131,131
102,decode,pi: in.num_computed_tokens,18.140,18.140,18.140,1,3330.620,1,1,131,131
102,decode,pi: in.tokens_to_gpu,63.030,63.030,63.030,1,3330.620,1,1,131,131
102,decode,pi: in.positions_assembly,110.080,110.080,110.080,1,3330.620,1,1,131,131
102,decode,pi: in.seq_lens,54.980,54.980,54.980,1,3330.620,1,1,131,131
102,decode,pi: in.slot_mapping,136.680,136.680,136.680,1,3330.620,1,1,131,131
102,decode,pi: in.mrope_drift,0.700,0.700,0.700,1,3330.620,1,1,131,131
102,decode,pi: in.logits_indices,39.220,39.220,36.780,2,3330.620,1,1,131,131
102,decode,pi: prepare_inputs,96.030,982.190,982.190,1,3330.620,1,1,131,131
102,decode,pi: cascade_attn_prefix_lens,10.650,10.650,10.650,1,3330.620,1,1,131,131
102,decode,pi: batch_exec_and_padding,48.710,48.710,48.710,1,3330.620,1,1,131,131
102,decode,pi: ubatch_slices,1.520,1.520,1.520,1,3330.620,1,1,131,131
102,decode,pi: pad_query_start_loc,29.920,29.920,29.920,1,3330.620,1,1,131,131
102,decode,pi: am.max_seq_len,18.680,18.680,18.680,1,3330.620,1,1,131,131
102,decode,pi: am.cm_base_pre,75.310,75.310,75.310,1,3330.620,1,1,131,131
102,decode,pi: am.build.split_decodes,9.370,9.370,9.370,1,3330.620,1,1,131,131
102,decode,pi: am.build.seq_lens_select,8.880,8.880,8.880,1,3330.620,1,1,131,131
102,decode,pi: am.build.attn_mask,1.210,1.210,1.210,1,3330.620,1,1,131,131
102,decode,pi: am.build.qsl_h2d,33.780,33.780,33.780,1,3330.620,1,1,131,131
102,decode,pi: am.build.tolist,9.680,9.680,9.680,1,3330.620,1,1,131,131
102,decode,pi: am.build.fia_pad,1.790,1.790,1.790,1,3330.620,1,1,131,131
102,decode,pi: am.build.backend_metadata,15.000,15.000,15.000,1,3330.620,1,1,131,131
102,decode,pi: am.build.metadata_ctor,6.530,6.530,6.530,1,3330.620,1,1,131,131
102,decode,pi: am.builder_build@AscendAttentionMetadataBuilder,35.680,121.920,121.920,1,3330.620,1,1,131,131
102,decode,pi: am.builder_build,13.240,1265.650,399.600,4,3330.620,1,1,131,131
102,decode,pi: am.layer_assign,6.820,6.820,1.840,4,3330.620,1,1,131,131
102,decode,pi: am.group_loop,89.060,1361.530,423.420,4,3330.620,1,1,131,131
102,decode,pi: gdnb.treat_single_token,172.170,172.170,60.200,3,3330.620,1,1,131,131
102,decode,pi: gdnb.compute_num_computed_tokens,134.800,134.800,45.640,3,3330.620,1,1,131,131
102,decode,pi: gdnb.mamba_block_table,5.310,5.310,2.060,3,3330.620,1,1,131,131
102,decode,pi: gdnb.split_decodes,122.450,122.450,41.960,3,3330.620,1,1,131,131
102,decode,pi: gdnb.pad_graph_inputs,288.190,288.190,102.780,3,3330.620,1,1,131,131
102,decode,pi: gdnb.ctor,21.890,21.890,8.150,3,3330.620,1,1,131,131
102,decode,pi: gdnb.attach_prefill,2.990,2.990,1.180,3,3330.620,1,1,131,131
102,decode,pi: gdnb.attach_spec,2.460,2.460,0.900,3,3330.620,1,1,131,131
102,decode,pi: gdnb.build_actual_seq_lengths,166.570,166.570,56.460,3,3330.620,1,1,131,131
102,decode,pi: gdnb.attach_decode,40.040,206.610,70.430,3,3330.620,1,1,131,131
102,decode,pi: am.builder_build@AscendGDNAttentionMetadataBuilder,173.620,1130.490,396.730,3,3330.620,1,1,131,131
102,decode,pi: build_attention_metadata,281.860,1737.380,1737.380,1,3330.620,1,1,131,131
102,decode,pi: sanitize_placeholder_ids,1.140,1.140,1.140,1,3330.620,1,1,131,131
102,decode,pi: sync_input_prep,100.620,3071.580,3071.580,1,3330.620,1,1,131,131
102,decode,pi: TOTAL,3330.620,3330.620,3330.620,1,3330.620,1,1,131,131
103,decode,pi: update_states,98.830,98.830,98.830,1,3328.790,1,1,131,131
103,decode,pi: tokens_list,1.020,1.020,1.020,1,3328.790,1,1,131,131
103,decode,pi: phase_classify,52.950,52.950,52.950,1,3328.790,1,1,131,131
103,decode,pi: in.block_table_commit,86.020,86.020,86.020,1,3328.790,1,1,131,131
103,decode,pi: in.req_indices,9.300,9.300,9.300,1,3328.790,1,1,131,131
103,decode,pi: in.attn_state,26.870,26.870,26.870,1,3328.790,1,1,131,131
103,decode,pi: in.positions,24.820,24.820,24.820,1,3328.790,1,1,131,131
103,decode,pi: in.prev_positions,30.490,30.490,30.490,1,3328.790,1,1,131,131
103,decode,pi: in.token_indices_select,24.780,24.780,24.780,1,3328.790,1,1,131,131
103,decode,pi: in.query_start_loc,26.830,26.830,26.830,1,3328.790,1,1,131,131
103,decode,pi: in.optimistic_seq_lens,49.740,49.740,49.740,1,3328.790,1,1,131,131
103,decode,pi: in.prepare_input_ids,67.090,67.090,67.090,1,3328.790,1,1,131,131
103,decode,pi: in.mrope_positions,39.210,39.210,39.210,1,3328.790,1,1,131,131
103,decode,pi: in.discard_mask,59.330,59.330,59.330,1,3328.790,1,1,131,131
103,decode,pi: in.num_accepted_tokens,14.650,14.650,14.650,1,3328.790,1,1,131,131
103,decode,pi: in.num_computed_tokens,18.170,18.170,18.170,1,3328.790,1,1,131,131
103,decode,pi: in.tokens_to_gpu,64.140,64.140,64.140,1,3328.790,1,1,131,131
103,decode,pi: in.positions_assembly,113.320,113.320,113.320,1,3328.790,1,1,131,131
103,decode,pi: in.seq_lens,59.610,59.610,59.610,1,3328.790,1,1,131,131
103,decode,pi: in.slot_mapping,136.570,136.570,136.570,1,3328.790,1,1,131,131
103,decode,pi: in.mrope_drift,0.720,0.720,0.720,1,3328.790,1,1,131,131
103,decode,pi: in.logits_indices,39.780,39.780,37.070,2,3328.790,1,1,131,131
103,decode,pi: prepare_inputs,94.160,985.600,985.600,1,3328.790,1,1,131,131
103,decode,pi: cascade_attn_prefix_lens,11.030,11.030,11.030,1,3328.790,1,1,131,131
103,decode,pi: batch_exec_and_padding,49.130,49.130,49.130,1,3328.790,1,1,131,131
103,decode,pi: ubatch_slices,1.480,1.480,1.480,1,3328.790,1,1,131,131
103,decode,pi: pad_query_start_loc,31.270,31.270,31.270,1,3328.790,1,1,131,131
103,decode,pi: am.max_seq_len,18.820,18.820,18.820,1,3328.790,1,1,131,131
103,decode,pi: am.cm_base_pre,74.350,74.350,74.350,1,3328.790,1,1,131,131
103,decode,pi: am.build.split_decodes,9.430,9.430,9.430,1,3328.790,1,1,131,131
103,decode,pi: am.build.seq_lens_select,8.980,8.980,8.980,1,3328.790,1,1,131,131
103,decode,pi: am.build.attn_mask,1.280,1.280,1.280,1,3328.790,1,1,131,131
103,decode,pi: am.build.qsl_h2d,32.800,32.800,32.800,1,3328.790,1,1,131,131
103,decode,pi: am.build.tolist,9.800,9.800,9.800,1,3328.790,1,1,131,131
103,decode,pi: am.build.fia_pad,1.750,1.750,1.750,1,3328.790,1,1,131,131
103,decode,pi: am.build.backend_metadata,15.750,15.750,15.750,1,3328.790,1,1,131,131
103,decode,pi: am.build.metadata_ctor,6.150,6.150,6.150,1,3328.790,1,1,131,131
103,decode,pi: am.builder_build@AscendAttentionMetadataBuilder,35.640,121.580,121.580,1,3328.790,1,1,131,131
103,decode,pi: am.builder_build,13.390,1272.200,394.700,4,3328.790,1,1,131,131
103,decode,pi: am.layer_assign,6.880,6.880,1.800,4,3328.790,1,1,131,131
103,decode,pi: am.group_loop,89.990,1369.070,418.860,4,3328.790,1,1,131,131
103,decode,pi: gdnb.treat_single_token,170.890,170.890,59.170,3,3328.790,1,1,131,131
103,decode,pi: gdnb.compute_num_computed_tokens,129.620,129.620,44.540,3,3328.790,1,1,131,131
103,decode,pi: gdnb.mamba_block_table,5.080,5.080,1.930,3,3328.790,1,1,131,131
103,decode,pi: gdnb.split_decodes,122.360,122.360,42.390,3,3328.790,1,1,131,131
103,decode,pi: gdnb.pad_graph_inputs,291.630,291.630,101.940,3,3328.790,1,1,131,131
103,decode,pi: gdnb.ctor,22.300,22.300,8.320,3,3328.790,1,1,131,131
103,decode,pi: gdnb.attach_prefill,2.960,2.960,1.160,3,3328.790,1,1,131,131
103,decode,pi: gdnb.attach_spec,2.510,2.510,0.870,3,3328.790,1,1,131,131
103,decode,pi: gdnb.build_actual_seq_lengths,160.940,160.940,55.600,3,3328.790,1,1,131,131
103,decode,pi: gdnb.attach_decode,54.990,215.930,80.960,3,3328.790,1,1,131,131
103,decode,pi: am.builder_build@AscendGDNAttentionMetadataBuilder,173.950,1137.230,391.570,3,3328.790,1,1,131,131
103,decode,pi: build_attention_metadata,284.120,1746.360,1746.360,1,3328.790,1,1,131,131
103,decode,pi: sanitize_placeholder_ids,1.090,1.090,1.090,1,3328.790,1,1,131,131
103,decode,pi: sync_input_prep,99.180,3077.940,3077.940,1,3328.790,1,1,131,131
103,decode,pi: TOTAL,3328.790,3328.790,3328.790,1,3328.790,1,1,131,131
104,decode,pi: update_states,99.600,99.600,99.600,1,3327.280,1,1,131,131
104,decode,pi: tokens_list,1.100,1.100,1.100,1,3327.280,1,1,131,131
104,decode,pi: phase_classify,53.150,53.150,53.150,1,3327.280,1,1,131,131
104,decode,pi: in.block_table_commit,88.270,88.270,88.270,1,3327.280,1,1,131,131
104,decode,pi: in.req_indices,9.420,9.420,9.420,1,3327.280,1,1,131,131
104,decode,pi: in.attn_state,26.920,26.920,26.920,1,3327.280,1,1,131,131
104,decode,pi: in.positions,25.390,25.390,25.390,1,3327.280,1,1,131,131
104,decode,pi: in.prev_positions,29.440,29.440,29.440,1,3327.280,1,1,131,131
104,decode,pi: in.token_indices_select,24.460,24.460,24.460,1,3327.280,1,1,131,131
104,decode,pi: in.query_start_loc,26.080,26.080,26.080,1,3327.280,1,1,131,131
104,decode,pi: in.optimistic_seq_lens,49.910,49.910,49.910,1,3327.280,1,1,131,131
104,decode,pi: in.prepare_input_ids,66.020,66.020,66.020,1,3327.280,1,1,131,131
104,decode,pi: in.mrope_positions,40.040,40.040,40.040,1,3327.280,1,1,131,131
104,decode,pi: in.discard_mask,59.290,59.290,59.290,1,3327.280,1,1,131,131
104,decode,pi: in.num_accepted_tokens,14.820,14.820,14.820,1,3327.280,1,1,131,131
104,decode,pi: in.num_computed_tokens,17.960,17.960,17.960,1,3327.280,1,1,131,131
104,decode,pi: in.tokens_to_gpu,65.240,65.240,65.240,1,3327.280,1,1,131,131
104,decode,pi: in.positions_assembly,123.900,123.900,123.900,1,3327.280,1,1,131,131
104,decode,pi: in.seq_lens,59.210,59.210,59.210,1,3327.280,1,1,131,131
104,decode,pi: in.slot_mapping,137.810,137.810,137.810,1,3327.280,1,1,131,131
104,decode,pi: in.mrope_drift,0.730,0.730,0.730,1,3327.280,1,1,131,131
104,decode,pi: in.logits_indices,40.140,40.140,37.600,2,3327.280,1,1,131,131
104,decode,pi: prepare_inputs,96.770,1001.820,1001.820,1,3327.280,1,1,131,131
104,decode,pi: cascade_attn_prefix_lens,10.830,10.830,10.830,1,3327.280,1,1,131,131
104,decode,pi: batch_exec_and_padding,49.720,49.720,49.720,1,3327.280,1,1,131,131
104,decode,pi: ubatch_slices,1.540,1.540,1.540,1,3327.280,1,1,131,131
104,decode,pi: pad_query_start_loc,30.200,30.200,30.200,1,3327.280,1,1,131,131
104,decode,pi: am.max_seq_len,18.840,18.840,18.840,1,3327.280,1,1,131,131
104,decode,pi: am.cm_base_pre,75.500,75.500,75.500,1,3327.280,1,1,131,131
104,decode,pi: am.build.split_decodes,9.160,9.160,9.160,1,3327.280,1,1,131,131
104,decode,pi: am.build.seq_lens_select,8.560,8.560,8.560,1,3327.280,1,1,131,131
104,decode,pi: am.build.attn_mask,1.250,1.250,1.250,1,3327.280,1,1,131,131
104,decode,pi: am.build.qsl_h2d,32.270,32.270,32.270,1,3327.280,1,1,131,131
104,decode,pi: am.build.tolist,9.860,9.860,9.860,1,3327.280,1,1,131,131
104,decode,pi: am.build.fia_pad,1.730,1.730,1.730,1,3327.280,1,1,131,131
104,decode,pi: am.build.backend_metadata,15.370,15.370,15.370,1,3327.280,1,1,131,131
104,decode,pi: am.build.metadata_ctor,6.540,6.540,6.540,1,3327.280,1,1,131,131
104,decode,pi: am.builder_build@AscendAttentionMetadataBuilder,36.050,120.790,120.790,1,3327.280,1,1,131,131
104,decode,pi: am.builder_build,13.930,1250.330,395.060,4,3327.280,1,1,131,131
104,decode,pi: am.layer_assign,6.770,6.770,1.870,4,3327.280,1,1,131,131
104,decode,pi: am.group_loop,90.310,1347.410,419.270,4,3327.280,1,1,131,131
104,decode,pi: gdnb.treat_single_token,171.070,171.070,59.510,3,3327.280,1,1,131,131
104,decode,pi: gdnb.compute_num_computed_tokens,125.260,125.260,42.740,3,3327.280,1,1,131,131
104,decode,pi: gdnb.mamba_block_table,5.120,5.120,1.760,3,3327.280,1,1,131,131
104,decode,pi: gdnb.split_decodes,120.780,120.780,41.580,3,3327.280,1,1,131,131
104,decode,pi: gdnb.pad_graph_inputs,288.820,288.820,103.150,3,3327.280,1,1,131,131
104,decode,pi: gdnb.ctor,22.030,22.030,8.380,3,3327.280,1,1,131,131
104,decode,pi: gdnb.attach_prefill,2.970,2.970,1.130,3,3327.280,1,1,131,131
104,decode,pi: gdnb.attach_spec,2.510,2.510,0.940,3,3327.280,1,1,131,131
104,decode,pi: gdnb.build_actual_seq_lengths,163.600,163.600,56.790,3,3327.280,1,1,131,131
104,decode,pi: gdnb.attach_decode,40.360,203.960,70.630,3,3327.280,1,1,131,131
104,decode,pi: am.builder_build@AscendGDNAttentionMetadataBuilder,173.090,1115.610,391.840,3,3327.280,1,1,131,131
104,decode,pi: build_attention_metadata,280.560,1722.310,1722.310,1,3327.280,1,1,131,131
104,decode,pi: sanitize_placeholder_ids,1.100,1.100,1.100,1,3327.280,1,1,131,131
104,decode,pi: sync_input_prep,100.840,3072.210,3072.210,1,3327.280,1,1,131,131
104,decode,pi: TOTAL,3327.280,3327.280,3327.280,1,3327.280,1,1,131,131
105,decode,pi: update_states,99.710,99.710,99.710,1,3336.220,1,1,131,131
105,decode,pi: tokens_list,0.970,0.970,0.970,1,3336.220,1,1,131,131
105,decode,pi: phase_classify,54.090,54.090,54.090,1,3336.220,1,1,131,131
105,decode,pi: in.block_table_commit,87.660,87.660,87.660,1,3336.220,1,1,131,131
105,decode,pi: in.req_indices,9.330,9.330,9.330,1,3336.220,1,1,131,131
105,decode,pi: in.attn_state,26.730,26.730,26.730,1,3336.220,1,1,131,131
105,decode,pi: in.positions,25.590,25.590,25.590,1,3336.220,1,1,131,131
105,decode,pi: in.prev_positions,30.220,30.220,30.220,1,3336.220,1,1,131,131
105,decode,pi: in.token_indices_select,24.530,24.530,24.530,1,3336.220,1,1,131,131
105,decode,pi: in.query_start_loc,27.580,27.580,27.580,1,3336.220,1,1,131,131
105,decode,pi: in.optimistic_seq_lens,49.210,49.210,49.210,1,3336.220,1,1,131,131
105,decode,pi: in.prepare_input_ids,66.240,66.240,66.240,1,3336.220,1,1,131,131
105,decode,pi: in.mrope_positions,39.020,39.020,39.020,1,3336.220,1,1,131,131
105,decode,pi: in.discard_mask,58.380,58.380,58.380,1,3336.220,1,1,131,131
105,decode,pi: in.num_accepted_tokens,15.850,15.850,15.850,1,3336.220,1,1,131,131
105,decode,pi: in.num_computed_tokens,18.390,18.390,18.390,1,3336.220,1,1,131,131
105,decode,pi: in.tokens_to_gpu,63.320,63.320,63.320,1,3336.220,1,1,131,131
105,decode,pi: in.positions_assembly,111.040,111.040,111.040,1,3336.220,1,1,131,131
105,decode,pi: in.seq_lens,56.220,56.220,56.220,1,3336.220,1,1,131,131
105,decode,pi: in.slot_mapping,136.310,136.310,136.310,1,3336.220,1,1,131,131
105,decode,pi: in.mrope_drift,0.700,0.700,0.700,1,3336.220,1,1,131,131
105,decode,pi: in.logits_indices,39.620,39.620,36.770,2,3336.220,1,1,131,131
105,decode,pi: prepare_inputs,95.320,981.260,981.260,1,3336.220,1,1,131,131
105,decode,pi: cascade_attn_prefix_lens,11.070,11.070,11.070,1,3336.220,1,1,131,131
105,decode,pi: batch_exec_and_padding,49.580,49.580,49.580,1,3336.220,1,1,131,131
105,decode,pi: ubatch_slices,1.480,1.480,1.480,1,3336.220,1,1,131,131
105,decode,pi: pad_query_start_loc,29.760,29.760,29.760,1,3336.220,1,1,131,131
105,decode,pi: am.max_seq_len,18.630,18.630,18.630,1,3336.220,1,1,131,131
105,decode,pi: am.cm_base_pre,74.680,74.680,74.680,1,3336.220,1,1,131,131
105,decode,pi: am.build.split_decodes,9.490,9.490,9.490,1,3336.220,1,1,131,131
105,decode,pi: am.build.seq_lens_select,8.510,8.510,8.510,1,3336.220,1,1,131,131
105,decode,pi: am.build.attn_mask,1.180,1.180,1.180,1,3336.220,1,1,131,131
105,decode,pi: am.build.qsl_h2d,32.580,32.580,32.580,1,3336.220,1,1,131,131
105,decode,pi: am.build.tolist,9.820,9.820,9.820,1,3336.220,1,1,131,131
105,decode,pi: am.build.fia_pad,1.600,1.600,1.600,1,3336.220,1,1,131,131
105,decode,pi: am.build.backend_metadata,14.900,14.900,14.900,1,3336.220,1,1,131,131
105,decode,pi: am.build.metadata_ctor,6.630,6.630,6.630,1,3336.220,1,1,131,131
105,decode,pi: am.builder_build@AscendAttentionMetadataBuilder,35.780,120.490,120.490,1,3336.220,1,1,131,131
105,decode,pi: am.builder_build,13.370,1263.000,398.830,4,3336.220,1,1,131,131
105,decode,pi: am.layer_assign,7.240,7.240,2.050,4,3336.220,1,1,131,131
105,decode,pi: am.group_loop,90.850,1361.090,424.200,4,3336.220,1,1,131,131
105,decode,pi: gdnb.treat_single_token,171.270,171.270,60.490,3,3336.220,1,1,131,131
105,decode,pi: gdnb.compute_num_computed_tokens,131.050,131.050,45.700,3,3336.220,1,1,131,131
105,decode,pi: gdnb.mamba_block_table,5.390,5.390,2.030,3,3336.220,1,1,131,131
105,decode,pi: gdnb.split_decodes,122.070,122.070,42.250,3,3336.220,1,1,131,131
105,decode,pi: gdnb.pad_graph_inputs,290.260,290.260,102.510,3,3336.220,1,1,131,131
105,decode,pi: gdnb.ctor,22.320,22.320,8.460,3,3336.220,1,1,131,131
105,decode,pi: gdnb.attach_prefill,2.920,2.920,1.140,3,3336.220,1,1,131,131
105,decode,pi: gdnb.attach_spec,2.690,2.690,0.960,3,3336.220,1,1,131,131
105,decode,pi: gdnb.build_actual_seq_lengths,165.860,165.860,55.890,3,3336.220,1,1,131,131
105,decode,pi: gdnb.attach_decode,40.890,206.750,70.040,3,3336.220,1,1,131,131
105,decode,pi: am.builder_build@AscendGDNAttentionMetadataBuilder,174.420,1129.140,395.730,3,3336.220,1,1,131,131
105,decode,pi: build_attention_metadata,280.520,1734.920,1734.920,1,3336.220,1,1,131,131
105,decode,pi: sanitize_placeholder_ids,1.040,1.040,1.040,1,3336.220,1,1,131,131
105,decode,pi: sync_input_prep,101.230,3065.110,3065.110,1,3336.220,1,1,131,131
105,decode,pi: TOTAL,3336.220,3336.220,3336.220,1,3336.220,1,1,131,131
106,decode,pi: update_states,99.340,99.340,99.340,1,3348.410,1,1,131,131
106,decode,pi: tokens_list,1.000,1.000,1.000,1,3348.410,1,1,131,131
106,decode,pi: phase_classify,53.940,53.940,53.940,1,3348.410,1,1,131,131
106,decode,pi: in.block_table_commit,89.300,89.300,89.300,1,3348.410,1,1,131,131
106,decode,pi: in.req_indices,9.370,9.370,9.370,1,3348.410,1,1,131,131
106,decode,pi: in.attn_state,26.650,26.650,26.650,1,3348.410,1,1,131,131
106,decode,pi: in.positions,25.270,25.270,25.270,1,3348.410,1,1,131,131
106,decode,pi: in.prev_positions,31.220,31.220,31.220,1,3348.410,1,1,131,131
106,decode,pi: in.token_indices_select,25.010,25.010,25.010,1,3348.410,1,1,131,131
106,decode,pi: in.query_start_loc,28.930,28.930,28.930,1,3348.410,1,1,131,131
106,decode,pi: in.optimistic_seq_lens,48.230,48.230,48.230,1,3348.410,1,1,131,131
106,decode,pi: in.prepare_input_ids,64.480,64.480,64.480,1,3348.410,1,1,131,131
106,decode,pi: in.mrope_positions,40.530,40.530,40.530,1,3348.410,1,1,131,131
106,decode,pi: in.discard_mask,58.700,58.700,58.700,1,3348.410,1,1,131,131
106,decode,pi: in.num_accepted_tokens,15.110,15.110,15.110,1,3348.410,1,1,131,131
106,decode,pi: in.num_computed_tokens,17.900,17.900,17.900,1,3348.410,1,1,131,131
106,decode,pi: in.tokens_to_gpu,63.300,63.300,63.300,1,3348.410,1,1,131,131
106,decode,pi: in.positions_assembly,110.840,110.840,110.840,1,3348.410,1,1,131,131
106,decode,pi: in.seq_lens,56.040,56.040,56.040,1,3348.410,1,1,131,131
106,decode,pi: in.slot_mapping,138.170,138.170,138.170,1,3348.410,1,1,131,131
106,decode,pi: in.mrope_drift,0.710,0.710,0.710,1,3348.410,1,1,131,131
106,decode,pi: in.logits_indices,40.270,40.270,37.840,2,3348.410,1,1,131,131
106,decode,pi: prepare_inputs,95.320,985.350,985.350,1,3348.410,1,1,131,131
106,decode,pi: cascade_attn_prefix_lens,10.930,10.930,10.930,1,3348.410,1,1,131,131
106,decode,pi: batch_exec_and_padding,49.020,49.020,49.020,1,3348.410,1,1,131,131
106,decode,pi: ubatch_slices,1.530,1.530,1.530,1,3348.410,1,1,131,131
106,decode,pi: pad_query_start_loc,29.110,29.110,29.110,1,3348.410,1,1,131,131
106,decode,pi: am.max_seq_len,18.340,18.340,18.340,1,3348.410,1,1,131,131
106,decode,pi: am.cm_base_pre,77.440,77.440,77.440,1,3348.410,1,1,131,131
106,decode,pi: am.build.split_decodes,9.290,9.290,9.290,1,3348.410,1,1,131,131
106,decode,pi: am.build.seq_lens_select,8.270,8.270,8.270,1,3348.410,1,1,131,131
106,decode,pi: am.build.attn_mask,1.370,1.370,1.370,1,3348.410,1,1,131,131
106,decode,pi: am.build.qsl_h2d,32.640,32.640,32.640,1,3348.410,1,1,131,131
106,decode,pi: am.build.tolist,9.940,9.940,9.940,1,3348.410,1,1,131,131
106,decode,pi: am.build.fia_pad,1.720,1.720,1.720,1,3348.410,1,1,131,131
106,decode,pi: am.build.backend_metadata,15.010,15.010,15.010,1,3348.410,1,1,131,131
106,decode,pi: am.build.metadata_ctor,6.270,6.270,6.270,1,3348.410,1,1,131,131
106,decode,pi: am.builder_build@AscendAttentionMetadataBuilder,35.760,120.270,120.270,1,3348.410,1,1,131,131
106,decode,pi: am.builder_build,13.180,1269.070,402.650,4,3348.410,1,1,131,131
106,decode,pi: am.layer_assign,6.920,6.920,1.890,4,3348.410,1,1,131,131
106,decode,pi: am.group_loop,90.420,1366.410,427.650,4,3348.410,1,1,131,131
106,decode,pi: gdnb.treat_single_token,173.880,173.880,61.870,3,3348.410,1,1,131,131
106,decode,pi: gdnb.compute_num_computed_tokens,132.090,132.090,44.290,3,3348.410,1,1,131,131
106,decode,pi: gdnb.mamba_block_table,5.260,5.260,1.800,3,3348.410,1,1,131,131
106,decode,pi: gdnb.split_decodes,125.920,125.920,42.760,3,3348.410,1,1,131,131
106,decode,pi: gdnb.pad_graph_inputs,288.990,288.990,102.200,3,3348.410,1,1,131,131
106,decode,pi: gdnb.ctor,22.480,22.480,8.820,3,3348.410,1,1,131,131
106,decode,pi: gdnb.attach_prefill,2.890,2.890,1.240,3,3348.410,1,1,131,131
106,decode,pi: gdnb.attach_spec,2.630,2.630,0.960,3,3348.410,1,1,131,131
106,decode,pi: gdnb.build_actual_seq_lengths,167.130,167.130,58.640,3,3348.410,1,1,131,131
106,decode,pi: gdnb.attach_decode,40.320,207.450,72.600,3,3348.410,1,1,131,131
106,decode,pi: am.builder_build@AscendGDNAttentionMetadataBuilder,174.030,1135.620,399.640,3,3348.410,1,1,131,131
106,decode,pi: build_attention_metadata,301.090,1763.280,1763.280,1,3348.410,1,1,131,131
106,decode,pi: sanitize_placeholder_ids,1.070,1.070,1.070,1,3348.410,1,1,131,131
106,decode,pi: sync_input_prep,100.190,3094.760,3094.760,1,3348.410,1,1,131,131
106,decode,pi: TOTAL,3348.410,3348.410,3348.410,1,3348.410,1,1,131,131
107,decode,pi: update_states,99.910,99.910,99.910,1,3329.180,1,1,131,131
107,decode,pi: tokens_list,1.000,1.000,1.000,1,3329.180,1,1,131,131
107,decode,pi: phase_classify,53.250,53.250,53.250,1,3329.180,1,1,131,131
107,decode,pi: in.block_table_commit,91.780,91.780,91.780,1,3329.180,1,1,131,131
107,decode,pi: in.req_indices,9.740,9.740,9.740,1,3329.180,1,1,131,131
107,decode,pi: in.attn_state,27.260,27.260,27.260,1,3329.180,1,1,131,131
107,decode,pi: in.positions,24.940,24.940,24.940,1,3329.180,1,1,131,131
107,decode,pi: in.prev_positions,30.100,30.100,30.100,1,3329.180,1,1,131,131
107,decode,pi: in.token_indices_select,25.370,25.370,25.370,1,3329.180,1,1,131,131
107,decode,pi: in.query_start_loc,26.680,26.680,26.680,1,3329.180,1,1,131,131
107,decode,pi: in.optimistic_seq_lens,49.570,49.570,49.570,1,3329.180,1,1,131,131
107,decode,pi: in.prepare_input_ids,67.050,67.050,67.050,1,3329.180,1,1,131,131
107,decode,pi: in.mrope_positions,39.150,39.150,39.150,1,3329.180,1,1,131,131
107,decode,pi: in.discard_mask,58.830,58.830,58.830,1,3329.180,1,1,131,131
107,decode,pi: in.num_accepted_tokens,14.560,14.560,14.560,1,3329.180,1,1,131,131
107,decode,pi: in.num_computed_tokens,18.150,18.150,18.150,1,3329.180,1,1,131,131
107,decode,pi: in.tokens_to_gpu,65.320,65.320,65.320,1,3329.180,1,1,131,131
107,decode,pi: in.positions_assembly,110.280,110.280,110.280,1,3329.180,1,1,131,131
107,decode,pi: in.seq_lens,56.110,56.110,56.110,1,3329.180,1,1,131,131
107,decode,pi: in.slot_mapping,137.740,137.740,137.740,1,3329.180,1,1,131,131
107,decode,pi: in.mrope_drift,0.730,0.730,0.730,1,3329.180,1,1,131,131
107,decode,pi: in.logits_indices,39.650,39.650,36.990,2,3329.180,1,1,131,131
107,decode,pi: prepare_inputs,96.470,989.480,989.480,1,3329.180,1,1,131,131
107,decode,pi: cascade_attn_prefix_lens,10.810,10.810,10.810,1,3329.180,1,1,131,131
107,decode,pi: batch_exec_and_padding,48.990,48.990,48.990,1,3329.180,1,1,131,131
107,decode,pi: ubatch_slices,1.530,1.530,1.530,1,3329.180,1,1,131,131
107,decode,pi: pad_query_start_loc,29.740,29.740,29.740,1,3329.180,1,1,131,131
107,decode,pi: am.max_seq_len,19.030,19.030,19.030,1,3329.180,1,1,131,131
107,decode,pi: am.cm_base_pre,77.210,77.210,77.210,1,3329.180,1,1,131,131
107,decode,pi: am.build.split_decodes,9.360,9.360,9.360,1,3329.180,1,1,131,131
107,decode,pi: am.build.seq_lens_select,8.410,8.410,8.410,1,3329.180,1,1,131,131
107,decode,pi: am.build.attn_mask,1.320,1.320,1.320,1,3329.180,1,1,131,131
107,decode,pi: am.build.qsl_h2d,33.400,33.400,33.400,1,3329.180,1,1,131,131
107,decode,pi: am.build.tolist,9.700,9.700,9.700,1,3329.180,1,1,131,131
107,decode,pi: am.build.fia_pad,1.710,1.710,1.710,1,3329.180,1,1,131,131
107,decode,pi: am.build.backend_metadata,15.410,15.410,15.410,1,3329.180,1,1,131,131
107,decode,pi: am.build.metadata_ctor,6.780,6.780,6.780,1,3329.180,1,1,131,131
107,decode,pi: am.builder_build@AscendAttentionMetadataBuilder,36.430,122.520,122.520,1,3329.180,1,1,131,131
107,decode,pi: am.builder_build,13.370,1265.100,397.450,4,3329.180,1,1,131,131
107,decode,pi: am.layer_assign,6.820,6.820,1.910,4,3329.180,1,1,131,131
107,decode,pi: am.group_loop,89.370,1361.290,421.810,4,3329.180,1,1,131,131
107,decode,pi: gdnb.treat_single_token,171.550,171.550,59.440,3,3329.180,1,1,131,131
107,decode,pi: gdnb.compute_num_computed_tokens,131.810,131.810,44.500,3,3329.180,1,1,131,131
107,decode,pi: gdnb.mamba_block_table,5.100,5.100,1.850,3,3329.180,1,1,131,131
107,decode,pi: gdnb.split_decodes,123.180,123.180,42.330,3,3329.180,1,1,131,131
107,decode,pi: gdnb.pad_graph_inputs,290.510,290.510,103.070,3,3329.180,1,1,131,131
107,decode,pi: gdnb.ctor,21.580,21.580,8.330,3,3329.180,1,1,131,131
107,decode,pi: gdnb.attach_prefill,2.620,2.620,1.050,3,3329.180,1,1,131,131
107,decode,pi: gdnb.attach_spec,2.660,2.660,1.000,3,3329.180,1,1,131,131
107,decode,pi: gdnb.build_actual_seq_lengths,165.890,165.890,56.860,3,3329.180,1,1,131,131
107,decode,pi: gdnb.attach_decode,41.380,207.270,71.020,3,3329.180,1,1,131,131
107,decode,pi: am.builder_build@AscendGDNAttentionMetadataBuilder,172.930,1129.210,394.540,3,3329.180,1,1,131,131
107,decode,pi: build_attention_metadata,283.630,1741.160,1741.160,1,3329.180,1,1,131,131
107,decode,pi: sanitize_placeholder_ids,1.090,1.090,1.090,1,3329.180,1,1,131,131
107,decode,pi: sync_input_prep,101.500,3078.460,3078.460,1,3329.180,1,1,131,131
107,decode,pi: TOTAL,3329.180,3329.180,3329.180,1,3329.180,1,1,131,131
108,decode,pi: update_states,98.880,98.880,98.880,1,3353.020,1,1,131,131
108,decode,pi: tokens_list,0.970,0.970,0.970,1,3353.020,1,1,131,131
108,decode,pi: phase_classify,52.950,52.950,52.950,1,3353.020,1,1,131,131
108,decode,pi: in.block_table_commit,85.660,85.660,85.660,1,3353.020,1,1,131,131
108,decode,pi: in.req_indices,9.470,9.470,9.470,1,3353.020,1,1,131,131
108,decode,pi: in.attn_state,26.980,26.980,26.980,1,3353.020,1,1,131,131
108,decode,pi: in.positions,25.760,25.760,25.760,1,3353.020,1,1,131,131
108,decode,pi: in.prev_positions,30.090,30.090,30.090,1,3353.020,1,1,131,131
108,decode,pi: in.token_indices_select,24.950,24.950,24.950,1,3353.020,1,1,131,131
108,decode,pi: in.query_start_loc,27.290,27.290,27.290,1,3353.020,1,1,131,131
108,decode,pi: in.optimistic_seq_lens,48.630,48.630,48.630,1,3353.020,1,1,131,131
108,decode,pi: in.prepare_input_ids,65.910,65.910,65.910,1,3353.020,1,1,131,131
108,decode,pi: in.mrope_positions,39.330,39.330,39.330,1,3353.020,1,1,131,131
108,decode,pi: in.discard_mask,58.740,58.740,58.740,1,3353.020,1,1,131,131
108,decode,pi: in.num_accepted_tokens,14.960,14.960,14.960,1,3353.020,1,1,131,131
108,decode,pi: in.num_computed_tokens,18.070,18.070,18.070,1,3353.020,1,1,131,131
108,decode,pi: in.tokens_to_gpu,63.920,63.920,63.920,1,3353.020,1,1,131,131
108,decode,pi: in.positions_assembly,112.920,112.920,112.920,1,3353.020,1,1,131,131
108,decode,pi: in.seq_lens,58.340,58.340,58.340,1,3353.020,1,1,131,131
108,decode,pi: in.slot_mapping,137.370,137.370,137.370,1,3353.020,1,1,131,131
108,decode,pi: in.mrope_drift,0.820,0.820,0.820,1,3353.020,1,1,131,131
108,decode,pi: in.logits_indices,41.620,41.620,39.000,2,3353.020,1,1,131,131
108,decode,pi: prepare_inputs,97.860,988.690,988.690,1,3353.020,1,1,131,131
108,decode,pi: cascade_attn_prefix_lens,11.070,11.070,11.070,1,3353.020,1,1,131,131
108,decode,pi: batch_exec_and_padding,49.160,49.160,49.160,1,3353.020,1,1,131,131
108,decode,pi: ubatch_slices,1.520,1.520,1.520,1,3353.020,1,1,131,131
108,decode,pi: pad_query_start_loc,30.200,30.200,30.200,1,3353.020,1,1,131,131
108,decode,pi: am.max_seq_len,18.750,18.750,18.750,1,3353.020,1,1,131,131
108,decode,pi: am.cm_base_pre,76.740,76.740,76.740,1,3353.020,1,1,131,131
108,decode,pi: am.build.split_decodes,9.470,9.470,9.470,1,3353.020,1,1,131,131
108,decode,pi: am.build.seq_lens_select,8.660,8.660,8.660,1,3353.020,1,1,131,131
108,decode,pi: am.build.attn_mask,1.400,1.400,1.400,1,3353.020,1,1,131,131
108,decode,pi: am.build.qsl_h2d,33.720,33.720,33.720,1,3353.020,1,1,131,131
108,decode,pi: am.build.tolist,10.030,10.030,10.030,1,3353.020,1,1,131,131
108,decode,pi: am.build.fia_pad,1.800,1.800,1.800,1,3353.020,1,1,131,131
108,decode,pi: am.build.backend_metadata,15.060,15.060,15.060,1,3353.020,1,1,131,131
108,decode,pi: am.build.metadata_ctor,6.580,6.580,6.580,1,3353.020,1,1,131,131
108,decode,pi: am.builder_build@AscendAttentionMetadataBuilder,37.340,124.060,124.060,1,3353.020,1,1,131,131
108,decode,pi: am.builder_build,13.740,1285.160,400.180,4,3353.020,1,1,131,131
108,decode,pi: am.layer_assign,6.910,6.910,1.890,4,3353.020,1,1,131,131
108,decode,pi: am.group_loop,90.870,1382.940,425.010,4,3353.020,1,1,131,131
108,decode,pi: gdnb.treat_single_token,173.180,173.180,59.960,3,3353.020,1,1,131,131
108,decode,pi: gdnb.compute_num_computed_tokens,129.720,129.720,45.120,3,3353.020,1,1,131,131
108,decode,pi: gdnb.mamba_block_table,5.450,5.450,1.950,3,3353.020,1,1,131,131
108,decode,pi: gdnb.split_decodes,134.120,134.120,54.390,3,3353.020,1,1,131,131
108,decode,pi: gdnb.pad_graph_inputs,297.040,297.040,105.440,3,3353.020,1,1,131,131
108,decode,pi: gdnb.ctor,22.380,22.380,8.490,3,3353.020,1,1,131,131
108,decode,pi: gdnb.attach_prefill,2.780,2.780,1.160,3,3353.020,1,1,131,131
108,decode,pi: gdnb.attach_spec,2.400,2.400,0.850,3,3353.020,1,1,131,131
108,decode,pi: gdnb.build_actual_seq_lengths,163.350,163.350,56.050,3,3353.020,1,1,131,131
108,decode,pi: gdnb.attach_decode,40.380,203.730,70.060,3,3353.020,1,1,131,131
108,decode,pi: am.builder_build@AscendGDNAttentionMetadataBuilder,176.560,1147.360,397.210,3,3353.020,1,1,131,131
108,decode,pi: build_attention_metadata,284.220,1762.650,1762.650,1,3353.020,1,1,131,131
108,decode,pi: sanitize_placeholder_ids,0.950,0.950,0.950,1,3353.020,1,1,131,131
108,decode,pi: sync_input_prep,102.510,3099.550,3099.550,1,3353.020,1,1,131,131
108,decode,pi: TOTAL,3353.020,3353.020,3353.020,1,3353.020,1,1,131,131
109,decode,pi: update_states,98.900,98.900,98.900,1,3333.450,1,1,131,131
109,decode,pi: tokens_list,0.970,0.970,0.970,1,3333.450,1,1,131,131
109,decode,pi: phase_classify,52.640,52.640,52.640,1,3333.450,1,1,131,131
109,decode,pi: in.block_table_commit,85.510,85.510,85.510,1,3333.450,1,1,131,131
109,decode,pi: in.req_indices,9.450,9.450,9.450,1,3333.450,1,1,131,131
109,decode,pi: in.attn_state,26.710,26.710,26.710,1,3333.450,1,1,131,131
109,decode,pi: in.positions,25.030,25.030,25.030,1,3333.450,1,1,131,131
109,decode,pi: in.prev_positions,31.210,31.210,31.210,1,3333.450,1,1,131,131
109,decode,pi: in.token_indices_select,24.480,24.480,24.480,1,3333.450,1,1,131,131
109,decode,pi: in.query_start_loc,26.290,26.290,26.290,1,3333.450,1,1,131,131
109,decode,pi: in.optimistic_seq_lens,50.010,50.010,50.010,1,3333.450,1,1,131,131
109,decode,pi: in.prepare_input_ids,67.300,67.300,67.300,1,3333.450,1,1,131,131
109,decode,pi: in.mrope_positions,40.010,40.010,40.010,1,3333.450,1,1,131,131
109,decode,pi: in.discard_mask,59.220,59.220,59.220,1,3333.450,1,1,131,131
109,decode,pi: in.num_accepted_tokens,14.180,14.180,14.180,1,3333.450,1,1,131,131
109,decode,pi: in.num_computed_tokens,30.860,30.860,30.860,1,3333.450,1,1,131,131
109,decode,pi: in.tokens_to_gpu,63.940,63.940,63.940,1,3333.450,1,1,131,131
109,decode,pi: in.positions_assembly,114.500,114.500,114.500,1,3333.450,1,1,131,131
109,decode,pi: in.seq_lens,56.410,56.410,56.410,1,3333.450,1,1,131,131
109,decode,pi: in.slot_mapping,136.800,136.800,136.800,1,3333.450,1,1,131,131
109,decode,pi: in.mrope_drift,0.730,0.730,0.730,1,3333.450,1,1,131,131
109,decode,pi: in.logits_indices,39.470,39.470,36.710,2,3333.450,1,1,131,131
109,decode,pi: prepare_inputs,95.680,997.790,997.790,1,3333.450,1,1,131,131
109,decode,pi: cascade_attn_prefix_lens,11.090,11.090,11.090,1,3333.450,1,1,131,131
109,decode,pi: batch_exec_and_padding,49.810,49.810,49.810,1,3333.450,1,1,131,131
109,decode,pi: ubatch_slices,1.530,1.530,1.530,1,3333.450,1,1,131,131
109,decode,pi: pad_query_start_loc,29.630,29.630,29.630,1,3333.450,1,1,131,131
109,decode,pi: am.max_seq_len,18.540,18.540,18.540,1,3333.450,1,1,131,131
109,decode,pi: am.cm_base_pre,75.300,75.300,75.300,1,3333.450,1,1,131,131
109,decode,pi: am.build.split_decodes,9.020,9.020,9.020,1,3333.450,1,1,131,131
109,decode,pi: am.build.seq_lens_select,8.400,8.400,8.400,1,3333.450,1,1,131,131
109,decode,pi: am.build.attn_mask,1.220,1.220,1.220,1,3333.450,1,1,131,131
109,decode,pi: am.build.qsl_h2d,34.370,34.370,34.370,1,3333.450,1,1,131,131
109,decode,pi: am.build.tolist,10.340,10.340,10.340,1,3333.450,1,1,131,131
109,decode,pi: am.build.fia_pad,1.780,1.780,1.780,1,3333.450,1,1,131,131
109,decode,pi: am.build.backend_metadata,15.550,15.550,15.550,1,3333.450,1,1,131,131
109,decode,pi: am.build.metadata_ctor,6.670,6.670,6.670,1,3333.450,1,1,131,131
109,decode,pi: am.builder_build@AscendAttentionMetadataBuilder,36.950,124.300,124.300,1,3333.450,1,1,131,131
109,decode,pi: am.builder_build,13.260,1261.840,392.560,4,3333.450,1,1,131,131
109,decode,pi: am.layer_assign,7.150,7.150,2.120,4,3333.450,1,1,131,131
109,decode,pi: am.group_loop,90.430,1359.420,417.500,4,3333.450,1,1,131,131
109,decode,pi: gdnb.treat_single_token,170.390,170.390,59.550,3,3333.450,1,1,131,131
109,decode,pi: gdnb.compute_num_computed_tokens,131.190,131.190,44.310,3,3333.450,1,1,131,131
109,decode,pi: gdnb.mamba_block_table,5.010,5.010,1.800,3,3333.450,1,1,131,131
109,decode,pi: gdnb.split_decodes,122.080,122.080,42.050,3,3333.450,1,1,131,131
109,decode,pi: gdnb.pad_graph_inputs,288.310,288.310,100.790,3,3333.450,1,1,131,131
109,decode,pi: gdnb.ctor,22.420,22.420,8.600,3,3333.450,1,1,131,131
109,decode,pi: gdnb.attach_prefill,2.710,2.710,1.080,3,3333.450,1,1,131,131
109,decode,pi: gdnb.attach_spec,2.540,2.540,0.980,3,3333.450,1,1,131,131
109,decode,pi: gdnb.build_actual_seq_lengths,164.690,164.690,56.130,3,3333.450,1,1,131,131
109,decode,pi: gdnb.attach_decode,40.590,205.280,69.950,3,3333.450,1,1,131,131
109,decode,pi: am.builder_build@AscendGDNAttentionMetadataBuilder,174.350,1124.280,389.450,3,3333.450,1,1,131,131
109,decode,pi: build_attention_metadata,283.700,1736.960,1736.960,1,3333.450,1,1,131,131
109,decode,pi: sanitize_placeholder_ids,0.970,0.970,0.970,1,3333.450,1,1,131,131
109,decode,pi: sync_input_prep,100.620,3080.910,3080.910,1,3333.450,1,1,131,131
109,decode,pi: TOTAL,3333.450,3333.450,3333.450,1,3333.450,1,1,131,131
110,decode,pi: update_states,99.800,99.800,99.800,1,3326.630,1,1,131,131
110,decode,pi: tokens_list,0.940,0.940,0.940,1,3326.630,1,1,131,131
110,decode,pi: phase_classify,53.700,53.700,53.700,1,3326.630,1,1,131,131
110,decode,pi: in.block_table_commit,88.440,88.440,88.440,1,3326.630,1,1,131,131
110,decode,pi: in.req_indices,9.740,9.740,9.740,1,3326.630,1,1,131,131
110,decode,pi: in.attn_state,26.870,26.870,26.870,1,3326.630,1,1,131,131
110,decode,pi: in.positions,25.350,25.350,25.350,1,3326.630,1,1,131,131
110,decode,pi: in.prev_positions,30.040,30.040,30.040,1,3326.630,1,1,131,131
110,decode,pi: in.token_indices_select,24.900,24.900,24.900,1,3326.630,1,1,131,131
110,decode,pi: in.query_start_loc,27.040,27.040,27.040,1,3326.630,1,1,131,131
110,decode,pi: in.optimistic_seq_lens,49.280,49.280,49.280,1,3326.630,1,1,131,131
110,decode,pi: in.prepare_input_ids,66.430,66.430,66.430,1,3326.630,1,1,131,131
110,decode,pi: in.mrope_positions,40.190,40.190,40.190,1,3326.630,1,1,131,131
110,decode,pi: in.discard_mask,59.090,59.090,59.090,1,3326.630,1,1,131,131
110,decode,pi: in.num_accepted_tokens,15.770,15.770,15.770,1,3326.630,1,1,131,131
110,decode,pi: in.num_computed_tokens,17.570,17.570,17.570,1,3326.630,1,1,131,131
110,decode,pi: in.tokens_to_gpu,59.650,59.650,59.650,1,3326.630,1,1,131,131
110,decode,pi: in.positions_assembly,108.220,108.220,108.220,1,3326.630,1,1,131,131
110,decode,pi: in.seq_lens,57.010,57.010,57.010,1,3326.630,1,1,131,131
110,decode,pi: in.slot_mapping,135.960,135.960,135.960,1,3326.630,1,1,131,131
110,decode,pi: in.mrope_drift,0.690,0.690,0.690,1,3326.630,1,1,131,131
110,decode,pi: in.logits_indices,38.850,38.850,36.370,2,3326.630,1,1,131,131
110,decode,pi: prepare_inputs,95.930,977.020,977.020,1,3326.630,1,1,131,131
110,decode,pi: cascade_attn_prefix_lens,11.060,11.060,11.060,1,3326.630,1,1,131,131
110,decode,pi: batch_exec_and_padding,48.760,48.760,48.760,1,3326.630,1,1,131,131
110,decode,pi: ubatch_slices,1.470,1.470,1.470,1,3326.630,1,1,131,131
110,decode,pi: pad_query_start_loc,29.490,29.490,29.490,1,3326.630,1,1,131,131
110,decode,pi: am.max_seq_len,18.660,18.660,18.660,1,3326.630,1,1,131,131
110,decode,pi: am.cm_base_pre,74.240,74.240,74.240,1,3326.630,1,1,131,131
110,decode,pi: am.build.split_decodes,9.300,9.300,9.300,1,3326.630,1,1,131,131
110,decode,pi: am.build.seq_lens_select,8.680,8.680,8.680,1,3326.630,1,1,131,131
110,decode,pi: am.build.attn_mask,1.280,1.280,1.280,1,3326.630,1,1,131,131
110,decode,pi: am.build.qsl_h2d,33.460,33.460,33.460,1,3326.630,1,1,131,131
110,decode,pi: am.build.tolist,9.950,9.950,9.950,1,3326.630,1,1,131,131
110,decode,pi: am.build.fia_pad,1.810,1.810,1.810,1,3326.630,1,1,131,131
110,decode,pi: am.build.backend_metadata,15.520,15.520,15.520,1,3326.630,1,1,131,131
110,decode,pi: am.build.metadata_ctor,6.280,6.280,6.280,1,3326.630,1,1,131,131
110,decode,pi: am.builder_build@AscendAttentionMetadataBuilder,37.060,123.340,123.340,1,3326.630,1,1,131,131
110,decode,pi: am.builder_build,13.380,1262.010,396.340,4,3326.630,1,1,131,131
110,decode,pi: am.layer_assign,6.680,6.680,1.870,4,3326.630,1,1,131,131
110,decode,pi: am.group_loop,89.360,1358.050,420.750,4,3326.630,1,1,131,131
110,decode,pi: gdnb.treat_single_token,170.830,170.830,60.440,3,3326.630,1,1,131,131
110,decode,pi: gdnb.compute_num_computed_tokens,132.020,132.020,46.020,3,3326.630,1,1,131,131
110,decode,pi: gdnb.mamba_block_table,5.170,5.170,1.880,3,3326.630,1,1,131,131
110,decode,pi: gdnb.split_decodes,121.110,121.110,42.150,3,3326.630,1,1,131,131
110,decode,pi: gdnb.pad_graph_inputs,288.760,288.760,101.480,3,3326.630,1,1,131,131
110,decode,pi: gdnb.ctor,21.940,21.940,8.250,3,3326.630,1,1,131,131
110,decode,pi: gdnb.attach_prefill,2.770,2.770,1.050,3,3326.630,1,1,131,131
110,decode,pi: gdnb.attach_spec,2.570,2.570,0.920,3,3326.630,1,1,131,131
110,decode,pi: gdnb.build_actual_seq_lengths,166.620,166.620,56.260,3,3326.630,1,1,131,131
110,decode,pi: gdnb.attach_decode,39.730,206.350,70.150,3,3326.630,1,1,131,131
110,decode,pi: am.builder_build@AscendGDNAttentionMetadataBuilder,173.770,1125.290,393.370,3,3326.630,1,1,131,131
110,decode,pi: build_attention_metadata,286.260,1737.210,1737.210,1,3326.630,1,1,131,131
110,decode,pi: sanitize_placeholder_ids,1.050,1.050,1.050,1,3326.630,1,1,131,131
110,decode,pi: sync_input_prep,111.950,3072.450,3072.450,1,3326.630,1,1,131,131
110,decode,pi: TOTAL,3326.630,3326.630,3326.630,1,3326.630,1,1,131,131
111,decode,pi: update_states,98.480,98.480,98.480,1,3332.610,1,1,131,131
111,decode,pi: tokens_list,1.010,1.010,1.010,1,3332.610,1,1,131,131
111,decode,pi: phase_classify,52.700,52.700,52.700,1,3332.610,1,1,131,131
111,decode,pi: in.block_table_commit,86.260,86.260,86.260,1,3332.610,1,1,131,131
111,decode,pi: in.req_indices,9.440,9.440,9.440,1,3332.610,1,1,131,131
111,decode,pi: in.attn_state,27.250,27.250,27.250,1,3332.610,1,1,131,131
111,decode,pi: in.positions,25.410,25.410,25.410,1,3332.610,1,1,131,131
111,decode,pi: in.prev_positions,31.390,31.390,31.390,1,3332.610,1,1,131,131
111,decode,pi: in.token_indices_select,25.190,25.190,25.190,1,3332.610,1,1,131,131
111,decode,pi: in.query_start_loc,26.540,26.540,26.540,1,3332.610,1,1,131,131
111,decode,pi: in.optimistic_seq_lens,49.880,49.880,49.880,1,3332.610,1,1,131,131
111,decode,pi: in.prepare_input_ids,66.520,66.520,66.520,1,3332.610,1,1,131,131
111,decode,pi: in.mrope_positions,40.330,40.330,40.330,1,3332.610,1,1,131,131
111,decode,pi: in.discard_mask,58.400,58.400,58.400,1,3332.610,1,1,131,131
111,decode,pi: in.num_accepted_tokens,14.320,14.320,14.320,1,3332.610,1,1,131,131
111,decode,pi: in.num_computed_tokens,18.210,18.210,18.210,1,3332.610,1,1,131,131
111,decode,pi: in.tokens_to_gpu,62.700,62.700,62.700,1,3332.610,1,1,131,131
111,decode,pi: in.positions_assembly,112.930,112.930,112.930,1,3332.610,1,1,131,131
111,decode,pi: in.seq_lens,56.230,56.230,56.230,1,3332.610,1,1,131,131
111,decode,pi: in.slot_mapping,136.080,136.080,136.080,1,3332.610,1,1,131,131
111,decode,pi: in.mrope_drift,0.720,0.720,0.720,1,3332.610,1,1,131,131
111,decode,pi: in.logits_indices,40.500,40.500,37.680,2,3332.610,1,1,131,131
111,decode,pi: prepare_inputs,95.880,984.180,984.180,1,3332.610,1,1,131,131
111,decode,pi: cascade_attn_prefix_lens,11.050,11.050,11.050,1,3332.610,1,1,131,131
111,decode,pi: batch_exec_and_padding,49.240,49.240,49.240,1,3332.610,1,1,131,131
111,decode,pi: ubatch_slices,1.510,1.510,1.510,1,3332.610,1,1,131,131
111,decode,pi: pad_query_start_loc,30.780,30.780,30.780,1,3332.610,1,1,131,131
111,decode,pi: am.max_seq_len,18.440,18.440,18.440,1,3332.610,1,1,131,131
111,decode,pi: am.cm_base_pre,75.570,75.570,75.570,1,3332.610,1,1,131,131
111,decode,pi: am.build.split_decodes,9.680,9.680,9.680,1,3332.610,1,1,131,131
111,decode,pi: am.build.seq_lens_select,9.090,9.090,9.090,1,3332.610,1,1,131,131
111,decode,pi: am.build.attn_mask,1.230,1.230,1.230,1,3332.610,1,1,131,131
111,decode,pi: am.build.qsl_h2d,35.130,35.130,35.130,1,3332.610,1,1,131,131
111,decode,pi: am.build.tolist,9.740,9.740,9.740,1,3332.610,1,1,131,131
111,decode,pi: am.build.fia_pad,1.820,1.820,1.820,1,3332.610,1,1,131,131
111,decode,pi: am.build.backend_metadata,15.790,15.790,15.790,1,3332.610,1,1,131,131
111,decode,pi: am.build.metadata_ctor,6.340,6.340,6.340,1,3332.610,1,1,131,131
111,decode,pi: am.builder_build@AscendAttentionMetadataBuilder,37.340,126.160,126.160,1,3332.610,1,1,131,131
111,decode,pi: am.builder_build,13.650,1260.520,399.540,4,3332.610,1,1,131,131
111,decode,pi: am.layer_assign,6.780,6.780,1.850,4,3332.610,1,1,131,131
111,decode,pi: am.group_loop,100.170,1367.470,423.990,4,3332.610,1,1,131,131
111,decode,pi: gdnb.treat_single_token,170.700,170.700,60.610,3,3332.610,1,1,131,131
111,decode,pi: gdnb.compute_num_computed_tokens,130.780,130.780,45.170,3,3332.610,1,1,131,131
111,decode,pi: gdnb.mamba_block_table,5.120,5.120,2.030,3,3332.610,1,1,131,131
111,decode,pi: gdnb.split_decodes,122.480,122.480,43.820,3,3332.610,1,1,131,131
111,decode,pi: gdnb.pad_graph_inputs,288.960,288.960,102.200,3,3332.610,1,1,131,131
111,decode,pi: gdnb.ctor,21.900,21.900,8.110,3,3332.610,1,1,131,131
111,decode,pi: gdnb.attach_prefill,2.810,2.810,1.140,3,3332.610,1,1,131,131
111,decode,pi: gdnb.attach_spec,2.520,2.520,0.960,3,3332.610,1,1,131,131
111,decode,pi: gdnb.build_actual_seq_lengths,160.990,160.990,55.270,3,3332.610,1,1,131,131
111,decode,pi: gdnb.attach_decode,39.680,200.670,69.190,3,3332.610,1,1,131,131
111,decode,pi: am.builder_build@AscendGDNAttentionMetadataBuilder,174.770,1120.710,396.640,3,3332.610,1,1,131,131
111,decode,pi: build_attention_metadata,286.810,1748.290,1748.290,1,3332.610,1,1,131,131
111,decode,pi: sanitize_placeholder_ids,1.060,1.060,1.060,1,3332.610,1,1,131,131
111,decode,pi: sync_input_prep,101.270,3079.570,3079.570,1,3332.610,1,1,131,131
111,decode,pi: TOTAL,3332.610,3332.610,3332.610,1,3332.610,1,1,131,131
112,decode,pi: update_states,100.710,100.710,100.710,1,3330.880,1,1,131,131
112,decode,pi: tokens_list,0.920,0.920,0.920,1,3330.880,1,1,131,131
112,decode,pi: phase_classify,52.430,52.430,52.430,1,3330.880,1,1,131,131
112,decode,pi: in.block_table_commit,91.470,91.470,91.470,1,3330.880,1,1,131,131
112,decode,pi: in.req_indices,9.590,9.590,9.590,1,3330.880,1,1,131,131
112,decode,pi: in.attn_state,27.530,27.530,27.530,1,3330.880,1,1,131,131
112,decode,pi: in.positions,25.230,25.230,25.230,1,3330.880,1,1,131,131
112,decode,pi: in.prev_positions,31.160,31.160,31.160,1,3330.880,1,1,131,131
112,decode,pi: in.token_indices_select,24.730,24.730,24.730,1,3330.880,1,1,131,131
112,decode,pi: in.query_start_loc,27.350,27.350,27.350,1,3330.880,1,1,131,131
112,decode,pi: in.optimistic_seq_lens,49.110,49.110,49.110,1,3330.880,1,1,131,131
112,decode,pi: in.prepare_input_ids,67.170,67.170,67.170,1,3330.880,1,1,131,131
112,decode,pi: in.mrope_positions,39.680,39.680,39.680,1,3330.880,1,1,131,131
112,decode,pi: in.discard_mask,58.570,58.570,58.570,1,3330.880,1,1,131,131
112,decode,pi: in.num_accepted_tokens,14.760,14.760,14.760,1,3330.880,1,1,131,131
112,decode,pi: in.num_computed_tokens,17.770,17.770,17.770,1,3330.880,1,1,131,131
112,decode,pi: in.tokens_to_gpu,63.180,63.180,63.180,1,3330.880,1,1,131,131
112,decode,pi: in.positions_assembly,111.880,111.880,111.880,1,3330.880,1,1,131,131
112,decode,pi: in.seq_lens,57.340,57.340,57.340,1,3330.880,1,1,131,131
112,decode,pi: in.slot_mapping,136.810,136.810,136.810,1,3330.880,1,1,131,131
112,decode,pi: in.mrope_drift,0.660,0.660,0.660,1,3330.880,1,1,131,131
112,decode,pi: in.logits_indices,39.380,39.380,37.020,2,3330.880,1,1,131,131
112,decode,pi: prepare_inputs,95.350,988.720,988.720,1,3330.880,1,1,131,131
112,decode,pi: cascade_attn_prefix_lens,10.900,10.900,10.900,1,3330.880,1,1,131,131
112,decode,pi: batch_exec_and_padding,49.050,49.050,49.050,1,3330.880,1,1,131,131
112,decode,pi: ubatch_slices,1.540,1.540,1.540,1,3330.880,1,1,131,131
112,decode,pi: pad_query_start_loc,29.290,29.290,29.290,1,3330.880,1,1,131,131
112,decode,pi: am.max_seq_len,18.470,18.470,18.470,1,3330.880,1,1,131,131
112,decode,pi: am.cm_base_pre,76.730,76.730,76.730,1,3330.880,1,1,131,131
112,decode,pi: am.build.split_decodes,9.770,9.770,9.770,1,3330.880,1,1,131,131
112,decode,pi: am.build.seq_lens_select,8.430,8.430,8.430,1,3330.880,1,1,131,131
112,decode,pi: am.build.attn_mask,1.240,1.240,1.240,1,3330.880,1,1,131,131
112,decode,pi: am.build.qsl_h2d,32.060,32.060,32.060,1,3330.880,1,1,131,131
112,decode,pi: am.build.tolist,9.750,9.750,9.750,1,3330.880,1,1,131,131
112,decode,pi: am.build.fia_pad,1.740,1.740,1.740,1,3330.880,1,1,131,131
112,decode,pi: am.build.backend_metadata,15.490,15.490,15.490,1,3330.880,1,1,131,131
112,decode,pi: am.build.metadata_ctor,6.190,6.190,6.190,1,3330.880,1,1,131,131
112,decode,pi: am.builder_build@AscendAttentionMetadataBuilder,36.510,121.180,121.180,1,3330.880,1,1,131,131
112,decode,pi: am.builder_build,13.240,1269.800,395.910,4,3330.880,1,1,131,131
112,decode,pi: am.layer_assign,6.770,6.770,1.920,4,3330.880,1,1,131,131
112,decode,pi: am.group_loop,89.120,1365.690,420.440,4,3330.880,1,1,131,131
112,decode,pi: gdnb.treat_single_token,172.220,172.220,59.810,3,3330.880,1,1,131,131
112,decode,pi: gdnb.compute_num_computed_tokens,134.310,134.310,45.530,3,3330.880,1,1,131,131
112,decode,pi: gdnb.mamba_block_table,5.190,5.190,1.880,3,3330.880,1,1,131,131
112,decode,pi: gdnb.split_decodes,124.190,124.190,42.140,3,3330.880,1,1,131,131
112,decode,pi: gdnb.pad_graph_inputs,291.010,291.010,101.530,3,3330.880,1,1,131,131
112,decode,pi: gdnb.ctor,22.150,22.150,8.600,3,3330.880,1,1,131,131
112,decode,pi: gdnb.attach_prefill,2.920,2.920,1.040,3,3330.880,1,1,131,131
112,decode,pi: gdnb.attach_spec,2.590,2.590,1.000,3,3330.880,1,1,131,131
112,decode,pi: gdnb.build_actual_seq_lengths,166.550,166.550,56.520,3,3330.880,1,1,131,131
112,decode,pi: gdnb.attach_decode,40.690,207.240,69.760,3,3330.880,1,1,131,131
112,decode,pi: am.builder_build@AscendGDNAttentionMetadataBuilder,173.560,1135.380,392.970,3,3330.880,1,1,131,131
112,decode,pi: build_attention_metadata,284.830,1745.720,1745.720,1,3330.880,1,1,131,131
112,decode,pi: sanitize_placeholder_ids,1.040,1.040,1.040,1,3330.880,1,1,131,131
112,decode,pi: sync_input_prep,101.100,3081.420,3081.420,1,3330.880,1,1,131,131
112,decode,pi: TOTAL,3330.880,3330.880,3330.880,1,3330.880,1,1,131,131
113,decode,pi: update_states,98.370,98.370,98.370,1,3323.420,1,1,131,131
113,decode,pi: tokens_list,1.020,1.020,1.020,1,3323.420,1,1,131,131
113,decode,pi: phase_classify,53.220,53.220,53.220,1,3323.420,1,1,131,131
113,decode,pi: in.block_table_commit,85.440,85.440,85.440,1,3323.420,1,1,131,131
113,decode,pi: in.req_indices,9.570,9.570,9.570,1,3323.420,1,1,131,131
113,decode,pi: in.attn_state,26.790,26.790,26.790,1,3323.420,1,1,131,131
113,decode,pi: in.positions,25.240,25.240,25.240,1,3323.420,1,1,131,131
113,decode,pi: in.prev_positions,30.710,30.710,30.710,1,3323.420,1,1,131,131
113,decode,pi: in.token_indices_select,25.020,25.020,25.020,1,3323.420,1,1,131,131
113,decode,pi: in.query_start_loc,26.830,26.830,26.830,1,3323.420,1,1,131,131
113,decode,pi: in.optimistic_seq_lens,49.010,49.010,49.010,1,3323.420,1,1,131,131
113,decode,pi: in.prepare_input_ids,66.810,66.810,66.810,1,3323.420,1,1,131,131
113,decode,pi: in.mrope_positions,41.290,41.290,41.290,1,3323.420,1,1,131,131
113,decode,pi: in.discard_mask,57.960,57.960,57.960,1,3323.420,1,1,131,131
113,decode,pi: in.num_accepted_tokens,14.340,14.340,14.340,1,3323.420,1,1,131,131
113,decode,pi: in.num_computed_tokens,17.950,17.950,17.950,1,3323.420,1,1,131,131
113,decode,pi: in.tokens_to_gpu,64.630,64.630,64.630,1,3323.420,1,1,131,131
113,decode,pi: in.positions_assembly,109.510,109.510,109.510,1,3323.420,1,1,131,131
113,decode,pi: in.seq_lens,55.190,55.190,55.190,1,3323.420,1,1,131,131
113,decode,pi: in.slot_mapping,136.540,136.540,136.540,1,3323.420,1,1,131,131
113,decode,pi: in.mrope_drift,0.750,0.750,0.750,1,3323.420,1,1,131,131
113,decode,pi: in.logits_indices,39.660,39.660,36.860,2,3323.420,1,1,131,131
113,decode,pi: prepare_inputs,96.580,979.820,979.820,1,3323.420,1,1,131,131
113,decode,pi: cascade_attn_prefix_lens,11.100,11.100,11.100,1,3323.420,1,1,131,131
113,decode,pi: batch_exec_and_padding,49.170,49.170,49.170,1,3323.420,1,1,131,131
113,decode,pi: ubatch_slices,1.470,1.470,1.470,1,3323.420,1,1,131,131
113,decode,pi: pad_query_start_loc,29.130,29.130,29.130,1,3323.420,1,1,131,131
113,decode,pi: am.max_seq_len,18.310,18.310,18.310,1,3323.420,1,1,131,131
113,decode,pi: am.cm_base_pre,73.920,73.920,73.920,1,3323.420,1,1,131,131
113,decode,pi: am.build.split_decodes,9.060,9.060,9.060,1,3323.420,1,1,131,131
113,decode,pi: am.build.seq_lens_select,8.580,8.580,8.580,1,3323.420,1,1,131,131
113,decode,pi: am.build.attn_mask,1.220,1.220,1.220,1,3323.420,1,1,131,131
113,decode,pi: am.build.qsl_h2d,32.720,32.720,32.720,1,3323.420,1,1,131,131
113,decode,pi: am.build.tolist,9.610,9.610,9.610,1,3323.420,1,1,131,131
113,decode,pi: am.build.fia_pad,1.840,1.840,1.840,1,3323.420,1,1,131,131
113,decode,pi: am.build.backend_metadata,15.550,15.550,15.550,1,3323.420,1,1,131,131
113,decode,pi: am.build.metadata_ctor,6.470,6.470,6.470,1,3323.420,1,1,131,131
113,decode,pi: am.builder_build@AscendAttentionMetadataBuilder,35.970,121.020,121.020,1,3323.420,1,1,131,131
113,decode,pi: am.builder_build,13.040,1259.940,394.890,4,3323.420,1,1,131,131
113,decode,pi: am.layer_assign,7.060,7.060,2.020,4,3323.420,1,1,131,131
113,decode,pi: am.group_loop,89.910,1356.910,419.180,4,3323.420,1,1,131,131
113,decode,pi: gdnb.treat_single_token,173.040,173.040,59.610,3,3323.420,1,1,131,131
113,decode,pi: gdnb.compute_num_computed_tokens,132.010,132.010,45.990,3,3323.420,1,1,131,131
113,decode,pi: gdnb.mamba_block_table,5.230,5.230,1.970,3,3323.420,1,1,131,131
113,decode,pi: gdnb.split_decodes,122.700,122.700,42.560,3,3323.420,1,1,131,131
113,decode,pi: gdnb.pad_graph_inputs,289.800,289.800,102.500,3,3323.420,1,1,131,131
113,decode,pi: gdnb.ctor,21.880,21.880,8.000,3,3323.420,1,1,131,131
113,decode,pi: gdnb.attach_prefill,2.790,2.790,1.110,3,3323.420,1,1,131,131
113,decode,pi: gdnb.attach_spec,2.510,2.510,0.910,3,3323.420,1,1,131,131
113,decode,pi: gdnb.build_actual_seq_lengths,161.150,161.150,54.860,3,3323.420,1,1,131,131
113,decode,pi: gdnb.attach_decode,39.440,200.590,68.830,3,3323.420,1,1,131,131
113,decode,pi: am.builder_build@AscendGDNAttentionMetadataBuilder,175.330,1125.880,391.930,3,3323.420,1,1,131,131
113,decode,pi: build_attention_metadata,295.310,1744.450,1744.450,1,3323.420,1,1,131,131
113,decode,pi: sanitize_placeholder_ids,1.060,1.060,1.060,1,3323.420,1,1,131,131
113,decode,pi: sync_input_prep,100.840,3069.650,3069.650,1,3323.420,1,1,131,131
113,decode,pi: TOTAL,3323.420,3323.420,3323.420,1,3323.420,1,1,131,131
114,decode,pi: update_states,98.820,98.820,98.820,1,3318.680,1,1,131,131
114,decode,pi: tokens_list,0.990,0.990,0.990,1,3318.680,1,1,131,131
114,decode,pi: phase_classify,52.110,52.110,52.110,1,3318.680,1,1,131,131
114,decode,pi: in.block_table_commit,85.120,85.120,85.120,1,3318.680,1,1,131,131
114,decode,pi: in.req_indices,9.210,9.210,9.210,1,3318.680,1,1,131,131
114,decode,pi: in.attn_state,26.530,26.530,26.530,1,3318.680,1,1,131,131
114,decode,pi: in.positions,25.170,25.170,25.170,1,3318.680,1,1,131,131
114,decode,pi: in.prev_positions,31.160,31.160,31.160,1,3318.680,1,1,131,131
114,decode,pi: in.token_indices_select,24.670,24.670,24.670,1,3318.680,1,1,131,131
114,decode,pi: in.query_start_loc,27.430,27.430,27.430,1,3318.680,1,1,131,131
114,decode,pi: in.optimistic_seq_lens,50.210,50.210,50.210,1,3318.680,1,1,131,131
114,decode,pi: in.prepare_input_ids,91.280,91.280,91.280,1,3318.680,1,1,131,131
114,decode,pi: in.mrope_positions,41.980,41.980,41.980,1,3318.680,1,1,131,131
114,decode,pi: in.discard_mask,60.980,60.980,60.980,1,3318.680,1,1,131,131
114,decode,pi: in.num_accepted_tokens,14.990,14.990,14.990,1,3318.680,1,1,131,131
114,decode,pi: in.num_computed_tokens,18.270,18.270,18.270,1,3318.680,1,1,131,131
114,decode,pi: in.tokens_to_gpu,63.820,63.820,63.820,1,3318.680,1,1,131,131
114,decode,pi: in.positions_assembly,111.510,111.510,111.510,1,3318.680,1,1,131,131
114,decode,pi: in.seq_lens,54.800,54.800,54.800,1,3318.680,1,1,131,131
114,decode,pi: in.slot_mapping,136.750,136.750,136.750,1,3318.680,1,1,131,131
114,decode,pi: in.mrope_drift,0.740,0.740,0.740,1,3318.680,1,1,131,131
114,decode,pi: in.logits_indices,39.690,39.690,37.240,2,3318.680,1,1,131,131
114,decode,pi: prepare_inputs,96.870,1011.180,1011.180,1,3318.680,1,1,131,131
114,decode,pi: cascade_attn_prefix_lens,10.780,10.780,10.780,1,3318.680,1,1,131,131
114,decode,pi: batch_exec_and_padding,50.480,50.480,50.480,1,3318.680,1,1,131,131
114,decode,pi: ubatch_slices,1.430,1.430,1.430,1,3318.680,1,1,131,131
114,decode,pi: pad_query_start_loc,29.190,29.190,29.190,1,3318.680,1,1,131,131
114,decode,pi: am.max_seq_len,19.200,19.200,19.200,1,3318.680,1,1,131,131
114,decode,pi: am.cm_base_pre,73.980,73.980,73.980,1,3318.680,1,1,131,131
114,decode,pi: am.build.split_decodes,9.780,9.780,9.780,1,3318.680,1,1,131,131
114,decode,pi: am.build.seq_lens_select,8.310,8.310,8.310,1,3318.680,1,1,131,131
114,decode,pi: am.build.attn_mask,1.170,1.170,1.170,1,3318.680,1,1,131,131
114,decode,pi: am.build.qsl_h2d,33.040,33.040,33.040,1,3318.680,1,1,131,131
114,decode,pi: am.build.tolist,9.980,9.980,9.980,1,3318.680,1,1,131,131
114,decode,pi: am.build.fia_pad,1.810,1.810,1.810,1,3318.680,1,1,131,131
114,decode,pi: am.build.backend_metadata,15.100,15.100,15.100,1,3318.680,1,1,131,131
114,decode,pi: am.build.metadata_ctor,6.420,6.420,6.420,1,3318.680,1,1,131,131
114,decode,pi: am.builder_build@AscendAttentionMetadataBuilder,36.310,121.920,121.920,1,3318.680,1,1,131,131
114,decode,pi: am.builder_build,13.370,1238.110,388.130,4,3318.680,1,1,131,131
114,decode,pi: am.layer_assign,6.940,6.940,1.870,4,3318.680,1,1,131,131
114,decode,pi: am.group_loop,88.630,1333.680,412.160,4,3318.680,1,1,131,131
114,decode,pi: gdnb.treat_single_token,168.040,168.040,59.160,3,3318.680,1,1,131,131
114,decode,pi: gdnb.compute_num_computed_tokens,128.770,128.770,44.160,3,3318.680,1,1,131,131
114,decode,pi: gdnb.mamba_block_table,5.180,5.180,1.850,3,3318.680,1,1,131,131
114,decode,pi: gdnb.split_decodes,117.960,117.960,41.380,3,3318.680,1,1,131,131
114,decode,pi: gdnb.pad_graph_inputs,284.510,284.510,100.510,3,3318.680,1,1,131,131
114,decode,pi: gdnb.ctor,21.770,21.770,8.280,3,3318.680,1,1,131,131
114,decode,pi: gdnb.attach_prefill,2.710,2.710,1.110,3,3318.680,1,1,131,131
114,decode,pi: gdnb.attach_spec,2.560,2.560,0.880,3,3318.680,1,1,131,131
114,decode,pi: gdnb.build_actual_seq_lengths,158.850,158.850,54.290,3,3318.680,1,1,131,131
114,decode,pi: gdnb.attach_decode,39.840,198.690,67.370,3,3318.680,1,1,131,131
114,decode,pi: am.builder_build@AscendGDNAttentionMetadataBuilder,172.630,1102.820,385.090,3,3318.680,1,1,131,131
114,decode,pi: build_attention_metadata,279.520,1706.380,1706.380,1,3318.680,1,1,131,131
114,decode,pi: sanitize_placeholder_ids,1.020,1.020,1.020,1,3318.680,1,1,131,131
114,decode,pi: sync_input_prep,100.430,3062.810,3062.810,1,3318.680,1,1,131,131
114,decode,pi: TOTAL,3318.680,3318.680,3318.680,1,3318.680,1,1,131,131
115,decode,pi: update_states,98.960,98.960,98.960,1,3306.630,1,1,131,131
115,decode,pi: tokens_list,1.020,1.020,1.020,1,3306.630,1,1,131,131
115,decode,pi: phase_classify,53.460,53.460,53.460,1,3306.630,1,1,131,131
115,decode,pi: in.block_table_commit,89.180,89.180,89.180,1,3306.630,1,1,131,131
115,decode,pi: in.req_indices,9.350,9.350,9.350,1,3306.630,1,1,131,131
115,decode,pi: in.attn_state,27.350,27.350,27.350,1,3306.630,1,1,131,131
115,decode,pi: in.positions,25.040,25.040,25.040,1,3306.630,1,1,131,131
115,decode,pi: in.prev_positions,30.360,30.360,30.360,1,3306.630,1,1,131,131
115,decode,pi: in.token_indices_select,25.020,25.020,25.020,1,3306.630,1,1,131,131
115,decode,pi: in.query_start_loc,27.380,27.380,27.380,1,3306.630,1,1,131,131
115,decode,pi: in.optimistic_seq_lens,49.360,49.360,49.360,1,3306.630,1,1,131,131
115,decode,pi: in.prepare_input_ids,65.580,65.580,65.580,1,3306.630,1,1,131,131
115,decode,pi: in.mrope_positions,39.470,39.470,39.470,1,3306.630,1,1,131,131
115,decode,pi: in.discard_mask,57.980,57.980,57.980,1,3306.630,1,1,131,131
115,decode,pi: in.num_accepted_tokens,15.580,15.580,15.580,1,3306.630,1,1,131,131
115,decode,pi: in.num_computed_tokens,17.970,17.970,17.970,1,3306.630,1,1,131,131
115,decode,pi: in.tokens_to_gpu,64.730,64.730,64.730,1,3306.630,1,1,131,131
115,decode,pi: in.positions_assembly,108.820,108.820,108.820,1,3306.630,1,1,131,131
115,decode,pi: in.seq_lens,56.460,56.460,56.460,1,3306.630,1,1,131,131
115,decode,pi: in.slot_mapping,136.620,136.620,136.620,1,3306.630,1,1,131,131
115,decode,pi: in.mrope_drift,0.710,0.710,0.710,1,3306.630,1,1,131,131
115,decode,pi: in.logits_indices,40.830,40.830,38.050,2,3306.630,1,1,131,131
115,decode,pi: prepare_inputs,95.770,983.560,983.560,1,3306.630,1,1,131,131
115,decode,pi: cascade_attn_prefix_lens,10.890,10.890,10.890,1,3306.630,1,1,131,131
115,decode,pi: batch_exec_and_padding,49.540,49.540,49.540,1,3306.630,1,1,131,131
115,decode,pi: ubatch_slices,1.480,1.480,1.480,1,3306.630,1,1,131,131
115,decode,pi: pad_query_start_loc,29.330,29.330,29.330,1,3306.630,1,1,131,131
115,decode,pi: am.max_seq_len,18.240,18.240,18.240,1,3306.630,1,1,131,131
115,decode,pi: am.cm_base_pre,75.010,75.010,75.010,1,3306.630,1,1,131,131
115,decode,pi: am.build.split_decodes,9.430,9.430,9.430,1,3306.630,1,1,131,131
115,decode,pi: am.build.seq_lens_select,8.790,8.790,8.790,1,3306.630,1,1,131,131
115,decode,pi: am.build.attn_mask,1.210,1.210,1.210,1,3306.630,1,1,131,131
115,decode,pi: am.build.qsl_h2d,32.150,32.150,32.150,1,3306.630,1,1,131,131
115,decode,pi: am.build.tolist,8.920,8.920,8.920,1,3306.630,1,1,131,131
115,decode,pi: am.build.fia_pad,1.800,1.800,1.800,1,3306.630,1,1,131,131
115,decode,pi: am.build.backend_metadata,15.130,15.130,15.130,1,3306.630,1,1,131,131
115,decode,pi: am.build.metadata_ctor,6.320,6.320,6.320,1,3306.630,1,1,131,131
115,decode,pi: am.builder_build@AscendAttentionMetadataBuilder,36.370,120.120,120.120,1,3306.630,1,1,131,131
115,decode,pi: am.builder_build,13.280,1249.360,393.910,4,3306.630,1,1,131,131
115,decode,pi: am.layer_assign,6.910,6.910,1.860,4,3306.630,1,1,131,131
115,decode,pi: am.group_loop,89.340,1345.610,418.540,4,3306.630,1,1,131,131
115,decode,pi: gdnb.treat_single_token,167.700,167.700,57.830,3,3306.630,1,1,131,131
115,decode,pi: gdnb.compute_num_computed_tokens,126.590,126.590,44.640,3,3306.630,1,1,131,131
115,decode,pi: gdnb.mamba_block_table,5.260,5.260,2.000,3,3306.630,1,1,131,131
115,decode,pi: gdnb.split_decodes,118.280,118.280,42.250,3,3306.630,1,1,131,131
115,decode,pi: gdnb.pad_graph_inputs,285.470,285.470,101.530,3,3306.630,1,1,131,131
115,decode,pi: gdnb.ctor,21.770,21.770,8.360,3,3306.630,1,1,131,131
115,decode,pi: gdnb.attach_prefill,2.840,2.840,1.160,3,3306.630,1,1,131,131
115,decode,pi: gdnb.attach_spec,2.500,2.500,0.950,3,3306.630,1,1,131,131
115,decode,pi: gdnb.build_actual_seq_lengths,162.070,162.070,54.980,3,3306.630,1,1,131,131
115,decode,pi: gdnb.attach_decode,50.820,212.890,78.390,3,3306.630,1,1,131,131
115,decode,pi: am.builder_build@AscendGDNAttentionMetadataBuilder,172.660,1115.960,390.970,3,3306.630,1,1,131,131
115,decode,pi: build_attention_metadata,283.360,1722.220,1722.220,1,3306.630,1,1,131,131
115,decode,pi: sanitize_placeholder_ids,1.080,1.080,1.080,1,3306.630,1,1,131,131
115,decode,pi: sync_input_prep,102.410,3053.950,3053.950,1,3306.630,1,1,131,131
115,decode,pi: TOTAL,3306.630,3306.630,3306.630,1,3306.630,1,1,131,131
116,decode,pi: update_states,98.430,98.430,98.430,1,3297.160,1,1,131,131
116,decode,pi: tokens_list,0.920,0.920,0.920,1,3297.160,1,1,131,131
116,decode,pi: phase_classify,52.460,52.460,52.460,1,3297.160,1,1,131,131
116,decode,pi: in.block_table_commit,85.850,85.850,85.850,1,3297.160,1,1,131,131
116,decode,pi: in.req_indices,9.100,9.100,9.100,1,3297.160,1,1,131,131
116,decode,pi: in.attn_state,27.530,27.530,27.530,1,3297.160,1,1,131,131
116,decode,pi: in.positions,24.780,24.780,24.780,1,3297.160,1,1,131,131
116,decode,pi: in.prev_positions,29.960,29.960,29.960,1,3297.160,1,1,131,131
116,decode,pi: in.token_indices_select,24.760,24.760,24.760,1,3297.160,1,1,131,131
116,decode,pi: in.query_start_loc,27.120,27.120,27.120,1,3297.160,1,1,131,131
116,decode,pi: in.optimistic_seq_lens,49.560,49.560,49.560,1,3297.160,1,1,131,131
116,decode,pi: in.prepare_input_ids,65.790,65.790,65.790,1,3297.160,1,1,131,131
116,decode,pi: in.mrope_positions,39.900,39.900,39.900,1,3297.160,1,1,131,131
116,decode,pi: in.discard_mask,58.350,58.350,58.350,1,3297.160,1,1,131,131
116,decode,pi: in.num_accepted_tokens,14.330,14.330,14.330,1,3297.160,1,1,131,131
116,decode,pi: in.num_computed_tokens,18.310,18.310,18.310,1,3297.160,1,1,131,131
116,decode,pi: in.tokens_to_gpu,62.990,62.990,62.990,1,3297.160,1,1,131,131
116,decode,pi: in.positions_assembly,109.340,109.340,109.340,1,3297.160,1,1,131,131
116,decode,pi: in.seq_lens,55.360,55.360,55.360,1,3297.160,1,1,131,131
116,decode,pi: in.slot_mapping,135.150,135.150,135.150,1,3297.160,1,1,131,131
116,decode,pi: in.mrope_drift,0.730,0.730,0.730,1,3297.160,1,1,131,131
116,decode,pi: in.logits_indices,39.750,39.750,37.390,2,3297.160,1,1,131,131
116,decode,pi: prepare_inputs,94.960,973.620,973.620,1,3297.160,1,1,131,131
116,decode,pi: cascade_attn_prefix_lens,11.060,11.060,11.060,1,3297.160,1,1,131,131
116,decode,pi: batch_exec_and_padding,48.750,48.750,48.750,1,3297.160,1,1,131,131
116,decode,pi: ubatch_slices,1.540,1.540,1.540,1,3297.160,1,1,131,131
116,decode,pi: pad_query_start_loc,28.090,28.090,28.090,1,3297.160,1,1,131,131
116,decode,pi: am.max_seq_len,18.740,18.740,18.740,1,3297.160,1,1,131,131
116,decode,pi: am.cm_base_pre,89.720,89.720,89.720,1,3297.160,1,1,131,131
116,decode,pi: am.build.split_decodes,9.560,9.560,9.560,1,3297.160,1,1,131,131
116,decode,pi: am.build.seq_lens_select,8.660,8.660,8.660,1,3297.160,1,1,131,131
116,decode,pi: am.build.attn_mask,1.250,1.250,1.250,1,3297.160,1,1,131,131
116,decode,pi: am.build.qsl_h2d,33.140,33.140,33.140,1,3297.160,1,1,131,131
116,decode,pi: am.build.tolist,9.670,9.670,9.670,1,3297.160,1,1,131,131
116,decode,pi: am.build.fia_pad,1.860,1.860,1.860,1,3297.160,1,1,131,131
116,decode,pi: am.build.backend_metadata,15.270,15.270,15.270,1,3297.160,1,1,131,131
116,decode,pi: am.build.metadata_ctor,6.430,6.430,6.430,1,3297.160,1,1,131,131
116,decode,pi: am.builder_build@AscendAttentionMetadataBuilder,35.800,121.640,121.640,1,3297.160,1,1,131,131
116,decode,pi: am.builder_build,13.190,1241.220,388.060,4,3297.160,1,1,131,131
116,decode,pi: am.layer_assign,6.790,6.790,1.870,4,3297.160,1,1,131,131
116,decode,pi: am.group_loop,88.990,1337.000,411.920,4,3297.160,1,1,131,131
116,decode,pi: gdnb.treat_single_token,168.910,168.910,59.140,3,3297.160,1,1,131,131
116,decode,pi: gdnb.compute_num_computed_tokens,126.110,126.110,44.500,3,3297.160,1,1,131,131
116,decode,pi: gdnb.mamba_block_table,5.260,5.260,1.830,3,3297.160,1,1,131,131
116,decode,pi: gdnb.split_decodes,119.560,119.560,41.320,3,3297.160,1,1,131,131
116,decode,pi: gdnb.pad_graph_inputs,284.470,284.470,100.090,3,3297.160,1,1,131,131
116,decode,pi: gdnb.ctor,21.880,21.880,8.160,3,3297.160,1,1,131,131
116,decode,pi: gdnb.attach_prefill,3.040,3.040,1.170,3,3297.160,1,1,131,131
116,decode,pi: gdnb.attach_spec,2.490,2.490,0.870,3,3297.160,1,1,131,131
116,decode,pi: gdnb.build_actual_seq_lengths,160.900,160.900,54.100,3,3297.160,1,1,131,131
116,decode,pi: gdnb.attach_decode,40.050,200.950,67.910,3,3297.160,1,1,131,131
116,decode,pi: am.builder_build@AscendGDNAttentionMetadataBuilder,173.720,1106.390,385.210,3,3297.160,1,1,131,131
116,decode,pi: build_attention_metadata,281.180,1726.640,1726.640,1,3297.160,1,1,131,131
116,decode,pi: sanitize_placeholder_ids,1.070,1.070,1.070,1,3297.160,1,1,131,131
116,decode,pi: sync_input_prep,100.330,3042.910,3042.910,1,3297.160,1,1,131,131
116,decode,pi: TOTAL,3297.160,3297.160,3297.160,1,3297.160,1,1,131,131
117,decode,pi: update_states,98.380,98.380,98.380,1,3285.360,1,1,131,131
117,decode,pi: tokens_list,1.080,1.080,1.080,1,3285.360,1,1,131,131
117,decode,pi: phase_classify,53.030,53.030,53.030,1,3285.360,1,1,131,131
117,decode,pi: in.block_table_commit,89.250,89.250,89.250,1,3285.360,1,1,131,131
117,decode,pi: in.req_indices,9.550,9.550,9.550,1,3285.360,1,1,131,131
117,decode,pi: in.attn_state,26.750,26.750,26.750,1,3285.360,1,1,131,131
117,decode,pi: in.positions,25.640,25.640,25.640,1,3285.360,1,1,131,131
117,decode,pi: in.prev_positions,29.410,29.410,29.410,1,3285.360,1,1,131,131
117,decode,pi: in.token_indices_select,24.920,24.920,24.920,1,3285.360,1,1,131,131
117,decode,pi: in.query_start_loc,26.600,26.600,26.600,1,3285.360,1,1,131,131
117,decode,pi: in.optimistic_seq_lens,48.970,48.970,48.970,1,3285.360,1,1,131,131
117,decode,pi: in.prepare_input_ids,65.910,65.910,65.910,1,3285.360,1,1,131,131
117,decode,pi: in.mrope_positions,39.250,39.250,39.250,1,3285.360,1,1,131,131
117,decode,pi: in.discard_mask,57.980,57.980,57.980,1,3285.360,1,1,131,131
117,decode,pi: in.num_accepted_tokens,14.220,14.220,14.220,1,3285.360,1,1,131,131
117,decode,pi: in.num_computed_tokens,18.100,18.100,18.100,1,3285.360,1,1,131,131
117,decode,pi: in.tokens_to_gpu,63.360,63.360,63.360,1,3285.360,1,1,131,131
117,decode,pi: in.positions_assembly,110.280,110.280,110.280,1,3285.360,1,1,131,131
117,decode,pi: in.seq_lens,56.240,56.240,56.240,1,3285.360,1,1,131,131
117,decode,pi: in.slot_mapping,136.930,136.930,136.930,1,3285.360,1,1,131,131
117,decode,pi: in.mrope_drift,0.710,0.710,0.710,1,3285.360,1,1,131,131
117,decode,pi: in.logits_indices,39.220,39.220,36.590,2,3285.360,1,1,131,131
117,decode,pi: prepare_inputs,95.930,979.220,979.220,1,3285.360,1,1,131,131
117,decode,pi: cascade_attn_prefix_lens,10.940,10.940,10.940,1,3285.360,1,1,131,131
117,decode,pi: batch_exec_and_padding,49.130,49.130,49.130,1,3285.360,1,1,131,131
117,decode,pi: ubatch_slices,1.470,1.470,1.470,1,3285.360,1,1,131,131
117,decode,pi: pad_query_start_loc,29.350,29.350,29.350,1,3285.360,1,1,131,131
117,decode,pi: am.max_seq_len,18.580,18.580,18.580,1,3285.360,1,1,131,131
117,decode,pi: am.cm_base_pre,74.340,74.340,74.340,1,3285.360,1,1,131,131
117,decode,pi: am.build.split_decodes,9.300,9.300,9.300,1,3285.360,1,1,131,131
117,decode,pi: am.build.seq_lens_select,8.530,8.530,8.530,1,3285.360,1,1,131,131
117,decode,pi: am.build.attn_mask,1.230,1.230,1.230,1,3285.360,1,1,131,131
117,decode,pi: am.build.qsl_h2d,33.730,33.730,33.730,1,3285.360,1,1,131,131
117,decode,pi: am.build.tolist,9.920,9.920,9.920,1,3285.360,1,1,131,131
117,decode,pi: am.build.fia_pad,1.910,1.910,1.910,1,3285.360,1,1,131,131
117,decode,pi: am.build.backend_metadata,15.290,15.290,15.290,1,3285.360,1,1,131,131
117,decode,pi: am.build.metadata_ctor,6.530,6.530,6.530,1,3285.360,1,1,131,131
117,decode,pi: am.builder_build@AscendAttentionMetadataBuilder,37.130,123.570,123.570,1,3285.360,1,1,131,131
117,decode,pi: am.builder_build,13.080,1240.810,390.040,4,3285.360,1,1,131,131
117,decode,pi: am.layer_assign,6.870,6.870,1.920,4,3285.360,1,1,131,131
117,decode,pi: am.group_loop,88.080,1335.760,414.010,4,3285.360,1,1,131,131
117,decode,pi: gdnb.treat_single_token,168.470,168.470,58.600,3,3285.360,1,1,131,131
117,decode,pi: gdnb.compute_num_computed_tokens,127.390,127.390,43.190,3,3285.360,1,1,131,131
117,decode,pi: gdnb.mamba_block_table,4.980,4.980,1.800,3,3285.360,1,1,131,131
117,decode,pi: gdnb.split_decodes,118.380,118.380,41.540,3,3285.360,1,1,131,131
117,decode,pi: gdnb.pad_graph_inputs,285.940,285.940,100.920,3,3285.360,1,1,131,131
117,decode,pi: gdnb.ctor,21.420,21.420,8.230,3,3285.360,1,1,131,131
117,decode,pi: gdnb.attach_prefill,2.890,2.890,1.070,3,3285.360,1,1,131,131
117,decode,pi: gdnb.attach_spec,2.690,2.690,0.940,3,3285.360,1,1,131,131
117,decode,pi: gdnb.build_actual_seq_lengths,160.910,160.910,55.680,3,3285.360,1,1,131,131
117,decode,pi: gdnb.attach_decode,40.390,201.300,69.680,3,3285.360,1,1,131,131
117,decode,pi: am.builder_build@AscendGDNAttentionMetadataBuilder,170.700,1104.160,386.950,3,3285.360,1,1,131,131
117,decode,pi: build_attention_metadata,280.490,1709.170,1709.170,1,3285.360,1,1,131,131
117,decode,pi: sanitize_placeholder_ids,1.060,1.060,1.060,1,3285.360,1,1,131,131
117,decode,pi: sync_input_prep,101.440,3034.270,3034.270,1,3285.360,1,1,131,131
117,decode,pi: TOTAL,3285.360,3285.360,3285.360,1,3285.360,1,1,131,131
118,decode,pi: update_states,99.410,99.410,99.410,1,3317.820,1,1,131,131
118,decode,pi: tokens_list,1.000,1.000,1.000,1,3317.820,1,1,131,131
118,decode,pi: phase_classify,52.890,52.890,52.890,1,3317.820,1,1,131,131
118,decode,pi: in.block_table_commit,85.100,85.100,85.100,1,3317.820,1,1,131,131
118,decode,pi: in.req_indices,9.260,9.260,9.260,1,3317.820,1,1,131,131
118,decode,pi: in.attn_state,26.670,26.670,26.670,1,3317.820,1,1,131,131
118,decode,pi: in.positions,25.320,25.320,25.320,1,3317.820,1,1,131,131
118,decode,pi: in.prev_positions,30.210,30.210,30.210,1,3317.820,1,1,131,131
118,decode,pi: in.token_indices_select,24.260,24.260,24.260,1,3317.820,1,1,131,131
118,decode,pi: in.query_start_loc,27.010,27.010,27.010,1,3317.820,1,1,131,131
118,decode,pi: in.optimistic_seq_lens,50.240,50.240,50.240,1,3317.820,1,1,131,131
118,decode,pi: in.prepare_input_ids,67.460,67.460,67.460,1,3317.820,1,1,131,131
118,decode,pi: in.mrope_positions,39.120,39.120,39.120,1,3317.820,1,1,131,131
118,decode,pi: in.discard_mask,59.190,59.190,59.190,1,3317.820,1,1,131,131
118,decode,pi: in.num_accepted_tokens,14.700,14.700,14.700,1,3317.820,1,1,131,131
118,decode,pi: in.num_computed_tokens,17.440,17.440,17.440,1,3317.820,1,1,131,131
118,decode,pi: in.tokens_to_gpu,59.960,59.960,59.960,1,3317.820,1,1,131,131
118,decode,pi: in.positions_assembly,109.390,109.390,109.390,1,3317.820,1,1,131,131
118,decode,pi: in.seq_lens,55.120,55.120,55.120,1,3317.820,1,1,131,131
118,decode,pi: in.slot_mapping,136.160,136.160,136.160,1,3317.820,1,1,131,131
118,decode,pi: in.mrope_drift,0.720,0.720,0.720,1,3317.820,1,1,131,131
118,decode,pi: in.logits_indices,39.510,39.510,37.140,2,3317.820,1,1,131,131
118,decode,pi: prepare_inputs,96.030,972.870,972.870,1,3317.820,1,1,131,131
118,decode,pi: cascade_attn_prefix_lens,10.760,10.760,10.760,1,3317.820,1,1,131,131
118,decode,pi: batch_exec_and_padding,49.080,49.080,49.080,1,3317.820,1,1,131,131
118,decode,pi: ubatch_slices,1.430,1.430,1.430,1,3317.820,1,1,131,131
118,decode,pi: pad_query_start_loc,29.520,29.520,29.520,1,3317.820,1,1,131,131
118,decode,pi: am.max_seq_len,18.420,18.420,18.420,1,3317.820,1,1,131,131
118,decode,pi: am.cm_base_pre,74.880,74.880,74.880,1,3317.820,1,1,131,131
118,decode,pi: am.build.split_decodes,9.510,9.510,9.510,1,3317.820,1,1,131,131
118,decode,pi: am.build.seq_lens_select,8.610,8.610,8.610,1,3317.820,1,1,131,131
118,decode,pi: am.build.attn_mask,1.260,1.260,1.260,1,3317.820,1,1,131,131
118,decode,pi: am.build.qsl_h2d,32.120,32.120,32.120,1,3317.820,1,1,131,131
118,decode,pi: am.build.tolist,9.190,9.190,9.190,1,3317.820,1,1,131,131
118,decode,pi: am.build.fia_pad,1.790,1.790,1.790,1,3317.820,1,1,131,131
118,decode,pi: am.build.backend_metadata,15.000,15.000,15.000,1,3317.820,1,1,131,131
118,decode,pi: am.build.metadata_ctor,6.300,6.300,6.300,1,3317.820,1,1,131,131
118,decode,pi: am.builder_build@AscendAttentionMetadataBuilder,35.720,119.500,119.500,1,3317.820,1,1,131,131
118,decode,pi: am.builder_build,13.430,1253.510,395.240,4,3317.820,1,1,131,131
118,decode,pi: am.layer_assign,6.980,6.980,1.970,4,3317.820,1,1,131,131
118,decode,pi: am.group_loop,107.720,1368.210,419.740,4,3317.820,1,1,131,131
118,decode,pi: gdnb.treat_single_token,172.190,172.190,59.730,3,3317.820,1,1,131,131
118,decode,pi: gdnb.compute_num_computed_tokens,127.910,127.910,45.030,3,3317.820,1,1,131,131
118,decode,pi: gdnb.mamba_block_table,4.870,4.870,1.830,3,3317.820,1,1,131,131
118,decode,pi: gdnb.split_decodes,121.040,121.040,41.830,3,3317.820,1,1,131,131
118,decode,pi: gdnb.pad_graph_inputs,289.590,289.590,101.220,3,3317.820,1,1,131,131
118,decode,pi: gdnb.ctor,22.410,22.410,8.510,3,3317.820,1,1,131,131
118,decode,pi: gdnb.attach_prefill,3.010,3.010,1.150,3,3317.820,1,1,131,131
118,decode,pi: gdnb.attach_spec,2.640,2.640,0.980,3,3317.820,1,1,131,131
118,decode,pi: gdnb.build_actual_seq_lengths,161.840,161.840,54.500,3,3317.820,1,1,131,131
118,decode,pi: gdnb.attach_decode,40.610,202.450,68.290,3,3317.820,1,1,131,131
118,decode,pi: am.builder_build@AscendGDNAttentionMetadataBuilder,174.470,1120.580,392.390,3,3317.820,1,1,131,131
118,decode,pi: build_attention_metadata,280.440,1741.950,1741.950,1,3317.820,1,1,131,131
118,decode,pi: sanitize_placeholder_ids,1.070,1.070,1.070,1,3317.820,1,1,131,131
118,decode,pi: sync_input_prep,101.400,3061.380,3061.380,1,3317.820,1,1,131,131
118,decode,pi: TOTAL,3317.820,3317.820,3317.820,1,3317.820,1,1,131,131
119,decode,pi: update_states,98.130,98.130,98.130,1,3295.170,1,1,131,131
119,decode,pi: tokens_list,0.990,0.990,0.990,1,3295.170,1,1,131,131
119,decode,pi: phase_classify,52.680,52.680,52.680,1,3295.170,1,1,131,131
119,decode,pi: in.block_table_commit,86.080,86.080,86.080,1,3295.170,1,1,131,131
119,decode,pi: in.req_indices,9.200,9.200,9.200,1,3295.170,1,1,131,131
119,decode,pi: in.attn_state,26.150,26.150,26.150,1,3295.170,1,1,131,131
119,decode,pi: in.positions,25.210,25.210,25.210,1,3295.170,1,1,131,131
119,decode,pi: in.prev_positions,29.750,29.750,29.750,1,3295.170,1,1,131,131
119,decode,pi: in.token_indices_select,24.640,24.640,24.640,1,3295.170,1,1,131,131
119,decode,pi: in.query_start_loc,26.310,26.310,26.310,1,3295.170,1,1,131,131
119,decode,pi: in.optimistic_seq_lens,48.740,48.740,48.740,1,3295.170,1,1,131,131
119,decode,pi: in.prepare_input_ids,78.140,78.140,78.140,1,3295.170,1,1,131,131
119,decode,pi: in.mrope_positions,39.700,39.700,39.700,1,3295.170,1,1,131,131
119,decode,pi: in.discard_mask,58.410,58.410,58.410,1,3295.170,1,1,131,131
119,decode,pi: in.num_accepted_tokens,14.550,14.550,14.550,1,3295.170,1,1,131,131
119,decode,pi: in.num_computed_tokens,18.000,18.000,18.000,1,3295.170,1,1,131,131
119,decode,pi: in.tokens_to_gpu,62.320,62.320,62.320,1,3295.170,1,1,131,131
119,decode,pi: in.positions_assembly,110.350,110.350,110.350,1,3295.170,1,1,131,131
119,decode,pi: in.seq_lens,54.700,54.700,54.700,1,3295.170,1,1,131,131
119,decode,pi: in.slot_mapping,135.960,135.960,135.960,1,3295.170,1,1,131,131
119,decode,pi: in.mrope_drift,0.730,0.730,0.730,1,3295.170,1,1,131,131
119,decode,pi: in.logits_indices,38.920,38.920,36.310,2,3295.170,1,1,131,131
119,decode,pi: prepare_inputs,95.160,983.020,983.020,1,3295.170,1,1,131,131
119,decode,pi: cascade_attn_prefix_lens,10.660,10.660,10.660,1,3295.170,1,1,131,131
119,decode,pi: batch_exec_and_padding,49.110,49.110,49.110,1,3295.170,1,1,131,131
119,decode,pi: ubatch_slices,1.370,1.370,1.370,1,3295.170,1,1,131,131
119,decode,pi: pad_query_start_loc,29.230,29.230,29.230,1,3295.170,1,1,131,131
119,decode,pi: am.max_seq_len,17.600,17.600,17.600,1,3295.170,1,1,131,131
119,decode,pi: am.cm_base_pre,74.180,74.180,74.180,1,3295.170,1,1,131,131
119,decode,pi: am.build.split_decodes,9.460,9.460,9.460,1,3295.170,1,1,131,131
119,decode,pi: am.build.seq_lens_select,8.270,8.270,8.270,1,3295.170,1,1,131,131
119,decode,pi: am.build.attn_mask,1.270,1.270,1.270,1,3295.170,1,1,131,131
119,decode,pi: am.build.qsl_h2d,32.710,32.710,32.710,1,3295.170,1,1,131,131
119,decode,pi: am.build.tolist,10.010,10.010,10.010,1,3295.170,1,1,131,131
119,decode,pi: am.build.fia_pad,1.740,1.740,1.740,1,3295.170,1,1,131,131
119,decode,pi: am.build.backend_metadata,15.380,15.380,15.380,1,3295.170,1,1,131,131
119,decode,pi: am.build.metadata_ctor,6.210,6.210,6.210,1,3295.170,1,1,131,131
119,decode,pi: am.builder_build@AscendAttentionMetadataBuilder,35.890,120.940,120.940,1,3295.170,1,1,131,131
119,decode,pi: am.builder_build,13.360,1250.650,392.520,4,3295.170,1,1,131,131
119,decode,pi: am.layer_assign,7.040,7.040,1.930,4,3295.170,1,1,131,131
119,decode,pi: am.group_loop,88.630,1346.320,416.740,4,3295.170,1,1,131,131
119,decode,pi: gdnb.treat_single_token,169.920,169.920,59.530,3,3295.170,1,1,131,131
119,decode,pi: gdnb.compute_num_computed_tokens,130.270,130.270,44.470,3,3295.170,1,1,131,131
119,decode,pi: gdnb.mamba_block_table,5.440,5.440,2.010,3,3295.170,1,1,131,131
119,decode,pi: gdnb.split_decodes,123.330,123.330,41.900,3,3295.170,1,1,131,131
119,decode,pi: gdnb.pad_graph_inputs,286.120,286.120,100.450,3,3295.170,1,1,131,131
119,decode,pi: gdnb.ctor,21.320,21.320,8.020,3,3295.170,1,1,131,131
119,decode,pi: gdnb.attach_prefill,2.820,2.820,1.110,3,3295.170,1,1,131,131
119,decode,pi: gdnb.attach_spec,2.550,2.550,0.940,3,3295.170,1,1,131,131
119,decode,pi: gdnb.build_actual_seq_lengths,161.810,161.810,54.890,3,3295.170,1,1,131,131
119,decode,pi: gdnb.attach_decode,40.500,202.310,68.740,3,3295.170,1,1,131,131
119,decode,pi: am.builder_build@AscendGDNAttentionMetadataBuilder,172.270,1116.350,389.570,3,3295.170,1,1,131,131
119,decode,pi: build_attention_metadata,276.660,1714.760,1714.760,1,3295.170,1,1,131,131
119,decode,pi: sanitize_placeholder_ids,1.120,1.120,1.120,1,3295.170,1,1,131,131
119,decode,pi: sync_input_prep,101.310,3042.380,3042.380,1,3295.170,1,1,131,131
119,decode,pi: TOTAL,3295.170,3295.170,3295.170,1,3295.170,1,1,131,131
120,decode,pi: update_states,98.990,98.990,98.990,1,3307.520,1,1,131,131
120,decode,pi: tokens_list,0.970,0.970,0.970,1,3307.520,1,1,131,131
120,decode,pi: phase_classify,52.930,52.930,52.930,1,3307.520,1,1,131,131
120,decode,pi: in.block_table_commit,84.770,84.770,84.770,1,3307.520,1,1,131,131
120,decode,pi: in.req_indices,9.100,9.100,9.100,1,3307.520,1,1,131,131
120,decode,pi: in.attn_state,26.850,26.850,26.850,1,3307.520,1,1,131,131
120,decode,pi: in.positions,25.210,25.210,25.210,1,3307.520,1,1,131,131
120,decode,pi: in.prev_positions,29.090,29.090,29.090,1,3307.520,1,1,131,131
120,decode,pi: in.token_indices_select,24.960,24.960,24.960,1,3307.520,1,1,131,131
120,decode,pi: in.query_start_loc,27.250,27.250,27.250,1,3307.520,1,1,131,131
120,decode,pi: in.optimistic_seq_lens,48.920,48.920,48.920,1,3307.520,1,1,131,131
120,decode,pi: in.prepare_input_ids,66.190,66.190,66.190,1,3307.520,1,1,131,131
120,decode,pi: in.mrope_positions,39.110,39.110,39.110,1,3307.520,1,1,131,131
120,decode,pi: in.discard_mask,57.990,57.990,57.990,1,3307.520,1,1,131,131
120,decode,pi: in.num_accepted_tokens,13.800,13.800,13.800,1,3307.520,1,1,131,131
120,decode,pi: in.num_computed_tokens,18.090,18.090,18.090,1,3307.520,1,1,131,131
120,decode,pi: in.tokens_to_gpu,61.560,61.560,61.560,1,3307.520,1,1,131,131
120,decode,pi: in.positions_assembly,110.730,110.730,110.730,1,3307.520,1,1,131,131
120,decode,pi: in.seq_lens,55.100,55.100,55.100,1,3307.520,1,1,131,131
120,decode,pi: in.slot_mapping,137.070,137.070,137.070,1,3307.520,1,1,131,131
120,decode,pi: in.mrope_drift,0.780,0.780,0.780,1,3307.520,1,1,131,131
120,decode,pi: in.logits_indices,39.840,39.840,37.380,2,3307.520,1,1,131,131
120,decode,pi: prepare_inputs,94.890,971.300,971.300,1,3307.520,1,1,131,131
120,decode,pi: cascade_attn_prefix_lens,10.910,10.910,10.910,1,3307.520,1,1,131,131
120,decode,pi: batch_exec_and_padding,50.080,50.080,50.080,1,3307.520,1,1,131,131
120,decode,pi: ubatch_slices,1.530,1.530,1.530,1,3307.520,1,1,131,131
120,decode,pi: pad_query_start_loc,29.650,29.650,29.650,1,3307.520,1,1,131,131
120,decode,pi: am.max_seq_len,18.990,18.990,18.990,1,3307.520,1,1,131,131
120,decode,pi: am.cm_base_pre,74.260,74.260,74.260,1,3307.520,1,1,131,131
120,decode,pi: am.build.split_decodes,9.790,9.790,9.790,1,3307.520,1,1,131,131
120,decode,pi: am.build.seq_lens_select,8.340,8.340,8.340,1,3307.520,1,1,131,131
120,decode,pi: am.build.attn_mask,1.160,1.160,1.160,1,3307.520,1,1,131,131
120,decode,pi: am.build.qsl_h2d,32.630,32.630,32.630,1,3307.520,1,1,131,131
120,decode,pi: am.build.tolist,9.830,9.830,9.830,1,3307.520,1,1,131,131
120,decode,pi: am.build.fia_pad,1.760,1.760,1.760,1,3307.520,1,1,131,131
120,decode,pi: am.build.backend_metadata,15.580,15.580,15.580,1,3307.520,1,1,131,131
120,decode,pi: am.build.metadata_ctor,6.610,6.610,6.610,1,3307.520,1,1,131,131
120,decode,pi: am.builder_build@AscendAttentionMetadataBuilder,36.430,122.130,122.130,1,3307.520,1,1,131,131
120,decode,pi: am.builder_build,12.740,1257.500,393.290,4,3307.520,1,1,131,131
120,decode,pi: am.layer_assign,6.850,6.850,1.830,4,3307.520,1,1,131,131
120,decode,pi: am.group_loop,89.880,1354.230,417.560,4,3307.520,1,1,131,131
120,decode,pi: gdnb.treat_single_token,169.270,169.270,60.110,3,3307.520,1,1,131,131
120,decode,pi: gdnb.compute_num_computed_tokens,127.800,127.800,44.220,3,3307.520,1,1,131,131
120,decode,pi: gdnb.mamba_block_table,5.340,5.340,1.920,3,3307.520,1,1,131,131
120,decode,pi: gdnb.split_decodes,118.830,118.830,41.230,3,3307.520,1,1,131,131
120,decode,pi: gdnb.pad_graph_inputs,283.320,283.320,99.010,3,3307.520,1,1,131,131
120,decode,pi: gdnb.ctor,21.590,21.590,8.010,3,3307.520,1,1,131,131
120,decode,pi: gdnb.attach_prefill,2.690,2.690,1.070,3,3307.520,1,1,131,131
120,decode,pi: gdnb.attach_spec,2.500,2.500,0.960,3,3307.520,1,1,131,131
120,decode,pi: gdnb.build_actual_seq_lengths,164.020,164.020,55.700,3,3307.520,1,1,131,131
120,decode,pi: gdnb.attach_decode,54.410,218.430,80.520,3,3307.520,1,1,131,131
120,decode,pi: am.builder_build@AscendGDNAttentionMetadataBuilder,172.860,1122.630,390.470,3,3307.520,1,1,131,131
120,decode,pi: build_attention_metadata,281.210,1728.690,1728.690,1,3307.520,1,1,131,131
120,decode,pi: sanitize_placeholder_ids,1.060,1.060,1.060,1,3307.520,1,1,131,131
120,decode,pi: sync_input_prep,102.220,3048.330,3048.330,1,3307.520,1,1,131,131
120,decode,pi: TOTAL,3307.520,3307.520,3307.520,1,3307.520,1,1,131,131
121,decode,pi: update_states,100.460,100.460,100.460,1,3314.580,1,1,131,131
121,decode,pi: tokens_list,0.990,0.990,0.990,1,3314.580,1,1,131,131
121,decode,pi: phase_classify,53.600,53.600,53.600,1,3314.580,1,1,131,131
121,decode,pi: in.block_table_commit,87.560,87.560,87.560,1,3314.580,1,1,131,131
121,decode,pi: in.req_indices,9.380,9.380,9.380,1,3314.580,1,1,131,131
121,decode,pi: in.attn_state,26.800,26.800,26.800,1,3314.580,1,1,131,131
121,decode,pi: in.positions,26.160,26.160,26.160,1,3314.580,1,1,131,131
121,decode,pi: in.prev_positions,29.930,29.930,29.930,1,3314.580,1,1,131,131
121,decode,pi: in.token_indices_select,24.620,24.620,24.620,1,3314.580,1,1,131,131
121,decode,pi: in.query_start_loc,27.360,27.360,27.360,1,3314.580,1,1,131,131
121,decode,pi: in.optimistic_seq_lens,48.790,48.790,48.790,1,3314.580,1,1,131,131
121,decode,pi: in.prepare_input_ids,66.080,66.080,66.080,1,3314.580,1,1,131,131
121,decode,pi: in.mrope_positions,39.420,39.420,39.420,1,3314.580,1,1,131,131
121,decode,pi: in.discard_mask,58.680,58.680,58.680,1,3314.580,1,1,131,131
121,decode,pi: in.num_accepted_tokens,14.370,14.370,14.370,1,3314.580,1,1,131,131
121,decode,pi: in.num_computed_tokens,18.220,18.220,18.220,1,3314.580,1,1,131,131
121,decode,pi: in.tokens_to_gpu,61.870,61.870,61.870,1,3314.580,1,1,131,131
121,decode,pi: in.positions_assembly,112.050,112.050,112.050,1,3314.580,1,1,131,131
121,decode,pi: in.seq_lens,54.630,54.630,54.630,1,3314.580,1,1,131,131
121,decode,pi: in.slot_mapping,135.870,135.870,135.870,1,3314.580,1,1,131,131
121,decode,pi: in.mrope_drift,0.710,0.710,0.710,1,3314.580,1,1,131,131
121,decode,pi: in.logits_indices,37.940,37.940,35.370,2,3314.580,1,1,131,131
121,decode,pi: prepare_inputs,95.020,975.460,975.460,1,3314.580,1,1,131,131
121,decode,pi: cascade_attn_prefix_lens,10.890,10.890,10.890,1,3314.580,1,1,131,131
121,decode,pi: batch_exec_and_padding,49.670,49.670,49.670,1,3314.580,1,1,131,131
121,decode,pi: ubatch_slices,1.470,1.470,1.470,1,3314.580,1,1,131,131
121,decode,pi: pad_query_start_loc,29.300,29.300,29.300,1,3314.580,1,1,131,131
121,decode,pi: am.max_seq_len,18.540,18.540,18.540,1,3314.580,1,1,131,131
121,decode,pi: am.cm_base_pre,88.450,88.450,88.450,1,3314.580,1,1,131,131
121,decode,pi: am.build.split_decodes,9.480,9.480,9.480,1,3314.580,1,1,131,131
121,decode,pi: am.build.seq_lens_select,8.660,8.660,8.660,1,3314.580,1,1,131,131
121,decode,pi: am.build.attn_mask,1.260,1.260,1.260,1,3314.580,1,1,131,131
121,decode,pi: am.build.qsl_h2d,35.490,35.490,35.490,1,3314.580,1,1,131,131
121,decode,pi: am.build.tolist,10.110,10.110,10.110,1,3314.580,1,1,131,131
121,decode,pi: am.build.fia_pad,2.270,2.270,2.270,1,3314.580,1,1,131,131
121,decode,pi: am.build.backend_metadata,15.480,15.480,15.480,1,3314.580,1,1,131,131
121,decode,pi: am.build.metadata_ctor,7.160,7.160,7.160,1,3314.580,1,1,131,131
121,decode,pi: am.builder_build@AscendAttentionMetadataBuilder,37.390,127.300,127.300,1,3314.580,1,1,131,131
121,decode,pi: am.builder_build,12.890,1251.710,390.470,4,3314.580,1,1,131,131
121,decode,pi: am.layer_assign,6.920,6.920,1.980,4,3314.580,1,1,131,131
121,decode,pi: am.group_loop,90.020,1348.650,414.820,4,3314.580,1,1,131,131
121,decode,pi: gdnb.treat_single_token,167.440,167.440,58.310,3,3314.580,1,1,131,131
121,decode,pi: gdnb.compute_num_computed_tokens,129.680,129.680,43.650,3,3314.580,1,1,131,131
121,decode,pi: gdnb.mamba_block_table,5.310,5.310,1.930,3,3314.580,1,1,131,131
121,decode,pi: gdnb.split_decodes,121.220,121.220,41.100,3,3314.580,1,1,131,131
121,decode,pi: gdnb.pad_graph_inputs,285.140,285.140,100.030,3,3314.580,1,1,131,131
121,decode,pi: gdnb.ctor,21.830,21.830,8.170,3,3314.580,1,1,131,131
121,decode,pi: gdnb.attach_prefill,2.940,2.940,1.200,3,3314.580,1,1,131,131
121,decode,pi: gdnb.attach_spec,2.440,2.440,0.850,3,3314.580,1,1,131,131
121,decode,pi: gdnb.build_actual_seq_lengths,161.910,161.910,55.110,3,3314.580,1,1,131,131
121,decode,pi: gdnb.attach_decode,40.450,202.360,69.230,3,3314.580,1,1,131,131
121,decode,pi: am.builder_build@AscendGDNAttentionMetadataBuilder,173.160,1111.520,387.610,3,3314.580,1,1,131,131
121,decode,pi: build_attention_metadata,282.580,1738.220,1738.220,1,3314.580,1,1,131,131
121,decode,pi: sanitize_placeholder_ids,1.010,1.010,1.010,1,3314.580,1,1,131,131
121,decode,pi: sync_input_prep,99.970,3061.040,3061.040,1,3314.580,1,1,131,131
121,decode,pi: TOTAL,3314.580,3314.580,3314.580,1,3314.580,1,1,131,131
122,decode,pi: update_states,99.490,99.490,99.490,1,3290.980,1,1,131,131
122,decode,pi: tokens_list,1.020,1.020,1.020,1,3290.980,1,1,131,131
122,decode,pi: phase_classify,53.230,53.230,53.230,1,3290.980,1,1,131,131
122,decode,pi: in.block_table_commit,85.980,85.980,85.980,1,3290.980,1,1,131,131
122,decode,pi: in.req_indices,9.260,9.260,9.260,1,3290.980,1,1,131,131
122,decode,pi: in.attn_state,26.950,26.950,26.950,1,3290.980,1,1,131,131
122,decode,pi: in.positions,24.850,24.850,24.850,1,3290.980,1,1,131,131
122,decode,pi: in.prev_positions,29.480,29.480,29.480,1,3290.980,1,1,131,131
122,decode,pi: in.token_indices_select,24.640,24.640,24.640,1,3290.980,1,1,131,131
122,decode,pi: in.query_start_loc,26.910,26.910,26.910,1,3290.980,1,1,131,131
122,decode,pi: in.optimistic_seq_lens,49.140,49.140,49.140,1,3290.980,1,1,131,131
122,decode,pi: in.prepare_input_ids,66.370,66.370,66.370,1,3290.980,1,1,131,131
122,decode,pi: in.mrope_positions,39.250,39.250,39.250,1,3290.980,1,1,131,131
122,decode,pi: in.discard_mask,58.330,58.330,58.330,1,3290.980,1,1,131,131
122,decode,pi: in.num_accepted_tokens,14.280,14.280,14.280,1,3290.980,1,1,131,131
122,decode,pi: in.num_computed_tokens,17.760,17.760,17.760,1,3290.980,1,1,131,131
122,decode,pi: in.tokens_to_gpu,64.510,64.510,64.510,1,3290.980,1,1,131,131
122,decode,pi: in.positions_assembly,109.700,109.700,109.700,1,3290.980,1,1,131,131
122,decode,pi: in.seq_lens,54.450,54.450,54.450,1,3290.980,1,1,131,131
122,decode,pi: in.slot_mapping,135.990,135.990,135.990,1,3290.980,1,1,131,131
122,decode,pi: in.mrope_drift,0.650,0.650,0.650,1,3290.980,1,1,131,131
122,decode,pi: in.logits_indices,39.460,39.460,37.070,2,3290.980,1,1,131,131
122,decode,pi: prepare_inputs,94.750,972.710,972.710,1,3290.980,1,1,131,131
122,decode,pi: cascade_attn_prefix_lens,11.030,11.030,11.030,1,3290.980,1,1,131,131
122,decode,pi: batch_exec_and_padding,48.860,48.860,48.860,1,3290.980,1,1,131,131
122,decode,pi: ubatch_slices,1.480,1.480,1.480,1,3290.980,1,1,131,131
122,decode,pi: pad_query_start_loc,29.730,29.730,29.730,1,3290.980,1,1,131,131
122,decode,pi: am.max_seq_len,18.910,18.910,18.910,1,3290.980,1,1,131,131
122,decode,pi: am.cm_base_pre,75.880,75.880,75.880,1,3290.980,1,1,131,131
122,decode,pi: am.build.split_decodes,9.260,9.260,9.260,1,3290.980,1,1,131,131
122,decode,pi: am.build.seq_lens_select,8.520,8.520,8.520,1,3290.980,1,1,131,131
122,decode,pi: am.build.attn_mask,1.320,1.320,1.320,1,3290.980,1,1,131,131
122,decode,pi: am.build.qsl_h2d,32.900,32.900,32.900,1,3290.980,1,1,131,131
122,decode,pi: am.build.tolist,9.630,9.630,9.630,1,3290.980,1,1,131,131
122,decode,pi: am.build.fia_pad,1.740,1.740,1.740,1,3290.980,1,1,131,131
122,decode,pi: am.build.backend_metadata,15.590,15.590,15.590,1,3290.980,1,1,131,131
122,decode,pi: am.build.metadata_ctor,6.170,6.170,6.170,1,3290.980,1,1,131,131
122,decode,pi: am.builder_build@AscendAttentionMetadataBuilder,35.830,120.960,120.960,1,3290.980,1,1,131,131
122,decode,pi: am.builder_build,13.120,1249.070,392.180,4,3290.980,1,1,131,131
122,decode,pi: am.layer_assign,6.830,6.830,1.870,4,3290.980,1,1,131,131
122,decode,pi: am.group_loop,89.290,1345.190,416.200,4,3290.980,1,1,131,131
122,decode,pi: gdnb.treat_single_token,168.680,168.680,59.780,3,3290.980,1,1,131,131
122,decode,pi: gdnb.compute_num_computed_tokens,128.280,128.280,45.010,3,3290.980,1,1,131,131
122,decode,pi: gdnb.mamba_block_table,5.490,5.490,1.980,3,3290.980,1,1,131,131
122,decode,pi: gdnb.split_decodes,122.910,122.910,41.430,3,3290.980,1,1,131,131
122,decode,pi: gdnb.pad_graph_inputs,286.240,286.240,99.890,3,3290.980,1,1,131,131
122,decode,pi: gdnb.ctor,22.310,22.310,8.050,3,3290.980,1,1,131,131
122,decode,pi: gdnb.attach_prefill,2.790,2.790,1.080,3,3290.980,1,1,131,131
122,decode,pi: gdnb.attach_spec,2.560,2.560,0.890,3,3290.980,1,1,131,131
122,decode,pi: gdnb.build_actual_seq_lengths,164.460,164.460,55.390,3,3290.980,1,1,131,131
122,decode,pi: gdnb.attach_decode,39.860,204.320,68.870,3,3290.980,1,1,131,131
122,decode,pi: am.builder_build@AscendGDNAttentionMetadataBuilder,171.410,1114.990,389.260,3,3290.980,1,1,131,131
122,decode,pi: build_attention_metadata,281.080,1721.060,1721.060,1,3290.980,1,1,131,131
122,decode,pi: sanitize_placeholder_ids,1.100,1.100,1.100,1,3290.980,1,1,131,131
122,decode,pi: sync_input_prep,100.890,3040.600,3040.600,1,3290.980,1,1,131,131
122,decode,pi: TOTAL,3290.980,3290.980,3290.980,1,3290.980,1,1,131,131
123,decode,pi: update_states,99.380,99.380,99.380,1,3320.570,1,1,131,131
123,decode,pi: tokens_list,1.080,1.080,1.080,1,3320.570,1,1,131,131
123,decode,pi: phase_classify,52.720,52.720,52.720,1,3320.570,1,1,131,131
123,decode,pi: in.block_table_commit,85.520,85.520,85.520,1,3320.570,1,1,131,131
123,decode,pi: in.req_indices,10.080,10.080,10.080,1,3320.570,1,1,131,131
123,decode,pi: in.attn_state,27.880,27.880,27.880,1,3320.570,1,1,131,131
123,decode,pi: in.positions,26.190,26.190,26.190,1,3320.570,1,1,131,131
123,decode,pi: in.prev_positions,31.000,31.000,31.000,1,3320.570,1,1,131,131
123,decode,pi: in.token_indices_select,25.730,25.730,25.730,1,3320.570,1,1,131,131
123,decode,pi: in.query_start_loc,26.820,26.820,26.820,1,3320.570,1,1,131,131
123,decode,pi: in.optimistic_seq_lens,50.160,50.160,50.160,1,3320.570,1,1,131,131
123,decode,pi: in.prepare_input_ids,66.620,66.620,66.620,1,3320.570,1,1,131,131
123,decode,pi: in.mrope_positions,40.080,40.080,40.080,1,3320.570,1,1,131,131
123,decode,pi: in.discard_mask,58.360,58.360,58.360,1,3320.570,1,1,131,131
123,decode,pi: in.num_accepted_tokens,14.370,14.370,14.370,1,3320.570,1,1,131,131
123,decode,pi: in.num_computed_tokens,18.180,18.180,18.180,1,3320.570,1,1,131,131
123,decode,pi: in.tokens_to_gpu,63.590,63.590,63.590,1,3320.570,1,1,131,131
123,decode,pi: in.positions_assembly,110.580,110.580,110.580,1,3320.570,1,1,131,131
123,decode,pi: in.seq_lens,55.830,55.830,55.830,1,3320.570,1,1,131,131
123,decode,pi: in.slot_mapping,136.680,136.680,136.680,1,3320.570,1,1,131,131
123,decode,pi: in.mrope_drift,0.660,0.660,0.660,1,3320.570,1,1,131,131
123,decode,pi: in.logits_indices,39.240,39.240,36.450,2,3320.570,1,1,131,131
123,decode,pi: prepare_inputs,95.450,983.020,983.020,1,3320.570,1,1,131,131
123,decode,pi: cascade_attn_prefix_lens,11.060,11.060,11.060,1,3320.570,1,1,131,131
123,decode,pi: batch_exec_and_padding,49.650,49.650,49.650,1,3320.570,1,1,131,131
123,decode,pi: ubatch_slices,1.590,1.590,1.590,1,3320.570,1,1,131,131
123,decode,pi: pad_query_start_loc,29.930,29.930,29.930,1,3320.570,1,1,131,131
123,decode,pi: am.max_seq_len,18.950,18.950,18.950,1,3320.570,1,1,131,131
123,decode,pi: am.cm_base_pre,74.640,74.640,74.640,1,3320.570,1,1,131,131
123,decode,pi: am.build.split_decodes,9.080,9.080,9.080,1,3320.570,1,1,131,131
123,decode,pi: am.build.seq_lens_select,8.840,8.840,8.840,1,3320.570,1,1,131,131
123,decode,pi: am.build.attn_mask,1.290,1.290,1.290,1,3320.570,1,1,131,131
123,decode,pi: am.build.qsl_h2d,32.670,32.670,32.670,1,3320.570,1,1,131,131
123,decode,pi: am.build.tolist,9.760,9.760,9.760,1,3320.570,1,1,131,131
123,decode,pi: am.build.fia_pad,1.880,1.880,1.880,1,3320.570,1,1,131,131
123,decode,pi: am.build.backend_metadata,15.540,15.540,15.540,1,3320.570,1,1,131,131
123,decode,pi: am.build.metadata_ctor,6.080,6.080,6.080,1,3320.570,1,1,131,131
123,decode,pi: am.builder_build@AscendAttentionMetadataBuilder,35.710,120.850,120.850,1,3320.570,1,1,131,131
123,decode,pi: am.builder_build,13.160,1247.010,390.760,4,3320.570,1,1,131,131
123,decode,pi: am.layer_assign,7.080,7.080,1.920,4,3320.570,1,1,131,131
123,decode,pi: am.group_loop,89.130,1343.220,414.930,4,3320.570,1,1,131,131
123,decode,pi: gdnb.treat_single_token,171.680,171.680,59.960,3,3320.570,1,1,131,131
123,decode,pi: gdnb.compute_num_computed_tokens,126.720,126.720,43.370,3,3320.570,1,1,131,131
123,decode,pi: gdnb.mamba_block_table,5.150,5.150,1.930,3,3320.570,1,1,131,131
123,decode,pi: gdnb.split_decodes,120.180,120.180,41.330,3,3320.570,1,1,131,131
123,decode,pi: gdnb.pad_graph_inputs,286.290,286.290,100.940,3,3320.570,1,1,131,131
123,decode,pi: gdnb.ctor,22.100,22.100,8.350,3,3320.570,1,1,131,131
123,decode,pi: gdnb.attach_prefill,2.920,2.920,1.170,3,3320.570,1,1,131,131
123,decode,pi: gdnb.attach_spec,2.470,2.470,0.890,3,3320.570,1,1,131,131
123,decode,pi: gdnb.build_actual_seq_lengths,160.620,160.620,55.580,3,3320.570,1,1,131,131
123,decode,pi: gdnb.attach_decode,40.710,201.330,69.210,3,3320.570,1,1,131,131
123,decode,pi: am.builder_build@AscendGDNAttentionMetadataBuilder,174.160,1113.000,387.660,3,3320.570,1,1,131,131
123,decode,pi: build_attention_metadata,294.750,1731.560,1731.560,1,3320.570,1,1,131,131
123,decode,pi: sanitize_placeholder_ids,1.340,1.340,1.340,1,3320.570,1,1,131,131
123,decode,pi: sync_input_prep,101.880,3063.210,3063.210,1,3320.570,1,1,131,131
123,decode,pi: TOTAL,3320.570,3320.570,3320.570,1,3320.570,1,1,131,131
124,decode,pi: update_states,99.210,99.210,99.210,1,3298.560,1,1,131,131
124,decode,pi: tokens_list,0.950,0.950,0.950,1,3298.560,1,1,131,131
124,decode,pi: phase_classify,52.670,52.670,52.670,1,3298.560,1,1,131,131
124,decode,pi: in.block_table_commit,86.740,86.740,86.740,1,3298.560,1,1,131,131
124,decode,pi: in.req_indices,9.330,9.330,9.330,1,3298.560,1,1,131,131
124,decode,pi: in.attn_state,27.020,27.020,27.020,1,3298.560,1,1,131,131
124,decode,pi: in.positions,25.630,25.630,25.630,1,3298.560,1,1,131,131
124,decode,pi: in.prev_positions,28.900,28.900,28.900,1,3298.560,1,1,131,131
124,decode,pi: in.token_indices_select,24.870,24.870,24.870,1,3298.560,1,1,131,131
124,decode,pi: in.query_start_loc,26.650,26.650,26.650,1,3298.560,1,1,131,131
124,decode,pi: in.optimistic_seq_lens,49.740,49.740,49.740,1,3298.560,1,1,131,131
124,decode,pi: in.prepare_input_ids,84.780,84.780,84.780,1,3298.560,1,1,131,131
124,decode,pi: in.mrope_positions,39.810,39.810,39.810,1,3298.560,1,1,131,131
124,decode,pi: in.discard_mask,59.180,59.180,59.180,1,3298.560,1,1,131,131
124,decode,pi: in.num_accepted_tokens,14.700,14.700,14.700,1,3298.560,1,1,131,131
124,decode,pi: in.num_computed_tokens,17.990,17.990,17.990,1,3298.560,1,1,131,131
124,decode,pi: in.tokens_to_gpu,62.370,62.370,62.370,1,3298.560,1,1,131,131
124,decode,pi: in.positions_assembly,109.310,109.310,109.310,1,3298.560,1,1,131,131
124,decode,pi: in.seq_lens,55.610,55.610,55.610,1,3298.560,1,1,131,131
124,decode,pi: in.slot_mapping,138.560,138.560,138.560,1,3298.560,1,1,131,131
124,decode,pi: in.mrope_drift,0.710,0.710,0.710,1,3298.560,1,1,131,131
124,decode,pi: in.logits_indices,40.050,40.050,37.660,2,3298.560,1,1,131,131
124,decode,pi: prepare_inputs,96.230,998.180,998.180,1,3298.560,1,1,131,131
124,decode,pi: cascade_attn_prefix_lens,10.900,10.900,10.900,1,3298.560,1,1,131,131
124,decode,pi: batch_exec_and_padding,50.210,50.210,50.210,1,3298.560,1,1,131,131
124,decode,pi: ubatch_slices,1.450,1.450,1.450,1,3298.560,1,1,131,131
124,decode,pi: pad_query_start_loc,28.870,28.870,28.870,1,3298.560,1,1,131,131
124,decode,pi: am.max_seq_len,18.580,18.580,18.580,1,3298.560,1,1,131,131
124,decode,pi: am.cm_base_pre,75.390,75.390,75.390,1,3298.560,1,1,131,131
124,decode,pi: am.build.split_decodes,9.750,9.750,9.750,1,3298.560,1,1,131,131
124,decode,pi: am.build.seq_lens_select,8.840,8.840,8.840,1,3298.560,1,1,131,131
124,decode,pi: am.build.attn_mask,1.430,1.430,1.430,1,3298.560,1,1,131,131
124,decode,pi: am.build.qsl_h2d,33.080,33.080,33.080,1,3298.560,1,1,131,131
124,decode,pi: am.build.tolist,10.090,10.090,10.090,1,3298.560,1,1,131,131
124,decode,pi: am.build.fia_pad,1.680,1.680,1.680,1,3298.560,1,1,131,131
124,decode,pi: am.build.backend_metadata,15.260,15.260,15.260,1,3298.560,1,1,131,131
124,decode,pi: am.build.metadata_ctor,6.410,6.410,6.410,1,3298.560,1,1,131,131
124,decode,pi: am.builder_build@AscendAttentionMetadataBuilder,36.510,123.050,123.050,1,3298.560,1,1,131,131
124,decode,pi: am.builder_build,12.840,1235.150,393.750,4,3298.560,1,1,131,131
124,decode,pi: am.layer_assign,6.530,6.530,1.810,4,3298.560,1,1,131,131
124,decode,pi: am.group_loop,87.010,1328.690,417.290,4,3298.560,1,1,131,131
124,decode,pi: gdnb.treat_single_token,166.120,166.120,59.130,3,3298.560,1,1,131,131
124,decode,pi: gdnb.compute_num_computed_tokens,126.510,126.510,44.340,3,3298.560,1,1,131,131
124,decode,pi: gdnb.mamba_block_table,5.080,5.080,1.780,3,3298.560,1,1,131,131
124,decode,pi: gdnb.split_decodes,117.910,117.910,41.240,3,3298.560,1,1,131,131
124,decode,pi: gdnb.pad_graph_inputs,282.070,282.070,102.000,3,3298.560,1,1,131,131
124,decode,pi: gdnb.ctor,21.880,21.880,7.970,3,3298.560,1,1,131,131
124,decode,pi: gdnb.attach_prefill,3.040,3.040,1.170,3,3298.560,1,1,131,131
124,decode,pi: gdnb.attach_spec,2.800,2.800,1.020,3,3298.560,1,1,131,131
124,decode,pi: gdnb.build_actual_seq_lengths,160.920,160.920,55.520,3,3298.560,1,1,131,131
124,decode,pi: gdnb.attach_decode,40.070,200.990,69.530,3,3298.560,1,1,131,131
124,decode,pi: am.builder_build@AscendGDNAttentionMetadataBuilder,172.860,1099.260,390.930,3,3298.560,1,1,131,131
124,decode,pi: build_attention_metadata,278.670,1701.330,1701.330,1,3298.560,1,1,131,131
124,decode,pi: sanitize_placeholder_ids,1.070,1.070,1.070,1,3298.560,1,1,131,131
124,decode,pi: sync_input_prep,99.370,3044.210,3044.210,1,3298.560,1,1,131,131
124,decode,pi: TOTAL,3298.560,3298.560,3298.560,1,3298.560,1,1,131,131
125,decode,pi: update_states,98.930,98.930,98.930,1,3307.220,1,1,131,131
125,decode,pi: tokens_list,1.040,1.040,1.040,1,3307.220,1,1,131,131
125,decode,pi: phase_classify,53.150,53.150,53.150,1,3307.220,1,1,131,131
125,decode,pi: in.block_table_commit,86.840,86.840,86.840,1,3307.220,1,1,131,131
125,decode,pi: in.req_indices,9.350,9.350,9.350,1,3307.220,1,1,131,131
125,decode,pi: in.attn_state,27.250,27.250,27.250,1,3307.220,1,1,131,131
125,decode,pi: in.positions,25.570,25.570,25.570,1,3307.220,1,1,131,131
125,decode,pi: in.prev_positions,29.710,29.710,29.710,1,3307.220,1,1,131,131
125,decode,pi: in.token_indices_select,25.230,25.230,25.230,1,3307.220,1,1,131,131
125,decode,pi: in.query_start_loc,26.990,26.990,26.990,1,3307.220,1,1,131,131
125,decode,pi: in.optimistic_seq_lens,49.580,49.580,49.580,1,3307.220,1,1,131,131
125,decode,pi: in.prepare_input_ids,68.420,68.420,68.420,1,3307.220,1,1,131,131
125,decode,pi: in.mrope_positions,41.500,41.500,41.500,1,3307.220,1,1,131,131
125,decode,pi: in.discard_mask,58.620,58.620,58.620,1,3307.220,1,1,131,131
125,decode,pi: in.num_accepted_tokens,14.080,14.080,14.080,1,3307.220,1,1,131,131
125,decode,pi: in.num_computed_tokens,17.360,17.360,17.360,1,3307.220,1,1,131,131
125,decode,pi: in.tokens_to_gpu,61.860,61.860,61.860,1,3307.220,1,1,131,131
125,decode,pi: in.positions_assembly,109.390,109.390,109.390,1,3307.220,1,1,131,131
125,decode,pi: in.seq_lens,54.480,54.480,54.480,1,3307.220,1,1,131,131
125,decode,pi: in.slot_mapping,137.860,137.860,137.860,1,3307.220,1,1,131,131
125,decode,pi: in.mrope_drift,0.780,0.780,0.780,1,3307.220,1,1,131,131
125,decode,pi: in.logits_indices,40.080,40.080,37.450,2,3307.220,1,1,131,131
125,decode,pi: prepare_inputs,96.200,981.150,981.150,1,3307.220,1,1,131,131
125,decode,pi: cascade_attn_prefix_lens,11.170,11.170,11.170,1,3307.220,1,1,131,131
125,decode,pi: batch_exec_and_padding,49.590,49.590,49.590,1,3307.220,1,1,131,131
125,decode,pi: ubatch_slices,1.480,1.480,1.480,1,3307.220,1,1,131,131
125,decode,pi: pad_query_start_loc,30.070,30.070,30.070,1,3307.220,1,1,131,131
125,decode,pi: am.max_seq_len,19.080,19.080,19.080,1,3307.220,1,1,131,131
125,decode,pi: am.cm_base_pre,74.420,74.420,74.420,1,3307.220,1,1,131,131
125,decode,pi: am.build.split_decodes,9.360,9.360,9.360,1,3307.220,1,1,131,131
125,decode,pi: am.build.seq_lens_select,8.450,8.450,8.450,1,3307.220,1,1,131,131
125,decode,pi: am.build.attn_mask,1.190,1.190,1.190,1,3307.220,1,1,131,131
125,decode,pi: am.build.qsl_h2d,32.540,32.540,32.540,1,3307.220,1,1,131,131
125,decode,pi: am.build.tolist,9.810,9.810,9.810,1,3307.220,1,1,131,131
125,decode,pi: am.build.fia_pad,1.730,1.730,1.730,1,3307.220,1,1,131,131
125,decode,pi: am.build.backend_metadata,15.230,15.230,15.230,1,3307.220,1,1,131,131
125,decode,pi: am.build.metadata_ctor,6.560,6.560,6.560,1,3307.220,1,1,131,131
125,decode,pi: am.builder_build@AscendAttentionMetadataBuilder,35.760,120.630,120.630,1,3307.220,1,1,131,131
125,decode,pi: am.builder_build,13.110,1250.620,391.230,4,3307.220,1,1,131,131
125,decode,pi: am.layer_assign,7.040,7.040,1.930,4,3307.220,1,1,131,131
125,decode,pi: am.group_loop,90.370,1348.030,415.620,4,3307.220,1,1,131,131
125,decode,pi: gdnb.treat_single_token,167.870,167.870,58.190,3,3307.220,1,1,131,131
125,decode,pi: gdnb.compute_num_computed_tokens,126.210,126.210,44.540,3,3307.220,1,1,131,131
125,decode,pi: gdnb.mamba_block_table,5.180,5.180,1.870,3,3307.220,1,1,131,131
125,decode,pi: gdnb.split_decodes,117.990,117.990,42.140,3,3307.220,1,1,131,131
125,decode,pi: gdnb.pad_graph_inputs,281.730,281.730,99.540,3,3307.220,1,1,131,131
125,decode,pi: gdnb.ctor,22.120,22.120,8.270,3,3307.220,1,1,131,131
125,decode,pi: gdnb.attach_prefill,2.910,2.910,1.100,3,3307.220,1,1,131,131
125,decode,pi: gdnb.attach_spec,2.590,2.590,0.960,3,3307.220,1,1,131,131
125,decode,pi: gdnb.build_actual_seq_lengths,176.450,176.450,66.890,3,3307.220,1,1,131,131
125,decode,pi: gdnb.attach_decode,40.570,217.020,80.040,3,3307.220,1,1,131,131
125,decode,pi: am.builder_build@AscendGDNAttentionMetadataBuilder,173.260,1116.880,388.230,3,3307.220,1,1,131,131
125,decode,pi: build_attention_metadata,279.370,1720.900,1720.900,1,3307.220,1,1,131,131
125,decode,pi: sanitize_placeholder_ids,1.230,1.230,1.230,1,3307.220,1,1,131,131
125,decode,pi: sync_input_prep,100.690,3049.400,3049.400,1,3307.220,1,1,131,131
125,decode,pi: TOTAL,3307.220,3307.220,3307.220,1,3307.220,1,1,131,131
