run,model,tp,mode,mtp,batch_tag,rank,rank_from_name,window_index,window_dur_us,step_anchor,n_steps,n_steps_schedule,n_steps_prepare_input,n_steps_forward,step_period_us,scope,count,per_step,mean_us,p50_us,p90_us,p99_us,min_us,max_us,sum_us,share_of_step_pct,window_start_us,stamp,parse_ok
tdb_qwen3-17b_tp1_eager_mtp-off_e1a_20260915T014119Z_5,qwen3-17b,1,eager,off,e1a,0,5,0,25164742.3,prepare input,804,0,804,805,31299.431,draft_token,805,1.0012,2.245,2.24,2.39,2.53,1.97,3.18,1807.4,0.007,1045.0,20260915T014119Z,True
tdb_qwen3-17b_tp1_eager_mtp-off_e1a_20260915T014119Z_5,qwen3-17b,1,eager,off,e1a,0,5,0,25164742.3,prepare input,804,0,804,805,31299.431,forward,805,1.0012,28744.763,28602.26,28826.388,31362.21,27915.4,40462.67,23139533.9,91.838,1045.0,20260915T014119Z,True
tdb_qwen3-17b_tp1_eager_mtp-off_e1a_20260915T014119Z_5,qwen3-17b,1,eager,off,e1a,0,5,0,25164742.3,prepare input,804,0,804,805,31299.431,post process,805,1.0012,95.684,94.68,97.712,108.372,91.31,287.39,77026.0,0.306,1045.0,20260915T014119Z,True
tdb_qwen3-17b_tp1_eager_mtp-off_e1a_20260915T014119Z_5,qwen3-17b,1,eager,off,e1a,0,5,0,25164742.3,prepare input,804,0,804,805,31299.431,prepare input,804,1.0,1604.031,1594.61,1617.799,1790.573,1554.79,3665.43,1289641.1,5.125,1045.0,20260915T014119Z,True
tdb_qwen3-17b_tp1_eager_mtp-off_e1a_20260915T014119Z_5,qwen3-17b,1,eager,off,e1a,0,5,0,25164742.3,prepare input,804,0,804,805,31299.431,sample_token,805,1.0012,173.321,169.23,193.544,220.305,157.41,532.84,139523.5,0.554,1045.0,20260915T014119Z,True
tdb_qwen3-17b_tp1_eager_mtp-off_e1a_20260915T014119Z_5,qwen3-17b,1,eager,off,e1a,0,5,1,25239730.9,prepare input,803,0,803,804,31431.794,draft_token,804,1.0012,2.31,2.3,2.46,2.61,2.01,2.69,1857.3,0.007,225212581.0,20260915T014119Z,True
tdb_qwen3-17b_tp1_eager_mtp-off_e1a_20260915T014119Z_5,qwen3-17b,1,eager,off,e1a,0,5,1,25239730.9,prepare input,803,0,803,804,31431.794,forward,804,1.0012,28840.439,28810.955,29007.021,29163.973,28551.31,31068.8,23187713.3,91.756,225212581.0,20260915T014119Z,True
tdb_qwen3-17b_tp1_eager_mtp-off_e1a_20260915T014119Z_5,qwen3-17b,1,eager,off,e1a,0,5,1,25239730.9,prepare input,803,0,803,804,31431.794,post process,804,1.0012,98.715,98.22,99.847,109.138,95.46,184.98,79367.2,0.314,225212581.0,20260915T014119Z,True
tdb_qwen3-17b_tp1_eager_mtp-off_e1a_20260915T014119Z_5,qwen3-17b,1,eager,off,e1a,0,5,1,25239730.9,prepare input,803,0,803,804,31431.794,prepare input,803,1.0,1621.934,1618.53,1634.18,1646.077,1589.67,3453.09,1302413.1,5.16,225212581.0,20260915T014119Z,True
tdb_qwen3-17b_tp1_eager_mtp-off_e1a_20260915T014119Z_5,qwen3-17b,1,eager,off,e1a,0,5,1,25239730.9,prepare input,803,0,803,804,31431.794,sample_token,804,1.0012,169.118,168.385,170.91,186.186,162.91,218.2,135970.5,0.538,225212581.0,20260915T014119Z,True
tdb_qwen3-17b_tp1_eager_mtp-off_e1a_20260915T014119Z_5,qwen3-17b,1,eager,off,e1a,0,5,2,25215321.1,prepare input,804,0,804,805,31362.34,draft_token,805,1.0012,2.309,2.29,2.43,2.59,2.01,10.22,1859.1,0.007,448498161.0,20260915T014119Z,True
tdb_qwen3-17b_tp1_eager_mtp-off_e1a_20260915T014119Z_5,qwen3-17b,1,eager,off,e1a,0,5,2,25215321.1,prepare input,804,0,804,805,31362.34,forward,805,1.0012,28796.281,28860.64,29140.524,29245.446,27753.21,31148.5,23181005.9,91.818,448498161.0,20260915T014119Z,True
tdb_qwen3-17b_tp1_eager_mtp-off_e1a_20260915T014119Z_5,qwen3-17b,1,eager,off,e1a,0,5,2,25215321.1,prepare input,804,0,804,805,31362.34,post process,805,1.0012,96.785,96.69,99.282,108.219,90.9,139.54,77912.2,0.309,448498161.0,20260915T014119Z,True
tdb_qwen3-17b_tp1_eager_mtp-off_e1a_20260915T014119Z_5,qwen3-17b,1,eager,off,e1a,0,5,2,25215321.1,prepare input,804,0,804,805,31362.34,prepare input,804,1.0,1606.789,1607.94,1632.497,1657.796,1539.78,2966.86,1291858.2,5.123,448498161.0,20260915T014119Z,True
tdb_qwen3-17b_tp1_eager_mtp-off_e1a_20260915T014119Z_5,qwen3-17b,1,eager,off,e1a,0,5,2,25215321.1,prepare input,804,0,804,805,31362.34,sample_token,805,1.0012,167.726,166.99,171.1,194.222,156.27,216.44,135019.3,0.535,448498161.0,20260915T014119Z,True
tdb_qwen3-17b_tp1_eager_mtp-off_e1a_20260915T014119Z_5,qwen3-17b,1,eager,off,e1a,0,5,3,25148726.0,prepare input,756,0,756,757,33265.511,draft_token,757,1.0013,2.505,2.5,2.67,2.79,2.16,3.71,1896.0,0.008,671007092.0,20260915T014119Z,True
tdb_qwen3-17b_tp1_eager_mtp-off_e1a_20260915T014119Z_5,qwen3-17b,1,eager,off,e1a,0,5,3,25148726.0,prepare input,756,0,756,757,33265.511,forward,757,1.0013,30538.487,30452.85,31166.994,32983.176,28812.03,35356.04,23117634.6,91.802,671007092.0,20260915T014119Z,True
tdb_qwen3-17b_tp1_eager_mtp-off_e1a_20260915T014119Z_5,qwen3-17b,1,eager,off,e1a,0,5,3,25148726.0,prepare input,756,0,756,757,33265.511,post process,757,1.0013,104.753,104.29,106.746,119.352,95.32,135.78,79298.3,0.315,671007092.0,20260915T014119Z,True
tdb_qwen3-17b_tp1_eager_mtp-off_e1a_20260915T014119Z_5,qwen3-17b,1,eager,off,e1a,0,5,3,25148726.0,prepare input,756,0,756,757,33265.511,prepare input,756,1.0,1699.22,1695.75,1717.42,1902.391,1585.26,2031.67,1284610.2,5.108,671007092.0,20260915T014119Z,True
tdb_qwen3-17b_tp1_eager_mtp-off_e1a_20260915T014119Z_5,qwen3-17b,1,eager,off,e1a,0,5,3,25148726.0,prepare input,756,0,756,757,33265.511,sample_token,757,1.0013,178.967,176.48,183.376,207.11,161.48,1337.46,135478.3,0.538,671007092.0,20260915T014119Z,True
tdb_qwen3-17b_tp1_eager_mtp-off_e1a_20260915T014119Z_5,qwen3-17b,1,eager,off,e1a,0,5,4,25195873.9,prepare input,782,0,782,783,32219.788,draft_token,783,1.0013,2.463,2.45,2.61,3.017,2.08,12.19,1928.6,0.008,896497794.0,20260915T014119Z,True
tdb_qwen3-17b_tp1_eager_mtp-off_e1a_20260915T014119Z_5,qwen3-17b,1,eager,off,e1a,0,5,4,25195873.9,prepare input,782,0,782,783,32219.788,forward,783,1.0013,29562.945,28947.0,31314.93,35290.291,28706.78,43569.3,23147785.8,91.754,896497794.0,20260915T014119Z,True
tdb_qwen3-17b_tp1_eager_mtp-off_e1a_20260915T014119Z_5,qwen3-17b,1,eager,off,e1a,0,5,4,25195873.9,prepare input,782,0,782,783,32219.788,post process,783,1.0013,100.989,99.68,104.768,113.441,96.54,141.07,79074.6,0.313,896497794.0,20260915T014119Z,True
tdb_qwen3-17b_tp1_eager_mtp-off_e1a_20260915T014119Z_5,qwen3-17b,1,eager,off,e1a,0,5,4,25195873.9,prepare input,782,0,782,783,32219.788,prepare input,782,1.0,1656.593,1645.44,1685.334,1891.17,1612.58,2374.12,1295455.7,5.142,896497794.0,20260915T014119Z,True
tdb_qwen3-17b_tp1_eager_mtp-off_e1a_20260915T014119Z_5,qwen3-17b,1,eager,off,e1a,0,5,4,25195873.9,prepare input,782,0,782,783,32219.788,sample_token,783,1.0013,174.766,173.05,179.994,210.804,164.51,228.96,136842.0,0.542,896497794.0,20260915T014119Z,True
tdb_qwen3-17b_tp1_eager_mtp-off_m1a_20260914T230257Z_5,qwen3-17b,1,eager,off,m1a,0,5,0,25158145.3,prepare input,808,0,808,809,31136.318,draft_token,809,1.0012,2.297,2.27,2.41,2.54,1.96,14.57,1858.5,0.007,659.0,20260914T230257Z,True
tdb_qwen3-17b_tp1_eager_mtp-off_m1a_20260914T230257Z_5,qwen3-17b,1,eager,off,m1a,0,5,0,25158145.3,prepare input,808,0,808,809,31136.318,forward,809,1.0012,28561.139,28623.66,28742.182,29007.811,27747.26,31552.99,23105961.8,91.729,659.0,20260914T230257Z,True
tdb_qwen3-17b_tp1_eager_mtp-off_m1a_20260914T230257Z_5,qwen3-17b,1,eager,off,m1a,0,5,0,25158145.3,prepare input,808,0,808,809,31136.318,post process,809,1.0012,95.669,95.36,97.222,110.727,90.0,117.25,77395.9,0.307,659.0,20260914T230257Z,True
tdb_qwen3-17b_tp1_eager_mtp-off_m1a_20260914T230257Z_5,qwen3-17b,1,eager,off,m1a,0,5,0,25158145.3,prepare input,808,0,808,809,31136.318,prepare input,808,1.0,1581.279,1577.97,1599.853,1625.871,1516.16,5277.04,1277673.2,5.079,659.0,20260914T230257Z,True
tdb_qwen3-17b_tp1_eager_mtp-off_m1a_20260914T230257Z_5,qwen3-17b,1,eager,off,m1a,0,5,0,25158145.3,prepare input,808,0,808,809,31136.318,sample_token,809,1.0012,166.243,165.15,170.756,184.331,158.64,210.08,134490.3,0.534,659.0,20260914T230257Z,True
tdb_qwen3-17b_tp1_eager_mtp-off_m1a_20260914T230257Z_5,qwen3-17b,1,eager,off,m1a,0,5,1,25185448.2,prepare input,817,0,817,818,30826.742,draft_token,818,1.0012,2.291,2.28,2.43,2.53,1.98,3.22,1873.7,0.007,223051550.0,20260914T230257Z,True
tdb_qwen3-17b_tp1_eager_mtp-off_m1a_20260914T230257Z_5,qwen3-17b,1,eager,off,m1a,0,5,1,25185448.2,prepare input,817,0,817,818,30826.742,forward,818,1.0012,28237.524,28230.07,28313.573,28444.486,28069.52,29340.95,23098294.4,91.601,223051550.0,20260914T230257Z,True
tdb_qwen3-17b_tp1_eager_mtp-off_m1a_20260914T230257Z_5,qwen3-17b,1,eager,off,m1a,0,5,1,25185448.2,prepare input,817,0,817,818,30826.742,post process,818,1.0012,95.641,95.27,96.68,106.822,92.74,111.69,78234.6,0.31,223051550.0,20260914T230257Z,True
tdb_qwen3-17b_tp1_eager_mtp-off_m1a_20260914T230257Z_5,qwen3-17b,1,eager,off,m1a,0,5,1,25185448.2,prepare input,817,0,817,818,30826.742,prepare input,817,1.0,1591.348,1587.68,1611.566,1630.305,1553.35,2563.25,1300131.3,5.162,223051550.0,20260914T230257Z,True
tdb_qwen3-17b_tp1_eager_mtp-off_m1a_20260914T230257Z_5,qwen3-17b,1,eager,off,m1a,0,5,1,25185448.2,prepare input,817,0,817,818,30826.742,sample_token,818,1.0012,174.294,167.525,195.464,212.365,157.51,222.62,142572.4,0.565,223051550.0,20260914T230257Z,True
tdb_qwen3-17b_tp1_eager_mtp-off_m1a_20260914T230257Z_5,qwen3-17b,1,eager,off,m1a,0,5,2,25211967.1,prepare input,811,0,811,812,31087.506,draft_token,812,1.0012,2.372,2.3,2.47,2.71,1.89,24.06,1926.2,0.008,442519939.0,20260914T230257Z,True
tdb_qwen3-17b_tp1_eager_mtp-off_m1a_20260914T230257Z_5,qwen3-17b,1,eager,off,m1a,0,5,2,25211967.1,prepare input,811,0,811,812,31087.506,forward,812,1.0012,28428.383,28371.795,28506.909,30792.338,27969.74,31936.82,23083846.7,91.446,442519939.0,20260914T230257Z,True
tdb_qwen3-17b_tp1_eager_mtp-off_m1a_20260914T230257Z_5,qwen3-17b,1,eager,off,m1a,0,5,2,25211967.1,prepare input,811,0,811,812,31087.506,post process,812,1.0012,97.631,96.97,99.48,111.421,93.68,119.08,79276.6,0.314,442519939.0,20260914T230257Z,True
tdb_qwen3-17b_tp1_eager_mtp-off_m1a_20260914T230257Z_5,qwen3-17b,1,eager,off,m1a,0,5,2,25211967.1,prepare input,811,0,811,812,31087.506,prepare input,811,1.0,1623.075,1621.52,1643.73,1702.621,1578.98,1814.39,1316314.2,5.221,442519939.0,20260914T230257Z,True
tdb_qwen3-17b_tp1_eager_mtp-off_m1a_20260914T230257Z_5,qwen3-17b,1,eager,off,m1a,0,5,2,25211967.1,prepare input,811,0,811,812,31087.506,sample_token,812,1.0012,184.886,182.055,204.908,224.202,163.69,254.84,150127.1,0.595,442519939.0,20260914T230257Z,True
tdb_qwen3-17b_tp1_eager_mtp-off_m1a_20260914T230257Z_5,qwen3-17b,1,eager,off,m1a,0,5,3,25153101.4,prepare input,814,0,814,815,30900.616,draft_token,815,1.0012,2.312,2.31,2.44,2.587,2.03,3.04,1884.1,0.007,662871385.0,20260914T230257Z,True
tdb_qwen3-17b_tp1_eager_mtp-off_m1a_20260914T230257Z_5,qwen3-17b,1,eager,off,m1a,0,5,3,25153101.4,prepare input,814,0,814,815,30900.616,forward,815,1.0012,28280.654,28268.26,28372.486,28548.256,28061.34,30174.17,23048733.0,91.521,662871385.0,20260914T230257Z,True
tdb_qwen3-17b_tp1_eager_mtp-off_m1a_20260914T230257Z_5,qwen3-17b,1,eager,off,m1a,0,5,3,25153101.4,prepare input,814,0,814,815,30900.616,post process,815,1.0012,97.204,96.67,98.69,109.82,94.19,115.1,79221.4,0.315,662871385.0,20260914T230257Z,True
tdb_qwen3-17b_tp1_eager_mtp-off_m1a_20260914T230257Z_5,qwen3-17b,1,eager,off,m1a,0,5,3,25153101.4,prepare input,814,0,814,815,30900.616,prepare input,814,1.0,1610.803,1609.275,1627.697,1654.289,1577.16,1768.13,1311193.5,5.213,662871385.0,20260914T230257Z,True
tdb_qwen3-17b_tp1_eager_mtp-off_m1a_20260914T230257Z_5,qwen3-17b,1,eager,off,m1a,0,5,3,25153101.4,prepare input,814,0,814,815,30900.616,sample_token,815,1.0012,174.28,173.43,177.286,191.677,167.37,213.12,142038.2,0.564,662871385.0,20260914T230257Z,True
tdb_qwen3-17b_tp1_eager_mtp-off_m1a_20260914T230257Z_5,qwen3-17b,1,eager,off,m1a,0,5,4,25207393.2,prepare input,813,0,813,814,31005.404,draft_token,814,1.0012,2.346,2.35,2.48,2.61,2.01,2.71,1909.6,0.008,882759155.0,20260914T230257Z,True
tdb_qwen3-17b_tp1_eager_mtp-off_m1a_20260914T230257Z_5,qwen3-17b,1,eager,off,m1a,0,5,4,25207393.2,prepare input,813,0,813,814,31005.404,forward,814,1.0012,28351.018,28336.615,28471.617,28656.4,28123.95,29974.37,23077728.3,91.439,882759155.0,20260914T230257Z,True
tdb_qwen3-17b_tp1_eager_mtp-off_m1a_20260914T230257Z_5,qwen3-17b,1,eager,off,m1a,0,5,4,25207393.2,prepare input,813,0,813,814,31005.404,post process,814,1.0012,97.817,97.355,99.084,110.97,94.44,116.33,79622.8,0.315,882759155.0,20260914T230257Z,True
tdb_qwen3-17b_tp1_eager_mtp-off_m1a_20260914T230257Z_5,qwen3-17b,1,eager,off,m1a,0,5,4,25207393.2,prepare input,813,0,813,814,31005.404,prepare input,813,1.0,1617.014,1615.55,1635.416,1669.485,1583.85,1845.02,1314632.5,5.215,882759155.0,20260914T230257Z,True
tdb_qwen3-17b_tp1_eager_mtp-off_m1a_20260914T230257Z_5,qwen3-17b,1,eager,off,m1a,0,5,4,25207393.2,prepare input,813,0,813,814,31005.404,sample_token,814,1.0012,174.966,174.475,184.484,205.902,160.62,237.28,142422.4,0.564,882759155.0,20260914T230257Z,True
tdb_qwen3-17b_tp1_eager_mtp-off_w1_20260914T201524Z_5,qwen3-17b,1,eager,off,w1,0,5,0,25136319.7,Step:Schedule,579,579,579,580,43413.333,Step:Output,580,1.0017,43.227,43.11,44.49,56.095,36.77,63.85,25071.8,0.1,555.0,20260914T201524Z,True
tdb_qwen3-17b_tp1_eager_mtp-off_w1_20260914T201524Z_5,qwen3-17b,1,eager,off,w1,0,5,0,25136319.7,Step:Schedule,579,579,579,580,43413.333,Step:Schedule,579,1.0,316.211,244.51,449.374,477.635,210.57,2708.78,183086.2,0.728,555.0,20260914T201524Z,True
tdb_qwen3-17b_tp1_eager_mtp-off_w1_20260914T201524Z_5,qwen3-17b,1,eager,off,w1,0,5,0,25136319.7,Step:Schedule,579,579,579,580,43413.333,draft_token,580,1.0017,2.376,2.36,2.561,2.742,1.9,11.29,1378.0,0.005,555.0,20260914T201524Z,True
tdb_qwen3-17b_tp1_eager_mtp-off_w1_20260914T201524Z_5,qwen3-17b,1,eager,off,w1,0,5,0,25136319.7,Step:Schedule,579,579,579,580,43413.333,forward,580,1.0017,39614.856,39724.04,40521.18,41449.227,36392.32,48162.55,22976616.6,91.25,555.0,20260914T201524Z,True
tdb_qwen3-17b_tp1_eager_mtp-off_w1_20260914T201524Z_5,qwen3-17b,1,eager,off,w1,0,5,0,25136319.7,Step:Schedule,579,579,579,580,43413.333,post process,580,1.0017,133.264,104.08,293.909,318.784,92.75,331.76,77293.2,0.307,555.0,20260914T201524Z,True
tdb_qwen3-17b_tp1_eager_mtp-off_w1_20260914T201524Z_5,qwen3-17b,1,eager,off,w1,0,5,0,25136319.7,Step:Schedule,579,579,579,580,43413.333,prepare input,579,1.0,1963.444,2005.24,2043.15,2127.223,1697.74,2271.18,1136834.3,4.523,555.0,20260914T201524Z,True
tdb_qwen3-17b_tp1_eager_mtp-off_w1_20260914T201524Z_5,qwen3-17b,1,eager,off,w1,0,5,0,25136319.7,Step:Schedule,579,579,579,580,43413.333,sample_token,580,1.0017,164.856,116.69,323.159,340.523,101.99,366.04,95616.4,0.38,555.0,20260914T201524Z,True
tdb_qwen3-17b_tp1_eager_mtp-off_w1_20260914T201524Z_5,qwen3-17b,1,eager,off,w1,0,5,0,25136319.7,Step:Schedule,579,579,579,580,43413.333,schedule: allocate_slots,579,1.0,20.866,20.83,21.542,26.792,18.06,32.13,12081.2,0.048,555.0,20260914T201524Z,True
tdb_qwen3-17b_tp1_eager_mtp-off_w1_20260914T201524Z_5,qwen3-17b,1,eager,off,w1,0,5,0,25136319.7,Step:Schedule,579,579,579,580,43413.333,schedule: get_num_common_prefix_blocks,579,1.0,2.271,2.26,2.45,2.644,1.99,2.8,1315.0,0.005,555.0,20260914T201524Z,True
tdb_qwen3-17b_tp1_eager_mtp-off_w1_20260914T201524Z_5,qwen3-17b,1,eager,off,w1,0,5,0,25136319.7,Step:Schedule,579,579,579,580,43413.333,schedule: make_cached_request_data,579,1.0,11.866,11.81,12.44,15.13,10.33,17.92,6870.4,0.027,555.0,20260914T201524Z,True
tdb_qwen3-17b_tp1_eager_mtp-off_w1_20260914T201524Z_5,qwen3-17b,1,eager,off,w1,0,5,0,25136319.7,Step:Schedule,579,579,579,580,43413.333,schedule: update_after_schedule,579,1.0,7.631,7.6,7.94,8.871,6.5,17.39,4418.2,0.018,555.0,20260914T201524Z,True
tdb_qwen3-17b_tp1_eager_mtp-off_w1_20260914T201524Z_5,qwen3-17b,1,eager,off,w1,0,5,1,25193816.6,Step:Schedule,602,602,602,603,41850.194,Step:Output,603,1.0017,40.754,40.5,41.49,51.696,38.51,60.83,24574.9,0.097,228317181.0,20260914T201524Z,True
tdb_qwen3-17b_tp1_eager_mtp-off_w1_20260914T201524Z_5,qwen3-17b,1,eager,off,w1,0,5,1,25193816.6,Step:Schedule,602,602,602,603,41850.194,Step:Schedule,602,1.0,309.527,232.845,446.149,500.32,216.26,531.94,186335.0,0.74,228317181.0,20260914T201524Z,True
tdb_qwen3-17b_tp1_eager_mtp-off_w1_20260914T201524Z_5,qwen3-17b,1,eager,off,w1,0,5,1,25193816.6,Step:Schedule,602,602,602,603,41850.194,draft_token,603,1.0017,2.204,2.19,2.33,2.49,1.86,9.65,1328.8,0.005,228317181.0,20260914T201524Z,True
tdb_qwen3-17b_tp1_eager_mtp-off_w1_20260914T201524Z_5,qwen3-17b,1,eager,off,w1,0,5,1,25193816.6,Step:Schedule,602,602,602,603,41850.194,forward,603,1.0017,38202.724,37967.27,40133.336,41170.956,36889.77,41730.31,23036242.3,91.284,228317181.0,20260914T201524Z,True
tdb_qwen3-17b_tp1_eager_mtp-off_w1_20260914T201524Z_5,qwen3-17b,1,eager,off,w1,0,5,1,25193816.6,Step:Schedule,602,602,602,603,41850.194,post process,603,1.0017,147.519,98.03,304.648,353.687,93.07,413.33,88954.2,0.352,228317181.0,20260914T201524Z,True
tdb_qwen3-17b_tp1_eager_mtp-off_w1_20260914T201524Z_5,qwen3-17b,1,eager,off,w1,0,5,1,25193816.6,Step:Schedule,602,602,602,603,41850.194,prepare input,602,1.0,1924.862,1947.49,2006.243,2133.788,1708.12,2171.62,1158767.0,4.599,228317181.0,20260914T201524Z,True
tdb_qwen3-17b_tp1_eager_mtp-off_w1_20260914T201524Z_5,qwen3-17b,1,eager,off,w1,0,5,1,25193816.6,Step:Schedule,602,602,602,603,41850.194,sample_token,603,1.0017,138.729,110.48,314.582,334.494,104.54,399.98,83653.6,0.331,228317181.0,20260914T201524Z,True
tdb_qwen3-17b_tp1_eager_mtp-off_w1_20260914T201524Z_5,qwen3-17b,1,eager,off,w1,0,5,1,25193816.6,Step:Schedule,602,602,602,603,41850.194,schedule: allocate_slots,602,1.0,19.957,19.795,20.41,28.759,18.6,34.87,12014.2,0.048,228317181.0,20260914T201524Z,True
tdb_qwen3-17b_tp1_eager_mtp-off_w1_20260914T201524Z_5,qwen3-17b,1,eager,off,w1,0,5,1,25193816.6,Step:Schedule,602,602,602,603,41850.194,schedule: get_num_common_prefix_blocks,602,1.0,2.238,2.2,2.419,2.55,1.97,12.03,1347.4,0.005,228317181.0,20260914T201524Z,True
tdb_qwen3-17b_tp1_eager_mtp-off_w1_20260914T201524Z_5,qwen3-17b,1,eager,off,w1,0,5,1,25193816.6,Step:Schedule,602,602,602,603,41850.194,schedule: make_cached_request_data,602,1.0,11.328,11.27,11.829,13.429,10.17,24.78,6819.7,0.027,228317181.0,20260914T201524Z,True
tdb_qwen3-17b_tp1_eager_mtp-off_w1_20260914T201524Z_5,qwen3-17b,1,eager,off,w1,0,5,1,25193816.6,Step:Schedule,602,602,602,603,41850.194,schedule: update_after_schedule,602,1.0,7.407,7.37,7.68,8.3,6.91,16.25,4458.9,0.018,228317181.0,20260914T201524Z,True
tdb_qwen3-17b_tp1_eager_mtp-off_w1_20260914T201524Z_5,qwen3-17b,1,eager,off,w1,0,5,2,25166666.4,Step:Schedule,607,607,607,608,41460.736,Step:Output,608,1.0016,41.775,41.48,42.726,51.799,39.72,59.4,25399.3,0.101,453989329.0,20260914T201524Z,True
tdb_qwen3-17b_tp1_eager_mtp-off_w1_20260914T201524Z_5,qwen3-17b,1,eager,off,w1,0,5,2,25166666.4,Step:Schedule,607,607,607,608,41460.736,Step:Schedule,607,1.0,305.592,232.64,443.906,458.872,218.48,515.46,185494.5,0.737,453989329.0,20260914T201524Z,True
tdb_qwen3-17b_tp1_eager_mtp-off_w1_20260914T201524Z_5,qwen3-17b,1,eager,off,w1,0,5,2,25166666.4,Step:Schedule,607,607,607,608,41460.736,draft_token,608,1.0016,2.303,2.3,2.47,2.61,1.92,3.09,1400.0,0.006,453989329.0,20260914T201524Z,True
tdb_qwen3-17b_tp1_eager_mtp-off_w1_20260914T201524Z_5,qwen3-17b,1,eager,off,w1,0,5,2,25166666.4,Step:Schedule,607,607,607,608,41460.736,forward,608,1.0016,37821.514,37837.815,38143.442,38548.895,36895.58,39946.35,22995480.7,91.222,453989329.0,20260914T201524Z,True
tdb_qwen3-17b_tp1_eager_mtp-off_w1_20260914T201524Z_5,qwen3-17b,1,eager,off,w1,0,5,2,25166666.4,Step:Schedule,607,607,607,608,41460.736,post process,608,1.0016,136.718,98.275,298.932,317.952,92.83,343.18,83124.4,0.33,453989329.0,20260914T201524Z,True
tdb_qwen3-17b_tp1_eager_mtp-off_w1_20260914T201524Z_5,qwen3-17b,1,eager,off,w1,0,5,2,25166666.4,Step:Schedule,607,607,607,608,41460.736,prepare input,607,1.0,1913.778,1950.91,1990.912,2036.47,1721.11,2089.27,1161663.0,4.616,453989329.0,20260914T201524Z,True
tdb_qwen3-17b_tp1_eager_mtp-off_w1_20260914T201524Z_5,qwen3-17b,1,eager,off,w1,0,5,2,25166666.4,Step:Schedule,607,607,607,608,41460.736,sample_token,608,1.0016,150.92,111.45,318.964,334.728,106.37,359.68,91759.2,0.364,453989329.0,20260914T201524Z,True
tdb_qwen3-17b_tp1_eager_mtp-off_w1_20260914T201524Z_5,qwen3-17b,1,eager,off,w1,0,5,2,25166666.4,Step:Schedule,607,607,607,608,41460.736,schedule: allocate_slots,607,1.0,20.245,20.12,20.634,26.768,19.05,34.31,12289.0,0.049,453989329.0,20260914T201524Z,True
tdb_qwen3-17b_tp1_eager_mtp-off_w1_20260914T201524Z_5,qwen3-17b,1,eager,off,w1,0,5,2,25166666.4,Step:Schedule,607,607,607,608,41460.736,schedule: get_num_common_prefix_blocks,607,1.0,2.229,2.22,2.38,2.529,1.95,2.66,1353.3,0.005,453989329.0,20260914T201524Z,True
tdb_qwen3-17b_tp1_eager_mtp-off_w1_20260914T201524Z_5,qwen3-17b,1,eager,off,w1,0,5,2,25166666.4,Step:Schedule,607,607,607,608,41460.736,schedule: make_cached_request_data,607,1.0,11.483,11.39,11.94,15.246,10.18,23.29,6970.3,0.028,453989329.0,20260914T201524Z,True
tdb_qwen3-17b_tp1_eager_mtp-off_w1_20260914T201524Z_5,qwen3-17b,1,eager,off,w1,0,5,2,25166666.4,Step:Schedule,607,607,607,608,41460.736,schedule: update_after_schedule,607,1.0,7.498,7.46,7.82,8.459,6.8,8.66,4551.6,0.018,453989329.0,20260914T201524Z,True
tdb_qwen3-17b_tp1_eager_mtp-off_w1_20260914T201524Z_5,qwen3-17b,1,eager,off,w1,0,5,3,25141404.3,Step:Schedule,603,603,603,604,41693.871,Step:Output,604,1.0017,42.234,42.025,43.007,50.856,40.09,63.2,25509.2,0.101,679379938.0,20260914T201524Z,True
tdb_qwen3-17b_tp1_eager_mtp-off_w1_20260914T201524Z_5,qwen3-17b,1,eager,off,w1,0,5,3,25141404.3,Step:Schedule,603,603,603,604,41693.871,Step:Schedule,603,1.0,308.066,230.48,456.976,622.597,219.46,692.82,185763.5,0.739,679379938.0,20260914T201524Z,True
tdb_qwen3-17b_tp1_eager_mtp-off_w1_20260914T201524Z_5,qwen3-17b,1,eager,off,w1,0,5,3,25141404.3,Step:Schedule,603,603,603,604,41693.871,draft_token,604,1.0017,2.337,2.335,2.507,2.65,1.95,3.11,1411.8,0.006,679379938.0,20260914T201524Z,True
tdb_qwen3-17b_tp1_eager_mtp-off_w1_20260914T201524Z_5,qwen3-17b,1,eager,off,w1,0,5,3,25141404.3,Step:Schedule,603,603,603,604,41693.871,forward,604,1.0017,37981.171,37999.7,38261.238,38545.097,37101.75,39076.12,22940627.4,91.095,679379938.0,20260914T201524Z,True
tdb_qwen3-17b_tp1_eager_mtp-off_w1_20260914T201524Z_5,qwen3-17b,1,eager,off,w1,0,5,3,25141404.3,Step:Schedule,603,603,603,604,41693.871,post process,604,1.0017,134.551,99.17,291.431,320.035,94.82,359.45,81269.1,0.323,679379938.0,20260914T201524Z,True
tdb_qwen3-17b_tp1_eager_mtp-off_w1_20260914T201524Z_5,qwen3-17b,1,eager,off,w1,0,5,3,25141404.3,Step:Schedule,603,603,603,604,41693.871,prepare input,603,1.0,1955.034,1974.93,2051.648,2104.785,1735.0,2307.11,1178885.5,4.689,679379938.0,20260914T201524Z,True
tdb_qwen3-17b_tp1_eager_mtp-off_w1_20260914T201524Z_5,qwen3-17b,1,eager,off,w1,0,5,3,25141404.3,Step:Schedule,603,603,603,604,41693.871,sample_token,604,1.0017,140.957,111.42,309.161,329.874,106.79,349.98,85138.2,0.338,679379938.0,20260914T201524Z,True
tdb_qwen3-17b_tp1_eager_mtp-off_w1_20260914T201524Z_5,qwen3-17b,1,eager,off,w1,0,5,3,25141404.3,Step:Schedule,603,603,603,604,41693.871,schedule: allocate_slots,603,1.0,20.238,20.14,20.8,23.029,18.78,31.48,12203.8,0.049,679379938.0,20260914T201524Z,True
tdb_qwen3-17b_tp1_eager_mtp-off_w1_20260914T201524Z_5,qwen3-17b,1,eager,off,w1,0,5,3,25141404.3,Step:Schedule,603,603,603,604,41693.871,schedule: get_num_common_prefix_blocks,603,1.0,2.227,2.21,2.398,2.549,1.98,2.68,1342.9,0.005,679379938.0,20260914T201524Z,True
tdb_qwen3-17b_tp1_eager_mtp-off_w1_20260914T201524Z_5,qwen3-17b,1,eager,off,w1,0,5,3,25141404.3,Step:Schedule,603,603,603,604,41693.871,schedule: make_cached_request_data,603,1.0,11.525,11.48,11.978,13.183,10.41,15.35,6949.6,0.028,679379938.0,20260914T201524Z,True
tdb_qwen3-17b_tp1_eager_mtp-off_w1_20260914T201524Z_5,qwen3-17b,1,eager,off,w1,0,5,3,25141404.3,Step:Schedule,603,603,603,604,41693.871,schedule: update_after_schedule,603,1.0,7.594,7.52,7.968,8.57,6.91,16.96,4578.9,0.018,679379938.0,20260914T201524Z,True
tdb_qwen3-17b_tp1_eager_mtp-off_w1_20260914T201524Z_5,qwen3-17b,1,eager,off,w1,0,5,4,25197106.5,Step:Schedule,606,606,606,607,41579.384,Step:Output,607,1.0017,41.449,41.25,42.39,44.487,39.17,59.59,25159.7,0.1,904842988.0,20260914T201524Z,True
tdb_qwen3-17b_tp1_eager_mtp-off_w1_20260914T201524Z_5,qwen3-17b,1,eager,off,w1,0,5,4,25197106.5,Step:Schedule,606,606,606,607,41579.384,Step:Schedule,606,1.0,314.196,241.04,451.8,508.565,214.48,541.19,190402.6,0.756,904842988.0,20260914T201524Z,True
tdb_qwen3-17b_tp1_eager_mtp-off_w1_20260914T201524Z_5,qwen3-17b,1,eager,off,w1,0,5,4,25197106.5,Step:Schedule,606,606,606,607,41579.384,draft_token,607,1.0017,2.297,2.29,2.46,2.638,1.95,3.3,1394.1,0.006,904842988.0,20260914T201524Z,True
tdb_qwen3-17b_tp1_eager_mtp-off_w1_20260914T201524Z_5,qwen3-17b,1,eager,off,w1,0,5,4,25197106.5,Step:Schedule,606,606,606,607,41579.384,forward,607,1.0017,37903.805,37741.69,38856.306,40476.585,36927.73,41167.53,23007609.4,91.16,904842988.0,20260914T201524Z,True
tdb_qwen3-17b_tp1_eager_mtp-off_w1_20260914T201524Z_5,qwen3-17b,1,eager,off,w1,0,5,4,25197106.5,Step:Schedule,606,606,606,607,41579.384,post process,607,1.0017,142.639,98.49,302.478,329.548,93.76,413.29,86581.9,0.343,904842988.0,20260914T201524Z,True
tdb_qwen3-17b_tp1_eager_mtp-off_w1_20260914T201524Z_5,qwen3-17b,1,eager,off,w1,0,5,4,25197106.5,Step:Schedule,606,606,606,607,41579.384,prepare input,606,1.0,1931.173,1956.015,2009.12,2116.906,1725.05,2165.0,1170290.8,4.645,904842988.0,20260914T201524Z,True
tdb_qwen3-17b_tp1_eager_mtp-off_w1_20260914T201524Z_5,qwen3-17b,1,eager,off,w1,0,5,4,25197106.5,Step:Schedule,606,606,606,607,41579.384,sample_token,607,1.0017,135.039,110.78,309.164,342.38,105.72,414.57,81968.8,0.325,904842988.0,20260914T201524Z,True
tdb_qwen3-17b_tp1_eager_mtp-off_w1_20260914T201524Z_5,qwen3-17b,1,eager,off,w1,0,5,4,25197106.5,Step:Schedule,606,606,606,607,41579.384,schedule: allocate_slots,606,1.0,20.057,19.98,20.53,21.358,19.05,30.34,12154.3,0.048,904842988.0,20260914T201524Z,True
tdb_qwen3-17b_tp1_eager_mtp-off_w1_20260914T201524Z_5,qwen3-17b,1,eager,off,w1,0,5,4,25197106.5,Step:Schedule,606,606,606,607,41579.384,schedule: get_num_common_prefix_blocks,606,1.0,2.276,2.26,2.44,2.707,1.98,3.68,1379.0,0.005,904842988.0,20260914T201524Z,True
tdb_qwen3-17b_tp1_eager_mtp-off_w1_20260914T201524Z_5,qwen3-17b,1,eager,off,w1,0,5,4,25197106.5,Step:Schedule,606,606,606,607,41579.384,schedule: make_cached_request_data,606,1.0,11.622,11.55,12.2,14.723,10.43,19.67,7043.2,0.028,904842988.0,20260914T201524Z,True
tdb_qwen3-17b_tp1_eager_mtp-off_w1_20260914T201524Z_5,qwen3-17b,1,eager,off,w1,0,5,4,25197106.5,Step:Schedule,606,606,606,607,41579.384,schedule: update_after_schedule,606,1.0,7.574,7.52,7.88,8.578,6.91,11.47,4590.0,0.018,904842988.0,20260914T201524Z,True
tdb_qwen3-17b_tp1_graph_mtp-off_e1a_20260915T014119Z_4,qwen3-17b,1,graph,off,e1a,0,4,0,25197721.4,prepare input,4524,0,4524,4525,5569.788,draft_token,4525,1.0002,2.448,2.44,2.59,2.738,2.05,18.01,11078.1,0.044,724.0,20260915T014119Z,True
tdb_qwen3-17b_tp1_graph_mtp-off_e1a_20260915T014119Z_4,qwen3-17b,1,graph,off,e1a,0,4,0,25197721.4,prepare input,4524,0,4524,4525,5569.788,forward,4525,1.0002,3008.497,3001.38,3066.106,3132.545,2886.18,3573.82,13613450.0,54.015,724.0,20260915T014119Z,True
tdb_qwen3-17b_tp1_graph_mtp-off_e1a_20260915T014119Z_4,qwen3-17b,1,graph,off,e1a,0,4,0,25197721.4,prepare input,4524,0,4524,4525,5569.788,post process,4525,1.0002,118.51,116.74,123.756,135.113,106.73,171.92,536257.7,2.128,724.0,20260915T014119Z,True
tdb_qwen3-17b_tp1_graph_mtp-off_e1a_20260915T014119Z_4,qwen3-17b,1,graph,off,e1a,0,4,0,25197721.4,prepare input,4524,0,4524,4525,5569.788,prepare input,4524,1.0,1613.261,1612.515,1649.53,1691.983,1536.19,6457.61,7298393.0,28.964,724.0,20260915T014119Z,True
tdb_qwen3-17b_tp1_graph_mtp-off_e1a_20260915T014119Z_4,qwen3-17b,1,graph,off,e1a,0,4,0,25197721.4,prepare input,4524,0,4524,4525,5569.788,sample_token,4525,1.0002,163.654,163.11,167.206,182.27,131.2,293.51,740534.5,2.938,724.0,20260915T014119Z,True
tdb_qwen3-17b_tp1_graph_mtp-off_e1a_20260915T014119Z_4,qwen3-17b,1,graph,off,e1a,0,4,1,25111245.7,prepare input,4621,0,4621,4622,5434.158,draft_token,4622,1.0002,2.347,2.34,2.48,2.61,1.88,17.91,10846.4,0.043,40600115.0,20260915T014119Z,True
tdb_qwen3-17b_tp1_graph_mtp-off_e1a_20260915T014119Z_4,qwen3-17b,1,graph,off,e1a,0,4,1,25111245.7,prepare input,4621,0,4621,4622,5434.158,forward,4622,1.0002,2924.666,2901.95,3007.347,3141.574,2828.56,10206.53,13517805.9,53.82,40600115.0,20260915T014119Z,True
tdb_qwen3-17b_tp1_graph_mtp-off_e1a_20260915T014119Z_4,qwen3-17b,1,graph,off,e1a,0,4,1,25111245.7,prepare input,4621,0,4621,4622,5434.158,post process,4622,1.0002,112.24,111.98,113.35,127.149,105.96,141.02,518771.8,2.065,40600115.0,20260915T014119Z,True
tdb_qwen3-17b_tp1_graph_mtp-off_e1a_20260915T014119Z_4,qwen3-17b,1,graph,off,e1a,0,4,1,25111245.7,prepare input,4621,0,4621,4622,5434.158,prepare input,4621,1.0,1588.328,1578.51,1633.76,1650.93,1527.03,1745.69,7339662.3,29.229,40600115.0,20260915T014119Z,True
tdb_qwen3-17b_tp1_graph_mtp-off_e1a_20260915T014119Z_4,qwen3-17b,1,graph,off,e1a,0,4,1,25111245.7,prepare input,4621,0,4621,4622,5434.158,sample_token,4622,1.0002,156.763,156.015,158.939,172.978,147.02,235.16,724557.8,2.885,40600115.0,20260915T014119Z,True
tdb_qwen3-17b_tp1_graph_mtp-off_e1a_20260915T014119Z_4,qwen3-17b,1,graph,off,e1a,0,4,2,25110218.5,prepare input,4559,0,4559,4560,5507.835,draft_token,4560,1.0002,2.428,2.43,2.62,2.76,1.96,13.0,11072.5,0.044,80762964.0,20260915T014119Z,True
tdb_qwen3-17b_tp1_graph_mtp-off_e1a_20260915T014119Z_4,qwen3-17b,1,graph,off,e1a,0,4,2,25110218.5,prepare input,4559,0,4559,4560,5507.835,forward,4560,1.0002,2959.294,2953.83,2999.111,3150.643,2870.59,5928.62,13494381.4,53.729,80762964.0,20260915T014119Z,True
tdb_qwen3-17b_tp1_graph_mtp-off_e1a_20260915T014119Z_4,qwen3-17b,1,graph,off,e1a,0,4,2,25110218.5,prepare input,4559,0,4559,4560,5507.835,post process,4560,1.0002,117.151,116.25,120.92,132.563,109.23,179.1,534209.0,2.127,80762964.0,20260915T014119Z,True
tdb_qwen3-17b_tp1_graph_mtp-off_e1a_20260915T014119Z_4,qwen3-17b,1,graph,off,e1a,0,4,2,25110218.5,prepare input,4559,0,4559,4560,5507.835,prepare input,4559,1.0,1615.288,1617.68,1673.426,1691.908,1524.13,3689.53,7364099.1,29.327,80762964.0,20260915T014119Z,True
tdb_qwen3-17b_tp1_graph_mtp-off_e1a_20260915T014119Z_4,qwen3-17b,1,graph,off,e1a,0,4,2,25110218.5,prepare input,4559,0,4559,4560,5507.835,sample_token,4560,1.0002,160.019,157.54,166.6,180.322,148.75,208.27,729686.2,2.905,80762964.0,20260915T014119Z,True
tdb_qwen3-17b_tp1_graph_mtp-off_e1a_20260915T014119Z_4,qwen3-17b,1,graph,off,e1a,0,4,3,25108549.6,prepare input,4558,0,4558,4559,5508.677,draft_token,4559,1.0002,2.436,2.43,2.59,2.73,1.99,22.91,11103.5,0.044,120925515.0,20260915T014119Z,True
tdb_qwen3-17b_tp1_graph_mtp-off_e1a_20260915T014119Z_4,qwen3-17b,1,graph,off,e1a,0,4,3,25108549.6,prepare input,4558,0,4558,4559,5508.677,forward,4559,1.0002,2952.486,2943.67,3026.72,3183.5,2795.74,5378.72,13460382.5,53.597,120925515.0,20260915T014119Z,True
tdb_qwen3-17b_tp1_graph_mtp-off_e1a_20260915T014119Z_4,qwen3-17b,1,graph,off,e1a,0,4,3,25108549.6,prepare input,4558,0,4558,4559,5508.677,post process,4559,1.0002,116.482,114.42,122.38,131.517,109.03,166.15,531041.6,2.115,120925515.0,20260915T014119Z,True
tdb_qwen3-17b_tp1_graph_mtp-off_e1a_20260915T014119Z_4,qwen3-17b,1,graph,off,e1a,0,4,3,25108549.6,prepare input,4558,0,4558,4559,5508.677,prepare input,4558,1.0,1613.16,1599.995,1683.913,1707.426,1514.93,6152.42,7352785.2,29.284,120925515.0,20260915T014119Z,True
tdb_qwen3-17b_tp1_graph_mtp-off_e1a_20260915T014119Z_4,qwen3-17b,1,graph,off,e1a,0,4,3,25108549.6,prepare input,4558,0,4558,4559,5508.677,sample_token,4559,1.0002,161.495,162.74,168.42,181.344,145.97,202.35,736254.6,2.932,120925515.0,20260915T014119Z,True
tdb_qwen3-17b_tp1_graph_mtp-off_e1a_20260915T014119Z_4,qwen3-17b,1,graph,off,e1a,0,4,4,25108079.4,prepare input,4617,0,4617,4618,5438.181,draft_token,4618,1.0002,2.273,2.25,2.39,2.518,1.92,16.55,10495.5,0.042,161034787.0,20260915T014119Z,True
tdb_qwen3-17b_tp1_graph_mtp-off_e1a_20260915T014119Z_4,qwen3-17b,1,graph,off,e1a,0,4,4,25108079.4,prepare input,4617,0,4617,4618,5438.181,forward,4618,1.0002,2921.555,2901.66,2986.757,3145.57,2835.71,8428.24,13491741.7,53.723,161034787.0,20260915T014119Z,True
tdb_qwen3-17b_tp1_graph_mtp-off_e1a_20260915T014119Z_4,qwen3-17b,1,graph,off,e1a,0,4,4,25108079.4,prepare input,4617,0,4617,4618,5438.181,post process,4618,1.0002,114.133,113.89,115.71,128.404,107.15,522.96,527067.8,2.099,161034787.0,20260915T014119Z,True
tdb_qwen3-17b_tp1_graph_mtp-off_e1a_20260915T014119Z_4,qwen3-17b,1,graph,off,e1a,0,4,4,25108079.4,prepare input,4617,0,4617,4618,5438.181,prepare input,4617,1.0,1584.617,1581.76,1624.956,1648.634,1520.33,1904.82,7316177.4,29.139,161034787.0,20260915T014119Z,True
tdb_qwen3-17b_tp1_graph_mtp-off_e1a_20260915T014119Z_4,qwen3-17b,1,graph,off,e1a,0,4,4,25108079.4,prepare input,4617,0,4617,4618,5438.181,sample_token,4618,1.0002,161.783,161.11,164.91,177.718,152.63,397.19,747111.8,2.975,161034787.0,20260915T014119Z,True
tdb_qwen3-17b_tp1_graph_mtp-off_m1a_20260914T230257Z_4,qwen3-17b,1,graph,off,m1a,0,4,0,25170795.8,prepare input,4313,0,4313,4314,5836.03,draft_token,4314,1.0002,2.465,2.45,2.64,3.06,1.98,21.36,10634.9,0.042,1048.0,20260914T230257Z,True
tdb_qwen3-17b_tp1_graph_mtp-off_m1a_20260914T230257Z_4,qwen3-17b,1,graph,off,m1a,0,4,0,25170795.8,prepare input,4313,0,4313,4314,5836.03,forward,4314,1.0002,3102.086,3110.605,3177.397,3706.021,2794.22,5764.76,13382399.9,53.154,1048.0,20260914T230257Z,True
tdb_qwen3-17b_tp1_graph_mtp-off_m1a_20260914T230257Z_4,qwen3-17b,1,graph,off,m1a,0,4,0,25170795.8,prepare input,4313,0,4313,4314,5836.03,post process,4314,1.0002,123.952,124.01,128.237,143.898,107.72,223.2,534728.2,2.124,1048.0,20260914T230257Z,True
tdb_qwen3-17b_tp1_graph_mtp-off_m1a_20260914T230257Z_4,qwen3-17b,1,graph,off,m1a,0,4,0,25170795.8,prepare input,4313,0,4313,4314,5836.03,prepare input,4313,1.0,1715.854,1720.8,1765.028,2219.675,1557.99,3494.8,7400477.6,29.401,1048.0,20260914T230257Z,True
tdb_qwen3-17b_tp1_graph_mtp-off_m1a_20260914T230257Z_4,qwen3-17b,1,graph,off,m1a,0,4,0,25170795.8,prepare input,4313,0,4313,4314,5836.03,sample_token,4314,1.0002,174.718,174.145,181.157,204.25,116.43,758.88,753735.3,2.994,1048.0,20260914T230257Z,True
tdb_qwen3-17b_tp1_graph_mtp-off_m1a_20260914T230257Z_4,qwen3-17b,1,graph,off,m1a,0,4,1,25106277.8,prepare input,4519,0,4519,4520,5555.715,draft_token,4520,1.0002,2.328,2.31,2.47,2.868,1.9,19.11,10524.4,0.042,41925808.0,20260914T230257Z,True
tdb_qwen3-17b_tp1_graph_mtp-off_m1a_20260914T230257Z_4,qwen3-17b,1,graph,off,m1a,0,4,1,25106277.8,prepare input,4519,0,4519,4520,5555.715,forward,4520,1.0002,2982.109,2961.38,3063.228,3204.874,2870.12,4777.14,13479134.5,53.676,41925808.0,20260914T230257Z,True
tdb_qwen3-17b_tp1_graph_mtp-off_m1a_20260914T230257Z_4,qwen3-17b,1,graph,off,m1a,0,4,1,25106277.8,prepare input,4519,0,4519,4520,5555.715,post process,4520,1.0002,114.266,113.37,116.553,130.891,108.26,200.69,516483.4,2.057,41925808.0,20260914T230257Z,True
tdb_qwen3-17b_tp1_graph_mtp-off_m1a_20260914T230257Z_4,qwen3-17b,1,graph,off,m1a,0,4,1,25106277.8,prepare input,4519,0,4519,4520,5555.715,prepare input,4519,1.0,1604.417,1608.58,1664.674,1747.274,1508.03,3226.1,7250361.3,28.879,41925808.0,20260914T230257Z,True
tdb_qwen3-17b_tp1_graph_mtp-off_m1a_20260914T230257Z_4,qwen3-17b,1,graph,off,m1a,0,4,1,25106277.8,prepare input,4519,0,4519,4520,5555.715,sample_token,4520,1.0002,167.555,167.01,175.13,188.622,106.73,272.56,757348.5,3.016,41925808.0,20260914T230257Z,True
tdb_qwen3-17b_tp1_graph_mtp-off_m1a_20260914T230257Z_4,qwen3-17b,1,graph,off,m1a,0,4,2,25110372.2,prepare input,4574,0,4574,4575,5489.806,draft_token,4575,1.0002,2.397,2.38,2.57,2.743,1.93,19.47,10966.2,0.044,82432240.0,20260914T230257Z,True
tdb_qwen3-17b_tp1_graph_mtp-off_m1a_20260914T230257Z_4,qwen3-17b,1,graph,off,m1a,0,4,2,25110372.2,prepare input,4574,0,4574,4575,5489.806,forward,4575,1.0002,2908.738,2886.27,3064.496,3153.488,2710.43,3801.35,13307474.2,52.984,82432240.0,20260914T230257Z,True
tdb_qwen3-17b_tp1_graph_mtp-off_m1a_20260914T230257Z_4,qwen3-17b,1,graph,off,m1a,0,4,2,25110372.2,prepare input,4574,0,4574,4575,5489.806,post process,4575,1.0002,115.264,113.46,120.93,130.645,105.88,168.87,527333.3,2.1,82432240.0,20260914T230257Z,True
tdb_qwen3-17b_tp1_graph_mtp-off_m1a_20260914T230257Z_4,qwen3-17b,1,graph,off,m1a,0,4,2,25110372.2,prepare input,4574,0,4574,4575,5489.806,prepare input,4574,1.0,1606.637,1585.26,1678.97,1711.245,1501.04,1960.77,7348757.4,29.266,82432240.0,20260914T230257Z,True
tdb_qwen3-17b_tp1_graph_mtp-off_m1a_20260914T230257Z_4,qwen3-17b,1,graph,off,m1a,0,4,2,25110372.2,prepare input,4574,0,4574,4575,5489.806,sample_token,4575,1.0002,167.333,166.14,172.49,186.224,154.98,2295.84,765549.3,3.048,82432240.0,20260914T230257Z,True
tdb_qwen3-17b_tp1_graph_mtp-off_m1a_20260914T230257Z_4,qwen3-17b,1,graph,off,m1a,0,4,3,25120077.1,prepare input,4403,0,4403,4404,5705.219,draft_token,4404,1.0002,2.508,2.5,2.68,2.83,2.06,20.53,11045.1,0.044,122597020.0,20260914T230257Z,True
tdb_qwen3-17b_tp1_graph_mtp-off_m1a_20260914T230257Z_4,qwen3-17b,1,graph,off,m1a,0,4,3,25120077.1,prepare input,4403,0,4403,4404,5705.219,forward,4404,1.0002,2999.164,3006.51,3090.507,3197.421,2723.2,4018.38,13208317.9,52.569,122597020.0,20260914T230257Z,True
tdb_qwen3-17b_tp1_graph_mtp-off_m1a_20260914T230257Z_4,qwen3-17b,1,graph,off,m1a,0,4,3,25120077.1,prepare input,4403,0,4403,4404,5705.219,post process,4404,1.0002,123.162,123.27,126.337,140.274,114.67,179.23,542406.6,2.159,122597020.0,20260914T230257Z,True
tdb_qwen3-17b_tp1_graph_mtp-off_m1a_20260914T230257Z_4,qwen3-17b,1,graph,off,m1a,0,4,3,25120077.1,prepare input,4403,0,4403,4404,5705.219,prepare input,4403,1.0,1694.203,1691.86,1744.752,1771.459,1603.12,4338.13,7459573.9,29.696,122597020.0,20260914T230257Z,True
tdb_qwen3-17b_tp1_graph_mtp-off_m1a_20260914T230257Z_4,qwen3-17b,1,graph,off,m1a,0,4,3,25120077.1,prepare input,4403,0,4403,4404,5705.219,sample_token,4404,1.0002,172.704,170.42,180.04,193.017,116.41,309.97,760590.3,3.027,122597020.0,20260914T230257Z,True
tdb_qwen3-17b_tp1_graph_mtp-off_m1a_20260914T230257Z_4,qwen3-17b,1,graph,off,m1a,0,4,4,25115771.2,prepare input,4490,0,4490,4491,5593.713,draft_token,4491,1.0002,2.336,2.31,2.46,2.64,1.9,23.38,10490.4,0.042,163775872.0,20260914T230257Z,True
tdb_qwen3-17b_tp1_graph_mtp-off_m1a_20260914T230257Z_4,qwen3-17b,1,graph,off,m1a,0,4,4,25115771.2,prepare input,4490,0,4490,4491,5593.713,forward,4491,1.0002,3011.332,2996.25,3072.47,3239.49,2898.25,3966.38,13523893.9,53.834,163775872.0,20260914T230257Z,True
tdb_qwen3-17b_tp1_graph_mtp-off_m1a_20260914T230257Z_4,qwen3-17b,1,graph,off,m1a,0,4,4,25115771.2,prepare input,4490,0,4490,4491,5593.713,post process,4491,1.0002,112.794,112.37,114.83,130.776,106.65,279.66,506558.2,2.016,163775872.0,20260914T230257Z,True
tdb_qwen3-17b_tp1_graph_mtp-off_m1a_20260914T230257Z_4,qwen3-17b,1,graph,off,m1a,0,4,4,25115771.2,prepare input,4490,0,4490,4491,5593.713,prepare input,4490,1.0,1618.746,1617.055,1649.35,1790.291,1532.16,4273.92,7268171.6,28.939,163775872.0,20260914T230257Z,True
tdb_qwen3-17b_tp1_graph_mtp-off_m1a_20260914T230257Z_4,qwen3-17b,1,graph,off,m1a,0,4,4,25115771.2,prepare input,4490,0,4490,4491,5593.713,sample_token,4491,1.0002,167.899,166.63,171.17,191.507,114.2,298.65,754034.6,3.002,163775872.0,20260914T230257Z,True
tdb_qwen3-17b_tp1_graph_mtp-off_w1_20260914T201524Z_4,qwen3-17b,1,graph,off,w1,0,4,0,25165058.8,Step:Schedule,3488,3488,3488,3489,7214.753,Step:Output,3489,1.0003,41.148,39.16,45.072,53.162,34.78,66.93,143566.2,0.57,571.0,20260914T201524Z,True
tdb_qwen3-17b_tp1_graph_mtp-off_w1_20260914T201524Z_4,qwen3-17b,1,graph,off,w1,0,4,0,25165058.8,Step:Schedule,3488,3488,3488,3489,7214.753,Step:Schedule,3488,1.0,320.781,257.985,442.529,471.127,204.47,549.49,1118885.4,4.446,571.0,20260914T201524Z,True
tdb_qwen3-17b_tp1_graph_mtp-off_w1_20260914T201524Z_4,qwen3-17b,1,graph,off,w1,0,4,0,25165058.8,Step:Schedule,3488,3488,3488,3489,7214.753,draft_token,3489,1.0003,2.2,2.17,2.42,2.93,1.73,3.37,7675.4,0.03,571.0,20260914T201524Z,True
tdb_qwen3-17b_tp1_graph_mtp-off_w1_20260914T201524Z_4,qwen3-17b,1,graph,off,w1,0,4,0,25165058.8,Step:Schedule,3488,3488,3488,3489,7214.753,forward,3489,1.0003,3522.625,3480.55,3694.044,3885.059,3217.64,4944.31,12290440.2,48.825,571.0,20260914T201524Z,True
tdb_qwen3-17b_tp1_graph_mtp-off_w1_20260914T201524Z_4,qwen3-17b,1,graph,off,w1,0,4,0,25165058.8,Step:Schedule,3488,3488,3488,3489,7214.753,post process,3489,1.0003,181.792,127.3,319.004,346.315,112.8,378.97,634270.9,2.52,571.0,20260914T201524Z,True
tdb_qwen3-17b_tp1_graph_mtp-off_w1_20260914T201524Z_4,qwen3-17b,1,graph,off,w1,0,4,0,25165058.8,Step:Schedule,3488,3488,3488,3489,7214.753,prepare input,3488,1.0,2006.364,1980.625,2133.885,2221.806,1711.02,7245.87,6998198.9,27.809,571.0,20260914T201524Z,True
tdb_qwen3-17b_tp1_graph_mtp-off_w1_20260914T201524Z_4,qwen3-17b,1,graph,off,w1,0,4,0,25165058.8,Step:Schedule,3488,3488,3488,3489,7214.753,sample_token,3489,1.0003,139.771,114.98,309.012,340.051,104.9,397.61,487659.5,1.937,571.0,20260914T201524Z,True
tdb_qwen3-17b_tp1_graph_mtp-off_w1_20260914T201524Z_4,qwen3-17b,1,graph,off,w1,0,4,0,25165058.8,Step:Schedule,3488,3488,3488,3489,7214.753,schedule: allocate_slots,3488,1.0,20.074,19.455,21.4,26.31,17.84,46.48,70016.6,0.278,571.0,20260914T201524Z,True
tdb_qwen3-17b_tp1_graph_mtp-off_w1_20260914T201524Z_4,qwen3-17b,1,graph,off,w1,0,4,0,25165058.8,Step:Schedule,3488,3488,3488,3489,7214.753,schedule: get_num_common_prefix_blocks,3488,1.0,2.311,2.28,2.51,3.1,1.93,8.82,8060.7,0.032,571.0,20260914T201524Z,True
tdb_qwen3-17b_tp1_graph_mtp-off_w1_20260914T201524Z_4,qwen3-17b,1,graph,off,w1,0,4,0,25165058.8,Step:Schedule,3488,3488,3488,3489,7214.753,schedule: make_cached_request_data,3488,1.0,10.764,10.52,11.52,14.721,9.32,31.13,37545.2,0.149,571.0,20260914T201524Z,True
tdb_qwen3-17b_tp1_graph_mtp-off_w1_20260914T201524Z_4,qwen3-17b,1,graph,off,w1,0,4,0,25165058.8,Step:Schedule,3488,3488,3488,3489,7214.753,schedule: update_after_schedule,3488,1.0,7.559,7.39,8.2,10.034,6.33,11.22,26366.7,0.105,571.0,20260914T201524Z,True
tdb_qwen3-17b_tp1_graph_mtp-off_w1_20260914T201524Z_4,qwen3-17b,1,graph,off,w1,0,4,1,25111250.4,Step:Schedule,3566,3566,3566,3567,7041.854,Step:Output,3567,1.0003,39.759,39.35,40.6,49.231,36.94,76.93,141819.9,0.565,46621036.0,20260914T201524Z,True
tdb_qwen3-17b_tp1_graph_mtp-off_w1_20260914T201524Z_4,qwen3-17b,1,graph,off,w1,0,4,1,25111250.4,Step:Schedule,3566,3566,3566,3567,7041.854,Step:Schedule,3566,1.0,309.876,236.115,444.915,471.318,206.18,557.03,1105017.0,4.4,46621036.0,20260914T201524Z,True
tdb_qwen3-17b_tp1_graph_mtp-off_w1_20260914T201524Z_4,qwen3-17b,1,graph,off,w1,0,4,1,25111250.4,Step:Schedule,3566,3566,3566,3567,7041.854,draft_token,3567,1.0003,2.213,2.18,2.43,2.803,1.78,17.89,7892.8,0.031,46621036.0,20260914T201524Z,True
tdb_qwen3-17b_tp1_graph_mtp-off_w1_20260914T201524Z_4,qwen3-17b,1,graph,off,w1,0,4,1,25111250.4,Step:Schedule,3566,3566,3566,3567,7041.854,forward,3567,1.0003,3412.909,3404.01,3469.472,3650.279,3251.82,4222.07,12173847.6,48.466,46621036.0,20260914T201524Z,True
tdb_qwen3-17b_tp1_graph_mtp-off_w1_20260914T201524Z_4,qwen3-17b,1,graph,off,w1,0,4,1,25111250.4,Step:Schedule,3566,3566,3566,3567,7041.854,post process,3567,1.0003,162.869,118.55,314.436,346.881,112.16,414.28,580953.5,2.313,46621036.0,20260914T201524Z,True
tdb_qwen3-17b_tp1_graph_mtp-off_w1_20260914T201524Z_4,qwen3-17b,1,graph,off,w1,0,4,1,25111250.4,Step:Schedule,3566,3566,3566,3567,7041.854,prepare input,3566,1.0,1980.348,1993.445,2044.545,2087.638,1740.36,4441.03,7061920.9,28.123,46621036.0,20260914T201524Z,True
tdb_qwen3-17b_tp1_graph_mtp-off_w1_20260914T201524Z_4,qwen3-17b,1,graph,off,w1,0,4,1,25111250.4,Step:Schedule,3566,3566,3566,3567,7041.854,sample_token,3567,1.0003,134.592,112.14,258.02,339.865,106.58,666.17,480091.0,1.911,46621036.0,20260914T201524Z,True
tdb_qwen3-17b_tp1_graph_mtp-off_w1_20260914T201524Z_4,qwen3-17b,1,graph,off,w1,0,4,1,25111250.4,Step:Schedule,3566,3566,3566,3567,7041.854,schedule: allocate_slots,3566,1.0,19.811,19.55,20.21,25.06,18.19,38.43,70646.6,0.281,46621036.0,20260914T201524Z,True
tdb_qwen3-17b_tp1_graph_mtp-off_w1_20260914T201524Z_4,qwen3-17b,1,graph,off,w1,0,4,1,25111250.4,Step:Schedule,3566,3566,3566,3567,7041.854,schedule: get_num_common_prefix_blocks,3566,1.0,2.25,2.22,2.43,2.973,1.87,3.4,8021.9,0.032,46621036.0,20260914T201524Z,True
tdb_qwen3-17b_tp1_graph_mtp-off_w1_20260914T201524Z_4,qwen3-17b,1,graph,off,w1,0,4,1,25111250.4,Step:Schedule,3566,3566,3566,3567,7041.854,schedule: make_cached_request_data,3566,1.0,10.592,10.43,11.01,13.944,9.64,24.81,37771.0,0.15,46621036.0,20260914T201524Z,True
tdb_qwen3-17b_tp1_graph_mtp-off_w1_20260914T201524Z_4,qwen3-17b,1,graph,off,w1,0,4,1,25111250.4,Step:Schedule,3566,3566,3566,3567,7041.854,schedule: update_after_schedule,3566,1.0,7.425,7.34,7.68,9.453,6.68,22.56,26476.3,0.105,46621036.0,20260914T201524Z,True
tdb_qwen3-17b_tp1_graph_mtp-off_w1_20260914T201524Z_4,qwen3-17b,1,graph,off,w1,0,4,2,25109436.6,Step:Schedule,3508,3508,3508,3509,7157.764,Step:Output,3509,1.0003,42.739,42.29,43.39,48.368,37.5,1506.61,149972.6,0.597,92385054.0,20260914T201524Z,True
tdb_qwen3-17b_tp1_graph_mtp-off_w1_20260914T201524Z_4,qwen3-17b,1,graph,off,w1,0,4,2,25109436.6,Step:Schedule,3508,3508,3508,3509,7157.764,Step:Schedule,3508,1.0,287.619,228.42,436.424,472.024,211.56,860.22,1008967.7,4.018,92385054.0,20260914T201524Z,True
tdb_qwen3-17b_tp1_graph_mtp-off_w1_20260914T201524Z_4,qwen3-17b,1,graph,off,w1,0,4,2,25109436.6,Step:Schedule,3508,3508,3508,3509,7157.764,draft_token,3509,1.0003,2.248,2.23,2.43,2.63,1.78,15.38,7887.2,0.031,92385054.0,20260914T201524Z,True
tdb_qwen3-17b_tp1_graph_mtp-off_w1_20260914T201524Z_4,qwen3-17b,1,graph,off,w1,0,4,2,25109436.6,Step:Schedule,3508,3508,3508,3509,7157.764,forward,3509,1.0003,3468.12,3446.24,3618.09,3724.975,3189.54,4724.2,12169633.3,48.453,92385054.0,20260914T201524Z,True
tdb_qwen3-17b_tp1_graph_mtp-off_w1_20260914T201524Z_4,qwen3-17b,1,graph,off,w1,0,4,2,25109436.6,Step:Schedule,3508,3508,3508,3509,7157.764,post process,3509,1.0003,174.006,126.4,318.156,351.726,115.03,483.06,610587.4,2.431,92385054.0,20260914T201524Z,True
tdb_qwen3-17b_tp1_graph_mtp-off_w1_20260914T201524Z_4,qwen3-17b,1,graph,off,w1,0,4,2,25109436.6,Step:Schedule,3508,3508,3508,3509,7157.764,prepare input,3508,1.0,2022.829,2031.46,2079.966,2130.554,1747.72,3053.12,7096084.4,28.261,92385054.0,20260914T201524Z,True
tdb_qwen3-17b_tp1_graph_mtp-off_w1_20260914T201524Z_4,qwen3-17b,1,graph,off,w1,0,4,2,25109436.6,Step:Schedule,3508,3508,3508,3509,7157.764,sample_token,3509,1.0003,159.656,117.91,322.48,356.168,107.74,391.19,560233.0,2.231,92385054.0,20260914T201524Z,True
tdb_qwen3-17b_tp1_graph_mtp-off_w1_20260914T201524Z_4,qwen3-17b,1,graph,off,w1,0,4,2,25109436.6,Step:Schedule,3508,3508,3508,3509,7157.764,schedule: allocate_slots,3508,1.0,20.833,20.78,21.39,24.89,18.54,44.44,73080.8,0.291,92385054.0,20260914T201524Z,True
tdb_qwen3-17b_tp1_graph_mtp-off_w1_20260914T201524Z_4,qwen3-17b,1,graph,off,w1,0,4,2,25109436.6,Step:Schedule,3508,3508,3508,3509,7157.764,schedule: get_num_common_prefix_blocks,3508,1.0,2.244,2.22,2.37,2.569,1.88,13.22,7872.5,0.031,92385054.0,20260914T201524Z,True
tdb_qwen3-17b_tp1_graph_mtp-off_w1_20260914T201524Z_4,qwen3-17b,1,graph,off,w1,0,4,2,25109436.6,Step:Schedule,3508,3508,3508,3509,7157.764,schedule: make_cached_request_data,3508,1.0,10.823,10.73,11.18,14.278,9.57,35.68,37966.7,0.151,92385054.0,20260914T201524Z,True
tdb_qwen3-17b_tp1_graph_mtp-off_w1_20260914T201524Z_4,qwen3-17b,1,graph,off,w1,0,4,2,25109436.6,Step:Schedule,3508,3508,3508,3509,7157.764,schedule: update_after_schedule,3508,1.0,7.793,7.76,8.05,8.55,6.89,44.2,27336.5,0.109,92385054.0,20260914T201524Z,True
tdb_qwen3-17b_tp1_graph_mtp-off_w1_20260914T201524Z_4,qwen3-17b,1,graph,off,w1,0,4,3,25109538.0,Step:Schedule,3547,3547,3547,3548,7079.092,Step:Output,3548,1.0003,41.897,41.77,42.64,52.515,38.43,69.11,148651.6,0.592,138495582.0,20260914T201524Z,True
tdb_qwen3-17b_tp1_graph_mtp-off_w1_20260914T201524Z_4,qwen3-17b,1,graph,off,w1,0,4,3,25109538.0,Step:Schedule,3547,3547,3547,3548,7079.092,Step:Schedule,3547,1.0,300.239,231.08,443.894,477.523,214.3,577.7,1064949.0,4.241,138495582.0,20260914T201524Z,True
tdb_qwen3-17b_tp1_graph_mtp-off_w1_20260914T201524Z_4,qwen3-17b,1,graph,off,w1,0,4,3,25109538.0,Step:Schedule,3547,3547,3547,3548,7079.092,draft_token,3548,1.0003,2.209,2.2,2.42,2.65,1.77,3.24,7837.2,0.031,138495582.0,20260914T201524Z,True
tdb_qwen3-17b_tp1_graph_mtp-off_w1_20260914T201524Z_4,qwen3-17b,1,graph,off,w1,0,4,3,25109538.0,Step:Schedule,3547,3547,3547,3548,7079.092,forward,3548,1.0003,3425.339,3415.065,3478.72,3692.476,3219.38,4833.23,12153101.8,48.387,138495582.0,20260914T201524Z,True
tdb_qwen3-17b_tp1_graph_mtp-off_w1_20260914T201524Z_4,qwen3-17b,1,graph,off,w1,0,4,3,25109538.0,Step:Schedule,3547,3547,3547,3548,7079.092,post process,3548,1.0003,173.907,120.63,319.773,349.465,113.67,499.58,617021.2,2.457,138495582.0,20260914T201524Z,True
tdb_qwen3-17b_tp1_graph_mtp-off_w1_20260914T201524Z_4,qwen3-17b,1,graph,off,w1,0,4,3,25109538.0,Step:Schedule,3547,3547,3547,3548,7079.092,prepare input,3547,1.0,1986.823,1993.98,2035.132,2083.132,1759.78,4868.56,7047259.7,28.066,138495582.0,20260914T201524Z,True
tdb_qwen3-17b_tp1_graph_mtp-off_w1_20260914T201524Z_4,qwen3-17b,1,graph,off,w1,0,4,3,25109538.0,Step:Schedule,3547,3547,3547,3548,7079.092,sample_token,3548,1.0003,140.354,112.93,314.794,348.471,107.31,426.19,497975.9,1.983,138495582.0,20260914T201524Z,True
tdb_qwen3-17b_tp1_graph_mtp-off_w1_20260914T201524Z_4,qwen3-17b,1,graph,off,w1,0,4,3,25109538.0,Step:Schedule,3547,3547,3547,3548,7079.092,schedule: allocate_slots,3547,1.0,20.264,20.12,20.78,24.582,18.51,42.31,71875.9,0.286,138495582.0,20260914T201524Z,True
tdb_qwen3-17b_tp1_graph_mtp-off_w1_20260914T201524Z_4,qwen3-17b,1,graph,off,w1,0,4,3,25109538.0,Step:Schedule,3547,3547,3547,3548,7079.092,schedule: get_num_common_prefix_blocks,3547,1.0,2.231,2.21,2.38,2.55,1.89,14.9,7912.4,0.032,138495582.0,20260914T201524Z,True
tdb_qwen3-17b_tp1_graph_mtp-off_w1_20260914T201524Z_4,qwen3-17b,1,graph,off,w1,0,4,3,25109538.0,Step:Schedule,3547,3547,3547,3548,7079.092,schedule: make_cached_request_data,3547,1.0,10.616,10.52,10.96,13.959,9.69,36.15,37654.2,0.15,138495582.0,20260914T201524Z,True
tdb_qwen3-17b_tp1_graph_mtp-off_w1_20260914T201524Z_4,qwen3-17b,1,graph,off,w1,0,4,3,25109538.0,Step:Schedule,3547,3547,3547,3548,7079.092,schedule: update_after_schedule,3547,1.0,7.584,7.55,7.82,8.3,6.76,32.7,26899.9,0.107,138495582.0,20260914T201524Z,True
tdb_qwen3-17b_tp1_graph_mtp-off_w1_20260914T201524Z_4,qwen3-17b,1,graph,off,w1,0,4,4,25113441.6,Step:Schedule,3589,3589,3589,3590,6997.337,Step:Output,3590,1.0003,40.689,40.49,41.42,51.937,38.09,69.0,146071.8,0.581,184408179.0,20260914T201524Z,True
tdb_qwen3-17b_tp1_graph_mtp-off_w1_20260914T201524Z_4,qwen3-17b,1,graph,off,w1,0,4,4,25113441.6,Step:Schedule,3589,3589,3589,3590,6997.337,Step:Schedule,3589,1.0,313.902,233.1,441.334,467.96,212.6,591.75,1126594.6,4.486,184408179.0,20260914T201524Z,True
tdb_qwen3-17b_tp1_graph_mtp-off_w1_20260914T201524Z_4,qwen3-17b,1,graph,off,w1,0,4,4,25113441.6,Step:Schedule,3589,3589,3589,3590,6997.337,draft_token,3590,1.0003,2.163,2.15,2.33,2.52,1.76,3.57,7763.4,0.031,184408179.0,20260914T201524Z,True
tdb_qwen3-17b_tp1_graph_mtp-off_w1_20260914T201524Z_4,qwen3-17b,1,graph,off,w1,0,4,4,25113441.6,Step:Schedule,3589,3589,3589,3590,6997.337,forward,3590,1.0003,3401.829,3397.99,3441.36,3601.821,3241.27,4882.17,12212566.2,48.616,184408179.0,20260914T201524Z,True
tdb_qwen3-17b_tp1_graph_mtp-off_w1_20260914T201524Z_4,qwen3-17b,1,graph,off,w1,0,4,4,25113441.6,Step:Schedule,3589,3589,3589,3590,6997.337,post process,3590,1.0003,159.97,118.75,312.237,338.757,113.29,357.26,574293.8,2.286,184408179.0,20260914T201524Z,True
tdb_qwen3-17b_tp1_graph_mtp-off_w1_20260914T201524Z_4,qwen3-17b,1,graph,off,w1,0,4,4,25113441.6,Step:Schedule,3589,3589,3589,3590,6997.337,prepare input,3589,1.0,1953.598,1974.81,2007.184,2068.466,1735.45,5528.95,7011463.1,27.919,184408179.0,20260914T201524Z,True
tdb_qwen3-17b_tp1_graph_mtp-off_w1_20260914T201524Z_4,qwen3-17b,1,graph,off,w1,0,4,4,25113441.6,Step:Schedule,3589,3589,3589,3590,6997.337,sample_token,3590,1.0003,128.787,111.41,127.364,329.748,106.44,445.77,462344.7,1.841,184408179.0,20260914T201524Z,True
tdb_qwen3-17b_tp1_graph_mtp-off_w1_20260914T201524Z_4,qwen3-17b,1,graph,off,w1,0,4,4,25113441.6,Step:Schedule,3589,3589,3589,3590,6997.337,schedule: allocate_slots,3589,1.0,19.815,19.71,20.25,23.715,18.29,47.05,71115.7,0.283,184408179.0,20260914T201524Z,True
tdb_qwen3-17b_tp1_graph_mtp-off_w1_20260914T201524Z_4,qwen3-17b,1,graph,off,w1,0,4,4,25113441.6,Step:Schedule,3589,3589,3589,3590,6997.337,schedule: get_num_common_prefix_blocks,3589,1.0,2.222,2.19,2.37,2.57,1.89,20.56,7975.2,0.032,184408179.0,20260914T201524Z,True
tdb_qwen3-17b_tp1_graph_mtp-off_w1_20260914T201524Z_4,qwen3-17b,1,graph,off,w1,0,4,4,25113441.6,Step:Schedule,3589,3589,3589,3590,6997.337,schedule: make_cached_request_data,3589,1.0,10.568,10.46,10.98,13.798,9.57,33.31,37927.9,0.151,184408179.0,20260914T201524Z,True
tdb_qwen3-17b_tp1_graph_mtp-off_w1_20260914T201524Z_4,qwen3-17b,1,graph,off,w1,0,4,4,25113441.6,Step:Schedule,3589,3589,3589,3590,6997.337,schedule: update_after_schedule,3589,1.0,7.385,7.36,7.632,8.08,6.68,19.6,26505.6,0.106,184408179.0,20260914T201524Z,True
tdb_qwen35-08b_tp1_eager_mtp-off_e1a_20260915T014119Z_2,qwen35-08b,1,eager,off,e1a,0,2,0,25167244.1,prepare input,693,0,693,694,36316.37,async_state_update,694,1.0014,47.474,46.95,48.097,62.051,45.52,98.51,32947.2,0.131,1231.0,20260915T014119Z,True
tdb_qwen35-08b_tp1_eager_mtp-off_e1a_20260915T014119Z_2,qwen35-08b,1,eager,off,e1a,0,2,0,25167244.1,prepare input,693,0,693,694,36316.37,draft_token,694,1.0014,2.619,2.62,2.787,2.941,2.15,3.64,1817.2,0.007,1231.0,20260915T014119Z,True
tdb_qwen35-08b_tp1_eager_mtp-off_e1a_20260915T014119Z_2,qwen35-08b,1,eager,off,e1a,0,2,0,25167244.1,prepare input,693,0,693,694,36316.37,forward,694,1.0014,32583.203,32438.95,33158.094,33940.823,32149.15,43527.95,22612742.8,89.72,1231.0,20260915T014119Z,True
tdb_qwen35-08b_tp1_eager_mtp-off_e1a_20260915T014119Z_2,qwen35-08b,1,eager,off,e1a,0,2,0,25167244.1,prepare input,693,0,693,694,36316.37,post process,694,1.0014,102.836,101.84,104.71,116.768,97.77,173.76,71368.1,0.283,1231.0,20260915T014119Z,True
tdb_qwen35-08b_tp1_eager_mtp-off_e1a_20260915T014119Z_2,qwen35-08b,1,eager,off,e1a,0,2,0,25167244.1,prepare input,693,0,693,694,36316.37,prepare input,693,1.0,2607.058,2595.68,2634.44,2738.888,2544.05,5050.55,1806691.0,7.179,1231.0,20260915T014119Z,True
tdb_qwen35-08b_tp1_eager_mtp-off_e1a_20260915T014119Z_2,qwen35-08b,1,eager,off,e1a,0,2,0,25167244.1,prepare input,693,0,693,694,36316.37,sample_token,694,1.0014,186.18,196.72,203.291,220.851,157.68,380.16,129208.7,0.513,1231.0,20260915T014119Z,True
tdb_qwen35-08b_tp1_eager_mtp-off_e1a_20260915T014119Z_2,qwen35-08b,1,eager,off,e1a,0,2,1,25220721.9,prepare input,690,0,690,691,36551.771,async_state_update,691,1.0014,47.558,47.45,48.66,57.088,45.02,61.79,32862.9,0.13,259044026.0,20260915T014119Z,True
tdb_qwen35-08b_tp1_eager_mtp-off_e1a_20260915T014119Z_2,qwen35-08b,1,eager,off,e1a,0,2,1,25220721.9,prepare input,690,0,690,691,36551.771,draft_token,691,1.0014,2.505,2.5,2.67,2.891,2.13,3.22,1730.7,0.007,259044026.0,20260915T014119Z,True
tdb_qwen35-08b_tp1_eager_mtp-off_e1a_20260915T014119Z_2,qwen35-08b,1,eager,off,e1a,0,2,1,25220721.9,prepare input,690,0,690,691,36551.771,forward,691,1.0014,32793.76,32976.93,33195.06,33517.662,32042.28,35110.27,22660488.1,89.719,259044026.0,20260915T014119Z,True
tdb_qwen35-08b_tp1_eager_mtp-off_e1a_20260915T014119Z_2,qwen35-08b,1,eager,off,e1a,0,2,1,25220721.9,prepare input,690,0,690,691,36551.771,post process,691,1.0014,102.465,102.08,104.52,115.686,97.54,129.46,70803.0,0.28,259044026.0,20260915T014119Z,True
tdb_qwen35-08b_tp1_eager_mtp-off_e1a_20260915T014119Z_2,qwen35-08b,1,eager,off,e1a,0,2,1,25220721.9,prepare input,690,0,690,691,36551.771,prepare input,690,1.0,2634.368,2648.32,2676.247,2810.93,2551.03,3042.07,1817713.9,7.207,259044026.0,20260915T014119Z,True
tdb_qwen35-08b_tp1_eager_mtp-off_e1a_20260915T014119Z_2,qwen35-08b,1,eager,off,e1a,0,2,1,25220721.9,prepare input,690,0,690,691,36551.771,sample_token,691,1.0014,188.235,187.34,200.52,228.29,159.38,273.06,130070.6,0.515,259044026.0,20260915T014119Z,True
tdb_qwen35-08b_tp1_eager_mtp-off_e1a_20260915T014119Z_2,qwen35-08b,1,eager,off,e1a,0,2,2,25211042.6,prepare input,696,0,696,697,36222.762,async_state_update,697,1.0014,47.745,47.51,48.534,56.634,45.5,63.19,33278.1,0.132,522633479.0,20260915T014119Z,True
tdb_qwen35-08b_tp1_eager_mtp-off_e1a_20260915T014119Z_2,qwen35-08b,1,eager,off,e1a,0,2,2,25211042.6,prepare input,696,0,696,697,36222.762,draft_token,697,1.0014,2.473,2.47,2.62,2.78,2.15,3.03,1723.8,0.007,522633479.0,20260915T014119Z,True
tdb_qwen35-08b_tp1_eager_mtp-off_e1a_20260915T014119Z_2,qwen35-08b,1,eager,off,e1a,0,2,2,25211042.6,prepare input,696,0,696,697,36222.762,forward,697,1.0014,32481.537,32435.9,32657.028,33376.063,32139.79,35417.86,22639631.1,89.672,522633479.0,20260915T014119Z,True
tdb_qwen35-08b_tp1_eager_mtp-off_e1a_20260915T014119Z_2,qwen35-08b,1,eager,off,e1a,0,2,2,25211042.6,prepare input,696,0,696,697,36222.762,post process,697,1.0014,101.992,101.56,103.99,111.96,97.85,116.79,71088.5,0.282,522633479.0,20260915T014119Z,True
tdb_qwen35-08b_tp1_eager_mtp-off_e1a_20260915T014119Z_2,qwen35-08b,1,eager,off,e1a,0,2,2,25211042.6,prepare input,696,0,696,697,36222.762,prepare input,696,1.0,2624.796,2627.805,2659.07,2707.772,2559.52,2823.74,1826858.3,7.246,522633479.0,20260915T014119Z,True
tdb_qwen35-08b_tp1_eager_mtp-off_e1a_20260915T014119Z_2,qwen35-08b,1,eager,off,e1a,0,2,2,25211042.6,prepare input,696,0,696,697,36222.762,sample_token,697,1.0014,183.627,181.81,199.996,222.508,164.1,249.91,127987.9,0.507,522633479.0,20260915T014119Z,True
tdb_qwen35-08b_tp1_eager_mtp-off_e1a_20260915T014119Z_2,qwen35-08b,1,eager,off,e1a,0,2,3,25193436.3,prepare input,708,0,708,709,35583.95,async_state_update,709,1.0014,46.358,46.13,46.934,57.164,44.84,61.55,32867.9,0.13,776852287.0,20260915T014119Z,True
tdb_qwen35-08b_tp1_eager_mtp-off_e1a_20260915T014119Z_2,qwen35-08b,1,eager,off,e1a,0,2,3,25193436.3,prepare input,708,0,708,709,35583.95,draft_token,709,1.0014,2.608,2.61,2.74,2.86,2.28,2.9,1849.2,0.007,776852287.0,20260915T014119Z,True
tdb_qwen35-08b_tp1_eager_mtp-off_e1a_20260915T014119Z_2,qwen35-08b,1,eager,off,e1a,0,2,3,25193436.3,prepare input,708,0,708,709,35583.95,forward,709,1.0014,31925.625,31953.82,32232.632,32378.374,31348.06,33200.51,22635268.4,89.719,776852287.0,20260915T014119Z,True
tdb_qwen35-08b_tp1_eager_mtp-off_e1a_20260915T014119Z_2,qwen35-08b,1,eager,off,e1a,0,2,3,25193436.3,prepare input,708,0,708,709,35583.95,post process,709,1.0014,99.457,99.18,100.974,110.502,95.82,115.53,70514.8,0.279,776852287.0,20260915T014119Z,True
tdb_qwen35-08b_tp1_eager_mtp-off_e1a_20260915T014119Z_2,qwen35-08b,1,eager,off,e1a,0,2,3,25193436.3,prepare input,708,0,708,709,35583.95,prepare input,708,1.0,2557.41,2556.43,2578.226,2613.462,2501.89,2679.94,1810646.1,7.187,776852287.0,20260915T014119Z,True
tdb_qwen35-08b_tp1_eager_mtp-off_e1a_20260915T014119Z_2,qwen35-08b,1,eager,off,e1a,0,2,3,25193436.3,prepare input,708,0,708,709,35583.95,sample_token,709,1.0014,174.87,174.76,180.17,204.708,161.84,221.46,123982.8,0.491,776852287.0,20260915T014119Z,True
tdb_qwen35-08b_tp1_eager_mtp-off_e1a_20260915T014119Z_2,qwen35-08b,1,eager,off,e1a,0,2,4,25191817.8,prepare input,708,0,708,709,35581.664,async_state_update,709,1.0014,46.416,46.29,47.514,54.612,43.52,64.67,32908.8,0.13,1032372082.0,20260915T014119Z,True
tdb_qwen35-08b_tp1_eager_mtp-off_e1a_20260915T014119Z_2,qwen35-08b,1,eager,off,e1a,0,2,4,25191817.8,prepare input,708,0,708,709,35581.664,draft_token,709,1.0014,2.542,2.52,2.83,2.999,2.08,3.28,1802.5,0.007,1032372082.0,20260915T014119Z,True
tdb_qwen35-08b_tp1_eager_mtp-off_e1a_20260915T014119Z_2,qwen35-08b,1,eager,off,e1a,0,2,4,25191817.8,prepare input,708,0,708,709,35581.664,forward,709,1.0014,31920.178,31833.44,32312.226,32835.204,31312.45,35138.67,22631406.2,89.71,1032372082.0,20260915T014119Z,True
tdb_qwen35-08b_tp1_eager_mtp-off_e1a_20260915T014119Z_2,qwen35-08b,1,eager,off,e1a,0,2,4,25191817.8,prepare input,708,0,708,709,35581.664,post process,709,1.0014,100.123,100.21,102.868,111.16,94.16,147.98,70987.4,0.281,1032372082.0,20260915T014119Z,True
tdb_qwen35-08b_tp1_eager_mtp-off_e1a_20260915T014119Z_2,qwen35-08b,1,eager,off,e1a,0,2,4,25191817.8,prepare input,708,0,708,709,35581.664,prepare input,708,1.0,2567.056,2561.735,2608.234,2663.476,2488.11,3015.13,1817475.5,7.215,1032372082.0,20260915T014119Z,True
tdb_qwen35-08b_tp1_eager_mtp-off_e1a_20260915T014119Z_2,qwen35-08b,1,eager,off,e1a,0,2,4,25191817.8,prepare input,708,0,708,709,35581.664,sample_token,709,1.0014,176.63,174.5,182.596,225.176,164.35,253.47,125230.6,0.496,1032372082.0,20260915T014119Z,True
tdb_qwen35-08b_tp1_eager_mtp-off_m1a_20260914T230257Z_2,qwen35-08b,1,eager,off,m1a,0,2,0,25181157.9,prepare input,659,0,659,660,38211.165,async_state_update,660,1.0015,50.875,50.295,52.297,66.674,44.83,188.26,33577.6,0.133,1092.0,20260914T230257Z,True
tdb_qwen35-08b_tp1_eager_mtp-off_m1a_20260914T230257Z_2,qwen35-08b,1,eager,off,m1a,0,2,0,25181157.9,prepare input,659,0,659,660,38211.165,draft_token,660,1.0015,2.666,2.68,2.871,3.01,2.04,3.24,1759.4,0.007,1092.0,20260914T230257Z,True
tdb_qwen35-08b_tp1_eager_mtp-off_m1a_20260914T230257Z_2,qwen35-08b,1,eager,off,m1a,0,2,0,25181157.9,prepare input,659,0,659,660,38211.165,forward,660,1.0015,34214.16,34403.6,35069.133,36023.329,32004.86,37156.01,22581345.5,89.54,1092.0,20260914T230257Z,True
tdb_qwen35-08b_tp1_eager_mtp-off_m1a_20260914T230257Z_2,qwen35-08b,1,eager,off,m1a,0,2,0,25181157.9,prepare input,659,0,659,660,38211.165,post process,660,1.0015,108.953,108.92,112.798,126.02,95.77,141.98,71908.9,0.285,1092.0,20260914T230257Z,True
tdb_qwen35-08b_tp1_eager_mtp-off_m1a_20260914T230257Z_2,qwen35-08b,1,eager,off,m1a,0,2,0,25181157.9,prepare input,659,0,659,660,38211.165,prepare input,659,1.0,2784.773,2782.21,2826.548,2994.209,2576.05,4490.29,1835165.6,7.288,1092.0,20260914T230257Z,True
tdb_qwen35-08b_tp1_eager_mtp-off_m1a_20260914T230257Z_2,qwen35-08b,1,eager,off,m1a,0,2,0,25181157.9,prepare input,659,0,659,660,38211.165,sample_token,660,1.0015,183.859,181.385,192.482,222.972,161.25,612.28,121347.2,0.481,1092.0,20260914T230257Z,True
tdb_qwen35-08b_tp1_eager_mtp-off_m1a_20260914T230257Z_2,qwen35-08b,1,eager,off,m1a,0,2,1,25262351.6,prepare input,685,0,685,686,36879.345,async_state_update,686,1.0015,47.615,47.34,48.3,58.543,45.53,61.91,32664.0,0.129,265424762.0,20260914T230257Z,True
tdb_qwen35-08b_tp1_eager_mtp-off_m1a_20260914T230257Z_2,qwen35-08b,1,eager,off,m1a,0,2,1,25262351.6,prepare input,685,0,685,686,36879.345,draft_token,686,1.0015,2.47,2.47,2.6,2.702,2.15,2.77,1694.2,0.007,265424762.0,20260914T230257Z,True
tdb_qwen35-08b_tp1_eager_mtp-off_m1a_20260914T230257Z_2,qwen35-08b,1,eager,off,m1a,0,2,1,25262351.6,prepare input,685,0,685,686,36879.345,forward,686,1.0015,33060.548,33047.825,33148.89,33360.424,32861.72,35294.51,22679535.6,89.645,265424762.0,20260914T230257Z,True
tdb_qwen35-08b_tp1_eager_mtp-off_m1a_20260914T230257Z_2,qwen35-08b,1,eager,off,m1a,0,2,1,25262351.6,prepare input,685,0,685,686,36879.345,post process,686,1.0015,102.586,102.275,104.39,114.999,98.84,118.64,70373.9,0.278,265424762.0,20260914T230257Z,True
tdb_qwen35-08b_tp1_eager_mtp-off_m1a_20260914T230257Z_2,qwen35-08b,1,eager,off,m1a,0,2,1,25262351.6,prepare input,685,0,685,686,36879.345,prepare input,685,1.0,2679.027,2677.03,2696.068,2736.942,2632.36,3733.58,1835133.5,7.264,265424762.0,20260914T230257Z,True
tdb_qwen35-08b_tp1_eager_mtp-off_m1a_20260914T230257Z_2,qwen35-08b,1,eager,off,m1a,0,2,1,25262351.6,prepare input,685,0,685,686,36879.345,sample_token,686,1.0015,174.776,173.585,181.145,195.904,165.91,232.33,119896.3,0.474,265424762.0,20260914T230257Z,True
tdb_qwen35-08b_tp1_eager_mtp-off_m1a_20260914T230257Z_2,qwen35-08b,1,eager,off,m1a,0,2,2,25228021.9,prepare input,683,0,683,684,36937.075,async_state_update,684,1.0015,48.021,47.76,48.567,62.146,46.2,64.23,32846.7,0.13,526924064.0,20260914T230257Z,True
tdb_qwen35-08b_tp1_eager_mtp-off_m1a_20260914T230257Z_2,qwen35-08b,1,eager,off,m1a,0,2,2,25228021.9,prepare input,683,0,683,684,36937.075,draft_token,684,1.0015,2.462,2.46,2.62,2.732,2.09,2.95,1683.8,0.007,526924064.0,20260914T230257Z,True
tdb_qwen35-08b_tp1_eager_mtp-off_m1a_20260914T230257Z_2,qwen35-08b,1,eager,off,m1a,0,2,2,25228021.9,prepare input,683,0,683,684,36937.075,forward,684,1.0015,33084.855,33073.59,33183.962,33493.177,32801.11,35956.75,22630041.2,89.571,526924064.0,20260914T230257Z,True
tdb_qwen35-08b_tp1_eager_mtp-off_m1a_20260914T230257Z_2,qwen35-08b,1,eager,off,m1a,0,2,2,25228021.9,prepare input,683,0,683,684,36937.075,post process,684,1.0015,103.592,103.335,105.254,114.999,99.95,127.24,70856.8,0.28,526924064.0,20260914T230257Z,True
tdb_qwen35-08b_tp1_eager_mtp-off_m1a_20260914T230257Z_2,qwen35-08b,1,eager,off,m1a,0,2,2,25228021.9,prepare input,683,0,683,684,36937.075,prepare input,683,1.0,2689.883,2688.87,2708.218,2752.425,2634.7,3150.65,1837189.9,7.282,526924064.0,20260914T230257Z,True
tdb_qwen35-08b_tp1_eager_mtp-off_m1a_20260914T230257Z_2,qwen35-08b,1,eager,off,m1a,0,2,2,25228021.9,prepare input,683,0,683,684,36937.075,sample_token,684,1.0015,177.801,176.67,181.386,200.922,167.01,298.73,121615.7,0.481,526924064.0,20260914T230257Z,True
tdb_qwen35-08b_tp1_eager_mtp-off_m1a_20260914T230257Z_2,qwen35-08b,1,eager,off,m1a,0,2,3,25215878.6,prepare input,682,0,682,683,36973.429,async_state_update,683,1.0015,48.07,47.72,48.688,60.009,46.24,72.72,32831.8,0.13,788176556.0,20260914T230257Z,True
tdb_qwen35-08b_tp1_eager_mtp-off_m1a_20260914T230257Z_2,qwen35-08b,1,eager,off,m1a,0,2,3,25215878.6,prepare input,682,0,682,683,36973.429,draft_token,683,1.0015,2.468,2.46,2.61,2.815,2.17,3.83,1685.8,0.007,788176556.0,20260914T230257Z,True
tdb_qwen35-08b_tp1_eager_mtp-off_m1a_20260914T230257Z_2,qwen35-08b,1,eager,off,m1a,0,2,3,25215878.6,prepare input,682,0,682,683,36973.429,forward,683,1.0015,33125.293,33027.19,33173.85,39617.495,32740.99,40026.72,22624575.2,89.592,788176556.0,20260914T230257Z,True
tdb_qwen35-08b_tp1_eager_mtp-off_m1a_20260914T230257Z_2,qwen35-08b,1,eager,off,m1a,0,2,3,25215878.6,prepare input,682,0,682,683,36973.429,post process,683,1.0015,103.102,102.61,104.56,115.042,98.05,148.81,70418.7,0.279,788176556.0,20260914T230257Z,True
tdb_qwen35-08b_tp1_eager_mtp-off_m1a_20260914T230257Z_2,qwen35-08b,1,eager,off,m1a,0,2,3,25215878.6,prepare input,682,0,682,683,36973.429,prepare input,682,1.0,2687.933,2679.775,2700.069,3167.939,2641.37,3224.42,1833170.6,7.27,788176556.0,20260914T230257Z,True
tdb_qwen35-08b_tp1_eager_mtp-off_m1a_20260914T230257Z_2,qwen35-08b,1,eager,off,m1a,0,2,3,25215878.6,prepare input,682,0,682,683,36973.429,sample_token,683,1.0015,178.03,176.72,181.196,213.002,170.01,233.64,121594.4,0.482,788176556.0,20260914T230257Z,True
tdb_qwen35-08b_tp1_eager_mtp-off_m1a_20260914T230257Z_2,qwen35-08b,1,eager,off,m1a,0,2,4,25202274.6,prepare input,685,0,685,686,36791.642,async_state_update,686,1.0015,47.833,47.69,48.625,50.955,45.99,61.57,32813.4,0.13,1048423770.0,20260914T230257Z,True
tdb_qwen35-08b_tp1_eager_mtp-off_m1a_20260914T230257Z_2,qwen35-08b,1,eager,off,m1a,0,2,4,25202274.6,prepare input,685,0,685,686,36791.642,draft_token,686,1.0015,2.461,2.46,2.6,2.73,2.16,2.86,1687.9,0.007,1048423770.0,20260914T230257Z,True
tdb_qwen35-08b_tp1_eager_mtp-off_m1a_20260914T230257Z_2,qwen35-08b,1,eager,off,m1a,0,2,4,25202274.6,prepare input,685,0,685,686,36791.642,forward,686,1.0015,32956.612,32946.135,33040.96,33192.995,32763.02,35528.87,22608235.6,89.576,1048423770.0,20260914T230257Z,True
tdb_qwen35-08b_tp1_eager_mtp-off_m1a_20260914T230257Z_2,qwen35-08b,1,eager,off,m1a,0,2,4,25202274.6,prepare input,685,0,685,686,36791.642,post process,686,1.0015,103.167,102.8,104.845,114.647,99.5,117.91,70772.8,0.28,1048423770.0,20260914T230257Z,True
tdb_qwen35-08b_tp1_eager_mtp-off_m1a_20260914T230257Z_2,qwen35-08b,1,eager,off,m1a,0,2,4,25202274.6,prepare input,685,0,685,686,36791.642,prepare input,685,1.0,2685.135,2683.07,2701.916,2740.462,2644.08,3796.11,1839317.8,7.298,1048423770.0,20260914T230257Z,True
tdb_qwen35-08b_tp1_eager_mtp-off_m1a_20260914T230257Z_2,qwen35-08b,1,eager,off,m1a,0,2,4,25202274.6,prepare input,685,0,685,686,36791.642,sample_token,686,1.0015,171.01,169.925,175.505,186.727,165.08,200.25,117313.0,0.465,1048423770.0,20260914T230257Z,True
tdb_qwen35-08b_tp1_eager_mtp-off_w1_20260914T201524Z_2,qwen35-08b,1,eager,off,w1,0,2,0,25105055.7,Step:Schedule,523,523,523,524,48002.019,Step:Output,524,1.0019,41.435,40.58,44.167,49.949,37.89,61.23,21712.0,0.086,561.0,20260914T201524Z,True
tdb_qwen35-08b_tp1_eager_mtp-off_w1_20260914T201524Z_2,qwen35-08b,1,eager,off,w1,0,2,0,25105055.7,Step:Schedule,523,523,523,524,48002.019,Step:Schedule,523,1.0,323.108,267.8,470.246,546.826,233.23,580.45,168985.3,0.673,561.0,20260914T201524Z,True
tdb_qwen35-08b_tp1_eager_mtp-off_w1_20260914T201524Z_2,qwen35-08b,1,eager,off,w1,0,2,0,25105055.7,Step:Schedule,523,523,523,524,48002.019,async_state_update,524,1.0019,69.273,50.245,119.72,249.424,46.08,253.83,36299.0,0.144,561.0,20260914T201524Z,True
tdb_qwen35-08b_tp1_eager_mtp-off_w1_20260914T201524Z_2,qwen35-08b,1,eager,off,w1,0,2,0,25105055.7,Step:Schedule,523,523,523,524,48002.019,draft_token,524,1.0019,2.367,2.36,2.52,2.688,2.05,3.14,1240.1,0.005,561.0,20260914T201524Z,True
tdb_qwen35-08b_tp1_eager_mtp-off_w1_20260914T201524Z_2,qwen35-08b,1,eager,off,w1,0,2,0,25105055.7,Step:Schedule,523,523,523,524,48002.019,forward,524,1.0019,42853.684,42662.565,43932.748,45390.395,41164.8,46339.47,22455330.2,89.275,561.0,20260914T201524Z,True
tdb_qwen35-08b_tp1_eager_mtp-off_w1_20260914T201524Z_2,qwen35-08b,1,eager,off,w1,0,2,0,25105055.7,Step:Schedule,523,523,523,524,48002.019,post process,524,1.0019,135.803,101.61,312.015,332.853,94.6,343.96,71160.9,0.283,561.0,20260914T201524Z,True
tdb_qwen35-08b_tp1_eager_mtp-off_w1_20260914T201524Z_2,qwen35-08b,1,eager,off,w1,0,2,0,25105055.7,Step:Schedule,523,523,523,524,48002.019,prepare input,523,1.0,3233.104,3206.02,3379.94,3500.069,3126.98,3886.61,1690913.5,6.735,561.0,20260914T201524Z,True
tdb_qwen35-08b_tp1_eager_mtp-off_w1_20260914T201524Z_2,qwen35-08b,1,eager,off,w1,0,2,0,25105055.7,Step:Schedule,523,523,523,524,48002.019,sample_token,524,1.0019,134.531,114.12,140.24,331.406,107.83,362.43,70494.3,0.28,561.0,20260914T201524Z,True
tdb_qwen35-08b_tp1_eager_mtp-off_w1_20260914T201524Z_2,qwen35-08b,1,eager,off,w1,0,2,0,25105055.7,Step:Schedule,523,523,523,524,48002.019,schedule: allocate_slots,523,1.0,41.461,41.07,43.25,52.891,37.94,64.52,21684.2,0.086,561.0,20260914T201524Z,True
tdb_qwen35-08b_tp1_eager_mtp-off_w1_20260914T201524Z_2,qwen35-08b,1,eager,off,w1,0,2,0,25105055.7,Step:Schedule,523,523,523,524,48002.019,schedule: get_num_common_prefix_blocks,523,1.0,2.543,2.31,3.2,3.756,2.02,19.45,1330.0,0.005,561.0,20260914T201524Z,True
tdb_qwen35-08b_tp1_eager_mtp-off_w1_20260914T201524Z_2,qwen35-08b,1,eager,off,w1,0,2,0,25105055.7,Step:Schedule,523,523,523,524,48002.019,schedule: make_cached_request_data,523,1.0,12.221,11.21,15.244,18.02,9.84,25.54,6391.7,0.025,561.0,20260914T201524Z,True
tdb_qwen35-08b_tp1_eager_mtp-off_w1_20260914T201524Z_2,qwen35-08b,1,eager,off,w1,0,2,0,25105055.7,Step:Schedule,523,523,523,524,48002.019,schedule: update_after_schedule,523,1.0,8.035,7.28,10.46,11.938,6.4,12.62,4202.3,0.017,561.0,20260914T201524Z,True
tdb_qwen35-08b_tp1_eager_mtp-off_w1_20260914T201524Z_2,qwen35-08b,1,eager,off,w1,0,2,1,25176394.3,Step:Schedule,524,524,524,525,48046.554,Step:Output,525,1.0019,41.486,41.1,42.47,49.872,39.18,65.53,21780.0,0.086,261710467.0,20260914T201524Z,True
tdb_qwen35-08b_tp1_eager_mtp-off_w1_20260914T201524Z_2,qwen35-08b,1,eager,off,w1,0,2,1,25176394.3,Step:Schedule,524,524,524,525,48046.554,Step:Schedule,524,1.0,316.951,272.69,474.152,510.099,238.12,570.68,166082.1,0.66,261710467.0,20260914T201524Z,True
tdb_qwen35-08b_tp1_eager_mtp-off_w1_20260914T201524Z_2,qwen35-08b,1,eager,off,w1,0,2,1,25176394.3,Step:Schedule,524,524,524,525,48046.554,async_state_update,525,1.0019,68.389,48.65,187.59,255.342,46.28,258.38,35904.0,0.142,261710467.0,20260914T201524Z,True
tdb_qwen35-08b_tp1_eager_mtp-off_w1_20260914T201524Z_2,qwen35-08b,1,eager,off,w1,0,2,1,25176394.3,Step:Schedule,524,524,524,525,48046.554,draft_token,525,1.0019,2.341,2.34,2.49,2.675,1.96,2.75,1228.9,0.005,261710467.0,20260914T201524Z,True
tdb_qwen35-08b_tp1_eager_mtp-off_w1_20260914T201524Z_2,qwen35-08b,1,eager,off,w1,0,2,1,25176394.3,Step:Schedule,524,524,524,525,48046.554,forward,525,1.0019,42934.448,42766.09,43247.084,47159.904,42014.9,47616.58,22540585.3,89.36,261710467.0,20260914T201524Z,True
tdb_qwen35-08b_tp1_eager_mtp-off_w1_20260914T201524Z_2,qwen35-08b,1,eager,off,w1,0,2,1,25176394.3,Step:Schedule,524,524,524,525,48046.554,post process,525,1.0019,145.502,102.02,312.876,338.814,97.94,342.36,76388.6,0.303,261710467.0,20260914T201524Z,True
tdb_qwen35-08b_tp1_eager_mtp-off_w1_20260914T201524Z_2,qwen35-08b,1,eager,off,w1,0,2,1,25176394.3,Step:Schedule,524,524,524,525,48046.554,prepare input,524,1.0,3201.245,3186.505,3232.928,3471.323,3109.05,3713.26,1677452.2,6.663,261710467.0,20260914T201524Z,True
tdb_qwen35-08b_tp1_eager_mtp-off_w1_20260914T201524Z_2,qwen35-08b,1,eager,off,w1,0,2,1,25176394.3,Step:Schedule,524,524,524,525,48046.554,sample_token,525,1.0019,146.373,112.8,318.692,340.241,107.64,354.94,76846.1,0.305,261710467.0,20260914T201524Z,True
tdb_qwen35-08b_tp1_eager_mtp-off_w1_20260914T201524Z_2,qwen35-08b,1,eager,off,w1,0,2,1,25176394.3,Step:Schedule,524,524,524,525,48046.554,schedule: allocate_slots,524,1.0,41.029,40.775,42.417,48.722,38.44,52.08,21499.1,0.085,261710467.0,20260914T201524Z,True
tdb_qwen35-08b_tp1_eager_mtp-off_w1_20260914T201524Z_2,qwen35-08b,1,eager,off,w1,0,2,1,25176394.3,Step:Schedule,524,524,524,525,48046.554,schedule: get_num_common_prefix_blocks,524,1.0,2.261,2.17,2.34,3.358,1.97,14.29,1184.6,0.005,261710467.0,20260914T201524Z,True
tdb_qwen35-08b_tp1_eager_mtp-off_w1_20260914T201524Z_2,qwen35-08b,1,eager,off,w1,0,2,1,25176394.3,Step:Schedule,524,524,524,525,48046.554,schedule: make_cached_request_data,524,1.0,11.061,10.76,11.43,17.273,9.79,24.06,5795.8,0.023,261710467.0,20260914T201524Z,True
tdb_qwen35-08b_tp1_eager_mtp-off_w1_20260914T201524Z_2,qwen35-08b,1,eager,off,w1,0,2,1,25176394.3,Step:Schedule,524,524,524,525,48046.554,schedule: update_after_schedule,524,1.0,7.06,6.86,7.29,10.97,6.3,19.14,3699.4,0.015,261710467.0,20260914T201524Z,True
tdb_qwen35-08b_tp1_eager_mtp-off_w1_20260914T201524Z_2,qwen35-08b,1,eager,off,w1,0,2,2,25165218.9,Step:Schedule,505,505,505,506,49832.117,Step:Output,506,1.002,42.118,41.33,44.8,47.02,38.91,55.53,21311.9,0.085,523080053.0,20260914T201524Z,True
tdb_qwen35-08b_tp1_eager_mtp-off_w1_20260914T201524Z_2,qwen35-08b,1,eager,off,w1,0,2,2,25165218.9,Step:Schedule,505,505,505,506,49832.117,Step:Schedule,505,1.0,369.156,330.18,556.97,585.322,239.26,618.12,186423.6,0.741,523080053.0,20260914T201524Z,True
tdb_qwen35-08b_tp1_eager_mtp-off_w1_20260914T201524Z_2,qwen35-08b,1,eager,off,w1,0,2,2,25165218.9,Step:Schedule,505,505,505,506,49832.117,async_state_update,506,1.002,56.823,50.675,54.315,231.047,46.89,244.26,28752.2,0.114,523080053.0,20260914T201524Z,True
tdb_qwen35-08b_tp1_eager_mtp-off_w1_20260914T201524Z_2,qwen35-08b,1,eager,off,w1,0,2,2,25165218.9,Step:Schedule,505,505,505,506,49832.117,draft_token,506,1.002,2.434,2.395,2.63,2.828,1.97,15.1,1231.7,0.005,523080053.0,20260914T201524Z,True
tdb_qwen35-08b_tp1_eager_mtp-off_w1_20260914T201524Z_2,qwen35-08b,1,eager,off,w1,0,2,2,25165218.9,Step:Schedule,505,505,505,506,49832.117,forward,506,1.002,44511.764,43523.925,46698.215,47184.31,41810.55,47390.57,22522952.8,89.323,523080053.0,20260914T201524Z,True
tdb_qwen35-08b_tp1_eager_mtp-off_w1_20260914T201524Z_2,qwen35-08b,1,eager,off,w1,0,2,2,25165218.9,Step:Schedule,505,505,505,506,49832.117,post process,506,1.002,157.304,107.505,310.785,330.407,98.12,345.05,79596.1,0.316,523080053.0,20260914T201524Z,True
tdb_qwen35-08b_tp1_eager_mtp-off_w1_20260914T201524Z_2,qwen35-08b,1,eager,off,w1,0,2,2,25165218.9,Step:Schedule,505,505,505,506,49832.117,prepare input,505,1.0,3293.862,3226.7,3453.008,3515.776,3109.78,4011.22,1663400.2,6.61,523080053.0,20260914T201524Z,True
tdb_qwen35-08b_tp1_eager_mtp-off_w1_20260914T201524Z_2,qwen35-08b,1,eager,off,w1,0,2,2,25165218.9,Step:Schedule,505,505,505,506,49832.117,sample_token,506,1.002,150.44,118.21,322.255,339.473,108.4,356.26,76122.5,0.302,523080053.0,20260914T201524Z,True
tdb_qwen35-08b_tp1_eager_mtp-off_w1_20260914T201524Z_2,qwen35-08b,1,eager,off,w1,0,2,2,25165218.9,Step:Schedule,505,505,505,506,49832.117,schedule: allocate_slots,505,1.0,41.976,42.02,44.23,46.439,38.48,55.94,21198.1,0.084,523080053.0,20260914T201524Z,True
tdb_qwen35-08b_tp1_eager_mtp-off_w1_20260914T201524Z_2,qwen35-08b,1,eager,off,w1,0,2,2,25165218.9,Step:Schedule,505,505,505,506,49832.117,schedule: get_num_common_prefix_blocks,505,1.0,2.739,2.33,3.592,4.15,1.94,15.19,1383.0,0.005,523080053.0,20260914T201524Z,True
tdb_qwen35-08b_tp1_eager_mtp-off_w1_20260914T201524Z_2,qwen35-08b,1,eager,off,w1,0,2,2,25165218.9,Step:Schedule,505,505,505,506,49832.117,schedule: make_cached_request_data,505,1.0,13.272,11.07,17.242,19.09,9.9,26.84,6702.1,0.027,523080053.0,20260914T201524Z,True
tdb_qwen35-08b_tp1_eager_mtp-off_w1_20260914T201524Z_2,qwen35-08b,1,eager,off,w1,0,2,2,25165218.9,Step:Schedule,505,505,505,506,49832.117,schedule: update_after_schedule,505,1.0,8.878,7.23,11.406,12.23,6.42,18.2,4483.1,0.018,523080053.0,20260914T201524Z,True
tdb_qwen35-08b_tp1_eager_mtp-off_w1_20260914T201524Z_2,qwen35-08b,1,eager,off,w1,0,2,3,25177374.7,Step:Schedule,530,530,530,531,47504.481,Step:Output,531,1.0019,42.126,41.93,43.11,50.894,39.36,58.24,22368.7,0.089,793690447.0,20260914T201524Z,True
tdb_qwen35-08b_tp1_eager_mtp-off_w1_20260914T201524Z_2,qwen35-08b,1,eager,off,w1,0,2,3,25177374.7,Step:Schedule,530,530,530,531,47504.481,Step:Schedule,530,1.0,304.808,256.825,465.864,482.97,246.24,547.03,161548.1,0.642,793690447.0,20260914T201524Z,True
tdb_qwen35-08b_tp1_eager_mtp-off_w1_20260914T201524Z_2,qwen35-08b,1,eager,off,w1,0,2,3,25177374.7,Step:Schedule,530,530,530,531,47504.481,async_state_update,531,1.0019,72.541,48.72,191.95,244.148,46.45,257.74,38519.2,0.153,793690447.0,20260914T201524Z,True
tdb_qwen35-08b_tp1_eager_mtp-off_w1_20260914T201524Z_2,qwen35-08b,1,eager,off,w1,0,2,3,25177374.7,Step:Schedule,530,530,530,531,47504.481,draft_token,531,1.0019,2.325,2.3,2.43,2.624,2.02,15.14,1234.7,0.005,793690447.0,20260914T201524Z,True
tdb_qwen35-08b_tp1_eager_mtp-off_w1_20260914T201524Z_2,qwen35-08b,1,eager,off,w1,0,2,3,25177374.7,Step:Schedule,530,530,530,531,47504.481,forward,531,1.0019,42434.715,42472.07,42808.99,43373.429,41192.12,47247.02,22532833.7,89.328,793690447.0,20260914T201524Z,True
tdb_qwen35-08b_tp1_eager_mtp-off_w1_20260914T201524Z_2,qwen35-08b,1,eager,off,w1,0,2,3,25177374.7,Step:Schedule,530,530,530,531,47504.481,post process,531,1.0019,144.084,101.48,310.47,337.508,95.34,343.16,76508.8,0.303,793690447.0,20260914T201524Z,True
tdb_qwen35-08b_tp1_eager_mtp-off_w1_20260914T201524Z_2,qwen35-08b,1,eager,off,w1,0,2,3,25177374.7,Step:Schedule,530,530,530,531,47504.481,prepare input,530,1.0,3191.568,3189.515,3220.706,3321.299,2960.87,3586.09,1691531.2,6.718,793690447.0,20260914T201524Z,True
tdb_qwen35-08b_tp1_eager_mtp-off_w1_20260914T201524Z_2,qwen35-08b,1,eager,off,w1,0,2,3,25177374.7,Step:Schedule,530,530,530,531,47504.481,sample_token,531,1.0019,126.192,112.24,124.45,333.64,107.25,399.32,67008.2,0.266,793690447.0,20260914T201524Z,True
tdb_qwen35-08b_tp1_eager_mtp-off_w1_20260914T201524Z_2,qwen35-08b,1,eager,off,w1,0,2,3,25177374.7,Step:Schedule,530,530,530,531,47504.481,schedule: allocate_slots,530,1.0,41.651,41.36,42.95,53.798,38.69,58.0,22074.9,0.088,793690447.0,20260914T201524Z,True
tdb_qwen35-08b_tp1_eager_mtp-off_w1_20260914T201524Z_2,qwen35-08b,1,eager,off,w1,0,2,3,25177374.7,Step:Schedule,530,530,530,531,47504.481,schedule: get_num_common_prefix_blocks,530,1.0,2.286,2.27,2.42,2.677,1.99,3.62,1211.7,0.005,793690447.0,20260914T201524Z,True
tdb_qwen35-08b_tp1_eager_mtp-off_w1_20260914T201524Z_2,qwen35-08b,1,eager,off,w1,0,2,3,25177374.7,Step:Schedule,530,530,530,531,47504.481,schedule: make_cached_request_data,530,1.0,10.962,10.89,11.37,12.177,9.98,22.87,5809.8,0.023,793690447.0,20260914T201524Z,True
tdb_qwen35-08b_tp1_eager_mtp-off_w1_20260914T201524Z_2,qwen35-08b,1,eager,off,w1,0,2,3,25177374.7,Step:Schedule,530,530,530,531,47504.481,schedule: update_after_schedule,530,1.0,7.095,7.07,7.341,7.644,6.58,15.24,3760.3,0.015,793690447.0,20260914T201524Z,True
tdb_qwen35-08b_tp1_eager_mtp-off_w1_20260914T201524Z_2,qwen35-08b,1,eager,off,w1,0,2,4,25148427.0,Step:Schedule,522,522,522,523,48177.063,Step:Output,523,1.0019,42.899,42.69,43.906,48.392,40.89,62.37,22436.0,0.089,1054415968.0,20260914T201524Z,True
tdb_qwen35-08b_tp1_eager_mtp-off_w1_20260914T201524Z_2,qwen35-08b,1,eager,off,w1,0,2,4,25148427.0,Step:Schedule,522,522,522,523,48177.063,Step:Schedule,522,1.0,327.813,258.34,473.08,491.508,242.38,516.94,171118.4,0.68,1054415968.0,20260914T201524Z,True
tdb_qwen35-08b_tp1_eager_mtp-off_w1_20260914T201524Z_2,qwen35-08b,1,eager,off,w1,0,2,4,25148427.0,Step:Schedule,522,522,522,523,48177.063,async_state_update,523,1.0019,61.17,48.99,60.888,243.319,47.15,259.1,31991.7,0.127,1054415968.0,20260914T201524Z,True
tdb_qwen35-08b_tp1_eager_mtp-off_w1_20260914T201524Z_2,qwen35-08b,1,eager,off,w1,0,2,4,25148427.0,Step:Schedule,522,522,522,523,48177.063,draft_token,523,1.0019,2.406,2.4,2.58,2.748,2.05,2.83,1258.3,0.005,1054415968.0,20260914T201524Z,True
tdb_qwen35-08b_tp1_eager_mtp-off_w1_20260914T201524Z_2,qwen35-08b,1,eager,off,w1,0,2,4,25148427.0,Step:Schedule,522,522,522,523,48177.063,forward,523,1.0019,43038.62,42998.57,43457.036,43748.533,42244.83,47777.16,22509198.1,89.334,1054415968.0,20260914T201524Z,True
tdb_qwen35-08b_tp1_eager_mtp-off_w1_20260914T201524Z_2,qwen35-08b,1,eager,off,w1,0,2,4,25148427.0,Step:Schedule,522,522,522,523,48177.063,post process,523,1.0019,137.735,100.79,308.71,336.261,96.31,406.57,72035.4,0.286,1054415968.0,20260914T201524Z,True
tdb_qwen35-08b_tp1_eager_mtp-off_w1_20260914T201524Z_2,qwen35-08b,1,eager,off,w1,0,2,4,25148427.0,Step:Schedule,522,522,522,523,48177.063,prepare input,522,1.0,3212.919,3209.69,3239.965,3294.108,2990.41,3550.28,1677143.5,6.669,1054415968.0,20260914T201524Z,True
tdb_qwen35-08b_tp1_eager_mtp-off_w1_20260914T201524Z_2,qwen35-08b,1,eager,off,w1,0,2,4,25148427.0,Step:Schedule,522,522,522,523,48177.063,sample_token,523,1.0019,164.83,113.46,326.676,338.269,107.51,352.56,86205.9,0.342,1054415968.0,20260914T201524Z,True
tdb_qwen35-08b_tp1_eager_mtp-off_w1_20260914T201524Z_2,qwen35-08b,1,eager,off,w1,0,2,4,25148427.0,Step:Schedule,522,522,522,523,48177.063,schedule: allocate_slots,522,1.0,42.095,41.6,43.779,54.242,39.25,57.54,21973.8,0.087,1054415968.0,20260914T201524Z,True
tdb_qwen35-08b_tp1_eager_mtp-off_w1_20260914T201524Z_2,qwen35-08b,1,eager,off,w1,0,2,4,25148427.0,Step:Schedule,522,522,522,523,48177.063,schedule: get_num_common_prefix_blocks,522,1.0,2.312,2.29,2.46,2.746,2.05,2.87,1207.0,0.005,1054415968.0,20260914T201524Z,True
tdb_qwen35-08b_tp1_eager_mtp-off_w1_20260914T201524Z_2,qwen35-08b,1,eager,off,w1,0,2,4,25148427.0,Step:Schedule,522,522,522,523,48177.063,schedule: make_cached_request_data,522,1.0,11.218,11.08,11.759,13.661,10.3,22.36,5856.0,0.023,1054415968.0,20260914T201524Z,True
tdb_qwen35-08b_tp1_eager_mtp-off_w1_20260914T201524Z_2,qwen35-08b,1,eager,off,w1,0,2,4,25148427.0,Step:Schedule,522,522,522,523,48177.063,schedule: update_after_schedule,522,1.0,7.167,7.07,7.476,8.014,6.55,18.58,3741.0,0.015,1054415968.0,20260914T201524Z,True
tdb_qwen35-08b_tp1_eager_mtp-on_e1a_20260915T014119Z_3,qwen35-08b,1,eager,on,e1a,0,3,0,25154021.3,prepare input,561,0,561,562,44837.828,async_state_update,562,1.0018,187.241,186.695,190.436,202.775,179.87,211.75,105229.2,0.418,696.0,20260915T014119Z,True
tdb_qwen35-08b_tp1_eager_mtp-on_e1a_20260915T014119Z_3,qwen35-08b,1,eager,on,e1a,0,3,0,25154021.3,prepare input,561,0,561,562,44837.828,draft_token,562,1.0018,3197.152,3195.915,3223.477,3310.279,3111.55,3449.81,1796799.5,7.13,696.0,20260915T014119Z,True
tdb_qwen35-08b_tp1_eager_mtp-on_e1a_20260915T014119Z_3,qwen35-08b,1,eager,on,e1a,0,3,0,25154021.3,prepare input,561,0,561,562,44837.828,forward,562,1.0018,35174.081,35150.355,35331.516,36491.661,34442.2,40385.16,19767833.3,78.447,696.0,20260915T014119Z,True
tdb_qwen35-08b_tp1_eager_mtp-on_e1a_20260915T014119Z_3,qwen35-08b,1,eager,on,e1a,0,3,0,25154021.3,prepare input,561,0,561,562,44837.828,model: mtp: first_pass,562,1.0018,1365.005,1363.42,1381.62,1399.614,1329.17,1606.04,767132.6,3.044,696.0,20260915T014119Z,True
tdb_qwen35-08b_tp1_eager_mtp-on_e1a_20260915T014119Z_3,qwen35-08b,1,eager,on,e1a,0,3,0,25154021.3,prepare input,561,0,561,562,44837.828,model: mtp: propose,562,1.0018,2330.009,2328.575,2351.687,2403.378,2270.9,2581.94,1309465.1,5.197,696.0,20260915T014119Z,True
tdb_qwen35-08b_tp1_eager_mtp-on_e1a_20260915T014119Z_3,qwen35-08b,1,eager,on,e1a,0,3,0,25154021.3,prepare input,561,0,561,562,44837.828,post process,562,1.0018,100.363,99.78,102.759,115.398,96.05,122.61,56403.9,0.224,696.0,20260915T014119Z,True
tdb_qwen35-08b_tp1_eager_mtp-on_e1a_20260915T014119Z_3,qwen35-08b,1,eager,on,e1a,0,3,0,25154021.3,prepare input,561,0,561,562,44837.828,prepare input,561,1.0,4789.818,4783.26,4819.69,4963.63,4702.85,5865.31,2687087.9,10.683,696.0,20260915T014119Z,True
tdb_qwen35-08b_tp1_eager_mtp-on_e1a_20260915T014119Z_3,qwen35-08b,1,eager,on,e1a,0,3,0,25154021.3,prepare input,561,0,561,562,44837.828,sample_token,562,1.0018,495.471,490.38,513.136,542.499,476.93,568.05,278454.9,1.105,696.0,20260915T014119Z,True
tdb_qwen35-08b_tp1_eager_mtp-on_e1a_20260915T014119Z_3,qwen35-08b,1,eager,on,e1a,0,3,1,25250516.2,prepare input,581,0,581,582,43460.441,async_state_update,582,1.0017,182.441,182.495,185.22,198.069,172.98,207.94,106180.8,0.42,156417105.0,20260915T014119Z,True
tdb_qwen35-08b_tp1_eager_mtp-on_e1a_20260915T014119Z_3,qwen35-08b,1,eager,on,e1a,0,3,1,25250516.2,prepare input,581,0,581,582,43460.441,draft_token,582,1.0017,3110.998,3123.235,3158.65,3194.87,2974.31,3666.54,1810601.1,7.158,156417105.0,20260915T014119Z,True
tdb_qwen35-08b_tp1_eager_mtp-on_e1a_20260915T014119Z_3,qwen35-08b,1,eager,on,e1a,0,3,1,25250516.2,prepare input,581,0,581,582,43460.441,forward,582,1.0017,33986.817,34179.295,34507.277,34699.204,32656.62,36408.08,19780327.5,78.202,156417105.0,20260915T014119Z,True
tdb_qwen35-08b_tp1_eager_mtp-on_e1a_20260915T014119Z_3,qwen35-08b,1,eager,on,e1a,0,3,1,25250516.2,prepare input,581,0,581,582,43460.441,model: mtp: first_pass,582,1.0017,1323.068,1329.24,1345.489,1362.536,1260.75,1475.37,770025.8,3.044,156417105.0,20260915T014119Z,True
tdb_qwen35-08b_tp1_eager_mtp-on_e1a_20260915T014119Z_3,qwen35-08b,1,eager,on,e1a,0,3,1,25250516.2,prepare input,581,0,581,582,43460.441,model: mtp: propose,582,1.0017,2264.182,2272.3,2297.627,2331.757,2162.92,2818.66,1317753.6,5.21,156417105.0,20260915T014119Z,True
tdb_qwen35-08b_tp1_eager_mtp-on_e1a_20260915T014119Z_3,qwen35-08b,1,eager,on,e1a,0,3,1,25250516.2,prepare input,581,0,581,582,43460.441,post process,582,1.0017,97.355,97.12,99.599,107.553,92.16,114.7,56660.6,0.224,156417105.0,20260915T014119Z,True
tdb_qwen35-08b_tp1_eager_mtp-on_e1a_20260915T014119Z_3,qwen35-08b,1,eager,on,e1a,0,3,1,25250516.2,prepare input,581,0,581,582,43460.441,prepare input,581,1.0,4726.161,4723.62,4792.09,4872.676,4589.71,5067.1,2745899.3,10.875,156417105.0,20260915T014119Z,True
tdb_qwen35-08b_tp1_eager_mtp-on_e1a_20260915T014119Z_3,qwen35-08b,1,eager,on,e1a,0,3,1,25250516.2,prepare input,581,0,581,582,43460.441,sample_token,582,1.0017,491.084,486.72,520.853,536.313,457.26,555.33,285810.7,1.13,156417105.0,20260915T014119Z,True
tdb_qwen35-08b_tp1_eager_mtp-on_e1a_20260915T014119Z_3,qwen35-08b,1,eager,on,e1a,0,3,2,25242755.0,prepare input,573,0,573,574,44053.674,async_state_update,574,1.0017,183.151,182.76,185.564,197.106,176.6,204.67,105128.7,0.416,309115738.0,20260915T014119Z,True
tdb_qwen35-08b_tp1_eager_mtp-on_e1a_20260915T014119Z_3,qwen35-08b,1,eager,on,e1a,0,3,2,25242755.0,prepare input,573,0,573,574,44053.674,draft_token,574,1.0017,3150.95,3150.855,3169.89,3230.121,3093.58,3560.86,1808645.1,7.153,309115738.0,20260915T014119Z,True
tdb_qwen35-08b_tp1_eager_mtp-on_e1a_20260915T014119Z_3,qwen35-08b,1,eager,on,e1a,0,3,2,25242755.0,prepare input,573,0,573,574,44053.674,forward,574,1.0017,34504.521,34519.26,34602.017,34836.558,34178.1,36575.06,19805595.2,78.324,309115738.0,20260915T014119Z,True
tdb_qwen35-08b_tp1_eager_mtp-on_e1a_20260915T014119Z_3,qwen35-08b,1,eager,on,e1a,0,3,2,25242755.0,prepare input,573,0,573,574,44053.674,model: mtp: first_pass,574,1.0017,1344.78,1342.31,1360.144,1369.335,1316.01,1453.62,771903.9,3.053,309115738.0,20260915T014119Z,True
tdb_qwen35-08b_tp1_eager_mtp-on_e1a_20260915T014119Z_3,qwen35-08b,1,eager,on,e1a,0,3,2,25242755.0,prepare input,573,0,573,574,44053.674,model: mtp: propose,574,1.0017,2296.487,2296.12,2314.898,2345.842,2254.83,2445.84,1318183.4,5.213,309115738.0,20260915T014119Z,True
tdb_qwen35-08b_tp1_eager_mtp-on_e1a_20260915T014119Z_3,qwen35-08b,1,eager,on,e1a,0,3,2,25242755.0,prepare input,573,0,573,574,44053.674,post process,574,1.0017,98.347,97.99,100.152,109.443,94.2,122.62,56451.4,0.223,309115738.0,20260915T014119Z,True
tdb_qwen35-08b_tp1_eager_mtp-on_e1a_20260915T014119Z_3,qwen35-08b,1,eager,on,e1a,0,3,2,25242755.0,prepare input,573,0,573,574,44053.674,prepare input,573,1.0,4747.967,4743.91,4780.632,4856.724,4684.99,4919.89,2720585.3,10.778,309115738.0,20260915T014119Z,True
tdb_qwen35-08b_tp1_eager_mtp-on_e1a_20260915T014119Z_3,qwen35-08b,1,eager,on,e1a,0,3,2,25242755.0,prepare input,573,0,573,574,44053.674,sample_token,574,1.0017,495.878,491.285,519.54,534.52,474.19,554.15,284634.1,1.126,309115738.0,20260915T014119Z,True
tdb_qwen35-08b_tp1_eager_mtp-on_e1a_20260915T014119Z_3,qwen35-08b,1,eager,on,e1a,0,3,3,25237340.4,prepare input,588,0,588,589,42920.647,async_state_update,589,1.0017,179.439,178.19,185.178,195.505,170.49,204.34,105689.5,0.418,465670674.0,20260915T014119Z,True
tdb_qwen35-08b_tp1_eager_mtp-on_e1a_20260915T014119Z_3,qwen35-08b,1,eager,on,e1a,0,3,3,25237340.4,prepare input,588,0,588,589,42920.647,draft_token,589,1.0017,3075.139,3055.37,3177.64,3233.022,2965.15,3930.64,1811256.8,7.165,465670674.0,20260915T014119Z,True
tdb_qwen35-08b_tp1_eager_mtp-on_e1a_20260915T014119Z_3,qwen35-08b,1,eager,on,e1a,0,3,3,25237340.4,prepare input,588,0,588,589,42920.647,forward,589,1.0017,33556.386,33283.12,34750.676,34980.905,32536.88,36572.33,19764711.6,78.182,465670674.0,20260915T014119Z,True
tdb_qwen35-08b_tp1_eager_mtp-on_e1a_20260915T014119Z_3,qwen35-08b,1,eager,on,e1a,0,3,3,25237340.4,prepare input,588,0,588,589,42920.647,model: mtp: first_pass,589,1.0017,1308.288,1299.53,1354.81,1381.266,1258.23,1468.96,770581.5,3.048,465670674.0,20260915T014119Z,True
tdb_qwen35-08b_tp1_eager_mtp-on_e1a_20260915T014119Z_3,qwen35-08b,1,eager,on,e1a,0,3,3,25237340.4,prepare input,588,0,588,589,42920.647,model: mtp: propose,589,1.0017,2239.589,2226.53,2313.65,2359.333,2155.42,2497.96,1319118.0,5.218,465670674.0,20260915T014119Z,True
tdb_qwen35-08b_tp1_eager_mtp-on_e1a_20260915T014119Z_3,qwen35-08b,1,eager,on,e1a,0,3,3,25237340.4,prepare input,588,0,588,589,42920.647,post process,589,1.0017,95.391,94.85,99.264,105.775,89.57,115.85,56185.5,0.222,465670674.0,20260915T014119Z,True
tdb_qwen35-08b_tp1_eager_mtp-on_e1a_20260915T014119Z_3,qwen35-08b,1,eager,on,e1a,0,3,3,25237340.4,prepare input,588,0,588,589,42920.647,prepare input,588,1.0,4681.86,4669.705,4783.53,4838.181,4525.76,5011.58,2752933.7,10.908,465670674.0,20260915T014119Z,True
tdb_qwen35-08b_tp1_eager_mtp-on_e1a_20260915T014119Z_3,qwen35-08b,1,eager,on,e1a,0,3,3,25237340.4,prepare input,588,0,588,589,42920.647,sample_token,589,1.0017,478.338,476.31,491.214,513.237,456.92,658.56,281740.8,1.114,465670674.0,20260915T014119Z,True
tdb_qwen35-08b_tp1_eager_mtp-on_e1a_20260915T014119Z_3,qwen35-08b,1,eager,on,e1a,0,3,4,25235160.0,prepare input,560,0,560,561,45062.786,async_state_update,561,1.0018,190.07,184.57,202.47,212.75,177.04,217.23,106629.0,0.422,624569137.0,20260915T014119Z,True
tdb_qwen35-08b_tp1_eager_mtp-on_e1a_20260915T014119Z_3,qwen35-08b,1,eager,on,e1a,0,3,4,25235160.0,prepare input,560,0,560,561,45062.786,draft_token,561,1.0018,3234.607,3156.57,3434.39,3485.762,3048.94,3520.91,1814614.4,7.178,624569137.0,20260915T014119Z,True
tdb_qwen35-08b_tp1_eager_mtp-on_e1a_20260915T014119Z_3,qwen35-08b,1,eager,on,e1a,0,3,4,25235160.0,prepare input,560,0,560,561,45062.786,forward,561,1.0018,35288.214,34400.54,37802.88,38355.712,33051.79,38932.75,19796688.1,78.309,624569137.0,20260915T014119Z,True
tdb_qwen35-08b_tp1_eager_mtp-on_e1a_20260915T014119Z_3,qwen35-08b,1,eager,on,e1a,0,3,4,25235160.0,prepare input,560,0,560,561,45062.786,model: mtp: first_pass,561,1.0018,1378.433,1344.6,1477.84,1503.816,1281.26,1513.52,773301.2,3.059,624569137.0,20260915T014119Z,True
tdb_qwen35-08b_tp1_eager_mtp-on_e1a_20260915T014119Z_3,qwen35-08b,1,eager,on,e1a,0,3,4,25235160.0,prepare input,560,0,560,561,45062.786,model: mtp: propose,561,1.0018,2358.821,2300.99,2513.53,2548.626,2213.77,2574.93,1323298.7,5.235,624569137.0,20260915T014119Z,True
tdb_qwen35-08b_tp1_eager_mtp-on_e1a_20260915T014119Z_3,qwen35-08b,1,eager,on,e1a,0,3,4,25235160.0,prepare input,560,0,560,561,45062.786,post process,561,1.0018,102.647,99.38,111.11,117.358,94.54,123.19,57585.2,0.228,624569137.0,20260915T014119Z,True
tdb_qwen35-08b_tp1_eager_mtp-on_e1a_20260915T014119Z_3,qwen35-08b,1,eager,on,e1a,0,3,4,25235160.0,prepare input,560,0,560,561,45062.786,prepare input,560,1.0,4826.591,4717.27,5062.175,5143.894,4631.05,5914.36,2702890.9,10.711,624569137.0,20260915T014119Z,True
tdb_qwen35-08b_tp1_eager_mtp-on_e1a_20260915T014119Z_3,qwen35-08b,1,eager,on,e1a,0,3,4,25235160.0,prepare input,560,0,560,561,45062.786,sample_token,561,1.0018,500.457,488.83,534.11,551.336,466.61,562.8,280756.5,1.111,624569137.0,20260915T014119Z,True
tdb_qwen35-08b_tp1_eager_mtp-on_m1a_20260914T230257Z_3,qwen35-08b,1,eager,on,m1a,0,3,0,25166319.7,prepare input,562,0,562,563,44779.928,async_state_update,563,1.0018,183.598,182.98,186.386,201.839,175.22,215.44,103365.9,0.41,1117.0,20260914T230257Z,True
tdb_qwen35-08b_tp1_eager_mtp-on_m1a_20260914T230257Z_3,qwen35-08b,1,eager,on,m1a,0,3,0,25166319.7,prepare input,562,0,562,563,44779.928,draft_token,563,1.0018,3205.888,3198.34,3228.426,3316.095,3140.29,5115.48,1804915.1,7.159,1117.0,20260914T230257Z,True
tdb_qwen35-08b_tp1_eager_mtp-on_m1a_20260914T230257Z_3,qwen35-08b,1,eager,on,m1a,0,3,0,25166319.7,prepare input,562,0,562,563,44779.928,forward,563,1.0018,35036.344,34994.77,35293.326,35697.038,34688.16,37826.23,19725461.6,78.241,1117.0,20260914T230257Z,True
tdb_qwen35-08b_tp1_eager_mtp-on_m1a_20260914T230257Z_3,qwen35-08b,1,eager,on,m1a,0,3,0,25166319.7,prepare input,562,0,562,563,44779.928,model: mtp: first_pass,563,1.0018,1364.081,1360.76,1382.442,1410.044,1337.71,1452.59,767977.4,3.046,1117.0,20260914T230257Z,True
tdb_qwen35-08b_tp1_eager_mtp-on_m1a_20260914T230257Z_3,qwen35-08b,1,eager,on,m1a,0,3,0,25166319.7,prepare input,562,0,562,563,44779.928,model: mtp: propose,563,1.0018,2337.463,2332.83,2357.492,2418.621,2293.3,4248.08,1315991.5,5.22,1117.0,20260914T230257Z,True
tdb_qwen35-08b_tp1_eager_mtp-on_m1a_20260914T230257Z_3,qwen35-08b,1,eager,on,m1a,0,3,0,25166319.7,prepare input,562,0,562,563,44779.928,post process,563,1.0018,102.91,102.04,104.322,121.697,97.93,156.97,57938.5,0.23,1117.0,20260914T230257Z,True
tdb_qwen35-08b_tp1_eager_mtp-on_m1a_20260914T230257Z_3,qwen35-08b,1,eager,on,m1a,0,3,0,25166319.7,prepare input,562,0,562,563,44779.928,prepare input,562,1.0,4831.826,4809.3,4902.4,5171.917,4703.44,6807.93,2715486.2,10.79,1117.0,20260914T230257Z,True
tdb_qwen35-08b_tp1_eager_mtp-on_m1a_20260914T230257Z_3,qwen35-08b,1,eager,on,m1a,0,3,0,25166319.7,prepare input,562,0,562,563,44779.928,sample_token,563,1.0018,498.997,494.68,521.164,555.299,466.92,586.44,280935.2,1.114,1117.0,20260914T230257Z,True
tdb_qwen35-08b_tp1_eager_mtp-on_m1a_20260914T230257Z_3,qwen35-08b,1,eager,on,m1a,0,3,1,25258090.6,prepare input,572,0,572,573,44157.501,async_state_update,573,1.0017,185.132,184.29,187.988,202.769,175.63,269.19,106080.9,0.419,157780603.0,20260914T230257Z,True
tdb_qwen35-08b_tp1_eager_mtp-on_m1a_20260914T230257Z_3,qwen35-08b,1,eager,on,m1a,0,3,1,25258090.6,prepare input,572,0,572,573,44157.501,draft_token,573,1.0017,3199.128,3193.55,3216.292,3337.384,3141.5,3919.61,1833100.3,7.245,157780603.0,20260914T230257Z,True
tdb_qwen35-08b_tp1_eager_mtp-on_m1a_20260914T230257Z_3,qwen35-08b,1,eager,on,m1a,0,3,1,25258090.6,prepare input,572,0,572,573,44157.501,forward,573,1.0017,34430.818,34359.62,34526.628,35373.394,34122.25,42082.64,19728858.9,77.973,157780603.0,20260914T230257Z,True
tdb_qwen35-08b_tp1_eager_mtp-on_m1a_20260914T230257Z_3,qwen35-08b,1,eager,on,m1a,0,3,1,25258090.6,prepare input,572,0,572,573,44157.501,model: mtp: first_pass,573,1.0017,1356.08,1351.63,1368.902,1398.82,1327.09,1930.45,777033.9,3.071,157780603.0,20260914T230257Z,True
tdb_qwen35-08b_tp1_eager_mtp-on_m1a_20260914T230257Z_3,qwen35-08b,1,eager,on,m1a,0,3,1,25258090.6,prepare input,572,0,572,573,44157.501,model: mtp: propose,573,1.0017,2329.998,2325.85,2345.64,2420.5,2275.59,2926.7,1335088.7,5.277,157780603.0,20260914T230257Z,True
tdb_qwen35-08b_tp1_eager_mtp-on_m1a_20260914T230257Z_3,qwen35-08b,1,eager,on,m1a,0,3,1,25258090.6,prepare input,572,0,572,573,44157.501,post process,573,1.0017,102.356,101.95,103.808,113.532,97.89,140.8,58649.8,0.232,157780603.0,20260914T230257Z,True
tdb_qwen35-08b_tp1_eager_mtp-on_m1a_20260914T230257Z_3,qwen35-08b,1,eager,on,m1a,0,3,1,25258090.6,prepare input,572,0,572,573,44157.501,prepare input,572,1.0,4823.931,4813.14,4849.353,4979.447,4743.38,5888.29,2759288.4,10.924,157780603.0,20260914T230257Z,True
tdb_qwen35-08b_tp1_eager_mtp-on_m1a_20260914T230257Z_3,qwen35-08b,1,eager,on,m1a,0,3,1,25258090.6,prepare input,572,0,572,573,44157.501,sample_token,573,1.0017,493.894,488.77,509.958,544.337,477.99,622.18,283001.5,1.118,157780603.0,20260914T230257Z,True
tdb_qwen35-08b_tp1_eager_mtp-on_m1a_20260914T230257Z_3,qwen35-08b,1,eager,on,m1a,0,3,2,25196901.7,prepare input,570,0,570,571,44205.091,async_state_update,571,1.0018,183.758,183.6,186.35,198.325,174.44,203.35,104925.6,0.416,314797167.0,20260914T230257Z,True
tdb_qwen35-08b_tp1_eager_mtp-on_m1a_20260914T230257Z_3,qwen35-08b,1,eager,on,m1a,0,3,2,25196901.7,prepare input,570,0,570,571,44205.091,draft_token,571,1.0018,3195.242,3194.18,3217.02,3237.487,3136.18,3350.66,1824483.0,7.228,314797167.0,20260914T230257Z,True
tdb_qwen35-08b_tp1_eager_mtp-on_m1a_20260914T230257Z_3,qwen35-08b,1,eager,on,m1a,0,3,2,25196901.7,prepare input,570,0,570,571,44205.091,forward,571,1.0018,34495.953,34487.35,34615.72,34717.824,34237.22,37545.43,19697189.0,78.036,314797167.0,20260914T230257Z,True
tdb_qwen35-08b_tp1_eager_mtp-on_m1a_20260914T230257Z_3,qwen35-08b,1,eager,on,m1a,0,3,2,25196901.7,prepare input,570,0,570,571,44205.091,model: mtp: first_pass,571,1.0018,1351.407,1349.32,1366.87,1376.738,1325.14,1390.35,771653.2,3.057,314797167.0,20260914T230257Z,True
tdb_qwen35-08b_tp1_eager_mtp-on_m1a_20260914T230257Z_3,qwen35-08b,1,eager,on,m1a,0,3,2,25196901.7,prepare input,570,0,570,571,44205.091,model: mtp: propose,571,1.0018,2325.602,2324.85,2345.03,2359.428,2280.2,2416.38,1327918.7,5.261,314797167.0,20260914T230257Z,True
tdb_qwen35-08b_tp1_eager_mtp-on_m1a_20260914T230257Z_3,qwen35-08b,1,eager,on,m1a,0,3,2,25196901.7,prepare input,570,0,570,571,44205.091,post process,571,1.0018,102.36,102.07,103.86,114.19,98.8,121.09,58447.4,0.232,314797167.0,20260914T230257Z,True
tdb_qwen35-08b_tp1_eager_mtp-on_m1a_20260914T230257Z_3,qwen35-08b,1,eager,on,m1a,0,3,2,25196901.7,prepare input,570,0,570,571,44205.091,prepare input,570,1.0,4804.756,4801.64,4832.864,4869.467,4748.52,5161.61,2738711.0,10.869,314797167.0,20260914T230257Z,True
tdb_qwen35-08b_tp1_eager_mtp-on_m1a_20260914T230257Z_3,qwen35-08b,1,eager,on,m1a,0,3,2,25196901.7,prepare input,570,0,570,571,44205.091,sample_token,571,1.0018,497.867,495.01,513.15,542.903,478.86,552.31,284282.2,1.126,314797167.0,20260914T230257Z,True
tdb_qwen35-08b_tp1_eager_mtp-on_m1a_20260914T230257Z_3,qwen35-08b,1,eager,on,m1a,0,3,3,25198601.5,prepare input,541,0,541,542,46577.822,async_state_update,542,1.0018,196.261,195.905,200.21,214.973,179.65,282.91,106373.7,0.421,470443549.0,20260914T230257Z,True
tdb_qwen35-08b_tp1_eager_mtp-on_m1a_20260914T230257Z_3,qwen35-08b,1,eager,on,m1a,0,3,3,25198601.5,prepare input,541,0,541,542,46577.822,draft_token,542,1.0018,3359.962,3364.68,3423.739,3551.579,3160.71,4022.49,1821099.6,7.214,470443549.0,20260914T230257Z,True
tdb_qwen35-08b_tp1_eager_mtp-on_m1a_20260914T230257Z_3,qwen35-08b,1,eager,on,m1a,0,3,3,25198601.5,prepare input,541,0,541,542,46577.822,forward,542,1.0018,36434.308,36461.15,37206.521,39616.259,34281.41,44802.8,19747395.0,78.222,470443549.0,20260914T230257Z,True
tdb_qwen35-08b_tp1_eager_mtp-on_m1a_20260914T230257Z_3,qwen35-08b,1,eager,on,m1a,0,3,3,25198601.5,prepare input,541,0,541,542,46577.822,model: mtp: first_pass,542,1.0018,1428.383,1429.725,1460.129,1494.181,1325.81,1815.4,774183.4,3.067,470443549.0,20260914T230257Z,True
tdb_qwen35-08b_tp1_eager_mtp-on_m1a_20260914T230257Z_3,qwen35-08b,1,eager,on,m1a,0,3,3,25198601.5,prepare input,541,0,541,542,46577.822,model: mtp: propose,542,1.0018,2449.049,2452.655,2499.531,2562.964,2289.55,2999.52,1327384.6,5.258,470443549.0,20260914T230257Z,True
tdb_qwen35-08b_tp1_eager_mtp-on_m1a_20260914T230257Z_3,qwen35-08b,1,eager,on,m1a,0,3,3,25198601.5,prepare input,541,0,541,542,46577.822,post process,542,1.0018,110.983,111.19,114.129,125.524,97.71,158.38,60153.0,0.238,470443549.0,20260914T230257Z,True
tdb_qwen35-08b_tp1_eager_mtp-on_m1a_20260914T230257Z_3,qwen35-08b,1,eager,on,m1a,0,3,3,25198601.5,prepare input,541,0,541,542,46577.822,prepare input,541,1.0,4978.797,4981.32,5021.03,5203.79,4761.7,6148.01,2693529.1,10.689,470443549.0,20260914T230257Z,True
tdb_qwen35-08b_tp1_eager_mtp-on_m1a_20260914T230257Z_3,qwen35-08b,1,eager,on,m1a,0,3,3,25198601.5,prepare input,541,0,541,542,46577.822,sample_token,542,1.0018,510.714,510.335,523.048,544.474,475.99,656.79,276807.2,1.096,470443549.0,20260914T230257Z,True
tdb_qwen35-08b_tp1_eager_mtp-on_m1a_20260914T230257Z_3,qwen35-08b,1,eager,on,m1a,0,3,4,25249134.2,prepare input,576,0,576,577,43835.302,async_state_update,577,1.0017,184.68,183.84,186.916,200.917,173.41,204.27,106560.4,0.421,629411574.0,20260914T230257Z,True
tdb_qwen35-08b_tp1_eager_mtp-on_m1a_20260914T230257Z_3,qwen35-08b,1,eager,on,m1a,0,3,4,25249134.2,prepare input,576,0,576,577,43835.302,draft_token,577,1.0017,3178.659,3177.0,3199.366,3274.165,3124.75,3526.63,1834086.0,7.251,629411574.0,20260914T230257Z,True
tdb_qwen35-08b_tp1_eager_mtp-on_m1a_20260914T230257Z_3,qwen35-08b,1,eager,on,m1a,0,3,4,25249134.2,prepare input,576,0,576,577,43835.302,forward,577,1.0017,34133.131,34077.04,34289.108,34742.49,33906.07,40158.9,19694816.5,77.867,629411574.0,20260914T230257Z,True
tdb_qwen35-08b_tp1_eager_mtp-on_m1a_20260914T230257Z_3,qwen35-08b,1,eager,on,m1a,0,3,4,25249134.2,prepare input,576,0,576,577,43835.302,model: mtp: first_pass,577,1.0017,1338.043,1334.46,1352.042,1369.033,1316.63,1613.52,772051.0,3.052,629411574.0,20260914T230257Z,True
tdb_qwen35-08b_tp1_eager_mtp-on_m1a_20260914T230257Z_3,qwen35-08b,1,eager,on,m1a,0,3,4,25249134.2,prepare input,576,0,576,577,43835.302,model: mtp: propose,577,1.0017,2309.361,2308.91,2325.848,2362.301,2263.83,2649.59,1332501.5,5.268,629411574.0,20260914T230257Z,True
tdb_qwen35-08b_tp1_eager_mtp-on_m1a_20260914T230257Z_3,qwen35-08b,1,eager,on,m1a,0,3,4,25249134.2,prepare input,576,0,576,577,43835.302,post process,577,1.0017,102.115,101.77,103.486,113.947,98.64,120.39,58920.4,0.233,629411574.0,20260914T230257Z,True
tdb_qwen35-08b_tp1_eager_mtp-on_m1a_20260914T230257Z_3,qwen35-08b,1,eager,on,m1a,0,3,4,25249134.2,prepare input,576,0,576,577,43835.302,prepare input,576,1.0,4798.788,4794.07,4825.43,4931.823,4747.97,5009.39,2764101.6,10.947,629411574.0,20260914T230257Z,True
tdb_qwen35-08b_tp1_eager_mtp-on_m1a_20260914T230257Z_3,qwen35-08b,1,eager,on,m1a,0,3,4,25249134.2,prepare input,576,0,576,577,43835.302,sample_token,577,1.0017,495.213,493.14,507.228,527.692,480.42,546.21,285737.7,1.13,629411574.0,20260914T230257Z,True
tdb_qwen35-08b_tp1_eager_mtp-on_w1_20260914T201524Z_3,qwen35-08b,1,eager,on,w1,0,3,0,25112669.4,Step:Schedule,427,427,427,428,58811.872,Step:Output,428,1.0023,52.716,52.275,54.036,65.406,49.59,74.65,22562.6,0.09,611.0,20260914T201524Z,True
tdb_qwen35-08b_tp1_eager_mtp-on_w1_20260914T201524Z_3,qwen35-08b,1,eager,on,w1,0,3,0,25112669.4,Step:Schedule,427,427,427,428,58811.872,Step:Schedule,427,1.0,324.872,271.96,469.662,535.815,250.02,569.92,138720.4,0.552,611.0,20260914T201524Z,True
tdb_qwen35-08b_tp1_eager_mtp-on_w1_20260914T201524Z_3,qwen35-08b,1,eager,on,w1,0,3,0,25112669.4,Step:Schedule,427,427,427,428,58811.872,async_state_update,428,1.0023,209.633,187.005,327.819,408.695,178.07,480.79,89722.8,0.356,611.0,20260914T201524Z,True
tdb_qwen35-08b_tp1_eager_mtp-on_w1_20260914T201524Z_3,qwen35-08b,1,eager,on,w1,0,3,0,25112669.4,Step:Schedule,427,427,427,428,58811.872,draft_token,428,1.0023,4159.512,4114.81,4325.533,5036.507,3760.04,5075.55,1780271.3,7.073,611.0,20260914T201524Z,True
tdb_qwen35-08b_tp1_eager_mtp-on_w1_20260914T201524Z_3,qwen35-08b,1,eager,on,w1,0,3,0,25112669.4,Step:Schedule,427,427,427,428,58811.872,forward,428,1.0023,46073.578,45454.45,48713.235,54497.762,43589.0,54818.36,19719491.6,78.341,611.0,20260914T201524Z,True
tdb_qwen35-08b_tp1_eager_mtp-on_w1_20260914T201524Z_3,qwen35-08b,1,eager,on,w1,0,3,0,25112669.4,Step:Schedule,427,427,427,428,58811.872,model: mtp: first_pass,428,1.0023,1771.954,1818.85,1941.513,2186.259,1540.26,2219.97,758396.2,3.013,611.0,20260914T201524Z,True
tdb_qwen35-08b_tp1_eager_mtp-on_w1_20260914T201524Z_3,qwen35-08b,1,eager,on,w1,0,3,0,25112669.4,Step:Schedule,427,427,427,428,58811.872,model: mtp: propose,428,1.0023,3054.498,3029.395,3180.512,3763.568,2735.09,3832.42,1307325.2,5.194,611.0,20260914T201524Z,True
tdb_qwen35-08b_tp1_eager_mtp-on_w1_20260914T201524Z_3,qwen35-08b,1,eager,on,w1,0,3,0,25112669.4,Step:Schedule,427,427,427,428,58811.872,post process,428,1.0023,130.147,98.845,264.637,335.331,92.91,379.15,55703.1,0.221,611.0,20260914T201524Z,True
tdb_qwen35-08b_tp1_eager_mtp-on_w1_20260914T201524Z_3,qwen35-08b,1,eager,on,w1,0,3,0,25112669.4,Step:Schedule,427,427,427,428,58811.872,prepare input,427,1.0,5872.537,5822.63,6116.488,6995.758,5594.54,7333.76,2507573.2,9.985,611.0,20260914T201524Z,True
tdb_qwen35-08b_tp1_eager_mtp-on_w1_20260914T201524Z_3,qwen35-08b,1,eager,on,w1,0,3,0,25112669.4,Step:Schedule,427,427,427,428,58811.872,sample_token,428,1.0023,550.993,613.335,651.667,731.665,398.6,751.58,235825.1,0.937,611.0,20260914T201524Z,True
tdb_qwen35-08b_tp1_eager_mtp-on_w1_20260914T201524Z_3,qwen35-08b,1,eager,on,w1,0,3,0,25112669.4,Step:Schedule,427,427,427,428,58811.872,schedule: allocate_slots,427,1.0,43.189,42.58,44.436,55.737,40.07,71.87,18441.6,0.073,611.0,20260914T201524Z,True
tdb_qwen35-08b_tp1_eager_mtp-on_w1_20260914T201524Z_3,qwen35-08b,1,eager,on,w1,0,3,0,25112669.4,Step:Schedule,427,427,427,428,58811.872,schedule: get_num_common_prefix_blocks,427,1.0,2.313,2.25,2.43,3.094,2.01,13.22,987.8,0.004,611.0,20260914T201524Z,True
tdb_qwen35-08b_tp1_eager_mtp-on_w1_20260914T201524Z_3,qwen35-08b,1,eager,on,w1,0,3,0,25112669.4,Step:Schedule,427,427,427,428,58811.872,schedule: make_cached_request_data,427,1.0,11.782,11.69,12.23,14.475,10.87,15.78,5031.1,0.02,611.0,20260914T201524Z,True
tdb_qwen35-08b_tp1_eager_mtp-on_w1_20260914T201524Z_3,qwen35-08b,1,eager,on,w1,0,3,0,25112669.4,Step:Schedule,427,427,427,428,58811.872,schedule: update_after_schedule,427,1.0,7.318,7.24,7.52,9.127,6.64,20.09,3124.8,0.012,611.0,20260914T201524Z,True
tdb_qwen35-08b_tp1_eager_mtp-on_w1_20260914T201524Z_3,qwen35-08b,1,eager,on,w1,0,3,1,25142541.1,Step:Schedule,418,418,418,419,60149.62,Step:Output,419,1.0024,53.147,51.93,57.472,64.634,49.51,72.1,22268.5,0.088,162195355.0,20260914T201524Z,True
tdb_qwen35-08b_tp1_eager_mtp-on_w1_20260914T201524Z_3,qwen35-08b,1,eager,on,w1,0,3,1,25142541.1,Step:Schedule,418,418,418,419,60149.62,Step:Schedule,418,1.0,320.324,269.165,486.401,550.121,246.17,619.53,133895.6,0.533,162195355.0,20260914T201524Z,True
tdb_qwen35-08b_tp1_eager_mtp-on_w1_20260914T201524Z_3,qwen35-08b,1,eager,on,w1,0,3,1,25142541.1,Step:Schedule,418,418,418,419,60149.62,async_state_update,419,1.0024,249.285,193.75,394.088,443.08,181.49,501.93,104450.4,0.414,162195355.0,20260914T201524Z,True
tdb_qwen35-08b_tp1_eager_mtp-on_w1_20260914T201524Z_3,qwen35-08b,1,eager,on,w1,0,3,1,25142541.1,Step:Schedule,418,418,418,419,60149.62,draft_token,419,1.0024,4242.122,4175.12,4486.716,4680.114,4084.95,4910.15,1777449.0,7.053,162195355.0,20260914T201524Z,True
tdb_qwen35-08b_tp1_eager_mtp-on_w1_20260914T201524Z_3,qwen35-08b,1,eager,on,w1,0,3,1,25142541.1,Step:Schedule,418,418,418,419,60149.62,forward,419,1.0024,47202.005,46725.1,49838.524,51202.538,44857.6,51842.42,19777640.3,78.474,162195355.0,20260914T201524Z,True
tdb_qwen35-08b_tp1_eager_mtp-on_w1_20260914T201524Z_3,qwen35-08b,1,eager,on,w1,0,3,1,25142541.1,Step:Schedule,418,418,418,419,60149.62,model: mtp: first_pass,419,1.0024,1873.896,1897.16,2018.368,2114.545,1582.41,2177.71,785162.2,3.115,162195355.0,20260914T201524Z,True
tdb_qwen35-08b_tp1_eager_mtp-on_w1_20260914T201524Z_3,qwen35-08b,1,eager,on,w1,0,3,1,25142541.1,Step:Schedule,418,418,418,419,60149.62,model: mtp: propose,419,1.0024,3125.695,3084.6,3311.648,3493.055,2869.8,3591.13,1309666.2,5.197,162195355.0,20260914T201524Z,True
tdb_qwen35-08b_tp1_eager_mtp-on_w1_20260914T201524Z_3,qwen35-08b,1,eager,on,w1,0,3,1,25142541.1,Step:Schedule,418,418,418,419,60149.62,post process,419,1.0024,165.28,108.51,314.194,333.102,95.86,346.33,69252.2,0.275,162195355.0,20260914T201524Z,True
tdb_qwen35-08b_tp1_eager_mtp-on_w1_20260914T201524Z_3,qwen35-08b,1,eager,on,w1,0,3,1,25142541.1,Step:Schedule,418,418,418,419,60149.62,prepare input,418,1.0,5921.328,5908.335,6220.653,6412.525,5626.42,6697.02,2475115.2,9.844,162195355.0,20260914T201524Z,True
tdb_qwen35-08b_tp1_eager_mtp-on_w1_20260914T201524Z_3,qwen35-08b,1,eager,on,w1,0,3,1,25142541.1,Step:Schedule,418,418,418,419,60149.62,sample_token,419,1.0024,518.313,451.68,662.07,691.514,409.36,739.72,217173.2,0.862,162195355.0,20260914T201524Z,True
tdb_qwen35-08b_tp1_eager_mtp-on_w1_20260914T201524Z_3,qwen35-08b,1,eager,on,w1,0,3,1,25142541.1,Step:Schedule,418,418,418,419,60149.62,schedule: allocate_slots,418,1.0,42.958,42.39,44.936,53.723,40.04,58.67,17956.3,0.071,162195355.0,20260914T201524Z,True
tdb_qwen35-08b_tp1_eager_mtp-on_w1_20260914T201524Z_3,qwen35-08b,1,eager,on,w1,0,3,1,25142541.1,Step:Schedule,418,418,418,419,60149.62,schedule: get_num_common_prefix_blocks,418,1.0,2.329,2.295,2.463,2.617,2.0,13.3,973.5,0.004,162195355.0,20260914T201524Z,True
tdb_qwen35-08b_tp1_eager_mtp-on_w1_20260914T201524Z_3,qwen35-08b,1,eager,on,w1,0,3,1,25142541.1,Step:Schedule,418,418,418,419,60149.62,schedule: make_cached_request_data,418,1.0,11.799,11.555,12.666,13.953,10.51,26.14,4931.8,0.02,162195355.0,20260914T201524Z,True
tdb_qwen35-08b_tp1_eager_mtp-on_w1_20260914T201524Z_3,qwen35-08b,1,eager,on,w1,0,3,1,25142541.1,Step:Schedule,418,418,418,419,60149.62,schedule: update_after_schedule,418,1.0,7.252,7.16,7.76,8.291,6.59,8.64,3031.2,0.012,162195355.0,20260914T201524Z,True
tdb_qwen35-08b_tp1_eager_mtp-on_w1_20260914T201524Z_3,qwen35-08b,1,eager,on,w1,0,3,2,25142367.6,Step:Schedule,420,420,420,421,59862.78,Step:Output,421,1.0024,53.36,52.06,56.86,58.876,49.3,75.75,22464.6,0.089,325870960.0,20260914T201524Z,True
tdb_qwen35-08b_tp1_eager_mtp-on_w1_20260914T201524Z_3,qwen35-08b,1,eager,on,w1,0,3,2,25142367.6,Step:Schedule,420,420,420,421,59862.78,Step:Schedule,420,1.0,342.176,278.395,489.144,508.902,257.59,526.35,143714.0,0.572,325870960.0,20260914T201524Z,True
tdb_qwen35-08b_tp1_eager_mtp-on_w1_20260914T201524Z_3,qwen35-08b,1,eager,on,w1,0,3,2,25142367.6,Step:Schedule,420,420,420,421,59862.78,async_state_update,421,1.0024,230.672,191.72,390.06,409.26,181.11,424.12,97113.0,0.385,325870960.0,20260914T201524Z,True
tdb_qwen35-08b_tp1_eager_mtp-on_w1_20260914T201524Z_3,qwen35-08b,1,eager,on,w1,0,3,2,25142367.6,Step:Schedule,420,420,420,421,59862.78,draft_token,421,1.0024,4232.185,4147.77,4501.21,4631.47,3845.18,4664.07,1781749.7,7.07,325870960.0,20260914T201524Z,True
tdb_qwen35-08b_tp1_eager_mtp-on_w1_20260914T201524Z_3,qwen35-08b,1,eager,on,w1,0,3,2,25142367.6,Step:Schedule,420,420,420,421,59862.78,forward,421,1.0024,46933.269,45921.98,49577.91,50257.588,44373.73,52597.79,19758906.1,78.401,325870960.0,20260914T201524Z,True
tdb_qwen35-08b_tp1_eager_mtp-on_w1_20260914T201524Z_3,qwen35-08b,1,eager,on,w1,0,3,2,25142367.6,Step:Schedule,420,420,420,421,59862.78,model: mtp: first_pass,421,1.0024,1852.555,1882.39,2013.03,2047.566,1528.92,2060.49,779925.8,3.095,325870960.0,20260914T201524Z,True
tdb_qwen35-08b_tp1_eager_mtp-on_w1_20260914T201524Z_3,qwen35-08b,1,eager,on,w1,0,3,2,25142367.6,Step:Schedule,420,420,420,421,59862.78,model: mtp: propose,421,1.0024,3117.381,3072.0,3303.56,3476.306,2785.69,3492.03,1312417.6,5.208,325870960.0,20260914T201524Z,True
tdb_qwen35-08b_tp1_eager_mtp-on_w1_20260914T201524Z_3,qwen35-08b,1,eager,on,w1,0,3,2,25142367.6,Step:Schedule,420,420,420,421,59862.78,post process,421,1.0024,144.122,108.03,309.45,334.688,95.3,372.83,60675.3,0.241,325870960.0,20260914T201524Z,True
tdb_qwen35-08b_tp1_eager_mtp-on_w1_20260914T201524Z_3,qwen35-08b,1,eager,on,w1,0,3,2,25142367.6,Step:Schedule,420,420,420,421,59862.78,prepare input,420,1.0,5924.573,5920.365,6200.393,6289.454,5625.68,6369.36,2488320.8,9.897,325870960.0,20260914T201524Z,True
tdb_qwen35-08b_tp1_eager_mtp-on_w1_20260914T201524Z_3,qwen35-08b,1,eager,on,w1,0,3,2,25142367.6,Step:Schedule,420,420,420,421,59862.78,sample_token,421,1.0024,541.872,609.58,663.38,686.86,405.26,731.96,228128.1,0.905,325870960.0,20260914T201524Z,True
tdb_qwen35-08b_tp1_eager_mtp-on_w1_20260914T201524Z_3,qwen35-08b,1,eager,on,w1,0,3,2,25142367.6,Step:Schedule,420,420,420,421,59862.78,schedule: allocate_slots,420,1.0,43.384,42.57,45.759,54.891,39.98,58.11,18221.2,0.072,325870960.0,20260914T201524Z,True
tdb_qwen35-08b_tp1_eager_mtp-on_w1_20260914T201524Z_3,qwen35-08b,1,eager,on,w1,0,3,2,25142367.6,Step:Schedule,420,420,420,421,59862.78,schedule: get_num_common_prefix_blocks,420,1.0,2.349,2.33,2.53,2.734,2.06,2.8,986.4,0.004,325870960.0,20260914T201524Z,True
tdb_qwen35-08b_tp1_eager_mtp-on_w1_20260914T201524Z_3,qwen35-08b,1,eager,on,w1,0,3,2,25142367.6,Step:Schedule,420,420,420,421,59862.78,schedule: make_cached_request_data,420,1.0,12.021,11.885,12.771,13.989,10.81,15.31,5048.8,0.02,325870960.0,20260914T201524Z,True
tdb_qwen35-08b_tp1_eager_mtp-on_w1_20260914T201524Z_3,qwen35-08b,1,eager,on,w1,0,3,2,25142367.6,Step:Schedule,420,420,420,421,59862.78,schedule: update_after_schedule,420,1.0,7.406,7.31,7.97,8.536,6.72,8.88,3110.7,0.012,325870960.0,20260914T201524Z,True
tdb_qwen35-08b_tp1_eager_mtp-on_w1_20260914T201524Z_3,qwen35-08b,1,eager,on,w1,0,3,3,25211872.1,Step:Schedule,423,423,423,424,59602.534,Step:Output,424,1.0024,52.723,51.685,56.655,62.25,48.56,70.62,22354.3,0.088,488739245.0,20260914T201524Z,True
tdb_qwen35-08b_tp1_eager_mtp-on_w1_20260914T201524Z_3,qwen35-08b,1,eager,on,w1,0,3,3,25211872.1,Step:Schedule,423,423,423,424,59602.534,Step:Schedule,423,1.0,316.65,264.08,475.586,499.34,246.1,543.18,133942.8,0.531,488739245.0,20260914T201524Z,True
tdb_qwen35-08b_tp1_eager_mtp-on_w1_20260914T201524Z_3,qwen35-08b,1,eager,on,w1,0,3,3,25211872.1,Step:Schedule,423,423,423,424,59602.534,async_state_update,424,1.0024,228.78,190.635,389.25,413.755,182.82,474.22,97002.9,0.384,488739245.0,20260914T201524Z,True
tdb_qwen35-08b_tp1_eager_mtp-on_w1_20260914T201524Z_3,qwen35-08b,1,eager,on,w1,0,3,3,25211872.1,Step:Schedule,423,423,423,424,59602.534,draft_token,424,1.0024,4227.442,4148.965,4476.828,4643.506,3883.08,5136.14,1792435.4,7.093,488739245.0,20260914T201524Z,True
tdb_qwen35-08b_tp1_eager_mtp-on_w1_20260914T201524Z_3,qwen35-08b,1,eager,on,w1,0,3,3,25211872.1,Step:Schedule,423,423,423,424,59602.534,forward,424,1.0024,46715.691,45812.245,49507.13,49914.59,44223.97,50188.86,19807453.1,78.379,488739245.0,20260914T201524Z,True
tdb_qwen35-08b_tp1_eager_mtp-on_w1_20260914T201524Z_3,qwen35-08b,1,eager,on,w1,0,3,3,25211872.1,Step:Schedule,423,423,423,424,59602.534,model: mtp: first_pass,424,1.0024,1835.991,1872.12,2009.923,2045.748,1543.63,2711.2,778460.0,3.08,488739245.0,20260914T201524Z,True
tdb_qwen35-08b_tp1_eager_mtp-on_w1_20260914T201524Z_3,qwen35-08b,1,eager,on,w1,0,3,3,25211872.1,Step:Schedule,423,423,423,424,59602.534,model: mtp: propose,424,1.0024,3110.567,3063.885,3303.005,3478.332,2753.64,3858.69,1318880.5,5.219,488739245.0,20260914T201524Z,True
tdb_qwen35-08b_tp1_eager_mtp-on_w1_20260914T201524Z_3,qwen35-08b,1,eager,on,w1,0,3,3,25211872.1,Step:Schedule,423,423,423,424,59602.534,post process,424,1.0024,151.705,105.795,310.858,338.158,95.53,340.55,64323.0,0.255,488739245.0,20260914T201524Z,True
tdb_qwen35-08b_tp1_eager_mtp-on_w1_20260914T201524Z_3,qwen35-08b,1,eager,on,w1,0,3,3,25211872.1,Step:Schedule,423,423,423,424,59602.534,prepare input,423,1.0,5911.355,5911.92,6179.47,6233.063,5659.5,6262.75,2500503.0,9.918,488739245.0,20260914T201524Z,True
tdb_qwen35-08b_tp1_eager_mtp-on_w1_20260914T201524Z_3,qwen35-08b,1,eager,on,w1,0,3,3,25211872.1,Step:Schedule,423,423,423,424,59602.534,sample_token,424,1.0024,535.309,487.065,660.898,679.37,407.84,735.57,226970.9,0.898,488739245.0,20260914T201524Z,True
tdb_qwen35-08b_tp1_eager_mtp-on_w1_20260914T201524Z_3,qwen35-08b,1,eager,on,w1,0,3,3,25211872.1,Step:Schedule,423,423,423,424,59602.534,schedule: allocate_slots,423,1.0,43.142,42.55,45.67,47.93,39.34,56.21,18249.2,0.072,488739245.0,20260914T201524Z,True
tdb_qwen35-08b_tp1_eager_mtp-on_w1_20260914T201524Z_3,qwen35-08b,1,eager,on,w1,0,3,3,25211872.1,Step:Schedule,423,423,423,424,59602.534,schedule: get_num_common_prefix_blocks,423,1.0,2.281,2.23,2.44,2.713,1.94,11.42,965.0,0.004,488739245.0,20260914T201524Z,True
tdb_qwen35-08b_tp1_eager_mtp-on_w1_20260914T201524Z_3,qwen35-08b,1,eager,on,w1,0,3,3,25211872.1,Step:Schedule,423,423,423,424,59602.534,schedule: make_cached_request_data,423,1.0,11.819,11.51,12.868,15.194,10.4,23.72,4999.5,0.02,488739245.0,20260914T201524Z,True
tdb_qwen35-08b_tp1_eager_mtp-on_w1_20260914T201524Z_3,qwen35-08b,1,eager,on,w1,0,3,3,25211872.1,Step:Schedule,423,423,423,424,59602.534,schedule: update_after_schedule,423,1.0,7.367,7.24,7.868,8.569,6.65,16.66,3116.2,0.012,488739245.0,20260914T201524Z,True
tdb_qwen35-08b_tp1_eager_mtp-on_w1_20260914T201524Z_3,qwen35-08b,1,eager,on,w1,0,3,4,25157666.0,Step:Schedule,411,411,411,412,61210.866,Step:Output,412,1.0024,54.826,55.46,56.988,65.534,49.89,75.26,22588.2,0.09,651726877.0,20260914T201524Z,True
tdb_qwen35-08b_tp1_eager_mtp-on_w1_20260914T201524Z_3,qwen35-08b,1,eager,on,w1,0,3,4,25157666.0,Step:Schedule,411,411,411,412,61210.866,Step:Schedule,411,1.0,353.04,285.11,486.99,503.268,247.41,559.85,145099.4,0.577,651726877.0,20260914T201524Z,True
tdb_qwen35-08b_tp1_eager_mtp-on_w1_20260914T201524Z_3,qwen35-08b,1,eager,on,w1,0,3,4,25157666.0,Step:Schedule,411,411,411,412,61210.866,async_state_update,412,1.0024,259.863,205.22,398.909,420.685,183.84,437.86,107063.4,0.425,651726877.0,20260914T201524Z,True
tdb_qwen35-08b_tp1_eager_mtp-on_w1_20260914T201524Z_3,qwen35-08b,1,eager,on,w1,0,3,4,25157666.0,Step:Schedule,411,411,411,412,61210.866,draft_token,412,1.0024,4326.556,4338.675,4510.942,4630.003,4083.72,4686.86,1782541.2,7.068,651726877.0,20260914T201524Z,True
tdb_qwen35-08b_tp1_eager_mtp-on_w1_20260914T201524Z_3,qwen35-08b,1,eager,on,w1,0,3,4,25157666.0,Step:Schedule,411,411,411,412,61210.866,forward,412,1.0024,48042.856,48728.395,49539.044,49962.525,44004.51,50273.03,19793656.6,78.487,651726877.0,20260914T201524Z,True
tdb_qwen35-08b_tp1_eager_mtp-on_w1_20260914T201524Z_3,qwen35-08b,1,eager,on,w1,0,3,4,25157666.0,Step:Schedule,411,411,411,412,61210.866,model: mtp: first_pass,412,1.0024,1905.352,1959.845,2016.312,2054.908,1567.78,2074.43,785005.2,3.113,651726877.0,20260914T201524Z,True
tdb_qwen35-08b_tp1_eager_mtp-on_w1_20260914T201524Z_3,qwen35-08b,1,eager,on,w1,0,3,4,25157666.0,Step:Schedule,411,411,411,412,61210.866,model: mtp: propose,412,1.0024,3185.227,3198.92,3300.062,3465.525,2911.2,3496.23,1312313.7,5.204,651726877.0,20260914T201524Z,True
tdb_qwen35-08b_tp1_eager_mtp-on_w1_20260914T201524Z_3,qwen35-08b,1,eager,on,w1,0,3,4,25157666.0,Step:Schedule,411,411,411,412,61210.866,post process,412,1.0024,141.196,109.23,303.146,334.081,96.36,345.77,58172.9,0.231,651726877.0,20260914T201524Z,True
tdb_qwen35-08b_tp1_eager_mtp-on_w1_20260914T201524Z_3,qwen35-08b,1,eager,on,w1,0,3,4,25157666.0,Step:Schedule,411,411,411,412,61210.866,prepare input,411,1.0,5984.016,5974.79,6180.81,6258.233,5677.12,6348.46,2459430.4,9.776,651726877.0,20260914T201524Z,True
tdb_qwen35-08b_tp1_eager_mtp-on_w1_20260914T201524Z_3,qwen35-08b,1,eager,on,w1,0,3,4,25157666.0,Step:Schedule,411,411,411,412,61210.866,sample_token,412,1.0024,560.573,632.285,667.602,687.045,412.18,762.17,230955.9,0.916,651726877.0,20260914T201524Z,True
tdb_qwen35-08b_tp1_eager_mtp-on_w1_20260914T201524Z_3,qwen35-08b,1,eager,on,w1,0,3,4,25157666.0,Step:Schedule,411,411,411,412,61210.866,schedule: allocate_slots,411,1.0,44.07,44.13,46.03,47.619,40.46,56.09,18112.8,0.072,651726877.0,20260914T201524Z,True
tdb_qwen35-08b_tp1_eager_mtp-on_w1_20260914T201524Z_3,qwen35-08b,1,eager,on,w1,0,3,4,25157666.0,Step:Schedule,411,411,411,412,61210.866,schedule: get_num_common_prefix_blocks,411,1.0,2.333,2.33,2.55,2.719,1.91,2.96,958.9,0.004,651726877.0,20260914T201524Z,True
tdb_qwen35-08b_tp1_eager_mtp-on_w1_20260914T201524Z_3,qwen35-08b,1,eager,on,w1,0,3,4,25157666.0,Step:Schedule,411,411,411,412,61210.866,schedule: make_cached_request_data,411,1.0,12.199,12.2,12.95,14.382,10.65,24.41,5014.0,0.02,651726877.0,20260914T201524Z,True
tdb_qwen35-08b_tp1_eager_mtp-on_w1_20260914T201524Z_3,qwen35-08b,1,eager,on,w1,0,3,4,25157666.0,Step:Schedule,411,411,411,412,61210.866,schedule: update_after_schedule,411,1.0,7.627,7.59,8.2,8.787,6.72,16.26,3134.8,0.012,651726877.0,20260914T201524Z,True
tdb_qwen35-08b_tp1_graph_mtp-off_e1a_20260915T014119Z_0,qwen35-08b,1,graph,off,e1a,0,0,0,25112889.5,prepare input,5098,0,5098,5099,4926.028,async_state_update,5099,1.0002,47.176,46.81,49.8,57.23,43.36,120.4,240550.6,0.958,1105.0,20260915T014119Z,True
tdb_qwen35-08b_tp1_graph_mtp-off_e1a_20260915T014119Z_0,qwen35-08b,1,graph,off,e1a,0,0,0,25112889.5,prepare input,5098,0,5098,5099,4926.028,draft_token,5099,1.0002,2.543,2.53,2.72,2.93,2.05,15.95,12965.7,0.052,1105.0,20260915T014119Z,True
tdb_qwen35-08b_tp1_graph_mtp-off_e1a_20260915T014119Z_0,qwen35-08b,1,graph,off,e1a,0,0,0,25112889.5,prepare input,5098,0,5098,5099,4926.028,forward,5099,1.0002,968.624,960.4,1019.786,1055.339,876.52,6397.43,4939011.3,19.663,1105.0,20260915T014119Z,True
tdb_qwen35-08b_tp1_graph_mtp-off_e1a_20260915T014119Z_0,qwen35-08b,1,graph,off,e1a,0,0,0,25112889.5,prepare input,5098,0,5098,5099,4926.028,post process,5099,1.0002,118.558,116.57,130.73,139.197,104.29,182.58,604526.2,2.407,1105.0,20260915T014119Z,True
tdb_qwen35-08b_tp1_graph_mtp-off_e1a_20260915T014119Z_0,qwen35-08b,1,graph,off,e1a,0,0,0,25112889.5,prepare input,5098,0,5098,5099,4926.028,prepare input,5098,1.0,2898.678,2842.1,3082.587,3353.791,2732.4,6687.39,14777459.9,58.844,1105.0,20260915T014119Z,True
tdb_qwen35-08b_tp1_graph_mtp-off_e1a_20260915T014119Z_0,qwen35-08b,1,graph,off,e1a,0,0,0,25112889.5,prepare input,5098,0,5098,5099,4926.028,sample_token,5099,1.0002,172.1,168.82,185.91,222.957,150.24,290.4,877537.0,3.494,1105.0,20260915T014119Z,True
tdb_qwen35-08b_tp1_graph_mtp-off_e1a_20260915T014119Z_0,qwen35-08b,1,graph,off,e1a,0,0,1,25109311.6,prepare input,5235,0,5235,5236,4796.43,async_state_update,5236,1.0002,46.108,45.91,46.8,57.225,42.97,69.43,241420.1,0.961,34814901.0,20260915T014119Z,True
tdb_qwen35-08b_tp1_graph_mtp-off_e1a_20260915T014119Z_0,qwen35-08b,1,graph,off,e1a,0,0,1,25109311.6,prepare input,5235,0,5235,5236,4796.43,draft_token,5236,1.0002,2.518,2.5,2.69,2.88,2.1,14.32,13184.5,0.052,34814901.0,20260915T014119Z,True
tdb_qwen35-08b_tp1_graph_mtp-off_e1a_20260915T014119Z_0,qwen35-08b,1,graph,off,e1a,0,0,1,25109311.6,prepare input,5235,0,5235,5236,4796.43,forward,5236,1.0002,882.374,881.49,897.9,913.73,842.59,1986.11,4620112.4,18.396,34814901.0,20260915T014119Z,True
tdb_qwen35-08b_tp1_graph_mtp-off_e1a_20260915T014119Z_0,qwen35-08b,1,graph,off,e1a,0,0,1,25109311.6,prepare input,5235,0,5235,5236,4796.43,post process,5236,1.0002,116.311,117.12,121.5,133.717,101.38,171.48,609005.9,2.425,34814901.0,20260915T014119Z,True
tdb_qwen35-08b_tp1_graph_mtp-off_e1a_20260915T014119Z_0,qwen35-08b,1,graph,off,e1a,0,0,1,25109311.6,prepare input,5235,0,5235,5236,4796.43,prepare input,5235,1.0,2878.227,2887.18,2935.348,2963.41,2690.97,5787.32,15067520.9,60.008,34814901.0,20260915T014119Z,True
tdb_qwen35-08b_tp1_graph_mtp-off_e1a_20260915T014119Z_0,qwen35-08b,1,graph,off,e1a,0,0,1,25109311.6,prepare input,5235,0,5235,5236,4796.43,sample_token,5236,1.0002,167.545,166.99,172.83,200.483,153.16,222.04,877265.9,3.493,34814901.0,20260915T014119Z,True
tdb_qwen35-08b_tp1_graph_mtp-off_e1a_20260915T014119Z_0,qwen35-08b,1,graph,off,e1a,0,0,2,25105804.1,prepare input,5087,0,5087,5088,4935.287,async_state_update,5088,1.0002,47.76,47.02,49.8,58.194,43.99,254.5,243004.6,0.968,68767494.0,20260915T014119Z,True
tdb_qwen35-08b_tp1_graph_mtp-off_e1a_20260915T014119Z_0,qwen35-08b,1,graph,off,e1a,0,0,2,25105804.1,prepare input,5087,0,5087,5088,4935.287,draft_token,5088,1.0002,2.565,2.48,2.9,3.071,2.07,19.06,13048.9,0.052,68767494.0,20260915T014119Z,True
tdb_qwen35-08b_tp1_graph_mtp-off_e1a_20260915T014119Z_0,qwen35-08b,1,graph,off,e1a,0,0,2,25105804.1,prepare input,5087,0,5087,5088,4935.287,forward,5088,1.0002,895.526,894.1,917.353,936.561,857.65,4140.15,4556435.4,18.145,68767494.0,20260915T014119Z,True
tdb_qwen35-08b_tp1_graph_mtp-off_e1a_20260915T014119Z_0,qwen35-08b,1,graph,off,e1a,0,0,2,25105804.1,prepare input,5087,0,5087,5088,4935.287,post process,5088,1.0002,121.145,118.16,131.09,141.013,104.74,201.75,616387.7,2.455,68767494.0,20260915T014119Z,True
tdb_qwen35-08b_tp1_graph_mtp-off_e1a_20260915T014119Z_0,qwen35-08b,1,graph,off,e1a,0,0,2,25105804.1,prepare input,5087,0,5087,5088,4935.287,prepare input,5087,1.0,2962.088,2923.79,3076.894,3103.057,2764.3,4643.27,15068142.6,60.019,68767494.0,20260915T014119Z,True
tdb_qwen35-08b_tp1_graph_mtp-off_e1a_20260915T014119Z_0,qwen35-08b,1,graph,off,e1a,0,0,2,25105804.1,prepare input,5087,0,5087,5088,4935.287,sample_token,5088,1.0002,172.977,171.22,179.693,192.971,154.32,236.09,880108.8,3.505,68767494.0,20260915T014119Z,True
tdb_qwen35-08b_tp1_graph_mtp-off_e1a_20260915T014119Z_0,qwen35-08b,1,graph,off,e1a,0,0,3,25105574.2,prepare input,5043,0,5043,5044,4978.301,async_state_update,5044,1.0002,47.916,48.25,49.95,58.64,42.92,70.24,241689.9,0.963,103416779.0,20260915T014119Z,True
tdb_qwen35-08b_tp1_graph_mtp-off_e1a_20260915T014119Z_0,qwen35-08b,1,graph,off,e1a,0,0,3,25105574.2,prepare input,5043,0,5043,5044,4978.301,draft_token,5044,1.0002,2.631,2.65,2.98,3.16,2.03,20.8,13271.5,0.053,103416779.0,20260915T014119Z,True
tdb_qwen35-08b_tp1_graph_mtp-off_e1a_20260915T014119Z_0,qwen35-08b,1,graph,off,e1a,0,0,3,25105574.2,prepare input,5043,0,5043,5044,4978.301,forward,5044,1.0002,901.947,902.75,922.235,942.566,838.73,1874.63,4549420.9,18.118,103416779.0,20260915T014119Z,True
tdb_qwen35-08b_tp1_graph_mtp-off_e1a_20260915T014119Z_0,qwen35-08b,1,graph,off,e1a,0,0,3,25105574.2,prepare input,5043,0,5043,5044,4978.301,post process,5044,1.0002,125.152,128.635,132.28,144.221,104.5,154.69,631268.4,2.514,103416779.0,20260915T014119Z,True
tdb_qwen35-08b_tp1_graph_mtp-off_e1a_20260915T014119Z_0,qwen35-08b,1,graph,off,e1a,0,0,3,25105574.2,prepare input,5043,0,5043,5044,4978.301,prepare input,5043,1.0,2985.643,3025.47,3082.698,3108.757,2739.23,6528.9,15056599.6,59.973,103416779.0,20260915T014119Z,True
tdb_qwen35-08b_tp1_graph_mtp-off_e1a_20260915T014119Z_0,qwen35-08b,1,graph,off,e1a,0,0,3,25105574.2,prepare input,5043,0,5043,5044,4978.301,sample_token,5044,1.0002,173.662,174.23,179.624,198.546,156.17,291.36,875951.5,3.488,103416779.0,20260915T014119Z,True
tdb_qwen35-08b_tp1_graph_mtp-off_e1a_20260915T014119Z_0,qwen35-08b,1,graph,off,e1a,0,0,4,25112387.0,prepare input,4999,0,4999,5000,5023.482,async_state_update,5000,1.0002,48.164,47.97,49.93,59.451,44.36,73.36,240819.7,0.959,138521740.0,20260915T014119Z,True
tdb_qwen35-08b_tp1_graph_mtp-off_e1a_20260915T014119Z_0,qwen35-08b,1,graph,off,e1a,0,0,4,25112387.0,prepare input,4999,0,4999,5000,5023.482,draft_token,5000,1.0002,2.603,2.59,2.83,3.01,2.1,20.85,13016.9,0.052,138521740.0,20260915T014119Z,True
tdb_qwen35-08b_tp1_graph_mtp-off_e1a_20260915T014119Z_0,qwen35-08b,1,graph,off,e1a,0,0,4,25112387.0,prepare input,4999,0,4999,5000,5023.482,forward,5000,1.0002,917.841,914.135,948.3,975.621,866.24,2233.63,4589203.2,18.271,138521740.0,20260915T014119Z,True
tdb_qwen35-08b_tp1_graph_mtp-off_e1a_20260915T014119Z_0,qwen35-08b,1,graph,off,e1a,0,0,4,25112387.0,prepare input,4999,0,4999,5000,5023.482,post process,5000,1.0002,124.516,122.63,131.18,142.431,114.48,172.19,622579.5,2.479,138521740.0,20260915T014119Z,True
tdb_qwen35-08b_tp1_graph_mtp-off_e1a_20260915T014119Z_0,qwen35-08b,1,graph,off,e1a,0,0,4,25112387.0,prepare input,4999,0,4999,5000,5023.482,prepare input,4999,1.0,3017.586,3001.39,3103.64,3146.752,2877.72,6454.44,15084914.2,60.07,138521740.0,20260915T014119Z,True
tdb_qwen35-08b_tp1_graph_mtp-off_e1a_20260915T014119Z_0,qwen35-08b,1,graph,off,e1a,0,0,4,25112387.0,prepare input,4999,0,4999,5000,5023.482,sample_token,5000,1.0002,174.881,173.27,181.892,194.435,159.07,282.28,874407.4,3.481,138521740.0,20260915T014119Z,True
tdb_qwen35-08b_tp1_graph_mtp-off_m1a_20260914T230257Z_0,qwen35-08b,1,graph,off,m1a,0,0,0,25113416.8,prepare input,5063,0,5063,5064,4960.185,async_state_update,5064,1.0002,46.824,46.56,47.52,58.595,44.53,75.38,237117.6,0.944,940.0,20260914T230257Z,True
tdb_qwen35-08b_tp1_graph_mtp-off_m1a_20260914T230257Z_0,qwen35-08b,1,graph,off,m1a,0,0,0,25113416.8,prepare input,5063,0,5063,5064,4960.185,draft_token,5064,1.0002,2.452,2.45,2.61,2.77,1.98,15.02,12418.5,0.049,940.0,20260914T230257Z,True
tdb_qwen35-08b_tp1_graph_mtp-off_m1a_20260914T230257Z_0,qwen35-08b,1,graph,off,m1a,0,0,0,25113416.8,prepare input,5063,0,5063,5064,4960.185,forward,5064,1.0002,944.622,942.595,962.994,1014.126,892.08,3156.72,4783564.3,19.044,940.0,20260914T230257Z,True
tdb_qwen35-08b_tp1_graph_mtp-off_m1a_20260914T230257Z_0,qwen35-08b,1,graph,off,m1a,0,0,0,25113416.8,prepare input,5063,0,5063,5064,4960.185,post process,5064,1.0002,119.445,118.88,124.097,136.302,111.29,147.15,604867.5,2.408,940.0,20260914T230257Z,True
tdb_qwen35-08b_tp1_graph_mtp-off_m1a_20260914T230257Z_0,qwen35-08b,1,graph,off,m1a,0,0,0,25113416.8,prepare input,5063,0,5063,5064,4960.185,prepare input,5063,1.0,2930.891,2898.93,2958.118,3487.691,2814.02,3548.56,14839103.3,59.088,940.0,20260914T230257Z,True
tdb_qwen35-08b_tp1_graph_mtp-off_m1a_20260914T230257Z_0,qwen35-08b,1,graph,off,m1a,0,0,0,25113416.8,prepare input,5063,0,5063,5064,4960.185,sample_token,5064,1.0002,166.923,166.08,170.887,183.997,153.73,336.18,845299.0,3.365,940.0,20260914T230257Z,True
tdb_qwen35-08b_tp1_graph_mtp-off_m1a_20260914T230257Z_0,qwen35-08b,1,graph,off,m1a,0,0,1,25111545.1,prepare input,5172,0,5172,5173,4855.287,async_state_update,5173,1.0002,46.557,46.35,47.28,55.743,44.63,80.62,240841.0,0.959,34762517.0,20260914T230257Z,True
tdb_qwen35-08b_tp1_graph_mtp-off_m1a_20260914T230257Z_0,qwen35-08b,1,graph,off,m1a,0,0,1,25111545.1,prepare input,5172,0,5172,5173,4855.287,draft_token,5173,1.0002,2.441,2.43,2.6,2.78,2.0,16.69,12625.0,0.05,34762517.0,20260914T230257Z,True
tdb_qwen35-08b_tp1_graph_mtp-off_m1a_20260914T230257Z_0,qwen35-08b,1,graph,off,m1a,0,0,1,25111545.1,prepare input,5172,0,5172,5173,4855.287,forward,5173,1.0002,877.272,875.19,894.76,925.861,843.51,1558.09,4538127.9,18.068,34762517.0,20260914T230257Z,True
tdb_qwen35-08b_tp1_graph_mtp-off_m1a_20260914T230257Z_0,qwen35-08b,1,graph,off,m1a,0,0,1,25111545.1,prepare input,5172,0,5172,5173,4855.287,post process,5173,1.0002,118.178,117.55,121.77,133.533,110.47,163.07,611333.6,2.434,34762517.0,20260914T230257Z,True
tdb_qwen35-08b_tp1_graph_mtp-off_m1a_20260914T230257Z_0,qwen35-08b,1,graph,off,m1a,0,0,1,25111545.1,prepare input,5172,0,5172,5173,4855.287,prepare input,5172,1.0,2890.14,2889.285,2920.079,2942.945,2789.15,5708.72,14947805.8,59.526,34762517.0,20260914T230257Z,True
tdb_qwen35-08b_tp1_graph_mtp-off_m1a_20260914T230257Z_0,qwen35-08b,1,graph,off,m1a,0,0,1,25111545.1,prepare input,5172,0,5172,5173,4855.287,sample_token,5173,1.0002,167.128,166.35,170.12,183.49,155.15,233.22,864551.0,3.442,34762517.0,20260914T230257Z,True
tdb_qwen35-08b_tp1_graph_mtp-off_m1a_20260914T230257Z_0,qwen35-08b,1,graph,off,m1a,0,0,2,25105089.3,prepare input,5164,0,5164,5165,4861.559,async_state_update,5165,1.0002,46.444,46.18,47.06,57.478,44.2,171.79,239880.7,0.955,68969533.0,20260914T230257Z,True
tdb_qwen35-08b_tp1_graph_mtp-off_m1a_20260914T230257Z_0,qwen35-08b,1,graph,off,m1a,0,0,2,25105089.3,prepare input,5164,0,5164,5165,4861.559,draft_token,5165,1.0002,2.429,2.41,2.56,2.714,2.05,21.39,12546.4,0.05,68969533.0,20260914T230257Z,True
tdb_qwen35-08b_tp1_graph_mtp-off_m1a_20260914T230257Z_0,qwen35-08b,1,graph,off,m1a,0,0,2,25105089.3,prepare input,5164,0,5164,5165,4861.559,forward,5165,1.0002,878.954,876.62,895.39,938.83,840.28,1331.41,4539797.2,18.08,68969533.0,20260914T230257Z,True
tdb_qwen35-08b_tp1_graph_mtp-off_m1a_20260914T230257Z_0,qwen35-08b,1,graph,off,m1a,0,0,2,25105089.3,prepare input,5164,0,5164,5165,4861.559,post process,5165,1.0002,117.44,117.12,119.53,133.104,110.67,151.97,606578.9,2.416,68969533.0,20260914T230257Z,True
tdb_qwen35-08b_tp1_graph_mtp-off_m1a_20260914T230257Z_0,qwen35-08b,1,graph,off,m1a,0,0,2,25105089.3,prepare input,5164,0,5164,5165,4861.559,prepare input,5164,1.0,2905.73,2906.98,2928.78,2949.962,2825.06,3339.23,15005190.0,59.77,68969533.0,20260914T230257Z,True
tdb_qwen35-08b_tp1_graph_mtp-off_m1a_20260914T230257Z_0,qwen35-08b,1,graph,off,m1a,0,0,2,25105089.3,prepare input,5164,0,5164,5165,4861.559,sample_token,5165,1.0002,167.291,166.44,170.766,184.694,114.74,322.09,864055.8,3.441,68969533.0,20260914T230257Z,True
tdb_qwen35-08b_tp1_graph_mtp-off_m1a_20260914T230257Z_0,qwen35-08b,1,graph,off,m1a,0,0,3,25148964.0,prepare input,5120,0,5120,5121,4911.907,async_state_update,5121,1.0002,46.762,46.51,47.37,59.686,44.73,73.77,239468.1,0.952,103274746.0,20260914T230257Z,True
tdb_qwen35-08b_tp1_graph_mtp-off_m1a_20260914T230257Z_0,qwen35-08b,1,graph,off,m1a,0,0,3,25148964.0,prepare input,5120,0,5120,5121,4911.907,draft_token,5121,1.0002,2.454,2.44,2.6,2.76,1.97,17.57,12564.6,0.05,103274746.0,20260914T230257Z,True
tdb_qwen35-08b_tp1_graph_mtp-off_m1a_20260914T230257Z_0,qwen35-08b,1,graph,off,m1a,0,0,3,25148964.0,prepare input,5120,0,5120,5121,4911.907,forward,5121,1.0002,886.503,883.68,903.32,930.578,854.98,2374.7,4539783.9,18.048,103274746.0,20260914T230257Z,True
tdb_qwen35-08b_tp1_graph_mtp-off_m1a_20260914T230257Z_0,qwen35-08b,1,graph,off,m1a,0,0,3,25148964.0,prepare input,5120,0,5120,5121,4911.907,post process,5121,1.0002,120.799,120.28,122.13,137.476,115.98,151.74,618611.0,2.459,103274746.0,20260914T230257Z,True
tdb_qwen35-08b_tp1_graph_mtp-off_m1a_20260914T230257Z_0,qwen35-08b,1,graph,off,m1a,0,0,3,25148964.0,prepare input,5120,0,5120,5121,4911.907,prepare input,5120,1.0,2931.908,2932.045,2952.264,2969.102,2878.93,3619.41,15011371.0,59.69,103274746.0,20260914T230257Z,True
tdb_qwen35-08b_tp1_graph_mtp-off_m1a_20260914T230257Z_0,qwen35-08b,1,graph,off,m1a,0,0,3,25148964.0,prepare input,5120,0,5120,5121,4911.907,sample_token,5121,1.0002,172.288,171.11,178.26,191.386,112.59,283.26,882287.1,3.508,103274746.0,20260914T230257Z,True
tdb_qwen35-08b_tp1_graph_mtp-off_m1a_20260914T230257Z_0,qwen35-08b,1,graph,off,m1a,0,0,4,25117996.5,prepare input,5170,0,5170,5171,4858.413,async_state_update,5171,1.0002,46.59,46.36,47.23,57.703,44.4,77.55,240914.9,0.959,137823726.0,20260914T230257Z,True
tdb_qwen35-08b_tp1_graph_mtp-off_m1a_20260914T230257Z_0,qwen35-08b,1,graph,off,m1a,0,0,4,25117996.5,prepare input,5170,0,5170,5171,4858.413,draft_token,5171,1.0002,2.315,2.31,2.45,2.6,1.94,22.68,11969.1,0.048,137823726.0,20260914T230257Z,True
tdb_qwen35-08b_tp1_graph_mtp-off_m1a_20260914T230257Z_0,qwen35-08b,1,graph,off,m1a,0,0,4,25117996.5,prepare input,5170,0,5170,5171,4858.413,forward,5171,1.0002,880.065,878.01,897.08,937.452,838.85,1071.83,4550817.6,18.114,137823726.0,20260914T230257Z,True
tdb_qwen35-08b_tp1_graph_mtp-off_m1a_20260914T230257Z_0,qwen35-08b,1,graph,off,m1a,0,0,4,25117996.5,prepare input,5170,0,5170,5171,4858.413,post process,5171,1.0002,117.949,117.76,120.02,134.536,110.56,182.03,609914.8,2.428,137823726.0,20260914T230257Z,True
tdb_qwen35-08b_tp1_graph_mtp-off_m1a_20260914T230257Z_0,qwen35-08b,1,graph,off,m1a,0,0,4,25117996.5,prepare input,5170,0,5170,5171,4858.413,prepare input,5170,1.0,2900.998,2901.535,2926.692,2943.115,2808.22,5617.18,14998159.9,59.711,137823726.0,20260914T230257Z,True
tdb_qwen35-08b_tp1_graph_mtp-off_m1a_20260914T230257Z_0,qwen35-08b,1,graph,off,m1a,0,0,4,25117996.5,prepare input,5170,0,5170,5171,4858.413,sample_token,5171,1.0002,169.625,168.49,173.17,187.27,116.6,1677.77,877133.4,3.491,137823726.0,20260914T230257Z,True
tdb_qwen35-08b_tp1_graph_mtp-off_w1_20260914T201524Z_0,qwen35-08b,1,graph,off,w1,0,0,0,25111936.9,Step:Schedule,3912,3912,3912,3913,6419.207,Step:Output,3913,1.0003,40.627,40.41,41.238,50.498,38.33,68.55,158974.7,0.633,553.0,20260914T201524Z,True
tdb_qwen35-08b_tp1_graph_mtp-off_w1_20260914T201524Z_0,qwen35-08b,1,graph,off,w1,0,0,0,25111936.9,Step:Schedule,3912,3912,3912,3913,6419.207,Step:Schedule,3912,1.0,381.642,448.885,469.169,529.708,214.34,610.55,1492981.7,5.945,553.0,20260914T201524Z,True
tdb_qwen35-08b_tp1_graph_mtp-off_w1_20260914T201524Z_0,qwen35-08b,1,graph,off,w1,0,0,0,25111936.9,Step:Schedule,3912,3912,3912,3913,6419.207,async_state_update,3913,1.0003,53.487,45.97,49.24,235.622,43.68,1838.49,209293.1,0.833,553.0,20260914T201524Z,True
tdb_qwen35-08b_tp1_graph_mtp-off_w1_20260914T201524Z_0,qwen35-08b,1,graph,off,w1,0,0,0,25111936.9,Step:Schedule,3912,3912,3912,3913,6419.207,draft_token,3913,1.0003,2.293,2.27,2.45,2.87,1.85,18.16,8973.4,0.036,553.0,20260914T201524Z,True
tdb_qwen35-08b_tp1_graph_mtp-off_w1_20260914T201524Z_0,qwen35-08b,1,graph,off,w1,0,0,0,25111936.9,Step:Schedule,3912,3912,3912,3913,6419.207,forward,3913,1.0003,1089.621,1087.17,1142.196,1210.34,892.93,1447.53,4263687.6,16.974,553.0,20260914T201524Z,True
tdb_qwen35-08b_tp1_graph_mtp-off_w1_20260914T201524Z_0,qwen35-08b,1,graph,off,w1,0,0,0,25111936.9,Step:Schedule,3912,3912,3912,3913,6419.207,post process,3913,1.0003,126.586,117.66,128.218,314.075,103.7,401.07,495331.5,1.972,553.0,20260914T201524Z,True
tdb_qwen35-08b_tp1_graph_mtp-off_w1_20260914T201524Z_0,qwen35-08b,1,graph,off,w1,0,0,0,25111936.9,Step:Schedule,3912,3912,3912,3913,6419.207,prepare input,3912,1.0,3523.262,3483.045,3720.888,4115.599,3280.85,6749.88,13783002.9,54.886,553.0,20260914T201524Z,True
tdb_qwen35-08b_tp1_graph_mtp-off_w1_20260914T201524Z_0,qwen35-08b,1,graph,off,w1,0,0,0,25111936.9,Step:Schedule,3912,3912,3912,3913,6419.207,sample_token,3913,1.0003,157.841,117.25,308.566,336.234,100.48,464.92,617632.1,2.459,553.0,20260914T201524Z,True
tdb_qwen35-08b_tp1_graph_mtp-off_w1_20260914T201524Z_0,qwen35-08b,1,graph,off,w1,0,0,0,25111936.9,Step:Schedule,3912,3912,3912,3913,6419.207,schedule: allocate_slots,3912,1.0,40.528,40.07,42.019,49.687,37.66,71.84,158545.1,0.631,553.0,20260914T201524Z,True
tdb_qwen35-08b_tp1_graph_mtp-off_w1_20260914T201524Z_0,qwen35-08b,1,graph,off,w1,0,0,0,25111936.9,Step:Schedule,3912,3912,3912,3913,6419.207,schedule: get_num_common_prefix_blocks,3912,1.0,2.357,2.31,2.59,2.73,1.98,16.55,9218.6,0.037,553.0,20260914T201524Z,True
tdb_qwen35-08b_tp1_graph_mtp-off_w1_20260914T201524Z_0,qwen35-08b,1,graph,off,w1,0,0,0,25111936.9,Step:Schedule,3912,3912,3912,3913,6419.207,schedule: make_cached_request_data,3912,1.0,10.712,10.56,11.25,12.119,9.43,34.36,41904.1,0.167,553.0,20260914T201524Z,True
tdb_qwen35-08b_tp1_graph_mtp-off_w1_20260914T201524Z_0,qwen35-08b,1,graph,off,w1,0,0,0,25111936.9,Step:Schedule,3912,3912,3912,3913,6419.207,schedule: update_after_schedule,3912,1.0,7.497,7.45,7.77,8.288,6.74,22.69,29328.6,0.117,553.0,20260914T201524Z,True
tdb_qwen35-08b_tp1_graph_mtp-off_w1_20260914T201524Z_0,qwen35-08b,1,graph,off,w1,0,0,1,25108412.1,Step:Schedule,3934,3934,3934,3935,6382.413,Step:Output,3935,1.0003,40.744,40.59,41.416,45.95,38.82,81.85,160328.5,0.638,39959811.0,20260914T201524Z,True
tdb_qwen35-08b_tp1_graph_mtp-off_w1_20260914T201524Z_0,qwen35-08b,1,graph,off,w1,0,0,1,25108412.1,Step:Schedule,3934,3934,3934,3935,6382.413,Step:Schedule,3934,1.0,374.853,447.515,466.385,487.151,232.45,786.87,1474673.4,5.873,39959811.0,20260914T201524Z,True
tdb_qwen35-08b_tp1_graph_mtp-off_w1_20260914T201524Z_0,qwen35-08b,1,graph,off,w1,0,0,1,25108412.1,Step:Schedule,3934,3934,3934,3935,6382.413,async_state_update,3935,1.0003,48.271,46.44,49.156,69.492,44.36,253.57,189947.3,0.756,39959811.0,20260914T201524Z,True
tdb_qwen35-08b_tp1_graph_mtp-off_w1_20260914T201524Z_0,qwen35-08b,1,graph,off,w1,0,0,1,25108412.1,Step:Schedule,3934,3934,3934,3935,6382.413,draft_token,3935,1.0003,2.283,2.27,2.43,2.58,1.87,22.81,8983.2,0.036,39959811.0,20260914T201524Z,True
tdb_qwen35-08b_tp1_graph_mtp-off_w1_20260914T201524Z_0,qwen35-08b,1,graph,off,w1,0,0,1,25108412.1,Step:Schedule,3934,3934,3934,3935,6382.413,forward,3935,1.0003,1038.721,1041.88,1070.072,1097.333,856.91,1251.83,4087366.3,16.275,39959811.0,20260914T201524Z,True
tdb_qwen35-08b_tp1_graph_mtp-off_w1_20260914T201524Z_0,qwen35-08b,1,graph,off,w1,0,0,1,25108412.1,Step:Schedule,3934,3934,3934,3935,6382.413,post process,3935,1.0003,134.885,117.77,132.22,337.273,109.42,354.75,530771.8,2.113,39959811.0,20260914T201524Z,True
tdb_qwen35-08b_tp1_graph_mtp-off_w1_20260914T201524Z_0,qwen35-08b,1,graph,off,w1,0,0,1,25108412.1,Step:Schedule,3934,3934,3934,3935,6382.413,prepare input,3934,1.0,3531.995,3508.04,3672.582,3798.504,3381.37,5146.11,13894866.4,55.339,39959811.0,20260914T201524Z,True
tdb_qwen35-08b_tp1_graph_mtp-off_w1_20260914T201524Z_0,qwen35-08b,1,graph,off,w1,0,0,1,25108412.1,Step:Schedule,3934,3934,3934,3935,6382.413,sample_token,3935,1.0003,199.234,128.5,322.36,338.876,105.73,369.64,783985.2,3.122,39959811.0,20260914T201524Z,True
tdb_qwen35-08b_tp1_graph_mtp-off_w1_20260914T201524Z_0,qwen35-08b,1,graph,off,w1,0,0,1,25108412.1,Step:Schedule,3934,3934,3934,3935,6382.413,schedule: allocate_slots,3934,1.0,40.8,40.38,42.26,49.767,38.27,66.5,160508.7,0.639,39959811.0,20260914T201524Z,True
tdb_qwen35-08b_tp1_graph_mtp-off_w1_20260914T201524Z_0,qwen35-08b,1,graph,off,w1,0,0,1,25108412.1,Step:Schedule,3934,3934,3934,3935,6382.413,schedule: get_num_common_prefix_blocks,3934,1.0,2.264,2.23,2.437,2.627,1.96,15.55,8904.8,0.035,39959811.0,20260914T201524Z,True
tdb_qwen35-08b_tp1_graph_mtp-off_w1_20260914T201524Z_0,qwen35-08b,1,graph,off,w1,0,0,1,25108412.1,Step:Schedule,3934,3934,3934,3935,6382.413,schedule: make_cached_request_data,3934,1.0,10.619,10.48,11.31,12.087,9.57,27.6,41774.5,0.166,39959811.0,20260914T201524Z,True
tdb_qwen35-08b_tp1_graph_mtp-off_w1_20260914T201524Z_0,qwen35-08b,1,graph,off,w1,0,0,1,25108412.1,Step:Schedule,3934,3934,3934,3935,6382.413,schedule: update_after_schedule,3934,1.0,7.502,7.42,7.8,8.37,6.74,32.2,29513.8,0.118,39959811.0,20260914T201524Z,True
tdb_qwen35-08b_tp1_graph_mtp-off_w1_20260914T201524Z_0,qwen35-08b,1,graph,off,w1,0,0,2,25103672.6,Step:Schedule,3893,3893,3893,3894,6448.413,Step:Output,3894,1.0003,40.999,40.83,41.67,47.296,38.66,64.32,159649.8,0.636,79863206.0,20260914T201524Z,True
tdb_qwen35-08b_tp1_graph_mtp-off_w1_20260914T201524Z_0,qwen35-08b,1,graph,off,w1,0,0,2,25103672.6,Step:Schedule,3893,3893,3893,3894,6448.413,Step:Schedule,3893,1.0,404.382,454.36,470.578,494.301,230.79,630.96,1574260.6,6.271,79863206.0,20260914T201524Z,True
tdb_qwen35-08b_tp1_graph_mtp-off_w1_20260914T201524Z_0,qwen35-08b,1,graph,off,w1,0,0,2,25103672.6,Step:Schedule,3893,3893,3893,3894,6448.413,async_state_update,3894,1.0003,53.99,46.68,50.63,237.52,44.65,282.88,210237.0,0.837,79863206.0,20260914T201524Z,True
tdb_qwen35-08b_tp1_graph_mtp-off_w1_20260914T201524Z_0,qwen35-08b,1,graph,off,w1,0,0,2,25103672.6,Step:Schedule,3893,3893,3893,3894,6448.413,draft_token,3894,1.0003,2.317,2.32,2.48,2.63,1.91,3.38,9024.2,0.036,79863206.0,20260914T201524Z,True
tdb_qwen35-08b_tp1_graph_mtp-off_w1_20260914T201524Z_0,qwen35-08b,1,graph,off,w1,0,0,2,25103672.6,Step:Schedule,3893,3893,3893,3894,6448.413,forward,3894,1.0003,1043.175,1039.035,1081.604,1113.291,867.25,2214.02,4062125.4,16.177,79863206.0,20260914T201524Z,True
tdb_qwen35-08b_tp1_graph_mtp-off_w1_20260914T201524Z_0,qwen35-08b,1,graph,off,w1,0,0,2,25103672.6,Step:Schedule,3893,3893,3893,3894,6448.413,post process,3894,1.0003,125.479,120.4,123.417,316.582,109.86,531.02,488616.3,1.946,79863206.0,20260914T201524Z,True
tdb_qwen35-08b_tp1_graph_mtp-off_w1_20260914T201524Z_0,qwen35-08b,1,graph,off,w1,0,0,2,25103672.6,Step:Schedule,3893,3893,3893,3894,6448.413,prepare input,3893,1.0,3574.592,3531.63,3769.046,3829.39,3418.2,6133.21,13915887.6,55.434,79863206.0,20260914T201524Z,True
tdb_qwen35-08b_tp1_graph_mtp-off_w1_20260914T201524Z_0,qwen35-08b,1,graph,off,w1,0,0,2,25103672.6,Step:Schedule,3893,3893,3893,3894,6448.413,sample_token,3894,1.0003,186.819,136.26,317.941,341.913,105.21,465.19,727471.8,2.897,79863206.0,20260914T201524Z,True
tdb_qwen35-08b_tp1_graph_mtp-off_w1_20260914T201524Z_0,qwen35-08b,1,graph,off,w1,0,0,2,25103672.6,Step:Schedule,3893,3893,3893,3894,6448.413,schedule: allocate_slots,3893,1.0,40.67,40.21,42.15,50.756,38.32,66.61,158329.6,0.631,79863206.0,20260914T201524Z,True
tdb_qwen35-08b_tp1_graph_mtp-off_w1_20260914T201524Z_0,qwen35-08b,1,graph,off,w1,0,0,2,25103672.6,Step:Schedule,3893,3893,3893,3894,6448.413,schedule: get_num_common_prefix_blocks,3893,1.0,2.367,2.32,2.57,2.76,2.01,22.21,9216.4,0.037,79863206.0,20260914T201524Z,True
tdb_qwen35-08b_tp1_graph_mtp-off_w1_20260914T201524Z_0,qwen35-08b,1,graph,off,w1,0,0,2,25103672.6,Step:Schedule,3893,3893,3893,3894,6448.413,schedule: make_cached_request_data,3893,1.0,10.876,10.77,11.44,12.15,9.78,26.26,42338.5,0.169,79863206.0,20260914T201524Z,True
tdb_qwen35-08b_tp1_graph_mtp-off_w1_20260914T201524Z_0,qwen35-08b,1,graph,off,w1,0,0,2,25103672.6,Step:Schedule,3893,3893,3893,3894,6448.413,schedule: update_after_schedule,3893,1.0,7.581,7.55,7.85,8.401,6.73,19.39,29513.1,0.118,79863206.0,20260914T201524Z,True
tdb_qwen35-08b_tp1_graph_mtp-off_w1_20260914T201524Z_0,qwen35-08b,1,graph,off,w1,0,0,3,25109504.5,Step:Schedule,3904,3904,3904,3905,6431.738,Step:Output,3905,1.0003,40.529,40.41,41.08,42.613,38.52,66.26,158266.2,0.63,119912554.0,20260914T201524Z,True
tdb_qwen35-08b_tp1_graph_mtp-off_w1_20260914T201524Z_0,qwen35-08b,1,graph,off,w1,0,0,3,25109504.5,Step:Schedule,3904,3904,3904,3905,6431.738,Step:Schedule,3904,1.0,429.971,456.89,472.597,493.34,235.02,585.03,1678606.2,6.685,119912554.0,20260914T201524Z,True
tdb_qwen35-08b_tp1_graph_mtp-off_w1_20260914T201524Z_0,qwen35-08b,1,graph,off,w1,0,0,3,25109504.5,Step:Schedule,3904,3904,3904,3905,6431.738,async_state_update,3905,1.0003,47.872,46.42,47.85,64.563,44.31,270.68,186938.8,0.744,119912554.0,20260914T201524Z,True
tdb_qwen35-08b_tp1_graph_mtp-off_w1_20260914T201524Z_0,qwen35-08b,1,graph,off,w1,0,0,3,25109504.5,Step:Schedule,3904,3904,3904,3905,6431.738,draft_token,3905,1.0003,2.352,2.35,2.51,2.65,1.9,3.29,9185.4,0.037,119912554.0,20260914T201524Z,True
tdb_qwen35-08b_tp1_graph_mtp-off_w1_20260914T201524Z_0,qwen35-08b,1,graph,off,w1,0,0,3,25109504.5,Step:Schedule,3904,3904,3904,3905,6431.738,forward,3905,1.0003,1044.25,1045.45,1073.1,1110.856,846.93,1209.15,4077796.5,16.236,119912554.0,20260914T201524Z,True
tdb_qwen35-08b_tp1_graph_mtp-off_w1_20260914T201524Z_0,qwen35-08b,1,graph,off,w1,0,0,3,25109504.5,Step:Schedule,3904,3904,3904,3905,6431.738,post process,3905,1.0003,126.185,119.68,123.85,322.742,112.29,377.87,492754.0,1.962,119912554.0,20260914T201524Z,True
tdb_qwen35-08b_tp1_graph_mtp-off_w1_20260914T201524Z_0,qwen35-08b,1,graph,off,w1,0,0,3,25109504.5,Step:Schedule,3904,3904,3904,3905,6431.738,prepare input,3904,1.0,3533.429,3519.205,3577.469,3775.431,3439.52,5269.95,13794506.8,54.937,119912554.0,20260914T201524Z,True
tdb_qwen35-08b_tp1_graph_mtp-off_w1_20260914T201524Z_0,qwen35-08b,1,graph,off,w1,0,0,3,25109504.5,Step:Schedule,3904,3904,3904,3905,6431.738,sample_token,3905,1.0003,224.385,191.4,325.318,343.523,107.0,413.77,876224.3,3.489,119912554.0,20260914T201524Z,True
tdb_qwen35-08b_tp1_graph_mtp-off_w1_20260914T201524Z_0,qwen35-08b,1,graph,off,w1,0,0,3,25109504.5,Step:Schedule,3904,3904,3904,3905,6431.738,schedule: allocate_slots,3904,1.0,40.585,40.13,41.907,51.587,38.1,71.79,158444.9,0.631,119912554.0,20260914T201524Z,True
tdb_qwen35-08b_tp1_graph_mtp-off_w1_20260914T201524Z_0,qwen35-08b,1,graph,off,w1,0,0,3,25109504.5,Step:Schedule,3904,3904,3904,3905,6431.738,schedule: get_num_common_prefix_blocks,3904,1.0,2.325,2.27,2.56,2.72,1.97,19.24,9075.8,0.036,119912554.0,20260914T201524Z,True
tdb_qwen35-08b_tp1_graph_mtp-off_w1_20260914T201524Z_0,qwen35-08b,1,graph,off,w1,0,0,3,25109504.5,Step:Schedule,3904,3904,3904,3905,6431.738,schedule: make_cached_request_data,3904,1.0,10.658,10.54,11.27,11.77,9.42,29.59,41608.3,0.166,119912554.0,20260914T201524Z,True
tdb_qwen35-08b_tp1_graph_mtp-off_w1_20260914T201524Z_0,qwen35-08b,1,graph,off,w1,0,0,3,25109504.5,Step:Schedule,3904,3904,3904,3905,6431.738,schedule: update_after_schedule,3904,1.0,7.563,7.5,7.86,8.32,6.78,26.47,29525.7,0.118,119912554.0,20260914T201524Z,True
tdb_qwen35-08b_tp1_graph_mtp-off_w1_20260914T201524Z_0,qwen35-08b,1,graph,off,w1,0,0,4,25103684.8,Step:Schedule,3938,3938,3938,3939,6374.73,Step:Output,3939,1.0003,40.189,40.01,40.982,45.223,37.65,63.27,158303.5,0.63,159870187.0,20260914T201524Z,True
tdb_qwen35-08b_tp1_graph_mtp-off_w1_20260914T201524Z_0,qwen35-08b,1,graph,off,w1,0,0,4,25103684.8,Step:Schedule,3938,3938,3938,3939,6374.73,Step:Schedule,3938,1.0,375.848,448.785,467.473,489.856,227.98,601.49,1480087.7,5.896,159870187.0,20260914T201524Z,True
tdb_qwen35-08b_tp1_graph_mtp-off_w1_20260914T201524Z_0,qwen35-08b,1,graph,off,w1,0,0,4,25103684.8,Step:Schedule,3938,3938,3938,3939,6374.73,async_state_update,3939,1.0003,47.103,46.34,48.9,61.169,44.29,237.17,185537.8,0.739,159870187.0,20260914T201524Z,True
tdb_qwen35-08b_tp1_graph_mtp-off_w1_20260914T201524Z_0,qwen35-08b,1,graph,off,w1,0,0,4,25103684.8,Step:Schedule,3938,3938,3938,3939,6374.73,draft_token,3939,1.0003,2.3,2.29,2.46,2.61,1.86,12.19,9060.3,0.036,159870187.0,20260914T201524Z,True
tdb_qwen35-08b_tp1_graph_mtp-off_w1_20260914T201524Z_0,qwen35-08b,1,graph,off,w1,0,0,4,25103684.8,Step:Schedule,3938,3938,3938,3939,6374.73,forward,3939,1.0003,1040.652,1044.56,1069.208,1098.237,855.94,2508.57,4099129.1,16.325,159870187.0,20260914T201524Z,True
tdb_qwen35-08b_tp1_graph_mtp-off_w1_20260914T201524Z_0,qwen35-08b,1,graph,off,w1,0,0,4,25103684.8,Step:Schedule,3938,3938,3938,3939,6374.73,post process,3939,1.0003,137.525,118.17,143.528,343.385,110.25,354.44,541710.7,2.157,159870187.0,20260914T201524Z,True
tdb_qwen35-08b_tp1_graph_mtp-off_w1_20260914T201524Z_0,qwen35-08b,1,graph,off,w1,0,0,4,25103684.8,Step:Schedule,3938,3938,3938,3939,6374.73,prepare input,3938,1.0,3513.182,3495.365,3638.387,3736.53,3384.52,4334.56,13834912.4,55.111,159870187.0,20260914T201524Z,True
tdb_qwen35-08b_tp1_graph_mtp-off_w1_20260914T201524Z_0,qwen35-08b,1,graph,off,w1,0,0,4,25103684.8,Step:Schedule,3938,3938,3938,3939,6374.73,sample_token,3939,1.0003,211.391,168.76,325.942,341.906,106.43,408.96,832668.1,3.316,159870187.0,20260914T201524Z,True
tdb_qwen35-08b_tp1_graph_mtp-off_w1_20260914T201524Z_0,qwen35-08b,1,graph,off,w1,0,0,4,25103684.8,Step:Schedule,3938,3938,3938,3939,6374.73,schedule: allocate_slots,3938,1.0,40.609,40.22,42.06,50.372,38.08,64.57,159919.5,0.637,159870187.0,20260914T201524Z,True
tdb_qwen35-08b_tp1_graph_mtp-off_w1_20260914T201524Z_0,qwen35-08b,1,graph,off,w1,0,0,4,25103684.8,Step:Schedule,3938,3938,3938,3939,6374.73,schedule: get_num_common_prefix_blocks,3938,1.0,2.233,2.21,2.37,2.6,1.87,10.62,8795.0,0.035,159870187.0,20260914T201524Z,True
tdb_qwen35-08b_tp1_graph_mtp-off_w1_20260914T201524Z_0,qwen35-08b,1,graph,off,w1,0,0,4,25103684.8,Step:Schedule,3938,3938,3938,3939,6374.73,schedule: make_cached_request_data,3938,1.0,10.378,10.24,11.05,11.64,9.27,49.47,40867.1,0.163,159870187.0,20260914T201524Z,True
tdb_qwen35-08b_tp1_graph_mtp-off_w1_20260914T201524Z_0,qwen35-08b,1,graph,off,w1,0,0,4,25103684.8,Step:Schedule,3938,3938,3938,3939,6374.73,schedule: update_after_schedule,3938,1.0,7.492,7.42,7.843,8.286,6.65,24.56,29503.8,0.118,159870187.0,20260914T201524Z,True
tdb_qwen35-08b_tp1_graph_mtp-on_e1a_20260915T014119Z_1,qwen35-08b,1,graph,on,e1a,0,1,0,25197167.0,prepare input,2535,0,2535,2536,9939.711,async_state_update,2536,1.0004,177.538,177.025,181.91,193.166,166.72,222.92,450235.7,1.786,919.0,20260915T014119Z,True
tdb_qwen35-08b_tp1_graph_mtp-on_e1a_20260915T014119Z_1,qwen35-08b,1,graph,on,e1a,0,1,0,25197167.0,prepare input,2535,0,2535,2536,9939.711,draft_token,2536,1.0004,1933.935,1931.32,1964.285,2015.24,1851.04,4435.59,4904458.4,19.457,919.0,20260915T014119Z,True
tdb_qwen35-08b_tp1_graph_mtp-on_e1a_20260915T014119Z_1,qwen35-08b,1,graph,on,e1a,0,1,0,25197167.0,prepare input,2535,0,2535,2536,9939.711,forward,2536,1.0004,937.094,935.715,961.865,1005.196,873.98,1475.95,2376470.8,9.428,919.0,20260915T014119Z,True
tdb_qwen35-08b_tp1_graph_mtp-on_e1a_20260915T014119Z_1,qwen35-08b,1,graph,on,e1a,0,1,0,25197167.0,prepare input,2535,0,2535,2536,9939.711,model: mtp: propose,2536,1.0004,1083.864,1080.99,1103.11,1133.672,1037.48,3571.63,2748680.0,10.904,919.0,20260915T014119Z,True
tdb_qwen35-08b_tp1_graph_mtp-on_e1a_20260915T014119Z_1,qwen35-08b,1,graph,on,e1a,0,1,0,25197167.0,prepare input,2535,0,2535,2536,9939.711,post process,2536,1.0004,112.007,111.45,115.04,127.148,104.34,146.3,284048.9,1.127,919.0,20260915T014119Z,True
tdb_qwen35-08b_tp1_graph_mtp-on_e1a_20260915T014119Z_1,qwen35-08b,1,graph,on,e1a,0,1,0,25197167.0,prepare input,2535,0,2535,2536,9939.711,prepare input,2535,1.0,5495.679,5493.04,5555.254,5680.018,5339.08,7707.46,13931545.8,55.29,919.0,20260915T014119Z,True
tdb_qwen35-08b_tp1_graph_mtp-on_e1a_20260915T014119Z_1,qwen35-08b,1,graph,on,e1a,0,1,0,25197167.0,prepare input,2535,0,2535,2536,9939.711,sample_token,2536,1.0004,483.972,481.825,496.86,515.299,462.98,567.75,1227353.8,4.869,919.0,20260915T014119Z,True
tdb_qwen35-08b_tp1_graph_mtp-on_e1a_20260915T014119Z_1,qwen35-08b,1,graph,on,e1a,0,1,1,25116662.5,prepare input,2450,0,2450,2451,10251.699,async_state_update,2451,1.0004,189.743,192.71,202.37,211.37,167.81,225.94,465058.9,1.851,36208112.0,20260915T014119Z,True
tdb_qwen35-08b_tp1_graph_mtp-on_e1a_20260915T014119Z_1,qwen35-08b,1,graph,on,e1a,0,1,1,25116662.5,prepare input,2450,0,2450,2451,10251.699,draft_token,2451,1.0004,2019.29,2036.62,2118.55,2150.225,1868.56,2299.88,4949280.8,19.697,36208112.0,20260915T014119Z,True
tdb_qwen35-08b_tp1_graph_mtp-on_e1a_20260915T014119Z_1,qwen35-08b,1,graph,on,e1a,0,1,1,25116662.5,prepare input,2450,0,2450,2451,10251.699,forward,2451,1.0004,898.842,892.57,938.8,964.22,838.47,2008.67,2203061.8,8.768,36208112.0,20260915T014119Z,True
tdb_qwen35-08b_tp1_graph_mtp-on_e1a_20260915T014119Z_1,qwen35-08b,1,graph,on,e1a,0,1,1,25116662.5,prepare input,2450,0,2450,2451,10251.699,model: mtp: propose,2451,1.0004,1129.396,1134.59,1184.6,1207.12,1039.82,1295.07,2768150.5,11.017,36208112.0,20260915T014119Z,True
tdb_qwen35-08b_tp1_graph_mtp-on_e1a_20260915T014119Z_1,qwen35-08b,1,graph,on,e1a,0,1,1,25116662.5,prepare input,2450,0,2450,2451,10251.699,post process,2451,1.0004,120.989,123.79,127.57,138.24,104.03,147.63,296543.5,1.18,36208112.0,20260915T014119Z,True
tdb_qwen35-08b_tp1_graph_mtp-on_e1a_20260915T014119Z_1,qwen35-08b,1,graph,on,e1a,0,1,1,25116662.5,prepare input,2450,0,2450,2451,10251.699,prepare input,2450,1.0,5692.158,5750.585,5904.794,5966.875,5352.91,7712.56,13945786.8,55.524,36208112.0,20260915T014119Z,True
tdb_qwen35-08b_tp1_graph_mtp-on_e1a_20260915T014119Z_1,qwen35-08b,1,graph,on,e1a,0,1,1,25116662.5,prepare input,2450,0,2450,2451,10251.699,sample_token,2451,1.0004,502.883,506.32,520.49,536.635,469.89,1111.15,1232566.7,4.905,36208112.0,20260915T014119Z,True
tdb_qwen35-08b_tp1_graph_mtp-on_e1a_20260915T014119Z_1,qwen35-08b,1,graph,on,e1a,0,1,2,25113488.9,prepare input,2491,0,2491,2492,10081.69,async_state_update,2492,1.0004,183.385,181.66,200.184,206.275,165.76,228.3,456994.3,1.819,72624389.0,20260915T014119Z,True
tdb_qwen35-08b_tp1_graph_mtp-on_e1a_20260915T014119Z_1,qwen35-08b,1,graph,on,e1a,0,1,2,25113488.9,prepare input,2491,0,2491,2492,10081.69,draft_token,2492,1.0004,1971.033,1961.195,2098.45,2151.373,1841.71,3738.99,4911815.4,19.551,72624389.0,20260915T014119Z,True
tdb_qwen35-08b_tp1_graph_mtp-on_e1a_20260915T014119Z_1,qwen35-08b,1,graph,on,e1a,0,1,2,25113488.9,prepare input,2491,0,2491,2492,10081.69,forward,2492,1.0004,887.85,885.59,925.109,957.561,819.82,1005.67,2212522.9,8.807,72624389.0,20260915T014119Z,True
tdb_qwen35-08b_tp1_graph_mtp-on_e1a_20260915T014119Z_1,qwen35-08b,1,graph,on,e1a,0,1,2,25113488.9,prepare input,2491,0,2491,2492,10081.69,model: mtp: propose,2492,1.0004,1103.759,1097.505,1175.818,1208.484,1032.77,1690.81,2750566.4,10.948,72624389.0,20260915T014119Z,True
tdb_qwen35-08b_tp1_graph_mtp-on_e1a_20260915T014119Z_1,qwen35-08b,1,graph,on,e1a,0,1,2,25113488.9,prepare input,2491,0,2491,2492,10081.69,post process,2492,1.0004,114.821,113.58,127.523,131.743,102.91,146.65,286133.8,1.139,72624389.0,20260915T014119Z,True
tdb_qwen35-08b_tp1_graph_mtp-on_e1a_20260915T014119Z_1,qwen35-08b,1,graph,on,e1a,0,1,2,25113488.9,prepare input,2491,0,2491,2492,10081.69,prepare input,2491,1.0,5625.608,5616.05,5837.69,5986.419,5345.47,8701.11,14013388.7,55.8,72624389.0,20260915T014119Z,True
tdb_qwen35-08b_tp1_graph_mtp-on_e1a_20260915T014119Z_1,qwen35-08b,1,graph,on,e1a,0,1,2,25113488.9,prepare input,2491,0,2491,2492,10081.69,sample_token,2492,1.0004,495.475,490.865,524.469,540.4,460.0,610.72,1234722.9,4.915,72624389.0,20260915T014119Z,True
tdb_qwen35-08b_tp1_graph_mtp-on_e1a_20260915T014119Z_1,qwen35-08b,1,graph,on,e1a,0,1,3,25114110.6,prepare input,2472,0,2472,2473,10159.43,async_state_update,2473,1.0004,187.011,186.88,191.83,205.095,169.44,487.69,462477.2,1.841,108639857.0,20260915T014119Z,True
tdb_qwen35-08b_tp1_graph_mtp-on_e1a_20260915T014119Z_1,qwen35-08b,1,graph,on,e1a,0,1,3,25114110.6,prepare input,2472,0,2472,2473,10159.43,draft_token,2473,1.0004,1999.385,2003.95,2030.276,2053.792,1862.19,2118.68,4944478.9,19.68,108639857.0,20260915T014119Z,True
tdb_qwen35-08b_tp1_graph_mtp-on_e1a_20260915T014119Z_1,qwen35-08b,1,graph,on,e1a,0,1,3,25114110.6,prepare input,2472,0,2472,2473,10159.43,forward,2473,1.0004,895.255,895.48,911.866,930.674,838.08,1468.1,2213965.8,8.812,108639857.0,20260915T014119Z,True
tdb_qwen35-08b_tp1_graph_mtp-on_e1a_20260915T014119Z_1,qwen35-08b,1,graph,on,e1a,0,1,3,25114110.6,prepare input,2472,0,2472,2473,10159.43,model: mtp: propose,2473,1.0004,1117.932,1118.14,1138.346,1153.799,1043.11,1177.61,2764646.1,11.004,108639857.0,20260915T014119Z,True
tdb_qwen35-08b_tp1_graph_mtp-on_e1a_20260915T014119Z_1,qwen35-08b,1,graph,on,e1a,0,1,3,25114110.6,prepare input,2472,0,2472,2473,10159.43,post process,2473,1.0004,118.287,118.35,121.62,132.814,104.79,141.48,292522.9,1.164,108639857.0,20260915T014119Z,True
tdb_qwen35-08b_tp1_graph_mtp-on_e1a_20260915T014119Z_1,qwen35-08b,1,graph,on,e1a,0,1,3,25114110.6,prepare input,2472,0,2472,2473,10159.43,prepare input,2472,1.0,5627.583,5643.47,5693.28,5753.624,5359.38,9044.08,13911386.2,55.393,108639857.0,20260915T014119Z,True
tdb_qwen35-08b_tp1_graph_mtp-on_e1a_20260915T014119Z_1,qwen35-08b,1,graph,on,e1a,0,1,3,25114110.6,prepare input,2472,0,2472,2473,10159.43,sample_token,2473,1.0004,493.929,492.69,506.496,528.53,460.96,625.64,1221485.4,4.862,108639857.0,20260915T014119Z,True
tdb_qwen35-08b_tp1_graph_mtp-on_e1a_20260915T014119Z_1,qwen35-08b,1,graph,on,e1a,0,1,4,25118040.6,prepare input,2499,0,2499,2500,10051.237,async_state_update,2500,1.0004,184.105,181.7,199.201,205.281,169.21,218.67,460262.6,1.832,144352970.0,20260915T014119Z,True
tdb_qwen35-08b_tp1_graph_mtp-on_e1a_20260915T014119Z_1,qwen35-08b,1,graph,on,e1a,0,1,4,25118040.6,prepare input,2499,0,2499,2500,10051.237,draft_token,2500,1.0004,1971.66,1958.39,2098.471,2144.402,1854.93,3724.55,4929149.9,19.616,144352970.0,20260915T014119Z,True
tdb_qwen35-08b_tp1_graph_mtp-on_e1a_20260915T014119Z_1,qwen35-08b,1,graph,on,e1a,0,1,4,25118040.6,prepare input,2499,0,2499,2500,10051.237,forward,2500,1.0004,881.126,876.2,916.142,948.632,824.16,994.03,2202814.1,8.766,144352970.0,20260915T014119Z,True
tdb_qwen35-08b_tp1_graph_mtp-on_e1a_20260915T014119Z_1,qwen35-08b,1,graph,on,e1a,0,1,4,25118040.6,prepare input,2499,0,2499,2500,10051.237,model: mtp: propose,2500,1.0004,1103.172,1095.915,1173.087,1205.724,1033.83,2859.41,2757931.2,10.975,144352970.0,20260915T014119Z,True
tdb_qwen35-08b_tp1_graph_mtp-on_e1a_20260915T014119Z_1,qwen35-08b,1,graph,on,e1a,0,1,4,25118040.6,prepare input,2499,0,2499,2500,10051.237,post process,2500,1.0004,114.112,112.75,124.984,134.301,103.51,151.75,285279.8,1.135,144352970.0,20260915T014119Z,True
tdb_qwen35-08b_tp1_graph_mtp-on_e1a_20260915T014119Z_1,qwen35-08b,1,graph,on,e1a,0,1,4,25118040.6,prepare input,2499,0,2499,2500,10051.237,prepare input,2499,1.0,5598.831,5563.75,5885.69,5966.68,5296.31,9021.83,13991479.8,55.703,144352970.0,20260915T014119Z,True
tdb_qwen35-08b_tp1_graph_mtp-on_e1a_20260915T014119Z_1,qwen35-08b,1,graph,on,e1a,0,1,4,25118040.6,prepare input,2499,0,2499,2500,10051.237,sample_token,2500,1.0004,496.934,495.745,518.734,548.743,455.47,598.58,1242335.9,4.944,144352970.0,20260915T014119Z,True
tdb_qwen35-08b_tp1_graph_mtp-on_m1a_20260914T230257Z_1,qwen35-08b,1,graph,on,m1a,0,1,0,25125549.2,prepare input,2518,0,2518,2519,9978.375,async_state_update,2519,1.0004,179.795,179.1,182.6,196.047,173.06,233.87,452903.8,1.802,953.0,20260914T230257Z,True
tdb_qwen35-08b_tp1_graph_mtp-on_m1a_20260914T230257Z_1,qwen35-08b,1,graph,on,m1a,0,1,0,25125549.2,prepare input,2518,0,2518,2519,9978.375,draft_token,2519,1.0004,1951.75,1948.68,1975.0,2011.537,1899.44,4175.18,4916458.0,19.56,953.0,20260914T230257Z,True
tdb_qwen35-08b_tp1_graph_mtp-on_m1a_20260914T230257Z_1,qwen35-08b,1,graph,on,m1a,0,1,0,25125549.2,prepare input,2518,0,2518,2519,9978.375,forward,2519,1.0004,945.253,944.75,966.264,1014.598,890.44,3114.88,2381092.9,9.473,953.0,20260914T230257Z,True
tdb_qwen35-08b_tp1_graph_mtp-on_m1a_20260914T230257Z_1,qwen35-08b,1,graph,on,m1a,0,1,0,25125549.2,prepare input,2518,0,2518,2519,9978.375,model: mtp: propose,2519,1.0004,1094.882,1091.28,1110.078,1133.311,1060.93,3307.63,2758008.9,10.973,953.0,20260914T230257Z,True
tdb_qwen35-08b_tp1_graph_mtp-on_m1a_20260914T230257Z_1,qwen35-08b,1,graph,on,m1a,0,1,0,25125549.2,prepare input,2518,0,2518,2519,9978.375,post process,2519,1.0004,112.696,112.1,114.632,126.618,108.55,161.6,283881.9,1.129,953.0,20260914T230257Z,True
tdb_qwen35-08b_tp1_graph_mtp-on_m1a_20260914T230257Z_1,qwen35-08b,1,graph,on,m1a,0,1,0,25125549.2,prepare input,2518,0,2518,2519,9978.375,prepare input,2518,1.0,5461.105,5453.04,5528.695,5629.489,5322.9,8004.7,13751061.3,54.729,953.0,20260914T230257Z,True
tdb_qwen35-08b_tp1_graph_mtp-on_m1a_20260914T230257Z_1,qwen35-08b,1,graph,on,m1a,0,1,0,25125549.2,prepare input,2518,0,2518,2519,9978.375,sample_token,2519,1.0004,484.348,482.38,500.214,534.964,459.19,3294.04,1220071.8,4.854,953.0,20260914T230257Z,True
tdb_qwen35-08b_tp1_graph_mtp-on_m1a_20260914T230257Z_1,qwen35-08b,1,graph,on,m1a,0,1,1,25122206.0,prepare input,2526,0,2526,2527,9945.45,async_state_update,2527,1.0004,179.365,179.58,184.454,196.841,165.72,228.79,453255.2,1.803,35635259.0,20260914T230257Z,True
tdb_qwen35-08b_tp1_graph_mtp-on_m1a_20260914T230257Z_1,qwen35-08b,1,graph,on,m1a,0,1,1,25122206.0,prepare input,2526,0,2526,2527,9945.45,draft_token,2527,1.0004,1946.036,1950.28,1987.644,2015.667,1826.96,4539.55,4917633.1,19.567,35635259.0,20260914T230257Z,True
tdb_qwen35-08b_tp1_graph_mtp-on_m1a_20260914T230257Z_1,qwen35-08b,1,graph,on,m1a,0,1,1,25122206.0,prepare input,2526,0,2526,2527,9945.45,forward,2527,1.0004,877.978,877.01,897.622,928.958,837.14,1312.93,2218651.3,8.828,35635259.0,20260914T230257Z,True
tdb_qwen35-08b_tp1_graph_mtp-on_m1a_20260914T230257Z_1,qwen35-08b,1,graph,on,m1a,0,1,1,25122206.0,prepare input,2526,0,2526,2527,9945.45,model: mtp: propose,2527,1.0004,1091.566,1095.53,1116.596,1139.305,1026.2,1209.41,2758387.4,10.976,35635259.0,20260914T230257Z,True
tdb_qwen35-08b_tp1_graph_mtp-on_m1a_20260914T230257Z_1,qwen35-08b,1,graph,on,m1a,0,1,1,25122206.0,prepare input,2526,0,2526,2527,9945.45,post process,2527,1.0004,112.87,112.95,116.27,127.881,103.32,843.7,285221.5,1.135,35635259.0,20260914T230257Z,True
tdb_qwen35-08b_tp1_graph_mtp-on_m1a_20260914T230257Z_1,qwen35-08b,1,graph,on,m1a,0,1,1,25122206.0,prepare input,2526,0,2526,2527,9945.45,prepare input,2526,1.0,5515.123,5521.23,5571.705,5635.885,5317.17,6562.09,13931200.5,55.454,35635259.0,20260914T230257Z,True
tdb_qwen35-08b_tp1_graph_mtp-on_m1a_20260914T230257Z_1,qwen35-08b,1,graph,on,m1a,0,1,1,25122206.0,prepare input,2526,0,2526,2527,9945.45,sample_token,2527,1.0004,480.048,479.82,488.916,506.761,455.9,2529.41,1213081.9,4.827,35635259.0,20260914T230257Z,True
tdb_qwen35-08b_tp1_graph_mtp-on_m1a_20260914T230257Z_1,qwen35-08b,1,graph,on,m1a,0,1,2,25117879.3,prepare input,2491,0,2491,2492,10083.452,async_state_update,2492,1.0004,183.195,182.23,187.048,200.92,174.77,213.85,456521.0,1.817,71013404.0,20260914T230257Z,True
tdb_qwen35-08b_tp1_graph_mtp-on_m1a_20260914T230257Z_1,qwen35-08b,1,graph,on,m1a,0,1,2,25117879.3,prepare input,2491,0,2491,2492,10083.452,draft_token,2492,1.0004,1978.012,1974.905,2004.647,2076.687,1916.91,2250.08,4929205.1,19.616,71013404.0,20260914T230257Z,True
tdb_qwen35-08b_tp1_graph_mtp-on_m1a_20260914T230257Z_1,qwen35-08b,1,graph,on,m1a,0,1,2,25117879.3,prepare input,2491,0,2491,2492,10083.452,forward,2492,1.0004,883.698,880.565,901.826,939.903,854.38,1062.97,2202175.1,8.764,71013404.0,20260914T230257Z,True
tdb_qwen35-08b_tp1_graph_mtp-on_m1a_20260914T230257Z_1,qwen35-08b,1,graph,on,m1a,0,1,2,25117879.3,prepare input,2491,0,2491,2492,10083.452,model: mtp: propose,2492,1.0004,1111.095,1108.12,1130.12,1185.359,1078.32,1393.25,2768849.9,11.019,71013404.0,20260914T230257Z,True
tdb_qwen35-08b_tp1_graph_mtp-on_m1a_20260914T230257Z_1,qwen35-08b,1,graph,on,m1a,0,1,2,25117879.3,prepare input,2491,0,2491,2492,10083.452,post process,2492,1.0004,116.48,114.655,117.27,129.631,109.78,3343.09,290268.8,1.155,71013404.0,20260914T230257Z,True
tdb_qwen35-08b_tp1_graph_mtp-on_m1a_20260914T230257Z_1,qwen35-08b,1,graph,on,m1a,0,1,2,25117879.3,prepare input,2491,0,2491,2492,10083.452,prepare input,2491,1.0,5590.766,5582.15,5646.52,5738.74,5484.05,7493.36,13926597.4,55.445,71013404.0,20260914T230257Z,True
tdb_qwen35-08b_tp1_graph_mtp-on_m1a_20260914T230257Z_1,qwen35-08b,1,graph,on,m1a,0,1,2,25117879.3,prepare input,2491,0,2491,2492,10083.452,sample_token,2492,1.0004,485.379,482.635,495.897,524.965,469.38,1105.52,1209564.6,4.814,71013404.0,20260914T230257Z,True
tdb_qwen35-08b_tp1_graph_mtp-on_m1a_20260914T230257Z_1,qwen35-08b,1,graph,on,m1a,0,1,3,25119410.9,prepare input,2506,0,2506,2507,10023.707,async_state_update,2507,1.0004,181.33,179.88,185.782,200.897,173.55,703.82,454594.9,1.809,106786071.0,20260914T230257Z,True
tdb_qwen35-08b_tp1_graph_mtp-on_m1a_20260914T230257Z_1,qwen35-08b,1,graph,on,m1a,0,1,3,25119410.9,prepare input,2506,0,2506,2507,10023.707,draft_token,2507,1.0004,1966.229,1963.34,1993.46,2071.566,1913.59,2317.71,4929336.6,19.616,106786071.0,20260914T230257Z,True
tdb_qwen35-08b_tp1_graph_mtp-on_m1a_20260914T230257Z_1,qwen35-08b,1,graph,on,m1a,0,1,3,25119410.9,prepare input,2506,0,2506,2507,10023.707,forward,2507,1.0004,883.683,880.61,901.632,944.506,841.43,1362.31,2215393.3,8.816,106786071.0,20260914T230257Z,True
tdb_qwen35-08b_tp1_graph_mtp-on_m1a_20260914T230257Z_1,qwen35-08b,1,graph,on,m1a,0,1,3,25119410.9,prepare input,2506,0,2506,2507,10023.707,model: mtp: propose,2507,1.0004,1103.3,1099.45,1119.946,1172.453,1069.56,1447.38,2765973.7,11.007,106786071.0,20260914T230257Z,True
tdb_qwen35-08b_tp1_graph_mtp-on_m1a_20260914T230257Z_1,qwen35-08b,1,graph,on,m1a,0,1,3,25119410.9,prepare input,2506,0,2506,2507,10023.707,post process,2507,1.0004,114.258,113.49,116.78,129.856,109.2,147.7,286445.2,1.14,106786071.0,20260914T230257Z,True
tdb_qwen35-08b_tp1_graph_mtp-on_m1a_20260914T230257Z_1,qwen35-08b,1,graph,on,m1a,0,1,3,25119410.9,prepare input,2506,0,2506,2507,10023.707,prepare input,2506,1.0,5543.368,5530.99,5608.1,5713.26,5437.68,7574.6,13891679.2,55.303,106786071.0,20260914T230257Z,True
tdb_qwen35-08b_tp1_graph_mtp-on_m1a_20260914T230257Z_1,qwen35-08b,1,graph,on,m1a,0,1,3,25119410.9,prepare input,2506,0,2506,2507,10023.707,sample_token,2507,1.0004,484.242,481.17,495.55,524.109,470.5,561.06,1213993.5,4.831,106786071.0,20260914T230257Z,True
tdb_qwen35-08b_tp1_graph_mtp-on_m1a_20260914T230257Z_1,qwen35-08b,1,graph,on,m1a,0,1,4,25126326.0,prepare input,2459,0,2459,2460,10218.107,async_state_update,2460,1.0004,187.426,185.08,198.91,212.833,176.84,256.47,461068.9,1.834,142408926.0,20260914T230257Z,True
tdb_qwen35-08b_tp1_graph_mtp-on_m1a_20260914T230257Z_1,qwen35-08b,1,graph,on,m1a,0,1,4,25126326.0,prepare input,2459,0,2459,2460,10218.107,draft_token,2460,1.0004,2015.802,2002.335,2091.45,2156.173,1950.0,3227.54,4958874.1,19.728,142408926.0,20260914T230257Z,True
tdb_qwen35-08b_tp1_graph_mtp-on_m1a_20260914T230257Z_1,qwen35-08b,1,graph,on,m1a,0,1,4,25126326.0,prepare input,2459,0,2459,2460,10218.107,forward,2460,1.0004,901.761,895.925,932.056,975.055,863.09,1171.69,2218332.1,8.825,142408926.0,20260914T230257Z,True
tdb_qwen35-08b_tp1_graph_mtp-on_m1a_20260914T230257Z_1,qwen35-08b,1,graph,on,m1a,0,1,4,25126326.0,prepare input,2459,0,2459,2460,10218.107,model: mtp: propose,2460,1.0004,1132.617,1124.64,1176.052,1233.731,1091.78,2161.25,2786238.4,11.084,142408926.0,20260914T230257Z,True
tdb_qwen35-08b_tp1_graph_mtp-on_m1a_20260914T230257Z_1,qwen35-08b,1,graph,on,m1a,0,1,4,25126326.0,prepare input,2459,0,2459,2460,10218.107,post process,2460,1.0004,119.253,117.93,126.701,136.214,110.45,184.59,293362.8,1.167,142408926.0,20260914T230257Z,True
tdb_qwen35-08b_tp1_graph_mtp-on_m1a_20260914T230257Z_1,qwen35-08b,1,graph,on,m1a,0,1,4,25126326.0,prepare input,2459,0,2459,2460,10218.107,prepare input,2459,1.0,5634.48,5603.49,5772.806,5932.903,5492.0,9587.22,13855187.0,55.142,142408926.0,20260914T230257Z,True
tdb_qwen35-08b_tp1_graph_mtp-on_m1a_20260914T230257Z_1,qwen35-08b,1,graph,on,m1a,0,1,4,25126326.0,prepare input,2459,0,2459,2460,10218.107,sample_token,2460,1.0004,491.38,487.115,506.075,543.657,471.48,579.29,1208795.0,4.809,142408926.0,20260914T230257Z,True
tdb_qwen35-08b_tp1_graph_mtp-on_w1_20260914T201524Z_1,qwen35-08b,1,graph,on,w1,0,1,0,25122112.2,Step:Schedule,1993,1993,1993,1994,12605.174,Step:Output,1994,1.0005,51.981,51.52,53.257,64.35,45.66,442.86,103650.8,0.412,599.0,20260914T201524Z,True
tdb_qwen35-08b_tp1_graph_mtp-on_w1_20260914T201524Z_1,qwen35-08b,1,graph,on,w1,0,1,0,25122112.2,Step:Schedule,1993,1993,1993,1994,12605.174,Step:Schedule,1993,1.0,338.437,275.21,468.994,493.374,245.12,546.85,674504.4,2.685,599.0,20260914T201524Z,True
tdb_qwen35-08b_tp1_graph_mtp-on_w1_20260914T201524Z_1,qwen35-08b,1,graph,on,w1,0,1,0,25122112.2,Step:Schedule,1993,1993,1993,1994,12605.174,async_state_update,1994,1.0005,206.791,177.82,363.104,387.344,164.32,478.09,412341.1,1.641,599.0,20260914T201524Z,True
tdb_qwen35-08b_tp1_graph_mtp-on_w1_20260914T201524Z_1,qwen35-08b,1,graph,on,w1,0,1,0,25122112.2,Step:Schedule,1993,1993,1993,1994,12605.174,draft_token,1994,1.0005,2386.752,2355.405,2533.583,2710.256,2192.09,4992.26,4759182.6,18.935,599.0,20260914T201524Z,True
tdb_qwen35-08b_tp1_graph_mtp-on_w1_20260914T201524Z_1,qwen35-08b,1,graph,on,w1,0,1,0,25122112.2,Step:Schedule,1993,1993,1993,1994,12605.174,forward,1994,1.0005,1088.314,1090.745,1141.034,1185.36,866.23,2332.94,2170098.5,8.634,599.0,20260914T201524Z,True
tdb_qwen35-08b_tp1_graph_mtp-on_w1_20260914T201524Z_1,qwen35-08b,1,graph,on,w1,0,1,0,25122112.2,Step:Schedule,1993,1993,1993,1994,12605.174,model: mtp: propose,1994,1.0005,1307.584,1282.61,1449.235,1517.053,1124.33,3119.7,2607322.1,10.373,599.0,20260914T201524Z,True
tdb_qwen35-08b_tp1_graph_mtp-on_w1_20260914T201524Z_1,qwen35-08b,1,graph,on,w1,0,1,0,25122112.2,Step:Schedule,1993,1993,1993,1994,12605.174,post process,1994,1.0005,133.071,114.54,168.318,315.593,106.65,392.61,265343.4,1.056,599.0,20260914T201524Z,True
tdb_qwen35-08b_tp1_graph_mtp-on_w1_20260914T201524Z_1,qwen35-08b,1,graph,on,w1,0,1,0,25122112.2,Step:Schedule,1993,1993,1993,1994,12605.174,prepare input,1993,1.0,6605.2,6532.88,6854.752,7113.712,6308.6,9560.84,13164162.9,52.401,599.0,20260914T201524Z,True
tdb_qwen35-08b_tp1_graph_mtp-on_w1_20260914T201524Z_1,qwen35-08b,1,graph,on,w1,0,1,0,25122112.2,Step:Schedule,1993,1993,1993,1994,12605.174,sample_token,1994,1.0005,539.183,613.82,648.71,670.819,396.0,743.37,1075131.9,4.277,599.0,20260914T201524Z,True
tdb_qwen35-08b_tp1_graph_mtp-on_w1_20260914T201524Z_1,qwen35-08b,1,graph,on,w1,0,1,0,25122112.2,Step:Schedule,1993,1993,1993,1994,12605.174,schedule: allocate_slots,1993,1.0,43.044,42.85,44.1,54.052,39.48,61.98,85786.3,0.341,599.0,20260914T201524Z,True
tdb_qwen35-08b_tp1_graph_mtp-on_w1_20260914T201524Z_1,qwen35-08b,1,graph,on,w1,0,1,0,25122112.2,Step:Schedule,1993,1993,1993,1994,12605.174,schedule: get_num_common_prefix_blocks,1993,1.0,2.373,2.35,2.5,2.681,1.97,19.74,4729.0,0.019,599.0,20260914T201524Z,True
tdb_qwen35-08b_tp1_graph_mtp-on_w1_20260914T201524Z_1,qwen35-08b,1,graph,on,w1,0,1,0,25122112.2,Step:Schedule,1993,1993,1993,1994,12605.174,schedule: make_cached_request_data,1993,1.0,10.89,10.81,11.41,12.46,9.79,28.63,21704.2,0.086,599.0,20260914T201524Z,True
tdb_qwen35-08b_tp1_graph_mtp-on_w1_20260914T201524Z_1,qwen35-08b,1,graph,on,w1,0,1,0,25122112.2,Step:Schedule,1993,1993,1993,1994,12605.174,schedule: update_after_schedule,1993,1.0,7.574,7.54,7.88,8.322,6.69,17.67,15094.8,0.06,599.0,20260914T201524Z,True
tdb_qwen35-08b_tp1_graph_mtp-on_w1_20260914T201524Z_1,qwen35-08b,1,graph,on,w1,0,1,1,25112870.3,Step:Schedule,1925,1925,1925,1926,13045.647,Step:Output,1926,1.0005,51.672,50.545,54.995,62.428,47.85,76.71,99519.7,0.396,40328258.0,20260914T201524Z,True
tdb_qwen35-08b_tp1_graph_mtp-on_w1_20260914T201524Z_1,qwen35-08b,1,graph,on,w1,0,1,1,25112870.3,Step:Schedule,1925,1925,1925,1926,13045.647,Step:Schedule,1925,1.0,360.783,334.43,498.772,532.2,246.7,897.63,694507.9,2.766,40328258.0,20260914T201524Z,True
tdb_qwen35-08b_tp1_graph_mtp-on_w1_20260914T201524Z_1,qwen35-08b,1,graph,on,w1,0,1,1,25112870.3,Step:Schedule,1925,1925,1925,1926,13045.647,async_state_update,1926,1.0005,223.733,186.325,381.765,412.933,166.71,457.98,430910.4,1.715,40328258.0,20260914T201524Z,True
tdb_qwen35-08b_tp1_graph_mtp-on_w1_20260914T201524Z_1,qwen35-08b,1,graph,on,w1,0,1,1,25112870.3,Step:Schedule,1925,1925,1925,1926,13045.647,draft_token,1926,1.0005,2501.272,2476.555,2747.535,2820.525,2202.34,3175.81,4817449.5,19.173,40328258.0,20260914T201524Z,True
tdb_qwen35-08b_tp1_graph_mtp-on_w1_20260914T201524Z_1,qwen35-08b,1,graph,on,w1,0,1,1,25112870.3,Step:Schedule,1925,1925,1925,1926,13045.647,forward,1926,1.0005,1062.642,1058.395,1120.45,1152.193,841.69,1287.61,2046649.3,8.146,40328258.0,20260914T201524Z,True
tdb_qwen35-08b_tp1_graph_mtp-on_w1_20260914T201524Z_1,qwen35-08b,1,graph,on,w1,0,1,1,25112870.3,Step:Schedule,1925,1925,1925,1926,13045.647,model: mtp: propose,1926,1.0005,1360.782,1315.235,1519.88,1610.505,1179.27,2073.58,2620867.0,10.431,40328258.0,20260914T201524Z,True
tdb_qwen35-08b_tp1_graph_mtp-on_w1_20260914T201524Z_1,qwen35-08b,1,graph,on,w1,0,1,1,25112870.3,Step:Schedule,1925,1925,1925,1926,13045.647,post process,1926,1.0005,149.733,121.1,312.68,348.335,105.01,380.26,288385.3,1.148,40328258.0,20260914T201524Z,True
tdb_qwen35-08b_tp1_graph_mtp-on_w1_20260914T201524Z_1,qwen35-08b,1,graph,on,w1,0,1,1,25112870.3,Step:Schedule,1925,1925,1925,1926,13045.647,prepare input,1925,1.0,6854.129,6788.98,7259.096,7350.017,6384.75,9766.75,13194198.0,52.54,40328258.0,20260914T201524Z,True
tdb_qwen35-08b_tp1_graph_mtp-on_w1_20260914T201524Z_1,qwen35-08b,1,graph,on,w1,0,1,1,25112870.3,Step:Schedule,1925,1925,1925,1926,13045.647,sample_token,1926,1.0005,575.203,636.67,679.905,701.832,392.22,783.95,1107840.6,4.409,40328258.0,20260914T201524Z,True
tdb_qwen35-08b_tp1_graph_mtp-on_w1_20260914T201524Z_1,qwen35-08b,1,graph,on,w1,0,1,1,25112870.3,Step:Schedule,1925,1925,1925,1926,13045.647,schedule: allocate_slots,1925,1.0,43.36,42.86,45.31,49.768,40.69,64.6,83467.1,0.332,40328258.0,20260914T201524Z,True
tdb_qwen35-08b_tp1_graph_mtp-on_w1_20260914T201524Z_1,qwen35-08b,1,graph,on,w1,0,1,1,25112870.3,Step:Schedule,1925,1925,1925,1926,13045.647,schedule: get_num_common_prefix_blocks,1925,1.0,2.356,2.34,2.52,2.708,2.04,4.26,4535.1,0.018,40328258.0,20260914T201524Z,True
tdb_qwen35-08b_tp1_graph_mtp-on_w1_20260914T201524Z_1,qwen35-08b,1,graph,on,w1,0,1,1,25112870.3,Step:Schedule,1925,1925,1925,1926,13045.647,schedule: make_cached_request_data,1925,1.0,11.163,11.02,11.85,13.094,9.84,24.18,21488.4,0.086,40328258.0,20260914T201524Z,True
tdb_qwen35-08b_tp1_graph_mtp-on_w1_20260914T201524Z_1,qwen35-08b,1,graph,on,w1,0,1,1,25112870.3,Step:Schedule,1925,1925,1925,1926,13045.647,schedule: update_after_schedule,1925,1.0,7.639,7.57,8.01,8.625,6.83,24.78,14704.5,0.059,40328258.0,20260914T201524Z,True
tdb_qwen35-08b_tp1_graph_mtp-on_w1_20260914T201524Z_1,qwen35-08b,1,graph,on,w1,0,1,2,25106610.0,Step:Schedule,1907,1907,1907,1908,13165.501,Step:Output,1908,1.0005,51.962,53.555,55.25,59.429,43.19,72.21,99143.2,0.395,81644826.0,20260914T201524Z,True
tdb_qwen35-08b_tp1_graph_mtp-on_w1_20260914T201524Z_1,qwen35-08b,1,graph,on,w1,0,1,2,25106610.0,Step:Schedule,1907,1907,1907,1908,13165.501,Step:Schedule,1907,1.0,353.35,305.25,483.202,505.326,241.58,646.55,673838.1,2.684,81644826.0,20260914T201524Z,True
tdb_qwen35-08b_tp1_graph_mtp-on_w1_20260914T201524Z_1,qwen35-08b,1,graph,on,w1,0,1,2,25106610.0,Step:Schedule,1907,1907,1907,1908,13165.501,async_state_update,1908,1.0005,229.684,200.375,394.573,416.537,163.03,1666.04,438237.5,1.745,81644826.0,20260914T201524Z,True
tdb_qwen35-08b_tp1_graph_mtp-on_w1_20260914T201524Z_1,qwen35-08b,1,graph,on,w1,0,1,2,25106610.0,Step:Schedule,1907,1907,1907,1908,13165.501,draft_token,1908,1.0005,2536.492,2537.23,2750.197,2817.507,2208.0,3115.74,4839626.3,19.266,81644826.0,20260914T201524Z,True
tdb_qwen35-08b_tp1_graph_mtp-on_w1_20260914T201524Z_1,qwen35-08b,1,graph,on,w1,0,1,2,25106610.0,Step:Schedule,1907,1907,1907,1908,13165.501,forward,1908,1.0005,1075.999,1083.02,1124.943,1167.358,861.77,1709.77,2053006.3,8.173,81644826.0,20260914T201524Z,True
tdb_qwen35-08b_tp1_graph_mtp-on_w1_20260914T201524Z_1,qwen35-08b,1,graph,on,w1,0,1,2,25106610.0,Step:Schedule,1907,1907,1907,1908,13165.501,model: mtp: propose,1908,1.0005,1397.675,1388.935,1570.098,1619.573,1187.94,1821.08,2666764.5,10.616,81644826.0,20260914T201524Z,True
tdb_qwen35-08b_tp1_graph_mtp-on_w1_20260914T201524Z_1,qwen35-08b,1,graph,on,w1,0,1,2,25106610.0,Step:Schedule,1907,1907,1907,1908,13165.501,post process,1908,1.0005,149.112,130.725,301.389,333.603,108.64,409.57,284506.4,1.133,81644826.0,20260914T201524Z,True
tdb_qwen35-08b_tp1_graph_mtp-on_w1_20260914T201524Z_1,qwen35-08b,1,graph,on,w1,0,1,2,25106610.0,Step:Schedule,1907,1907,1907,1908,13165.501,prepare input,1907,1.0,6910.819,6968.85,7252.544,7758.516,6315.84,8975.02,13178931.8,52.492,81644826.0,20260914T201524Z,True
tdb_qwen35-08b_tp1_graph_mtp-on_w1_20260914T201524Z_1,qwen35-08b,1,graph,on,w1,0,1,2,25106610.0,Step:Schedule,1907,1907,1907,1908,13165.501,sample_token,1908,1.0005,576.828,630.475,682.282,709.242,404.53,858.66,1100587.4,4.381,81644826.0,20260914T201524Z,True
tdb_qwen35-08b_tp1_graph_mtp-on_w1_20260914T201524Z_1,qwen35-08b,1,graph,on,w1,0,1,2,25106610.0,Step:Schedule,1907,1907,1907,1908,13165.501,schedule: allocate_slots,1907,1.0,44.163,44.02,45.42,47.735,41.66,63.63,84218.2,0.335,81644826.0,20260914T201524Z,True
tdb_qwen35-08b_tp1_graph_mtp-on_w1_20260914T201524Z_1,qwen35-08b,1,graph,on,w1,0,1,2,25106610.0,Step:Schedule,1907,1907,1907,1908,13165.501,schedule: get_num_common_prefix_blocks,1907,1.0,2.353,2.33,2.48,2.64,2.02,16.4,4487.2,0.018,81644826.0,20260914T201524Z,True
tdb_qwen35-08b_tp1_graph_mtp-on_w1_20260914T201524Z_1,qwen35-08b,1,graph,on,w1,0,1,2,25106610.0,Step:Schedule,1907,1907,1907,1908,13165.501,schedule: make_cached_request_data,1907,1.0,11.259,11.17,11.8,12.76,9.95,26.05,21470.3,0.086,81644826.0,20260914T201524Z,True
tdb_qwen35-08b_tp1_graph_mtp-on_w1_20260914T201524Z_1,qwen35-08b,1,graph,on,w1,0,1,2,25106610.0,Step:Schedule,1907,1907,1907,1908,13165.501,schedule: update_after_schedule,1907,1.0,7.697,7.66,8.05,8.559,6.86,23.37,14679.1,0.058,81644826.0,20260914T201524Z,True
tdb_qwen35-08b_tp1_graph_mtp-on_w1_20260914T201524Z_1,qwen35-08b,1,graph,on,w1,0,1,3,25113486.9,Step:Schedule,1889,1889,1889,1890,13294.593,Step:Output,1890,1.0005,52.961,52.77,53.741,63.538,50.35,71.92,100096.9,0.398,123703029.0,20260914T201524Z,True
tdb_qwen35-08b_tp1_graph_mtp-on_w1_20260914T201524Z_1,qwen35-08b,1,graph,on,w1,0,1,3,25113486.9,Step:Schedule,1889,1889,1889,1890,13294.593,Step:Schedule,1889,1.0,351.187,318.85,475.788,498.075,247.1,1681.85,663391.7,2.642,123703029.0,20260914T201524Z,True
tdb_qwen35-08b_tp1_graph_mtp-on_w1_20260914T201524Z_1,qwen35-08b,1,graph,on,w1,0,1,3,25113486.9,Step:Schedule,1889,1889,1889,1890,13294.593,async_state_update,1890,1.0005,212.39,194.385,222.532,406.034,187.12,419.34,401417.9,1.598,123703029.0,20260914T201524Z,True
tdb_qwen35-08b_tp1_graph_mtp-on_w1_20260914T201524Z_1,qwen35-08b,1,graph,on,w1,0,1,3,25113486.9,Step:Schedule,1889,1889,1889,1890,13294.593,draft_token,1890,1.0005,2570.82,2569.395,2704.446,2735.147,2410.19,3437.97,4858849.3,19.337,123703029.0,20260914T201524Z,True
tdb_qwen35-08b_tp1_graph_mtp-on_w1_20260914T201524Z_1,qwen35-08b,1,graph,on,w1,0,1,3,25113486.9,Step:Schedule,1889,1889,1889,1890,13294.593,forward,1890,1.0005,1085.048,1088.17,1109.561,1148.338,899.85,1212.39,2050740.6,8.162,123703029.0,20260914T201524Z,True
tdb_qwen35-08b_tp1_graph_mtp-on_w1_20260914T201524Z_1,qwen35-08b,1,graph,on,w1,0,1,3,25113486.9,Step:Schedule,1889,1889,1889,1890,13294.593,model: mtp: propose,1890,1.0005,1395.225,1367.015,1496.477,1571.621,1303.1,2158.72,2636975.3,10.495,123703029.0,20260914T201524Z,True
tdb_qwen35-08b_tp1_graph_mtp-on_w1_20260914T201524Z_1,qwen35-08b,1,graph,on,w1,0,1,3,25113486.9,Step:Schedule,1889,1889,1889,1890,13294.593,post process,1890,1.0005,170.017,127.435,314.531,335.165,122.28,359.19,321332.8,1.279,123703029.0,20260914T201524Z,True
tdb_qwen35-08b_tp1_graph_mtp-on_w1_20260914T201524Z_1,qwen35-08b,1,graph,on,w1,0,1,3,25113486.9,Step:Schedule,1889,1889,1889,1890,13294.593,prepare input,1889,1.0,6961.949,7004.5,7095.026,7184.366,6729.87,9382.57,13151121.1,52.367,123703029.0,20260914T201524Z,True
tdb_qwen35-08b_tp1_graph_mtp-on_w1_20260914T201524Z_1,qwen35-08b,1,graph,on,w1,0,1,3,25113486.9,Step:Schedule,1889,1889,1889,1890,13294.593,sample_token,1890,1.0005,591.525,651.665,673.451,694.87,436.34,734.26,1117982.4,4.449,123703029.0,20260914T201524Z,True
tdb_qwen35-08b_tp1_graph_mtp-on_w1_20260914T201524Z_1,qwen35-08b,1,graph,on,w1,0,1,3,25113486.9,Step:Schedule,1889,1889,1889,1890,13294.593,schedule: allocate_slots,1889,1.0,44.255,44.05,45.19,54.507,41.79,63.52,83597.1,0.333,123703029.0,20260914T201524Z,True
tdb_qwen35-08b_tp1_graph_mtp-on_w1_20260914T201524Z_1,qwen35-08b,1,graph,on,w1,0,1,3,25113486.9,Step:Schedule,1889,1889,1889,1890,13294.593,schedule: get_num_common_prefix_blocks,1889,1.0,2.424,2.41,2.59,2.75,2.01,11.88,4578.7,0.018,123703029.0,20260914T201524Z,True
tdb_qwen35-08b_tp1_graph_mtp-on_w1_20260914T201524Z_1,qwen35-08b,1,graph,on,w1,0,1,3,25113486.9,Step:Schedule,1889,1889,1889,1890,13294.593,schedule: make_cached_request_data,1889,1.0,11.377,11.29,11.82,12.681,10.31,30.33,21491.9,0.086,123703029.0,20260914T201524Z,True
tdb_qwen35-08b_tp1_graph_mtp-on_w1_20260914T201524Z_1,qwen35-08b,1,graph,on,w1,0,1,3,25113486.9,Step:Schedule,1889,1889,1889,1890,13294.593,schedule: update_after_schedule,1889,1.0,7.605,7.56,7.92,8.422,6.91,18.42,14366.0,0.057,123703029.0,20260914T201524Z,True
tdb_qwen35-08b_tp1_graph_mtp-on_w1_20260914T201524Z_1,qwen35-08b,1,graph,on,w1,0,1,4,25114689.3,Step:Schedule,1895,1895,1895,1896,13253.134,Step:Output,1896,1.0005,53.026,52.86,53.96,62.844,49.92,71.01,100536.8,0.4,165620171.0,20260914T201524Z,True
tdb_qwen35-08b_tp1_graph_mtp-on_w1_20260914T201524Z_1,qwen35-08b,1,graph,on,w1,0,1,4,25114689.3,Step:Schedule,1895,1895,1895,1896,13253.134,Step:Schedule,1895,1.0,351.734,316.92,477.974,499.943,243.78,566.54,666536.0,2.654,165620171.0,20260914T201524Z,True
tdb_qwen35-08b_tp1_graph_mtp-on_w1_20260914T201524Z_1,qwen35-08b,1,graph,on,w1,0,1,4,25114689.3,Step:Schedule,1895,1895,1895,1896,13253.134,async_state_update,1896,1.0005,215.174,195.515,285.315,405.903,175.27,427.82,407969.6,1.624,165620171.0,20260914T201524Z,True
tdb_qwen35-08b_tp1_graph_mtp-on_w1_20260914T201524Z_1,qwen35-08b,1,graph,on,w1,0,1,4,25114689.3,Step:Schedule,1895,1895,1895,1896,13253.134,draft_token,1896,1.0005,2562.526,2556.175,2706.765,2739.978,2296.37,2761.94,4858550.1,19.335,165620171.0,20260914T201524Z,True
tdb_qwen35-08b_tp1_graph_mtp-on_w1_20260914T201524Z_1,qwen35-08b,1,graph,on,w1,0,1,4,25114689.3,Step:Schedule,1895,1895,1895,1896,13253.134,forward,1896,1.0005,1082.992,1088.525,1111.675,1157.232,875.45,1201.62,2053353.3,8.172,165620171.0,20260914T201524Z,True
tdb_qwen35-08b_tp1_graph_mtp-on_w1_20260914T201524Z_1,qwen35-08b,1,graph,on,w1,0,1,4,25114689.3,Step:Schedule,1895,1895,1895,1896,13253.134,model: mtp: propose,1896,1.0005,1390.05,1365.125,1490.265,1572.108,1236.12,1610.01,2635535.6,10.488,165620171.0,20260914T201524Z,True
tdb_qwen35-08b_tp1_graph_mtp-on_w1_20260914T201524Z_1,qwen35-08b,1,graph,on,w1,0,1,4,25114689.3,Step:Schedule,1895,1895,1895,1896,13253.134,post process,1896,1.0005,175.062,132.015,320.515,348.206,101.52,364.26,331917.2,1.321,165620171.0,20260914T201524Z,True
tdb_qwen35-08b_tp1_graph_mtp-on_w1_20260914T201524Z_1,qwen35-08b,1,graph,on,w1,0,1,4,25114689.3,Step:Schedule,1895,1895,1895,1896,13253.134,prepare input,1895,1.0,6929.792,6883.98,7093.35,7159.136,6554.92,9547.64,13131955.3,52.288,165620171.0,20260914T201524Z,True
tdb_qwen35-08b_tp1_graph_mtp-on_w1_20260914T201524Z_1,qwen35-08b,1,graph,on,w1,0,1,4,25114689.3,Step:Schedule,1895,1895,1895,1896,13253.134,sample_token,1896,1.0005,584.6,649.525,671.91,690.289,420.43,734.17,1108400.9,4.411,165620171.0,20260914T201524Z,True
tdb_qwen35-08b_tp1_graph_mtp-on_w1_20260914T201524Z_1,qwen35-08b,1,graph,on,w1,0,1,4,25114689.3,Step:Schedule,1895,1895,1895,1896,13253.134,schedule: allocate_slots,1895,1.0,44.004,43.78,44.956,50.049,41.76,93.84,83387.0,0.332,165620171.0,20260914T201524Z,True
tdb_qwen35-08b_tp1_graph_mtp-on_w1_20260914T201524Z_1,qwen35-08b,1,graph,on,w1,0,1,4,25114689.3,Step:Schedule,1895,1895,1895,1896,13253.134,schedule: get_num_common_prefix_blocks,1895,1.0,2.415,2.39,2.58,2.761,2.03,17.9,4576.9,0.018,165620171.0,20260914T201524Z,True
tdb_qwen35-08b_tp1_graph_mtp-on_w1_20260914T201524Z_1,qwen35-08b,1,graph,on,w1,0,1,4,25114689.3,Step:Schedule,1895,1895,1895,1896,13253.134,schedule: make_cached_request_data,1895,1.0,11.285,11.21,11.72,12.481,10.2,25.17,21385.2,0.085,165620171.0,20260914T201524Z,True
tdb_qwen35-08b_tp1_graph_mtp-on_w1_20260914T201524Z_1,qwen35-08b,1,graph,on,w1,0,1,4,25114689.3,Step:Schedule,1895,1895,1895,1896,13253.134,schedule: update_after_schedule,1895,1.0,7.659,7.61,7.95,8.492,6.83,27.71,14513.2,0.058,165620171.0,20260914T201524Z,True
tdb_qwen35-08b_tp4_eager_mtp-off_m4_qwen35-08b_eager_off_20260915T010438Z_0,qwen35-08b,4,eager,off,m4_qwen35-08b_eager_off,0,0,0,25204439.8,prepare input,579,0,579,580,43530.984,async_state_update,580,1.0017,46.783,46.5,47.493,56.683,44.97,59.79,27134.4,0.107,1323.0,20260915T010438Z,True
tdb_qwen35-08b_tp4_eager_mtp-off_m4_qwen35-08b_eager_off_20260915T010438Z_0,qwen35-08b,4,eager,off,m4_qwen35-08b_eager_off,0,0,0,25204439.8,prepare input,579,0,579,580,43530.984,draft_token,580,1.0017,2.502,2.49,2.62,2.762,2.17,10.0,1451.2,0.006,1323.0,20260915T010438Z,True
tdb_qwen35-08b_tp4_eager_mtp-off_m4_qwen35-08b_eager_off_20260915T010438Z_0,qwen35-08b,4,eager,off,m4_qwen35-08b_eager_off,0,0,0,25204439.8,prepare input,579,0,579,580,43530.984,forward,580,1.0017,36972.417,36806.545,37045.709,42140.842,36295.22,42593.77,21444001.7,84.934,1323.0,20260915T010438Z,True
tdb_qwen35-08b_tp4_eager_mtp-off_m4_qwen35-08b_eager_off_20260915T010438Z_0,qwen35-08b,4,eager,off,m4_qwen35-08b_eager_off,0,0,0,25204439.8,prepare input,579,0,579,580,43530.984,post process,580,1.0017,240.274,238.86,245.906,264.008,232.42,275.84,139359.2,0.552,1323.0,20260915T010438Z,True
tdb_qwen35-08b_tp4_eager_mtp-off_m4_qwen35-08b_eager_off_20260915T010438Z_0,qwen35-08b,4,eager,off,m4_qwen35-08b_eager_off,0,0,0,25204439.8,prepare input,579,0,579,580,43530.984,prepare input,579,1.0,2707.253,2689.78,2715.418,3185.23,2626.81,6669.08,1567499.5,6.219,1323.0,20260915T010438Z,True
tdb_qwen35-08b_tp4_eager_mtp-off_m4_qwen35-08b_eager_off_20260915T010438Z_0,qwen35-08b,4,eager,off,m4_qwen35-08b_eager_off,0,0,0,25204439.8,prepare input,579,0,579,580,43530.984,sample_token,580,1.0017,111.975,109.555,112.756,165.327,100.5,214.46,64945.2,0.257,1323.0,20260915T010438Z,True
tdb_qwen35-08b_tp4_eager_mtp-off_m4_qwen35-08b_eager_off_20260915T010438Z_0,qwen35-08b,4,eager,off,m4_qwen35-08b_eager_off,0,0,1,25184759.1,prepare input,561,0,561,562,44892.619,async_state_update,562,1.0018,48.931,48.5,49.545,61.897,47.03,65.24,27499.3,0.109,316575355.0,20260915T010438Z,True
tdb_qwen35-08b_tp4_eager_mtp-off_m4_qwen35-08b_eager_off_20260915T010438Z_0,qwen35-08b,4,eager,off,m4_qwen35-08b_eager_off,0,0,1,25184759.1,prepare input,561,0,561,562,44892.619,draft_token,562,1.0018,2.578,2.55,2.7,2.808,2.25,12.14,1448.7,0.006,316575355.0,20260915T010438Z,True
tdb_qwen35-08b_tp4_eager_mtp-off_m4_qwen35-08b_eager_off_20260915T010438Z_0,qwen35-08b,4,eager,off,m4_qwen35-08b_eager_off,0,0,1,25184759.1,prepare input,561,0,561,562,44892.619,forward,562,1.0018,38079.03,37847.04,38069.198,43697.522,37537.66,44831.73,21400414.9,84.822,316575355.0,20260915T010438Z,True
tdb_qwen35-08b_tp4_eager_mtp-off_m4_qwen35-08b_eager_off_20260915T010438Z_0,qwen35-08b,4,eager,off,m4_qwen35-08b_eager_off,0,0,1,25184759.1,prepare input,561,0,561,562,44892.619,post process,562,1.0018,254.054,244.725,252.455,270.16,237.59,4742.57,142778.2,0.566,316575355.0,20260915T010438Z,True
tdb_qwen35-08b_tp4_eager_mtp-off_m4_qwen35-08b_eager_off_20260915T010438Z_0,qwen35-08b,4,eager,off,m4_qwen35-08b_eager_off,0,0,1,25184759.1,prepare input,561,0,561,562,44892.619,prepare input,561,1.0,2815.993,2797.65,2826.78,2947.82,2756.16,6466.61,1579772.0,6.273,316575355.0,20260915T010438Z,True
tdb_qwen35-08b_tp4_eager_mtp-off_m4_qwen35-08b_eager_off_20260915T010438Z_0,qwen35-08b,4,eager,off,m4_qwen35-08b_eager_off,0,0,1,25184759.1,prepare input,561,0,561,562,44892.619,sample_token,562,1.0018,121.211,114.19,168.263,179.504,110.27,222.89,68120.4,0.27,316575355.0,20260915T010438Z,True
tdb_qwen35-08b_tp4_eager_mtp-off_m4_qwen35-08b_eager_off_20260915T010438Z_0,qwen35-08b,4,eager,off,m4_qwen35-08b_eager_off,0,0,2,25213920.8,prepare input,571,0,571,572,44157.48,async_state_update,572,1.0018,48.872,48.455,49.399,56.503,46.44,149.28,27954.8,0.111,635478132.0,20260915T010438Z,True
tdb_qwen35-08b_tp4_eager_mtp-off_m4_qwen35-08b_eager_off_20260915T010438Z_0,qwen35-08b,4,eager,off,m4_qwen35-08b_eager_off,0,0,2,25213920.8,prepare input,571,0,571,572,44157.48,draft_token,572,1.0018,2.581,2.58,2.73,2.873,2.25,3.23,1476.5,0.006,635478132.0,20260915T010438Z,True
tdb_qwen35-08b_tp4_eager_mtp-off_m4_qwen35-08b_eager_off_20260915T010438Z_0,qwen35-08b,4,eager,off,m4_qwen35-08b_eager_off,0,0,2,25213920.8,prepare input,571,0,571,572,44157.48,forward,572,1.0018,38006.622,37821.045,38080.837,43490.973,37357.12,43801.22,21739787.9,86.071,635478132.0,20260915T010438Z,True
tdb_qwen35-08b_tp4_eager_mtp-off_m4_qwen35-08b_eager_off_20260915T010438Z_0,qwen35-08b,4,eager,off,m4_qwen35-08b_eager_off,0,0,2,25213920.8,prepare input,571,0,571,572,44157.48,post process,572,1.0018,246.698,244.38,253.485,297.34,237.97,325.1,141111.3,0.559,635478132.0,20260915T010438Z,True
tdb_qwen35-08b_tp4_eager_mtp-off_m4_qwen35-08b_eager_off_20260915T010438Z_0,qwen35-08b,4,eager,off,m4_qwen35-08b_eager_off,0,0,2,25213920.8,prepare input,571,0,571,572,44157.48,prepare input,571,1.0,2834.594,2797.06,2842.48,3361.183,2755.4,7219.07,1618553.2,6.419,635478132.0,20260915T010438Z,True
tdb_qwen35-08b_tp4_eager_mtp-off_m4_qwen35-08b_eager_off_20260915T010438Z_0,qwen35-08b,4,eager,off,m4_qwen35-08b_eager_off,0,0,2,25213920.8,prepare input,571,0,571,572,44157.48,sample_token,572,1.0018,124.371,114.325,171.456,186.375,110.34,210.48,71140.1,0.282,635478132.0,20260915T010438Z,True
tdb_qwen35-08b_tp4_eager_mtp-off_m4_qwen35-08b_eager_off_20260915T010438Z_0,qwen35-08b,4,eager,off,m4_qwen35-08b_eager_off,0,0,3,25248745.1,prepare input,573,0,573,574,44064.128,async_state_update,574,1.0017,48.71,48.38,49.367,60.529,46.44,71.84,27959.3,0.111,952949303.0,20260915T010438Z,True
tdb_qwen35-08b_tp4_eager_mtp-off_m4_qwen35-08b_eager_off_20260915T010438Z_0,qwen35-08b,4,eager,off,m4_qwen35-08b_eager_off,0,0,3,25248745.1,prepare input,573,0,573,574,44064.128,draft_token,574,1.0017,2.597,2.6,2.74,2.853,2.29,3.35,1490.4,0.006,952949303.0,20260915T010438Z,True
tdb_qwen35-08b_tp4_eager_mtp-off_m4_qwen35-08b_eager_off_20260915T010438Z_0,qwen35-08b,4,eager,off,m4_qwen35-08b_eager_off,0,0,3,25248745.1,prepare input,573,0,573,574,44064.128,forward,574,1.0017,38009.619,37809.545,38055.161,43463.525,37332.32,44849.61,21817521.2,86.26,952949303.0,20260915T010438Z,True
tdb_qwen35-08b_tp4_eager_mtp-off_m4_qwen35-08b_eager_off_20260915T010438Z_0,qwen35-08b,4,eager,off,m4_qwen35-08b_eager_off,0,0,3,25248745.1,prepare input,573,0,573,574,44064.128,post process,574,1.0017,246.647,244.615,253.614,283.529,237.72,328.16,141575.4,0.56,952949303.0,20260915T010438Z,True
tdb_qwen35-08b_tp4_eager_mtp-off_m4_qwen35-08b_eager_off_20260915T010438Z_0,qwen35-08b,4,eager,off,m4_qwen35-08b_eager_off,0,0,3,25248745.1,prepare input,573,0,573,574,44064.128,prepare input,573,1.0,2824.501,2794.62,2828.32,2983.58,2743.1,8447.18,1618439.0,6.41,952949303.0,20260915T010438Z,True
tdb_qwen35-08b_tp4_eager_mtp-off_m4_qwen35-08b_eager_off_20260915T010438Z_0,qwen35-08b,4,eager,off,m4_qwen35-08b_eager_off,0,0,3,25248745.1,prepare input,573,0,573,574,44064.128,sample_token,574,1.0017,125.696,114.045,176.341,184.896,110.44,220.39,72149.7,0.285,952949303.0,20260915T010438Z,True
tdb_qwen35-08b_tp4_eager_mtp-off_m4_qwen35-08b_eager_off_20260915T010438Z_0,qwen35-08b,4,eager,off,m4_qwen35-08b_eager_off,0,0,4,25233195.8,prepare input,576,0,576,577,43807.632,async_state_update,577,1.0017,48.397,48.08,49.268,57.27,46.41,89.51,27925.3,0.11,1265054685.0,20260915T010438Z,True
tdb_qwen35-08b_tp4_eager_mtp-off_m4_qwen35-08b_eager_off_20260915T010438Z_0,qwen35-08b,4,eager,off,m4_qwen35-08b_eager_off,0,0,4,25233195.8,prepare input,576,0,576,577,43807.632,draft_token,577,1.0017,2.635,2.63,2.794,2.922,2.3,3.03,1520.7,0.006,1265054685.0,20260915T010438Z,True
tdb_qwen35-08b_tp4_eager_mtp-off_m4_qwen35-08b_eager_off_20260915T010438Z_0,qwen35-08b,4,eager,off,m4_qwen35-08b_eager_off,0,0,4,25233195.8,prepare input,576,0,576,577,43807.632,forward,577,1.0017,37825.746,37574.84,38009.636,43327.577,37167.07,44551.61,21825455.4,86.345,1265054685.0,20260915T010438Z,True
tdb_qwen35-08b_tp4_eager_mtp-off_m4_qwen35-08b_eager_off_20260915T010438Z_0,qwen35-08b,4,eager,off,m4_qwen35-08b_eager_off,0,0,4,25233195.8,prepare input,576,0,576,577,43807.632,post process,577,1.0017,255.459,243.34,251.748,300.854,235.66,6170.03,147399.8,0.583,1265054685.0,20260915T010438Z,True
tdb_qwen35-08b_tp4_eager_mtp-off_m4_qwen35-08b_eager_off_20260915T010438Z_0,qwen35-08b,4,eager,off,m4_qwen35-08b_eager_off,0,0,4,25233195.8,prepare input,576,0,576,577,43807.632,prepare input,576,1.0,2818.769,2797.005,2835.105,3139.105,2739.01,5922.41,1623611.1,6.434,1265054685.0,20260915T010438Z,True
tdb_qwen35-08b_tp4_eager_mtp-off_m4_qwen35-08b_eager_off_20260915T010438Z_0,qwen35-08b,4,eager,off,m4_qwen35-08b_eager_off,0,0,4,25233195.8,prepare input,576,0,576,577,43807.632,sample_token,577,1.0017,131.823,114.28,179.392,211.934,110.14,251.94,76061.8,0.301,1265054685.0,20260915T010438Z,True
tdb_qwen35-08b_tp4_eager_mtp-off_m4_qwen35-08b_eager_off_20260915T010438Z_0,qwen35-08b,4,eager,off,m4_qwen35-08b_eager_off,1,0,0,25204447.7,prepare input,579,0,579,580,43530.998,async_state_update,580,1.0017,47.825,46.93,48.354,70.512,45.36,113.21,27738.3,0.11,1347.0,20260915T010438Z,True
tdb_qwen35-08b_tp4_eager_mtp-off_m4_qwen35-08b_eager_off_20260915T010438Z_0,qwen35-08b,4,eager,off,m4_qwen35-08b_eager_off,1,0,0,25204447.7,prepare input,579,0,579,580,43530.998,draft_token,580,1.0017,2.625,2.62,2.78,2.922,2.31,3.37,1522.7,0.006,1347.0,20260915T010438Z,True
tdb_qwen35-08b_tp4_eager_mtp-off_m4_qwen35-08b_eager_off_20260915T010438Z_0,qwen35-08b,4,eager,off,m4_qwen35-08b_eager_off,1,0,0,25204447.7,prepare input,579,0,579,580,43530.998,forward,580,1.0017,37941.437,37739.01,38134.028,42956.954,37303.53,43924.02,22006033.5,87.16,1347.0,20260915T010438Z,True
tdb_qwen35-08b_tp4_eager_mtp-off_m4_qwen35-08b_eager_off_20260915T010438Z_0,qwen35-08b,4,eager,off,m4_qwen35-08b_eager_off,1,0,0,25204447.7,prepare input,579,0,579,580,43530.998,post process,580,1.0017,255.352,243.485,253.463,354.975,237.17,5055.92,148103.9,0.587,1347.0,20260915T010438Z,True
tdb_qwen35-08b_tp4_eager_mtp-off_m4_qwen35-08b_eager_off_20260915T010438Z_0,qwen35-08b,4,eager,off,m4_qwen35-08b_eager_off,1,0,0,25204447.7,prepare input,579,0,579,580,43530.998,prepare input,579,1.0,3016.152,3053.39,3100.528,3434.217,2647.04,3851.74,1746351.9,6.929,1347.0,20260915T010438Z,True
tdb_qwen35-08b_tp4_eager_mtp-off_m4_qwen35-08b_eager_off_20260915T010438Z_0,qwen35-08b,4,eager,off,m4_qwen35-08b_eager_off,1,0,0,25204447.7,prepare input,579,0,579,580,43530.998,sample_token,580,1.0017,111.101,109.36,112.786,150.08,102.53,203.15,64438.5,0.255,1347.0,20260915T010438Z,True
tdb_qwen35-08b_tp4_eager_mtp-off_m4_qwen35-08b_eager_off_20260915T010438Z_0,qwen35-08b,4,eager,off,m4_qwen35-08b_eager_off,1,0,1,25184758.3,prepare input,561,0,561,562,44892.617,async_state_update,562,1.0018,46.72,46.53,47.509,54.252,44.64,58.96,26256.7,0.104,316575348.0,20260915T010438Z,True
tdb_qwen35-08b_tp4_eager_mtp-off_m4_qwen35-08b_eager_off_20260915T010438Z_0,qwen35-08b,4,eager,off,m4_qwen35-08b_eager_off,1,0,1,25184758.3,prepare input,561,0,561,562,44892.617,draft_token,562,1.0018,2.506,2.5,2.65,2.794,2.18,3.15,1408.2,0.006,316575348.0,20260915T010438Z,True
tdb_qwen35-08b_tp4_eager_mtp-off_m4_qwen35-08b_eager_off_20260915T010438Z_0,qwen35-08b,4,eager,off,m4_qwen35-08b_eager_off,1,0,1,25184758.3,prepare input,561,0,561,562,44892.617,forward,562,1.0018,37297.06,37091.01,37522.137,42470.94,36255.35,43058.63,20960947.8,83.081,316575348.0,20260915T010438Z,True
tdb_qwen35-08b_tp4_eager_mtp-off_m4_qwen35-08b_eager_off_20260915T010438Z_0,qwen35-08b,4,eager,off,m4_qwen35-08b_eager_off,1,0,1,25184758.3,prepare input,561,0,561,562,44892.617,post process,562,1.0018,241.419,239.975,247.138,269.941,233.99,306.23,135677.7,0.538,316575348.0,20260915T010438Z,True
tdb_qwen35-08b_tp4_eager_mtp-off_m4_qwen35-08b_eager_off_20260915T010438Z_0,qwen35-08b,4,eager,off,m4_qwen35-08b_eager_off,1,0,1,25184758.3,prepare input,561,0,561,562,44892.617,prepare input,561,1.0,2839.152,2832.75,2860.1,2921.106,2671.64,6372.85,1592764.0,6.324,316575348.0,20260915T010438Z,True
tdb_qwen35-08b_tp4_eager_mtp-off_m4_qwen35-08b_eager_off_20260915T010438Z_0,qwen35-08b,4,eager,off,m4_qwen35-08b_eager_off,1,0,1,25184758.3,prepare input,561,0,561,562,44892.617,sample_token,562,1.0018,108.83,108.185,110.799,123.351,105.3,132.97,61162.5,0.242,316575348.0,20260915T010438Z,True
tdb_qwen35-08b_tp4_eager_mtp-off_m4_qwen35-08b_eager_off_20260915T010438Z_0,qwen35-08b,4,eager,off,m4_qwen35-08b_eager_off,1,0,2,25213936.4,prepare input,571,0,571,572,44157.507,async_state_update,572,1.0018,47.549,47.24,48.579,55.614,45.19,58.36,27197.8,0.108,635478119.0,20260915T010438Z,True
tdb_qwen35-08b_tp4_eager_mtp-off_m4_qwen35-08b_eager_off_20260915T010438Z_0,qwen35-08b,4,eager,off,m4_qwen35-08b_eager_off,1,0,2,25213936.4,prepare input,571,0,571,572,44157.507,draft_token,572,1.0018,2.604,2.61,2.74,2.86,2.29,3.12,1489.7,0.006,635478119.0,20260915T010438Z,True
tdb_qwen35-08b_tp4_eager_mtp-off_m4_qwen35-08b_eager_off_20260915T010438Z_0,qwen35-08b,4,eager,off,m4_qwen35-08b_eager_off,1,0,2,25213936.4,prepare input,571,0,571,572,44157.507,forward,572,1.0018,37360.292,37280.98,37511.902,42408.968,36029.76,43250.01,21370087.2,84.607,635478119.0,20260915T010438Z,True
tdb_qwen35-08b_tp4_eager_mtp-off_m4_qwen35-08b_eager_off_20260915T010438Z_0,qwen35-08b,4,eager,off,m4_qwen35-08b_eager_off,1,0,2,25213936.4,prepare input,571,0,571,572,44157.507,post process,572,1.0018,246.5,245.28,252.848,264.428,237.34,291.36,140998.2,0.558,635478119.0,20260915T010438Z,True
tdb_qwen35-08b_tp4_eager_mtp-off_m4_qwen35-08b_eager_off_20260915T010438Z_0,qwen35-08b,4,eager,off,m4_qwen35-08b_eager_off,1,0,2,25213936.4,prepare input,571,0,571,572,44157.507,prepare input,571,1.0,2733.934,2723.32,2750.05,2867.305,2646.62,4990.03,1561076.2,6.191,635478119.0,20260915T010438Z,True
tdb_qwen35-08b_tp4_eager_mtp-off_m4_qwen35-08b_eager_off_20260915T010438Z_0,qwen35-08b,4,eager,off,m4_qwen35-08b_eager_off,1,0,2,25213936.4,prepare input,571,0,571,572,44157.507,sample_token,572,1.0018,111.147,110.77,113.29,122.35,106.39,127.42,63576.1,0.252,635478119.0,20260915T010438Z,True
tdb_qwen35-08b_tp4_eager_mtp-off_m4_qwen35-08b_eager_off_20260915T010438Z_0,qwen35-08b,4,eager,off,m4_qwen35-08b_eager_off,1,0,3,25248755.1,prepare input,573,0,573,574,44064.145,async_state_update,574,1.0017,47.199,47.05,47.987,51.825,44.93,59.09,27092.3,0.107,952949292.0,20260915T010438Z,True
tdb_qwen35-08b_tp4_eager_mtp-off_m4_qwen35-08b_eager_off_20260915T010438Z_0,qwen35-08b,4,eager,off,m4_qwen35-08b_eager_off,1,0,3,25248755.1,prepare input,573,0,573,574,44064.145,draft_token,574,1.0017,2.603,2.59,2.747,2.863,2.27,9.5,1494.3,0.006,952949292.0,20260915T010438Z,True
tdb_qwen35-08b_tp4_eager_mtp-off_m4_qwen35-08b_eager_off_20260915T010438Z_0,qwen35-08b,4,eager,off,m4_qwen35-08b_eager_off,1,0,3,25248755.1,prepare input,573,0,573,574,44064.145,forward,574,1.0017,37365.165,37339.955,37782.093,43115.99,36062.32,43503.53,21447604.9,84.797,952949292.0,20260915T010438Z,True
tdb_qwen35-08b_tp4_eager_mtp-off_m4_qwen35-08b_eager_off_20260915T010438Z_0,qwen35-08b,4,eager,off,m4_qwen35-08b_eager_off,1,0,3,25248755.1,prepare input,573,0,573,574,44064.145,post process,574,1.0017,253.689,243.245,250.905,260.041,234.7,5664.06,145617.4,0.576,952949292.0,20260915T010438Z,True
tdb_qwen35-08b_tp4_eager_mtp-off_m4_qwen35-08b_eager_off_20260915T010438Z_0,qwen35-08b,4,eager,off,m4_qwen35-08b_eager_off,1,0,3,25248755.1,prepare input,573,0,573,574,44064.145,prepare input,573,1.0,2731.633,2717.04,2745.856,2862.579,2643.77,6364.47,1565225.5,6.199,952949292.0,20260915T010438Z,True
tdb_qwen35-08b_tp4_eager_mtp-off_m4_qwen35-08b_eager_off_20260915T010438Z_0,qwen35-08b,4,eager,off,m4_qwen35-08b_eager_off,1,0,3,25248755.1,prepare input,573,0,573,574,44064.145,sample_token,574,1.0017,109.585,109.29,111.527,122.13,104.89,125.77,62901.7,0.249,952949292.0,20260915T010438Z,True
tdb_qwen35-08b_tp4_eager_mtp-off_m4_qwen35-08b_eager_off_20260915T010438Z_0,qwen35-08b,4,eager,off,m4_qwen35-08b_eager_off,1,0,4,25233213.0,prepare input,576,0,576,577,43807.662,async_state_update,577,1.0017,46.966,46.81,47.978,51.902,44.85,59.99,27099.1,0.107,1265054669.0,20260915T010438Z,True
tdb_qwen35-08b_tp4_eager_mtp-off_m4_qwen35-08b_eager_off_20260915T010438Z_0,qwen35-08b,4,eager,off,m4_qwen35-08b_eager_off,1,0,4,25233213.0,prepare input,576,0,576,577,43807.662,draft_token,577,1.0017,2.617,2.58,2.734,2.94,2.26,14.0,1510.1,0.006,1265054669.0,20260915T010438Z,True
tdb_qwen35-08b_tp4_eager_mtp-off_m4_qwen35-08b_eager_off_20260915T010438Z_0,qwen35-08b,4,eager,off,m4_qwen35-08b_eager_off,1,0,4,25233213.0,prepare input,576,0,576,577,43807.662,forward,577,1.0017,37183.004,36980.48,37484.512,42834.354,36040.94,43807.91,21454593.6,84.878,1265054669.0,20260915T010438Z,True
tdb_qwen35-08b_tp4_eager_mtp-off_m4_qwen35-08b_eager_off_20260915T010438Z_0,qwen35-08b,4,eager,off,m4_qwen35-08b_eager_off,1,0,4,25233213.0,prepare input,576,0,576,577,43807.662,post process,577,1.0017,253.822,243.73,252.18,261.817,234.59,5282.46,146455.4,0.579,1265054669.0,20260915T010438Z,True
tdb_qwen35-08b_tp4_eager_mtp-off_m4_qwen35-08b_eager_off_20260915T010438Z_0,qwen35-08b,4,eager,off,m4_qwen35-08b_eager_off,1,0,4,25233213.0,prepare input,576,0,576,577,43807.662,prepare input,576,1.0,2743.689,2719.065,2756.485,2861.99,2650.89,8330.41,1580364.9,6.263,1265054669.0,20260915T010438Z,True
tdb_qwen35-08b_tp4_eager_mtp-off_m4_qwen35-08b_eager_off_20260915T010438Z_0,qwen35-08b,4,eager,off,m4_qwen35-08b_eager_off,1,0,4,25233213.0,prepare input,576,0,576,577,43807.662,sample_token,577,1.0017,108.471,107.88,111.378,120.337,103.6,124.38,62588.0,0.248,1265054669.0,20260915T010438Z,True
tdb_qwen35-08b_tp4_eager_mtp-off_m4_qwen35-08b_eager_off_20260915T010438Z_0,qwen35-08b,4,eager,off,m4_qwen35-08b_eager_off,2,0,0,25248026.6,prepare input,579,0,579,580,43606.264,async_state_update,580,1.0017,48.346,47.85,50.082,55.582,45.69,63.77,28040.5,0.111,1398.0,20260915T010438Z,True
tdb_qwen35-08b_tp4_eager_mtp-off_m4_qwen35-08b_eager_off_20260915T010438Z_0,qwen35-08b,4,eager,off,m4_qwen35-08b_eager_off,2,0,0,25248026.6,prepare input,579,0,579,580,43606.264,draft_token,580,1.0017,2.482,2.46,2.691,2.86,2.09,3.17,1439.8,0.006,1398.0,20260915T010438Z,True
tdb_qwen35-08b_tp4_eager_mtp-off_m4_qwen35-08b_eager_off_20260915T010438Z_0,qwen35-08b,4,eager,off,m4_qwen35-08b_eager_off,2,0,0,25248026.6,prepare input,579,0,579,580,43606.264,forward,580,1.0017,39557.207,39186.305,41006.532,44584.042,37909.86,46054.74,22943180.1,90.715,1398.0,20260915T010438Z,True
tdb_qwen35-08b_tp4_eager_mtp-off_m4_qwen35-08b_eager_off_20260915T010438Z_0,qwen35-08b,4,eager,off,m4_qwen35-08b_eager_off,2,0,0,25248026.6,prepare input,579,0,579,580,43606.264,post process,580,1.0017,256.697,254.52,268.583,284.768,243.42,317.56,148884.2,0.589,1398.0,20260915T010438Z,True
tdb_qwen35-08b_tp4_eager_mtp-off_m4_qwen35-08b_eager_off_20260915T010438Z_0,qwen35-08b,4,eager,off,m4_qwen35-08b_eager_off,2,0,0,25248026.6,prepare input,579,0,579,580,43606.264,prepare input,579,1.0,2802.322,2749.46,2895.006,2936.811,2684.69,7271.11,1622544.2,6.426,1398.0,20260915T010438Z,True
tdb_qwen35-08b_tp4_eager_mtp-off_m4_qwen35-08b_eager_off_20260915T010438Z_0,qwen35-08b,4,eager,off,m4_qwen35-08b_eager_off,2,0,0,25248026.6,prepare input,579,0,579,580,43606.264,sample_token,580,1.0017,115.298,114.1,120.12,130.814,107.85,137.94,66872.6,0.264,1398.0,20260915T010438Z,True
tdb_qwen35-08b_tp4_eager_mtp-off_m4_qwen35-08b_eager_off_20260915T010438Z_0,qwen35-08b,4,eager,off,m4_qwen35-08b_eager_off,2,0,1,25229155.5,prepare input,561,0,561,562,44971.757,async_state_update,562,1.0018,49.702,49.385,50.46,61.509,47.19,69.04,27932.5,0.111,316575377.0,20260915T010438Z,True
tdb_qwen35-08b_tp4_eager_mtp-off_m4_qwen35-08b_eager_off_20260915T010438Z_0,qwen35-08b,4,eager,off,m4_qwen35-08b_eager_off,2,0,1,25229155.5,prepare input,561,0,561,562,44971.757,draft_token,562,1.0018,2.729,2.7,2.86,3.038,2.34,12.43,1533.9,0.006,316575377.0,20260915T010438Z,True
tdb_qwen35-08b_tp4_eager_mtp-off_m4_qwen35-08b_eager_off_20260915T010438Z_0,qwen35-08b,4,eager,off,m4_qwen35-08b_eager_off,2,0,1,25229155.5,prepare input,561,0,561,562,44971.757,forward,562,1.0018,40728.153,40629.89,40938.029,46100.623,39560.07,47390.71,22889222.1,90.564,316575377.0,20260915T010438Z,True
tdb_qwen35-08b_tp4_eager_mtp-off_m4_qwen35-08b_eager_off_20260915T010438Z_0,qwen35-08b,4,eager,off,m4_qwen35-08b_eager_off,2,0,1,25229155.5,prepare input,561,0,561,562,44971.757,post process,562,1.0018,264.7,264.015,271.17,281.377,253.85,294.72,148761.5,0.589,316575377.0,20260915T010438Z,True
tdb_qwen35-08b_tp4_eager_mtp-off_m4_qwen35-08b_eager_off_20260915T010438Z_0,qwen35-08b,4,eager,off,m4_qwen35-08b_eager_off,2,0,1,25229155.5,prepare input,561,0,561,562,44971.757,prepare input,561,1.0,2918.673,2894.48,2930.5,3025.948,2817.63,7785.22,1637375.5,6.49,316575377.0,20260915T010438Z,True
tdb_qwen35-08b_tp4_eager_mtp-off_m4_qwen35-08b_eager_off_20260915T010438Z_0,qwen35-08b,4,eager,off,m4_qwen35-08b_eager_off,2,0,1,25229155.5,prepare input,561,0,561,562,44971.757,sample_token,562,1.0018,118.226,117.685,120.407,131.524,112.23,145.39,66443.0,0.263,316575377.0,20260915T010438Z,True
tdb_qwen35-08b_tp4_eager_mtp-off_m4_qwen35-08b_eager_off_20260915T010438Z_0,qwen35-08b,4,eager,off,m4_qwen35-08b_eager_off,2,0,2,25258705.0,prepare input,571,0,571,572,44235.911,async_state_update,572,1.0018,49.099,48.93,49.979,59.255,45.7,63.1,28084.8,0.111,635478131.0,20260915T010438Z,True
tdb_qwen35-08b_tp4_eager_mtp-off_m4_qwen35-08b_eager_off_20260915T010438Z_0,qwen35-08b,4,eager,off,m4_qwen35-08b_eager_off,2,0,2,25258705.0,prepare input,571,0,571,572,44235.911,draft_token,572,1.0018,2.567,2.555,2.739,2.913,2.15,8.29,1468.5,0.006,635478131.0,20260915T010438Z,True
tdb_qwen35-08b_tp4_eager_mtp-off_m4_qwen35-08b_eager_off_20260915T010438Z_0,qwen35-08b,4,eager,off,m4_qwen35-08b_eager_off,2,0,2,25258705.0,prepare input,571,0,571,572,44235.911,forward,572,1.0018,40077.642,40037.1,40373.658,45167.501,38276.02,45668.85,22924410.9,90.6,635478131.0,20260915T010438Z,True
tdb_qwen35-08b_tp4_eager_mtp-off_m4_qwen35-08b_eager_off_20260915T010438Z_0,qwen35-08b,4,eager,off,m4_qwen35-08b_eager_off,2,0,2,25258705.0,prepare input,571,0,571,572,44235.911,post process,572,1.0018,260.368,259.445,266.138,279.795,249.99,320.25,148930.6,0.589,635478131.0,20260915T010438Z,True
tdb_qwen35-08b_tp4_eager_mtp-off_m4_qwen35-08b_eager_off_20260915T010438Z_0,qwen35-08b,4,eager,off,m4_qwen35-08b_eager_off,2,0,2,25258705.0,prepare input,571,0,571,572,44235.911,prepare input,571,1.0,2865.181,2863.34,2905.14,2981.01,2788.47,3036.66,1636018.2,6.477,635478131.0,20260915T010438Z,True
tdb_qwen35-08b_tp4_eager_mtp-off_m4_qwen35-08b_eager_off_20260915T010438Z_0,qwen35-08b,4,eager,off,m4_qwen35-08b_eager_off,2,0,2,25258705.0,prepare input,571,0,571,572,44235.911,sample_token,572,1.0018,116.343,115.88,118.729,129.02,111.45,133.55,66548.2,0.263,635478131.0,20260915T010438Z,True
tdb_qwen35-08b_tp4_eager_mtp-off_m4_qwen35-08b_eager_off_20260915T010438Z_0,qwen35-08b,4,eager,off,m4_qwen35-08b_eager_off,2,0,3,25292252.6,prepare input,573,0,573,574,44140.057,async_state_update,574,1.0017,49.351,49.265,50.22,53.23,46.67,64.66,28327.6,0.112,952949317.0,20260915T010438Z,True
tdb_qwen35-08b_tp4_eager_mtp-off_m4_qwen35-08b_eager_off_20260915T010438Z_0,qwen35-08b,4,eager,off,m4_qwen35-08b_eager_off,2,0,3,25292252.6,prepare input,573,0,573,574,44140.057,draft_token,574,1.0017,2.539,2.53,2.727,2.873,2.14,3.1,1457.6,0.006,952949317.0,20260915T010438Z,True
tdb_qwen35-08b_tp4_eager_mtp-off_m4_qwen35-08b_eager_off_20260915T010438Z_0,qwen35-08b,4,eager,off,m4_qwen35-08b_eager_off,2,0,3,25292252.6,prepare input,573,0,573,574,44140.057,forward,574,1.0017,39972.693,39952.795,40454.74,45333.74,37955.33,46307.11,22944326.0,90.559,952949317.0,20260915T010438Z,True
tdb_qwen35-08b_tp4_eager_mtp-off_m4_qwen35-08b_eager_off_20260915T010438Z_0,qwen35-08b,4,eager,off,m4_qwen35-08b_eager_off,2,0,3,25292252.6,prepare input,573,0,573,574,44140.057,post process,574,1.0017,259.961,259.13,267.866,279.53,246.38,309.63,149217.7,0.589,952949317.0,20260915T010438Z,True
tdb_qwen35-08b_tp4_eager_mtp-off_m4_qwen35-08b_eager_off_20260915T010438Z_0,qwen35-08b,4,eager,off,m4_qwen35-08b_eager_off,2,0,3,25292252.6,prepare input,573,0,573,574,44140.057,prepare input,573,1.0,2877.801,2866.37,2902.036,2963.41,2751.89,6442.54,1648979.9,6.52,952949317.0,20260915T010438Z,True
tdb_qwen35-08b_tp4_eager_mtp-off_m4_qwen35-08b_eager_off_20260915T010438Z_0,qwen35-08b,4,eager,off,m4_qwen35-08b_eager_off,2,0,3,25292252.6,prepare input,573,0,573,574,44140.057,sample_token,574,1.0017,116.744,116.3,119.047,130.613,110.48,168.37,67011.1,0.264,952949317.0,20260915T010438Z,True
tdb_qwen35-08b_tp4_eager_mtp-off_m4_qwen35-08b_eager_off_20260915T010438Z_0,qwen35-08b,4,eager,off,m4_qwen35-08b_eager_off,2,0,4,25274701.6,prepare input,576,0,576,577,43879.69,async_state_update,577,1.0017,48.943,48.62,49.72,60.238,46.06,73.51,28240.2,0.112,1265054688.0,20260915T010438Z,True
tdb_qwen35-08b_tp4_eager_mtp-off_m4_qwen35-08b_eager_off_20260915T010438Z_0,qwen35-08b,4,eager,off,m4_qwen35-08b_eager_off,2,0,4,25274701.6,prepare input,576,0,576,577,43879.69,draft_token,577,1.0017,2.636,2.63,2.84,3.005,2.23,3.92,1520.9,0.006,1265054688.0,20260915T010438Z,True
tdb_qwen35-08b_tp4_eager_mtp-off_m4_qwen35-08b_eager_off_20260915T010438Z_0,qwen35-08b,4,eager,off,m4_qwen35-08b_eager_off,2,0,4,25274701.6,prepare input,576,0,576,577,43879.69,forward,577,1.0017,39701.028,39651.22,40104.948,45655.406,37423.59,48630.81,22907492.9,90.477,1265054688.0,20260915T010438Z,True
tdb_qwen35-08b_tp4_eager_mtp-off_m4_qwen35-08b_eager_off_20260915T010438Z_0,qwen35-08b,4,eager,off,m4_qwen35-08b_eager_off,2,0,4,25274701.6,prepare input,576,0,576,577,43879.69,post process,577,1.0017,259.596,259.89,265.874,275.818,235.79,360.37,149787.2,0.592,1265054688.0,20260915T010438Z,True
tdb_qwen35-08b_tp4_eager_mtp-off_m4_qwen35-08b_eager_off_20260915T010438Z_0,qwen35-08b,4,eager,off,m4_qwen35-08b_eager_off,2,0,4,25274701.6,prepare input,576,0,576,577,43879.69,prepare input,576,1.0,2857.555,2851.555,2887.97,2985.773,2725.13,5458.76,1645951.7,6.512,1265054688.0,20260915T010438Z,True
tdb_qwen35-08b_tp4_eager_mtp-off_m4_qwen35-08b_eager_off_20260915T010438Z_0,qwen35-08b,4,eager,off,m4_qwen35-08b_eager_off,2,0,4,25274701.6,prepare input,576,0,576,577,43879.69,sample_token,577,1.0017,115.596,115.23,117.922,131.073,109.67,154.59,66698.8,0.263,1265054688.0,20260915T010438Z,True
tdb_qwen35-08b_tp4_eager_mtp-off_m4_qwen35-08b_eager_off_20260915T010438Z_0,qwen35-08b,4,eager,off,m4_qwen35-08b_eager_off,3,0,0,25204233.1,prepare input,579,0,579,580,43530.627,async_state_update,580,1.0017,48.102,47.715,49.154,59.835,44.95,64.09,27899.2,0.111,1532.0,20260915T010438Z,True
tdb_qwen35-08b_tp4_eager_mtp-off_m4_qwen35-08b_eager_off_20260915T010438Z_0,qwen35-08b,4,eager,off,m4_qwen35-08b_eager_off,3,0,0,25204233.1,prepare input,579,0,579,580,43530.627,draft_token,580,1.0017,2.64,2.62,2.82,3.416,2.27,3.7,1531.2,0.006,1532.0,20260915T010438Z,True
tdb_qwen35-08b_tp4_eager_mtp-off_m4_qwen35-08b_eager_off_20260915T010438Z_0,qwen35-08b,4,eager,off,m4_qwen35-08b_eager_off,3,0,0,25204233.1,prepare input,579,0,579,580,43530.627,forward,580,1.0017,38175.273,38190.345,38484.986,43505.158,37131.07,44099.15,22141658.3,87.698,1532.0,20260915T010438Z,True
tdb_qwen35-08b_tp4_eager_mtp-off_m4_qwen35-08b_eager_off_20260915T010438Z_0,qwen35-08b,4,eager,off,m4_qwen35-08b_eager_off,3,0,0,25204233.1,prepare input,579,0,579,580,43530.627,post process,580,1.0017,249.997,245.955,264.411,297.81,236.25,315.59,144998.5,0.574,1532.0,20260915T010438Z,True
tdb_qwen35-08b_tp4_eager_mtp-off_m4_qwen35-08b_eager_off_20260915T010438Z_0,qwen35-08b,4,eager,off,m4_qwen35-08b_eager_off,3,0,0,25204233.1,prepare input,579,0,579,580,43530.627,prepare input,579,1.0,2905.233,2874.59,2952.396,3852.451,2745.25,7123.07,1682130.0,6.674,1532.0,20260915T010438Z,True
tdb_qwen35-08b_tp4_eager_mtp-off_m4_qwen35-08b_eager_off_20260915T010438Z_0,qwen35-08b,4,eager,off,m4_qwen35-08b_eager_off,3,0,0,25204233.1,prepare input,579,0,579,580,43530.627,sample_token,580,1.0017,113.691,112.365,119.148,130.654,108.52,162.46,65940.6,0.261,1532.0,20260915T010438Z,True
tdb_qwen35-08b_tp4_eager_mtp-off_m4_qwen35-08b_eager_off_20260915T010438Z_0,qwen35-08b,4,eager,off,m4_qwen35-08b_eager_off,3,0,1,25184749.5,prepare input,561,0,561,562,44892.602,async_state_update,562,1.0018,49.524,47.59,48.69,59.202,45.31,984.08,27832.6,0.11,316575359.0,20260915T010438Z,True
tdb_qwen35-08b_tp4_eager_mtp-off_m4_qwen35-08b_eager_off_20260915T010438Z_0,qwen35-08b,4,eager,off,m4_qwen35-08b_eager_off,3,0,1,25184749.5,prepare input,561,0,561,562,44892.602,draft_token,562,1.0018,2.526,2.53,2.68,2.83,2.14,2.91,1419.6,0.006,316575359.0,20260915T010438Z,True
tdb_qwen35-08b_tp4_eager_mtp-off_m4_qwen35-08b_eager_off_20260915T010438Z_0,qwen35-08b,4,eager,off,m4_qwen35-08b_eager_off,3,0,1,25184749.5,prepare input,561,0,561,562,44892.602,forward,562,1.0018,36755.333,36540.33,36981.787,42264.03,35152.32,43421.32,20656497.0,81.874,316575359.0,20260915T010438Z,True
tdb_qwen35-08b_tp4_eager_mtp-off_m4_qwen35-08b_eager_off_20260915T010438Z_0,qwen35-08b,4,eager,off,m4_qwen35-08b_eager_off,3,0,1,25184749.5,prepare input,561,0,561,562,44892.602,post process,562,1.0018,240.649,239.8,245.866,254.426,231.91,272.43,135244.9,0.536,316575359.0,20260915T010438Z,True
tdb_qwen35-08b_tp4_eager_mtp-off_m4_qwen35-08b_eager_off_20260915T010438Z_0,qwen35-08b,4,eager,off,m4_qwen35-08b_eager_off,3,0,1,25184749.5,prepare input,561,0,561,562,44892.602,prepare input,561,1.0,2789.191,2771.88,2797.38,2874.198,2692.61,6901.04,1564736.2,6.213,316575359.0,20260915T010438Z,True
tdb_qwen35-08b_tp4_eager_mtp-off_m4_qwen35-08b_eager_off_20260915T010438Z_0,qwen35-08b,4,eager,off,m4_qwen35-08b_eager_off,3,0,1,25184749.5,prepare input,561,0,561,562,44892.602,sample_token,562,1.0018,111.087,110.65,112.75,123.425,107.4,126.81,62430.8,0.247,316575359.0,20260915T010438Z,True
tdb_qwen35-08b_tp4_eager_mtp-off_m4_qwen35-08b_eager_off_20260915T010438Z_0,qwen35-08b,4,eager,off,m4_qwen35-08b_eager_off,3,0,2,25213932.4,prepare input,571,0,571,572,44157.5,async_state_update,572,1.0018,47.942,47.785,48.79,50.606,46.1,60.87,27423.0,0.109,635478119.0,20260915T010438Z,True
tdb_qwen35-08b_tp4_eager_mtp-off_m4_qwen35-08b_eager_off_20260915T010438Z_0,qwen35-08b,4,eager,off,m4_qwen35-08b_eager_off,3,0,2,25213932.4,prepare input,571,0,571,572,44157.5,draft_token,572,1.0018,2.66,2.66,2.839,2.98,2.3,3.16,1521.4,0.006,635478119.0,20260915T010438Z,True
tdb_qwen35-08b_tp4_eager_mtp-off_m4_qwen35-08b_eager_off_20260915T010438Z_0,qwen35-08b,4,eager,off,m4_qwen35-08b_eager_off,3,0,2,25213932.4,prepare input,571,0,571,572,44157.5,forward,572,1.0018,37741.992,37548.095,37965.167,43179.732,35061.69,43802.5,21588419.6,85.471,635478119.0,20260915T010438Z,True
tdb_qwen35-08b_tp4_eager_mtp-off_m4_qwen35-08b_eager_off_20260915T010438Z_0,qwen35-08b,4,eager,off,m4_qwen35-08b_eager_off,3,0,2,25213932.4,prepare input,571,0,571,572,44157.5,post process,572,1.0018,245.164,244.18,251.439,263.404,235.82,283.7,140233.6,0.555,635478119.0,20260915T010438Z,True
tdb_qwen35-08b_tp4_eager_mtp-off_m4_qwen35-08b_eager_off_20260915T010438Z_0,qwen35-08b,4,eager,off,m4_qwen35-08b_eager_off,3,0,2,25213932.4,prepare input,571,0,571,572,44157.5,prepare input,571,1.0,2830.915,2806.75,2830.76,3038.288,2731.52,7061.87,1616452.4,6.411,635478119.0,20260915T010438Z,True
tdb_qwen35-08b_tp4_eager_mtp-off_m4_qwen35-08b_eager_off_20260915T010438Z_0,qwen35-08b,4,eager,off,m4_qwen35-08b_eager_off,3,0,2,25213932.4,prepare input,571,0,571,572,44157.5,sample_token,572,1.0018,113.268,112.845,115.188,125.257,102.62,127.13,64789.1,0.257,635478119.0,20260915T010438Z,True
tdb_qwen35-08b_tp4_eager_mtp-off_m4_qwen35-08b_eager_off_20260915T010438Z_0,qwen35-08b,4,eager,off,m4_qwen35-08b_eager_off,3,0,3,25248747.4,prepare input,573,0,573,574,44064.132,async_state_update,574,1.0017,47.566,47.44,48.327,51.403,45.36,61.46,27302.7,0.108,952949299.0,20260915T010438Z,True
tdb_qwen35-08b_tp4_eager_mtp-off_m4_qwen35-08b_eager_off_20260915T010438Z_0,qwen35-08b,4,eager,off,m4_qwen35-08b_eager_off,3,0,3,25248747.4,prepare input,573,0,573,574,44064.132,draft_token,574,1.0017,2.572,2.56,2.74,2.868,2.28,3.0,1476.2,0.006,952949299.0,20260915T010438Z,True
tdb_qwen35-08b_tp4_eager_mtp-off_m4_qwen35-08b_eager_off_20260915T010438Z_0,qwen35-08b,4,eager,off,m4_qwen35-08b_eager_off,3,0,3,25248747.4,prepare input,573,0,573,574,44064.132,forward,574,1.0017,37119.651,36955.855,37538.347,42767.761,34965.96,44715.45,21306679.7,84.24,952949299.0,20260915T010438Z,True
tdb_qwen35-08b_tp4_eager_mtp-off_m4_qwen35-08b_eager_off_20260915T010438Z_0,qwen35-08b,4,eager,off,m4_qwen35-08b_eager_off,3,0,3,25248747.4,prepare input,573,0,573,574,44064.132,post process,574,1.0017,243.266,242.865,249.618,259.561,230.67,298.99,139634.4,0.552,952949299.0,20260915T010438Z,True
tdb_qwen35-08b_tp4_eager_mtp-off_m4_qwen35-08b_eager_off_20260915T010438Z_0,qwen35-08b,4,eager,off,m4_qwen35-08b_eager_off,3,0,3,25248747.4,prepare input,573,0,573,574,44064.132,prepare input,573,1.0,2792.733,2790.85,2813.316,2845.572,2722.73,4857.1,1600236.0,6.338,952949299.0,20260915T010438Z,True
tdb_qwen35-08b_tp4_eager_mtp-off_m4_qwen35-08b_eager_off_20260915T010438Z_0,qwen35-08b,4,eager,off,m4_qwen35-08b_eager_off,3,0,3,25248747.4,prepare input,573,0,573,574,44064.132,sample_token,574,1.0017,112.049,111.67,113.835,125.402,106.23,127.7,64316.1,0.254,952949299.0,20260915T010438Z,True
tdb_qwen35-08b_tp4_eager_mtp-off_m4_qwen35-08b_eager_off_20260915T010438Z_0,qwen35-08b,4,eager,off,m4_qwen35-08b_eager_off,3,0,4,25233197.3,prepare input,576,0,576,577,43807.634,async_state_update,577,1.0017,48.532,48.46,49.514,51.532,45.87,64.72,28002.9,0.111,1265054682.0,20260915T010438Z,True
tdb_qwen35-08b_tp4_eager_mtp-off_m4_qwen35-08b_eager_off_20260915T010438Z_0,qwen35-08b,4,eager,off,m4_qwen35-08b_eager_off,3,0,4,25233197.3,prepare input,576,0,576,577,43807.634,draft_token,577,1.0017,2.585,2.58,2.74,2.89,2.23,3.0,1491.7,0.006,1265054682.0,20260915T010438Z,True
tdb_qwen35-08b_tp4_eager_mtp-off_m4_qwen35-08b_eager_off_20260915T010438Z_0,qwen35-08b,4,eager,off,m4_qwen35-08b_eager_off,3,0,4,25233197.3,prepare input,576,0,576,577,43807.634,forward,577,1.0017,38560.279,38886.22,39431.376,44485.485,34903.48,45405.74,22249280.7,88.022,1265054682.0,20260915T010438Z,True
tdb_qwen35-08b_tp4_eager_mtp-off_m4_qwen35-08b_eager_off_20260915T010438Z_0,qwen35-08b,4,eager,off,m4_qwen35-08b_eager_off,3,0,4,25233197.3,prepare input,576,0,576,577,43807.634,post process,577,1.0017,251.793,253.15,259.652,270.894,227.47,297.33,145284.8,0.575,1265054682.0,20260915T010438Z,True
tdb_qwen35-08b_tp4_eager_mtp-off_m4_qwen35-08b_eager_off_20260915T010438Z_0,qwen35-08b,4,eager,off,m4_qwen35-08b_eager_off,3,0,4,25233197.3,prepare input,576,0,576,577,43807.634,prepare input,576,1.0,2852.057,2859.505,2882.16,2932.692,2707.34,5963.82,1642785.0,6.51,1265054682.0,20260915T010438Z,True
tdb_qwen35-08b_tp4_eager_mtp-off_m4_qwen35-08b_eager_off_20260915T010438Z_0,qwen35-08b,4,eager,off,m4_qwen35-08b_eager_off,3,0,4,25233197.3,prepare input,576,0,576,577,43807.634,sample_token,577,1.0017,114.611,115.03,117.188,126.471,105.32,134.04,66130.8,0.262,1265054682.0,20260915T010438Z,True
tdb_qwen35-08b_tp4_graph_mtp-off_m4_qwen35-08b_graph_off_20260915T005705Z_0,qwen35-08b,4,graph,off,m4_qwen35-08b_graph_off,0,0,0,25197197.6,prepare input,4661,0,4661,4662,5405.964,async_state_update,4662,1.0002,45.959,45.46,48.38,55.844,42.69,136.57,214262.2,0.85,1215.0,20260915T005705Z,True
tdb_qwen35-08b_tp4_graph_mtp-off_m4_qwen35-08b_graph_off_20260915T005705Z_0,qwen35-08b,4,graph,off,m4_qwen35-08b_graph_off,0,0,0,25197197.6,prepare input,4661,0,4661,4662,5405.964,draft_token,4662,1.0002,2.478,2.46,2.66,2.88,2.04,12.99,11551.7,0.046,1215.0,20260915T005705Z,True
tdb_qwen35-08b_tp4_graph_mtp-off_m4_qwen35-08b_graph_off_20260915T005705Z_0,qwen35-08b,4,graph,off,m4_qwen35-08b_graph_off,0,0,0,25197197.6,prepare input,4661,0,4661,4662,5405.964,forward,4662,1.0002,1090.305,1003.405,1324.648,1654.852,900.31,5891.08,5083001.1,20.169,1215.0,20260915T005705Z,True
tdb_qwen35-08b_tp4_graph_mtp-off_m4_qwen35-08b_graph_off_20260915T005705Z_0,qwen35-08b,4,graph,off,m4_qwen35-08b_graph_off,0,0,0,25197197.6,prepare input,4661,0,4661,4662,5405.964,post process,4662,1.0002,272.765,273.29,291.53,307.485,243.45,1178.29,1271632.2,5.046,1215.0,20260915T005705Z,True
tdb_qwen35-08b_tp4_graph_mtp-off_m4_qwen35-08b_graph_off_20260915T005705Z_0,qwen35-08b,4,graph,off,m4_qwen35-08b_graph_off,0,0,0,25197197.6,prepare input,4661,0,4661,4662,5405.964,prepare input,4661,1.0,3085.548,3099.16,3223.29,3393.336,2850.75,5673.7,14381739.7,57.077,1215.0,20260915T005705Z,True
tdb_qwen35-08b_tp4_graph_mtp-off_m4_qwen35-08b_graph_off_20260915T005705Z_0,qwen35-08b,4,graph,off,m4_qwen35-08b_graph_off,0,0,0,25197197.6,prepare input,4661,0,4661,4662,5405.964,sample_token,4662,1.0002,175.408,174.85,182.38,213.473,159.2,289.14,817752.7,3.245,1215.0,20260915T005705Z,True
tdb_qwen35-08b_tp4_graph_mtp-off_m4_qwen35-08b_graph_off_20260915T005705Z_0,qwen35-08b,4,graph,off,m4_qwen35-08b_graph_off,0,0,1,25214486.8,prepare input,4737,0,4737,4738,5322.881,async_state_update,4738,1.0002,46.972,46.69,49.01,51.2,43.71,65.76,222553.2,0.882,37848726.0,20260915T005705Z,True
tdb_qwen35-08b_tp4_graph_mtp-off_m4_qwen35-08b_graph_off_20260915T005705Z_0,qwen35-08b,4,graph,off,m4_qwen35-08b_graph_off,0,0,1,25214486.8,prepare input,4737,0,4737,4738,5322.881,draft_token,4738,1.0002,2.628,2.61,2.83,2.986,2.15,15.3,12453.2,0.049,37848726.0,20260915T005705Z,True
tdb_qwen35-08b_tp4_graph_mtp-off_m4_qwen35-08b_graph_off_20260915T005705Z_0,qwen35-08b,4,graph,off,m4_qwen35-08b_graph_off,0,0,1,25214486.8,prepare input,4737,0,4737,4738,5322.881,forward,4738,1.0002,955.176,916.555,1053.673,1135.461,885.86,4190.2,4525624.0,17.945,37848726.0,20260915T005705Z,True
tdb_qwen35-08b_tp4_graph_mtp-off_m4_qwen35-08b_graph_off_20260915T005705Z_0,qwen35-08b,4,graph,off,m4_qwen35-08b_graph_off,0,0,1,25214486.8,prepare input,4737,0,4737,4738,5322.881,post process,4738,1.0002,277.041,274.235,291.81,305.0,256.15,1724.37,1312621.8,5.205,37848726.0,20260915T005705Z,True
tdb_qwen35-08b_tp4_graph_mtp-off_m4_qwen35-08b_graph_off_20260915T005705Z_0,qwen35-08b,4,graph,off,m4_qwen35-08b_graph_off,0,0,1,25214486.8,prepare input,4737,0,4737,4738,5322.881,prepare input,4737,1.0,3118.687,3075.53,3221.088,3254.16,2974.2,4776.27,14773220.2,58.59,37848726.0,20260915T005705Z,True
tdb_qwen35-08b_tp4_graph_mtp-off_m4_qwen35-08b_graph_off_20260915T005705Z_0,qwen35-08b,4,graph,off,m4_qwen35-08b_graph_off,0,0,1,25214486.8,prepare input,4737,0,4737,4738,5322.881,sample_token,4738,1.0002,171.533,172.51,180.21,189.026,157.58,222.25,812721.0,3.223,37848726.0,20260915T005705Z,True
tdb_qwen35-08b_tp4_graph_mtp-off_m4_qwen35-08b_graph_off_20260915T005705Z_0,qwen35-08b,4,graph,off,m4_qwen35-08b_graph_off,0,0,2,25221641.6,prepare input,4765,0,4765,4766,5293.104,async_state_update,4766,1.0002,47.118,46.82,48.42,57.304,44.33,123.25,224566.1,0.89,75308774.0,20260915T005705Z,True
tdb_qwen35-08b_tp4_graph_mtp-off_m4_qwen35-08b_graph_off_20260915T005705Z_0,qwen35-08b,4,graph,off,m4_qwen35-08b_graph_off,0,0,2,25221641.6,prepare input,4765,0,4765,4766,5293.104,draft_token,4766,1.0002,2.629,2.61,2.8,2.95,2.16,20.31,12532.0,0.05,75308774.0,20260915T005705Z,True
tdb_qwen35-08b_tp4_graph_mtp-off_m4_qwen35-08b_graph_off_20260915T005705Z_0,qwen35-08b,4,graph,off,m4_qwen35-08b_graph_off,0,0,2,25221641.6,prepare input,4765,0,4765,4766,5293.104,forward,4766,1.0002,919.842,910.395,927.445,1052.966,869.01,4194.95,4383965.9,17.378,75308774.0,20260915T005705Z,True
tdb_qwen35-08b_tp4_graph_mtp-off_m4_qwen35-08b_graph_off_20260915T005705Z_0,qwen35-08b,4,graph,off,m4_qwen35-08b_graph_off,0,0,2,25221641.6,prepare input,4765,0,4765,4766,5293.104,post process,4766,1.0002,278.511,278.03,285.01,298.021,266.65,389.53,1327385.7,5.262,75308774.0,20260915T005705Z,True
tdb_qwen35-08b_tp4_graph_mtp-off_m4_qwen35-08b_graph_off_20260915T005705Z_0,qwen35-08b,4,graph,off,m4_qwen35-08b_graph_off,0,0,2,25221641.6,prepare input,4765,0,4765,4766,5293.104,prepare input,4765,1.0,3128.914,3123.0,3170.958,3200.351,3032.21,4625.43,14909276.3,59.113,75308774.0,20260915T005705Z,True
tdb_qwen35-08b_tp4_graph_mtp-off_m4_qwen35-08b_graph_off_20260915T005705Z_0,qwen35-08b,4,graph,off,m4_qwen35-08b_graph_off,0,0,2,25221641.6,prepare input,4765,0,4765,4766,5293.104,sample_token,4766,1.0002,167.873,166.96,172.21,183.744,158.82,262.77,800081.2,3.172,75308774.0,20260915T005705Z,True
tdb_qwen35-08b_tp4_graph_mtp-off_m4_qwen35-08b_graph_off_20260915T005705Z_0,qwen35-08b,4,graph,off,m4_qwen35-08b_graph_off,0,0,3,25205598.1,prepare input,4745,0,4745,4746,5312.033,async_state_update,4746,1.0002,46.861,46.89,48.99,52.917,42.47,69.15,222401.2,0.882,112626038.0,20260915T005705Z,True
tdb_qwen35-08b_tp4_graph_mtp-off_m4_qwen35-08b_graph_off_20260915T005705Z_0,qwen35-08b,4,graph,off,m4_qwen35-08b_graph_off,0,0,3,25205598.1,prepare input,4745,0,4745,4746,5312.033,draft_token,4746,1.0002,2.592,2.6,2.85,3.02,2.01,18.49,12302.3,0.049,112626038.0,20260915T005705Z,True
tdb_qwen35-08b_tp4_graph_mtp-off_m4_qwen35-08b_graph_off_20260915T005705Z_0,qwen35-08b,4,graph,off,m4_qwen35-08b_graph_off,0,0,3,25205598.1,prepare input,4745,0,4745,4746,5312.033,forward,4746,1.0002,963.487,927.205,1079.49,1221.787,862.75,4213.51,4572708.2,18.138,112626038.0,20260915T005705Z,True
tdb_qwen35-08b_tp4_graph_mtp-off_m4_qwen35-08b_graph_off_20260915T005705Z_0,qwen35-08b,4,graph,off,m4_qwen35-08b_graph_off,0,0,3,25205598.1,prepare input,4745,0,4745,4746,5312.033,post process,4746,1.0002,274.164,278.68,291.25,303.953,231.12,1566.62,1301184.6,5.161,112626038.0,20260915T005705Z,True
tdb_qwen35-08b_tp4_graph_mtp-off_m4_qwen35-08b_graph_off_20260915T005705Z_0,qwen35-08b,4,graph,off,m4_qwen35-08b_graph_off,0,0,3,25205598.1,prepare input,4745,0,4745,4746,5312.033,prepare input,4745,1.0,3111.319,3130.06,3211.254,3246.872,2867.01,4494.47,14763207.8,58.571,112626038.0,20260915T005705Z,True
tdb_qwen35-08b_tp4_graph_mtp-off_m4_qwen35-08b_graph_off_20260915T005705Z_0,qwen35-08b,4,graph,off,m4_qwen35-08b_graph_off,0,0,3,25205598.1,prepare input,4745,0,4745,4746,5312.033,sample_token,4746,1.0002,167.24,167.36,174.28,184.369,150.93,495.33,793720.7,3.148,112626038.0,20260915T005705Z,True
tdb_qwen35-08b_tp4_graph_mtp-off_m4_qwen35-08b_graph_off_20260915T005705Z_0,qwen35-08b,4,graph,off,m4_qwen35-08b_graph_off,0,0,4,25160616.4,prepare input,4716,0,4716,4717,5335.16,async_state_update,4717,1.0002,47.342,47.62,48.89,58.563,43.93,68.0,223310.6,0.887,149828754.0,20260915T005705Z,True
tdb_qwen35-08b_tp4_graph_mtp-off_m4_qwen35-08b_graph_off_20260915T005705Z_0,qwen35-08b,4,graph,off,m4_qwen35-08b_graph_off,0,0,4,25160616.4,prepare input,4716,0,4716,4717,5335.16,draft_token,4717,1.0002,2.67,2.66,2.88,3.038,2.08,21.25,12596.7,0.05,149828754.0,20260915T005705Z,True
tdb_qwen35-08b_tp4_graph_mtp-off_m4_qwen35-08b_graph_off_20260915T005705Z_0,qwen35-08b,4,graph,off,m4_qwen35-08b_graph_off,0,0,4,25160616.4,prepare input,4716,0,4716,4717,5335.16,forward,4717,1.0002,949.778,925.01,993.898,1340.778,863.9,4865.84,4480103.5,17.802,149828754.0,20260915T005705Z,True
tdb_qwen35-08b_tp4_graph_mtp-off_m4_qwen35-08b_graph_off_20260915T005705Z_0,qwen35-08b,4,graph,off,m4_qwen35-08b_graph_off,0,0,4,25160616.4,prepare input,4716,0,4716,4717,5335.16,post process,4717,1.0002,276.903,283.7,289.89,303.864,250.45,481.95,1306153.0,5.19,149828754.0,20260915T005705Z,True
tdb_qwen35-08b_tp4_graph_mtp-off_m4_qwen35-08b_graph_off_20260915T005705Z_0,qwen35-08b,4,graph,off,m4_qwen35-08b_graph_off,0,0,4,25160616.4,prepare input,4716,0,4716,4717,5335.16,prepare input,4716,1.0,3135.88,3171.35,3206.38,3243.0,2988.99,5460.6,14788809.6,58.778,149828754.0,20260915T005705Z,True
tdb_qwen35-08b_tp4_graph_mtp-off_m4_qwen35-08b_graph_off_20260915T005705Z_0,qwen35-08b,4,graph,off,m4_qwen35-08b_graph_off,0,0,4,25160616.4,prepare input,4716,0,4716,4717,5335.16,sample_token,4717,1.0002,169.626,172.02,175.384,186.595,151.3,221.12,800127.6,3.179,149828754.0,20260915T005705Z,True
tdb_qwen35-08b_tp4_graph_mtp-off_m4_qwen35-08b_graph_off_20260915T005705Z_0,qwen35-08b,4,graph,off,m4_qwen35-08b_graph_off,1,0,0,25196939.1,prepare input,4661,0,4661,4662,5405.908,async_state_update,4662,1.0002,45.664,45.25,47.109,56.687,43.04,193.82,212887.2,0.845,1251.0,20260915T005705Z,True
tdb_qwen35-08b_tp4_graph_mtp-off_m4_qwen35-08b_graph_off_20260915T005705Z_0,qwen35-08b,4,graph,off,m4_qwen35-08b_graph_off,1,0,0,25196939.1,prepare input,4661,0,4661,4662,5405.908,draft_token,4662,1.0002,2.455,2.45,2.64,2.83,1.95,3.73,11444.8,0.045,1251.0,20260915T005705Z,True
tdb_qwen35-08b_tp4_graph_mtp-off_m4_qwen35-08b_graph_off_20260915T005705Z_0,qwen35-08b,4,graph,off,m4_qwen35-08b_graph_off,1,0,0,25196939.1,prepare input,4661,0,4661,4662,5405.908,forward,4662,1.0002,1200.111,1217.525,1370.89,1594.207,895.53,6565.63,5594917.3,22.2,1251.0,20260915T005705Z,True
tdb_qwen35-08b_tp4_graph_mtp-off_m4_qwen35-08b_graph_off_20260915T005705Z_0,qwen35-08b,4,graph,off,m4_qwen35-08b_graph_off,1,0,0,25196939.1,prepare input,4661,0,4661,4662,5405.908,post process,4662,1.0002,268.856,271.155,287.219,301.821,236.89,1659.77,1253405.9,4.973,1251.0,20260915T005705Z,True
tdb_qwen35-08b_tp4_graph_mtp-off_m4_qwen35-08b_graph_off_20260915T005705Z_0,qwen35-08b,4,graph,off,m4_qwen35-08b_graph_off,1,0,0,25196939.1,prepare input,4661,0,4661,4662,5405.908,prepare input,4661,1.0,3048.073,3053.04,3243.83,3425.458,2782.22,5824.13,14207070.6,56.384,1251.0,20260915T005705Z,True
tdb_qwen35-08b_tp4_graph_mtp-off_m4_qwen35-08b_graph_off_20260915T005705Z_0,qwen35-08b,4,graph,off,m4_qwen35-08b_graph_off,1,0,0,25196939.1,prepare input,4661,0,4661,4662,5405.908,sample_token,4662,1.0002,112.109,111.82,117.51,128.379,103.16,156.03,522653.3,2.074,1251.0,20260915T005705Z,True
tdb_qwen35-08b_tp4_graph_mtp-off_m4_qwen35-08b_graph_off_20260915T005705Z_0,qwen35-08b,4,graph,off,m4_qwen35-08b_graph_off,1,0,1,25214330.4,prepare input,4737,0,4737,4738,5322.848,async_state_update,4738,1.0002,46.294,46.0,47.59,55.675,43.66,66.27,219340.5,0.87,37848708.0,20260915T005705Z,True
tdb_qwen35-08b_tp4_graph_mtp-off_m4_qwen35-08b_graph_off_20260915T005705Z_0,qwen35-08b,4,graph,off,m4_qwen35-08b_graph_off,1,0,1,25214330.4,prepare input,4737,0,4737,4738,5322.848,draft_token,4738,1.0002,2.487,2.48,2.66,2.83,2.0,14.46,11784.2,0.047,37848708.0,20260915T005705Z,True
tdb_qwen35-08b_tp4_graph_mtp-off_m4_qwen35-08b_graph_off_20260915T005705Z_0,qwen35-08b,4,graph,off,m4_qwen35-08b_graph_off,1,0,1,25214330.4,prepare input,4737,0,4737,4738,5322.848,forward,4738,1.0002,1078.695,1043.49,1254.961,1383.995,884.05,4630.27,5110855.0,20.265,37848708.0,20260915T005705Z,True
tdb_qwen35-08b_tp4_graph_mtp-off_m4_qwen35-08b_graph_off_20260915T005705Z_0,qwen35-08b,4,graph,off,m4_qwen35-08b_graph_off,1,0,1,25214330.4,prepare input,4737,0,4737,4738,5322.848,post process,4738,1.0002,280.432,275.86,293.02,306.492,262.26,1873.13,1328688.8,5.268,37848708.0,20260915T005705Z,True
tdb_qwen35-08b_tp4_graph_mtp-off_m4_qwen35-08b_graph_off_20260915T005705Z_0,qwen35-08b,4,graph,off,m4_qwen35-08b_graph_off,1,0,1,25214330.4,prepare input,4737,0,4737,4738,5322.848,prepare input,4737,1.0,3058.601,3028.67,3142.472,3179.277,2951.09,4369.87,14488591.8,57.462,37848708.0,20260915T005705Z,True
tdb_qwen35-08b_tp4_graph_mtp-off_m4_qwen35-08b_graph_off_20260915T005705Z_0,qwen35-08b,4,graph,off,m4_qwen35-08b_graph_off,1,0,1,25214330.4,prepare input,4737,0,4737,4738,5322.848,sample_token,4738,1.0002,115.413,114.47,119.68,130.826,107.48,170.14,546826.0,2.168,37848708.0,20260915T005705Z,True
tdb_qwen35-08b_tp4_graph_mtp-off_m4_qwen35-08b_graph_off_20260915T005705Z_0,qwen35-08b,4,graph,off,m4_qwen35-08b_graph_off,1,0,2,25221405.8,prepare input,4765,0,4765,4766,5293.055,async_state_update,4766,1.0002,46.736,46.5,47.52,58.657,44.03,64.85,222742.0,0.883,75308771.0,20260915T005705Z,True
tdb_qwen35-08b_tp4_graph_mtp-off_m4_qwen35-08b_graph_off_20260915T005705Z_0,qwen35-08b,4,graph,off,m4_qwen35-08b_graph_off,1,0,2,25221405.8,prepare input,4765,0,4765,4766,5293.055,draft_token,4766,1.0002,2.469,2.45,2.61,2.75,2.01,15.69,11765.3,0.047,75308771.0,20260915T005705Z,True
tdb_qwen35-08b_tp4_graph_mtp-off_m4_qwen35-08b_graph_off_20260915T005705Z_0,qwen35-08b,4,graph,off,m4_qwen35-08b_graph_off,1,0,2,25221405.8,prepare input,4765,0,4765,4766,5293.055,forward,4766,1.0002,1048.092,1045.165,1096.79,1385.922,892.22,4469.2,4995208.6,19.801,75308771.0,20260915T005705Z,True
tdb_qwen35-08b_tp4_graph_mtp-off_m4_qwen35-08b_graph_off_20260915T005705Z_0,qwen35-08b,4,graph,off,m4_qwen35-08b_graph_off,1,0,2,25221405.8,prepare input,4765,0,4765,4766,5293.055,post process,4766,1.0002,278.85,276.825,286.12,298.57,265.42,2463.93,1328999.0,5.268,75308771.0,20260915T005705Z,True
tdb_qwen35-08b_tp4_graph_mtp-off_m4_qwen35-08b_graph_off_20260915T005705Z_0,qwen35-08b,4,graph,off,m4_qwen35-08b_graph_off,1,0,2,25221405.8,prepare input,4765,0,4765,4766,5293.055,prepare input,4765,1.0,3056.291,3052.37,3090.63,3124.397,2985.34,4702.99,14563224.7,57.742,75308771.0,20260915T005705Z,True
tdb_qwen35-08b_tp4_graph_mtp-off_m4_qwen35-08b_graph_off_20260915T005705Z_0,qwen35-08b,4,graph,off,m4_qwen35-08b_graph_off,1,0,2,25221405.8,prepare input,4765,0,4765,4766,5293.055,sample_token,4766,1.0002,115.302,114.745,117.36,130.304,110.06,144.82,549528.7,2.178,75308771.0,20260915T005705Z,True
tdb_qwen35-08b_tp4_graph_mtp-off_m4_qwen35-08b_graph_off_20260915T005705Z_0,qwen35-08b,4,graph,off,m4_qwen35-08b_graph_off,1,0,3,25205812.6,prepare input,4745,0,4745,4746,5312.079,async_state_update,4746,1.0002,46.188,45.85,47.26,58.599,43.93,93.93,219209.2,0.869,112626025.0,20260915T005705Z,True
tdb_qwen35-08b_tp4_graph_mtp-off_m4_qwen35-08b_graph_off_20260915T005705Z_0,qwen35-08b,4,graph,off,m4_qwen35-08b_graph_off,1,0,3,25205812.6,prepare input,4745,0,4745,4746,5312.079,draft_token,4746,1.0002,2.434,2.43,2.61,2.76,2.01,14.26,11552.8,0.046,112626025.0,20260915T005705Z,True
tdb_qwen35-08b_tp4_graph_mtp-off_m4_qwen35-08b_graph_off_20260915T005705Z_0,qwen35-08b,4,graph,off,m4_qwen35-08b_graph_off,1,0,3,25205812.6,prepare input,4745,0,4745,4746,5312.079,forward,4746,1.0002,1105.965,1107.055,1261.435,1514.97,890.2,4681.19,5248911.3,20.82,112626025.0,20260915T005705Z,True
tdb_qwen35-08b_tp4_graph_mtp-off_m4_qwen35-08b_graph_off_20260915T005705Z_0,qwen35-08b,4,graph,off,m4_qwen35-08b_graph_off,1,0,3,25205812.6,prepare input,4745,0,4745,4746,5312.079,post process,4746,1.0002,277.112,273.12,291.09,304.505,264.02,1502.28,1315175.2,5.217,112626025.0,20260915T005705Z,True
tdb_qwen35-08b_tp4_graph_mtp-off_m4_qwen35-08b_graph_off_20260915T005705Z_0,qwen35-08b,4,graph,off,m4_qwen35-08b_graph_off,1,0,3,25205812.6,prepare input,4745,0,4745,4746,5312.079,prepare input,4745,1.0,3028.472,3011.79,3119.922,3169.007,2953.6,4277.43,14370100.0,57.011,112626025.0,20260915T005705Z,True
tdb_qwen35-08b_tp4_graph_mtp-off_m4_qwen35-08b_graph_off_20260915T005705Z_0,qwen35-08b,4,graph,off,m4_qwen35-08b_graph_off,1,0,3,25205812.6,prepare input,4745,0,4745,4746,5312.079,sample_token,4746,1.0002,113.996,113.025,118.105,128.693,108.21,191.15,541023.4,2.146,112626025.0,20260915T005705Z,True
tdb_qwen35-08b_tp4_graph_mtp-off_m4_qwen35-08b_graph_off_20260915T005705Z_0,qwen35-08b,4,graph,off,m4_qwen35-08b_graph_off,1,0,4,25160711.2,prepare input,4716,0,4716,4717,5335.18,async_state_update,4717,1.0002,46.676,46.45,47.41,58.17,44.17,68.35,220169.2,0.875,149828764.0,20260915T005705Z,True
tdb_qwen35-08b_tp4_graph_mtp-off_m4_qwen35-08b_graph_off_20260915T005705Z_0,qwen35-08b,4,graph,off,m4_qwen35-08b_graph_off,1,0,4,25160711.2,prepare input,4716,0,4716,4717,5335.18,draft_token,4717,1.0002,2.511,2.51,2.66,2.81,2.06,16.29,11842.6,0.047,149828764.0,20260915T005705Z,True
tdb_qwen35-08b_tp4_graph_mtp-off_m4_qwen35-08b_graph_off_20260915T005705Z_0,qwen35-08b,4,graph,off,m4_qwen35-08b_graph_off,1,0,4,25160711.2,prepare input,4716,0,4716,4717,5335.18,forward,4717,1.0002,1058.041,1096.03,1159.82,1450.642,887.07,5235.58,4990780.7,19.831,149828764.0,20260915T005705Z,True
tdb_qwen35-08b_tp4_graph_mtp-off_m4_qwen35-08b_graph_off_20260915T005705Z_0,qwen35-08b,4,graph,off,m4_qwen35-08b_graph_off,1,0,4,25160711.2,prepare input,4716,0,4716,4717,5335.18,post process,4717,1.0002,282.706,281.47,289.978,300.9,271.11,630.62,1333524.6,5.299,149828764.0,20260915T005705Z,True
tdb_qwen35-08b_tp4_graph_mtp-off_m4_qwen35-08b_graph_off_20260915T005705Z_0,qwen35-08b,4,graph,off,m4_qwen35-08b_graph_off,1,0,4,25160711.2,prepare input,4716,0,4716,4717,5335.18,prepare input,4716,1.0,3078.481,3073.345,3110.285,3147.914,3000.02,5983.56,14518116.6,57.702,149828764.0,20260915T005705Z,True
tdb_qwen35-08b_tp4_graph_mtp-off_m4_qwen35-08b_graph_off_20260915T005705Z_0,qwen35-08b,4,graph,off,m4_qwen35-08b_graph_off,1,0,4,25160711.2,prepare input,4716,0,4716,4717,5335.18,sample_token,4717,1.0002,114.938,114.44,117.01,130.034,110.08,158.21,542160.8,2.154,149828764.0,20260915T005705Z,True
tdb_qwen35-08b_tp4_graph_mtp-off_m4_qwen35-08b_graph_off_20260915T005705Z_0,qwen35-08b,4,graph,off,m4_qwen35-08b_graph_off,2,0,0,25196963.0,prepare input,4661,0,4661,4662,5405.914,async_state_update,4662,1.0002,46.005,45.71,46.82,58.973,43.65,158.19,214476.2,0.851,1228.0,20260915T005705Z,True
tdb_qwen35-08b_tp4_graph_mtp-off_m4_qwen35-08b_graph_off_20260915T005705Z_0,qwen35-08b,4,graph,off,m4_qwen35-08b_graph_off,2,0,0,25196963.0,prepare input,4661,0,4661,4662,5405.914,draft_token,4662,1.0002,2.328,2.32,2.46,2.59,1.97,3.16,10851.2,0.043,1228.0,20260915T005705Z,True
tdb_qwen35-08b_tp4_graph_mtp-off_m4_qwen35-08b_graph_off_20260915T005705Z_0,qwen35-08b,4,graph,off,m4_qwen35-08b_graph_off,2,0,0,25196963.0,prepare input,4661,0,4661,4662,5405.914,forward,4662,1.0002,1170.468,1120.81,1343.7,1740.826,898.04,6329.82,5456720.9,21.652,1228.0,20260915T005705Z,True
tdb_qwen35-08b_tp4_graph_mtp-off_m4_qwen35-08b_graph_off_20260915T005705Z_0,qwen35-08b,4,graph,off,m4_qwen35-08b_graph_off,2,0,0,25196963.0,prepare input,4661,0,4661,4662,5405.914,post process,4662,1.0002,272.789,271.45,280.439,293.844,256.96,1536.87,1271740.3,5.046,1228.0,20260915T005705Z,True
tdb_qwen35-08b_tp4_graph_mtp-off_m4_qwen35-08b_graph_off_20260915T005705Z_0,qwen35-08b,4,graph,off,m4_qwen35-08b_graph_off,2,0,0,25196963.0,prepare input,4661,0,4661,4662,5405.914,prepare input,4661,1.0,3088.319,3080.81,3137.41,3187.772,2956.11,6357.42,14394652.6,57.129,1228.0,20260915T005705Z,True
tdb_qwen35-08b_tp4_graph_mtp-off_m4_qwen35-08b_graph_off_20260915T005705Z_0,qwen35-08b,4,graph,off,m4_qwen35-08b_graph_off,2,0,0,25196963.0,prepare input,4661,0,4661,4662,5405.914,sample_token,4662,1.0002,114.03,113.58,116.49,129.848,106.72,180.88,531608.8,2.109,1228.0,20260915T005705Z,True
tdb_qwen35-08b_tp4_graph_mtp-off_m4_qwen35-08b_graph_off_20260915T005705Z_0,qwen35-08b,4,graph,off,m4_qwen35-08b_graph_off,2,0,1,25214259.0,prepare input,4737,0,4737,4738,5322.833,async_state_update,4738,1.0002,45.542,45.26,46.09,59.252,42.32,78.15,215775.8,0.856,37848704.0,20260915T005705Z,True
tdb_qwen35-08b_tp4_graph_mtp-off_m4_qwen35-08b_graph_off_20260915T005705Z_0,qwen35-08b,4,graph,off,m4_qwen35-08b_graph_off,2,0,1,25214259.0,prepare input,4737,0,4737,4738,5322.833,draft_token,4738,1.0002,2.243,2.23,2.36,2.516,1.9,19.9,10628.6,0.042,37848704.0,20260915T005705Z,True
tdb_qwen35-08b_tp4_graph_mtp-off_m4_qwen35-08b_graph_off_20260915T005705Z_0,qwen35-08b,4,graph,off,m4_qwen35-08b_graph_off,2,0,1,25214259.0,prepare input,4737,0,4737,4738,5322.833,forward,4738,1.0002,1103.737,1098.705,1222.241,1347.399,876.65,4592.24,5229504.9,20.736,37848704.0,20260915T005705Z,True
tdb_qwen35-08b_tp4_graph_mtp-off_m4_qwen35-08b_graph_off_20260915T005705Z_0,qwen35-08b,4,graph,off,m4_qwen35-08b_graph_off,2,0,1,25214259.0,prepare input,4737,0,4737,4738,5322.833,post process,4738,1.0002,269.413,267.8,274.98,290.447,258.35,1414.57,1276477.8,5.061,37848704.0,20260915T005705Z,True
tdb_qwen35-08b_tp4_graph_mtp-off_m4_qwen35-08b_graph_off_20260915T005705Z_0,qwen35-08b,4,graph,off,m4_qwen35-08b_graph_off,2,0,1,25214259.0,prepare input,4737,0,4737,4738,5322.833,prepare input,4737,1.0,3077.82,3071.44,3102.084,3214.588,3013.63,4532.71,14579633.9,57.823,37848704.0,20260915T005705Z,True
tdb_qwen35-08b_tp4_graph_mtp-off_m4_qwen35-08b_graph_off_20260915T005705Z_0,qwen35-08b,4,graph,off,m4_qwen35-08b_graph_off,2,0,1,25214259.0,prepare input,4737,0,4737,4738,5322.833,sample_token,4738,1.0002,112.973,112.33,114.88,130.733,104.77,200.13,535264.3,2.122,37848704.0,20260915T005705Z,True
tdb_qwen35-08b_tp4_graph_mtp-off_m4_qwen35-08b_graph_off_20260915T005705Z_0,qwen35-08b,4,graph,off,m4_qwen35-08b_graph_off,2,0,2,25221400.2,prepare input,4765,0,4765,4766,5293.054,async_state_update,4766,1.0002,45.333,45.05,45.995,57.755,43.14,68.9,216056.3,0.856,75308755.0,20260915T005705Z,True
tdb_qwen35-08b_tp4_graph_mtp-off_m4_qwen35-08b_graph_off_20260915T005705Z_0,qwen35-08b,4,graph,off,m4_qwen35-08b_graph_off,2,0,2,25221400.2,prepare input,4765,0,4765,4766,5293.054,draft_token,4766,1.0002,2.263,2.26,2.38,2.49,1.96,15.3,10785.2,0.043,75308755.0,20260915T005705Z,True
tdb_qwen35-08b_tp4_graph_mtp-off_m4_qwen35-08b_graph_off_20260915T005705Z_0,qwen35-08b,4,graph,off,m4_qwen35-08b_graph_off,2,0,2,25221400.2,prepare input,4765,0,4765,4766,5293.054,forward,4766,1.0002,1110.001,1099.075,1168.84,1453.884,874.01,4416.21,5290263.4,20.971,75308755.0,20260915T005705Z,True
tdb_qwen35-08b_tp4_graph_mtp-off_m4_qwen35-08b_graph_off_20260915T005705Z_0,qwen35-08b,4,graph,off,m4_qwen35-08b_graph_off,2,0,2,25221400.2,prepare input,4765,0,4765,4766,5293.054,post process,4766,1.0002,266.78,265.115,271.255,284.943,257.73,1702.88,1271474.8,5.04,75308755.0,20260915T005705Z,True
tdb_qwen35-08b_tp4_graph_mtp-off_m4_qwen35-08b_graph_off_20260915T005705Z_0,qwen35-08b,4,graph,off,m4_qwen35-08b_graph_off,2,0,2,25221400.2,prepare input,4765,0,4765,4766,5293.054,prepare input,4765,1.0,3048.805,3045.57,3072.958,3109.372,2944.63,4183.63,14527557.5,57.6,75308755.0,20260915T005705Z,True
tdb_qwen35-08b_tp4_graph_mtp-off_m4_qwen35-08b_graph_off_20260915T005705Z_0,qwen35-08b,4,graph,off,m4_qwen35-08b_graph_off,2,0,2,25221400.2,prepare input,4765,0,4765,4766,5293.054,sample_token,4766,1.0002,111.524,111.02,113.49,127.248,107.05,189.29,531522.4,2.107,75308755.0,20260915T005705Z,True
tdb_qwen35-08b_tp4_graph_mtp-off_m4_qwen35-08b_graph_off_20260915T005705Z_0,qwen35-08b,4,graph,off,m4_qwen35-08b_graph_off,2,0,3,25205574.2,prepare input,4745,0,4745,4746,5312.028,async_state_update,4746,1.0002,45.118,44.86,45.74,57.257,43.04,64.88,214129.1,0.849,112626016.0,20260915T005705Z,True
tdb_qwen35-08b_tp4_graph_mtp-off_m4_qwen35-08b_graph_off_20260915T005705Z_0,qwen35-08b,4,graph,off,m4_qwen35-08b_graph_off,2,0,3,25205574.2,prepare input,4745,0,4745,4746,5312.028,draft_token,4746,1.0002,2.245,2.23,2.36,2.48,1.9,15.58,10654.1,0.042,112626016.0,20260915T005705Z,True
tdb_qwen35-08b_tp4_graph_mtp-off_m4_qwen35-08b_graph_off_20260915T005705Z_0,qwen35-08b,4,graph,off,m4_qwen35-08b_graph_off,2,0,3,25205574.2,prepare input,4745,0,4745,4746,5312.028,forward,4746,1.0002,1134.697,1124.95,1267.06,1522.374,871.05,4661.6,5385271.0,21.361,112626016.0,20260915T005705Z,True
tdb_qwen35-08b_tp4_graph_mtp-off_m4_qwen35-08b_graph_off_20260915T005705Z_0,qwen35-08b,4,graph,off,m4_qwen35-08b_graph_off,2,0,3,25205574.2,prepare input,4745,0,4745,4746,5312.028,post process,4746,1.0002,265.324,264.125,270.005,283.773,255.16,1664.65,1259229.7,4.995,112626016.0,20260915T005705Z,True
tdb_qwen35-08b_tp4_graph_mtp-off_m4_qwen35-08b_graph_off_20260915T005705Z_0,qwen35-08b,4,graph,off,m4_qwen35-08b_graph_off,2,0,3,25205574.2,prepare input,4745,0,4745,4746,5312.028,prepare input,4745,1.0,3044.752,3041.26,3065.61,3098.453,2978.6,5670.89,14447347.3,57.318,112626016.0,20260915T005705Z,True
tdb_qwen35-08b_tp4_graph_mtp-off_m4_qwen35-08b_graph_off_20260915T005705Z_0,qwen35-08b,4,graph,off,m4_qwen35-08b_graph_off,2,0,3,25205574.2,prepare input,4745,0,4745,4746,5312.028,sample_token,4746,1.0002,111.084,110.56,112.94,127.536,106.38,169.79,527206.1,2.091,112626016.0,20260915T005705Z,True
tdb_qwen35-08b_tp4_graph_mtp-off_m4_qwen35-08b_graph_off_20260915T005705Z_0,qwen35-08b,4,graph,off,m4_qwen35-08b_graph_off,2,0,4,25160501.8,prepare input,4716,0,4716,4717,5335.136,async_state_update,4717,1.0002,45.737,45.12,48.41,57.886,43.43,114.87,215742.1,0.857,149828753.0,20260915T005705Z,True
tdb_qwen35-08b_tp4_graph_mtp-off_m4_qwen35-08b_graph_off_20260915T005705Z_0,qwen35-08b,4,graph,off,m4_qwen35-08b_graph_off,2,0,4,25160501.8,prepare input,4716,0,4716,4717,5335.136,draft_token,4717,1.0002,2.304,2.28,2.48,2.72,1.94,15.95,10867.6,0.043,149828753.0,20260915T005705Z,True
tdb_qwen35-08b_tp4_graph_mtp-off_m4_qwen35-08b_graph_off_20260915T005705Z_0,qwen35-08b,4,graph,off,m4_qwen35-08b_graph_off,2,0,4,25160501.8,prepare input,4716,0,4716,4717,5335.136,forward,4717,1.0002,1109.209,1111.86,1233.864,1498.005,867.69,5327.79,5232138.3,20.791,149828753.0,20260915T005705Z,True
tdb_qwen35-08b_tp4_graph_mtp-off_m4_qwen35-08b_graph_off_20260915T005705Z_0,qwen35-08b,4,graph,off,m4_qwen35-08b_graph_off,2,0,4,25160501.8,prepare input,4716,0,4716,4717,5335.136,post process,4717,1.0002,266.879,263.62,284.42,295.936,253.23,555.34,1258867.6,5.002,149828753.0,20260915T005705Z,True
tdb_qwen35-08b_tp4_graph_mtp-off_m4_qwen35-08b_graph_off_20260915T005705Z_0,qwen35-08b,4,graph,off,m4_qwen35-08b_graph_off,2,0,4,25160501.8,prepare input,4716,0,4716,4717,5335.136,prepare input,4716,1.0,3081.313,3059.61,3223.535,3267.512,2979.11,4850.87,14531470.8,57.755,149828753.0,20260915T005705Z,True
tdb_qwen35-08b_tp4_graph_mtp-off_m4_qwen35-08b_graph_off_20260915T005705Z_0,qwen35-08b,4,graph,off,m4_qwen35-08b_graph_off,2,0,4,25160501.8,prepare input,4716,0,4716,4717,5335.136,sample_token,4717,1.0002,112.651,111.39,119.284,128.292,106.47,192.66,531376.3,2.111,149828753.0,20260915T005705Z,True
tdb_qwen35-08b_tp4_graph_mtp-off_m4_qwen35-08b_graph_off_20260915T005705Z_0,qwen35-08b,4,graph,off,m4_qwen35-08b_graph_off,3,0,0,25196883.4,prepare input,4661,0,4661,4662,5405.896,async_state_update,4662,1.0002,45.543,45.325,46.14,56.779,43.19,66.56,212323.5,0.842,1223.0,20260915T005705Z,True
tdb_qwen35-08b_tp4_graph_mtp-off_m4_qwen35-08b_graph_off_20260915T005705Z_0,qwen35-08b,4,graph,off,m4_qwen35-08b_graph_off,3,0,0,25196883.4,prepare input,4661,0,4661,4662,5405.896,draft_token,4662,1.0002,2.416,2.41,2.55,2.68,2.01,15.24,11263.3,0.045,1223.0,20260915T005705Z,True
tdb_qwen35-08b_tp4_graph_mtp-off_m4_qwen35-08b_graph_off_20260915T005705Z_0,qwen35-08b,4,graph,off,m4_qwen35-08b_graph_off,3,0,0,25196883.4,prepare input,4661,0,4661,4662,5405.896,forward,4662,1.0002,1305.544,1260.715,1481.173,1875.468,926.68,6463.81,6086443.9,24.15,1223.0,20260915T005705Z,True
tdb_qwen35-08b_tp4_graph_mtp-off_m4_qwen35-08b_graph_off_20260915T005705Z_0,qwen35-08b,4,graph,off,m4_qwen35-08b_graph_off,3,0,0,25196883.4,prepare input,4661,0,4661,4662,5405.896,post process,4662,1.0002,266.687,265.14,271.829,285.812,257.35,1613.62,1243296.2,4.933,1223.0,20260915T005705Z,True
tdb_qwen35-08b_tp4_graph_mtp-off_m4_qwen35-08b_graph_off_20260915T005705Z_0,qwen35-08b,4,graph,off,m4_qwen35-08b_graph_off,3,0,0,25196883.4,prepare input,4661,0,4661,4662,5405.896,prepare input,4661,1.0,2949.23,2946.07,2976.68,3023.008,2882.41,4474.22,13746361.7,54.556,1223.0,20260915T005705Z,True
tdb_qwen35-08b_tp4_graph_mtp-off_m4_qwen35-08b_graph_off_20260915T005705Z_0,qwen35-08b,4,graph,off,m4_qwen35-08b_graph_off,3,0,0,25196883.4,prepare input,4661,0,4661,4662,5405.896,sample_token,4662,1.0002,110.543,110.07,112.469,125.427,105.42,140.6,515350.2,2.045,1223.0,20260915T005705Z,True
tdb_qwen35-08b_tp4_graph_mtp-off_m4_qwen35-08b_graph_off_20260915T005705Z_0,qwen35-08b,4,graph,off,m4_qwen35-08b_graph_off,3,0,1,25214269.5,prepare input,4737,0,4737,4738,5322.835,async_state_update,4738,1.0002,45.399,45.18,46.03,56.963,43.28,96.76,215100.6,0.853,37848699.0,20260915T005705Z,True
tdb_qwen35-08b_tp4_graph_mtp-off_m4_qwen35-08b_graph_off_20260915T005705Z_0,qwen35-08b,4,graph,off,m4_qwen35-08b_graph_off,3,0,1,25214269.5,prepare input,4737,0,4737,4738,5322.835,draft_token,4738,1.0002,2.456,2.44,2.59,2.72,2.09,16.83,11636.1,0.046,37848699.0,20260915T005705Z,True
tdb_qwen35-08b_tp4_graph_mtp-off_m4_qwen35-08b_graph_off_20260915T005705Z_0,qwen35-08b,4,graph,off,m4_qwen35-08b_graph_off,3,0,1,25214269.5,prepare input,4737,0,4737,4738,5322.835,forward,4738,1.0002,1231.99,1225.515,1345.577,1527.821,876.51,4569.7,5837166.9,23.145,37848699.0,20260915T005705Z,True
tdb_qwen35-08b_tp4_graph_mtp-off_m4_qwen35-08b_graph_off_20260915T005705Z_0,qwen35-08b,4,graph,off,m4_qwen35-08b_graph_off,3,0,1,25214269.5,prepare input,4737,0,4737,4738,5322.835,post process,4738,1.0002,263.499,261.9,268.148,281.862,253.23,2073.74,1248458.9,4.95,37848699.0,20260915T005705Z,True
tdb_qwen35-08b_tp4_graph_mtp-off_m4_qwen35-08b_graph_off_20260915T005705Z_0,qwen35-08b,4,graph,off,m4_qwen35-08b_graph_off,3,0,1,25214269.5,prepare input,4737,0,4737,4738,5322.835,prepare input,4737,1.0,2946.527,2943.91,2970.1,3010.421,2885.41,4036.13,13957699.5,55.356,37848699.0,20260915T005705Z,True
tdb_qwen35-08b_tp4_graph_mtp-off_m4_qwen35-08b_graph_off_20260915T005705Z_0,qwen35-08b,4,graph,off,m4_qwen35-08b_graph_off,3,0,1,25214269.5,prepare input,4737,0,4737,4738,5322.835,sample_token,4738,1.0002,109.4,108.81,111.13,125.553,104.88,206.36,518339.1,2.055,37848699.0,20260915T005705Z,True
tdb_qwen35-08b_tp4_graph_mtp-off_m4_qwen35-08b_graph_off_20260915T005705Z_0,qwen35-08b,4,graph,off,m4_qwen35-08b_graph_off,3,0,2,25221441.8,prepare input,4765,0,4765,4766,5293.062,async_state_update,4766,1.0002,47.226,46.1,49.315,57.008,42.99,1083.27,225081.2,0.892,75308755.0,20260915T005705Z,True
tdb_qwen35-08b_tp4_graph_mtp-off_m4_qwen35-08b_graph_off_20260915T005705Z_0,qwen35-08b,4,graph,off,m4_qwen35-08b_graph_off,3,0,2,25221441.8,prepare input,4765,0,4765,4766,5293.062,draft_token,4766,1.0002,2.456,2.45,2.6,2.744,2.06,20.03,11703.6,0.046,75308755.0,20260915T005705Z,True
tdb_qwen35-08b_tp4_graph_mtp-off_m4_qwen35-08b_graph_off_20260915T005705Z_0,qwen35-08b,4,graph,off,m4_qwen35-08b_graph_off,3,0,2,25221441.8,prepare input,4765,0,4765,4766,5293.062,forward,4766,1.0002,1115.457,1145.315,1253.41,1429.63,885.54,4595.09,5316266.9,21.074,75308755.0,20260915T005705Z,True
tdb_qwen35-08b_tp4_graph_mtp-off_m4_qwen35-08b_graph_off_20260915T005705Z_0,qwen35-08b,4,graph,off,m4_qwen35-08b_graph_off,3,0,2,25221441.8,prepare input,4765,0,4765,4766,5293.062,post process,4766,1.0002,272.075,267.925,282.095,295.561,255.99,1598.61,1296708.5,5.14,75308755.0,20260915T005705Z,True
tdb_qwen35-08b_tp4_graph_mtp-off_m4_qwen35-08b_graph_off_20260915T005705Z_0,qwen35-08b,4,graph,off,m4_qwen35-08b_graph_off,3,0,2,25221441.8,prepare input,4765,0,4765,4766,5293.062,prepare input,4765,1.0,3018.047,2971.49,3122.882,3170.43,2902.98,4504.4,14380996.2,57.019,75308755.0,20260915T005705Z,True
tdb_qwen35-08b_tp4_graph_mtp-off_m4_qwen35-08b_graph_off_20260915T005705Z_0,qwen35-08b,4,graph,off,m4_qwen35-08b_graph_off,3,0,2,25221441.8,prepare input,4765,0,4765,4766,5293.062,sample_token,4766,1.0002,113.497,111.555,118.83,130.591,106.01,395.0,540927.4,2.144,75308755.0,20260915T005705Z,True
tdb_qwen35-08b_tp4_graph_mtp-off_m4_qwen35-08b_graph_off_20260915T005705Z_0,qwen35-08b,4,graph,off,m4_qwen35-08b_graph_off,3,0,3,25205574.4,prepare input,4745,0,4745,4746,5312.028,async_state_update,4746,1.0002,47.375,47.05,48.04,60.546,44.74,99.1,224841.1,0.892,112626032.0,20260915T005705Z,True
tdb_qwen35-08b_tp4_graph_mtp-off_m4_qwen35-08b_graph_off_20260915T005705Z_0,qwen35-08b,4,graph,off,m4_qwen35-08b_graph_off,3,0,3,25205574.4,prepare input,4745,0,4745,4746,5312.028,draft_token,4746,1.0002,2.385,2.37,2.53,2.66,1.99,17.51,11321.0,0.045,112626032.0,20260915T005705Z,True
tdb_qwen35-08b_tp4_graph_mtp-off_m4_qwen35-08b_graph_off_20260915T005705Z_0,qwen35-08b,4,graph,off,m4_qwen35-08b_graph_off,3,0,3,25205574.4,prepare input,4745,0,4745,4746,5312.028,forward,4746,1.0002,1116.616,1106.395,1257.24,1526.597,891.18,4237.51,5299461.1,21.021,112626032.0,20260915T005705Z,True
tdb_qwen35-08b_tp4_graph_mtp-off_m4_qwen35-08b_graph_off_20260915T005705Z_0,qwen35-08b,4,graph,off,m4_qwen35-08b_graph_off,3,0,3,25205574.4,prepare input,4745,0,4745,4746,5312.028,post process,4746,1.0002,275.247,272.78,279.055,291.897,265.52,1647.83,1306324.5,5.182,112626032.0,20260915T005705Z,True
tdb_qwen35-08b_tp4_graph_mtp-off_m4_qwen35-08b_graph_off_20260915T005705Z_0,qwen35-08b,4,graph,off,m4_qwen35-08b_graph_off,3,0,3,25205574.4,prepare input,4745,0,4745,4746,5312.028,prepare input,4745,1.0,3040.677,3037.57,3061.682,3095.602,2983.61,6920.16,14428011.8,57.241,112626032.0,20260915T005705Z,True
tdb_qwen35-08b_tp4_graph_mtp-off_m4_qwen35-08b_graph_off_20260915T005705Z_0,qwen35-08b,4,graph,off,m4_qwen35-08b_graph_off,3,0,3,25205574.4,prepare input,4745,0,4745,4746,5312.028,sample_token,4746,1.0002,114.647,114.16,116.27,129.613,109.77,138.99,544112.8,2.158,112626032.0,20260915T005705Z,True
tdb_qwen35-08b_tp4_graph_mtp-off_m4_qwen35-08b_graph_off_20260915T005705Z_0,qwen35-08b,4,graph,off,m4_qwen35-08b_graph_off,3,0,4,25160544.9,prepare input,4716,0,4716,4717,5335.145,async_state_update,4717,1.0002,47.258,47.15,48.26,50.917,44.7,70.13,222916.1,0.886,149828765.0,20260915T005705Z,True
tdb_qwen35-08b_tp4_graph_mtp-off_m4_qwen35-08b_graph_off_20260915T005705Z_0,qwen35-08b,4,graph,off,m4_qwen35-08b_graph_off,3,0,4,25160544.9,prepare input,4716,0,4716,4717,5335.145,draft_token,4717,1.0002,2.504,2.51,2.71,2.87,2.0,15.95,11809.6,0.047,149828765.0,20260915T005705Z,True
tdb_qwen35-08b_tp4_graph_mtp-off_m4_qwen35-08b_graph_off_20260915T005705Z_0,qwen35-08b,4,graph,off,m4_qwen35-08b_graph_off,3,0,4,25160544.9,prepare input,4716,0,4716,4717,5335.145,forward,4717,1.0002,1108.286,1113.74,1261.344,1515.506,883.3,4136.4,5227784.4,20.773,149828765.0,20260915T005705Z,True
tdb_qwen35-08b_tp4_graph_mtp-off_m4_qwen35-08b_graph_off_20260915T005705Z_0,qwen35-08b,4,graph,off,m4_qwen35-08b_graph_off,3,0,4,25160544.9,prepare input,4716,0,4716,4717,5335.145,post process,4717,1.0002,273.985,272.75,278.594,291.909,261.77,1793.98,1292389.0,5.135,149828765.0,20260915T005705Z,True
tdb_qwen35-08b_tp4_graph_mtp-off_m4_qwen35-08b_graph_off_20260915T005705Z_0,qwen35-08b,4,graph,off,m4_qwen35-08b_graph_off,3,0,4,25160544.9,prepare input,4716,0,4716,4717,5335.145,prepare input,4716,1.0,3049.681,3053.405,3083.5,3112.983,2964.27,4233.66,14382294.2,57.162,149828765.0,20260915T005705Z,True
tdb_qwen35-08b_tp4_graph_mtp-off_m4_qwen35-08b_graph_off_20260915T005705Z_0,qwen35-08b,4,graph,off,m4_qwen35-08b_graph_off,3,0,4,25160544.9,prepare input,4716,0,4716,4717,5335.145,sample_token,4717,1.0002,114.544,114.15,116.49,130.528,107.82,207.1,540304.3,2.147,149828765.0,20260915T005705Z,True
tdb_qwen35-08b_tp4_graph_mtp-off_v4b_20260914T225423Z_0,qwen35-08b,4,graph,off,v4b,0,0,0,25218008.9,prepare input,4523,0,4523,4524,5575.505,async_state_update,4524,1.0002,49.085,48.33,50.3,59.08,43.32,3454.23,222058.9,0.88,646.0,20260914T225423Z,True
tdb_qwen35-08b_tp4_graph_mtp-off_v4b_20260914T225423Z_0,qwen35-08b,4,graph,off,v4b,0,0,0,25218008.9,prepare input,4523,0,4523,4524,5575.505,draft_token,4524,1.0002,2.428,2.4,2.68,2.96,1.94,13.15,10984.5,0.044,646.0,20260914T225423Z,True
tdb_qwen35-08b_tp4_graph_mtp-off_v4b_20260914T225423Z_0,qwen35-08b,4,graph,off,v4b,0,0,0,25218008.9,prepare input,4523,0,4523,4524,5575.505,forward,4524,1.0002,1037.087,1013.49,1139.323,1277.881,923.02,5015.02,4691783.6,18.601,646.0,20260914T225423Z,True
tdb_qwen35-08b_tp4_graph_mtp-off_v4b_20260914T225423Z_0,qwen35-08b,4,graph,off,v4b,0,0,0,25218008.9,prepare input,4523,0,4523,4524,5575.505,post process,4524,1.0002,282.577,282.31,293.874,308.915,256.31,1417.86,1278377.0,5.068,646.0,20260914T225423Z,True
tdb_qwen35-08b_tp4_graph_mtp-off_v4b_20260914T225423Z_0,qwen35-08b,4,graph,off,v4b,0,0,0,25218008.9,prepare input,4523,0,4523,4524,5575.505,prepare input,4523,1.0,3256.277,3253.19,3341.308,3416.274,3073.48,4810.89,14728142.5,58.403,646.0,20260914T225423Z,True
tdb_qwen35-08b_tp4_graph_mtp-off_v4b_20260914T225423Z_0,qwen35-08b,4,graph,off,v4b,0,0,0,25218008.9,prepare input,4523,0,4523,4524,5575.505,sample_token,4524,1.0002,169.791,168.94,177.377,187.803,155.5,238.04,768135.3,3.045,646.0,20260914T225423Z,True
tdb_qwen35-08b_tp4_graph_mtp-off_v4b_20260914T225423Z_0,qwen35-08b,4,graph,off,v4b,1,0,0,25217649.7,prepare input,4523,0,4523,4524,5575.426,async_state_update,4524,1.0002,45.339,45.16,46.02,52.95,43.16,66.32,205112.1,0.813,653.0,20260914T225423Z,True
tdb_qwen35-08b_tp4_graph_mtp-off_v4b_20260914T225423Z_0,qwen35-08b,4,graph,off,v4b,1,0,0,25217649.7,prepare input,4523,0,4523,4524,5575.426,draft_token,4524,1.0002,2.316,2.31,2.44,2.57,1.94,14.03,10476.1,0.042,653.0,20260914T225423Z,True
tdb_qwen35-08b_tp4_graph_mtp-off_v4b_20260914T225423Z_0,qwen35-08b,4,graph,off,v4b,1,0,0,25217649.7,prepare input,4523,0,4523,4524,5575.426,forward,4524,1.0002,1530.295,1516.68,1667.436,1952.895,883.45,5038.98,6923053.7,27.447,653.0,20260914T225423Z,True
tdb_qwen35-08b_tp4_graph_mtp-off_v4b_20260914T225423Z_0,qwen35-08b,4,graph,off,v4b,1,0,0,25217649.7,prepare input,4523,0,4523,4524,5575.426,post process,4524,1.0002,260.238,259.155,265.67,278.402,250.39,520.37,1177319.0,4.668,653.0,20260914T225423Z,True
tdb_qwen35-08b_tp4_graph_mtp-off_v4b_20260914T225423Z_0,qwen35-08b,4,graph,off,v4b,1,0,0,25217649.7,prepare input,4523,0,4523,4524,5575.426,prepare input,4523,1.0,2872.713,2868.67,2900.946,2936.205,2793.89,7697.54,12993278.9,51.525,653.0,20260914T225423Z,True
tdb_qwen35-08b_tp4_graph_mtp-off_v4b_20260914T225423Z_0,qwen35-08b,4,graph,off,v4b,1,0,0,25217649.7,prepare input,4523,0,4523,4524,5575.426,sample_token,4524,1.0002,107.926,107.4,109.88,121.538,103.31,131.51,488257.6,1.936,653.0,20260914T225423Z,True
tdb_qwen35-08b_tp4_graph_mtp-off_v4b_20260914T225423Z_0,qwen35-08b,4,graph,off,v4b,2,0,0,25217842.9,prepare input,4523,0,4523,4524,5575.468,async_state_update,4524,1.0002,48.455,48.64,50.06,56.466,44.36,116.28,219210.6,0.869,650.0,20260914T225423Z,True
tdb_qwen35-08b_tp4_graph_mtp-off_v4b_20260914T225423Z_0,qwen35-08b,4,graph,off,v4b,2,0,0,25217842.9,prepare input,4523,0,4523,4524,5575.468,draft_token,4524,1.0002,2.598,2.59,2.77,2.92,2.14,14.93,11752.0,0.047,650.0,20260914T225423Z,True
tdb_qwen35-08b_tp4_graph_mtp-off_v4b_20260914T225423Z_0,qwen35-08b,4,graph,off,v4b,2,0,0,25217842.9,prepare input,4523,0,4523,4524,5575.468,forward,4524,1.0002,1163.216,1135.38,1340.259,1663.274,930.72,5254.96,5262389.1,20.863,650.0,20260914T225423Z,True
tdb_qwen35-08b_tp4_graph_mtp-off_v4b_20260914T225423Z_0,qwen35-08b,4,graph,off,v4b,2,0,0,25217842.9,prepare input,4523,0,4523,4524,5575.468,post process,4524,1.0002,301.497,300.68,309.33,322.734,256.83,1078.69,1363970.4,5.408,650.0,20260914T225423Z,True
tdb_qwen35-08b_tp4_graph_mtp-off_v4b_20260914T225423Z_0,qwen35-08b,4,graph,off,v4b,2,0,0,25217842.9,prepare input,4523,0,4523,4524,5575.468,prepare input,4523,1.0,3124.156,3127.79,3192.276,3243.117,2880.22,5833.1,14130557.8,56.034,650.0,20260914T225423Z,True
tdb_qwen35-08b_tp4_graph_mtp-off_v4b_20260914T225423Z_0,qwen35-08b,4,graph,off,v4b,2,0,0,25217842.9,prepare input,4523,0,4523,4524,5575.468,sample_token,4524,1.0002,121.749,121.49,125.01,137.183,108.02,644.1,550794.3,2.184,650.0,20260914T225423Z,True
tdb_qwen35-08b_tp4_graph_mtp-off_v4b_20260914T225423Z_0,qwen35-08b,4,graph,off,v4b,3,0,0,25217685.1,prepare input,4523,0,4523,4524,5575.433,async_state_update,4524,1.0002,45.62,45.44,46.32,57.038,42.9,106.33,206383.4,0.818,664.0,20260914T225423Z,True
tdb_qwen35-08b_tp4_graph_mtp-off_v4b_20260914T225423Z_0,qwen35-08b,4,graph,off,v4b,3,0,0,25217685.1,prepare input,4523,0,4523,4524,5575.433,draft_token,4524,1.0002,2.286,2.28,2.43,2.6,1.92,13.87,10340.2,0.041,664.0,20260914T225423Z,True
tdb_qwen35-08b_tp4_graph_mtp-off_v4b_20260914T225423Z_0,qwen35-08b,4,graph,off,v4b,3,0,0,25217685.1,prepare input,4523,0,4523,4524,5575.433,forward,4524,1.0002,1514.216,1483.835,1667.309,1900.602,918.33,5574.26,6850312.1,27.159,664.0,20260914T225423Z,True
tdb_qwen35-08b_tp4_graph_mtp-off_v4b_20260914T225423Z_0,qwen35-08b,4,graph,off,v4b,3,0,0,25217685.1,prepare input,4523,0,4523,4524,5575.433,post process,4524,1.0002,253.168,251.77,259.38,278.286,237.3,1548.6,1145333.7,4.541,664.0,20260914T225423Z,True
tdb_qwen35-08b_tp4_graph_mtp-off_v4b_20260914T225423Z_0,qwen35-08b,4,graph,off,v4b,3,0,0,25217685.1,prepare input,4523,0,4523,4524,5575.433,prepare input,4523,1.0,2906.44,2905.79,2946.404,3040.697,2778.6,4389.07,13145828.9,52.129,664.0,20260914T225423Z,True
tdb_qwen35-08b_tp4_graph_mtp-off_v4b_20260914T225423Z_0,qwen35-08b,4,graph,off,v4b,3,0,0,25217685.1,prepare input,4523,0,4523,4524,5575.433,sample_token,4524,1.0002,107.845,107.53,110.187,122.341,101.16,142.43,487889.9,1.934,664.0,20260914T225423Z,True
tdb_qwen35-27b_tp1_eager_mtp-off_m1c_20260914T235832Z_4,qwen35-27b,1,eager,off,m1c,0,4,0,25216847.1,prepare input,264,0,264,265,95518.36,async_state_update,265,1.0038,48.491,48.11,49.986,56.058,46.19,63.71,12850.2,0.051,1258.0,20260914T235832Z,True
tdb_qwen35-27b_tp1_eager_mtp-off_m1c_20260914T235832Z_4,qwen35-27b,1,eager,off,m1c,0,4,0,25216847.1,prepare input,264,0,264,265,95518.36,draft_token,265,1.0038,2.666,2.66,2.83,3.061,2.28,3.25,706.5,0.003,1258.0,20260914T235832Z,True
tdb_qwen35-27b_tp1_eager_mtp-off_m1c_20260914T235832Z_4,qwen35-27b,1,eager,off,m1c,0,4,0,25216847.1,prepare input,264,0,264,265,95518.36,forward,265,1.0038,91374.88,91694.49,93580.01,94279.335,86116.53,96503.2,24214343.2,95.662,1258.0,20260914T235832Z,True
tdb_qwen35-27b_tp1_eager_mtp-off_m1c_20260914T235832Z_4,qwen35-27b,1,eager,off,m1c,0,4,0,25216847.1,prepare input,264,0,264,265,95518.36,post process,265,1.0038,104.685,104.44,108.046,118.232,96.69,124.19,27741.6,0.11,1258.0,20260914T235832Z,True
tdb_qwen35-27b_tp1_eager_mtp-off_m1c_20260914T235832Z_4,qwen35-27b,1,eager,off,m1c,0,4,0,25216847.1,prepare input,264,0,264,265,95518.36,prepare input,264,1.0,2689.351,2692.78,2730.373,2865.05,2572.77,2906.22,709988.7,2.816,1258.0,20260914T235832Z,True
tdb_qwen35-27b_tp1_eager_mtp-off_m1c_20260914T235832Z_4,qwen35-27b,1,eager,off,m1c,0,4,0,25216847.1,prepare input,264,0,264,265,95518.36,sample_token,265,1.0038,170.407,168.33,180.382,200.848,159.02,218.81,45157.8,0.178,1258.0,20260914T235832Z,True
tdb_qwen35-27b_tp1_eager_mtp-off_m1c_20260914T235832Z_4,qwen35-27b,1,eager,off,m1c,0,4,1,25318527.1,prepare input,259,0,259,260,97754.931,async_state_update,260,1.0039,49.565,49.33,50.12,59.806,47.98,64.46,12886.9,0.051,625773491.0,20260914T235832Z,True
tdb_qwen35-27b_tp1_eager_mtp-off_m1c_20260914T235832Z_4,qwen35-27b,1,eager,off,m1c,0,4,1,25318527.1,prepare input,259,0,259,260,97754.931,draft_token,260,1.0039,2.634,2.625,2.81,3.074,2.23,3.21,684.9,0.003,625773491.0,20260914T235832Z,True
tdb_qwen35-27b_tp1_eager_mtp-off_m1c_20260914T235832Z_4,qwen35-27b,1,eager,off,m1c,0,4,1,25318527.1,prepare input,259,0,259,260,97754.931,forward,260,1.0039,93526.793,93804.335,94511.603,95436.118,91504.75,97826.03,24316966.3,95.675,625773491.0,20260914T235832Z,True
tdb_qwen35-27b_tp1_eager_mtp-off_m1c_20260914T235832Z_4,qwen35-27b,1,eager,off,m1c,0,4,1,25318527.1,prepare input,259,0,259,260,97754.931,post process,260,1.0039,107.252,106.67,109.189,119.591,103.06,123.12,27885.5,0.11,625773491.0,20260914T235832Z,True
tdb_qwen35-27b_tp1_eager_mtp-off_m1c_20260914T235832Z_4,qwen35-27b,1,eager,off,m1c,0,4,1,25318527.1,prepare input,259,0,259,260,97754.931,prepare input,259,1.0,2751.533,2748.86,2778.196,2842.625,2686.11,3174.48,712647.1,2.815,625773491.0,20260914T235832Z,True
tdb_qwen35-27b_tp1_eager_mtp-off_m1c_20260914T235832Z_4,qwen35-27b,1,eager,off,m1c,0,4,1,25318527.1,prepare input,259,0,259,260,97754.931,sample_token,260,1.0039,186.971,187.05,195.021,214.796,173.36,241.7,48612.5,0.191,625773491.0,20260914T235832Z,True
tdb_qwen35-27b_tp1_eager_mtp-off_m1c_20260914T235832Z_4,qwen35-27b,1,eager,off,m1c,0,4,2,25299043.6,prepare input,273,0,273,274,92670.489,async_state_update,274,1.0037,49.163,48.83,49.791,60.571,47.22,64.35,13470.7,0.053,1251628485.0,20260914T235832Z,True
tdb_qwen35-27b_tp1_eager_mtp-off_m1c_20260914T235832Z_4,qwen35-27b,1,eager,off,m1c,0,4,2,25299043.6,prepare input,273,0,273,274,92670.489,draft_token,274,1.0037,2.62,2.62,2.76,2.869,2.33,3.05,717.8,0.003,1251628485.0,20260914T235832Z,True
tdb_qwen35-27b_tp1_eager_mtp-off_m1c_20260914T235832Z_4,qwen35-27b,1,eager,off,m1c,0,4,2,25299043.6,prepare input,273,0,273,274,92670.489,forward,274,1.0037,88613.957,88601.87,88788.004,89574.346,88253.99,89636.65,24280224.3,95.623,1251628485.0,20260914T235832Z,True
tdb_qwen35-27b_tp1_eager_mtp-off_m1c_20260914T235832Z_4,qwen35-27b,1,eager,off,m1c,0,4,2,25299043.6,prepare input,273,0,273,274,92670.489,post process,274,1.0037,99.096,98.6,100.494,111.782,95.08,142.36,27152.4,0.107,1251628485.0,20260914T235832Z,True
tdb_qwen35-27b_tp1_eager_mtp-off_m1c_20260914T235832Z_4,qwen35-27b,1,eager,off,m1c,0,4,2,25299043.6,prepare input,273,0,273,274,92670.489,prepare input,273,1.0,2642.521,2641.24,2657.868,2713.286,2596.62,2760.29,721408.1,2.852,1251628485.0,20260914T235832Z,True
tdb_qwen35-27b_tp1_eager_mtp-off_m1c_20260914T235832Z_4,qwen35-27b,1,eager,off,m1c,0,4,2,25299043.6,prepare input,273,0,273,274,92670.489,sample_token,274,1.0037,177.882,174.445,188.199,203.514,170.07,214.1,48739.8,0.192,1251628485.0,20260914T235832Z,True
tdb_qwen35-27b_tp1_eager_mtp-off_m1c_20260914T235832Z_4,qwen35-27b,1,eager,off,m1c,0,4,3,25295339.8,prepare input,271,0,271,272,93340.737,async_state_update,272,1.0037,49.153,48.85,49.933,62.111,47.19,63.94,13369.5,0.053,1877447973.0,20260914T235832Z,True
tdb_qwen35-27b_tp1_eager_mtp-off_m1c_20260914T235832Z_4,qwen35-27b,1,eager,off,m1c,0,4,3,25295339.8,prepare input,271,0,271,272,93340.737,draft_token,272,1.0037,2.659,2.67,2.809,2.94,2.29,2.99,723.2,0.003,1877447973.0,20260914T235832Z,True
tdb_qwen35-27b_tp1_eager_mtp-off_m1c_20260914T235832Z_4,qwen35-27b,1,eager,off,m1c,0,4,3,25295339.8,prepare input,271,0,271,272,93340.737,forward,272,1.0037,89268.578,89232.56,89409.771,90117.26,88930.94,91808.74,24281053.3,95.637,1877447973.0,20260914T235832Z,True
tdb_qwen35-27b_tp1_eager_mtp-off_m1c_20260914T235832Z_4,qwen35-27b,1,eager,off,m1c,0,4,3,25295339.8,prepare input,271,0,271,272,93340.737,post process,272,1.0037,99.958,99.49,101.328,112.181,96.92,117.19,27188.7,0.107,1877447973.0,20260914T235832Z,True
tdb_qwen35-27b_tp1_eager_mtp-off_m1c_20260914T235832Z_4,qwen35-27b,1,eager,off,m1c,0,4,3,25295339.8,prepare input,271,0,271,272,93340.737,prepare input,271,1.0,2643.309,2641.71,2659.38,2741.82,2601.77,2803.76,716336.8,2.832,1877447973.0,20260914T235832Z,True
tdb_qwen35-27b_tp1_eager_mtp-off_m1c_20260914T235832Z_4,qwen35-27b,1,eager,off,m1c,0,4,3,25295339.8,prepare input,271,0,271,272,93340.737,sample_token,272,1.0037,185.416,183.865,199.605,219.963,169.75,230.29,50433.1,0.199,1877447973.0,20260914T235832Z,True
tdb_qwen35-27b_tp1_eager_mtp-off_m1c_20260914T235832Z_4,qwen35-27b,1,eager,off,m1c,0,4,4,25339213.7,prepare input,271,0,271,272,93502.634,async_state_update,272,1.0037,49.025,48.62,49.628,61.338,46.34,64.02,13334.8,0.052,2503334886.0,20260914T235832Z,True
tdb_qwen35-27b_tp1_eager_mtp-off_m1c_20260914T235832Z_4,qwen35-27b,1,eager,off,m1c,0,4,4,25339213.7,prepare input,271,0,271,272,93502.634,draft_token,272,1.0037,2.702,2.7,2.869,3.005,2.33,3.14,735.0,0.003,2503334886.0,20260914T235832Z,True
tdb_qwen35-27b_tp1_eager_mtp-off_m1c_20260914T235832Z_4,qwen35-27b,1,eager,off,m1c,0,4,4,25339213.7,prepare input,271,0,271,272,93502.634,forward,272,1.0037,89417.082,89398.385,89566.623,90215.493,89027.22,91924.62,24321446.3,95.631,2503334886.0,20260914T235832Z,True
tdb_qwen35-27b_tp1_eager_mtp-off_m1c_20260914T235832Z_4,qwen35-27b,1,eager,off,m1c,0,4,4,25339213.7,prepare input,271,0,271,272,93502.634,post process,272,1.0037,99.677,99.28,101.295,109.269,95.46,115.47,27112.1,0.107,2503334886.0,20260914T235832Z,True
tdb_qwen35-27b_tp1_eager_mtp-off_m1c_20260914T235832Z_4,qwen35-27b,1,eager,off,m1c,0,4,4,25339213.7,prepare input,271,0,271,272,93502.634,prepare input,271,1.0,2633.729,2630.55,2646.23,2710.736,2598.28,3146.34,713740.5,2.817,2503334886.0,20260914T235832Z,True
tdb_qwen35-27b_tp1_eager_mtp-off_m1c_20260914T235832Z_4,qwen35-27b,1,eager,off,m1c,0,4,4,25339213.7,prepare input,271,0,271,272,93502.634,sample_token,272,1.0037,188.334,187.395,197.938,211.47,170.35,223.37,51226.9,0.201,2503334886.0,20260914T235832Z,True
tdb_qwen35-27b_tp1_eager_mtp-off_w2b_20260914T211728Z_4,qwen35-27b,1,eager,off,w2b,0,4,0,25168218.4,Step:Schedule,156,156,156,157,161334.733,Step:Output,157,1.0064,46.731,45.59,48.312,64.471,43.51,118.3,7336.8,0.029,623.0,20260914T211728Z,True
tdb_qwen35-27b_tp1_eager_mtp-off_w2b_20260914T211728Z_4,qwen35-27b,1,eager,off,w2b,0,4,0,25168218.4,Step:Schedule,156,156,156,157,161334.733,Step:Schedule,156,1.0,473.797,407.615,713.605,764.142,257.37,851.64,73912.3,0.294,623.0,20260914T211728Z,True
tdb_qwen35-27b_tp1_eager_mtp-off_w2b_20260914T211728Z_4,qwen35-27b,1,eager,off,w2b,0,4,0,25168218.4,Step:Schedule,156,156,156,157,161334.733,async_state_update,157,1.0064,61.373,49.87,55.066,396.463,47.47,409.65,9635.5,0.038,623.0,20260914T211728Z,True
tdb_qwen35-27b_tp1_eager_mtp-off_w2b_20260914T211728Z_4,qwen35-27b,1,eager,off,w2b,0,4,0,25168218.4,Step:Schedule,156,156,156,157,161334.733,draft_token,157,1.0064,2.719,2.7,2.9,3.166,2.4,3.62,426.9,0.002,623.0,20260914T211728Z,True
tdb_qwen35-27b_tp1_eager_mtp-off_w2b_20260914T211728Z_4,qwen35-27b,1,eager,off,w2b,0,4,0,25168218.4,Step:Schedule,156,156,156,157,161334.733,forward,157,1.0064,153758.442,153474.92,156432.794,158843.404,139178.87,163012.55,24140075.3,95.304,623.0,20260914T211728Z,True
tdb_qwen35-27b_tp1_eager_mtp-off_w2b_20260914T211728Z_4,qwen35-27b,1,eager,off,w2b,0,4,0,25168218.4,Step:Schedule,156,156,156,157,161334.733,post process,157,1.0064,146.096,118.55,206.782,496.826,104.54,544.14,22937.0,0.091,623.0,20260914T211728Z,True
tdb_qwen35-27b_tp1_eager_mtp-off_w2b_20260914T211728Z_4,qwen35-27b,1,eager,off,w2b,0,4,0,25168218.4,Step:Schedule,156,156,156,157,161334.733,prepare input,156,1.0,4174.573,4177.735,4292.535,4412.32,3677.47,4516.26,651233.3,2.588,623.0,20260914T211728Z,True
tdb_qwen35-27b_tp1_eager_mtp-off_w2b_20260914T211728Z_4,qwen35-27b,1,eager,off,w2b,0,4,0,25168218.4,Step:Schedule,156,156,156,157,161334.733,sample_token,157,1.0064,217.745,120.7,479.97,527.259,109.33,573.26,34186.0,0.135,623.0,20260914T211728Z,True
tdb_qwen35-27b_tp1_eager_mtp-off_w2b_20260914T211728Z_4,qwen35-27b,1,eager,off,w2b,0,4,0,25168218.4,Step:Schedule,156,156,156,157,161334.733,schedule: allocate_slots,156,1.0,43.243,43.075,44.74,48.351,40.62,52.52,6745.9,0.027,623.0,20260914T211728Z,True
tdb_qwen35-27b_tp1_eager_mtp-off_w2b_20260914T211728Z_4,qwen35-27b,1,eager,off,w2b,0,4,0,25168218.4,Step:Schedule,156,156,156,157,161334.733,schedule: get_num_common_prefix_blocks,156,1.0,2.658,2.415,3.385,4.708,2.1,5.32,414.7,0.002,623.0,20260914T211728Z,True
tdb_qwen35-27b_tp1_eager_mtp-off_w2b_20260914T211728Z_4,qwen35-27b,1,eager,off,w2b,0,4,0,25168218.4,Step:Schedule,156,156,156,157,161334.733,schedule: make_cached_request_data,156,1.0,13.45,12.21,17.535,20.881,10.6,21.37,2098.3,0.008,623.0,20260914T211728Z,True
tdb_qwen35-27b_tp1_eager_mtp-off_w2b_20260914T211728Z_4,qwen35-27b,1,eager,off,w2b,0,4,0,25168218.4,Step:Schedule,156,156,156,157,161334.733,schedule: update_after_schedule,156,1.0,8.685,7.9,11.4,13.761,6.74,14.53,1354.9,0.005,623.0,20260914T211728Z,True
tdb_qwen35-27b_tp1_eager_mtp-off_w2b_20260914T211728Z_4,qwen35-27b,1,eager,off,w2b,0,4,1,25179871.2,Step:Schedule,149,149,149,150,168992.424,Step:Output,150,1.0067,46.309,45.92,48.027,53.301,44.12,58.47,6946.3,0.027,625634484.0,20260914T211728Z,True
tdb_qwen35-27b_tp1_eager_mtp-off_w2b_20260914T211728Z_4,qwen35-27b,1,eager,off,w2b,0,4,1,25179871.2,Step:Schedule,149,149,149,150,168992.424,Step:Schedule,149,1.0,438.736,331.47,639.638,653.155,254.03,658.45,65371.6,0.26,625634484.0,20260914T211728Z,True
tdb_qwen35-27b_tp1_eager_mtp-off_w2b_20260914T211728Z_4,qwen35-27b,1,eager,off,w2b,0,4,1,25179871.2,Step:Schedule,149,149,149,150,168992.424,async_state_update,150,1.0067,55.813,51.07,55.55,203.806,48.37,331.22,8371.9,0.033,625634484.0,20260914T211728Z,True
tdb_qwen35-27b_tp1_eager_mtp-off_w2b_20260914T211728Z_4,qwen35-27b,1,eager,off,w2b,0,4,1,25179871.2,Step:Schedule,149,149,149,150,168992.424,draft_token,150,1.0067,2.714,2.71,2.98,3.301,2.27,3.78,407.1,0.002,625634484.0,20260914T211728Z,True
tdb_qwen35-27b_tp1_eager_mtp-off_w2b_20260914T211728Z_4,qwen35-27b,1,eager,off,w2b,0,4,1,25179871.2,Step:Schedule,149,149,149,150,168992.424,forward,150,1.0067,161221.189,161732.015,164237.362,164924.297,154709.19,166131.41,24183178.3,95.401,625634484.0,20260914T211728Z,True
tdb_qwen35-27b_tp1_eager_mtp-off_w2b_20260914T211728Z_4,qwen35-27b,1,eager,off,w2b,0,4,1,25179871.2,Step:Schedule,149,149,149,150,168992.424,post process,150,1.0067,189.196,119.78,474.829,498.37,112.23,525.92,28379.4,0.112,625634484.0,20260914T211728Z,True
tdb_qwen35-27b_tp1_eager_mtp-off_w2b_20260914T211728Z_4,qwen35-27b,1,eager,off,w2b,0,4,1,25179871.2,Step:Schedule,149,149,149,150,168992.424,prepare input,149,1.0,4292.57,4289.44,4349.336,4474.288,4015.62,4774.1,639593.0,2.54,625634484.0,20260914T211728Z,True
tdb_qwen35-27b_tp1_eager_mtp-off_w2b_20260914T211728Z_4,qwen35-27b,1,eager,off,w2b,0,4,1,25179871.2,Step:Schedule,149,149,149,150,168992.424,sample_token,150,1.0067,207.351,125.895,480.015,501.384,114.64,508.33,31102.7,0.123,625634484.0,20260914T211728Z,True
tdb_qwen35-27b_tp1_eager_mtp-off_w2b_20260914T211728Z_4,qwen35-27b,1,eager,off,w2b,0,4,1,25179871.2,Step:Schedule,149,149,149,150,168992.424,schedule: allocate_slots,149,1.0,43.347,42.97,45.514,49.271,40.9,50.08,6458.7,0.026,625634484.0,20260914T211728Z,True
tdb_qwen35-27b_tp1_eager_mtp-off_w2b_20260914T211728Z_4,qwen35-27b,1,eager,off,w2b,0,4,1,25179871.2,Step:Schedule,149,149,149,150,168992.424,schedule: get_num_common_prefix_blocks,149,1.0,2.427,2.41,2.634,2.963,2.09,3.1,361.6,0.001,625634484.0,20260914T211728Z,True
tdb_qwen35-27b_tp1_eager_mtp-off_w2b_20260914T211728Z_4,qwen35-27b,1,eager,off,w2b,0,4,1,25179871.2,Step:Schedule,149,149,149,150,168992.424,schedule: make_cached_request_data,149,1.0,11.941,11.83,12.614,14.224,10.88,14.6,1779.2,0.007,625634484.0,20260914T211728Z,True
tdb_qwen35-27b_tp1_eager_mtp-off_w2b_20260914T211728Z_4,qwen35-27b,1,eager,off,w2b,0,4,1,25179871.2,Step:Schedule,149,149,149,150,168992.424,schedule: update_after_schedule,149,1.0,7.445,7.42,7.816,8.994,6.72,9.33,1109.3,0.004,625634484.0,20260914T211728Z,True
tdb_qwen35-27b_tp1_eager_mtp-off_w2b_20260914T211728Z_4,qwen35-27b,1,eager,off,w2b,0,4,2,25297784.7,Step:Schedule,150,150,150,151,168651.898,Step:Output,151,1.0067,46.869,46.28,49.61,52.595,43.1,69.12,7077.2,0.028,1251269082.0,20260914T211728Z,True
tdb_qwen35-27b_tp1_eager_mtp-off_w2b_20260914T211728Z_4,qwen35-27b,1,eager,off,w2b,0,4,2,25297784.7,Step:Schedule,150,150,150,151,168651.898,Step:Schedule,150,1.0,430.377,328.455,636.223,671.34,254.19,812.44,64556.5,0.255,1251269082.0,20260914T211728Z,True
tdb_qwen35-27b_tp1_eager_mtp-off_w2b_20260914T211728Z_4,qwen35-27b,1,eager,off,w2b,0,4,2,25297784.7,Step:Schedule,150,150,150,151,168651.898,async_state_update,151,1.0067,67.465,53.03,57.97,383.245,47.67,393.78,10187.3,0.04,1251269082.0,20260914T211728Z,True
tdb_qwen35-27b_tp1_eager_mtp-off_w2b_20260914T211728Z_4,qwen35-27b,1,eager,off,w2b,0,4,2,25297784.7,Step:Schedule,150,150,150,151,168651.898,draft_token,151,1.0067,2.799,2.78,3.12,3.515,2.13,3.57,422.6,0.002,1251269082.0,20260914T211728Z,True
tdb_qwen35-27b_tp1_eager_mtp-off_w2b_20260914T211728Z_4,qwen35-27b,1,eager,off,w2b,0,4,2,25297784.7,Step:Schedule,150,150,150,151,168651.898,forward,151,1.0067,160841.195,162070.07,168802.05,170455.68,152149.36,170915.44,24287020.5,95.369,1251269082.0,20260914T211728Z,True
tdb_qwen35-27b_tp1_eager_mtp-off_w2b_20260914T211728Z_4,qwen35-27b,1,eager,off,w2b,0,4,2,25297784.7,Step:Schedule,150,150,150,151,168651.898,post process,151,1.0067,179.042,124.4,471.0,496.37,111.3,511.84,27035.4,0.106,1251269082.0,20260914T211728Z,True
tdb_qwen35-27b_tp1_eager_mtp-off_w2b_20260914T211728Z_4,qwen35-27b,1,eager,off,w2b,0,4,2,25297784.7,Step:Schedule,150,150,150,151,168651.898,prepare input,150,1.0,4310.574,4325.47,4438.779,4813.213,3868.47,4840.31,646586.1,2.556,1251269082.0,20260914T211728Z,True
tdb_qwen35-27b_tp1_eager_mtp-off_w2b_20260914T211728Z_4,qwen35-27b,1,eager,off,w2b,0,4,2,25297784.7,Step:Schedule,150,150,150,151,168651.898,sample_token,151,1.0067,217.607,130.41,487.38,502.835,116.98,504.2,32858.6,0.129,1251269082.0,20260914T211728Z,True
tdb_qwen35-27b_tp1_eager_mtp-off_w2b_20260914T211728Z_4,qwen35-27b,1,eager,off,w2b,0,4,2,25297784.7,Step:Schedule,150,150,150,151,168651.898,schedule: allocate_slots,150,1.0,44.338,43.675,47.563,55.393,40.18,58.35,6650.7,0.026,1251269082.0,20260914T211728Z,True
tdb_qwen35-27b_tp1_eager_mtp-off_w2b_20260914T211728Z_4,qwen35-27b,1,eager,off,w2b,0,4,2,25297784.7,Step:Schedule,150,150,150,151,168651.898,schedule: get_num_common_prefix_blocks,150,1.0,2.403,2.375,2.612,3.115,2.06,3.25,360.5,0.001,1251269082.0,20260914T211728Z,True
tdb_qwen35-27b_tp1_eager_mtp-off_w2b_20260914T211728Z_4,qwen35-27b,1,eager,off,w2b,0,4,2,25297784.7,Step:Schedule,150,150,150,151,168651.898,schedule: make_cached_request_data,150,1.0,12.029,11.905,12.914,14.302,10.87,14.78,1804.3,0.007,1251269082.0,20260914T211728Z,True
tdb_qwen35-27b_tp1_eager_mtp-off_w2b_20260914T211728Z_4,qwen35-27b,1,eager,off,w2b,0,4,2,25297784.7,Step:Schedule,150,150,150,151,168651.898,schedule: update_after_schedule,150,1.0,7.8,7.66,8.341,9.892,6.94,18.05,1170.0,0.005,1251269082.0,20260914T211728Z,True
tdb_qwen35-27b_tp1_eager_mtp-off_w2b_20260914T211728Z_4,qwen35-27b,1,eager,off,w2b,0,4,3,25251916.1,Step:Schedule,154,154,154,155,163973.481,Step:Output,155,1.0065,47.104,46.43,49.984,58.184,44.02,65.93,7301.2,0.029,1877022544.0,20260914T211728Z,True
tdb_qwen35-27b_tp1_eager_mtp-off_w2b_20260914T211728Z_4,qwen35-27b,1,eager,off,w2b,0,4,3,25251916.1,Step:Schedule,154,154,154,155,163973.481,Step:Schedule,154,1.0,434.911,343.46,637.369,671.005,251.75,711.89,66976.4,0.265,1877022544.0,20260914T211728Z,True
tdb_qwen35-27b_tp1_eager_mtp-off_w2b_20260914T211728Z_4,qwen35-27b,1,eager,off,w2b,0,4,3,25251916.1,Step:Schedule,154,154,154,155,163973.481,async_state_update,155,1.0065,59.424,51.42,56.91,304.786,47.88,389.76,9210.7,0.036,1877022544.0,20260914T211728Z,True
tdb_qwen35-27b_tp1_eager_mtp-off_w2b_20260914T211728Z_4,qwen35-27b,1,eager,off,w2b,0,4,3,25251916.1,Step:Schedule,154,154,154,155,163973.481,draft_token,155,1.0065,2.672,2.64,2.92,3.385,2.18,3.49,414.1,0.002,1877022544.0,20260914T211728Z,True
tdb_qwen35-27b_tp1_eager_mtp-off_w2b_20260914T211728Z_4,qwen35-27b,1,eager,off,w2b,0,4,3,25251916.1,Step:Schedule,154,154,154,155,163973.481,forward,155,1.0065,156377.341,158270.63,163119.79,166514.942,146783.98,169411.92,24238487.9,95.367,1877022544.0,20260914T211728Z,True
tdb_qwen35-27b_tp1_eager_mtp-off_w2b_20260914T211728Z_4,qwen35-27b,1,eager,off,w2b,0,4,3,25251916.1,Step:Schedule,154,154,154,155,163973.481,post process,155,1.0065,154.863,116.16,393.462,481.29,102.85,490.11,24003.7,0.094,1877022544.0,20260914T211728Z,True
tdb_qwen35-27b_tp1_eager_mtp-off_w2b_20260914T211728Z_4,qwen35-27b,1,eager,off,w2b,0,4,3,25251916.1,Step:Schedule,154,154,154,155,163973.481,prepare input,154,1.0,4167.439,4209.315,4313.946,4411.206,3719.49,4596.51,641785.6,2.542,1877022544.0,20260914T211728Z,True
tdb_qwen35-27b_tp1_eager_mtp-off_w2b_20260914T211728Z_4,qwen35-27b,1,eager,off,w2b,0,4,3,25251916.1,Step:Schedule,154,154,154,155,163973.481,sample_token,155,1.0065,210.436,123.22,479.054,493.872,106.79,509.77,32617.5,0.128,1877022544.0,20260914T211728Z,True
tdb_qwen35-27b_tp1_eager_mtp-off_w2b_20260914T211728Z_4,qwen35-27b,1,eager,off,w2b,0,4,3,25251916.1,Step:Schedule,154,154,154,155,163973.481,schedule: allocate_slots,154,1.0,43.996,43.385,45.947,55.643,40.83,62.03,6775.4,0.027,1877022544.0,20260914T211728Z,True
tdb_qwen35-27b_tp1_eager_mtp-off_w2b_20260914T211728Z_4,qwen35-27b,1,eager,off,w2b,0,4,3,25251916.1,Step:Schedule,154,154,154,155,163973.481,schedule: get_num_common_prefix_blocks,154,1.0,2.402,2.35,2.63,3.245,2.05,3.68,369.9,0.001,1877022544.0,20260914T211728Z,True
tdb_qwen35-27b_tp1_eager_mtp-off_w2b_20260914T211728Z_4,qwen35-27b,1,eager,off,w2b,0,4,3,25251916.1,Step:Schedule,154,154,154,155,163973.481,schedule: make_cached_request_data,154,1.0,12.056,11.85,13.047,15.072,10.92,15.57,1856.6,0.007,1877022544.0,20260914T211728Z,True
tdb_qwen35-27b_tp1_eager_mtp-off_w2b_20260914T211728Z_4,qwen35-27b,1,eager,off,w2b,0,4,3,25251916.1,Step:Schedule,154,154,154,155,163973.481,schedule: update_after_schedule,154,1.0,7.664,7.58,8.177,9.014,7.11,9.25,1180.2,0.005,1877022544.0,20260914T211728Z,True
tdb_qwen35-27b_tp1_eager_mtp-off_w2b_20260914T211728Z_4,qwen35-27b,1,eager,off,w2b,0,4,4,25255471.3,Step:Schedule,167,167,167,168,151230.367,Step:Output,168,1.006,45.896,45.565,46.684,57.439,44.05,66.06,7710.6,0.03,2502712354.0,20260914T211728Z,True
tdb_qwen35-27b_tp1_eager_mtp-off_w2b_20260914T211728Z_4,qwen35-27b,1,eager,off,w2b,0,4,4,25255471.3,Step:Schedule,167,167,167,168,151230.367,Step:Schedule,167,1.0,433.549,367.91,617.714,653.622,253.14,673.96,72402.7,0.287,2502712354.0,20260914T211728Z,True
tdb_qwen35-27b_tp1_eager_mtp-off_w2b_20260914T211728Z_4,qwen35-27b,1,eager,off,w2b,0,4,4,25255471.3,Step:Schedule,167,167,167,168,151230.367,async_state_update,168,1.006,87.922,50.405,302.681,390.058,47.6,399.78,14770.9,0.058,2502712354.0,20260914T211728Z,True
tdb_qwen35-27b_tp1_eager_mtp-off_w2b_20260914T211728Z_4,qwen35-27b,1,eager,off,w2b,0,4,4,25255471.3,Step:Schedule,167,167,167,168,151230.367,draft_token,168,1.006,2.452,2.46,2.59,2.78,2.13,2.88,412.0,0.002,2502712354.0,20260914T211728Z,True
tdb_qwen35-27b_tp1_eager_mtp-off_w2b_20260914T211728Z_4,qwen35-27b,1,eager,off,w2b,0,4,4,25255471.3,Step:Schedule,167,167,167,168,151230.367,forward,168,1.006,144229.756,144159.06,144794.616,145989.75,143022.88,147418.09,24230599.1,95.371,2502712354.0,20260914T211728Z,True
tdb_qwen35-27b_tp1_eager_mtp-off_w2b_20260914T211728Z_4,qwen35-27b,1,eager,off,w2b,0,4,4,25255471.3,Step:Schedule,167,167,167,168,151230.367,post process,168,1.006,132.889,103.57,145.179,457.334,99.94,469.4,22325.3,0.088,2502712354.0,20260914T211728Z,True
tdb_qwen35-27b_tp1_eager_mtp-off_w2b_20260914T211728Z_4,qwen35-27b,1,eager,off,w2b,0,4,4,25255471.3,Step:Schedule,167,167,167,168,151230.367,prepare input,167,1.0,3851.119,3787.24,4060.058,4146.562,3628.76,4181.93,643136.8,2.547,2502712354.0,20260914T211728Z,True
tdb_qwen35-27b_tp1_eager_mtp-off_w2b_20260914T211728Z_4,qwen35-27b,1,eager,off,w2b,0,4,4,25255471.3,Step:Schedule,167,167,167,168,151230.367,sample_token,168,1.006,175.95,111.19,458.277,479.517,105.29,484.66,29559.6,0.116,2502712354.0,20260914T211728Z,True
tdb_qwen35-27b_tp1_eager_mtp-off_w2b_20260914T211728Z_4,qwen35-27b,1,eager,off,w2b,0,4,4,25255471.3,Step:Schedule,167,167,167,168,151230.367,schedule: allocate_slots,167,1.0,43.799,43.38,45.026,57.221,40.84,60.66,7314.4,0.029,2502712354.0,20260914T211728Z,True
tdb_qwen35-27b_tp1_eager_mtp-off_w2b_20260914T211728Z_4,qwen35-27b,1,eager,off,w2b,0,4,4,25255471.3,Step:Schedule,167,167,167,168,151230.367,schedule: get_num_common_prefix_blocks,167,1.0,2.353,2.35,2.49,2.6,2.08,2.64,392.9,0.002,2502712354.0,20260914T211728Z,True
tdb_qwen35-27b_tp1_eager_mtp-off_w2b_20260914T211728Z_4,qwen35-27b,1,eager,off,w2b,0,4,4,25255471.3,Step:Schedule,167,167,167,168,151230.367,schedule: make_cached_request_data,167,1.0,11.708,11.72,12.126,12.593,10.43,14.48,1955.2,0.008,2502712354.0,20260914T211728Z,True
tdb_qwen35-27b_tp1_eager_mtp-off_w2b_20260914T211728Z_4,qwen35-27b,1,eager,off,w2b,0,4,4,25255471.3,Step:Schedule,167,167,167,168,151230.367,schedule: update_after_schedule,167,1.0,7.783,7.74,8.048,8.81,7.26,9.45,1299.8,0.005,2502712354.0,20260914T211728Z,True
tdb_qwen35-27b_tp1_eager_mtp-on_m1c_20260914T235832Z_5,qwen35-27b,1,eager,on,m1c,0,5,0,25333085.9,prepare input,215,0,215,216,117828.306,async_state_update,216,1.0047,202.455,198.3,209.355,262.579,189.07,480.11,43730.3,0.172,1122.0,20260914T235832Z,True
tdb_qwen35-27b_tp1_eager_mtp-on_m1c_20260914T235832Z_5,qwen35-27b,1,eager,on,m1c,0,5,0,25333085.9,prepare input,215,0,215,216,117828.306,draft_token,216,1.0047,9121.639,9052.555,9461.15,9891.377,8738.66,9987.05,1970274.1,7.741,1122.0,20260914T235832Z,True
tdb_qwen35-27b_tp1_eager_mtp-on_m1c_20260914T235832Z_5,qwen35-27b,1,eager,on,m1c,0,5,0,25333085.9,prepare input,215,0,215,216,117828.306,forward,216,1.0047,101382.449,101137.25,103348.295,105413.49,98806.22,106647.1,21898608.9,86.043,1122.0,20260914T235832Z,True
tdb_qwen35-27b_tp1_eager_mtp-on_m1c_20260914T235832Z_5,qwen35-27b,1,eager,on,m1c,0,5,0,25333085.9,prepare input,215,0,215,216,117828.306,model: mtp: draft_forward,432,2.0093,1575.513,1558.13,1632.747,1965.958,1430.71,2335.67,680621.7,1.337,1122.0,20260914T235832Z,True
tdb_qwen35-27b_tp1_eager_mtp-on_m1c_20260914T235832Z_5,qwen35-27b,1,eager,on,m1c,0,5,0,25333085.9,prepare input,215,0,215,216,117828.306,model: mtp: first_pass,216,1.0047,1531.747,1507.58,1591.93,1905.238,1464.77,2215.13,330857.3,1.3,1122.0,20260914T235832Z,True
tdb_qwen35-27b_tp1_eager_mtp-on_m1c_20260914T235832Z_5,qwen35-27b,1,eager,on,m1c,0,5,0,25333085.9,prepare input,215,0,215,216,117828.306,model: mtp: propose,216,1.0047,8205.082,8147.5,8475.605,8888.764,7858.08,9045.59,1772297.8,6.964,1122.0,20260914T235832Z,True
tdb_qwen35-27b_tp1_eager_mtp-on_m1c_20260914T235832Z_5,qwen35-27b,1,eager,on,m1c,0,5,0,25333085.9,prepare input,215,0,215,216,117828.306,post process,216,1.0047,111.725,107.86,118.765,150.882,102.43,430.92,24132.6,0.095,1122.0,20260914T235832Z,True
tdb_qwen35-27b_tp1_eager_mtp-on_m1c_20260914T235832Z_5,qwen35-27b,1,eager,on,m1c,0,5,0,25333085.9,prepare input,215,0,215,216,117828.306,prepare input,215,1.0,5045.359,4984.19,5249.046,5728.822,4823.56,6034.47,1084752.2,4.282,1122.0,20260914T235832Z,True
tdb_qwen35-27b_tp1_eager_mtp-on_m1c_20260914T235832Z_5,qwen35-27b,1,eager,on,m1c,0,5,0,25333085.9,prepare input,215,0,215,216,117828.306,sample_token,216,1.0047,538.024,533.04,564.335,662.908,502.34,859.76,116213.1,0.457,1122.0,20260914T235832Z,True
tdb_qwen35-27b_tp1_eager_mtp-on_m1c_20260914T235832Z_5,qwen35-27b,1,eager,on,m1c,0,5,1,25312682.4,prepare input,205,0,205,206,123476.499,async_state_update,206,1.0049,208.557,208.715,216.195,230.68,194.03,329.97,42962.8,0.169,240159057.0,20260914T235832Z,True
tdb_qwen35-27b_tp1_eager_mtp-on_m1c_20260914T235832Z_5,qwen35-27b,1,eager,on,m1c,0,5,1,25312682.4,prepare input,205,0,205,206,123476.499,draft_token,206,1.0049,9368.243,9426.18,9610.28,9811.246,8839.61,10020.24,1929858.1,7.587,240159057.0,20260914T235832Z,True
tdb_qwen35-27b_tp1_eager_mtp-on_m1c_20260914T235832Z_5,qwen35-27b,1,eager,on,m1c,0,5,1,25312682.4,prepare input,205,0,205,206,123476.499,forward,206,1.0049,106557.293,107465.51,109855.09,111188.88,100657.89,112210.11,21950802.3,86.298,240159057.0,20260914T235832Z,True
tdb_qwen35-27b_tp1_eager_mtp-on_m1c_20260914T235832Z_5,qwen35-27b,1,eager,on,m1c,0,5,1,25312682.4,prepare input,205,0,205,206,123476.499,model: mtp: draft_forward,412,2.0098,1581.52,1586.075,1632.244,1677.685,1464.18,2075.2,651586.2,1.281,240159057.0,20260914T235832Z,True
tdb_qwen35-27b_tp1_eager_mtp-on_m1c_20260914T235832Z_5,qwen35-27b,1,eager,on,m1c,0,5,1,25312682.4,prepare input,205,0,205,206,123476.499,model: mtp: first_pass,206,1.0049,1608.943,1616.56,1661.76,1717.735,1508.93,1972.53,331442.2,1.303,240159057.0,20260914T235832Z,True
tdb_qwen35-27b_tp1_eager_mtp-on_m1c_20260914T235832Z_5,qwen35-27b,1,eager,on,m1c,0,5,1,25312682.4,prepare input,205,0,205,206,123476.499,model: mtp: propose,206,1.0049,8422.44,8466.235,8642.735,8839.577,7948.36,9018.35,1735022.6,6.821,240159057.0,20260914T235832Z,True
tdb_qwen35-27b_tp1_eager_mtp-on_m1c_20260914T235832Z_5,qwen35-27b,1,eager,on,m1c,0,5,1,25312682.4,prepare input,205,0,205,206,123476.499,post process,206,1.0049,114.526,114.64,119.37,138.073,102.37,144.17,23592.4,0.093,240159057.0,20260914T235832Z,True
tdb_qwen35-27b_tp1_eager_mtp-on_m1c_20260914T235832Z_5,qwen35-27b,1,eager,on,m1c,0,5,1,25312682.4,prepare input,205,0,205,206,123476.499,prepare input,205,1.0,5201.037,5206.55,5334.246,5750.581,4958.94,5846.27,1066212.5,4.212,240159057.0,20260914T235832Z,True
tdb_qwen35-27b_tp1_eager_mtp-on_m1c_20260914T235832Z_5,qwen35-27b,1,eager,on,m1c,0,5,1,25312682.4,prepare input,205,0,205,206,123476.499,sample_token,206,1.0049,556.713,556.545,588.675,628.942,512.09,674.09,114682.9,0.451,240159057.0,20260914T235832Z,True
tdb_qwen35-27b_tp1_eager_mtp-on_m1c_20260914T235832Z_5,qwen35-27b,1,eager,on,m1c,0,5,2,25339082.0,prepare input,222,0,222,223,114140.009,async_state_update,223,1.0045,200.762,198.16,205.776,240.145,190.16,337.3,44769.9,0.176,485760698.0,20260914T235832Z,True
tdb_qwen35-27b_tp1_eager_mtp-on_m1c_20260914T235832Z_5,qwen35-27b,1,eager,on,m1c,0,5,2,25339082.0,prepare input,222,0,222,223,114140.009,draft_token,223,1.0045,8803.498,8790.72,8968.154,9114.297,8422.56,10084.44,1963180.1,7.713,485760698.0,20260914T235832Z,True
tdb_qwen35-27b_tp1_eager_mtp-on_m1c_20260914T235832Z_5,qwen35-27b,1,eager,on,m1c,0,5,2,25339082.0,prepare input,222,0,222,223,114140.009,forward,223,1.0045,98093.058,97742.2,100428.282,106569.229,94807.47,107805.89,21874751.9,85.941,485760698.0,20260914T235832Z,True
tdb_qwen35-27b_tp1_eager_mtp-on_m1c_20260914T235832Z_5,qwen35-27b,1,eager,on,m1c,0,5,2,25339082.0,prepare input,222,0,222,223,114140.009,model: mtp: draft_forward,446,2.009,1458.852,1448.175,1503.71,1595.733,1371.25,1762.84,650647.8,1.278,485760698.0,20260914T235832Z,True
tdb_qwen35-27b_tp1_eager_mtp-on_m1c_20260914T235832Z_5,qwen35-27b,1,eager,on,m1c,0,5,2,25339082.0,prepare input,222,0,222,223,114140.009,model: mtp: first_pass,223,1.0045,1482.127,1474.25,1531.724,1563.636,1405.1,1746.71,330514.3,1.299,485760698.0,20260914T235832Z,True
tdb_qwen35-27b_tp1_eager_mtp-on_m1c_20260914T235832Z_5,qwen35-27b,1,eager,on,m1c,0,5,2,25339082.0,prepare input,222,0,222,223,114140.009,model: mtp: propose,223,1.0045,7894.135,7883.09,8042.628,8177.964,7547.63,8963.78,1760392.2,6.916,485760698.0,20260914T235832Z,True
tdb_qwen35-27b_tp1_eager_mtp-on_m1c_20260914T235832Z_5,qwen35-27b,1,eager,on,m1c,0,5,2,25339082.0,prepare input,222,0,222,223,114140.009,post process,223,1.0045,105.381,103.96,109.608,136.391,94.44,207.06,23499.9,0.092,485760698.0,20260914T235832Z,True
tdb_qwen35-27b_tp1_eager_mtp-on_m1c_20260914T235832Z_5,qwen35-27b,1,eager,on,m1c,0,5,2,25339082.0,prepare input,222,0,222,223,114140.009,prepare input,222,1.0,5009.157,4978.86,5071.74,5742.795,4793.56,9013.83,1112032.8,4.389,485760698.0,20260914T235832Z,True
tdb_qwen35-27b_tp1_eager_mtp-on_m1c_20260914T235832Z_5,qwen35-27b,1,eager,on,m1c,0,5,2,25339082.0,prepare input,222,0,222,223,114140.009,sample_token,223,1.0045,528.17,523.1,565.822,628.793,477.23,749.53,117782.0,0.463,485760698.0,20260914T235832Z,True
tdb_qwen35-27b_tp1_eager_mtp-on_m1c_20260914T235832Z_5,qwen35-27b,1,eager,on,m1c,0,5,3,25405793.3,prepare input,218,0,218,219,116540.336,async_state_update,219,1.0046,199.329,198.62,202.328,215.887,188.18,266.15,43653.0,0.171,728533541.0,20260914T235832Z,True
tdb_qwen35-27b_tp1_eager_mtp-on_m1c_20260914T235832Z_5,qwen35-27b,1,eager,on,m1c,0,5,3,25405793.3,prepare input,218,0,218,219,116540.336,draft_token,219,1.0046,8919.806,8925.56,8963.4,9053.301,8629.71,10262.79,1953437.5,7.654,728533541.0,20260914T235832Z,True
tdb_qwen35-27b_tp1_eager_mtp-on_m1c_20260914T235832Z_5,qwen35-27b,1,eager,on,m1c,0,5,3,25405793.3,prepare input,218,0,218,219,116540.336,forward,219,1.0046,100351.636,100570.53,100849.028,101640.588,96470.2,103902.11,21977008.3,86.109,728533541.0,20260914T235832Z,True
tdb_qwen35-27b_tp1_eager_mtp-on_m1c_20260914T235832Z_5,qwen35-27b,1,eager,on,m1c,0,5,3,25405793.3,prepare input,218,0,218,219,116540.336,model: mtp: draft_forward,438,2.0092,1500.165,1500.795,1516.458,1530.411,1441.44,1712.09,657072.2,1.287,728533541.0,20260914T235832Z,True
tdb_qwen35-27b_tp1_eager_mtp-on_m1c_20260914T235832Z_5,qwen35-27b,1,eager,on,m1c,0,5,3,25405793.3,prepare input,218,0,218,219,116540.336,model: mtp: first_pass,219,1.0046,1526.817,1526.71,1544.206,1567.035,1464.45,1625.86,334372.9,1.31,728533541.0,20260914T235832Z,True
tdb_qwen35-27b_tp1_eager_mtp-on_m1c_20260914T235832Z_5,qwen35-27b,1,eager,on,m1c,0,5,3,25405793.3,prepare input,218,0,218,219,116540.336,model: mtp: propose,219,1.0046,8014.05,8017.34,8054.288,8120.353,7730.46,9336.01,1755077.0,6.877,728533541.0,20260914T235832Z,True
tdb_qwen35-27b_tp1_eager_mtp-on_m1c_20260914T235832Z_5,qwen35-27b,1,eager,on,m1c,0,5,3,25405793.3,prepare input,218,0,218,219,116540.336,post process,219,1.0046,106.083,105.87,108.044,116.846,99.89,120.54,23232.2,0.091,728533541.0,20260914T235832Z,True
tdb_qwen35-27b_tp1_eager_mtp-on_m1c_20260914T235832Z_5,qwen35-27b,1,eager,on,m1c,0,5,3,25405793.3,prepare input,218,0,218,219,116540.336,prepare input,218,1.0,5029.588,5019.705,5088.416,5140.59,4962.53,5324.66,1096450.1,4.316,728533541.0,20260914T235832Z,True
tdb_qwen35-27b_tp1_eager_mtp-on_m1c_20260914T235832Z_5,qwen35-27b,1,eager,on,m1c,0,5,3,25405793.3,prepare input,218,0,218,219,116540.336,sample_token,219,1.0046,542.033,533.35,575.39,582.95,515.81,591.7,118705.3,0.465,728533541.0,20260914T235832Z,True
tdb_qwen35-27b_tp1_eager_mtp-on_m1c_20260914T235832Z_5,qwen35-27b,1,eager,on,m1c,0,5,4,25355294.8,prepare input,222,0,222,223,114213.04,async_state_update,223,1.0045,196.755,196.45,200.0,207.631,188.07,212.29,43876.3,0.172,971013047.0,20260914T235832Z,True
tdb_qwen35-27b_tp1_eager_mtp-on_m1c_20260914T235832Z_5,qwen35-27b,1,eager,on,m1c,0,5,4,25355294.8,prepare input,222,0,222,223,114213.04,draft_token,223,1.0045,8781.682,8798.95,8909.832,9018.661,8421.14,9095.91,1958315.1,7.689,971013047.0,20260914T235832Z,True
tdb_qwen35-27b_tp1_eager_mtp-on_m1c_20260914T235832Z_5,qwen35-27b,1,eager,on,m1c,0,5,4,25355294.8,prepare input,222,0,222,223,114213.04,forward,223,1.0045,98213.068,98374.7,99535.266,101847.423,93074.96,102756.65,21901514.3,85.991,971013047.0,20260914T235832Z,True
tdb_qwen35-27b_tp1_eager_mtp-on_m1c_20260914T235832Z_5,qwen35-27b,1,eager,on,m1c,0,5,4,25355294.8,prepare input,222,0,222,223,114213.04,model: mtp: draft_forward,446,2.009,1461.297,1462.465,1492.625,1526.973,1384.05,1542.01,651738.5,1.279,971013047.0,20260914T235832Z,True
tdb_qwen35-27b_tp1_eager_mtp-on_m1c_20260914T235832Z_5,qwen35-27b,1,eager,on,m1c,0,5,4,25355294.8,prepare input,222,0,222,223,114213.04,model: mtp: first_pass,223,1.0045,1486.209,1487.23,1514.002,1551.826,1416.73,1555.62,331424.5,1.301,971013047.0,20260914T235832Z,True
tdb_qwen35-27b_tp1_eager_mtp-on_m1c_20260914T235832Z_5,qwen35-27b,1,eager,on,m1c,0,5,4,25355294.8,prepare input,222,0,222,223,114213.04,model: mtp: propose,223,1.0045,7879.37,7891.32,7989.022,8105.874,7550.66,8162.14,1757099.5,6.899,971013047.0,20260914T235832Z,True
tdb_qwen35-27b_tp1_eager_mtp-on_m1c_20260914T235832Z_5,qwen35-27b,1,eager,on,m1c,0,5,4,25355294.8,prepare input,222,0,222,223,114213.04,post process,223,1.0045,103.959,103.35,106.834,119.957,95.47,182.45,23182.8,0.091,971013047.0,20260914T235832Z,True
tdb_qwen35-27b_tp1_eager_mtp-on_m1c_20260914T235832Z_5,qwen35-27b,1,eager,on,m1c,0,5,4,25355294.8,prepare input,222,0,222,223,114213.04,prepare input,222,1.0,4982.922,4989.56,5038.857,5092.523,4859.69,5144.23,1106208.7,4.363,971013047.0,20260914T235832Z,True
tdb_qwen35-27b_tp1_eager_mtp-on_m1c_20260914T235832Z_5,qwen35-27b,1,eager,on,m1c,0,5,4,25355294.8,prepare input,222,0,222,223,114213.04,sample_token,223,1.0045,519.272,514.65,537.942,566.941,499.74,586.54,115797.6,0.455,971013047.0,20260914T235832Z,True
tdb_qwen35-27b_tp1_eager_mtp-on_w2b_20260914T211728Z_5,qwen35-27b,1,eager,on,w2b,0,5,0,25219527.4,Step:Schedule,133,133,133,134,189620.507,Step:Output,134,1.0075,61.555,60.095,66.527,81.525,56.29,88.62,8248.4,0.032,632.0,20260914T211728Z,True
tdb_qwen35-27b_tp1_eager_mtp-on_w2b_20260914T211728Z_5,qwen35-27b,1,eager,on,w2b,0,5,0,25219527.4,Step:Schedule,133,133,133,134,189620.507,Step:Schedule,133,1.0,496.347,621.12,662.662,752.708,256.0,791.04,66014.1,0.262,632.0,20260914T211728Z,True
tdb_qwen35-27b_tp1_eager_mtp-on_w2b_20260914T211728Z_5,qwen35-27b,1,eager,on,w2b,0,5,0,25219527.4,Step:Schedule,133,133,133,134,189620.507,async_state_update,134,1.0075,332.137,223.375,546.183,574.839,191.44,580.49,44506.3,0.175,632.0,20260914T211728Z,True
tdb_qwen35-27b_tp1_eager_mtp-on_w2b_20260914T211728Z_5,qwen35-27b,1,eager,on,w2b,0,5,0,25219527.4,Step:Schedule,133,133,133,134,189620.507,draft_token,134,1.0075,14474.032,14096.39,15770.662,16126.964,13247.09,16590.09,1939520.3,7.633,632.0,20260914T211728Z,True
tdb_qwen35-27b_tp1_eager_mtp-on_w2b_20260914T211728Z_5,qwen35-27b,1,eager,on,w2b,0,5,0,25219527.4,Step:Schedule,133,133,133,134,189620.507,forward,134,1.0075,162880.179,159560.21,175736.974,177764.194,151988.07,178543.33,21825944.0,85.898,632.0,20260914T211728Z,True
tdb_qwen35-27b_tp1_eager_mtp-on_w2b_20260914T211728Z_5,qwen35-27b,1,eager,on,w2b,0,5,0,25219527.4,Step:Schedule,133,133,133,134,189620.507,model: mtp: draft_forward,268,2.015,2571.89,2541.715,2894.217,3027.612,2213.8,3374.84,689266.4,1.356,632.0,20260914T211728Z,True
tdb_qwen35-27b_tp1_eager_mtp-on_w2b_20260914T211728Z_5,qwen35-27b,1,eager,on,w2b,0,5,0,25219527.4,Step:Schedule,133,133,133,134,189620.507,model: mtp: first_pass,134,1.0075,2538.761,2502.515,2880.603,2987.791,2219.34,3089.16,340194.0,1.339,632.0,20260914T211728Z,True
tdb_qwen35-27b_tp1_eager_mtp-on_w2b_20260914T211728Z_5,qwen35-27b,1,eager,on,w2b,0,5,0,25219527.4,Step:Schedule,133,133,133,134,189620.507,model: mtp: propose,134,1.0075,12970.173,12743.735,14058.876,14304.203,11999.05,14556.7,1738003.1,6.84,632.0,20260914T211728Z,True
tdb_qwen35-27b_tp1_eager_mtp-on_w2b_20260914T211728Z_5,qwen35-27b,1,eager,on,w2b,0,5,0,25219527.4,Step:Schedule,133,133,133,134,189620.507,post process,134,1.0075,137.019,108.805,136.751,485.702,100.36,507.89,18360.6,0.072,632.0,20260914T211728Z,True
tdb_qwen35-27b_tp1_eager_mtp-on_w2b_20260914T211728Z_5,qwen35-27b,1,eager,on,w2b,0,5,0,25219527.4,Step:Schedule,133,133,133,134,189620.507,prepare input,133,1.0,7466.968,7383.15,7822.846,8155.177,6927.01,8173.0,993106.7,3.938,632.0,20260914T211728Z,True
tdb_qwen35-27b_tp1_eager_mtp-on_w2b_20260914T211728Z_5,qwen35-27b,1,eager,on,w2b,0,5,0,25219527.4,Step:Schedule,133,133,133,134,189620.507,sample_token,134,1.0075,705.099,794.01,836.292,870.179,423.55,929.19,94483.2,0.372,632.0,20260914T211728Z,True
tdb_qwen35-27b_tp1_eager_mtp-on_w2b_20260914T211728Z_5,qwen35-27b,1,eager,on,w2b,0,5,0,25219527.4,Step:Schedule,133,133,133,134,189620.507,schedule: allocate_slots,133,1.0,44.795,44.4,46.188,52.124,42.74,54.83,5957.7,0.024,632.0,20260914T211728Z,True
tdb_qwen35-27b_tp1_eager_mtp-on_w2b_20260914T211728Z_5,qwen35-27b,1,eager,on,w2b,0,5,0,25219527.4,Step:Schedule,133,133,133,134,189620.507,schedule: get_num_common_prefix_blocks,133,1.0,2.415,2.4,2.63,2.811,2.15,2.88,321.2,0.001,632.0,20260914T211728Z,True
tdb_qwen35-27b_tp1_eager_mtp-on_w2b_20260914T211728Z_5,qwen35-27b,1,eager,on,w2b,0,5,0,25219527.4,Step:Schedule,133,133,133,134,189620.507,schedule: make_cached_request_data,133,1.0,12.768,12.59,13.982,15.631,11.14,16.1,1698.1,0.007,632.0,20260914T211728Z,True
tdb_qwen35-27b_tp1_eager_mtp-on_w2b_20260914T211728Z_5,qwen35-27b,1,eager,on,w2b,0,5,0,25219527.4,Step:Schedule,133,133,133,134,189620.507,schedule: update_after_schedule,133,1.0,7.825,7.63,8.216,9.4,7.04,19.76,1040.8,0.004,632.0,20260914T211728Z,True
tdb_qwen35-27b_tp1_eager_mtp-on_w2b_20260914T211728Z_5,qwen35-27b,1,eager,on,w2b,0,5,1,25108015.6,Step:Schedule,134,134,134,135,187373.251,Step:Output,135,1.0075,58.711,58.13,62.246,68.3,54.59,76.35,7925.9,0.031,252628464.0,20260914T211728Z,True
tdb_qwen35-27b_tp1_eager_mtp-on_w2b_20260914T211728Z_5,qwen35-27b,1,eager,on,w2b,0,5,1,25108015.6,Step:Schedule,134,134,134,135,187373.251,Step:Schedule,134,1.0,522.978,627.995,658.055,750.456,257.57,768.91,70079.1,0.279,252628464.0,20260914T211728Z,True
tdb_qwen35-27b_tp1_eager_mtp-on_w2b_20260914T211728Z_5,qwen35-27b,1,eager,on,w2b,0,5,1,25108015.6,Step:Schedule,134,134,134,135,187373.251,async_state_update,135,1.0075,355.848,230.13,556.178,571.677,189.22,575.32,48039.5,0.19,252628464.0,20260914T211728Z,True
tdb_qwen35-27b_tp1_eager_mtp-on_w2b_20260914T211728Z_5,qwen35-27b,1,eager,on,w2b,0,5,1,25108015.6,Step:Schedule,134,134,134,135,187373.251,draft_token,135,1.0075,14075.681,14012.16,14563.74,15357.834,13255.99,15420.78,1900216.9,7.512,252628464.0,20260914T211728Z,True
tdb_qwen35-27b_tp1_eager_mtp-on_w2b_20260914T211728Z_5,qwen35-27b,1,eager,on,w2b,0,5,1,25108015.6,Step:Schedule,134,134,134,135,187373.251,forward,135,1.0075,161106.159,160607.84,166773.126,172862.481,151377.22,174992.57,21749331.5,85.981,252628464.0,20260914T211728Z,True
tdb_qwen35-27b_tp1_eager_mtp-on_w2b_20260914T211728Z_5,qwen35-27b,1,eager,on,w2b,0,5,1,25108015.6,Step:Schedule,134,134,134,135,187373.251,model: mtp: draft_forward,270,2.0149,2480.754,2388.21,2727.473,2840.558,2195.27,2905.32,669803.5,1.324,252628464.0,20260914T211728Z,True
tdb_qwen35-27b_tp1_eager_mtp-on_w2b_20260914T211728Z_5,qwen35-27b,1,eager,on,w2b,0,5,1,25108015.6,Step:Schedule,134,134,134,135,187373.251,model: mtp: first_pass,135,1.0075,2544.863,2639.41,2753.646,2863.154,2190.4,2876.14,343556.5,1.358,252628464.0,20260914T211728Z,True
tdb_qwen35-27b_tp1_eager_mtp-on_w2b_20260914T211728Z_5,qwen35-27b,1,eager,on,w2b,0,5,1,25108015.6,Step:Schedule,134,134,134,135,187373.251,model: mtp: propose,135,1.0075,12622.903,12618.17,13036.89,13720.839,11960.28,13913.28,1704091.9,6.737,252628464.0,20260914T211728Z,True
tdb_qwen35-27b_tp1_eager_mtp-on_w2b_20260914T211728Z_5,qwen35-27b,1,eager,on,w2b,0,5,1,25108015.6,Step:Schedule,134,134,134,135,187373.251,post process,135,1.0075,132.868,110.78,126.802,466.801,100.41,481.64,17937.2,0.071,252628464.0,20260914T211728Z,True
tdb_qwen35-27b_tp1_eager_mtp-on_w2b_20260914T211728Z_5,qwen35-27b,1,eager,on,w2b,0,5,1,25108015.6,Step:Schedule,134,134,134,135,187373.251,prepare input,134,1.0,7422.613,7400.735,7651.718,8003.217,6907.81,8205.25,994630.1,3.961,252628464.0,20260914T211728Z,True
tdb_qwen35-27b_tp1_eager_mtp-on_w2b_20260914T211728Z_5,qwen35-27b,1,eager,on,w2b,0,5,1,25108015.6,Step:Schedule,134,134,134,135,187373.251,sample_token,135,1.0075,712.804,796.77,824.546,867.918,425.78,898.45,96228.5,0.38,252628464.0,20260914T211728Z,True
tdb_qwen35-27b_tp1_eager_mtp-on_w2b_20260914T211728Z_5,qwen35-27b,1,eager,on,w2b,0,5,1,25108015.6,Step:Schedule,134,134,134,135,187373.251,schedule: allocate_slots,134,1.0,44.43,44.195,45.868,48.48,42.25,56.71,5953.6,0.024,252628464.0,20260914T211728Z,True
tdb_qwen35-27b_tp1_eager_mtp-on_w2b_20260914T211728Z_5,qwen35-27b,1,eager,on,w2b,0,5,1,25108015.6,Step:Schedule,134,134,134,135,187373.251,schedule: get_num_common_prefix_blocks,134,1.0,2.399,2.37,2.63,2.747,2.08,2.8,321.4,0.001,252628464.0,20260914T211728Z,True
tdb_qwen35-27b_tp1_eager_mtp-on_w2b_20260914T211728Z_5,qwen35-27b,1,eager,on,w2b,0,5,1,25108015.6,Step:Schedule,134,134,134,135,187373.251,schedule: make_cached_request_data,134,1.0,12.7,12.49,13.801,15.697,11.16,22.76,1701.9,0.007,252628464.0,20260914T211728Z,True
tdb_qwen35-27b_tp1_eager_mtp-on_w2b_20260914T211728Z_5,qwen35-27b,1,eager,on,w2b,0,5,1,25108015.6,Step:Schedule,134,134,134,135,187373.251,schedule: update_after_schedule,134,1.0,7.482,7.47,7.767,8.407,6.75,10.35,1002.5,0.004,252628464.0,20260914T211728Z,True
tdb_qwen35-27b_tp1_eager_mtp-on_w2b_20260914T211728Z_5,qwen35-27b,1,eager,on,w2b,0,5,2,25278438.4,Step:Schedule,134,134,134,135,188645.063,Step:Output,135,1.0075,58.751,58.32,61.016,68.426,53.95,71.76,7931.4,0.031,502364872.0,20260914T211728Z,True
tdb_qwen35-27b_tp1_eager_mtp-on_w2b_20260914T211728Z_5,qwen35-27b,1,eager,on,w2b,0,5,2,25278438.4,Step:Schedule,134,134,134,135,188645.063,Step:Schedule,134,1.0,474.049,612.475,653.659,738.129,262.4,744.52,63522.6,0.251,502364872.0,20260914T211728Z,True
tdb_qwen35-27b_tp1_eager_mtp-on_w2b_20260914T211728Z_5,qwen35-27b,1,eager,on,w2b,0,5,2,25278438.4,Step:Schedule,134,134,134,135,188645.063,async_state_update,135,1.0075,324.431,208.88,547.136,563.398,190.79,568.24,43798.2,0.172,502364872.0,20260914T211728Z,True
tdb_qwen35-27b_tp1_eager_mtp-on_w2b_20260914T211728Z_5,qwen35-27b,1,eager,on,w2b,0,5,2,25278438.4,Step:Schedule,134,134,134,135,188645.063,draft_token,135,1.0075,14195.485,14132.23,14469.664,15281.188,13718.62,15716.1,1916390.5,7.525,502364872.0,20260914T211728Z,True
tdb_qwen35-27b_tp1_eager_mtp-on_w2b_20260914T211728Z_5,qwen35-27b,1,eager,on,w2b,0,5,2,25278438.4,Step:Schedule,134,134,134,135,188645.063,forward,135,1.0075,162375.127,162193.13,163346.53,166409.25,159764.39,169410.85,21920642.1,86.074,502364872.0,20260914T211728Z,True
tdb_qwen35-27b_tp1_eager_mtp-on_w2b_20260914T211728Z_5,qwen35-27b,1,eager,on,w2b,0,5,2,25278438.4,Step:Schedule,134,134,134,135,188645.063,model: mtp: draft_forward,270,2.0149,2454.779,2364.125,2714.817,2778.333,2266.08,2815.27,662790.3,1.301,502364872.0,20260914T211728Z,True
tdb_qwen35-27b_tp1_eager_mtp-on_w2b_20260914T211728Z_5,qwen35-27b,1,eager,on,w2b,0,5,2,25278438.4,Step:Schedule,134,134,134,135,188645.063,model: mtp: first_pass,135,1.0075,2616.208,2713.99,2744.344,2800.237,2306.99,2857.47,353188.1,1.387,502364872.0,20260914T211728Z,True
tdb_qwen35-27b_tp1_eager_mtp-on_w2b_20260914T211728Z_5,qwen35-27b,1,eager,on,w2b,0,5,2,25278438.4,Step:Schedule,134,134,134,135,188645.063,model: mtp: propose,135,1.0075,12690.511,12748.14,12896.978,13478.539,12296.19,14431.78,1713219.0,6.727,502364872.0,20260914T211728Z,True
tdb_qwen35-27b_tp1_eager_mtp-on_w2b_20260914T211728Z_5,qwen35-27b,1,eager,on,w2b,0,5,2,25278438.4,Step:Schedule,134,134,134,135,188645.063,post process,135,1.0075,125.472,110.01,124.452,442.214,104.4,474.94,16938.7,0.067,502364872.0,20260914T211728Z,True
tdb_qwen35-27b_tp1_eager_mtp-on_w2b_20260914T211728Z_5,qwen35-27b,1,eager,on,w2b,0,5,2,25278438.4,Step:Schedule,134,134,134,135,188645.063,prepare input,134,1.0,7352.778,7351.195,7415.007,7971.429,6930.04,8210.16,985272.3,3.898,502364872.0,20260914T211728Z,True
tdb_qwen35-27b_tp1_eager_mtp-on_w2b_20260914T211728Z_5,qwen35-27b,1,eager,on,w2b,0,5,2,25278438.4,Step:Schedule,134,134,134,135,188645.063,sample_token,135,1.0075,696.563,790.3,821.0,842.854,432.4,845.48,94036.1,0.369,502364872.0,20260914T211728Z,True
tdb_qwen35-27b_tp1_eager_mtp-on_w2b_20260914T211728Z_5,qwen35-27b,1,eager,on,w2b,0,5,2,25278438.4,Step:Schedule,134,134,134,135,188645.063,schedule: allocate_slots,134,1.0,44.427,44.2,45.719,47.639,42.5,56.45,5953.2,0.024,502364872.0,20260914T211728Z,True
tdb_qwen35-27b_tp1_eager_mtp-on_w2b_20260914T211728Z_5,qwen35-27b,1,eager,on,w2b,0,5,2,25278438.4,Step:Schedule,134,134,134,135,188645.063,schedule: get_num_common_prefix_blocks,134,1.0,2.424,2.395,2.63,2.797,2.13,2.99,324.9,0.001,502364872.0,20260914T211728Z,True
tdb_qwen35-27b_tp1_eager_mtp-on_w2b_20260914T211728Z_5,qwen35-27b,1,eager,on,w2b,0,5,2,25278438.4,Step:Schedule,134,134,134,135,188645.063,schedule: make_cached_request_data,134,1.0,12.365,12.22,12.904,15.961,11.21,23.84,1656.9,0.007,502364872.0,20260914T211728Z,True
tdb_qwen35-27b_tp1_eager_mtp-on_w2b_20260914T211728Z_5,qwen35-27b,1,eager,on,w2b,0,5,2,25278438.4,Step:Schedule,134,134,134,135,188645.063,schedule: update_after_schedule,134,1.0,7.535,7.54,7.807,8.124,6.92,8.29,1009.8,0.004,502364872.0,20260914T211728Z,True
tdb_qwen35-27b_tp1_eager_mtp-on_w2b_20260914T211728Z_5,qwen35-27b,1,eager,on,w2b,0,5,3,25245102.9,Step:Schedule,136,136,136,137,185625.757,Step:Output,137,1.0074,59.202,58.6,61.632,74.744,54.66,78.78,8110.7,0.032,755761699.0,20260914T211728Z,True
tdb_qwen35-27b_tp1_eager_mtp-on_w2b_20260914T211728Z_5,qwen35-27b,1,eager,on,w2b,0,5,3,25245102.9,Step:Schedule,136,136,136,137,185625.757,Step:Schedule,136,1.0,474.022,618.25,644.99,680.835,260.44,722.32,64467.0,0.255,755761699.0,20260914T211728Z,True
tdb_qwen35-27b_tp1_eager_mtp-on_w2b_20260914T211728Z_5,qwen35-27b,1,eager,on,w2b,0,5,3,25245102.9,Step:Schedule,136,136,136,137,185625.757,async_state_update,137,1.0074,329.576,208.49,547.166,556.594,185.96,569.94,45151.8,0.178,755761699.0,20260914T211728Z,True
tdb_qwen35-27b_tp1_eager_mtp-on_w2b_20260914T211728Z_5,qwen35-27b,1,eager,on,w2b,0,5,3,25245102.9,Step:Schedule,136,136,136,137,185625.757,draft_token,137,1.0074,14071.885,14024.01,14471.996,15233.913,13299.12,15700.05,1927848.3,7.581,755761699.0,20260914T211728Z,True
tdb_qwen35-27b_tp1_eager_mtp-on_w2b_20260914T211728Z_5,qwen35-27b,1,eager,on,w2b,0,5,3,25245102.9,Step:Schedule,136,136,136,137,185625.757,forward,137,1.0074,159432.271,159776.03,164591.302,165475.935,150923.15,165606.03,21842221.1,85.889,755761699.0,20260914T211728Z,True
tdb_qwen35-27b_tp1_eager_mtp-on_w2b_20260914T211728Z_5,qwen35-27b,1,eager,on,w2b,0,5,3,25245102.9,Step:Schedule,136,136,136,137,185625.757,model: mtp: draft_forward,274,2.0147,2451.575,2363.465,2706.949,2822.716,2214.46,2965.29,671731.5,1.321,755761699.0,20260914T211728Z,True
tdb_qwen35-27b_tp1_eager_mtp-on_w2b_20260914T211728Z_5,qwen35-27b,1,eager,on,w2b,0,5,3,25245102.9,Step:Schedule,136,136,136,137,185625.757,model: mtp: first_pass,137,1.0074,2536.466,2640.19,2746.33,2870.358,2251.33,2979.13,347495.8,1.366,755761699.0,20260914T211728Z,True
tdb_qwen35-27b_tp1_eager_mtp-on_w2b_20260914T211728Z_5,qwen35-27b,1,eager,on,w2b,0,5,3,25245102.9,Step:Schedule,136,136,136,137,185625.757,model: mtp: propose,137,1.0074,12611.894,12626.01,12952.832,13738.628,12044.15,14085.38,1727829.4,6.794,755761699.0,20260914T211728Z,True
tdb_qwen35-27b_tp1_eager_mtp-on_w2b_20260914T211728Z_5,qwen35-27b,1,eager,on,w2b,0,5,3,25245102.9,Step:Schedule,136,136,136,137,185625.757,post process,137,1.0074,136.728,111.83,132.466,461.03,105.19,473.04,18731.7,0.074,755761699.0,20260914T211728Z,True
tdb_qwen35-27b_tp1_eager_mtp-on_w2b_20260914T211728Z_5,qwen35-27b,1,eager,on,w2b,0,5,3,25245102.9,Step:Schedule,136,136,136,137,185625.757,prepare input,136,1.0,7410.122,7398.71,7521.085,8124.714,6896.61,8285.33,1007776.5,3.992,755761699.0,20260914T211728Z,True
tdb_qwen35-27b_tp1_eager_mtp-on_w2b_20260914T211728Z_5,qwen35-27b,1,eager,on,w2b,0,5,3,25245102.9,Step:Schedule,136,136,136,137,185625.757,sample_token,137,1.0074,724.89,799.74,823.312,840.72,434.17,851.35,99309.9,0.391,755761699.0,20260914T211728Z,True
tdb_qwen35-27b_tp1_eager_mtp-on_w2b_20260914T211728Z_5,qwen35-27b,1,eager,on,w2b,0,5,3,25245102.9,Step:Schedule,136,136,136,137,185625.757,schedule: allocate_slots,136,1.0,44.548,44.36,45.66,48.527,42.51,56.12,6058.5,0.024,755761699.0,20260914T211728Z,True
tdb_qwen35-27b_tp1_eager_mtp-on_w2b_20260914T211728Z_5,qwen35-27b,1,eager,on,w2b,0,5,3,25245102.9,Step:Schedule,136,136,136,137,185625.757,schedule: get_num_common_prefix_blocks,136,1.0,2.422,2.39,2.64,2.76,2.1,2.95,329.5,0.001,755761699.0,20260914T211728Z,True
tdb_qwen35-27b_tp1_eager_mtp-on_w2b_20260914T211728Z_5,qwen35-27b,1,eager,on,w2b,0,5,3,25245102.9,Step:Schedule,136,136,136,137,185625.757,schedule: make_cached_request_data,136,1.0,12.429,12.405,13.04,13.825,11.26,15.42,1690.3,0.007,755761699.0,20260914T211728Z,True
tdb_qwen35-27b_tp1_eager_mtp-on_w2b_20260914T211728Z_5,qwen35-27b,1,eager,on,w2b,0,5,3,25245102.9,Step:Schedule,136,136,136,137,185625.757,schedule: update_after_schedule,136,1.0,7.632,7.615,7.935,8.693,6.99,8.99,1037.9,0.004,755761699.0,20260914T211728Z,True
tdb_qwen35-27b_tp1_eager_mtp-on_w2b_20260914T211728Z_5,qwen35-27b,1,eager,on,w2b,0,5,4,25187367.4,Step:Schedule,133,133,133,134,189378.703,Step:Output,134,1.0075,58.657,58.485,60.794,70.372,54.83,79.9,7860.0,0.031,1010723062.0,20260914T211728Z,True
tdb_qwen35-27b_tp1_eager_mtp-on_w2b_20260914T211728Z_5,qwen35-27b,1,eager,on,w2b,0,5,4,25187367.4,Step:Schedule,133,133,133,134,189378.703,Step:Schedule,133,1.0,464.546,612.65,647.566,729.052,257.21,744.74,61784.7,0.245,1010723062.0,20260914T211728Z,True
tdb_qwen35-27b_tp1_eager_mtp-on_w2b_20260914T211728Z_5,qwen35-27b,1,eager,on,w2b,0,5,4,25187367.4,Step:Schedule,133,133,133,134,189378.703,async_state_update,134,1.0075,339.154,223.46,552.744,574.992,189.27,577.64,45446.6,0.179,1010723062.0,20260914T211728Z,True
tdb_qwen35-27b_tp1_eager_mtp-on_w2b_20260914T211728Z_5,qwen35-27b,1,eager,on,w2b,0,5,4,25187367.4,Step:Schedule,133,133,133,134,189378.703,draft_token,134,1.0075,14326.404,14330.94,14924.406,15465.904,13173.12,15523.73,1919738.2,7.565,1010723062.0,20260914T211728Z,True
tdb_qwen35-27b_tp1_eager_mtp-on_w2b_20260914T211728Z_5,qwen35-27b,1,eager,on,w2b,0,5,4,25187367.4,Step:Schedule,133,133,133,134,189378.703,forward,134,1.0075,162840.424,164631.595,166963.813,175019.077,150349.08,175514.27,21820616.8,85.987,1010723062.0,20260914T211728Z,True
tdb_qwen35-27b_tp1_eager_mtp-on_w2b_20260914T211728Z_5,qwen35-27b,1,eager,on,w2b,0,5,4,25187367.4,Step:Schedule,133,133,133,134,189378.703,model: mtp: draft_forward,268,2.015,2517.003,2423.865,2789.158,2881.666,2177.36,3196.26,674556.7,1.329,1010723062.0,20260914T211728Z,True
tdb_qwen35-27b_tp1_eager_mtp-on_w2b_20260914T211728Z_5,qwen35-27b,1,eager,on,w2b,0,5,4,25187367.4,Step:Schedule,133,133,133,134,189378.703,model: mtp: first_pass,134,1.0075,2571.398,2665.585,2782.493,2875.333,2220.33,2961.92,344567.3,1.358,1010723062.0,20260914T211728Z,True
tdb_qwen35-27b_tp1_eager_mtp-on_w2b_20260914T211728Z_5,qwen35-27b,1,eager,on,w2b,0,5,4,25187367.4,Step:Schedule,133,133,133,134,189378.703,model: mtp: propose,134,1.0075,12809.121,12917.39,13278.328,13798.026,11918.65,13885.25,1716422.2,6.764,1010723062.0,20260914T211728Z,True
tdb_qwen35-27b_tp1_eager_mtp-on_w2b_20260914T211728Z_5,qwen35-27b,1,eager,on,w2b,0,5,4,25187367.4,Step:Schedule,133,133,133,134,189378.703,post process,134,1.0075,148.765,113.77,221.627,489.211,98.42,500.12,19934.5,0.079,1010723062.0,20260914T211728Z,True
tdb_qwen35-27b_tp1_eager_mtp-on_w2b_20260914T211728Z_5,qwen35-27b,1,eager,on,w2b,0,5,4,25187367.4,Step:Schedule,133,133,133,134,189378.703,prepare input,133,1.0,7438.894,7428.86,7609.054,8147.21,6868.35,8170.67,989372.9,3.928,1010723062.0,20260914T211728Z,True
tdb_qwen35-27b_tp1_eager_mtp-on_w2b_20260914T211728Z_5,qwen35-27b,1,eager,on,w2b,0,5,4,25187367.4,Step:Schedule,133,133,133,134,189378.703,sample_token,134,1.0075,750.513,803.64,834.008,854.13,423.28,856.32,100568.7,0.396,1010723062.0,20260914T211728Z,True
tdb_qwen35-27b_tp1_eager_mtp-on_w2b_20260914T211728Z_5,qwen35-27b,1,eager,on,w2b,0,5,4,25187367.4,Step:Schedule,133,133,133,134,189378.703,schedule: allocate_slots,133,1.0,44.35,44.26,45.748,47.644,42.01,49.44,5898.5,0.023,1010723062.0,20260914T211728Z,True
tdb_qwen35-27b_tp1_eager_mtp-on_w2b_20260914T211728Z_5,qwen35-27b,1,eager,on,w2b,0,5,4,25187367.4,Step:Schedule,133,133,133,134,189378.703,schedule: get_num_common_prefix_blocks,133,1.0,2.403,2.39,2.58,2.724,2.15,2.76,319.6,0.001,1010723062.0,20260914T211728Z,True
tdb_qwen35-27b_tp1_eager_mtp-on_w2b_20260914T211728Z_5,qwen35-27b,1,eager,on,w2b,0,5,4,25187367.4,Step:Schedule,133,133,133,134,189378.703,schedule: make_cached_request_data,133,1.0,12.475,12.43,13.18,14.285,11.06,15.77,1659.2,0.007,1010723062.0,20260914T211728Z,True
tdb_qwen35-27b_tp1_eager_mtp-on_w2b_20260914T211728Z_5,qwen35-27b,1,eager,on,w2b,0,5,4,25187367.4,Step:Schedule,133,133,133,134,189378.703,schedule: update_after_schedule,133,1.0,7.587,7.56,7.868,8.305,6.98,9.59,1009.0,0.004,1010723062.0,20260914T211728Z,True
tdb_qwen35-27b_tp1_graph_mtp-off_m1c_20260914T235832Z_2,qwen35-27b,1,graph,off,m1c,0,2,0,25114950.2,prepare input,722,0,722,723,34785.25,async_state_update,723,1.0014,45.214,44.89,46.138,50.702,43.57,63.53,32689.9,0.13,1094.0,20260914T235832Z,True
tdb_qwen35-27b_tp1_graph_mtp-off_m1c_20260914T235832Z_2,qwen35-27b,1,graph,off,m1c,0,2,0,25114950.2,prepare input,722,0,722,723,34785.25,draft_token,723,1.0014,2.36,2.34,2.52,3.174,2.04,3.31,1706.3,0.007,1094.0,20260914T235832Z,True
tdb_qwen35-27b_tp1_graph_mtp-off_m1c_20260914T235832Z_2,qwen35-27b,1,graph,off,m1c,0,2,0,25114950.2,prepare input,722,0,722,723,34785.25,forward,723,1.0014,29978.244,29893.7,30797.906,31077.21,1933.82,31463.6,21674270.1,86.181,1094.0,20260914T235832Z,True
tdb_qwen35-27b_tp1_graph_mtp-off_m1c_20260914T235832Z_2,qwen35-27b,1,graph,off,m1c,0,2,0,25114950.2,prepare input,722,0,722,723,34785.25,post process,723,1.0014,123.759,122.18,126.792,145.446,118.12,167.63,89478.0,0.356,1094.0,20260914T235832Z,True
tdb_qwen35-27b_tp1_graph_mtp-off_m1c_20260914T235832Z_2,qwen35-27b,1,graph,off,m1c,0,2,0,25114950.2,prepare input,722,0,722,723,34785.25,prepare input,722,1.0,3709.118,3852.73,3892.284,3956.655,2758.81,4061.31,2677983.1,10.663,1094.0,20260914T235832Z,True
tdb_qwen35-27b_tp1_graph_mtp-off_m1c_20260914T235832Z_2,qwen35-27b,1,graph,off,m1c,0,2,0,25114950.2,prepare input,722,0,722,723,34785.25,sample_token,723,1.0014,165.184,164.01,172.46,187.891,150.35,204.7,119427.9,0.475,1094.0,20260914T235832Z,True
tdb_qwen35-27b_tp1_graph_mtp-off_m1c_20260914T235832Z_2,qwen35-27b,1,graph,off,m1c,0,2,1,25134608.3,prepare input,723,0,723,724,34764.327,async_state_update,724,1.0014,45.817,45.52,46.53,50.718,43.9,64.46,33171.2,0.132,251343145.0,20260914T235832Z,True
tdb_qwen35-27b_tp1_graph_mtp-off_m1c_20260914T235832Z_2,qwen35-27b,1,graph,off,m1c,0,2,1,25134608.3,prepare input,723,0,723,724,34764.327,draft_token,724,1.0014,2.42,2.42,2.59,2.783,2.05,3.08,1752.1,0.007,251343145.0,20260914T235832Z,True
tdb_qwen35-27b_tp1_graph_mtp-off_m1c_20260914T235832Z_2,qwen35-27b,1,graph,off,m1c,0,2,1,25134608.3,prepare input,723,0,723,724,34764.327,forward,724,1.0014,30849.9,30893.15,30972.855,31084.857,1686.37,31445.03,22335328.0,88.74,251343145.0,20260914T235832Z,True
tdb_qwen35-27b_tp1_graph_mtp-off_m1c_20260914T235832Z_2,qwen35-27b,1,graph,off,m1c,0,2,1,25134608.3,prepare input,723,0,723,724,34764.327,post process,724,1.0014,120.894,120.15,122.654,139.014,115.2,151.94,87527.6,0.348,251343145.0,20260914T235832Z,True
tdb_qwen35-27b_tp1_graph_mtp-off_m1c_20260914T235832Z_2,qwen35-27b,1,graph,off,m1c,0,2,1,25134608.3,prepare input,723,0,723,724,34764.327,prepare input,723,1.0,2809.873,2804.3,2827.286,3010.935,2744.31,3126.25,2031538.5,8.083,251343145.0,20260914T235832Z,True
tdb_qwen35-27b_tp1_graph_mtp-off_m1c_20260914T235832Z_2,qwen35-27b,1,graph,off,m1c,0,2,1,25134608.3,prepare input,723,0,723,724,34764.327,sample_token,724,1.0014,168.093,167.33,173.515,185.498,156.95,218.29,121699.5,0.484,251343145.0,20260914T235832Z,True
tdb_qwen35-27b_tp1_graph_mtp-off_m1c_20260914T235832Z_2,qwen35-27b,1,graph,off,m1c,0,2,2,25139904.1,prepare input,713,0,713,714,35259.333,async_state_update,714,1.0014,49.123,48.745,50.184,61.991,45.69,95.24,35074.0,0.139,502732987.0,20260914T235832Z,True
tdb_qwen35-27b_tp1_graph_mtp-off_m1c_20260914T235832Z_2,qwen35-27b,1,graph,off,m1c,0,2,2,25139904.1,prepare input,713,0,713,714,35259.333,draft_token,714,1.0014,2.665,2.625,2.81,3.009,2.2,17.93,1902.7,0.008,502732987.0,20260914T235832Z,True
tdb_qwen35-27b_tp1_graph_mtp-off_m1c_20260914T235832Z_2,qwen35-27b,1,graph,off,m1c,0,2,2,25139904.1,prepare input,713,0,713,714,35259.333,forward,714,1.0014,31013.153,30604.78,30749.317,32844.819,1796.1,196353.01,22143391.1,87.957,502732987.0,20260914T235832Z,True
tdb_qwen35-27b_tp1_graph_mtp-off_m1c_20260914T235832Z_2,qwen35-27b,1,graph,off,m1c,0,2,2,25139904.1,prepare input,713,0,713,714,35259.333,post process,714,1.0014,137.771,137.83,144.127,159.917,125.1,178.47,98368.8,0.391,502732987.0,20260914T235832Z,True
tdb_qwen35-27b_tp1_graph_mtp-off_m1c_20260914T235832Z_2,qwen35-27b,1,graph,off,m1c,0,2,2,25139904.1,prepare input,713,0,713,714,35259.333,prepare input,713,1.0,3014.711,3012.35,3095.82,3169.873,2860.13,4034.21,2149488.7,8.55,502732987.0,20260914T235832Z,True
tdb_qwen35-27b_tp1_graph_mtp-off_m1c_20260914T235832Z_2,qwen35-27b,1,graph,off,m1c,0,2,2,25139904.1,prepare input,713,0,713,714,35259.333,sample_token,714,1.0014,195.253,187.665,225.047,244.198,142.81,292.33,139410.3,0.554,502732987.0,20260914T235832Z,True
tdb_qwen35-27b_tp1_graph_mtp-off_m1c_20260914T235832Z_2,qwen35-27b,1,graph,off,m1c,0,2,3,25104751.4,prepare input,722,0,722,723,34771.124,async_state_update,723,1.0014,48.421,47.89,50.072,60.78,45.83,65.34,35008.5,0.139,755502931.0,20260914T235832Z,True
tdb_qwen35-27b_tp1_graph_mtp-off_m1c_20260914T235832Z_2,qwen35-27b,1,graph,off,m1c,0,2,3,25104751.4,prepare input,722,0,722,723,34771.124,draft_token,723,1.0014,2.656,2.65,2.84,3.123,2.26,3.93,1920.6,0.008,755502931.0,20260914T235832Z,True
tdb_qwen35-27b_tp1_graph_mtp-off_m1c_20260914T235832Z_2,qwen35-27b,1,graph,off,m1c,0,2,3,25104751.4,prepare input,722,0,722,723,34771.124,forward,723,1.0014,30649.787,30703.58,30812.004,30871.124,1797.63,30940.81,22159795.8,88.147,755502931.0,20260914T235832Z,True
tdb_qwen35-27b_tp1_graph_mtp-off_m1c_20260914T235832Z_2,qwen35-27b,1,graph,off,m1c,0,2,3,25104751.4,prepare input,722,0,722,723,34771.124,post process,723,1.0014,130.173,131.75,139.046,151.734,118.96,161.72,94114.9,0.374,755502931.0,20260914T235832Z,True
tdb_qwen35-27b_tp1_graph_mtp-off_m1c_20260914T235832Z_2,qwen35-27b,1,graph,off,m1c,0,2,3,25104751.4,prepare input,722,0,722,723,34771.124,prepare input,722,1.0,2955.235,2944.965,3049.536,3220.839,2821.17,3263.74,2133679.5,8.499,755502931.0,20260914T235832Z,True
tdb_qwen35-27b_tp1_graph_mtp-off_m1c_20260914T235832Z_2,qwen35-27b,1,graph,off,m1c,0,2,3,25104751.4,prepare input,722,0,722,723,34771.124,sample_token,723,1.0014,178.075,176.94,184.056,194.641,161.04,216.58,128748.1,0.512,755502931.0,20260914T235832Z,True
tdb_qwen35-27b_tp1_graph_mtp-off_m1c_20260914T235832Z_2,qwen35-27b,1,graph,off,m1c,0,2,4,25106954.9,prepare input,722,0,722,723,34774.176,async_state_update,723,1.0014,48.109,48.06,49.23,52.069,45.18,62.18,34782.5,0.138,1006665158.0,20260914T235832Z,True
tdb_qwen35-27b_tp1_graph_mtp-off_m1c_20260914T235832Z_2,qwen35-27b,1,graph,off,m1c,0,2,4,25106954.9,prepare input,722,0,722,723,34774.176,draft_token,723,1.0014,2.626,2.61,2.8,2.938,2.21,15.4,1898.7,0.008,1006665158.0,20260914T235832Z,True
tdb_qwen35-27b_tp1_graph_mtp-off_m1c_20260914T235832Z_2,qwen35-27b,1,graph,off,m1c,0,2,4,25106954.9,prepare input,722,0,722,723,34774.176,forward,723,1.0014,30684.72,30727.51,30853.474,30960.029,1751.4,31065.43,22185052.6,88.24,1006665158.0,20260914T235832Z,True
tdb_qwen35-27b_tp1_graph_mtp-off_m1c_20260914T235832Z_2,qwen35-27b,1,graph,off,m1c,0,2,4,25106954.9,prepare input,722,0,722,723,34774.176,post process,723,1.0014,131.456,134.01,137.602,147.84,118.74,173.43,95042.5,0.378,1006665158.0,20260914T235832Z,True
tdb_qwen35-27b_tp1_graph_mtp-off_m1c_20260914T235832Z_2,qwen35-27b,1,graph,off,m1c,0,2,4,25106954.9,prepare input,722,0,722,723,34774.176,prepare input,722,1.0,2934.835,2957.205,3006.43,3035.434,2790.88,6472.89,2118950.6,8.44,1006665158.0,20260914T235832Z,True
tdb_qwen35-27b_tp1_graph_mtp-off_m1c_20260914T235832Z_2,qwen35-27b,1,graph,off,m1c,0,2,4,25106954.9,prepare input,722,0,722,723,34774.176,sample_token,723,1.0014,180.58,176.36,203.722,235.709,154.08,247.26,130559.1,0.519,1006665158.0,20260914T235832Z,True
tdb_qwen35-27b_tp1_graph_mtp-off_w2b_20260914T211728Z_2,qwen35-27b,1,graph,off,w2b,0,2,0,25105383.7,Step:Schedule,717,717,717,718,35014.482,Step:Output,718,1.0014,39.111,38.76,40.603,47.687,35.93,58.75,28081.4,0.112,572.0,20260914T211728Z,True
tdb_qwen35-27b_tp1_graph_mtp-off_w2b_20260914T211728Z_2,qwen35-27b,1,graph,off,w2b,0,2,0,25105383.7,Step:Schedule,717,717,717,718,35014.482,Step:Schedule,717,1.0,430.946,493.88,611.544,630.589,221.68,700.29,308988.4,1.231,572.0,20260914T211728Z,True
tdb_qwen35-27b_tp1_graph_mtp-off_w2b_20260914T211728Z_2,qwen35-27b,1,graph,off,w2b,0,2,0,25105383.7,Step:Schedule,717,717,717,718,35014.482,async_state_update,718,1.0014,59.907,46.46,50.287,381.303,42.51,395.87,43013.0,0.171,572.0,20260914T211728Z,True
tdb_qwen35-27b_tp1_graph_mtp-off_w2b_20260914T211728Z_2,qwen35-27b,1,graph,off,w2b,0,2,0,25105383.7,Step:Schedule,717,717,717,718,35014.482,draft_token,718,1.0014,2.396,2.38,2.62,2.798,1.87,3.07,1720.3,0.007,572.0,20260914T211728Z,True
tdb_qwen35-27b_tp1_graph_mtp-off_w2b_20260914T211728Z_2,qwen35-27b,1,graph,off,w2b,0,2,0,25105383.7,Step:Schedule,717,717,717,718,35014.482,forward,718,1.0014,28536.736,28597.12,28770.327,28879.031,26023.68,29471.83,20489376.2,81.5,572.0,20260914T211728Z,True
tdb_qwen35-27b_tp1_graph_mtp-off_w2b_20260914T211728Z_2,qwen35-27b,1,graph,off,w2b,0,2,0,25105383.7,Step:Schedule,717,717,717,718,35014.482,post process,718,1.0014,145.173,112.47,147.304,481.709,106.95,501.12,104233.9,0.415,572.0,20260914T211728Z,True
tdb_qwen35-27b_tp1_graph_mtp-off_w2b_20260914T211728Z_2,qwen35-27b,1,graph,off,w2b,0,2,0,25105383.7,Step:Schedule,717,717,717,718,35014.482,prepare input,717,1.0,4291.287,4262.31,4415.644,4832.445,3870.66,6828.06,3076853.1,12.256,572.0,20260914T211728Z,True
tdb_qwen35-27b_tp1_graph_mtp-off_w2b_20260914T211728Z_2,qwen35-27b,1,graph,off,w2b,0,2,0,25105383.7,Step:Schedule,717,717,717,718,35014.482,sample_token,718,1.0014,187.174,108.36,470.841,493.88,102.14,793.44,134390.9,0.535,572.0,20260914T211728Z,True
tdb_qwen35-27b_tp1_graph_mtp-off_w2b_20260914T211728Z_2,qwen35-27b,1,graph,off,w2b,0,2,0,25105383.7,Step:Schedule,717,717,717,718,35014.482,schedule: allocate_slots,717,1.0,39.501,39.24,40.764,43.748,37.25,51.79,28322.0,0.113,572.0,20260914T211728Z,True
tdb_qwen35-27b_tp1_graph_mtp-off_w2b_20260914T211728Z_2,qwen35-27b,1,graph,off,w2b,0,2,0,25105383.7,Step:Schedule,717,717,717,718,35014.482,schedule: get_num_common_prefix_blocks,717,1.0,2.215,2.19,2.39,2.568,1.88,8.67,1588.5,0.006,572.0,20260914T211728Z,True
tdb_qwen35-27b_tp1_graph_mtp-off_w2b_20260914T211728Z_2,qwen35-27b,1,graph,off,w2b,0,2,0,25105383.7,Step:Schedule,717,717,717,718,35014.482,schedule: make_cached_request_data,717,1.0,11.158,11.06,11.73,12.734,10.29,15.26,8000.4,0.032,572.0,20260914T211728Z,True
tdb_qwen35-27b_tp1_graph_mtp-off_w2b_20260914T211728Z_2,qwen35-27b,1,graph,off,w2b,0,2,0,25105383.7,Step:Schedule,717,717,717,718,35014.482,schedule: update_after_schedule,717,1.0,7.093,7.06,7.33,7.665,6.34,19.74,5085.8,0.02,572.0,20260914T211728Z,True
tdb_qwen35-27b_tp1_graph_mtp-off_w2b_20260914T211728Z_2,qwen35-27b,1,graph,off,w2b,0,2,1,25133495.5,Step:Schedule,718,718,718,719,35004.868,Step:Output,719,1.0014,41.328,41.14,42.08,49.944,38.84,58.94,29714.8,0.118,252246324.0,20260914T211728Z,True
tdb_qwen35-27b_tp1_graph_mtp-off_w2b_20260914T211728Z_2,qwen35-27b,1,graph,off,w2b,0,2,1,25133495.5,Step:Schedule,718,718,718,719,35004.868,Step:Schedule,718,1.0,496.635,591.33,631.19,648.271,233.18,705.69,356583.7,1.419,252246324.0,20260914T211728Z,True
tdb_qwen35-27b_tp1_graph_mtp-off_w2b_20260914T211728Z_2,qwen35-27b,1,graph,off,w2b,0,2,1,25133495.5,Step:Schedule,718,718,718,719,35004.868,async_state_update,719,1.0014,72.366,48.26,62.456,384.917,44.91,407.16,52030.9,0.207,252246324.0,20260914T211728Z,True
tdb_qwen35-27b_tp1_graph_mtp-off_w2b_20260914T211728Z_2,qwen35-27b,1,graph,off,w2b,0,2,1,25133495.5,Step:Schedule,718,718,718,719,35004.868,draft_token,719,1.0014,2.463,2.44,2.69,2.925,2.06,3.34,1770.8,0.007,252246324.0,20260914T211728Z,True
tdb_qwen35-27b_tp1_graph_mtp-off_w2b_20260914T211728Z_2,qwen35-27b,1,graph,off,w2b,0,2,1,25133495.5,Step:Schedule,718,718,718,719,35004.868,forward,719,1.0014,28275.832,28387.02,28504.998,28646.475,27539.3,29571.73,20330323.0,80.777,252246324.0,20260914T211728Z,True
tdb_qwen35-27b_tp1_graph_mtp-off_w2b_20260914T211728Z_2,qwen35-27b,1,graph,off,w2b,0,2,1,25133495.5,Step:Schedule,718,718,718,719,35004.868,post process,719,1.0014,161.684,130.69,155.34,490.183,123.78,507.79,116250.9,0.462,252246324.0,20260914T211728Z,True
tdb_qwen35-27b_tp1_graph_mtp-off_w2b_20260914T211728Z_2,qwen35-27b,1,graph,off,w2b,0,2,1,25133495.5,Step:Schedule,718,718,718,719,35004.868,prepare input,718,1.0,4465.002,4419.98,4715.94,4817.786,4314.63,5254.56,3205871.6,12.755,252246324.0,20260914T211728Z,True
tdb_qwen35-27b_tp1_graph_mtp-off_w2b_20260914T211728Z_2,qwen35-27b,1,graph,off,w2b,0,2,1,25133495.5,Step:Schedule,718,718,718,719,35004.868,sample_token,719,1.0014,193.932,120.73,475.564,497.429,114.83,509.84,139437.0,0.554,252246324.0,20260914T211728Z,True
tdb_qwen35-27b_tp1_graph_mtp-off_w2b_20260914T211728Z_2,qwen35-27b,1,graph,off,w2b,0,2,1,25133495.5,Step:Schedule,718,718,718,719,35004.868,schedule: allocate_slots,718,1.0,41.999,41.69,42.933,52.72,39.5,58.61,30155.2,0.12,252246324.0,20260914T211728Z,True
tdb_qwen35-27b_tp1_graph_mtp-off_w2b_20260914T211728Z_2,qwen35-27b,1,graph,off,w2b,0,2,1,25133495.5,Step:Schedule,718,718,718,719,35004.868,schedule: get_num_common_prefix_blocks,718,1.0,2.288,2.27,2.423,2.638,1.96,11.45,1642.6,0.007,252246324.0,20260914T211728Z,True
tdb_qwen35-27b_tp1_graph_mtp-off_w2b_20260914T211728Z_2,qwen35-27b,1,graph,off,w2b,0,2,1,25133495.5,Step:Schedule,718,718,718,719,35004.868,schedule: make_cached_request_data,718,1.0,11.988,11.96,12.45,13.0,10.87,21.33,8607.3,0.034,252246324.0,20260914T211728Z,True
tdb_qwen35-27b_tp1_graph_mtp-off_w2b_20260914T211728Z_2,qwen35-27b,1,graph,off,w2b,0,2,1,25133495.5,Step:Schedule,718,718,718,719,35004.868,schedule: update_after_schedule,718,1.0,7.309,7.24,7.493,7.95,6.58,24.23,5247.7,0.021,252246324.0,20260914T211728Z,True
tdb_qwen35-27b_tp1_graph_mtp-off_w2b_20260914T211728Z_2,qwen35-27b,1,graph,off,w2b,0,2,2,25104819.6,Step:Schedule,717,717,717,718,35013.695,Step:Output,718,1.0014,43.045,43.19,44.283,56.256,38.44,63.63,30906.6,0.123,504275909.0,20260914T211728Z,True
tdb_qwen35-27b_tp1_graph_mtp-off_w2b_20260914T211728Z_2,qwen35-27b,1,graph,off,w2b,0,2,2,25104819.6,Step:Schedule,717,717,717,718,35013.695,Step:Schedule,717,1.0,486.268,607.04,625.172,644.251,234.4,763.08,348653.9,1.389,504275909.0,20260914T211728Z,True
tdb_qwen35-27b_tp1_graph_mtp-off_w2b_20260914T211728Z_2,qwen35-27b,1,graph,off,w2b,0,2,2,25104819.6,Step:Schedule,717,717,717,718,35013.695,async_state_update,718,1.0014,61.696,49.775,54.403,385.904,43.54,400.24,44297.8,0.176,504275909.0,20260914T211728Z,True
tdb_qwen35-27b_tp1_graph_mtp-off_w2b_20260914T211728Z_2,qwen35-27b,1,graph,off,w2b,0,2,2,25104819.6,Step:Schedule,717,717,717,718,35013.695,draft_token,718,1.0014,2.688,2.685,2.91,3.12,2.2,3.53,1929.9,0.008,504275909.0,20260914T211728Z,True
tdb_qwen35-27b_tp1_graph_mtp-off_w2b_20260914T211728Z_2,qwen35-27b,1,graph,off,w2b,0,2,2,25104819.6,Step:Schedule,717,717,717,718,35013.695,forward,718,1.0014,28247.02,28331.175,28507.464,28651.698,27313.49,29628.25,20281360.7,80.674,504275909.0,20260914T211728Z,True
tdb_qwen35-27b_tp1_graph_mtp-off_w2b_20260914T211728Z_2,qwen35-27b,1,graph,off,w2b,0,2,2,25104819.6,Step:Schedule,717,717,717,718,35013.695,post process,718,1.0014,154.62,130.455,222.901,493.213,115.31,515.25,111017.2,0.442,504275909.0,20260914T211728Z,True
tdb_qwen35-27b_tp1_graph_mtp-off_w2b_20260914T211728Z_2,qwen35-27b,1,graph,off,w2b,0,2,2,25104819.6,Step:Schedule,717,717,717,718,35013.695,prepare input,717,1.0,4431.116,4403.94,4655.392,4813.72,3935.77,5518.6,3177110.3,12.655,504275909.0,20260914T211728Z,True
tdb_qwen35-27b_tp1_graph_mtp-off_w2b_20260914T211728Z_2,qwen35-27b,1,graph,off,w2b,0,2,2,25104819.6,Step:Schedule,717,717,717,718,35013.695,sample_token,718,1.0014,149.101,117.875,140.042,487.03,107.11,501.24,107054.3,0.426,504275909.0,20260914T211728Z,True
tdb_qwen35-27b_tp1_graph_mtp-off_w2b_20260914T211728Z_2,qwen35-27b,1,graph,off,w2b,0,2,2,25104819.6,Step:Schedule,717,717,717,718,35013.695,schedule: allocate_slots,717,1.0,42.235,42.25,43.512,50.551,38.73,55.49,30282.3,0.121,504275909.0,20260914T211728Z,True
tdb_qwen35-27b_tp1_graph_mtp-off_w2b_20260914T211728Z_2,qwen35-27b,1,graph,off,w2b,0,2,2,25104819.6,Step:Schedule,717,717,717,718,35013.695,schedule: get_num_common_prefix_blocks,717,1.0,2.303,2.29,2.49,2.725,1.96,3.43,1651.2,0.007,504275909.0,20260914T211728Z,True
tdb_qwen35-27b_tp1_graph_mtp-off_w2b_20260914T211728Z_2,qwen35-27b,1,graph,off,w2b,0,2,2,25104819.6,Step:Schedule,717,717,717,718,35013.695,schedule: make_cached_request_data,717,1.0,11.878,11.88,12.43,13.132,10.49,17.23,8516.3,0.034,504275909.0,20260914T211728Z,True
tdb_qwen35-27b_tp1_graph_mtp-off_w2b_20260914T211728Z_2,qwen35-27b,1,graph,off,w2b,0,2,2,25104819.6,Step:Schedule,717,717,717,718,35013.695,schedule: update_after_schedule,717,1.0,7.501,7.4,8.14,8.458,6.53,19.45,5378.1,0.021,504275909.0,20260914T211728Z,True
tdb_qwen35-27b_tp1_graph_mtp-off_w2b_20260914T211728Z_2,qwen35-27b,1,graph,off,w2b,0,2,3,25159028.0,Step:Schedule,719,719,719,720,34991.694,Step:Output,720,1.0014,42.804,42.71,44.021,46.967,39.22,58.28,30818.6,0.122,756380558.0,20260914T211728Z,True
tdb_qwen35-27b_tp1_graph_mtp-off_w2b_20260914T211728Z_2,qwen35-27b,1,graph,off,w2b,0,2,3,25159028.0,Step:Schedule,719,719,719,720,34991.694,Step:Schedule,719,1.0,475.918,601.81,630.902,656.096,235.13,790.83,342185.1,1.36,756380558.0,20260914T211728Z,True
tdb_qwen35-27b_tp1_graph_mtp-off_w2b_20260914T211728Z_2,qwen35-27b,1,graph,off,w2b,0,2,3,25159028.0,Step:Schedule,719,719,719,720,34991.694,async_state_update,720,1.0014,64.605,48.64,55.008,383.311,44.89,392.19,46515.8,0.185,756380558.0,20260914T211728Z,True
tdb_qwen35-27b_tp1_graph_mtp-off_w2b_20260914T211728Z_2,qwen35-27b,1,graph,off,w2b,0,2,3,25159028.0,Step:Schedule,719,719,719,720,34991.694,draft_token,720,1.0014,2.687,2.66,2.87,3.148,2.16,19.94,1934.7,0.008,756380558.0,20260914T211728Z,True
tdb_qwen35-27b_tp1_graph_mtp-off_w2b_20260914T211728Z_2,qwen35-27b,1,graph,off,w2b,0,2,3,25159028.0,Step:Schedule,719,719,719,720,34991.694,forward,720,1.0014,28211.763,28289.075,28512.476,28656.859,25265.85,29437.9,20312469.3,80.624,756380558.0,20260914T211728Z,True
tdb_qwen35-27b_tp1_graph_mtp-off_w2b_20260914T211728Z_2,qwen35-27b,1,graph,off,w2b,0,2,3,25159028.0,Step:Schedule,719,719,719,720,34991.694,post process,720,1.0014,162.457,131.64,225.376,494.497,121.67,547.65,116969.1,0.464,756380558.0,20260914T211728Z,True
tdb_qwen35-27b_tp1_graph_mtp-off_w2b_20260914T211728Z_2,qwen35-27b,1,graph,off,w2b,0,2,3,25159028.0,Step:Schedule,719,719,719,720,34991.694,prepare input,719,1.0,4448.528,4400.1,4721.78,4863.101,4275.38,5605.7,3198491.9,12.713,756380558.0,20260914T211728Z,True
tdb_qwen35-27b_tp1_graph_mtp-off_w2b_20260914T211728Z_2,qwen35-27b,1,graph,off,w2b,0,2,3,25159028.0,Step:Schedule,719,719,719,720,34991.694,sample_token,720,1.0014,181.869,118.95,473.623,497.42,110.56,561.34,130945.6,0.52,756380558.0,20260914T211728Z,True
tdb_qwen35-27b_tp1_graph_mtp-off_w2b_20260914T211728Z_2,qwen35-27b,1,graph,off,w2b,0,2,3,25159028.0,Step:Schedule,719,719,719,720,34991.694,schedule: allocate_slots,719,1.0,42.266,42.1,43.422,45.12,39.73,58.58,30389.5,0.121,756380558.0,20260914T211728Z,True
tdb_qwen35-27b_tp1_graph_mtp-off_w2b_20260914T211728Z_2,qwen35-27b,1,graph,off,w2b,0,2,3,25159028.0,Step:Schedule,719,719,719,720,34991.694,schedule: get_num_common_prefix_blocks,719,1.0,2.324,2.31,2.52,2.698,2.01,2.99,1670.7,0.007,756380558.0,20260914T211728Z,True
tdb_qwen35-27b_tp1_graph_mtp-off_w2b_20260914T211728Z_2,qwen35-27b,1,graph,off,w2b,0,2,3,25159028.0,Step:Schedule,719,719,719,720,34991.694,schedule: make_cached_request_data,719,1.0,12.177,12.1,12.67,13.65,10.73,28.32,8755.6,0.035,756380558.0,20260914T211728Z,True
tdb_qwen35-27b_tp1_graph_mtp-off_w2b_20260914T211728Z_2,qwen35-27b,1,graph,off,w2b,0,2,3,25159028.0,Step:Schedule,719,719,719,720,34991.694,schedule: update_after_schedule,719,1.0,7.495,7.39,8.01,8.568,6.67,22.71,5388.6,0.021,756380558.0,20260914T211728Z,True
tdb_qwen35-27b_tp1_graph_mtp-off_w2b_20260914T211728Z_2,qwen35-27b,1,graph,off,w2b,0,2,4,25155829.6,Step:Schedule,719,719,719,720,34987.246,Step:Output,720,1.0014,42.64,42.58,43.801,54.819,39.24,59.43,30700.6,0.122,1008490076.0,20260914T211728Z,True
tdb_qwen35-27b_tp1_graph_mtp-off_w2b_20260914T211728Z_2,qwen35-27b,1,graph,off,w2b,0,2,4,25155829.6,Step:Schedule,719,719,719,720,34987.246,Step:Schedule,719,1.0,474.114,589.14,623.724,650.092,233.67,3099.05,340888.2,1.355,1008490076.0,20260914T211728Z,True
tdb_qwen35-27b_tp1_graph_mtp-off_w2b_20260914T211728Z_2,qwen35-27b,1,graph,off,w2b,0,2,4,25155829.6,Step:Schedule,719,719,719,720,34987.246,async_state_update,720,1.0014,60.984,48.795,52.333,378.356,44.17,425.9,43908.7,0.174,1008490076.0,20260914T211728Z,True
tdb_qwen35-27b_tp1_graph_mtp-off_w2b_20260914T211728Z_2,qwen35-27b,1,graph,off,w2b,0,2,4,25155829.6,Step:Schedule,719,719,719,720,34987.246,draft_token,720,1.0014,2.645,2.64,2.861,3.07,2.16,3.48,1904.3,0.008,1008490076.0,20260914T211728Z,True
tdb_qwen35-27b_tp1_graph_mtp-off_w2b_20260914T211728Z_2,qwen35-27b,1,graph,off,w2b,0,2,4,25155829.6,Step:Schedule,719,719,719,720,34987.246,forward,720,1.0014,28308.355,28354.86,28558.115,28655.261,25679.34,29421.72,20382015.6,80.91,1008490076.0,20260914T211728Z,True
tdb_qwen35-27b_tp1_graph_mtp-off_w2b_20260914T211728Z_2,qwen35-27b,1,graph,off,w2b,0,2,4,25155829.6,Step:Schedule,719,719,719,720,34987.246,post process,720,1.0014,152.887,125.905,220.84,489.781,121.88,547.32,110079.0,0.437,1008490076.0,20260914T211728Z,True
tdb_qwen35-27b_tp1_graph_mtp-off_w2b_20260914T211728Z_2,qwen35-27b,1,graph,off,w2b,0,2,4,25155829.6,Step:Schedule,719,719,719,720,34987.246,prepare input,719,1.0,4370.721,4348.56,4415.692,4759.839,4272.79,4821.7,3142548.7,12.492,1008490076.0,20260914T211728Z,True
tdb_qwen35-27b_tp1_graph_mtp-off_w2b_20260914T211728Z_2,qwen35-27b,1,graph,off,w2b,0,2,4,25155829.6,Step:Schedule,719,719,719,720,34987.246,sample_token,720,1.0014,166.164,116.045,467.052,489.75,110.92,507.25,119637.9,0.475,1008490076.0,20260914T211728Z,True
tdb_qwen35-27b_tp1_graph_mtp-off_w2b_20260914T211728Z_2,qwen35-27b,1,graph,off,w2b,0,2,4,25155829.6,Step:Schedule,719,719,719,720,34987.246,schedule: allocate_slots,719,1.0,42.144,41.9,43.162,50.111,39.86,57.79,30301.6,0.12,1008490076.0,20260914T211728Z,True
tdb_qwen35-27b_tp1_graph_mtp-off_w2b_20260914T211728Z_2,qwen35-27b,1,graph,off,w2b,0,2,4,25155829.6,Step:Schedule,719,719,719,720,34987.246,schedule: get_num_common_prefix_blocks,719,1.0,2.28,2.25,2.44,2.57,1.96,12.7,1639.3,0.007,1008490076.0,20260914T211728Z,True
tdb_qwen35-27b_tp1_graph_mtp-off_w2b_20260914T211728Z_2,qwen35-27b,1,graph,off,w2b,0,2,4,25155829.6,Step:Schedule,719,719,719,720,34987.246,schedule: make_cached_request_data,719,1.0,11.996,11.93,12.38,13.035,10.92,26.1,8625.1,0.034,1008490076.0,20260914T211728Z,True
tdb_qwen35-27b_tp1_graph_mtp-off_w2b_20260914T211728Z_2,qwen35-27b,1,graph,off,w2b,0,2,4,25155829.6,Step:Schedule,719,719,719,720,34987.246,schedule: update_after_schedule,719,1.0,7.377,7.28,7.95,8.418,6.7,16.74,5304.0,0.021,1008490076.0,20260914T211728Z,True
tdb_qwen35-27b_tp1_graph_mtp-on_e1c_20260915T023631Z_3,qwen35-27b,1,graph,on,e1c,0,3,0,25227377.4,prepare input,546,0,546,547,46203.988,async_state_update,547,1.0018,195.374,194.71,204.05,254.113,171.3,269.96,106869.3,0.423,722.0,20260915T023631Z,True
tdb_qwen35-27b_tp1_graph_mtp-on_e1c_20260915T023631Z_3,qwen35-27b,1,graph,on,e1c,0,3,0,25227377.4,prepare input,546,0,546,547,46203.988,draft_token,547,1.0018,3778.992,3741.86,3865.738,4381.344,3547.23,4449.13,2067108.5,8.179,722.0,20260915T023631Z,True
tdb_qwen35-27b_tp1_graph_mtp-on_e1c_20260915T023631Z_3,qwen35-27b,1,graph,on,e1c,0,3,0,25227377.4,prepare input,546,0,546,547,46203.988,forward,547,1.0018,5660.88,5713.65,5809.176,5915.091,1881.35,5974.24,3096501.5,12.252,722.0,20260915T023631Z,True
tdb_qwen35-27b_tp1_graph_mtp-on_e1c_20260915T023631Z_3,qwen35-27b,1,graph,on,e1c,0,3,0,25227377.4,prepare input,546,0,546,547,46203.988,model: mtp: propose,547,1.0018,2889.023,2858.48,2949.82,3380.832,2706.02,3470.06,1580295.8,6.253,722.0,20260915T023631Z,True
tdb_qwen35-27b_tp1_graph_mtp-on_e1c_20260915T023631Z_3,qwen35-27b,1,graph,on,e1c,0,3,0,25227377.4,prepare input,546,0,546,547,46203.988,post process,547,1.0018,122.017,121.69,128.378,148.535,107.55,152.99,66743.3,0.264,722.0,20260915T023631Z,True
tdb_qwen35-27b_tp1_graph_mtp-on_e1c_20260915T023631Z_3,qwen35-27b,1,graph,on,e1c,0,3,0,25227377.4,prepare input,546,0,546,547,46203.988,prepare input,546,1.0,35098.693,35104.9,35214.45,35456.786,34382.76,37142.17,19163886.5,75.965,722.0,20260915T023631Z,True
tdb_qwen35-27b_tp1_graph_mtp-on_e1c_20260915T023631Z_3,qwen35-27b,1,graph,on,e1c,0,3,0,25227377.4,prepare input,546,0,546,547,46203.988,sample_token,547,1.0018,506.736,501.57,522.012,619.8,481.08,651.24,277184.3,1.097,722.0,20260915T023631Z,True
tdb_qwen35-27b_tp1_graph_mtp-on_e1c_20260915T023631Z_3,qwen35-27b,1,graph,on,e1c,0,3,1,25173853.6,prepare input,545,0,545,546,46190.557,async_state_update,546,1.0018,197.503,193.225,205.935,270.954,179.66,289.2,107836.8,0.428,98619086.0,20260915T023631Z,True
tdb_qwen35-27b_tp1_graph_mtp-on_e1c_20260915T023631Z_3,qwen35-27b,1,graph,on,e1c,0,3,1,25173853.6,prepare input,545,0,545,546,46190.557,draft_token,546,1.0018,3727.523,3662.755,3827.305,4593.443,3498.85,4636.8,2035227.4,8.07,98619086.0,20260915T023631Z,True
tdb_qwen35-27b_tp1_graph_mtp-on_e1c_20260915T023631Z_3,qwen35-27b,1,graph,on,e1c,0,3,1,25173853.6,prepare input,545,0,545,546,46190.557,forward,546,1.0018,5493.268,5545.16,5636.22,5792.457,1758.2,5964.45,2999324.5,11.893,98619086.0,20260915T023631Z,True
tdb_qwen35-27b_tp1_graph_mtp-on_e1c_20260915T023631Z_3,qwen35-27b,1,graph,on,e1c,0,3,1,25173853.6,prepare input,545,0,545,546,46190.557,model: mtp: propose,546,1.0018,2823.04,2768.965,2906.55,3510.169,2645.53,3555.66,1541380.0,6.112,98619086.0,20260915T023631Z,True
tdb_qwen35-27b_tp1_graph_mtp-on_e1c_20260915T023631Z_3,qwen35-27b,1,graph,on,e1c,0,3,1,25173853.6,prepare input,545,0,545,546,46190.557,post process,546,1.0018,125.182,123.71,130.945,167.697,112.96,172.99,68349.3,0.271,98619086.0,20260915T023631Z,True
tdb_qwen35-27b_tp1_graph_mtp-on_e1c_20260915T023631Z_3,qwen35-27b,1,graph,on,e1c,0,3,1,25173853.6,prepare input,545,0,545,546,46190.557,prepare input,545,1.0,35258.883,35268.61,35403.962,35522.234,34708.86,36042.15,19216091.1,76.334,98619086.0,20260915T023631Z,True
tdb_qwen35-27b_tp1_graph_mtp-on_e1c_20260915T023631Z_3,qwen35-27b,1,graph,on,e1c,0,3,1,25173853.6,prepare input,545,0,545,546,46190.557,sample_token,546,1.0018,520.329,518.575,536.84,641.957,474.53,676.8,284099.7,1.126,98619086.0,20260915T023631Z,True
tdb_qwen35-27b_tp1_graph_mtp-on_e1c_20260915T023631Z_3,qwen35-27b,1,graph,on,e1c,0,3,2,25221861.2,prepare input,546,0,546,547,46193.885,async_state_update,547,1.0018,195.817,190.35,209.024,221.052,185.9,225.39,107112.0,0.424,197337935.0,20260915T023631Z,True
tdb_qwen35-27b_tp1_graph_mtp-on_e1c_20260915T023631Z_3,qwen35-27b,1,graph,on,e1c,0,3,2,25221861.2,prepare input,546,0,546,547,46193.885,draft_token,547,1.0018,3668.559,3591.7,3859.728,3914.109,3515.17,4056.87,2006701.6,7.942,197337935.0,20260915T023631Z,True
tdb_qwen35-27b_tp1_graph_mtp-on_e1c_20260915T023631Z_3,qwen35-27b,1,graph,on,e1c,0,3,2,25221861.2,prepare input,546,0,546,547,46193.885,forward,547,1.0018,5505.02,5535.41,5603.546,5665.924,1812.95,5814.13,3011245.9,11.917,197337935.0,20260915T023631Z,True
tdb_qwen35-27b_tp1_graph_mtp-on_e1c_20260915T023631Z_3,qwen35-27b,1,graph,on,e1c,0,3,2,25221861.2,prepare input,546,0,546,547,46193.885,model: mtp: propose,547,1.0018,2781.084,2725.37,2928.054,2971.496,2663.73,3076.68,1521253.0,6.02,197337935.0,20260915T023631Z,True
tdb_qwen35-27b_tp1_graph_mtp-on_e1c_20260915T023631Z_3,qwen35-27b,1,graph,on,e1c,0,3,2,25221861.2,prepare input,546,0,546,547,46193.885,post process,547,1.0018,126.021,122.55,135.056,141.074,118.48,148.93,68933.6,0.273,197337935.0,20260915T023631Z,True
tdb_qwen35-27b_tp1_graph_mtp-on_e1c_20260915T023631Z_3,qwen35-27b,1,graph,on,e1c,0,3,2,25221861.2,prepare input,546,0,546,547,46193.885,prepare input,546,1.0,35327.112,35355.7,35423.415,35476.671,34222.28,35721.01,19288603.1,76.476,197337935.0,20260915T023631Z,True
tdb_qwen35-27b_tp1_graph_mtp-on_e1c_20260915T023631Z_3,qwen35-27b,1,graph,on,e1c,0,3,2,25221861.2,prepare input,546,0,546,547,46193.885,sample_token,547,1.0018,509.364,499.05,533.206,547.469,479.42,891.14,278621.9,1.103,197337935.0,20260915T023631Z,True
tdb_qwen35-27b_tp1_graph_mtp-on_e1c_20260915T023631Z_3,qwen35-27b,1,graph,on,e1c,0,3,3,25127480.4,prepare input,544,0,544,545,46190.221,async_state_update,545,1.0018,186.695,184.45,202.064,215.151,170.81,278.64,101749.0,0.404,295953058.0,20260915T023631Z,True
tdb_qwen35-27b_tp1_graph_mtp-on_e1c_20260915T023631Z_3,qwen35-27b,1,graph,on,e1c,0,3,3,25127480.4,prepare input,544,0,544,545,46190.221,draft_token,545,1.0018,3603.21,3578.53,3764.53,3958.936,3397.75,4493.95,1963749.7,7.801,295953058.0,20260915T023631Z,True
tdb_qwen35-27b_tp1_graph_mtp-on_e1c_20260915T023631Z_3,qwen35-27b,1,graph,on,e1c,0,3,3,25127480.4,prepare input,544,0,544,545,46190.221,forward,545,1.0018,5596.826,5627.55,5717.768,5797.899,1684.93,5894.89,3050270.3,12.117,295953058.0,20260915T023631Z,True
tdb_qwen35-27b_tp1_graph_mtp-on_e1c_20260915T023631Z_3,qwen35-27b,1,graph,on,e1c,0,3,3,25127480.4,prepare input,544,0,544,545,46190.221,model: mtp: propose,545,1.0018,2734.015,2715.19,2849.184,3007.72,2582.95,3422.0,1490038.4,5.919,295953058.0,20260915T023631Z,True
tdb_qwen35-27b_tp1_graph_mtp-on_e1c_20260915T023631Z_3,qwen35-27b,1,graph,on,e1c,0,3,3,25127480.4,prepare input,544,0,544,545,46190.221,post process,545,1.0018,119.06,117.37,129.03,140.716,108.73,161.45,64887.8,0.258,295953058.0,20260915T023631Z,True
tdb_qwen35-27b_tp1_graph_mtp-on_e1c_20260915T023631Z_3,qwen35-27b,1,graph,on,e1c,0,3,3,25127480.4,prepare input,544,0,544,545,46190.221,prepare input,544,1.0,35330.666,35359.035,35442.883,35587.378,34737.4,36312.56,19219882.1,76.489,295953058.0,20260915T023631Z,True
tdb_qwen35-27b_tp1_graph_mtp-on_e1c_20260915T023631Z_3,qwen35-27b,1,graph,on,e1c,0,3,3,25127480.4,prepare input,544,0,544,545,46190.221,sample_token,545,1.0018,508.597,503.8,527.278,556.12,479.71,659.57,277185.3,1.101,295953058.0,20260915T023631Z,True
tdb_qwen35-27b_tp1_graph_mtp-on_e1c_20260915T023631Z_3,qwen35-27b,1,graph,on,e1c,0,3,4,25182935.2,prepare input,545,0,545,546,46207.221,async_state_update,546,1.0018,192.568,186.205,209.035,224.575,180.87,232.13,105142.4,0.417,394820238.0,20260915T023631Z,True
tdb_qwen35-27b_tp1_graph_mtp-on_e1c_20260915T023631Z_3,qwen35-27b,1,graph,on,e1c,0,3,4,25182935.2,prepare input,545,0,545,546,46207.221,draft_token,546,1.0018,3613.028,3526.175,3872.18,3913.835,3449.36,3967.21,1972713.0,7.819,394820238.0,20260915T023631Z,True
tdb_qwen35-27b_tp1_graph_mtp-on_e1c_20260915T023631Z_3,qwen35-27b,1,graph,on,e1c,0,3,4,25182935.2,prepare input,545,0,545,546,46207.221,forward,546,1.0018,5550.084,5612.245,5654.73,5773.952,1694.22,5817.14,3030346.1,12.011,394820238.0,20260915T023631Z,True
tdb_qwen35-27b_tp1_graph_mtp-on_e1c_20260915T023631Z_3,qwen35-27b,1,graph,on,e1c,0,3,4,25182935.2,prepare input,545,0,545,546,46207.221,model: mtp: propose,546,1.0018,2732.384,2670.045,2930.785,2961.578,2602.56,3023.13,1491881.6,5.913,394820238.0,20260915T023631Z,True
tdb_qwen35-27b_tp1_graph_mtp-on_e1c_20260915T023631Z_3,qwen35-27b,1,graph,on,e1c,0,3,4,25182935.2,prepare input,545,0,545,546,46207.221,post process,546,1.0018,123.256,118.95,135.29,142.099,115.03,154.13,67297.7,0.267,394820238.0,20260915T023631Z,True
tdb_qwen35-27b_tp1_graph_mtp-on_e1c_20260915T023631Z_3,qwen35-27b,1,graph,on,e1c,0,3,4,25182935.2,prepare input,545,0,545,546,46207.221,prepare input,545,1.0,35338.559,35380.45,35480.054,35619.278,34899.33,35732.28,19259514.4,76.478,394820238.0,20260915T023631Z,True
tdb_qwen35-27b_tp1_graph_mtp-on_e1c_20260915T023631Z_3,qwen35-27b,1,graph,on,e1c,0,3,4,25182935.2,prepare input,545,0,545,546,46207.221,sample_token,546,1.0018,512.364,501.19,542.775,564.52,471.85,633.35,279750.7,1.109,394820238.0,20260915T023631Z,True
tdb_qwen35-27b_tp1_graph_mtp-on_m1c_20260914T235832Z_3,qwen35-27b,1,graph,on,m1c,0,3,0,25170038.1,prepare input,544,0,544,545,46268.452,async_state_update,545,1.0018,191.756,191.24,202.496,242.472,174.87,278.3,104507.3,0.414,982.0,20260914T235832Z,True
tdb_qwen35-27b_tp1_graph_mtp-on_m1c_20260914T235832Z_3,qwen35-27b,1,graph,on,m1c,0,3,0,25170038.1,prepare input,544,0,544,545,46268.452,draft_token,545,1.0018,3781.702,3779.93,3902.102,4556.991,3524.38,5329.48,2061027.8,8.173,982.0,20260914T235832Z,True
tdb_qwen35-27b_tp1_graph_mtp-on_m1c_20260914T235832Z_3,qwen35-27b,1,graph,on,m1c,0,3,0,25170038.1,prepare input,544,0,544,545,46268.452,forward,545,1.0018,5600.961,5616.22,5759.016,5901.448,1899.88,6045.07,3052523.8,12.105,982.0,20260914T235832Z,True
tdb_qwen35-27b_tp1_graph_mtp-on_m1c_20260914T235832Z_3,qwen35-27b,1,graph,on,m1c,0,3,0,25170038.1,prepare input,544,0,544,545,46268.452,model: mtp: propose,545,1.0018,2898.284,2894.84,2992.932,3483.965,2695.65,4246.55,1579564.7,6.264,982.0,20260914T235832Z,True
tdb_qwen35-27b_tp1_graph_mtp-on_m1c_20260914T235832Z_3,qwen35-27b,1,graph,on,m1c,0,3,0,25170038.1,prepare input,544,0,544,545,46268.452,post process,545,1.0018,122.064,122.16,130.216,154.729,106.19,171.55,66524.9,0.264,982.0,20260914T235832Z,True
tdb_qwen35-27b_tp1_graph_mtp-on_m1c_20260914T235832Z_3,qwen35-27b,1,graph,on,m1c,0,3,0,25170038.1,prepare input,544,0,544,545,46268.452,prepare input,544,1.0,35209.412,35202.68,35398.094,35629.847,34217.98,36093.88,19153919.9,76.098,982.0,20260914T235832Z,True
tdb_qwen35-27b_tp1_graph_mtp-on_m1c_20260914T235832Z_3,qwen35-27b,1,graph,on,m1c,0,3,0,25170038.1,prepare input,544,0,544,545,46268.452,sample_token,545,1.0018,515.397,513.36,532.518,589.308,474.87,676.61,280891.3,1.114,982.0,20260914T235832Z,True
tdb_qwen35-27b_tp1_graph_mtp-on_m1c_20260914T235832Z_3,qwen35-27b,1,graph,on,m1c,0,3,1,25191539.2,prepare input,545,0,545,546,46223.008,async_state_update,546,1.0018,201.874,196.62,210.945,278.499,188.44,292.43,110223.4,0.437,98678165.0,20260914T235832Z,True
tdb_qwen35-27b_tp1_graph_mtp-on_m1c_20260914T235832Z_3,qwen35-27b,1,graph,on,m1c,0,3,1,25191539.2,prepare input,545,0,545,546,46223.008,draft_token,546,1.0018,3815.974,3726.865,4413.35,4503.417,3610.38,4587.12,2083521.8,8.256,98678165.0,20260914T235832Z,True
tdb_qwen35-27b_tp1_graph_mtp-on_m1c_20260914T235832Z_3,qwen35-27b,1,graph,on,m1c,0,3,1,25191539.2,prepare input,545,0,545,546,46223.008,forward,546,1.0018,5433.86,5520.83,5571.595,5760.694,1771.63,5850.37,2966887.4,11.756,98678165.0,20260914T235832Z,True
tdb_qwen35-27b_tp1_graph_mtp-on_m1c_20260914T235832Z_3,qwen35-27b,1,graph,on,m1c,0,3,1,25191539.2,prepare input,545,0,545,546,46223.008,model: mtp: propose,546,1.0018,2900.667,2833.45,3353.415,3439.47,2739.75,3594.32,1583764.1,6.275,98678165.0,20260914T235832Z,True
tdb_qwen35-27b_tp1_graph_mtp-on_m1c_20260914T235832Z_3,qwen35-27b,1,graph,on,m1c,0,3,1,25191539.2,prepare input,545,0,545,546,46223.008,post process,546,1.0018,128.065,124.67,133.125,164.512,120.0,555.61,69923.3,0.277,98678165.0,20260914T235832Z,True
tdb_qwen35-27b_tp1_graph_mtp-on_m1c_20260914T235832Z_3,qwen35-27b,1,graph,on,m1c,0,3,1,25191539.2,prepare input,545,0,545,546,46223.008,prepare input,545,1.0,35255.229,35275.39,35347.104,35442.36,34530.98,36298.95,19214100.1,76.272,98678165.0,20260914T235832Z,True
tdb_qwen35-27b_tp1_graph_mtp-on_m1c_20260914T235832Z_3,qwen35-27b,1,graph,on,m1c,0,3,1,25191539.2,prepare input,545,0,545,546,46223.008,sample_token,546,1.0018,523.261,514.115,548.38,665.044,489.2,676.09,285700.7,1.132,98678165.0,20260914T235832Z,True
tdb_qwen35-27b_tp1_graph_mtp-on_m1c_20260914T235832Z_3,qwen35-27b,1,graph,on,m1c,0,3,2,25206090.3,prepare input,545,0,545,546,46249.707,async_state_update,546,1.0018,198.868,197.915,201.775,233.326,183.32,282.35,108582.0,0.43,197470394.0,20260914T235832Z,True
tdb_qwen35-27b_tp1_graph_mtp-on_m1c_20260914T235832Z_3,qwen35-27b,1,graph,on,m1c,0,3,2,25206090.3,prepare input,545,0,545,546,46249.707,draft_token,546,1.0018,3770.32,3754.465,3785.055,4481.158,3681.17,4546.08,2058594.8,8.152,197470394.0,20260914T235832Z,True
tdb_qwen35-27b_tp1_graph_mtp-on_m1c_20260914T235832Z_3,qwen35-27b,1,graph,on,m1c,0,3,2,25206090.3,prepare input,545,0,545,546,46249.707,forward,546,1.0018,5448.233,5460.37,5544.49,5649.334,1775.93,5857.6,2974735.3,11.78,197470394.0,20260914T235832Z,True
tdb_qwen35-27b_tp1_graph_mtp-on_m1c_20260914T235832Z_3,qwen35-27b,1,graph,on,m1c,0,3,2,25206090.3,prepare input,545,0,545,546,46249.707,model: mtp: propose,546,1.0018,2861.118,2848.935,2877.65,3414.824,2780.49,3470.12,1562170.5,6.186,197470394.0,20260914T235832Z,True
tdb_qwen35-27b_tp1_graph_mtp-on_m1c_20260914T235832Z_3,qwen35-27b,1,graph,on,m1c,0,3,2,25206090.3,prepare input,545,0,545,546,46249.707,post process,546,1.0018,127.577,126.655,130.275,150.576,119.97,177.66,69657.0,0.276,197470394.0,20260914T235832Z,True
tdb_qwen35-27b_tp1_graph_mtp-on_m1c_20260914T235832Z_3,qwen35-27b,1,graph,on,m1c,0,3,2,25206090.3,prepare input,545,0,545,546,46249.707,prepare input,545,1.0,35305.036,35306.98,35400.366,35494.598,34155.12,36244.64,19241244.8,76.336,197470394.0,20260914T235832Z,True
tdb_qwen35-27b_tp1_graph_mtp-on_m1c_20260914T235832Z_3,qwen35-27b,1,graph,on,m1c,0,3,2,25206090.3,prepare input,545,0,545,546,46249.707,sample_token,546,1.0018,520.42,517.825,529.485,614.522,494.76,665.75,284149.1,1.125,197470394.0,20260914T235832Z,True
tdb_qwen35-27b_tp1_graph_mtp-on_m1c_20260914T235832Z_3,qwen35-27b,1,graph,on,m1c,0,3,3,25148249.7,prepare input,544,0,544,545,46228.4,async_state_update,545,1.0018,191.104,187.37,204.89,218.271,181.07,226.61,104151.8,0.413,296225335.0,20260914T235832Z,True
tdb_qwen35-27b_tp1_graph_mtp-on_m1c_20260914T235832Z_3,qwen35-27b,1,graph,on,m1c,0,3,3,25148249.7,prepare input,544,0,544,545,46228.4,draft_token,545,1.0018,3654.898,3607.08,3852.72,3920.404,3553.14,3969.29,1991919.6,7.906,296225335.0,20260914T235832Z,True
tdb_qwen35-27b_tp1_graph_mtp-on_m1c_20260914T235832Z_3,qwen35-27b,1,graph,on,m1c,0,3,3,25148249.7,prepare input,544,0,544,545,46228.4,forward,545,1.0018,5531.613,5554.16,5631.984,5780.095,1695.78,5887.41,3014729.0,11.966,296225335.0,20260914T235832Z,True
tdb_qwen35-27b_tp1_graph_mtp-on_m1c_20260914T235832Z_3,qwen35-27b,1,graph,on,m1c,0,3,3,25148249.7,prepare input,544,0,544,545,46228.4,model: mtp: propose,545,1.0018,2769.941,2733.73,2920.87,2971.473,2688.97,3058.01,1509618.0,5.992,296225335.0,20260914T235832Z,True
tdb_qwen35-27b_tp1_graph_mtp-on_m1c_20260914T235832Z_3,qwen35-27b,1,graph,on,m1c,0,3,3,25148249.7,prepare input,544,0,544,545,46228.4,post process,545,1.0018,122.27,119.98,130.696,138.214,116.29,147.91,66637.0,0.264,296225335.0,20260914T235832Z,True
tdb_qwen35-27b_tp1_graph_mtp-on_m1c_20260914T235832Z_3,qwen35-27b,1,graph,on,m1c,0,3,3,25148249.7,prepare input,544,0,544,545,46228.4,prepare input,544,1.0,35343.279,35373.265,35463.904,35536.36,34859.21,35643.87,19226743.8,76.454,296225335.0,20260914T235832Z,True
tdb_qwen35-27b_tp1_graph_mtp-on_m1c_20260914T235832Z_3,qwen35-27b,1,graph,on,m1c,0,3,3,25148249.7,prepare input,544,0,544,545,46228.4,sample_token,545,1.0018,505.73,499.88,530.05,543.886,484.13,572.47,275623.1,1.094,296225335.0,20260914T235832Z,True
tdb_qwen35-27b_tp1_graph_mtp-on_m1c_20260914T235832Z_3,qwen35-27b,1,graph,on,m1c,0,3,4,25212849.6,prepare input,542,0,542,543,46518.173,async_state_update,543,1.0018,197.914,199.58,206.03,240.084,179.04,285.03,107467.2,0.425,395128326.0,20260914T235832Z,True
tdb_qwen35-27b_tp1_graph_mtp-on_m1c_20260914T235832Z_3,qwen35-27b,1,graph,on,m1c,0,3,4,25212849.6,prepare input,542,0,542,543,46518.173,draft_token,543,1.0018,3822.699,3804.96,3863.364,4647.363,3543.91,31975.03,2075725.8,8.218,395128326.0,20260914T235832Z,True
tdb_qwen35-27b_tp1_graph_mtp-on_m1c_20260914T235832Z_3,qwen35-27b,1,graph,on,m1c,0,3,4,25212849.6,prepare input,542,0,542,543,46518.173,forward,543,1.0018,5723.082,5481.86,5570.358,5781.25,1710.65,88398.94,3107633.5,12.303,395128326.0,20260914T235832Z,True
tdb_qwen35-27b_tp1_graph_mtp-on_m1c_20260914T235832Z_3,qwen35-27b,1,graph,on,m1c,0,3,4,25212849.6,prepare input,542,0,542,543,46518.173,model: mtp: propose,543,1.0018,2910.654,2884.22,2934.378,3553.024,2681.47,30879.79,1580485.1,6.257,395128326.0,20260914T235832Z,True
tdb_qwen35-27b_tp1_graph_mtp-on_m1c_20260914T235832Z_3,qwen35-27b,1,graph,on,m1c,0,3,4,25212849.6,prepare input,542,0,542,543,46518.173,post process,543,1.0018,126.426,126.79,131.436,162.965,116.94,181.65,68649.3,0.272,395128326.0,20260914T235832Z,True
tdb_qwen35-27b_tp1_graph_mtp-on_m1c_20260914T235832Z_3,qwen35-27b,1,graph,on,m1c,0,3,4,25212849.6,prepare input,542,0,542,543,46518.173,prepare input,542,1.0,35255.66,35305.295,35457.202,35907.589,6840.88,36616.53,19108567.9,75.789,395128326.0,20260914T235832Z,True
tdb_qwen35-27b_tp1_graph_mtp-on_m1c_20260914T235832Z_3,qwen35-27b,1,graph,on,m1c,0,3,4,25212849.6,prepare input,542,0,542,543,46518.173,sample_token,543,1.0018,520.783,519.57,538.756,635.148,484.81,693.91,282785.2,1.12,395128326.0,20260914T235832Z,True
tdb_qwen35-27b_tp1_graph_mtp-on_w2b_20260914T211728Z_3,qwen35-27b,1,graph,on,w2b,0,3,0,25158525.2,Step:Schedule,543,543,543,544,46332.459,Step:Output,544,1.0018,59.671,58.68,65.128,75.209,53.2,83.52,32460.8,0.129,605.0,20260914T211728Z,True
tdb_qwen35-27b_tp1_graph_mtp-on_w2b_20260914T211728Z_3,qwen35-27b,1,graph,on,w2b,0,3,0,25158525.2,Step:Schedule,543,543,543,544,46332.459,Step:Schedule,543,1.0,465.063,397.82,656.932,771.201,250.73,955.94,252529.0,1.004,605.0,20260914T211728Z,True
tdb_qwen35-27b_tp1_graph_mtp-on_w2b_20260914T211728Z_3,qwen35-27b,1,graph,on,w2b,0,3,0,25158525.2,Step:Schedule,543,543,543,544,46332.459,async_state_update,544,1.0018,298.767,202.17,534.366,548.582,180.35,569.63,162529.1,0.645,605.0,20260914T211728Z,True
tdb_qwen35-27b_tp1_graph_mtp-on_w2b_20260914T211728Z_3,qwen35-27b,1,graph,on,w2b,0,3,0,25158525.2,Step:Schedule,543,543,543,544,46332.459,draft_token,544,1.0018,5683.007,5595.1,5980.6,6114.321,5387.77,6345.08,3091556.0,12.266,605.0,20260914T211728Z,True
tdb_qwen35-27b_tp1_graph_mtp-on_w2b_20260914T211728Z_3,qwen35-27b,1,graph,on,w2b,0,3,0,25158525.2,Step:Schedule,543,543,543,544,46332.459,forward,544,1.0018,3969.686,3995.45,4283.528,4376.502,3180.77,4482.63,2159509.3,8.568,605.0,20260914T211728Z,True
tdb_qwen35-27b_tp1_graph_mtp-on_w2b_20260914T211728Z_3,qwen35-27b,1,graph,on,w2b,0,3,0,25158525.2,Step:Schedule,543,543,543,544,46332.459,model: mtp: propose,544,1.0018,4363.561,4316.905,4686.542,4760.143,4112.6,4926.54,2373777.2,9.418,605.0,20260914T211728Z,True
tdb_qwen35-27b_tp1_graph_mtp-on_w2b_20260914T211728Z_3,qwen35-27b,1,graph,on,w2b,0,3,0,25158525.2,Step:Schedule,543,543,543,544,46332.459,post process,544,1.0018,194.366,123.445,467.88,492.306,114.99,507.64,105734.9,0.42,605.0,20260914T211728Z,True
tdb_qwen35-27b_tp1_graph_mtp-on_w2b_20260914T211728Z_3,qwen35-27b,1,graph,on,w2b,0,3,0,25158525.2,Step:Schedule,543,543,543,544,46332.459,prepare input,543,1.0,33298.755,33265.38,33693.922,33893.627,31006.08,34102.22,18081224.1,71.869,605.0,20260914T211728Z,True
tdb_qwen35-27b_tp1_graph_mtp-on_w2b_20260914T211728Z_3,qwen35-27b,1,graph,on,w2b,0,3,0,25158525.2,Step:Schedule,543,543,543,544,46332.459,sample_token,544,1.0018,732.988,805.48,828.942,865.539,430.75,1024.01,398745.3,1.582,605.0,20260914T211728Z,True
tdb_qwen35-27b_tp1_graph_mtp-on_w2b_20260914T211728Z_3,qwen35-27b,1,graph,on,w2b,0,3,0,25158525.2,Step:Schedule,543,543,543,544,46332.459,schedule: allocate_slots,543,1.0,44.94,44.45,47.378,52.004,41.42,63.57,24402.3,0.097,605.0,20260914T211728Z,True
tdb_qwen35-27b_tp1_graph_mtp-on_w2b_20260914T211728Z_3,qwen35-27b,1,graph,on,w2b,0,3,0,25158525.2,Step:Schedule,543,543,543,544,46332.459,schedule: get_num_common_prefix_blocks,543,1.0,2.456,2.44,2.66,2.897,2.1,3.67,1333.6,0.005,605.0,20260914T211728Z,True
tdb_qwen35-27b_tp1_graph_mtp-on_w2b_20260914T211728Z_3,qwen35-27b,1,graph,on,w2b,0,3,0,25158525.2,Step:Schedule,543,543,543,544,46332.459,schedule: make_cached_request_data,543,1.0,12.12,11.97,13.074,14.78,10.01,33.48,6581.0,0.026,605.0,20260914T211728Z,True
tdb_qwen35-27b_tp1_graph_mtp-on_w2b_20260914T211728Z_3,qwen35-27b,1,graph,on,w2b,0,3,0,25158525.2,Step:Schedule,543,543,543,544,46332.459,schedule: update_after_schedule,543,1.0,7.875,7.82,8.488,9.157,6.93,9.57,4276.3,0.017,605.0,20260914T211728Z,True
tdb_qwen35-27b_tp1_graph_mtp-on_w2b_20260914T211728Z_3,qwen35-27b,1,graph,on,w2b,0,3,1,25195404.3,Step:Schedule,544,544,544,545,46315.081,Step:Output,545,1.0018,54.697,54.53,56.5,65.249,50.36,76.92,29810.1,0.118,98584743.0,20260914T211728Z,True
tdb_qwen35-27b_tp1_graph_mtp-on_w2b_20260914T211728Z_3,qwen35-27b,1,graph,on,w2b,0,3,1,25195404.3,Step:Schedule,544,544,544,545,46315.081,Step:Schedule,544,1.0,384.457,269.125,618.338,733.371,247.31,775.74,209144.4,0.83,98584743.0,20260914T211728Z,True
tdb_qwen35-27b_tp1_graph_mtp-on_w2b_20260914T211728Z_3,qwen35-27b,1,graph,on,w2b,0,3,1,25195404.3,Step:Schedule,544,544,544,545,46315.081,async_state_update,545,1.0018,267.094,196.87,531.476,551.704,182.52,564.41,145566.2,0.577,98584743.0,20260914T211728Z,True
tdb_qwen35-27b_tp1_graph_mtp-on_w2b_20260914T211728Z_3,qwen35-27b,1,graph,on,w2b,0,3,1,25195404.3,Step:Schedule,544,544,544,545,46315.081,draft_token,545,1.0018,5587.578,5513.24,5854.474,5969.245,5350.12,6973.61,3045230.2,12.064,98584743.0,20260914T211728Z,True
tdb_qwen35-27b_tp1_graph_mtp-on_w2b_20260914T211728Z_3,qwen35-27b,1,graph,on,w2b,0,3,1,25195404.3,Step:Schedule,544,544,544,545,46315.081,forward,545,1.0018,3875.091,3799.63,4202.84,4279.137,3339.01,4552.54,2111924.8,8.367,98584743.0,20260914T211728Z,True
tdb_qwen35-27b_tp1_graph_mtp-on_w2b_20260914T211728Z_3,qwen35-27b,1,graph,on,w2b,0,3,1,25195404.3,Step:Schedule,544,544,544,545,46315.081,model: mtp: propose,545,1.0018,4241.597,4237.81,4301.386,4643.542,3876.75,5487.99,2311670.5,9.158,98584743.0,20260914T211728Z,True
tdb_qwen35-27b_tp1_graph_mtp-on_w2b_20260914T211728Z_3,qwen35-27b,1,graph,on,w2b,0,3,1,25195404.3,Step:Schedule,544,544,544,545,46315.081,post process,545,1.0018,186.756,125.75,460.888,495.053,114.09,506.59,101782.2,0.403,98584743.0,20260914T211728Z,True
tdb_qwen35-27b_tp1_graph_mtp-on_w2b_20260914T211728Z_3,qwen35-27b,1,graph,on,w2b,0,3,1,25195404.3,Step:Schedule,544,544,544,545,46315.081,prepare input,544,1.0,33620.101,33692.265,33859.537,33966.961,32578.13,34082.92,18289334.9,72.59,98584743.0,20260914T211728Z,True
tdb_qwen35-27b_tp1_graph_mtp-on_w2b_20260914T211728Z_3,qwen35-27b,1,graph,on,w2b,0,3,1,25195404.3,Step:Schedule,544,544,544,545,46315.081,sample_token,545,1.0018,699.755,795.11,819.108,845.922,432.55,897.17,381366.5,1.511,98584743.0,20260914T211728Z,True
tdb_qwen35-27b_tp1_graph_mtp-on_w2b_20260914T211728Z_3,qwen35-27b,1,graph,on,w2b,0,3,1,25195404.3,Step:Schedule,544,544,544,545,46315.081,schedule: allocate_slots,544,1.0,43.439,42.97,45.127,51.43,40.53,62.97,23631.0,0.094,98584743.0,20260914T211728Z,True
tdb_qwen35-27b_tp1_graph_mtp-on_w2b_20260914T211728Z_3,qwen35-27b,1,graph,on,w2b,0,3,1,25195404.3,Step:Schedule,544,544,544,545,46315.081,schedule: get_num_common_prefix_blocks,544,1.0,2.31,2.29,2.44,2.69,2.01,3.52,1256.6,0.005,98584743.0,20260914T211728Z,True
tdb_qwen35-27b_tp1_graph_mtp-on_w2b_20260914T211728Z_3,qwen35-27b,1,graph,on,w2b,0,3,1,25195404.3,Step:Schedule,544,544,544,545,46315.081,schedule: make_cached_request_data,544,1.0,11.292,11.185,11.75,13.801,10.06,24.83,6142.8,0.024,98584743.0,20260914T211728Z,True
tdb_qwen35-27b_tp1_graph_mtp-on_w2b_20260914T211728Z_3,qwen35-27b,1,graph,on,w2b,0,3,1,25195404.3,Step:Schedule,544,544,544,545,46315.081,schedule: update_after_schedule,544,1.0,7.371,7.37,7.63,7.983,6.71,8.55,4009.9,0.016,98584743.0,20260914T211728Z,True
tdb_qwen35-27b_tp1_graph_mtp-on_w2b_20260914T211728Z_3,qwen35-27b,1,graph,on,w2b,0,3,2,25200786.2,Step:Schedule,544,544,544,545,46324.975,Step:Output,545,1.0018,54.975,54.89,56.96,66.329,50.55,69.88,29961.1,0.119,197305641.0,20260914T211728Z,True
tdb_qwen35-27b_tp1_graph_mtp-on_w2b_20260914T211728Z_3,qwen35-27b,1,graph,on,w2b,0,3,2,25200786.2,Step:Schedule,544,544,544,545,46324.975,Step:Schedule,544,1.0,377.809,262.55,617.421,660.864,244.51,767.24,205527.9,0.816,197305641.0,20260914T211728Z,True
tdb_qwen35-27b_tp1_graph_mtp-on_w2b_20260914T211728Z_3,qwen35-27b,1,graph,on,w2b,0,3,2,25200786.2,Step:Schedule,544,544,544,545,46324.975,async_state_update,545,1.0018,274.536,193.45,532.226,546.016,181.55,559.06,149622.0,0.593,197305641.0,20260914T211728Z,True
tdb_qwen35-27b_tp1_graph_mtp-on_w2b_20260914T211728Z_3,qwen35-27b,1,graph,on,w2b,0,3,2,25200786.2,Step:Schedule,544,544,544,545,46324.975,draft_token,545,1.0018,5564.577,5502.4,5852.84,5942.314,5329.67,6087.73,3032694.6,12.012,197305641.0,20260914T211728Z,True
tdb_qwen35-27b_tp1_graph_mtp-on_w2b_20260914T211728Z_3,qwen35-27b,1,graph,on,w2b,0,3,2,25200786.2,Step:Schedule,544,544,544,545,46324.975,forward,545,1.0018,3876.845,3794.54,4208.086,4272.307,2841.23,4480.29,2112880.6,8.369,197305641.0,20260914T211728Z,True
tdb_qwen35-27b_tp1_graph_mtp-on_w2b_20260914T211728Z_3,qwen35-27b,1,graph,on,w2b,0,3,2,25200786.2,Step:Schedule,544,544,544,545,46324.975,model: mtp: propose,545,1.0018,4232.452,4235.52,4288.072,4640.396,3856.2,4802.81,2306686.4,9.136,197305641.0,20260914T211728Z,True
tdb_qwen35-27b_tp1_graph_mtp-on_w2b_20260914T211728Z_3,qwen35-27b,1,graph,on,w2b,0,3,2,25200786.2,Step:Schedule,544,544,544,545,46324.975,post process,545,1.0018,181.233,123.6,463.642,489.012,118.11,505.96,98772.2,0.391,197305641.0,20260914T211728Z,True
tdb_qwen35-27b_tp1_graph_mtp-on_w2b_20260914T211728Z_3,qwen35-27b,1,graph,on,w2b,0,3,2,25200786.2,Step:Schedule,544,544,544,545,46324.975,prepare input,544,1.0,33662.722,33705.59,33857.157,34076.023,32806.34,34954.37,18312520.6,72.666,197305641.0,20260914T211728Z,True
tdb_qwen35-27b_tp1_graph_mtp-on_w2b_20260914T211728Z_3,qwen35-27b,1,graph,on,w2b,0,3,2,25200786.2,Step:Schedule,544,544,544,545,46324.975,sample_token,545,1.0018,703.562,795.19,818.284,842.226,431.93,860.7,383441.1,1.519,197305641.0,20260914T211728Z,True
tdb_qwen35-27b_tp1_graph_mtp-on_w2b_20260914T211728Z_3,qwen35-27b,1,graph,on,w2b,0,3,2,25200786.2,Step:Schedule,544,544,544,545,46324.975,schedule: allocate_slots,544,1.0,43.04,42.655,44.79,46.367,40.76,60.2,23413.6,0.093,197305641.0,20260914T211728Z,True
tdb_qwen35-27b_tp1_graph_mtp-on_w2b_20260914T211728Z_3,qwen35-27b,1,graph,on,w2b,0,3,2,25200786.2,Step:Schedule,544,544,544,545,46324.975,schedule: get_num_common_prefix_blocks,544,1.0,2.314,2.3,2.46,2.621,2.02,2.83,1258.8,0.005,197305641.0,20260914T211728Z,True
tdb_qwen35-27b_tp1_graph_mtp-on_w2b_20260914T211728Z_3,qwen35-27b,1,graph,on,w2b,0,3,2,25200786.2,Step:Schedule,544,544,544,545,46324.975,schedule: make_cached_request_data,544,1.0,11.135,11.05,11.69,12.538,10.2,27.3,6057.7,0.024,197305641.0,20260914T211728Z,True
tdb_qwen35-27b_tp1_graph_mtp-on_w2b_20260914T211728Z_3,qwen35-27b,1,graph,on,w2b,0,3,2,25200786.2,Step:Schedule,544,544,544,545,46324.975,schedule: update_after_schedule,544,1.0,7.333,7.28,7.54,7.911,6.7,21.46,3988.9,0.016,197305641.0,20260914T211728Z,True
tdb_qwen35-27b_tp1_graph_mtp-on_w2b_20260914T211728Z_3,qwen35-27b,1,graph,on,w2b,0,3,3,25110718.6,Step:Schedule,542,542,542,543,46329.739,Step:Output,543,1.0018,55.859,55.75,57.696,68.204,51.04,72.06,30331.2,0.121,295930470.0,20260914T211728Z,True
tdb_qwen35-27b_tp1_graph_mtp-on_w2b_20260914T211728Z_3,qwen35-27b,1,graph,on,w2b,0,3,3,25110718.6,Step:Schedule,542,542,542,543,46329.739,Step:Schedule,542,1.0,393.575,268.725,630.384,752.11,243.99,775.97,213317.6,0.85,295930470.0,20260914T211728Z,True
tdb_qwen35-27b_tp1_graph_mtp-on_w2b_20260914T211728Z_3,qwen35-27b,1,graph,on,w2b,0,3,3,25110718.6,Step:Schedule,542,542,542,543,46329.739,async_state_update,543,1.0018,273.082,190.07,531.528,546.525,178.28,650.44,148283.6,0.589,295930470.0,20260914T211728Z,True
tdb_qwen35-27b_tp1_graph_mtp-on_w2b_20260914T211728Z_3,qwen35-27b,1,graph,on,w2b,0,3,3,25110718.6,Step:Schedule,542,542,542,543,46329.739,draft_token,543,1.0018,5571.732,5501.89,5859.94,5958.449,5381.29,6037.54,3025450.7,12.026,295930470.0,20260914T211728Z,True
tdb_qwen35-27b_tp1_graph_mtp-on_w2b_20260914T211728Z_3,qwen35-27b,1,graph,on,w2b,0,3,3,25110718.6,Step:Schedule,542,542,542,543,46329.739,forward,543,1.0018,3893.539,3898.0,4194.21,4289.179,3426.86,6034.05,2114191.8,8.404,295930470.0,20260914T211728Z,True
tdb_qwen35-27b_tp1_graph_mtp-on_w2b_20260914T211728Z_3,qwen35-27b,1,graph,on,w2b,0,3,3,25110718.6,Step:Schedule,542,542,542,543,46329.739,model: mtp: propose,543,1.0018,4243.207,4239.5,4290.664,4627.865,3864.16,4769.13,2304061.2,9.159,295930470.0,20260914T211728Z,True
tdb_qwen35-27b_tp1_graph_mtp-on_w2b_20260914T211728Z_3,qwen35-27b,1,graph,on,w2b,0,3,3,25110718.6,Step:Schedule,542,542,542,543,46329.739,post process,543,1.0018,173.958,119.77,460.2,485.915,114.74,496.31,94459.2,0.375,295930470.0,20260914T211728Z,True
tdb_qwen35-27b_tp1_graph_mtp-on_w2b_20260914T211728Z_3,qwen35-27b,1,graph,on,w2b,0,3,3,25110718.6,Step:Schedule,542,542,542,543,46329.739,prepare input,542,1.0,33605.746,33669.355,33822.353,33950.23,32647.36,34144.27,18214314.2,72.536,295930470.0,20260914T211728Z,True
tdb_qwen35-27b_tp1_graph_mtp-on_w2b_20260914T211728Z_3,qwen35-27b,1,graph,on,w2b,0,3,3,25110718.6,Step:Schedule,542,542,542,543,46329.739,sample_token,543,1.0018,705.207,798.08,822.792,840.904,426.94,941.39,382927.5,1.522,295930470.0,20260914T211728Z,True
tdb_qwen35-27b_tp1_graph_mtp-on_w2b_20260914T211728Z_3,qwen35-27b,1,graph,on,w2b,0,3,3,25110718.6,Step:Schedule,542,542,542,543,46329.739,schedule: allocate_slots,542,1.0,43.592,43.12,45.22,53.78,41.19,59.88,23626.8,0.094,295930470.0,20260914T211728Z,True
tdb_qwen35-27b_tp1_graph_mtp-on_w2b_20260914T211728Z_3,qwen35-27b,1,graph,on,w2b,0,3,3,25110718.6,Step:Schedule,542,542,542,543,46329.739,schedule: get_num_common_prefix_blocks,542,1.0,2.403,2.37,2.55,2.712,2.03,16.38,1302.2,0.005,295930470.0,20260914T211728Z,True
tdb_qwen35-27b_tp1_graph_mtp-on_w2b_20260914T211728Z_3,qwen35-27b,1,graph,on,w2b,0,3,3,25110718.6,Step:Schedule,542,542,542,543,46329.739,schedule: make_cached_request_data,542,1.0,11.595,11.505,12.22,13.149,10.45,23.45,6284.5,0.025,295930470.0,20260914T211728Z,True
tdb_qwen35-27b_tp1_graph_mtp-on_w2b_20260914T211728Z_3,qwen35-27b,1,graph,on,w2b,0,3,3,25110718.6,Step:Schedule,542,542,542,543,46329.739,schedule: update_after_schedule,542,1.0,7.402,7.37,7.63,8.154,6.59,21.63,4011.6,0.016,295930470.0,20260914T211728Z,True
tdb_qwen35-27b_tp1_graph_mtp-on_w2b_20260914T211728Z_3,qwen35-27b,1,graph,on,w2b,0,3,4,25159733.7,Step:Schedule,543,543,543,544,46334.684,Step:Output,544,1.0018,55.935,55.945,57.798,62.613,51.15,75.49,30428.4,0.121,394867086.0,20260914T211728Z,True
tdb_qwen35-27b_tp1_graph_mtp-on_w2b_20260914T211728Z_3,qwen35-27b,1,graph,on,w2b,0,3,4,25159733.7,Step:Schedule,543,543,543,544,46334.684,Step:Schedule,543,1.0,397.149,271.41,629.008,752.189,245.0,786.22,215651.8,0.857,394867086.0,20260914T211728Z,True
tdb_qwen35-27b_tp1_graph_mtp-on_w2b_20260914T211728Z_3,qwen35-27b,1,graph,on,w2b,0,3,4,25159733.7,Step:Schedule,543,543,543,544,46334.684,async_state_update,544,1.0018,280.426,193.355,533.22,544.178,180.46,561.73,152551.6,0.605,394867086.0,20260914T211728Z,True
tdb_qwen35-27b_tp1_graph_mtp-on_w2b_20260914T211728Z_3,qwen35-27b,1,graph,on,w2b,0,3,4,25159733.7,Step:Schedule,543,543,543,544,46334.684,draft_token,544,1.0018,5586.3,5510.225,5873.859,6072.712,5391.16,6205.41,3038947.0,12.056,394867086.0,20260914T211728Z,True
tdb_qwen35-27b_tp1_graph_mtp-on_w2b_20260914T211728Z_3,qwen35-27b,1,graph,on,w2b,0,3,4,25159733.7,Step:Schedule,543,543,543,544,46334.684,forward,544,1.0018,3876.031,3761.105,4203.303,4259.536,2820.5,4353.91,2108561.1,8.365,394867086.0,20260914T211728Z,True
tdb_qwen35-27b_tp1_graph_mtp-on_w2b_20260914T211728Z_3,qwen35-27b,1,graph,on,w2b,0,3,4,25159733.7,Step:Schedule,543,543,543,544,46334.684,model: mtp: propose,544,1.0018,4253.31,4243.75,4300.017,4687.425,4096.34,4911.35,2313800.7,9.18,394867086.0,20260914T211728Z,True
tdb_qwen35-27b_tp1_graph_mtp-on_w2b_20260914T211728Z_3,qwen35-27b,1,graph,on,w2b,0,3,4,25159733.7,Step:Schedule,543,543,543,544,46334.684,post process,544,1.0018,185.479,122.2,469.001,487.627,116.36,502.17,100900.3,0.4,394867086.0,20260914T211728Z,True
tdb_qwen35-27b_tp1_graph_mtp-on_w2b_20260914T211728Z_3,qwen35-27b,1,graph,on,w2b,0,3,4,25159733.7,Step:Schedule,543,543,543,544,46334.684,prepare input,543,1.0,33612.803,33684.77,33820.718,33930.934,32667.16,34890.58,18251751.8,72.544,394867086.0,20260914T211728Z,True
tdb_qwen35-27b_tp1_graph_mtp-on_w2b_20260914T211728Z_3,qwen35-27b,1,graph,on,w2b,0,3,4,25159733.7,Step:Schedule,543,543,543,544,46334.684,sample_token,544,1.0018,707.183,800.41,823.601,848.436,422.53,856.48,384707.7,1.526,394867086.0,20260914T211728Z,True
tdb_qwen35-27b_tp1_graph_mtp-on_w2b_20260914T211728Z_3,qwen35-27b,1,graph,on,w2b,0,3,4,25159733.7,Step:Schedule,543,543,543,544,46334.684,schedule: allocate_slots,543,1.0,43.279,42.86,45.05,49.133,40.18,59.32,23500.7,0.093,394867086.0,20260914T211728Z,True
tdb_qwen35-27b_tp1_graph_mtp-on_w2b_20260914T211728Z_3,qwen35-27b,1,graph,on,w2b,0,3,4,25159733.7,Step:Schedule,543,543,543,544,46334.684,schedule: get_num_common_prefix_blocks,543,1.0,2.375,2.34,2.53,2.756,2.06,13.34,1289.4,0.005,394867086.0,20260914T211728Z,True
tdb_qwen35-27b_tp1_graph_mtp-on_w2b_20260914T211728Z_3,qwen35-27b,1,graph,on,w2b,0,3,4,25159733.7,Step:Schedule,543,543,543,544,46334.684,schedule: make_cached_request_data,543,1.0,11.373,11.36,11.9,12.572,10.25,14.58,6175.4,0.025,394867086.0,20260914T211728Z,True
tdb_qwen35-27b_tp1_graph_mtp-on_w2b_20260914T211728Z_3,qwen35-27b,1,graph,on,w2b,0,3,4,25159733.7,Step:Schedule,543,543,543,544,46334.684,schedule: update_after_schedule,543,1.0,7.53,7.53,7.82,8.291,6.83,8.75,4088.7,0.016,394867086.0,20260914T211728Z,True
tdb_qwen35-2b_tp1_eager_mtp-off_e1b_20260915T020833Z_2,qwen35-2b,1,eager,off,e1b,0,2,0,25157387.8,prepare input,689,0,689,690,36512.899,async_state_update,690,1.0015,48.138,47.86,49.292,56.425,44.82,67.37,33215.3,0.132,941.0,20260915T020833Z,True
tdb_qwen35-2b_tp1_eager_mtp-off_e1b_20260915T020833Z_2,qwen35-2b,1,eager,off,e1b,0,2,0,25157387.8,prepare input,689,0,689,690,36512.899,draft_token,690,1.0015,2.528,2.485,2.64,2.8,2.16,21.11,1744.2,0.007,941.0,20260915T020833Z,True
tdb_qwen35-2b_tp1_eager_mtp-off_e1b_20260915T020833Z_2,qwen35-2b,1,eager,off,e1b,0,2,0,25157387.8,prepare input,689,0,689,690,36512.899,forward,690,1.0015,32698.114,32657.55,33204.336,34950.881,30809.15,37843.28,22561698.4,89.552,941.0,20260915T020833Z,True
tdb_qwen35-2b_tp1_eager_mtp-off_e1b_20260915T020833Z_2,qwen35-2b,1,eager,off,e1b,0,2,0,25157387.8,prepare input,689,0,689,690,36512.899,post process,690,1.0015,102.621,102.07,106.651,117.201,93.57,148.65,70808.3,0.281,941.0,20260915T020833Z,True
tdb_qwen35-2b_tp1_eager_mtp-off_e1b_20260915T020833Z_2,qwen35-2b,1,eager,off,e1b,0,2,0,25157387.8,prepare input,689,0,689,690,36512.899,prepare input,689,1.0,2682.021,2677.97,2720.402,2823.661,2557.64,3785.23,1847912.5,7.345,941.0,20260915T020833Z,True
tdb_qwen35-2b_tp1_eager_mtp-off_e1b_20260915T020833Z_2,qwen35-2b,1,eager,off,e1b,0,2,0,25157387.8,prepare input,689,0,689,690,36512.899,sample_token,690,1.0015,172.357,169.82,180.795,202.197,162.37,277.23,118926.6,0.472,941.0,20260915T020833Z,True
tdb_qwen35-2b_tp1_eager_mtp-off_e1b_20260915T020833Z_2,qwen35-2b,1,eager,off,e1b,0,2,1,25220716.1,prepare input,636,0,636,637,39655.214,async_state_update,637,1.0016,51.043,50.66,52.12,66.062,46.74,96.04,32514.4,0.129,264902699.0,20260915T020833Z,True
tdb_qwen35-2b_tp1_eager_mtp-off_e1b_20260915T020833Z_2,qwen35-2b,1,eager,off,e1b,0,2,1,25220716.1,prepare input,636,0,636,637,39655.214,draft_token,637,1.0016,2.557,2.55,2.74,2.963,2.21,3.1,1629.0,0.006,264902699.0,20260915T020833Z,True
tdb_qwen35-2b_tp1_eager_mtp-off_e1b_20260915T020833Z_2,qwen35-2b,1,eager,off,e1b,0,2,1,25220716.1,prepare input,636,0,636,637,39655.214,forward,637,1.0016,35591.458,35623.17,36760.66,39715.397,33525.35,41502.68,22671759.0,89.752,264902699.0,20260915T020833Z,True
tdb_qwen35-2b_tp1_eager_mtp-off_e1b_20260915T020833Z_2,qwen35-2b,1,eager,off,e1b,0,2,1,25220716.1,prepare input,636,0,636,637,39655.214,post process,637,1.0016,113.115,112.96,117.33,124.709,103.09,137.8,72054.2,0.285,264902699.0,20260915T020833Z,True
tdb_qwen35-2b_tp1_eager_mtp-off_e1b_20260915T020833Z_2,qwen35-2b,1,eager,off,e1b,0,2,1,25220716.1,prepare input,636,0,636,637,39655.214,prepare input,636,1.0,2864.602,2869.2,2924.29,3061.643,2678.87,3291.85,1821886.7,7.224,264902699.0,20260915T020833Z,True
tdb_qwen35-2b_tp1_eager_mtp-off_e1b_20260915T020833Z_2,qwen35-2b,1,eager,off,e1b,0,2,1,25220716.1,prepare input,636,0,636,637,39655.214,sample_token,637,1.0016,185.47,183.6,195.214,224.416,168.6,256.24,118144.1,0.468,264902699.0,20260915T020833Z,True
tdb_qwen35-2b_tp1_eager_mtp-off_e1b_20260915T020833Z_2,qwen35-2b,1,eager,off,e1b,0,2,2,25139468.0,prepare input,703,0,703,704,35760.267,async_state_update,704,1.0014,49.182,49.03,49.99,56.766,47.09,66.65,34624.3,0.138,514638910.0,20260915T020833Z,True
tdb_qwen35-2b_tp1_eager_mtp-off_e1b_20260915T020833Z_2,qwen35-2b,1,eager,off,e1b,0,2,2,25139468.0,prepare input,703,0,703,704,35760.267,draft_token,704,1.0014,2.492,2.47,2.64,2.75,2.13,13.75,1754.1,0.007,514638910.0,20260915T020833Z,True
tdb_qwen35-2b_tp1_eager_mtp-off_e1b_20260915T020833Z_2,qwen35-2b,1,eager,off,e1b,0,2,2,25139468.0,prepare input,703,0,703,704,35760.267,forward,704,1.0014,31995.428,32025.35,32729.057,32866.25,30751.35,35304.55,22524781.6,89.472,514638910.0,20260915T020833Z,True
tdb_qwen35-2b_tp1_eager_mtp-off_e1b_20260915T020833Z_2,qwen35-2b,1,eager,off,e1b,0,2,2,25139468.0,prepare input,703,0,703,704,35760.267,post process,704,1.0014,99.619,99.58,102.627,109.245,93.28,116.58,70131.8,0.279,514638910.0,20260915T020833Z,True
tdb_qwen35-2b_tp1_eager_mtp-off_e1b_20260915T020833Z_2,qwen35-2b,1,eager,off,e1b,0,2,2,25139468.0,prepare input,703,0,703,704,35760.267,prepare input,703,1.0,2641.464,2642.18,2683.83,2712.011,2564.26,2866.08,1856949.5,7.387,514638910.0,20260915T020833Z,True
tdb_qwen35-2b_tp1_eager_mtp-off_e1b_20260915T020833Z_2,qwen35-2b,1,eager,off,e1b,0,2,2,25139468.0,prepare input,703,0,703,704,35760.267,sample_token,704,1.0014,175.388,173.79,183.849,219.659,161.92,255.03,123472.9,0.49,514638910.0,20260915T020833Z,True
tdb_qwen35-2b_tp1_eager_mtp-off_e1b_20260915T020833Z_2,qwen35-2b,1,eager,off,e1b,0,2,3,25189233.6,prepare input,671,0,671,672,37539.841,async_state_update,672,1.0015,49.472,49.225,50.169,61.592,47.46,66.64,33245.2,0.132,778105463.0,20260915T020833Z,True
tdb_qwen35-2b_tp1_eager_mtp-off_e1b_20260915T020833Z_2,qwen35-2b,1,eager,off,e1b,0,2,3,25189233.6,prepare input,671,0,671,672,37539.841,draft_token,672,1.0015,2.45,2.44,2.58,2.693,2.13,11.78,1646.7,0.007,778105463.0,20260915T020833Z,True
tdb_qwen35-2b_tp1_eager_mtp-off_e1b_20260915T020833Z_2,qwen35-2b,1,eager,off,e1b,0,2,3,25189233.6,prepare input,671,0,671,672,37539.841,forward,672,1.0015,33638.592,33596.255,33822.619,34105.909,33369.8,36070.47,22605133.6,89.608,778105463.0,20260915T020833Z,True
tdb_qwen35-2b_tp1_eager_mtp-off_e1b_20260915T020833Z_2,qwen35-2b,1,eager,off,e1b,0,2,3,25189233.6,prepare input,671,0,671,672,37539.841,post process,672,1.0015,106.409,106.04,108.199,116.625,101.97,120.99,71507.1,0.283,778105463.0,20260915T020833Z,True
tdb_qwen35-2b_tp1_eager_mtp-off_e1b_20260915T020833Z_2,qwen35-2b,1,eager,off,e1b,0,2,3,25189233.6,prepare input,671,0,671,672,37539.841,prepare input,671,1.0,2745.725,2744.17,2765.69,2808.737,2701.21,2937.78,1842381.8,7.314,778105463.0,20260915T020833Z,True
tdb_qwen35-2b_tp1_eager_mtp-off_e1b_20260915T020833Z_2,qwen35-2b,1,eager,off,e1b,0,2,3,25189233.6,prepare input,671,0,671,672,37539.841,sample_token,672,1.0015,181.882,177.085,196.044,239.465,168.91,252.96,122224.7,0.485,778105463.0,20260915T020833Z,True
tdb_qwen35-2b_tp1_eager_mtp-off_e1b_20260915T020833Z_2,qwen35-2b,1,eager,off,e1b,0,2,4,25303353.3,prepare input,719,0,719,720,35192.425,async_state_update,720,1.0014,47.291,47.195,48.23,50.761,44.36,60.84,34049.8,0.134,1032963699.0,20260915T020833Z,True
tdb_qwen35-2b_tp1_eager_mtp-off_e1b_20260915T020833Z_2,qwen35-2b,1,eager,off,e1b,0,2,4,25303353.3,prepare input,719,0,719,720,35192.425,draft_token,720,1.0014,2.475,2.47,2.62,2.72,2.15,2.97,1782.3,0.007,1032963699.0,20260915T020833Z,True
tdb_qwen35-2b_tp1_eager_mtp-off_e1b_20260915T020833Z_2,qwen35-2b,1,eager,off,e1b,0,2,4,25303353.3,prepare input,719,0,719,720,35192.425,forward,720,1.0014,31520.549,31433.795,32379.789,32501.401,30544.51,33692.53,22694795.0,89.566,1032963699.0,20260915T020833Z,True
tdb_qwen35-2b_tp1_eager_mtp-off_e1b_20260915T020833Z_2,qwen35-2b,1,eager,off,e1b,0,2,4,25303353.3,prepare input,719,0,719,720,35192.425,post process,720,1.0014,96.472,95.945,99.256,106.271,91.46,112.95,69459.6,0.274,1032963699.0,20260915T020833Z,True
tdb_qwen35-2b_tp1_eager_mtp-off_e1b_20260915T020833Z_2,qwen35-2b,1,eager,off,e1b,0,2,4,25303353.3,prepare input,719,0,719,720,35192.425,prepare input,719,1.0,2573.046,2569.2,2604.064,2631.622,2509.01,2750.55,1850020.1,7.311,1032963699.0,20260915T020833Z,True
tdb_qwen35-2b_tp1_eager_mtp-off_e1b_20260915T020833Z_2,qwen35-2b,1,eager,off,e1b,0,2,4,25303353.3,prepare input,719,0,719,720,35192.425,sample_token,720,1.0014,173.389,171.22,180.663,210.341,161.0,234.02,124840.2,0.493,1032963699.0,20260915T020833Z,True
tdb_qwen35-2b_tp1_eager_mtp-off_m1b_20260914T233006Z_2,qwen35-2b,1,eager,off,m1b,0,2,0,25160045.9,prepare input,662,0,662,663,38006.112,async_state_update,663,1.0015,48.384,47.92,49.19,61.498,46.16,127.36,32078.7,0.127,1033.0,20260914T233006Z,True
tdb_qwen35-2b_tp1_eager_mtp-off_m1b_20260914T233006Z_2,qwen35-2b,1,eager,off,m1b,0,2,0,25160045.9,prepare input,662,0,662,663,38006.112,draft_token,663,1.0015,2.634,2.63,2.79,2.934,2.25,3.31,1746.2,0.007,1033.0,20260914T233006Z,True
tdb_qwen35-2b_tp1_eager_mtp-off_m1b_20260914T233006Z_2,qwen35-2b,1,eager,off,m1b,0,2,0,25160045.9,prepare input,662,0,662,663,38006.112,forward,663,1.0015,34167.573,34082.09,34841.416,35732.575,33367.7,39214.92,22653100.9,89.9,1033.0,20260914T233006Z,True
tdb_qwen35-2b_tp1_eager_mtp-off_m1b_20260914T233006Z_2,qwen35-2b,1,eager,off,m1b,0,2,0,25160045.9,prepare input,662,0,662,663,38006.112,post process,663,1.0015,106.523,105.61,109.926,121.726,100.36,187.97,70624.6,0.28,1033.0,20260914T233006Z,True
tdb_qwen35-2b_tp1_eager_mtp-off_m1b_20260914T233006Z_2,qwen35-2b,1,eager,off,m1b,0,2,0,25160045.9,prepare input,662,0,662,663,38006.112,prepare input,662,1.0,2698.476,2691.21,2744.186,2845.239,2625.02,2971.1,1786390.8,7.1,1033.0,20260914T233006Z,True
tdb_qwen35-2b_tp1_eager_mtp-off_m1b_20260914T233006Z_2,qwen35-2b,1,eager,off,m1b,0,2,0,25160045.9,prepare input,662,0,662,663,38006.112,sample_token,663,1.0015,171.109,168.72,181.702,199.322,115.85,263.76,113445.5,0.45,1033.0,20260914T233006Z,True
tdb_qwen35-2b_tp1_eager_mtp-off_m1b_20260914T233006Z_2,qwen35-2b,1,eager,off,m1b,0,2,1,25202678.8,prepare input,693,0,693,694,36367.502,async_state_update,694,1.0014,48.16,47.96,48.997,59.612,45.39,63.72,33423.1,0.132,267806456.0,20260914T233006Z,True
tdb_qwen35-2b_tp1_eager_mtp-off_m1b_20260914T233006Z_2,qwen35-2b,1,eager,off,m1b,0,2,1,25202678.8,prepare input,693,0,693,694,36367.502,draft_token,694,1.0014,2.664,2.64,2.81,2.96,2.3,15.11,1848.8,0.007,267806456.0,20260914T233006Z,True
tdb_qwen35-2b_tp1_eager_mtp-off_m1b_20260914T233006Z_2,qwen35-2b,1,eager,off,m1b,0,2,1,25202678.8,prepare input,693,0,693,694,36367.502,forward,694,1.0014,32629.076,32600.135,33637.854,34019.875,30806.48,34183.65,22644579.0,89.72,267806456.0,20260914T233006Z,True
tdb_qwen35-2b_tp1_eager_mtp-off_m1b_20260914T233006Z_2,qwen35-2b,1,eager,off,m1b,0,2,1,25202678.8,prepare input,693,0,693,694,36367.502,post process,694,1.0014,100.038,99.885,102.85,115.01,92.74,119.29,69426.4,0.275,267806456.0,20260914T233006Z,True
tdb_qwen35-2b_tp1_eager_mtp-off_m1b_20260914T233006Z_2,qwen35-2b,1,eager,off,m1b,0,2,1,25202678.8,prepare input,693,0,693,694,36367.502,prepare input,693,1.0,2616.524,2621.89,2642.33,2686.582,2521.68,2770.1,1813251.4,7.195,267806456.0,20260914T233006Z,True
tdb_qwen35-2b_tp1_eager_mtp-off_m1b_20260914T233006Z_2,qwen35-2b,1,eager,off,m1b,0,2,1,25202678.8,prepare input,693,0,693,694,36367.502,sample_token,694,1.0014,167.0,167.62,172.704,184.528,154.32,283.19,115898.0,0.459,267806456.0,20260914T233006Z,True
tdb_qwen35-2b_tp1_eager_mtp-off_m1b_20260914T233006Z_2,qwen35-2b,1,eager,off,m1b,0,2,2,25238712.1,prepare input,650,0,650,651,38828.788,async_state_update,651,1.0015,49.266,48.64,51.3,58.12,45.58,67.73,32072.1,0.127,534008730.0,20260914T233006Z,True
tdb_qwen35-2b_tp1_eager_mtp-off_m1b_20260914T233006Z_2,qwen35-2b,1,eager,off,m1b,0,2,2,25238712.1,prepare input,650,0,650,651,38828.788,draft_token,651,1.0015,2.776,2.77,2.95,3.15,2.35,3.47,1806.9,0.007,534008730.0,20260914T233006Z,True
tdb_qwen35-2b_tp1_eager_mtp-off_m1b_20260914T233006Z_2,qwen35-2b,1,eager,off,m1b,0,2,2,25238712.1,prepare input,650,0,650,651,38828.788,forward,651,1.0015,34878.419,34297.88,36409.82,36679.6,33508.54,39992.91,22705850.9,89.826,534008730.0,20260914T233006Z,True
tdb_qwen35-2b_tp1_eager_mtp-off_m1b_20260914T233006Z_2,qwen35-2b,1,eager,off,m1b,0,2,2,25238712.1,prepare input,650,0,650,651,38828.788,post process,651,1.0015,109.454,108.05,114.82,121.245,103.03,136.58,71254.2,0.282,534008730.0,20260914T233006Z,True
tdb_qwen35-2b_tp1_eager_mtp-off_m1b_20260914T233006Z_2,qwen35-2b,1,eager,off,m1b,0,2,2,25238712.1,prepare input,650,0,650,651,38828.788,prepare input,650,1.0,2771.838,2734.895,2868.869,2899.848,2671.72,3065.34,1801694.8,7.139,534008730.0,20260914T233006Z,True
tdb_qwen35-2b_tp1_eager_mtp-off_m1b_20260914T233006Z_2,qwen35-2b,1,eager,off,m1b,0,2,2,25238712.1,prepare input,650,0,650,651,38828.788,sample_token,651,1.0015,175.156,173.48,183.91,195.905,163.48,258.82,114026.6,0.451,534008730.0,20260914T233006Z,True
tdb_qwen35-2b_tp1_eager_mtp-off_m1b_20260914T233006Z_2,qwen35-2b,1,eager,off,m1b,0,2,3,25222599.9,prepare input,685,0,685,686,36821.314,async_state_update,686,1.0015,48.295,48.06,48.98,58.572,46.37,62.98,33130.6,0.131,801617132.0,20260914T233006Z,True
tdb_qwen35-2b_tp1_eager_mtp-off_m1b_20260914T233006Z_2,qwen35-2b,1,eager,off,m1b,0,2,3,25222599.9,prepare input,685,0,685,686,36821.314,draft_token,686,1.0015,2.743,2.725,2.89,3.042,2.35,12.07,1881.8,0.007,801617132.0,20260914T233006Z,True
tdb_qwen35-2b_tp1_eager_mtp-off_m1b_20260914T233006Z_2,qwen35-2b,1,eager,off,m1b,0,2,3,25222599.9,prepare input,685,0,685,686,36821.314,forward,686,1.0015,33056.785,33066.46,33314.935,33583.91,32560.26,37114.05,22676954.7,89.776,801617132.0,20260914T233006Z,True
tdb_qwen35-2b_tp1_eager_mtp-off_m1b_20260914T233006Z_2,qwen35-2b,1,eager,off,m1b,0,2,3,25222599.9,prepare input,685,0,685,686,36821.314,post process,686,1.0015,102.886,102.565,104.975,115.367,98.18,118.87,70580.1,0.279,801617132.0,20260914T233006Z,True
tdb_qwen35-2b_tp1_eager_mtp-off_m1b_20260914T233006Z_2,qwen35-2b,1,eager,off,m1b,0,2,3,25222599.9,prepare input,685,0,685,686,36821.314,prepare input,685,1.0,2623.461,2621.85,2645.282,2675.99,2579.34,2873.58,1797070.8,7.125,801617132.0,20260914T233006Z,True
tdb_qwen35-2b_tp1_eager_mtp-off_m1b_20260914T233006Z_2,qwen35-2b,1,eager,off,m1b,0,2,3,25222599.9,prepare input,685,0,685,686,36821.314,sample_token,686,1.0015,167.472,166.37,172.005,185.601,160.67,206.66,114885.6,0.455,801617132.0,20260914T233006Z,True
tdb_qwen35-2b_tp1_eager_mtp-off_m1b_20260914T233006Z_2,qwen35-2b,1,eager,off,m1b,0,2,4,25218994.0,prepare input,660,0,660,661,38210.597,async_state_update,661,1.0015,49.226,48.91,50.57,60.128,46.9,67.34,32538.2,0.129,1057617970.0,20260914T233006Z,True
tdb_qwen35-2b_tp1_eager_mtp-off_m1b_20260914T233006Z_2,qwen35-2b,1,eager,off,m1b,0,2,4,25218994.0,prepare input,660,0,660,661,38210.597,draft_token,661,1.0015,2.663,2.66,2.82,2.994,2.33,3.29,1760.4,0.007,1057617970.0,20260914T233006Z,True
tdb_qwen35-2b_tp1_eager_mtp-off_m1b_20260914T233006Z_2,qwen35-2b,1,eager,off,m1b,0,2,4,25218994.0,prepare input,660,0,660,661,38210.597,forward,661,1.0015,34280.872,35210.63,36086.72,36465.498,32246.85,37089.1,22659656.3,89.716,1057617970.0,20260914T233006Z,True
tdb_qwen35-2b_tp1_eager_mtp-off_m1b_20260914T233006Z_2,qwen35-2b,1,eager,off,m1b,0,2,4,25218994.0,prepare input,660,0,660,661,38210.597,post process,661,1.0015,106.38,109.11,113.66,121.724,94.89,128.87,70316.9,0.278,1057617970.0,20260914T233006Z,True
tdb_qwen35-2b_tp1_eager_mtp-off_m1b_20260914T233006Z_2,qwen35-2b,1,eager,off,m1b,0,2,4,25218994.0,prepare input,660,0,660,661,38210.597,prepare input,660,1.0,2741.284,2813.03,2864.666,2896.461,2570.44,2937.87,1809247.1,7.174,1057617970.0,20260914T233006Z,True
tdb_qwen35-2b_tp1_eager_mtp-off_m1b_20260914T233006Z_2,qwen35-2b,1,eager,off,m1b,0,2,4,25218994.0,prepare input,660,0,660,661,38210.597,sample_token,661,1.0015,195.427,198.99,218.46,256.922,162.33,271.56,129177.4,0.511,1057617970.0,20260914T233006Z,True
tdb_qwen35-2b_tp1_eager_mtp-off_w2a_20260914T204321Z_2,qwen35-2b,1,eager,off,w2a,0,2,0,25142174.3,Step:Schedule,468,468,468,469,53722.595,Step:Output,469,1.0021,47.092,46.59,48.18,60.921,44.25,67.42,22086.0,0.088,596.0,20260914T204321Z,True
tdb_qwen35-2b_tp1_eager_mtp-off_w2a_20260914T204321Z_2,qwen35-2b,1,eager,off,w2a,0,2,0,25142174.3,Step:Schedule,468,468,468,469,53722.595,Step:Schedule,468,1.0,329.756,266.66,490.291,517.287,242.54,547.77,154326.0,0.614,596.0,20260914T204321Z,True
tdb_qwen35-2b_tp1_eager_mtp-off_w2a_20260914T204321Z_2,qwen35-2b,1,eager,off,w2a,0,2,0,25142174.3,Step:Schedule,468,468,468,469,53722.595,async_state_update,469,1.0021,67.971,52.07,65.334,251.89,48.49,259.21,31878.5,0.127,596.0,20260914T204321Z,True
tdb_qwen35-2b_tp1_eager_mtp-off_w2a_20260914T204321Z_2,qwen35-2b,1,eager,off,w2a,0,2,0,25142174.3,Step:Schedule,468,468,468,469,53722.595,draft_token,469,1.0021,2.903,2.89,3.152,3.34,2.34,3.45,1361.7,0.005,596.0,20260914T204321Z,True
tdb_qwen35-2b_tp1_eager_mtp-off_w2a_20260914T204321Z_2,qwen35-2b,1,eager,off,w2a,0,2,0,25142174.3,Step:Schedule,468,468,468,469,53722.595,forward,469,1.0021,48000.024,47937.63,49067.248,50025.014,44194.48,55676.75,22512011.0,89.348,596.0,20260914T204321Z,True
tdb_qwen35-2b_tp1_eager_mtp-off_w2a_20260914T204321Z_2,qwen35-2b,1,eager,off,w2a,0,2,0,25142174.3,Step:Schedule,468,468,468,469,53722.595,post process,469,1.0021,146.26,120.2,195.826,345.508,104.97,359.84,68595.7,0.272,596.0,20260914T204321Z,True
tdb_qwen35-2b_tp1_eager_mtp-off_w2a_20260914T204321Z_2,qwen35-2b,1,eager,off,w2a,0,2,0,25142174.3,Step:Schedule,468,468,468,469,53722.595,prepare input,468,1.0,3562.109,3523.855,3739.014,3838.502,3276.83,3909.84,1667066.9,6.631,596.0,20260914T204321Z,True
tdb_qwen35-2b_tp1_eager_mtp-off_w2a_20260914T204321Z_2,qwen35-2b,1,eager,off,w2a,0,2,0,25142174.3,Step:Schedule,468,468,468,469,53722.595,sample_token,469,1.0021,168.755,128.06,334.244,354.069,113.84,362.7,79146.2,0.314,596.0,20260914T204321Z,True
tdb_qwen35-2b_tp1_eager_mtp-off_w2a_20260914T204321Z_2,qwen35-2b,1,eager,off,w2a,0,2,0,25142174.3,Step:Schedule,468,468,468,469,53722.595,schedule: allocate_slots,468,1.0,43.347,42.905,45.036,54.772,40.28,58.72,20286.6,0.081,596.0,20260914T204321Z,True
tdb_qwen35-2b_tp1_eager_mtp-off_w2a_20260914T204321Z_2,qwen35-2b,1,eager,off,w2a,0,2,0,25142174.3,Step:Schedule,468,468,468,469,53722.595,schedule: get_num_common_prefix_blocks,468,1.0,2.472,2.42,2.62,3.017,2.12,15.38,1156.8,0.005,596.0,20260914T204321Z,True
tdb_qwen35-2b_tp1_eager_mtp-off_w2a_20260914T204321Z_2,qwen35-2b,1,eager,off,w2a,0,2,0,25142174.3,Step:Schedule,468,468,468,469,53722.595,schedule: make_cached_request_data,468,1.0,11.957,11.8,12.513,15.553,10.68,24.97,5596.1,0.022,596.0,20260914T204321Z,True
tdb_qwen35-2b_tp1_eager_mtp-off_w2a_20260914T204321Z_2,qwen35-2b,1,eager,off,w2a,0,2,0,25142174.3,Step:Schedule,468,468,468,469,53722.595,schedule: update_after_schedule,468,1.0,7.644,7.57,7.88,9.093,7.0,18.56,3577.6,0.014,596.0,20260914T204321Z,True
tdb_qwen35-2b_tp1_eager_mtp-off_w2a_20260914T204321Z_2,qwen35-2b,1,eager,off,w2a,0,2,1,25160104.8,Step:Schedule,472,472,472,473,53305.307,Step:Output,473,1.0021,45.658,45.25,47.198,55.432,43.2,65.89,21596.5,0.086,281208644.0,20260914T204321Z,True
tdb_qwen35-2b_tp1_eager_mtp-off_w2a_20260914T204321Z_2,qwen35-2b,1,eager,off,w2a,0,2,1,25160104.8,Step:Schedule,472,472,472,473,53305.307,Step:Schedule,472,1.0,326.087,260.83,467.994,493.93,248.11,508.51,153913.0,0.612,281208644.0,20260914T204321Z,True
tdb_qwen35-2b_tp1_eager_mtp-off_w2a_20260914T204321Z_2,qwen35-2b,1,eager,off,w2a,0,2,1,25160104.8,Step:Schedule,472,472,472,473,53305.307,async_state_update,473,1.0021,59.082,51.62,55.978,244.049,49.55,260.27,27945.7,0.111,281208644.0,20260914T204321Z,True
tdb_qwen35-2b_tp1_eager_mtp-off_w2a_20260914T204321Z_2,qwen35-2b,1,eager,off,w2a,0,2,1,25160104.8,Step:Schedule,472,472,472,473,53305.307,draft_token,473,1.0021,2.56,2.52,2.89,3.116,2.1,3.28,1210.8,0.005,281208644.0,20260914T204321Z,True
tdb_qwen35-2b_tp1_eager_mtp-off_w2a_20260914T204321Z_2,qwen35-2b,1,eager,off,w2a,0,2,1,25160104.8,Step:Schedule,472,472,472,473,53305.307,forward,473,1.0021,47736.106,47502.74,48938.98,49540.374,46348.99,50408.61,22579178.4,89.552,281208644.0,20260914T204321Z,True
tdb_qwen35-2b_tp1_eager_mtp-off_w2a_20260914T204321Z_2,qwen35-2b,1,eager,off,w2a,0,2,1,25160104.8,Step:Schedule,472,472,472,473,53305.307,post process,473,1.0021,155.713,119.14,306.33,337.224,110.85,418.21,73652.0,0.292,281208644.0,20260914T204321Z,True
tdb_qwen35-2b_tp1_eager_mtp-off_w2a_20260914T204321Z_2,qwen35-2b,1,eager,off,w2a,0,2,1,25160104.8,Step:Schedule,472,472,472,473,53305.307,prepare input,472,1.0,3514.265,3483.34,3670.127,3784.059,3395.43,4216.64,1658732.9,6.593,281208644.0,20260914T204321Z,True
tdb_qwen35-2b_tp1_eager_mtp-off_w2a_20260914T204321Z_2,qwen35-2b,1,eager,off,w2a,0,2,1,25160104.8,Step:Schedule,472,472,472,473,53305.307,sample_token,473,1.0021,175.119,128.05,331.9,354.659,120.34,420.33,82831.5,0.329,281208644.0,20260914T204321Z,True
tdb_qwen35-2b_tp1_eager_mtp-off_w2a_20260914T204321Z_2,qwen35-2b,1,eager,off,w2a,0,2,1,25160104.8,Step:Schedule,472,472,472,473,53305.307,schedule: allocate_slots,472,1.0,42.803,42.52,44.37,47.49,39.78,59.83,20203.2,0.08,281208644.0,20260914T204321Z,True
tdb_qwen35-2b_tp1_eager_mtp-off_w2a_20260914T204321Z_2,qwen35-2b,1,eager,off,w2a,0,2,1,25160104.8,Step:Schedule,472,472,472,473,53305.307,schedule: get_num_common_prefix_blocks,472,1.0,2.372,2.32,2.52,2.783,2.01,13.71,1119.5,0.004,281208644.0,20260914T204321Z,True
tdb_qwen35-2b_tp1_eager_mtp-off_w2a_20260914T204321Z_2,qwen35-2b,1,eager,off,w2a,0,2,1,25160104.8,Step:Schedule,472,472,472,473,53305.307,schedule: make_cached_request_data,472,1.0,11.781,11.71,12.32,13.451,10.66,15.7,5560.6,0.022,281208644.0,20260914T204321Z,True
tdb_qwen35-2b_tp1_eager_mtp-off_w2a_20260914T204321Z_2,qwen35-2b,1,eager,off,w2a,0,2,1,25160104.8,Step:Schedule,472,472,472,473,53305.307,schedule: update_after_schedule,472,1.0,7.475,7.45,7.709,8.279,6.8,15.87,3528.1,0.014,281208644.0,20260914T204321Z,True
tdb_qwen35-2b_tp1_eager_mtp-off_w2a_20260914T204321Z_2,qwen35-2b,1,eager,off,w2a,0,2,2,25168528.4,Step:Schedule,499,499,499,500,50437.933,Step:Output,500,1.002,45.422,45.24,46.44,49.5,43.1,64.86,22711.2,0.09,553335185.0,20260914T204321Z,True
tdb_qwen35-2b_tp1_eager_mtp-off_w2a_20260914T204321Z_2,qwen35-2b,1,eager,off,w2a,0,2,2,25168528.4,Step:Schedule,499,499,499,500,50437.933,Step:Schedule,499,1.0,316.089,259.94,473.618,498.135,240.11,584.12,157728.6,0.627,553335185.0,20260914T204321Z,True
tdb_qwen35-2b_tp1_eager_mtp-off_w2a_20260914T204321Z_2,qwen35-2b,1,eager,off,w2a,0,2,2,25168528.4,Step:Schedule,499,499,499,500,50437.933,async_state_update,500,1.002,54.457,49.99,54.202,194.744,48.16,259.54,27228.6,0.108,553335185.0,20260914T204321Z,True
tdb_qwen35-2b_tp1_eager_mtp-off_w2a_20260914T204321Z_2,qwen35-2b,1,eager,off,w2a,0,2,2,25168528.4,Step:Schedule,499,499,499,500,50437.933,draft_token,500,1.002,2.66,2.65,2.871,3.061,2.15,3.34,1330.0,0.005,553335185.0,20260914T204321Z,True
tdb_qwen35-2b_tp1_eager_mtp-off_w2a_20260914T204321Z_2,qwen35-2b,1,eager,off,w2a,0,2,2,25168528.4,Step:Schedule,499,499,499,500,50437.933,forward,500,1.002,45025.435,45357.915,45945.42,47320.188,41198.07,48517.92,22512717.7,89.269,553335185.0,20260914T204321Z,True
tdb_qwen35-2b_tp1_eager_mtp-off_w2a_20260914T204321Z_2,qwen35-2b,1,eager,off,w2a,0,2,2,25168528.4,Step:Schedule,499,499,499,500,50437.933,post process,500,1.002,150.213,111.89,311.686,336.327,98.36,381.64,75106.7,0.298,553335185.0,20260914T204321Z,True
tdb_qwen35-2b_tp1_eager_mtp-off_w2a_20260914T204321Z_2,qwen35-2b,1,eager,off,w2a,0,2,2,25168528.4,Step:Schedule,499,499,499,500,50437.933,prepare input,499,1.0,3396.694,3395.32,3440.412,3619.385,3228.78,3843.3,1694950.2,6.734,553335185.0,20260914T204321Z,True
tdb_qwen35-2b_tp1_eager_mtp-off_w2a_20260914T204321Z_2,qwen35-2b,1,eager,off,w2a,0,2,2,25168528.4,Step:Schedule,499,499,499,500,50437.933,sample_token,500,1.002,144.928,120.555,316.008,344.51,109.82,352.44,72464.2,0.287,553335185.0,20260914T204321Z,True
tdb_qwen35-2b_tp1_eager_mtp-off_w2a_20260914T204321Z_2,qwen35-2b,1,eager,off,w2a,0,2,2,25168528.4,Step:Schedule,499,499,499,500,50437.933,schedule: allocate_slots,499,1.0,42.435,41.91,43.934,54.134,39.64,59.66,21175.0,0.084,553335185.0,20260914T204321Z,True
tdb_qwen35-2b_tp1_eager_mtp-off_w2a_20260914T204321Z_2,qwen35-2b,1,eager,off,w2a,0,2,2,25168528.4,Step:Schedule,499,499,499,500,50437.933,schedule: get_num_common_prefix_blocks,499,1.0,2.345,2.33,2.51,2.66,2.06,2.86,1170.3,0.005,553335185.0,20260914T204321Z,True
tdb_qwen35-2b_tp1_eager_mtp-off_w2a_20260914T204321Z_2,qwen35-2b,1,eager,off,w2a,0,2,2,25168528.4,Step:Schedule,499,499,499,500,50437.933,schedule: make_cached_request_data,499,1.0,11.549,11.48,12.11,12.91,10.42,13.3,5762.8,0.023,553335185.0,20260914T204321Z,True
tdb_qwen35-2b_tp1_eager_mtp-off_w2a_20260914T204321Z_2,qwen35-2b,1,eager,off,w2a,0,2,2,25168528.4,Step:Schedule,499,499,499,500,50437.933,schedule: update_after_schedule,499,1.0,7.492,7.41,7.758,8.431,6.77,16.36,3738.7,0.015,553335185.0,20260914T204321Z,True
tdb_qwen35-2b_tp1_eager_mtp-off_w2a_20260914T204321Z_2,qwen35-2b,1,eager,off,w2a,0,2,3,25155513.6,Step:Schedule,469,469,469,470,53636.489,Step:Output,470,1.0021,46.524,46.045,48.743,57.313,42.93,64.85,21866.4,0.087,824900695.0,20260914T204321Z,True
tdb_qwen35-2b_tp1_eager_mtp-off_w2a_20260914T204321Z_2,qwen35-2b,1,eager,off,w2a,0,2,3,25155513.6,Step:Schedule,469,469,469,470,53636.489,Step:Schedule,469,1.0,318.794,260.86,475.104,489.436,248.04,528.49,149514.6,0.594,824900695.0,20260914T204321Z,True
tdb_qwen35-2b_tp1_eager_mtp-off_w2a_20260914T204321Z_2,qwen35-2b,1,eager,off,w2a,0,2,3,25155513.6,Step:Schedule,469,469,469,470,53636.489,async_state_update,470,1.0021,59.456,50.96,57.707,241.15,47.11,268.07,27944.4,0.111,824900695.0,20260914T204321Z,True
tdb_qwen35-2b_tp1_eager_mtp-off_w2a_20260914T204321Z_2,qwen35-2b,1,eager,off,w2a,0,2,3,25155513.6,Step:Schedule,469,469,469,470,53636.489,draft_token,470,1.0021,2.781,2.8,3.03,3.223,2.2,3.33,1306.8,0.005,824900695.0,20260914T204321Z,True
tdb_qwen35-2b_tp1_eager_mtp-off_w2a_20260914T204321Z_2,qwen35-2b,1,eager,off,w2a,0,2,3,25155513.6,Step:Schedule,469,469,469,470,53636.489,forward,470,1.0021,48009.853,48525.605,50213.006,50653.301,44254.66,51306.42,22564630.9,89.51,824900695.0,20260914T204321Z,True
tdb_qwen35-2b_tp1_eager_mtp-off_w2a_20260914T204321Z_2,qwen35-2b,1,eager,off,w2a,0,2,3,25155513.6,Step:Schedule,469,469,469,470,53636.489,post process,470,1.0021,150.795,121.14,304.004,342.162,105.59,354.35,70873.7,0.281,824900695.0,20260914T204321Z,True
tdb_qwen35-2b_tp1_eager_mtp-off_w2a_20260914T204321Z_2,qwen35-2b,1,eager,off,w2a,0,2,3,25155513.6,Step:Schedule,469,469,469,470,53636.489,prepare input,469,1.0,3517.321,3481.99,3787.606,3849.529,3260.82,3941.75,1649623.5,6.558,824900695.0,20260914T204321Z,True
tdb_qwen35-2b_tp1_eager_mtp-off_w2a_20260914T204321Z_2,qwen35-2b,1,eager,off,w2a,0,2,3,25155513.6,Step:Schedule,469,469,469,470,53636.489,sample_token,470,1.0021,160.758,127.725,328.019,348.457,113.51,363.1,75556.2,0.3,824900695.0,20260914T204321Z,True
tdb_qwen35-2b_tp1_eager_mtp-off_w2a_20260914T204321Z_2,qwen35-2b,1,eager,off,w2a,0,2,3,25155513.6,Step:Schedule,469,469,469,470,53636.489,schedule: allocate_slots,469,1.0,42.661,42.34,44.18,50.829,39.9,53.96,20007.9,0.08,824900695.0,20260914T204321Z,True
tdb_qwen35-2b_tp1_eager_mtp-off_w2a_20260914T204321Z_2,qwen35-2b,1,eager,off,w2a,0,2,3,25155513.6,Step:Schedule,469,469,469,470,53636.489,schedule: get_num_common_prefix_blocks,469,1.0,2.41,2.4,2.6,2.783,2.05,3.02,1130.3,0.004,824900695.0,20260914T204321Z,True
tdb_qwen35-2b_tp1_eager_mtp-off_w2a_20260914T204321Z_2,qwen35-2b,1,eager,off,w2a,0,2,3,25155513.6,Step:Schedule,469,469,469,470,53636.489,schedule: make_cached_request_data,469,1.0,11.636,11.55,12.142,13.448,10.43,21.56,5457.4,0.022,824900695.0,20260914T204321Z,True
tdb_qwen35-2b_tp1_eager_mtp-off_w2a_20260914T204321Z_2,qwen35-2b,1,eager,off,w2a,0,2,3,25155513.6,Step:Schedule,469,469,469,470,53636.489,schedule: update_after_schedule,469,1.0,7.535,7.51,7.79,8.413,6.99,9.08,3533.7,0.014,824900695.0,20260914T204321Z,True
tdb_qwen35-2b_tp1_eager_mtp-off_w2a_20260914T204321Z_2,qwen35-2b,1,eager,off,w2a,0,2,4,25200023.8,Step:Schedule,482,482,482,483,52282.207,Step:Output,483,1.0021,46.056,45.77,47.038,57.954,43.42,64.11,22244.9,0.088,1089211628.0,20260914T204321Z,True
tdb_qwen35-2b_tp1_eager_mtp-off_w2a_20260914T204321Z_2,qwen35-2b,1,eager,off,w2a,0,2,4,25200023.8,Step:Schedule,482,482,482,483,52282.207,Step:Schedule,482,1.0,329.984,263.475,474.626,498.196,246.92,573.17,159052.4,0.631,1089211628.0,20260914T204321Z,True
tdb_qwen35-2b_tp1_eager_mtp-off_w2a_20260914T204321Z_2,qwen35-2b,1,eager,off,w2a,0,2,4,25200023.8,Step:Schedule,482,482,482,483,52282.207,async_state_update,483,1.0021,54.307,51.04,54.802,193.085,48.85,243.49,26230.4,0.104,1089211628.0,20260914T204321Z,True
tdb_qwen35-2b_tp1_eager_mtp-off_w2a_20260914T204321Z_2,qwen35-2b,1,eager,off,w2a,0,2,4,25200023.8,Step:Schedule,482,482,482,483,52282.207,draft_token,483,1.0021,2.522,2.5,2.75,2.97,2.11,3.19,1218.0,0.005,1089211628.0,20260914T204321Z,True
tdb_qwen35-2b_tp1_eager_mtp-off_w2a_20260914T204321Z_2,qwen35-2b,1,eager,off,w2a,0,2,4,25200023.8,Step:Schedule,482,482,482,483,52282.207,forward,483,1.0021,46780.23,46795.52,48062.846,48374.7,42496.49,48449.86,22594851.1,89.476,1089211628.0,20260914T204321Z,True
tdb_qwen35-2b_tp1_eager_mtp-off_w2a_20260914T204321Z_2,qwen35-2b,1,eager,off,w2a,0,2,4,25200023.8,Step:Schedule,482,482,482,483,52282.207,post process,483,1.0021,165.576,117.75,313.518,340.064,95.33,393.09,79973.2,0.317,1089211628.0,20260914T204321Z,True
tdb_qwen35-2b_tp1_eager_mtp-off_w2a_20260914T204321Z_2,qwen35-2b,1,eager,off,w2a,0,2,4,25200023.8,Step:Schedule,482,482,482,483,52282.207,prepare input,482,1.0,3442.414,3435.475,3492.178,3693.306,3191.73,3905.59,1659243.3,6.584,1089211628.0,20260914T204321Z,True
tdb_qwen35-2b_tp1_eager_mtp-off_w2a_20260914T204321Z_2,qwen35-2b,1,eager,off,w2a,0,2,4,25200023.8,Step:Schedule,482,482,482,483,52282.207,sample_token,483,1.0021,168.71,126.71,333.098,348.935,109.53,362.15,81486.7,0.323,1089211628.0,20260914T204321Z,True
tdb_qwen35-2b_tp1_eager_mtp-off_w2a_20260914T204321Z_2,qwen35-2b,1,eager,off,w2a,0,2,4,25200023.8,Step:Schedule,482,482,482,483,52282.207,schedule: allocate_slots,482,1.0,42.896,42.605,44.348,46.738,40.61,61.91,20675.9,0.082,1089211628.0,20260914T204321Z,True
tdb_qwen35-2b_tp1_eager_mtp-off_w2a_20260914T204321Z_2,qwen35-2b,1,eager,off,w2a,0,2,4,25200023.8,Step:Schedule,482,482,482,483,52282.207,schedule: get_num_common_prefix_blocks,482,1.0,2.38,2.365,2.53,2.814,2.1,3.11,1147.2,0.005,1089211628.0,20260914T204321Z,True
tdb_qwen35-2b_tp1_eager_mtp-off_w2a_20260914T204321Z_2,qwen35-2b,1,eager,off,w2a,0,2,4,25200023.8,Step:Schedule,482,482,482,483,52282.207,schedule: make_cached_request_data,482,1.0,11.786,11.7,12.289,13.181,10.78,21.6,5680.8,0.023,1089211628.0,20260914T204321Z,True
tdb_qwen35-2b_tp1_eager_mtp-off_w2a_20260914T204321Z_2,qwen35-2b,1,eager,off,w2a,0,2,4,25200023.8,Step:Schedule,482,482,482,483,52282.207,schedule: update_after_schedule,482,1.0,7.573,7.53,7.84,8.346,6.76,17.2,3650.2,0.014,1089211628.0,20260914T204321Z,True
tdb_qwen35-2b_tp1_eager_mtp-on_e1b_20260915T020833Z_3,qwen35-2b,1,eager,on,e1b,0,3,0,25185572.7,prepare input,539,0,539,540,46726.48,async_state_update,540,1.0019,194.811,194.11,198.542,212.126,182.03,307.78,105198.1,0.417,1309.0,20260915T020833Z,True
tdb_qwen35-2b_tp1_eager_mtp-on_e1b_20260915T020833Z_3,qwen35-2b,1,eager,on,e1b,0,3,0,25185572.7,prepare input,539,0,539,540,46726.48,draft_token,540,1.0019,3344.196,3345.625,3392.555,3482.376,3197.29,3567.18,1805865.7,7.157,1309.0,20260915T020833Z,True
tdb_qwen35-2b_tp1_eager_mtp-on_e1b_20260915T020833Z_3,qwen35-2b,1,eager,on,e1b,0,3,0,25185572.7,prepare input,539,0,539,540,46726.48,forward,540,1.0019,36534.871,36601.24,37082.262,37685.87,34746.49,39776.99,19728830.2,78.189,1309.0,20260915T020833Z,True
tdb_qwen35-2b_tp1_eager_mtp-on_e1b_20260915T020833Z_3,qwen35-2b,1,eager,on,e1b,0,3,0,25185572.7,prepare input,539,0,539,540,46726.48,model: mtp: first_pass,540,1.0019,1430.851,1433.225,1462.013,1486.114,1340.37,1518.48,772659.3,3.062,1309.0,20260915T020833Z,True
tdb_qwen35-2b_tp1_eager_mtp-on_e1b_20260915T020833Z_3,qwen35-2b,1,eager,on,e1b,0,3,0,25185572.7,prepare input,539,0,539,540,46726.48,model: mtp: propose,540,1.0019,2433.563,2436.67,2471.805,2532.739,2308.54,2589.92,1314123.9,5.208,1309.0,20260915T020833Z,True
tdb_qwen35-2b_tp1_eager_mtp-on_e1b_20260915T020833Z_3,qwen35-2b,1,eager,on,e1b,0,3,0,25185572.7,prepare input,539,0,539,540,46726.48,post process,540,1.0019,108.301,108.165,111.214,123.29,97.89,131.24,58482.4,0.232,1309.0,20260915T020833Z,True
tdb_qwen35-2b_tp1_eager_mtp-on_e1b_20260915T020833Z_3,qwen35-2b,1,eager,on,e1b,0,3,0,25185572.7,prepare input,539,0,539,540,46726.48,prepare input,539,1.0,5081.872,5075.03,5125.646,5241.726,4908.88,7399.43,2739129.0,10.876,1309.0,20260915T020833Z,True
tdb_qwen35-2b_tp1_eager_mtp-on_e1b_20260915T020833Z_3,qwen35-2b,1,eager,on,e1b,0,3,0,25185572.7,prepare input,539,0,539,540,46726.48,sample_token,540,1.0019,513.436,511.08,527.586,550.121,493.99,579.37,277255.2,1.099,1309.0,20260915T020833Z,True
tdb_qwen35-2b_tp1_eager_mtp-on_e1b_20260915T020833Z_3,qwen35-2b,1,eager,on,e1b,0,3,1,25193234.2,prepare input,539,0,539,540,46740.694,async_state_update,540,1.0019,192.181,191.005,196.719,210.199,184.24,241.62,103777.9,0.411,164884040.0,20260915T020833Z,True
tdb_qwen35-2b_tp1_eager_mtp-on_e1b_20260915T020833Z_3,qwen35-2b,1,eager,on,e1b,0,3,1,25193234.2,prepare input,539,0,539,540,46740.694,draft_token,540,1.0019,3337.741,3333.015,3372.21,3447.364,3269.74,3532.44,1802380.2,7.141,164884040.0,20260915T020833Z,True
tdb_qwen35-2b_tp1_eager_mtp-on_e1b_20260915T020833Z_3,qwen35-2b,1,eager,on,e1b,0,3,1,25193234.2,prepare input,539,0,539,540,46740.694,forward,540,1.0019,36569.635,36532.415,36800.562,37254.808,36192.3,39206.75,19747603.1,78.239,164884040.0,20260915T020833Z,True
tdb_qwen35-2b_tp1_eager_mtp-on_e1b_20260915T020833Z_3,qwen35-2b,1,eager,on,e1b,0,3,1,25193234.2,prepare input,539,0,539,540,46740.694,model: mtp: first_pass,540,1.0019,1430.116,1428.105,1451.823,1478.235,1395.9,1512.85,772262.5,3.06,164884040.0,20260915T020833Z,True
tdb_qwen35-2b_tp1_eager_mtp-on_e1b_20260915T020833Z_3,qwen35-2b,1,eager,on,e1b,0,3,1,25193234.2,prepare input,539,0,539,540,46740.694,model: mtp: propose,540,1.0019,2430.547,2428.935,2459.307,2515.605,2371.44,2572.78,1312495.3,5.2,164884040.0,20260915T020833Z,True
tdb_qwen35-2b_tp1_eager_mtp-on_e1b_20260915T020833Z_3,qwen35-2b,1,eager,on,e1b,0,3,1,25193234.2,prepare input,539,0,539,540,46740.694,post process,540,1.0019,107.829,106.735,109.351,124.281,102.97,413.71,58227.4,0.231,164884040.0,20260915T020833Z,True
tdb_qwen35-2b_tp1_eager_mtp-on_e1b_20260915T020833Z_3,qwen35-2b,1,eager,on,e1b,0,3,1,25193234.2,prepare input,539,0,539,540,46740.694,prepare input,539,1.0,5050.055,5047.87,5093.672,5167.795,4919.51,5283.28,2721979.9,10.804,164884040.0,20260915T020833Z,True
tdb_qwen35-2b_tp1_eager_mtp-on_e1b_20260915T020833Z_3,qwen35-2b,1,eager,on,e1b,0,3,1,25193234.2,prepare input,539,0,539,540,46740.694,sample_token,540,1.0019,524.862,531.34,544.163,562.64,489.23,637.75,283425.2,1.123,164884040.0,20260915T020833Z,True
tdb_qwen35-2b_tp1_eager_mtp-on_e1b_20260915T020833Z_3,qwen35-2b,1,eager,on,e1b,0,3,2,25221628.7,prepare input,528,0,528,529,47768.236,async_state_update,529,1.0019,197.086,196.07,201.336,215.994,189.27,254.89,104258.6,0.413,331274456.0,20260915T020833Z,True
tdb_qwen35-2b_tp1_eager_mtp-on_e1b_20260915T020833Z_3,qwen35-2b,1,eager,on,e1b,0,3,2,25221628.7,prepare input,528,0,528,529,47768.236,draft_token,529,1.0019,3413.231,3410.83,3444.926,3493.705,3347.27,3591.58,1805599.4,7.145,331274456.0,20260915T020833Z,True
tdb_qwen35-2b_tp1_eager_mtp-on_e1b_20260915T020833Z_3,qwen35-2b,1,eager,on,e1b,0,3,2,25221628.7,prepare input,528,0,528,529,47768.236,forward,529,1.0019,37425.735,37408.35,37585.354,37906.152,37065.14,39771.51,19798213.9,78.349,331274456.0,20260915T020833Z,True
tdb_qwen35-2b_tp1_eager_mtp-on_e1b_20260915T020833Z_3,qwen35-2b,1,eager,on,e1b,0,3,2,25221628.7,prepare input,528,0,528,529,47768.236,model: mtp: first_pass,529,1.0019,1467.981,1464.76,1489.206,1517.271,1431.5,1542.15,776561.9,3.073,331274456.0,20260915T020833Z,True
tdb_qwen35-2b_tp1_eager_mtp-on_e1b_20260915T020833Z_3,qwen35-2b,1,eager,on,e1b,0,3,2,25221628.7,prepare input,528,0,528,529,47768.236,model: mtp: propose,529,1.0019,2486.365,2485.22,2512.368,2545.57,2432.42,2618.79,1315286.9,5.205,331274456.0,20260915T020833Z,True
tdb_qwen35-2b_tp1_eager_mtp-on_e1b_20260915T020833Z_3,qwen35-2b,1,eager,on,e1b,0,3,2,25221628.7,prepare input,528,0,528,529,47768.236,post process,529,1.0019,111.932,111.41,114.242,123.178,106.64,125.44,59212.2,0.234,331274456.0,20260915T020833Z,True
tdb_qwen35-2b_tp1_eager_mtp-on_e1b_20260915T020833Z_3,qwen35-2b,1,eager,on,e1b,0,3,2,25221628.7,prepare input,528,0,528,529,47768.236,prepare input,528,1.0,5137.787,5132.28,5176.463,5248.864,5052.99,6166.27,2712751.7,10.756,331274456.0,20260915T020833Z,True
tdb_qwen35-2b_tp1_eager_mtp-on_e1b_20260915T020833Z_3,qwen35-2b,1,eager,on,e1b,0,3,2,25221628.7,prepare input,528,0,528,529,47768.236,sample_token,529,1.0019,528.328,527.34,547.836,567.048,498.69,571.78,279485.3,1.106,331274456.0,20260915T020833Z,True
tdb_qwen35-2b_tp1_eager_mtp-on_e1b_20260915T020833Z_3,qwen35-2b,1,eager,on,e1b,0,3,3,25264461.1,prepare input,527,0,527,528,47940.154,async_state_update,528,1.0019,198.261,197.47,202.833,212.507,190.76,219.65,104681.7,0.414,500499728.0,20260915T020833Z,True
tdb_qwen35-2b_tp1_eager_mtp-on_e1b_20260915T020833Z_3,qwen35-2b,1,eager,on,e1b,0,3,3,25264461.1,prepare input,527,0,527,528,47940.154,draft_token,528,1.0019,3437.903,3436.945,3462.048,3496.241,3370.82,3594.29,1815212.6,7.171,500499728.0,20260915T020833Z,True
tdb_qwen35-2b_tp1_eager_mtp-on_e1b_20260915T020833Z_3,qwen35-2b,1,eager,on,e1b,0,3,3,25264461.1,prepare input,527,0,527,528,47940.154,forward,528,1.0019,37568.714,37557.39,37703.586,37889.154,37136.65,38615.87,19836281.1,78.366,500499728.0,20260915T020833Z,True
tdb_qwen35-2b_tp1_eager_mtp-on_e1b_20260915T020833Z_3,qwen35-2b,1,eager,on,e1b,0,3,3,25264461.1,prepare input,527,0,527,528,47940.154,model: mtp: first_pass,528,1.0019,1475.48,1474.635,1495.283,1509.973,1438.69,1540.2,779053.2,3.078,500499728.0,20260915T020833Z,True
tdb_qwen35-2b_tp1_eager_mtp-on_e1b_20260915T020833Z_3,qwen35-2b,1,eager,on,e1b,0,3,3,25264461.1,prepare input,527,0,527,528,47940.154,model: mtp: propose,528,1.0019,2505.978,2505.93,2530.063,2551.226,2444.27,2613.53,1323156.6,5.227,500499728.0,20260915T020833Z,True
tdb_qwen35-2b_tp1_eager_mtp-on_e1b_20260915T020833Z_3,qwen35-2b,1,eager,on,e1b,0,3,3,25264461.1,prepare input,527,0,527,528,47940.154,post process,528,1.0019,113.225,112.61,115.743,127.162,107.51,135.69,59782.6,0.236,500499728.0,20260915T020833Z,True
tdb_qwen35-2b_tp1_eager_mtp-on_e1b_20260915T020833Z_3,qwen35-2b,1,eager,on,e1b,0,3,3,25264461.1,prepare input,527,0,527,528,47940.154,prepare input,527,1.0,5128.599,5127.03,5155.864,5212.295,5066.31,5325.4,2702771.9,10.698,500499728.0,20260915T020833Z,True
tdb_qwen35-2b_tp1_eager_mtp-on_e1b_20260915T020833Z_3,qwen35-2b,1,eager,on,e1b,0,3,3,25264461.1,prepare input,527,0,527,528,47940.154,sample_token,528,1.0019,515.322,513.49,526.035,535.575,499.52,587.43,272090.2,1.075,500499728.0,20260915T020833Z,True
tdb_qwen35-2b_tp1_eager_mtp-on_e1b_20260915T020833Z_3,qwen35-2b,1,eager,on,e1b,0,3,4,25222412.5,prepare input,536,0,536,537,47056.74,async_state_update,537,1.0019,194.12,192.88,199.442,209.786,186.0,233.59,104242.2,0.413,666858743.0,20260915T020833Z,True
tdb_qwen35-2b_tp1_eager_mtp-on_e1b_20260915T020833Z_3,qwen35-2b,1,eager,on,e1b,0,3,4,25222412.5,prepare input,536,0,536,537,47056.74,draft_token,537,1.0019,3362.001,3353.54,3418.442,3474.678,3293.27,3872.22,1805394.7,7.145,666858743.0,20260915T020833Z,True
tdb_qwen35-2b_tp1_eager_mtp-on_e1b_20260915T020833Z_3,qwen35-2b,1,eager,on,e1b,0,3,4,25222412.5,prepare input,536,0,536,537,47056.74,forward,537,1.0019,36833.653,36695.58,37468.578,37896.048,36367.95,39438.05,19779671.8,78.275,666858743.0,20260915T020833Z,True
tdb_qwen35-2b_tp1_eager_mtp-on_e1b_20260915T020833Z_3,qwen35-2b,1,eager,on,e1b,0,3,4,25222412.5,prepare input,536,0,536,537,47056.74,model: mtp: first_pass,537,1.0019,1438.797,1435.54,1467.094,1493.325,1399.16,1566.73,772633.9,3.058,666858743.0,20260915T020833Z,True
tdb_qwen35-2b_tp1_eager_mtp-on_e1b_20260915T020833Z_3,qwen35-2b,1,eager,on,e1b,0,3,4,25222412.5,prepare input,536,0,536,537,47056.74,model: mtp: propose,537,1.0019,2447.76,2441.99,2488.41,2527.597,2390.01,2969.13,1314446.9,5.202,666858743.0,20260915T020833Z,True
tdb_qwen35-2b_tp1_eager_mtp-on_e1b_20260915T020833Z_3,qwen35-2b,1,eager,on,e1b,0,3,4,25222412.5,prepare input,536,0,536,537,47056.74,post process,537,1.0019,108.873,108.08,112.214,119.768,103.44,124.14,58464.6,0.231,666858743.0,20260915T020833Z,True
tdb_qwen35-2b_tp1_eager_mtp-on_e1b_20260915T020833Z_3,qwen35-2b,1,eager,on,e1b,0,3,4,25222412.5,prepare input,536,0,536,537,47056.74,prepare input,536,1.0,5073.389,5059.605,5158.315,5210.938,4989.81,5736.56,2719336.5,10.781,666858743.0,20260915T020833Z,True
tdb_qwen35-2b_tp1_eager_mtp-on_e1b_20260915T020833Z_3,qwen35-2b,1,eager,on,e1b,0,3,4,25222412.5,prepare input,536,0,536,537,47056.74,sample_token,537,1.0019,517.091,510.26,544.556,558.584,490.41,565.94,277678.0,1.099,666858743.0,20260915T020833Z,True
tdb_qwen35-2b_tp1_eager_mtp-on_m1b_20260914T233006Z_3,qwen35-2b,1,eager,on,m1b,0,3,0,25165492.4,prepare input,555,0,555,556,45343.23,async_state_update,556,1.0018,187.223,186.535,191.95,221.683,168.29,254.44,104095.7,0.413,1185.0,20260914T233006Z,True
tdb_qwen35-2b_tp1_eager_mtp-on_m1b_20260914T233006Z_3,qwen35-2b,1,eager,on,m1b,0,3,0,25165492.4,prepare input,555,0,555,556,45343.23,draft_token,556,1.0018,3259.482,3266.75,3314.905,3762.304,3040.8,4263.78,1812272.1,7.188,1185.0,20260914T233006Z,True
tdb_qwen35-2b_tp1_eager_mtp-on_m1b_20260914T233006Z_3,qwen35-2b,1,eager,on,m1b,0,3,0,25165492.4,prepare input,555,0,555,556,45343.23,forward,556,1.0018,35373.617,35636.745,35898.45,37726.643,32620.71,43052.22,19667730.8,78.013,1185.0,20260914T233006Z,True
tdb_qwen35-2b_tp1_eager_mtp-on_m1b_20260914T233006Z_3,qwen35-2b,1,eager,on,m1b,0,3,0,25165492.4,prepare input,555,0,555,556,45343.23,model: mtp: first_pass,556,1.0018,1383.932,1386.32,1414.235,1699.503,1267.45,2328.64,769466.1,3.052,1185.0,20260914T233006Z,True
tdb_qwen35-2b_tp1_eager_mtp-on_m1b_20260914T233006Z_3,qwen35-2b,1,eager,on,m1b,0,3,0,25165492.4,prepare input,555,0,555,556,45343.23,model: mtp: propose,556,1.0018,2374.692,2377.84,2420.34,2796.717,2197.79,3371.32,1320328.8,5.237,1185.0,20260914T233006Z,True
tdb_qwen35-2b_tp1_eager_mtp-on_m1b_20260914T233006Z_3,qwen35-2b,1,eager,on,m1b,0,3,0,25165492.4,prepare input,555,0,555,556,45343.23,post process,556,1.0018,103.643,103.45,106.595,121.505,91.44,147.11,57625.5,0.229,1185.0,20260914T233006Z,True
tdb_qwen35-2b_tp1_eager_mtp-on_m1b_20260914T233006Z_3,qwen35-2b,1,eager,on,m1b,0,3,0,25165492.4,prepare input,555,0,555,556,45343.23,prepare input,555,1.0,4998.62,4987.36,5263.222,5419.592,4679.54,5932.05,2774234.4,11.024,1185.0,20260914T233006Z,True
tdb_qwen35-2b_tp1_eager_mtp-on_m1b_20260914T233006Z_3,qwen35-2b,1,eager,on,m1b,0,3,0,25165492.4,prepare input,555,0,555,556,45343.23,sample_token,556,1.0018,501.296,498.915,517.46,557.495,458.07,583.41,278720.7,1.106,1185.0,20260914T233006Z,True
tdb_qwen35-2b_tp1_eager_mtp-on_m1b_20260914T233006Z_3,qwen35-2b,1,eager,on,m1b,0,3,1,25154789.9,prepare input,570,0,570,571,44131.21,async_state_update,571,1.0018,183.755,181.31,193.19,200.145,163.11,217.1,104923.8,0.416,157446325.0,20260914T233006Z,True
tdb_qwen35-2b_tp1_eager_mtp-on_m1b_20260914T233006Z_3,qwen35-2b,1,eager,on,m1b,0,3,1,25154789.9,prepare input,570,0,570,571,44131.21,draft_token,571,1.0018,3192.262,3146.49,3347.82,3388.6,3010.9,3491.18,1822781.8,7.234,157446325.0,20260914T233006Z,True
tdb_qwen35-2b_tp1_eager_mtp-on_m1b_20260914T233006Z_3,qwen35-2b,1,eager,on,m1b,0,3,1,25154789.9,prepare input,570,0,570,571,44131.21,forward,571,1.0018,34375.554,33860.21,36165.39,36475.762,32620.6,37491.14,19628441.2,77.894,157446325.0,20260914T233006Z,True
tdb_qwen35-2b_tp1_eager_mtp-on_m1b_20260914T233006Z_3,qwen35-2b,1,eager,on,m1b,0,3,1,25154789.9,prepare input,570,0,570,571,44131.21,model: mtp: first_pass,571,1.0018,1344.436,1328.16,1420.12,1439.177,1247.0,1452.6,767673.1,3.046,157446325.0,20260914T233006Z,True
tdb_qwen35-2b_tp1_eager_mtp-on_m1b_20260914T233006Z_3,qwen35-2b,1,eager,on,m1b,0,3,1,25154789.9,prepare input,570,0,570,571,44131.21,model: mtp: propose,571,1.0018,2322.121,2290.62,2441.28,2467.887,2178.01,2499.75,1325931.2,5.262,157446325.0,20260914T233006Z,True
tdb_qwen35-2b_tp1_eager_mtp-on_m1b_20260914T233006Z_3,qwen35-2b,1,eager,on,m1b,0,3,1,25154789.9,prepare input,570,0,570,571,44131.21,post process,571,1.0018,100.534,98.94,107.13,114.748,86.1,125.36,57405.1,0.228,157446325.0,20260914T233006Z,True
tdb_qwen35-2b_tp1_eager_mtp-on_m1b_20260914T233006Z_3,qwen35-2b,1,eager,on,m1b,0,3,1,25154789.9,prepare input,570,0,570,571,44131.21,prepare input,570,1.0,4874.27,4834.755,5049.916,5111.01,4644.24,5275.74,2778334.1,11.045,157446325.0,20260914T233006Z,True
tdb_qwen35-2b_tp1_eager_mtp-on_m1b_20260914T233006Z_3,qwen35-2b,1,eager,on,m1b,0,3,1,25154789.9,prepare input,570,0,570,571,44131.21,sample_token,571,1.0018,497.564,497.37,524.79,544.092,451.85,1262.18,284109.1,1.127,157446325.0,20260914T233006Z,True
tdb_qwen35-2b_tp1_eager_mtp-on_m1b_20260914T233006Z_3,qwen35-2b,1,eager,on,m1b,0,3,2,25170395.2,prepare input,536,0,536,537,46959.693,async_state_update,537,1.0019,194.284,193.48,200.338,210.344,179.91,220.57,104330.3,0.414,321644976.0,20260914T233006Z,True
tdb_qwen35-2b_tp1_eager_mtp-on_m1b_20260914T233006Z_3,qwen35-2b,1,eager,on,m1b,0,3,2,25170395.2,prepare input,536,0,536,537,46959.693,draft_token,537,1.0019,3371.491,3369.52,3430.534,3482.842,3255.35,3567.5,1810490.5,7.18,321644976.0,20260914T233006Z,True
tdb_qwen35-2b_tp1_eager_mtp-on_m1b_20260914T233006Z_3,qwen35-2b,1,eager,on,m1b,0,3,2,25170395.2,prepare input,536,0,536,537,46959.693,forward,537,1.0019,36742.52,36904.07,37553.166,37843.312,35833.71,38852.43,19730733.3,78.243,321644976.0,20260914T233006Z,True
tdb_qwen35-2b_tp1_eager_mtp-on_m1b_20260914T233006Z_3,qwen35-2b,1,eager,on,m1b,0,3,2,25170395.2,prepare input,536,0,536,537,46959.693,model: mtp: first_pass,537,1.0019,1436.283,1435.03,1470.864,1485.861,1376.25,1522.99,771284.1,3.059,321644976.0,20260914T233006Z,True
tdb_qwen35-2b_tp1_eager_mtp-on_m1b_20260914T233006Z_3,qwen35-2b,1,eager,on,m1b,0,3,2,25170395.2,prepare input,536,0,536,537,46959.693,model: mtp: propose,537,1.0019,2456.526,2453.54,2505.894,2531.543,2371.8,2604.81,1319154.4,5.231,321644976.0,20260914T233006Z,True
tdb_qwen35-2b_tp1_eager_mtp-on_m1b_20260914T233006Z_3,qwen35-2b,1,eager,on,m1b,0,3,2,25170395.2,prepare input,536,0,536,537,46959.693,post process,537,1.0019,109.056,108.73,112.45,122.927,98.92,134.44,58563.3,0.232,321644976.0,20260914T233006Z,True
tdb_qwen35-2b_tp1_eager_mtp-on_m1b_20260914T233006Z_3,qwen35-2b,1,eager,on,m1b,0,3,2,25170395.2,prepare input,536,0,536,537,46959.693,prepare input,536,1.0,5091.862,5084.945,5169.345,5249.185,4915.08,7293.57,2729238.1,10.843,321644976.0,20260914T233006Z,True
tdb_qwen35-2b_tp1_eager_mtp-on_m1b_20260914T233006Z_3,qwen35-2b,1,eager,on,m1b,0,3,2,25170395.2,prepare input,536,0,536,537,46959.693,sample_token,537,1.0019,512.344,511.11,529.418,562.838,478.79,576.38,275128.6,1.091,321644976.0,20260914T233006Z,True
tdb_qwen35-2b_tp1_eager_mtp-on_m1b_20260914T233006Z_3,qwen35-2b,1,eager,on,m1b,0,3,3,25235972.6,prepare input,525,0,525,526,48068.519,async_state_update,526,1.0019,199.982,199.805,204.52,214.577,182.55,303.39,105190.7,0.416,484697749.0,20260914T233006Z,True
tdb_qwen35-2b_tp1_eager_mtp-on_m1b_20260914T233006Z_3,qwen35-2b,1,eager,on,m1b,0,3,3,25235972.6,prepare input,525,0,525,526,48068.519,draft_token,526,1.0019,3459.986,3467.46,3520.38,3593.855,3193.93,4313.9,1819952.8,7.198,484697749.0,20260914T233006Z,True
tdb_qwen35-2b_tp1_eager_mtp-on_m1b_20260914T233006Z_3,qwen35-2b,1,eager,on,m1b,0,3,3,25235972.6,prepare input,525,0,525,526,48068.519,forward,526,1.0019,37561.143,37620.485,38246.765,39352.71,34024.32,48270.87,19757161.1,78.141,484697749.0,20260914T233006Z,True
tdb_qwen35-2b_tp1_eager_mtp-on_m1b_20260914T233006Z_3,qwen35-2b,1,eager,on,m1b,0,3,3,25235972.6,prepare input,525,0,525,526,48068.519,model: mtp: first_pass,526,1.0019,1466.69,1469.79,1492.895,1530.048,1332.48,1917.14,771478.9,3.051,484697749.0,20260914T233006Z,True
tdb_qwen35-2b_tp1_eager_mtp-on_m1b_20260914T233006Z_3,qwen35-2b,1,eager,on,m1b,0,3,3,25235972.6,prepare input,525,0,525,526,48068.519,model: mtp: propose,526,1.0019,2517.893,2524.12,2563.26,2621.1,2300.68,3164.49,1324411.5,5.238,484697749.0,20260914T233006Z,True
tdb_qwen35-2b_tp1_eager_mtp-on_m1b_20260914T233006Z_3,qwen35-2b,1,eager,on,m1b,0,3,3,25235972.6,prepare input,525,0,525,526,48068.519,post process,526,1.0019,110.883,110.565,113.665,125.157,97.68,163.32,58324.5,0.231,484697749.0,20260914T233006Z,True
tdb_qwen35-2b_tp1_eager_mtp-on_m1b_20260914T233006Z_3,qwen35-2b,1,eager,on,m1b,0,3,3,25235972.6,prepare input,525,0,525,526,48068.519,prepare input,525,1.0,5241.919,5264.54,5322.344,5412.233,4886.84,6622.73,2752007.7,10.905,484697749.0,20260914T233006Z,True
tdb_qwen35-2b_tp1_eager_mtp-on_m1b_20260914T233006Z_3,qwen35-2b,1,eager,on,m1b,0,3,3,25235972.6,prepare input,525,0,525,526,48068.519,sample_token,526,1.0019,532.372,533.72,554.75,576.305,490.48,620.79,280027.7,1.108,484697749.0,20260914T233006Z,True
tdb_qwen35-2b_tp1_eager_mtp-on_m1b_20260914T233006Z_3,qwen35-2b,1,eager,on,m1b,0,3,4,25214298.3,prepare input,572,0,572,573,44080.941,async_state_update,573,1.0017,182.891,181.76,189.346,201.165,173.29,210.35,104796.6,0.415,651075804.0,20260914T233006Z,True
tdb_qwen35-2b_tp1_eager_mtp-on_m1b_20260914T233006Z_3,qwen35-2b,1,eager,on,m1b,0,3,4,25214298.3,prepare input,572,0,572,573,44080.941,draft_token,573,1.0017,3181.29,3166.19,3248.814,3345.894,3095.14,3411.0,1822879.4,7.217,651075804.0,20260914T233006Z,True
tdb_qwen35-2b_tp1_eager_mtp-on_m1b_20260914T233006Z_3,qwen35-2b,1,eager,on,m1b,0,3,4,25214298.3,prepare input,572,0,572,573,44080.941,forward,573,1.0017,34355.025,34113.82,35032.034,36181.444,33575.22,37179.16,19685429.3,77.936,651075804.0,20260914T233006Z,True
tdb_qwen35-2b_tp1_eager_mtp-on_m1b_20260914T233006Z_3,qwen35-2b,1,eager,on,m1b,0,3,4,25214298.3,prepare input,572,0,572,573,44080.941,model: mtp: first_pass,573,1.0017,1344.887,1340.17,1379.266,1423.354,1301.85,1439.48,770620.3,3.051,651075804.0,20260914T233006Z,True
tdb_qwen35-2b_tp1_eager_mtp-on_m1b_20260914T233006Z_3,qwen35-2b,1,eager,on,m1b,0,3,4,25214298.3,prepare input,572,0,572,573,44080.941,model: mtp: propose,573,1.0017,2315.701,2305.99,2364.624,2439.458,2249.05,2519.43,1326896.6,5.253,651075804.0,20260914T233006Z,True
tdb_qwen35-2b_tp1_eager_mtp-on_m1b_20260914T233006Z_3,qwen35-2b,1,eager,on,m1b,0,3,4,25214298.3,prepare input,572,0,572,573,44080.941,post process,573,1.0017,99.627,98.85,103.724,111.871,94.15,125.87,57086.3,0.226,651075804.0,20260914T233006Z,True
tdb_qwen35-2b_tp1_eager_mtp-on_m1b_20260914T233006Z_3,qwen35-2b,1,eager,on,m1b,0,3,4,25214298.3,prepare input,572,0,572,573,44080.941,prepare input,572,1.0,4860.629,4843.88,4967.084,5072.813,4726.44,5139.2,2780279.8,11.027,651075804.0,20260914T233006Z,True
tdb_qwen35-2b_tp1_eager_mtp-on_m1b_20260914T233006Z_3,qwen35-2b,1,eager,on,m1b,0,3,4,25214298.3,prepare input,572,0,572,573,44080.941,sample_token,573,1.0017,494.95,489.18,509.766,532.616,471.06,2395.86,283606.2,1.123,651075804.0,20260914T233006Z,True
tdb_qwen35-2b_tp1_eager_mtp-on_w2a_20260914T204321Z_3,qwen35-2b,1,eager,on,w2a,0,3,0,25164420.1,Step:Schedule,399,399,399,400,63068.722,Step:Output,400,1.0025,55.546,54.785,56.672,73.154,52.6,75.39,22218.6,0.088,638.0,20260914T204321Z,True
tdb_qwen35-2b_tp1_eager_mtp-on_w2a_20260914T204321Z_3,qwen35-2b,1,eager,on,w2a,0,3,0,25164420.1,Step:Schedule,399,399,399,400,63068.722,Step:Schedule,399,1.0,373.568,338.25,494.254,537.86,238.07,616.62,149053.7,0.592,638.0,20260914T204321Z,True
tdb_qwen35-2b_tp1_eager_mtp-on_w2a_20260914T204321Z_3,qwen35-2b,1,eager,on,w2a,0,3,0,25164420.1,Step:Schedule,399,399,399,400,63068.722,async_state_update,400,1.0025,266.978,206.28,399.56,413.115,188.5,452.77,106791.4,0.423,638.0,20260914T204321Z,True
tdb_qwen35-2b_tp1_eager_mtp-on_w2a_20260914T204321Z_3,qwen35-2b,1,eager,on,w2a,0,3,0,25164420.1,Step:Schedule,399,399,399,400,63068.722,draft_token,400,1.0025,4460.829,4424.24,4654.563,5428.933,4146.06,6457.62,1784331.8,7.073,638.0,20260914T204321Z,True
tdb_qwen35-2b_tp1_eager_mtp-on_w2a_20260914T204321Z_3,qwen35-2b,1,eager,on,w2a,0,3,0,25164420.1,Step:Schedule,399,399,399,400,63068.722,forward,400,1.0025,49559.614,49291.04,50607.53,59634.661,47012.23,61614.01,19823845.8,78.58,638.0,20260914T204321Z,True
tdb_qwen35-2b_tp1_eager_mtp-on_w2a_20260914T204321Z_3,qwen35-2b,1,eager,on,w2a,0,3,0,25164420.1,Step:Schedule,399,399,399,400,63068.722,model: mtp: first_pass,400,1.0025,1994.659,1995.22,2055.56,2543.981,1639.47,3779.55,797863.7,3.163,638.0,20260914T204321Z,True
tdb_qwen35-2b_tp1_eager_mtp-on_w2a_20260914T204321Z_3,qwen35-2b,1,eager,on,w2a,0,3,0,25164420.1,Step:Schedule,399,399,399,400,63068.722,model: mtp: propose,400,1.0025,3298.322,3257.985,3496.184,4081.35,3047.45,5318.0,1319328.9,5.23,638.0,20260914T204321Z,True
tdb_qwen35-2b_tp1_eager_mtp-on_w2a_20260914T204321Z_3,qwen35-2b,1,eager,on,w2a,0,3,0,25164420.1,Step:Schedule,399,399,399,400,63068.722,post process,400,1.0025,142.006,112.005,298.096,327.484,101.93,353.9,56802.6,0.225,638.0,20260914T204321Z,True
tdb_qwen35-2b_tp1_eager_mtp-on_w2a_20260914T204321Z_3,qwen35-2b,1,eager,on,w2a,0,3,0,25164420.1,Step:Schedule,399,399,399,400,63068.722,prepare input,399,1.0,6160.93,6162.84,6319.648,7567.725,5829.94,7868.24,2458211.0,9.769,638.0,20260914T204321Z,True
tdb_qwen35-2b_tp1_eager_mtp-on_w2a_20260914T204321Z_3,qwen35-2b,1,eager,on,w2a,0,3,0,25164420.1,Step:Schedule,399,399,399,400,63068.722,sample_token,400,1.0025,567.751,639.795,669.173,764.144,424.26,857.67,227100.3,0.9,638.0,20260914T204321Z,True
tdb_qwen35-2b_tp1_eager_mtp-on_w2a_20260914T204321Z_3,qwen35-2b,1,eager,on,w2a,0,3,0,25164420.1,Step:Schedule,399,399,399,400,63068.722,schedule: allocate_slots,399,1.0,44.1,43.57,45.11,56.335,41.11,62.64,17595.9,0.07,638.0,20260914T204321Z,True
tdb_qwen35-2b_tp1_eager_mtp-on_w2a_20260914T204321Z_3,qwen35-2b,1,eager,on,w2a,0,3,0,25164420.1,Step:Schedule,399,399,399,400,63068.722,schedule: get_num_common_prefix_blocks,399,1.0,2.408,2.38,2.582,3.031,2.03,3.22,960.6,0.004,638.0,20260914T204321Z,True
tdb_qwen35-2b_tp1_eager_mtp-on_w2a_20260914T204321Z_3,qwen35-2b,1,eager,on,w2a,0,3,0,25164420.1,Step:Schedule,399,399,399,400,63068.722,schedule: make_cached_request_data,399,1.0,11.606,11.39,12.282,14.956,10.28,25.54,4630.8,0.018,638.0,20260914T204321Z,True
tdb_qwen35-2b_tp1_eager_mtp-on_w2a_20260914T204321Z_3,qwen35-2b,1,eager,on,w2a,0,3,0,25164420.1,Step:Schedule,399,399,399,400,63068.722,schedule: update_after_schedule,399,1.0,7.559,7.46,8.11,8.774,6.8,9.93,3016.1,0.012,638.0,20260914T204321Z,True
tdb_qwen35-2b_tp1_eager_mtp-on_w2a_20260914T204321Z_3,qwen35-2b,1,eager,on,w2a,0,3,1,25110295.0,Step:Schedule,408,408,408,409,61544.841,Step:Output,409,1.0025,54.782,54.56,56.002,66.022,51.97,74.66,22406.0,0.089,172221677.0,20260914T204321Z,True
tdb_qwen35-2b_tp1_eager_mtp-on_w2a_20260914T204321Z_3,qwen35-2b,1,eager,on,w2a,0,3,1,25110295.0,Step:Schedule,408,408,408,409,61544.841,Step:Schedule,408,1.0,363.447,333.17,483.467,531.087,244.88,667.18,148286.3,0.591,172221677.0,20260914T204321Z,True
tdb_qwen35-2b_tp1_eager_mtp-on_w2a_20260914T204321Z_3,qwen35-2b,1,eager,on,w2a,0,3,1,25110295.0,Step:Schedule,408,408,408,409,61544.841,async_state_update,409,1.0025,256.316,202.28,395.344,413.25,188.04,500.87,104833.4,0.416,172221677.0,20260914T204321Z,True
tdb_qwen35-2b_tp1_eager_mtp-on_w2a_20260914T204321Z_3,qwen35-2b,1,eager,on,w2a,0,3,1,25110295.0,Step:Schedule,408,408,408,409,61544.841,draft_token,409,1.0025,4353.004,4327.07,4525.602,4617.958,4173.75,4772.09,1780378.7,7.073,172221677.0,20260914T204321Z,True
tdb_qwen35-2b_tp1_eager_mtp-on_w2a_20260914T204321Z_3,qwen35-2b,1,eager,on,w2a,0,3,1,25110295.0,Step:Schedule,408,408,408,409,61544.841,forward,409,1.0025,48307.619,48238.59,48966.3,49441.972,47265.6,51003.01,19757816.2,78.492,172221677.0,20260914T204321Z,True
tdb_qwen35-2b_tp1_eager_mtp-on_w2a_20260914T204321Z_3,qwen35-2b,1,eager,on,w2a,0,3,1,25110295.0,Step:Schedule,408,408,408,409,61544.841,model: mtp: first_pass,409,1.0025,1952.563,1963.98,2006.872,2060.08,1631.62,2099.49,798598.4,3.173,172221677.0,20260914T204321Z,True
tdb_qwen35-2b_tp1_eager_mtp-on_w2a_20260914T204321Z_3,qwen35-2b,1,eager,on,w2a,0,3,1,25110295.0,Step:Schedule,408,408,408,409,61544.841,model: mtp: propose,409,1.0025,3202.822,3194.12,3279.944,3468.121,2918.46,3543.36,1309954.1,5.204,172221677.0,20260914T204321Z,True
tdb_qwen35-2b_tp1_eager_mtp-on_w2a_20260914T204321Z_3,qwen35-2b,1,eager,on,w2a,0,3,1,25110295.0,Step:Schedule,408,408,408,409,61544.841,post process,409,1.0025,149.051,108.54,306.388,348.464,98.61,363.18,60962.0,0.242,172221677.0,20260914T204321Z,True
tdb_qwen35-2b_tp1_eager_mtp-on_w2a_20260914T204321Z_3,qwen35-2b,1,eager,on,w2a,0,3,1,25110295.0,Step:Schedule,408,408,408,409,61544.841,prepare input,408,1.0,6055.185,6091.15,6197.794,6297.361,5822.7,6512.08,2470515.4,9.839,172221677.0,20260914T204321Z,True
tdb_qwen35-2b_tp1_eager_mtp-on_w2a_20260914T204321Z_3,qwen35-2b,1,eager,on,w2a,0,3,1,25110295.0,Step:Schedule,408,408,408,409,61544.841,sample_token,409,1.0025,557.693,638.27,668.9,686.431,425.32,695.81,228096.4,0.906,172221677.0,20260914T204321Z,True
tdb_qwen35-2b_tp1_eager_mtp-on_w2a_20260914T204321Z_3,qwen35-2b,1,eager,on,w2a,0,3,1,25110295.0,Step:Schedule,408,408,408,409,61544.841,schedule: allocate_slots,408,1.0,44.037,43.81,45.323,47.436,41.88,58.2,17967.2,0.072,172221677.0,20260914T204321Z,True
tdb_qwen35-2b_tp1_eager_mtp-on_w2a_20260914T204321Z_3,qwen35-2b,1,eager,on,w2a,0,3,1,25110295.0,Step:Schedule,408,408,408,409,61544.841,schedule: get_num_common_prefix_blocks,408,1.0,2.377,2.36,2.53,2.648,2.13,3.59,969.8,0.004,172221677.0,20260914T204321Z,True
tdb_qwen35-2b_tp1_eager_mtp-on_w2a_20260914T204321Z_3,qwen35-2b,1,eager,on,w2a,0,3,1,25110295.0,Step:Schedule,408,408,408,409,61544.841,schedule: make_cached_request_data,408,1.0,11.294,11.24,11.78,13.024,10.33,15.02,4608.1,0.018,172221677.0,20260914T204321Z,True
tdb_qwen35-2b_tp1_eager_mtp-on_w2a_20260914T204321Z_3,qwen35-2b,1,eager,on,w2a,0,3,1,25110295.0,Step:Schedule,408,408,408,409,61544.841,schedule: update_after_schedule,408,1.0,7.645,7.535,8.063,8.703,6.84,19.94,3119.1,0.012,172221677.0,20260914T204321Z,True
tdb_qwen35-2b_tp1_eager_mtp-on_w2a_20260914T204321Z_3,qwen35-2b,1,eager,on,w2a,0,3,2,25225571.9,Step:Schedule,403,403,403,404,62594.471,Step:Output,404,1.0025,55.442,55.115,56.407,68.066,52.96,74.18,22398.7,0.089,343079604.0,20260914T204321Z,True
tdb_qwen35-2b_tp1_eager_mtp-on_w2a_20260914T204321Z_3,qwen35-2b,1,eager,on,w2a,0,3,2,25225571.9,Step:Schedule,403,403,403,404,62594.471,Step:Schedule,403,1.0,365.365,358.02,486.018,503.661,252.1,521.94,147242.2,0.584,343079604.0,20260914T204321Z,True
tdb_qwen35-2b_tp1_eager_mtp-on_w2a_20260914T204321Z_3,qwen35-2b,1,eager,on,w2a,0,3,2,25225571.9,Step:Schedule,403,403,403,404,62594.471,async_state_update,404,1.0025,257.427,204.19,399.901,413.502,192.28,427.75,104000.5,0.411,343079604.0,20260914T204321Z,True
tdb_qwen35-2b_tp1_eager_mtp-on_w2a_20260914T204321Z_3,qwen35-2b,1,eager,on,w2a,0,3,2,25225571.9,Step:Schedule,403,403,403,404,62594.471,draft_token,404,1.0025,4443.499,4418.535,4642.867,4730.369,4198.68,6518.55,1795173.7,7.099,343079604.0,20260914T204321Z,True
tdb_qwen35-2b_tp1_eager_mtp-on_w2a_20260914T204321Z_3,qwen35-2b,1,eager,on,w2a,0,3,2,25225571.9,Step:Schedule,403,403,403,404,62594.471,forward,404,1.0025,49226.195,49011.375,50290.857,50826.677,48228.0,50965.56,19887382.8,78.643,343079604.0,20260914T204321Z,True
tdb_qwen35-2b_tp1_eager_mtp-on_w2a_20260914T204321Z_3,qwen35-2b,1,eager,on,w2a,0,3,2,25225571.9,Step:Schedule,403,403,403,404,62594.471,model: mtp: first_pass,404,1.0025,1987.317,1993.17,2045.381,2082.345,1645.7,4028.77,802875.9,3.175,343079604.0,20260914T204321Z,True
tdb_qwen35-2b_tp1_eager_mtp-on_w2a_20260914T204321Z_3,qwen35-2b,1,eager,on,w2a,0,3,2,25225571.9,Step:Schedule,403,403,403,404,62594.471,model: mtp: propose,404,1.0025,3282.269,3246.175,3484.32,3579.196,3078.6,5357.13,1326036.6,5.244,343079604.0,20260914T204321Z,True
tdb_qwen35-2b_tp1_eager_mtp-on_w2a_20260914T204321Z_3,qwen35-2b,1,eager,on,w2a,0,3,2,25225571.9,Step:Schedule,403,403,403,404,62594.471,post process,404,1.0025,149.68,110.8,300.154,323.298,105.09,345.43,60470.6,0.239,343079604.0,20260914T204321Z,True
tdb_qwen35-2b_tp1_eager_mtp-on_w2a_20260914T204321Z_3,qwen35-2b,1,eager,on,w2a,0,3,2,25225571.9,Step:Schedule,403,403,403,404,62594.471,prepare input,403,1.0,6090.338,6127.34,6250.278,6319.634,5837.5,6439.97,2454406.1,9.73,343079604.0,20260914T204321Z,True
tdb_qwen35-2b_tp1_eager_mtp-on_w2a_20260914T204321Z_3,qwen35-2b,1,eager,on,w2a,0,3,2,25225571.9,Step:Schedule,403,403,403,404,62594.471,sample_token,404,1.0025,561.67,637.67,665.535,685.917,431.85,724.12,226914.7,0.897,343079604.0,20260914T204321Z,True
tdb_qwen35-2b_tp1_eager_mtp-on_w2a_20260914T204321Z_3,qwen35-2b,1,eager,on,w2a,0,3,2,25225571.9,Step:Schedule,403,403,403,404,62594.471,schedule: allocate_slots,403,1.0,44.613,44.27,45.978,55.19,42.24,58.65,17979.1,0.071,343079604.0,20260914T204321Z,True
tdb_qwen35-2b_tp1_eager_mtp-on_w2a_20260914T204321Z_3,qwen35-2b,1,eager,on,w2a,0,3,2,25225571.9,Step:Schedule,403,403,403,404,62594.471,schedule: get_num_common_prefix_blocks,403,1.0,2.46,2.42,2.588,2.71,2.15,15.8,991.5,0.004,343079604.0,20260914T204321Z,True
tdb_qwen35-2b_tp1_eager_mtp-on_w2a_20260914T204321Z_3,qwen35-2b,1,eager,on,w2a,0,3,2,25225571.9,Step:Schedule,403,403,403,404,62594.471,schedule: make_cached_request_data,403,1.0,11.536,11.45,11.91,12.827,10.5,23.52,4648.9,0.018,343079604.0,20260914T204321Z,True
tdb_qwen35-2b_tp1_eager_mtp-on_w2a_20260914T204321Z_3,qwen35-2b,1,eager,on,w2a,0,3,2,25225571.9,Step:Schedule,403,403,403,404,62594.471,schedule: update_after_schedule,403,1.0,7.598,7.53,8.008,8.51,6.82,8.97,3062.0,0.012,343079604.0,20260914T204321Z,True
tdb_qwen35-2b_tp1_eager_mtp-on_w2a_20260914T204321Z_3,qwen35-2b,1,eager,on,w2a,0,3,3,25231387.2,Step:Schedule,389,389,389,390,64862.178,Step:Output,390,1.0026,57.361,57.07,58.76,67.57,53.63,72.95,22370.9,0.088,514822419.0,20260914T204321Z,True
tdb_qwen35-2b_tp1_eager_mtp-on_w2a_20260914T204321Z_3,qwen35-2b,1,eager,on,w2a,0,3,3,25231387.2,Step:Schedule,389,389,389,390,64862.178,Step:Schedule,389,1.0,296.834,264.49,457.8,491.761,249.03,534.35,115468.3,0.458,514822419.0,20260914T204321Z,True
tdb_qwen35-2b_tp1_eager_mtp-on_w2a_20260914T204321Z_3,qwen35-2b,1,eager,on,w2a,0,3,3,25231387.2,Step:Schedule,389,389,389,390,64862.178,async_state_update,390,1.0026,218.799,210.2,223.239,409.588,201.01,434.2,85331.6,0.337,514822419.0,20260914T204321Z,True
tdb_qwen35-2b_tp1_eager_mtp-on_w2a_20260914T204321Z_3,qwen35-2b,1,eager,on,w2a,0,3,3,25231387.2,Step:Schedule,389,389,389,390,64862.178,draft_token,390,1.0026,4636.012,4689.36,4761.633,4825.506,4384.47,5631.28,1808044.7,7.147,514822419.0,20260914T204321Z,True
tdb_qwen35-2b_tp1_eager_mtp-on_w2a_20260914T204321Z_3,qwen35-2b,1,eager,on,w2a,0,3,3,25231387.2,Step:Schedule,389,389,389,390,64862.178,forward,390,1.0026,50949.51,50808.165,51880.811,52205.688,49861.04,52867.83,19870309.0,78.55,514822419.0,20260914T204321Z,True
tdb_qwen35-2b_tp1_eager_mtp-on_w2a_20260914T204321Z_3,qwen35-2b,1,eager,on,w2a,0,3,3,25231387.2,Step:Schedule,389,389,389,390,64862.178,model: mtp: first_pass,390,1.0026,1986.861,2042.445,2077.039,2119.185,1696.21,2264.64,774875.7,3.063,514822419.0,20260914T204321Z,True
tdb_qwen35-2b_tp1_eager_mtp-on_w2a_20260914T204321Z_3,qwen35-2b,1,eager,on,w2a,0,3,3,25231387.2,Step:Schedule,389,389,389,390,64862.178,model: mtp: propose,390,1.0026,3426.077,3377.38,3583.996,3615.411,3194.12,4437.49,1336170.2,5.282,514822419.0,20260914T204321Z,True
tdb_qwen35-2b_tp1_eager_mtp-on_w2a_20260914T204321Z_3,qwen35-2b,1,eager,on,w2a,0,3,3,25231387.2,Step:Schedule,389,389,389,390,64862.178,post process,390,1.0026,189.701,119.935,328.436,351.058,109.83,581.24,73983.2,0.292,514822419.0,20260914T204321Z,True
tdb_qwen35-2b_tp1_eager_mtp-on_w2a_20260914T204321Z_3,qwen35-2b,1,eager,on,w2a,0,3,3,25231387.2,Step:Schedule,389,389,389,390,64862.178,prepare input,389,1.0,6385.528,6376.31,6453.094,6550.082,6069.54,8604.89,2483970.5,9.845,514822419.0,20260914T204321Z,True
tdb_qwen35-2b_tp1_eager_mtp-on_w2a_20260914T204321Z_3,qwen35-2b,1,eager,on,w2a,0,3,3,25231387.2,Step:Schedule,389,389,389,390,64862.178,sample_token,390,1.0026,511.201,465.31,669.492,691.548,451.32,771.38,199368.4,0.788,514822419.0,20260914T204321Z,True
tdb_qwen35-2b_tp1_eager_mtp-on_w2a_20260914T204321Z_3,qwen35-2b,1,eager,on,w2a,0,3,3,25231387.2,Step:Schedule,389,389,389,390,64862.178,schedule: allocate_slots,389,1.0,44.99,44.73,46.092,55.214,42.41,58.33,17501.2,0.069,514822419.0,20260914T204321Z,True
tdb_qwen35-2b_tp1_eager_mtp-on_w2a_20260914T204321Z_3,qwen35-2b,1,eager,on,w2a,0,3,3,25231387.2,Step:Schedule,389,389,389,390,64862.178,schedule: get_num_common_prefix_blocks,389,1.0,2.335,2.32,2.5,2.662,2.08,2.79,908.5,0.004,514822419.0,20260914T204321Z,True
tdb_qwen35-2b_tp1_eager_mtp-on_w2a_20260914T204321Z_3,qwen35-2b,1,eager,on,w2a,0,3,3,25231387.2,Step:Schedule,389,389,389,390,64862.178,schedule: make_cached_request_data,389,1.0,11.605,11.55,12.04,12.994,10.57,20.02,4514.3,0.018,514822419.0,20260914T204321Z,True
tdb_qwen35-2b_tp1_eager_mtp-on_w2a_20260914T204321Z_3,qwen35-2b,1,eager,on,w2a,0,3,3,25231387.2,Step:Schedule,389,389,389,390,64862.178,schedule: update_after_schedule,389,1.0,7.546,7.54,7.84,8.081,6.77,8.27,2935.3,0.012,514822419.0,20260914T204321Z,True
tdb_qwen35-2b_tp1_eager_mtp-on_w2a_20260914T204321Z_3,qwen35-2b,1,eager,on,w2a,0,3,4,25148873.5,Step:Schedule,395,395,395,396,63668.034,Step:Output,396,1.0025,55.687,54.73,58.535,67.636,52.17,78.25,22051.9,0.087,687462986.0,20260914T204321Z,True
tdb_qwen35-2b_tp1_eager_mtp-on_w2a_20260914T204321Z_3,qwen35-2b,1,eager,on,w2a,0,3,4,25148873.5,Step:Schedule,395,395,395,396,63668.034,Step:Schedule,395,1.0,354.112,299.72,482.58,498.613,247.05,578.38,139874.3,0.556,687462986.0,20260914T204321Z,True
tdb_qwen35-2b_tp1_eager_mtp-on_w2a_20260914T204321Z_3,qwen35-2b,1,eager,on,w2a,0,3,4,25148873.5,Step:Schedule,395,395,395,396,63668.034,async_state_update,396,1.0025,261.729,210.415,403.635,421.419,192.82,433.77,103644.7,0.411,687462986.0,20260914T204321Z,True
tdb_qwen35-2b_tp1_eager_mtp-on_w2a_20260914T204321Z_3,qwen35-2b,1,eager,on,w2a,0,3,4,25148873.5,Step:Schedule,395,395,395,396,63668.034,draft_token,396,1.0025,4475.706,4463.02,4624.455,4802.508,4234.93,4844.54,1772379.7,7.03,687462986.0,20260914T204321Z,True
tdb_qwen35-2b_tp1_eager_mtp-on_w2a_20260914T204321Z_3,qwen35-2b,1,eager,on,w2a,0,3,4,25148873.5,Step:Schedule,395,395,395,396,63668.034,forward,396,1.0025,50022.947,49032.9,52758.735,53121.626,47719.92,53385.79,19809086.9,78.568,687462986.0,20260914T204321Z,True
tdb_qwen35-2b_tp1_eager_mtp-on_w2a_20260914T204321Z_3,qwen35-2b,1,eager,on,w2a,0,3,4,25148873.5,Step:Schedule,395,395,395,396,63668.034,model: mtp: first_pass,396,1.0025,1975.226,1989.65,2098.135,2130.43,1643.48,2144.63,782189.5,3.102,687462986.0,20260914T204321Z,True
tdb_qwen35-2b_tp1_eager_mtp-on_w2a_20260914T204321Z_3,qwen35-2b,1,eager,on,w2a,0,3,4,25148873.5,Step:Schedule,395,395,395,396,63668.034,model: mtp: propose,396,1.0025,3295.756,3279.62,3434.58,3602.311,3108.86,3656.94,1305119.3,5.176,687462986.0,20260914T204321Z,True
tdb_qwen35-2b_tp1_eager_mtp-on_w2a_20260914T204321Z_3,qwen35-2b,1,eager,on,w2a,0,3,4,25148873.5,Step:Schedule,395,395,395,396,63668.034,post process,396,1.0025,139.282,114.235,284.92,341.42,104.24,344.08,55155.6,0.219,687462986.0,20260914T204321Z,True
tdb_qwen35-2b_tp1_eager_mtp-on_w2a_20260914T204321Z_3,qwen35-2b,1,eager,on,w2a,0,3,4,25148873.5,Step:Schedule,395,395,395,396,63668.034,prepare input,395,1.0,6238.244,6204.36,6483.452,6669.138,5904.71,6756.39,2464106.4,9.798,687462986.0,20260914T204321Z,True
tdb_qwen35-2b_tp1_eager_mtp-on_w2a_20260914T204321Z_3,qwen35-2b,1,eager,on,w2a,0,3,4,25148873.5,Step:Schedule,395,395,395,396,63668.034,sample_token,396,1.0025,584.005,648.505,685.15,706.991,434.56,711.39,231266.0,0.917,687462986.0,20260914T204321Z,True
tdb_qwen35-2b_tp1_eager_mtp-on_w2a_20260914T204321Z_3,qwen35-2b,1,eager,on,w2a,0,3,4,25148873.5,Step:Schedule,395,395,395,396,63668.034,schedule: allocate_slots,395,1.0,44.236,44.09,45.566,47.675,41.82,60.36,17473.3,0.069,687462986.0,20260914T204321Z,True
tdb_qwen35-2b_tp1_eager_mtp-on_w2a_20260914T204321Z_3,qwen35-2b,1,eager,on,w2a,0,3,4,25148873.5,Step:Schedule,395,395,395,396,63668.034,schedule: get_num_common_prefix_blocks,395,1.0,2.393,2.38,2.56,2.731,2.01,2.92,945.4,0.004,687462986.0,20260914T204321Z,True
tdb_qwen35-2b_tp1_eager_mtp-on_w2a_20260914T204321Z_3,qwen35-2b,1,eager,on,w2a,0,3,4,25148873.5,Step:Schedule,395,395,395,396,63668.034,schedule: make_cached_request_data,395,1.0,11.529,11.51,12.0,13.145,10.58,14.69,4554.0,0.018,687462986.0,20260914T204321Z,True
tdb_qwen35-2b_tp1_eager_mtp-on_w2a_20260914T204321Z_3,qwen35-2b,1,eager,on,w2a,0,3,4,25148873.5,Step:Schedule,395,395,395,396,63668.034,schedule: update_after_schedule,395,1.0,7.585,7.5,8.128,8.54,6.91,9.05,2996.2,0.012,687462986.0,20260914T204321Z,True
tdb_qwen35-2b_tp1_graph_mtp-off_e1b_20260915T020833Z_0,qwen35-2b,1,graph,off,e1b,0,0,0,25104004.2,prepare input,4325,0,4325,4326,5804.394,async_state_update,4326,1.0002,47.687,47.53,48.92,63.397,43.65,85.23,206295.3,0.822,688.0,20260915T020833Z,True
tdb_qwen35-2b_tp1_graph_mtp-off_e1b_20260915T020833Z_0,qwen35-2b,1,graph,off,e1b,0,0,0,25104004.2,prepare input,4325,0,4325,4326,5804.394,draft_token,4326,1.0002,2.53,2.51,2.65,2.85,2.15,17.59,10946.6,0.044,688.0,20260915T020833Z,True
tdb_qwen35-2b_tp1_graph_mtp-off_e1b_20260915T020833Z_0,qwen35-2b,1,graph,off,e1b,0,0,0,25104004.2,prepare input,4325,0,4325,4326,5804.394,forward,4326,1.0002,1867.512,1871.29,1997.55,2089.615,937.04,6463.92,8078857.4,32.174,688.0,20260915T020833Z,True
tdb_qwen35-2b_tp1_graph_mtp-off_e1b_20260915T020833Z_0,qwen35-2b,1,graph,off,e1b,0,0,0,25104004.2,prepare input,4325,0,4325,4326,5804.394,post process,4326,1.0002,125.795,126.84,130.13,145.648,114.66,190.9,544188.1,2.167,688.0,20260915T020833Z,True
tdb_qwen35-2b_tp1_graph_mtp-off_e1b_20260915T020833Z_0,qwen35-2b,1,graph,off,e1b,0,0,0,25104004.2,prepare input,4325,0,4325,4326,5804.394,prepare input,4325,1.0,2858.633,2876.45,2927.286,2981.01,2709.71,7502.43,12363587.9,49.249,688.0,20260915T020833Z,True
tdb_qwen35-2b_tp1_graph_mtp-off_e1b_20260915T020833Z_0,qwen35-2b,1,graph,off,e1b,0,0,0,25104004.2,prepare input,4325,0,4325,4326,5804.394,sample_token,4326,1.0002,180.011,179.465,186.135,199.445,161.95,1550.39,778727.2,3.101,688.0,20260915T020833Z,True
tdb_qwen35-2b_tp1_graph_mtp-off_e1b_20260915T020833Z_0,qwen35-2b,1,graph,off,e1b,0,0,1,25180949.8,prepare input,4346,0,4346,4347,5794.052,async_state_update,4347,1.0002,47.127,46.7,47.74,65.91,44.69,87.99,204859.0,0.813,41874374.0,20260915T020833Z,True
tdb_qwen35-2b_tp1_graph_mtp-off_e1b_20260915T020833Z_0,qwen35-2b,1,graph,off,e1b,0,0,1,25180949.8,prepare input,4346,0,4346,4347,5794.052,draft_token,4347,1.0002,2.61,2.59,2.73,3.08,2.19,18.74,11345.6,0.045,41874374.0,20260915T020833Z,True
tdb_qwen35-2b_tp1_graph_mtp-off_e1b_20260915T020833Z_0,qwen35-2b,1,graph,off,e1b,0,0,1,25180949.8,prepare input,4346,0,4346,4347,5794.052,forward,4347,1.0002,1911.969,1891.37,1987.38,2059.404,876.48,2175.47,8311330.3,32.999,41874374.0,20260915T020833Z,True
tdb_qwen35-2b_tp1_graph_mtp-off_e1b_20260915T020833Z_0,qwen35-2b,1,graph,off,e1b,0,0,1,25180949.8,prepare input,4346,0,4346,4347,5794.052,post process,4347,1.0002,121.221,120.5,122.9,142.273,116.5,165.02,526947.8,2.092,41874374.0,20260915T020833Z,True
tdb_qwen35-2b_tp1_graph_mtp-off_e1b_20260915T020833Z_0,qwen35-2b,1,graph,off,e1b,0,0,1,25180949.8,prepare input,4346,0,4346,4347,5794.052,prepare input,4346,1.0,2814.333,2804.17,2829.155,2900.312,2735.31,4096.56,12231092.2,48.573,41874374.0,20260915T020833Z,True
tdb_qwen35-2b_tp1_graph_mtp-off_e1b_20260915T020833Z_0,qwen35-2b,1,graph,off,e1b,0,0,1,25180949.8,prepare input,4346,0,4346,4347,5794.052,sample_token,4347,1.0002,174.175,173.22,179.77,197.811,154.04,236.93,757136.6,3.006,41874374.0,20260915T020833Z,True
tdb_qwen35-2b_tp1_graph_mtp-off_e1b_20260915T020833Z_0,qwen35-2b,1,graph,off,e1b,0,0,2,25103472.6,prepare input,4332,0,4332,4333,5794.892,async_state_update,4333,1.0002,45.522,45.28,46.09,57.834,43.53,89.21,197248.5,0.786,83812477.0,20260915T020833Z,True
tdb_qwen35-2b_tp1_graph_mtp-off_e1b_20260915T020833Z_0,qwen35-2b,1,graph,off,e1b,0,0,2,25103472.6,prepare input,4332,0,4332,4333,5794.892,draft_token,4333,1.0002,2.389,2.38,2.52,2.63,2.06,19.35,10350.0,0.041,83812477.0,20260915T020833Z,True
tdb_qwen35-2b_tp1_graph_mtp-off_e1b_20260915T020833Z_0,qwen35-2b,1,graph,off,e1b,0,0,2,25103472.6,prepare input,4332,0,4332,4333,5794.892,forward,4333,1.0002,2025.617,2048.42,2073.046,2156.494,845.27,2273.4,8777000.4,34.955,83812477.0,20260915T020833Z,True
tdb_qwen35-2b_tp1_graph_mtp-off_e1b_20260915T020833Z_0,qwen35-2b,1,graph,off,e1b,0,0,2,25103472.6,prepare input,4332,0,4332,4333,5794.892,post process,4333,1.0002,115.184,114.79,116.11,128.647,111.05,534.18,499090.8,1.988,83812477.0,20260915T020833Z,True
tdb_qwen35-2b_tp1_graph_mtp-off_e1b_20260915T020833Z_0,qwen35-2b,1,graph,off,e1b,0,0,2,25103472.6,prepare input,4332,0,4332,4333,5794.892,prepare input,4332,1.0,2732.654,2732.61,2747.258,2770.882,2683.08,5907.5,11837856.0,47.156,83812477.0,20260915T020833Z,True
tdb_qwen35-2b_tp1_graph_mtp-off_e1b_20260915T020833Z_0,qwen35-2b,1,graph,off,e1b,0,0,2,25103472.6,prepare input,4332,0,4332,4333,5794.892,sample_token,4333,1.0002,177.986,177.83,182.3,193.627,156.96,236.31,771212.8,3.071,83812477.0,20260915T020833Z,True
tdb_qwen35-2b_tp1_graph_mtp-off_e1b_20260915T020833Z_0,qwen35-2b,1,graph,off,e1b,0,0,3,25154700.4,prepare input,4345,0,4345,4346,5789.344,async_state_update,4346,1.0002,45.036,44.75,45.54,58.397,42.89,86.03,195727.6,0.778,125775820.0,20260915T020833Z,True
tdb_qwen35-2b_tp1_graph_mtp-off_e1b_20260915T020833Z_0,qwen35-2b,1,graph,off,e1b,0,0,3,25154700.4,prepare input,4345,0,4345,4346,5789.344,draft_token,4346,1.0002,2.562,2.55,2.69,2.83,2.18,16.88,11134.5,0.044,125775820.0,20260915T020833Z,True
tdb_qwen35-2b_tp1_graph_mtp-off_e1b_20260915T020833Z_0,qwen35-2b,1,graph,off,e1b,0,0,3,25154700.4,prepare input,4345,0,4345,4346,5789.344,forward,4346,1.0002,2055.585,2049.34,2144.99,2201.375,835.39,2393.36,8933570.4,35.506,125775820.0,20260915T020833Z,True
tdb_qwen35-2b_tp1_graph_mtp-off_e1b_20260915T020833Z_0,qwen35-2b,1,graph,off,e1b,0,0,3,25154700.4,prepare input,4345,0,4345,4346,5789.344,post process,4346,1.0002,115.133,114.65,116.35,130.082,110.57,166.04,500366.8,1.989,125775820.0,20260915T020833Z,True
tdb_qwen35-2b_tp1_graph_mtp-off_e1b_20260915T020833Z_0,qwen35-2b,1,graph,off,e1b,0,0,3,25154700.4,prepare input,4345,0,4345,4346,5789.344,prepare input,4345,1.0,2709.733,2706.81,2723.39,2757.93,2657.08,5186.22,11773788.5,46.806,125775820.0,20260915T020833Z,True
tdb_qwen35-2b_tp1_graph_mtp-off_e1b_20260915T020833Z_0,qwen35-2b,1,graph,off,e1b,0,0,3,25154700.4,prepare input,4345,0,4345,4346,5789.344,sample_token,4346,1.0002,162.081,162.01,165.895,181.138,146.13,248.38,704406.0,2.8,125775820.0,20260915T020833Z,True
tdb_qwen35-2b_tp1_graph_mtp-off_e1b_20260915T020833Z_0,qwen35-2b,1,graph,off,e1b,0,0,4,25106713.5,prepare input,4329,0,4329,4330,5799.657,async_state_update,4330,1.0002,44.697,44.45,45.23,56.878,42.77,69.68,193538.0,0.771,167687789.0,20260915T020833Z,True
tdb_qwen35-2b_tp1_graph_mtp-off_e1b_20260915T020833Z_0,qwen35-2b,1,graph,off,e1b,0,0,4,25106713.5,prepare input,4329,0,4329,4330,5799.657,draft_token,4330,1.0002,2.529,2.52,2.66,2.78,2.1,17.17,10951.9,0.044,167687789.0,20260915T020833Z,True
tdb_qwen35-2b_tp1_graph_mtp-off_e1b_20260915T020833Z_0,qwen35-2b,1,graph,off,e1b,0,0,4,25106713.5,prepare input,4329,0,4329,4330,5799.657,forward,4330,1.0002,2085.97,2061.5,2160.722,2229.11,839.71,2317.13,9032249.4,35.967,167687789.0,20260915T020833Z,True
tdb_qwen35-2b_tp1_graph_mtp-off_e1b_20260915T020833Z_0,qwen35-2b,1,graph,off,e1b,0,0,4,25106713.5,prepare input,4329,0,4329,4330,5799.657,post process,4330,1.0002,113.652,113.4,115.0,128.902,108.53,139.74,492111.0,1.96,167687789.0,20260915T020833Z,True
tdb_qwen35-2b_tp1_graph_mtp-off_e1b_20260915T020833Z_0,qwen35-2b,1,graph,off,e1b,0,0,4,25106713.5,prepare input,4329,0,4329,4330,5799.657,prepare input,4329,1.0,2694.321,2695.2,2711.56,2728.204,2647.78,3867.77,11663716.1,46.457,167687789.0,20260915T020833Z,True
tdb_qwen35-2b_tp1_graph_mtp-off_e1b_20260915T020833Z_0,qwen35-2b,1,graph,off,e1b,0,0,4,25106713.5,prepare input,4329,0,4329,4330,5799.657,sample_token,4330,1.0002,161.176,161.18,165.22,178.088,117.06,381.79,697894.0,2.779,167687789.0,20260915T020833Z,True
tdb_qwen35-2b_tp1_graph_mtp-off_m1b_20260914T233006Z_0,qwen35-2b,1,graph,off,m1b,0,0,0,25115072.7,prepare input,4350,0,4350,4351,5773.58,async_state_update,4351,1.0002,45.885,45.47,46.58,62.5,43.11,83.04,199643.9,0.795,621.0,20260914T233006Z,True
tdb_qwen35-2b_tp1_graph_mtp-off_m1b_20260914T233006Z_0,qwen35-2b,1,graph,off,m1b,0,0,0,25115072.7,prepare input,4350,0,4350,4351,5773.58,draft_token,4351,1.0002,2.391,2.37,2.52,2.79,2.02,20.66,10402.0,0.041,621.0,20260914T233006Z,True
tdb_qwen35-2b_tp1_graph_mtp-off_m1b_20260914T233006Z_0,qwen35-2b,1,graph,off,m1b,0,0,0,25115072.7,prepare input,4350,0,4350,4351,5773.58,forward,4351,1.0002,1951.202,1970.06,2034.65,2099.455,900.54,4429.64,8489679.3,33.795,621.0,20260914T233006Z,True
tdb_qwen35-2b_tp1_graph_mtp-off_m1b_20260914T233006Z_0,qwen35-2b,1,graph,off,m1b,0,0,0,25115072.7,prepare input,4350,0,4350,4351,5773.58,post process,4351,1.0002,115.231,114.46,117.15,135.81,107.04,1041.04,501368.5,1.996,621.0,20260914T233006Z,True
tdb_qwen35-2b_tp1_graph_mtp-off_m1b_20260914T233006Z_0,qwen35-2b,1,graph,off,m1b,0,0,0,25115072.7,prepare input,4350,0,4350,4351,5773.58,prepare input,4350,1.0,2798.278,2788.995,2820.11,3297.745,2681.3,4892.05,12172510.6,48.467,621.0,20260914T233006Z,True
tdb_qwen35-2b_tp1_graph_mtp-off_m1b_20260914T233006Z_0,qwen35-2b,1,graph,off,m1b,0,0,0,25115072.7,prepare input,4350,0,4350,4351,5773.58,sample_token,4351,1.0002,167.968,166.94,172.89,193.015,153.83,220.19,730826.9,2.909,621.0,20260914T233006Z,True
tdb_qwen35-2b_tp1_graph_mtp-off_m1b_20260914T233006Z_0,qwen35-2b,1,graph,off,m1b,0,0,1,25107639.6,prepare input,4344,0,4344,4345,5779.843,async_state_update,4345,1.0002,45.481,45.19,46.056,57.723,43.53,148.19,197616.5,0.787,41673354.0,20260914T233006Z,True
tdb_qwen35-2b_tp1_graph_mtp-off_m1b_20260914T233006Z_0,qwen35-2b,1,graph,off,m1b,0,0,1,25107639.6,prepare input,4344,0,4344,4345,5779.843,draft_token,4345,1.0002,2.423,2.4,2.55,2.69,2.05,18.38,10526.1,0.042,41673354.0,20260914T233006Z,True
tdb_qwen35-2b_tp1_graph_mtp-off_m1b_20260914T233006Z_0,qwen35-2b,1,graph,off,m1b,0,0,1,25107639.6,prepare input,4344,0,4344,4345,5779.843,forward,4345,1.0002,1951.414,1952.36,2048.23,2076.444,855.19,2920.03,8478892.4,33.762,41673354.0,20260914T233006Z,True
tdb_qwen35-2b_tp1_graph_mtp-off_m1b_20260914T233006Z_0,qwen35-2b,1,graph,off,m1b,0,0,1,25107639.6,prepare input,4344,0,4344,4345,5779.843,post process,4345,1.0002,115.138,114.76,117.07,130.138,109.66,166.69,500274.8,1.992,41673354.0,20260914T233006Z,True
tdb_qwen35-2b_tp1_graph_mtp-off_m1b_20260914T233006Z_0,qwen35-2b,1,graph,off,m1b,0,0,1,25107639.6,prepare input,4344,0,4344,4345,5779.843,prepare input,4344,1.0,2807.691,2805.645,2830.061,2856.37,2732.91,6023.21,12196611.7,48.577,41673354.0,20260914T233006Z,True
tdb_qwen35-2b_tp1_graph_mtp-off_m1b_20260914T233006Z_0,qwen35-2b,1,graph,off,m1b,0,0,1,25107639.6,prepare input,4344,0,4344,4345,5779.843,sample_token,4345,1.0002,163.903,163.38,167.866,179.148,107.32,339.96,712157.2,2.836,41673354.0,20260914T233006Z,True
tdb_qwen35-2b_tp1_graph_mtp-off_m1b_20260914T233006Z_0,qwen35-2b,1,graph,off,m1b,0,0,2,25105102.8,prepare input,4345,0,4345,4346,5777.929,async_state_update,4346,1.0002,44.977,44.78,45.93,55.156,42.33,63.02,195470.8,0.778,83539953.0,20260914T233006Z,True
tdb_qwen35-2b_tp1_graph_mtp-off_m1b_20260914T233006Z_0,qwen35-2b,1,graph,off,m1b,0,0,2,25105102.8,prepare input,4345,0,4345,4346,5777.929,draft_token,4346,1.0002,2.326,2.32,2.46,2.58,1.97,13.15,10108.5,0.04,83539953.0,20260914T233006Z,True
tdb_qwen35-2b_tp1_graph_mtp-off_m1b_20260914T233006Z_0,qwen35-2b,1,graph,off,m1b,0,0,2,25105102.8,prepare input,4345,0,4345,4346,5777.929,forward,4346,1.0002,2005.974,2035.73,2057.635,2130.427,854.16,2173.6,8717964.5,34.718,83539953.0,20260914T233006Z,True
tdb_qwen35-2b_tp1_graph_mtp-off_m1b_20260914T233006Z_0,qwen35-2b,1,graph,off,m1b,0,0,2,25105102.8,prepare input,4345,0,4345,4346,5777.929,post process,4346,1.0002,112.479,111.24,117.4,126.976,104.6,136.86,488833.0,1.947,83539953.0,20260914T233006Z,True
tdb_qwen35-2b_tp1_graph_mtp-off_m1b_20260914T233006Z_0,qwen35-2b,1,graph,off,m1b,0,0,2,25105102.8,prepare input,4345,0,4345,4346,5777.929,prepare input,4345,1.0,2762.811,2752.43,2831.134,2851.412,2640.75,4550.78,12004414.1,47.817,83539953.0,20260914T233006Z,True
tdb_qwen35-2b_tp1_graph_mtp-off_m1b_20260914T233006Z_0,qwen35-2b,1,graph,off,m1b,0,0,2,25105102.8,prepare input,4345,0,4345,4346,5777.929,sample_token,4346,1.0002,168.646,168.38,173.01,185.002,154.07,218.31,732937.6,2.919,83539953.0,20260914T233006Z,True
tdb_qwen35-2b_tp1_graph_mtp-off_m1b_20260914T233006Z_0,qwen35-2b,1,graph,off,m1b,0,0,3,25164296.0,prepare input,4352,0,4352,4353,5782.237,async_state_update,4353,1.0002,47.769,46.07,53.098,58.679,43.92,74.97,207936.5,0.826,125408865.0,20260914T233006Z,True
tdb_qwen35-2b_tp1_graph_mtp-off_m1b_20260914T233006Z_0,qwen35-2b,1,graph,off,m1b,0,0,3,25164296.0,prepare input,4352,0,4352,4353,5782.237,draft_token,4353,1.0002,2.464,2.44,2.63,3.11,2.08,16.61,10726.8,0.043,125408865.0,20260914T233006Z,True
tdb_qwen35-2b_tp1_graph_mtp-off_m1b_20260914T233006Z_0,qwen35-2b,1,graph,off,m1b,0,0,3,25164296.0,prepare input,4352,0,4352,4353,5782.237,forward,4353,1.0002,1803.602,1865.3,1964.026,1993.683,837.57,3168.5,7851080.5,31.192,125408865.0,20260914T233006Z,True
tdb_qwen35-2b_tp1_graph_mtp-off_m1b_20260914T233006Z_0,qwen35-2b,1,graph,off,m1b,0,0,3,25164296.0,prepare input,4352,0,4352,4353,5782.237,post process,4353,1.0002,121.851,116.8,135.75,147.672,112.64,223.33,530418.6,2.107,125408865.0,20260914T233006Z,True
tdb_qwen35-2b_tp1_graph_mtp-off_m1b_20260914T233006Z_0,qwen35-2b,1,graph,off,m1b,0,0,3,25164296.0,prepare input,4352,0,4352,4353,5782.237,prepare input,4352,1.0,2910.532,2823.6,3157.589,3188.614,2764.69,3801.92,12666634.2,50.336,125408865.0,20260914T233006Z,True
tdb_qwen35-2b_tp1_graph_mtp-off_m1b_20260914T233006Z_0,qwen35-2b,1,graph,off,m1b,0,0,3,25164296.0,prepare input,4352,0,4352,4353,5782.237,sample_token,4353,1.0002,173.681,171.94,184.858,193.899,152.62,214.78,756034.5,3.004,125408865.0,20260914T233006Z,True
tdb_qwen35-2b_tp1_graph_mtp-off_m1b_20260914T233006Z_0,qwen35-2b,1,graph,off,m1b,0,0,4,25107451.8,prepare input,4345,0,4345,4346,5778.47,async_state_update,4346,1.0002,48.817,48.695,50.5,60.916,43.55,73.16,212159.1,0.845,167289406.0,20260914T233006Z,True
tdb_qwen35-2b_tp1_graph_mtp-off_m1b_20260914T233006Z_0,qwen35-2b,1,graph,off,m1b,0,0,4,25107451.8,prepare input,4345,0,4345,4346,5778.47,draft_token,4346,1.0002,2.468,2.45,2.66,2.996,2.04,14.21,10727.9,0.043,167289406.0,20260914T233006Z,True
tdb_qwen35-2b_tp1_graph_mtp-off_m1b_20260914T233006Z_0,qwen35-2b,1,graph,off,m1b,0,0,4,25107451.8,prepare input,4345,0,4345,4346,5778.47,forward,4346,1.0002,1737.728,1700.275,1890.725,1982.366,875.3,2049.09,7552164.2,30.072,167289406.0,20260914T233006Z,True
tdb_qwen35-2b_tp1_graph_mtp-off_m1b_20260914T233006Z_0,qwen35-2b,1,graph,off,m1b,0,0,4,25107451.8,prepare input,4345,0,4345,4346,5778.47,post process,4346,1.0002,124.0,125.34,130.45,142.129,107.32,151.15,538902.8,2.146,167289406.0,20260914T233006Z,True
tdb_qwen35-2b_tp1_graph_mtp-off_m1b_20260914T233006Z_0,qwen35-2b,1,graph,off,m1b,0,0,4,25107451.8,prepare input,4345,0,4345,4346,5778.47,prepare input,4345,1.0,2954.313,2958.36,3009.002,3283.862,2778.17,4855.32,12836489.1,51.126,167289406.0,20260914T233006Z,True
tdb_qwen35-2b_tp1_graph_mtp-off_m1b_20260914T233006Z_0,qwen35-2b,1,graph,off,m1b,0,0,4,25107451.8,prepare input,4345,0,4345,4346,5778.47,sample_token,4346,1.0002,176.019,175.66,182.3,193.064,160.53,211.89,764979.4,3.046,167289406.0,20260914T233006Z,True
tdb_qwen35-2b_tp1_graph_mtp-off_w2a_20260914T204321Z_0,qwen35-2b,1,graph,off,w2a,0,0,0,25116306.0,Step:Schedule,3787,3787,3787,3788,6632.243,Step:Output,3788,1.0003,42.427,42.605,44.53,52.631,38.53,67.41,160713.6,0.64,555.0,20260914T204321Z,True
tdb_qwen35-2b_tp1_graph_mtp-off_w2a_20260914T204321Z_0,qwen35-2b,1,graph,off,w2a,0,0,0,25116306.0,Step:Schedule,3787,3787,3787,3788,6632.243,Step:Schedule,3787,1.0,374.962,448.91,477.022,532.895,234.24,762.8,1419980.5,5.654,555.0,20260914T204321Z,True
tdb_qwen35-2b_tp1_graph_mtp-off_w2a_20260914T204321Z_0,qwen35-2b,1,graph,off,w2a,0,0,0,25116306.0,Step:Schedule,3787,3787,3787,3788,6632.243,async_state_update,3788,1.0003,59.496,49.085,58.09,245.136,44.95,312.62,225369.0,0.897,555.0,20260914T204321Z,True
tdb_qwen35-2b_tp1_graph_mtp-off_w2a_20260914T204321Z_0,qwen35-2b,1,graph,off,w2a,0,0,0,25116306.0,Step:Schedule,3787,3787,3787,3788,6632.243,draft_token,3788,1.0003,2.535,2.52,2.77,2.96,1.96,12.19,9602.4,0.038,555.0,20260914T204321Z,True
tdb_qwen35-2b_tp1_graph_mtp-off_w2a_20260914T204321Z_0,qwen35-2b,1,graph,off,w2a,0,0,0,25116306.0,Step:Schedule,3787,3787,3787,3788,6632.243,forward,3788,1.0003,1118.858,1102.865,1195.288,1303.362,958.06,3591.97,4238232.3,16.87,555.0,20260914T204321Z,True
tdb_qwen35-2b_tp1_graph_mtp-off_w2a_20260914T204321Z_0,qwen35-2b,1,graph,off,w2a,0,0,0,25116306.0,Step:Schedule,3787,3787,3787,3788,6632.243,post process,3788,1.0003,127.919,124.16,131.483,217.273,117.95,405.65,484556.7,1.929,555.0,20260914T204321Z,True
tdb_qwen35-2b_tp1_graph_mtp-off_w2a_20260914T204321Z_0,qwen35-2b,1,graph,off,w2a,0,0,0,25116306.0,Step:Schedule,3787,3787,3787,3788,6632.243,prepare input,3787,1.0,3638.197,3593.21,3844.638,4036.517,3433.78,7795.22,13777852.9,54.856,555.0,20260914T204321Z,True
tdb_qwen35-2b_tp1_graph_mtp-off_w2a_20260914T204321Z_0,qwen35-2b,1,graph,off,w2a,0,0,0,25116306.0,Step:Schedule,3787,3787,3787,3788,6632.243,sample_token,3788,1.0003,145.235,120.785,183.079,371.295,109.49,498.49,550149.0,2.19,555.0,20260914T204321Z,True
tdb_qwen35-2b_tp1_graph_mtp-off_w2a_20260914T204321Z_0,qwen35-2b,1,graph,off,w2a,0,0,0,25116306.0,Step:Schedule,3787,3787,3787,3788,6632.243,schedule: allocate_slots,3787,1.0,40.574,40.42,41.754,44.611,37.95,66.42,153652.2,0.612,555.0,20260914T204321Z,True
tdb_qwen35-2b_tp1_graph_mtp-off_w2a_20260914T204321Z_0,qwen35-2b,1,graph,off,w2a,0,0,0,25116306.0,Step:Schedule,3787,3787,3787,3788,6632.243,schedule: get_num_common_prefix_blocks,3787,1.0,2.386,2.37,2.56,2.72,2.01,15.94,9034.2,0.036,555.0,20260914T204321Z,True
tdb_qwen35-2b_tp1_graph_mtp-off_w2a_20260914T204321Z_0,qwen35-2b,1,graph,off,w2a,0,0,0,25116306.0,Step:Schedule,3787,3787,3787,3788,6632.243,schedule: make_cached_request_data,3787,1.0,11.379,11.35,11.9,12.61,10.13,32.36,43092.4,0.172,555.0,20260914T204321Z,True
tdb_qwen35-2b_tp1_graph_mtp-off_w2a_20260914T204321Z_0,qwen35-2b,1,graph,off,w2a,0,0,0,25116306.0,Step:Schedule,3787,3787,3787,3788,6632.243,schedule: update_after_schedule,3787,1.0,7.505,7.46,7.76,8.45,6.55,31.42,28421.8,0.113,555.0,20260914T204321Z,True
tdb_qwen35-2b_tp1_graph_mtp-off_w2a_20260914T204321Z_0,qwen35-2b,1,graph,off,w2a,0,0,1,25105156.6,Step:Schedule,3885,3885,3885,3886,6462.074,Step:Output,3886,1.0003,41.749,41.49,42.775,48.938,39.28,69.91,162235.4,0.646,45071821.0,20260914T204321Z,True
tdb_qwen35-2b_tp1_graph_mtp-off_w2a_20260914T204321Z_0,qwen35-2b,1,graph,off,w2a,0,0,1,25105156.6,Step:Schedule,3885,3885,3885,3886,6462.074,Step:Schedule,3885,1.0,394.273,452.19,470.222,491.065,221.21,571.19,1531752.3,6.101,45071821.0,20260914T204321Z,True
tdb_qwen35-2b_tp1_graph_mtp-off_w2a_20260914T204321Z_0,qwen35-2b,1,graph,off,w2a,0,0,1,25105156.6,Step:Schedule,3885,3885,3885,3886,6462.074,async_state_update,3886,1.0003,53.095,47.08,53.57,204.456,44.84,286.26,206328.3,0.822,45071821.0,20260914T204321Z,True
tdb_qwen35-2b_tp1_graph_mtp-off_w2a_20260914T204321Z_0,qwen35-2b,1,graph,off,w2a,0,0,1,25105156.6,Step:Schedule,3885,3885,3885,3886,6462.074,draft_token,3886,1.0003,2.62,2.59,2.79,3.05,2.04,22.58,10180.0,0.041,45071821.0,20260914T204321Z,True
tdb_qwen35-2b_tp1_graph_mtp-off_w2a_20260914T204321Z_0,qwen35-2b,1,graph,off,w2a,0,0,1,25105156.6,Step:Schedule,3885,3885,3885,3886,6462.074,forward,3886,1.0003,1053.112,1051.34,1093.895,1129.73,881.78,1589.91,4092393.7,16.297,45071821.0,20260914T204321Z,True
tdb_qwen35-2b_tp1_graph_mtp-off_w2a_20260914T204321Z_0,qwen35-2b,1,graph,off,w2a,0,0,1,25105156.6,Step:Schedule,3885,3885,3885,3886,6462.074,post process,3886,1.0003,128.55,121.82,128.115,316.002,114.63,371.5,499544.2,1.989,45071821.0,20260914T204321Z,True
tdb_qwen35-2b_tp1_graph_mtp-off_w2a_20260914T204321Z_0,qwen35-2b,1,graph,off,w2a,0,0,1,25105156.6,Step:Schedule,3885,3885,3885,3886,6462.074,prepare input,3885,1.0,3567.996,3507.0,3805.542,3885.523,3385.42,4298.1,13861664.3,55.214,45071821.0,20260914T204321Z,True
tdb_qwen35-2b_tp1_graph_mtp-off_w2a_20260914T204321Z_0,qwen35-2b,1,graph,off,w2a,0,0,1,25105156.6,Step:Schedule,3885,3885,3885,3886,6462.074,sample_token,3886,1.0003,168.471,120.715,324.015,344.764,108.81,457.01,654679.5,2.607,45071821.0,20260914T204321Z,True
tdb_qwen35-2b_tp1_graph_mtp-off_w2a_20260914T204321Z_0,qwen35-2b,1,graph,off,w2a,0,0,1,25105156.6,Step:Schedule,3885,3885,3885,3886,6462.074,schedule: allocate_slots,3885,1.0,39.962,39.57,41.06,50.695,37.24,77.07,155250.8,0.618,45071821.0,20260914T204321Z,True
tdb_qwen35-2b_tp1_graph_mtp-off_w2a_20260914T204321Z_0,qwen35-2b,1,graph,off,w2a,0,0,1,25105156.6,Step:Schedule,3885,3885,3885,3886,6462.074,schedule: get_num_common_prefix_blocks,3885,1.0,2.392,2.37,2.57,2.932,1.93,15.39,9292.4,0.037,45071821.0,20260914T204321Z,True
tdb_qwen35-2b_tp1_graph_mtp-off_w2a_20260914T204321Z_0,qwen35-2b,1,graph,off,w2a,0,0,1,25105156.6,Step:Schedule,3885,3885,3885,3886,6462.074,schedule: make_cached_request_data,3885,1.0,11.292,11.19,11.88,13.1,10.11,29.09,43870.3,0.175,45071821.0,20260914T204321Z,True
tdb_qwen35-2b_tp1_graph_mtp-off_w2a_20260914T204321Z_0,qwen35-2b,1,graph,off,w2a,0,0,1,25105156.6,Step:Schedule,3885,3885,3885,3886,6462.074,schedule: update_after_schedule,3885,1.0,7.507,7.44,7.83,8.825,6.68,25.39,29164.2,0.116,45071821.0,20260914T204321Z,True
tdb_qwen35-2b_tp1_graph_mtp-off_w2a_20260914T204321Z_0,qwen35-2b,1,graph,off,w2a,0,0,2,25172313.3,Step:Schedule,4004,4004,4004,4005,6286.792,Step:Output,4005,1.0002,38.757,38.64,39.846,43.134,35.12,61.9,155220.7,0.616,89631841.0,20260914T204321Z,True
tdb_qwen35-2b_tp1_graph_mtp-off_w2a_20260914T204321Z_0,qwen35-2b,1,graph,off,w2a,0,0,2,25172313.3,Step:Schedule,4004,4004,4004,4005,6286.792,Step:Schedule,4004,1.0,324.209,252.445,464.516,489.365,226.36,546.11,1298133.7,5.157,89631841.0,20260914T204321Z,True
tdb_qwen35-2b_tp1_graph_mtp-off_w2a_20260914T204321Z_0,qwen35-2b,1,graph,off,w2a,0,0,2,25172313.3,Step:Schedule,4004,4004,4004,4005,6286.792,async_state_update,4005,1.0002,48.718,45.72,49.42,186.278,42.68,262.84,195114.2,0.775,89631841.0,20260914T204321Z,True
tdb_qwen35-2b_tp1_graph_mtp-off_w2a_20260914T204321Z_0,qwen35-2b,1,graph,off,w2a,0,0,2,25172313.3,Step:Schedule,4004,4004,4004,4005,6286.792,draft_token,4005,1.0002,2.468,2.45,2.64,2.81,2.01,13.7,9884.3,0.039,89631841.0,20260914T204321Z,True
tdb_qwen35-2b_tp1_graph_mtp-off_w2a_20260914T204321Z_0,qwen35-2b,1,graph,off,w2a,0,0,2,25172313.3,Step:Schedule,4004,4004,4004,4005,6286.792,forward,4005,1.0002,1026.608,1036.17,1061.78,1085.911,833.82,2638.12,4111566.8,16.33,89631841.0,20260914T204321Z,True
tdb_qwen35-2b_tp1_graph_mtp-off_w2a_20260914T204321Z_0,qwen35-2b,1,graph,off,w2a,0,0,2,25172313.3,Step:Schedule,4004,4004,4004,4005,6286.792,post process,4005,1.0002,152.803,117.98,312.062,346.589,110.27,361.7,611976.7,2.431,89631841.0,20260914T204321Z,True
tdb_qwen35-2b_tp1_graph_mtp-off_w2a_20260914T204321Z_0,qwen35-2b,1,graph,off,w2a,0,0,2,25172313.3,Step:Schedule,4004,4004,4004,4005,6286.792,prepare input,4004,1.0,3472.815,3446.035,3611.357,3681.058,3302.12,6179.05,13905151.0,55.24,89631841.0,20260914T204321Z,True
tdb_qwen35-2b_tp1_graph_mtp-off_w2a_20260914T204321Z_0,qwen35-2b,1,graph,off,w2a,0,0,2,25172313.3,Step:Schedule,4004,4004,4004,4005,6286.792,sample_token,4005,1.0002,168.13,112.27,318.21,337.442,104.82,374.56,673361.0,2.674,89631841.0,20260914T204321Z,True
tdb_qwen35-2b_tp1_graph_mtp-off_w2a_20260914T204321Z_0,qwen35-2b,1,graph,off,w2a,0,0,2,25172313.3,Step:Schedule,4004,4004,4004,4005,6286.792,schedule: allocate_slots,4004,1.0,38.568,38.35,39.51,46.175,35.91,97.85,154427.0,0.613,89631841.0,20260914T204321Z,True
tdb_qwen35-2b_tp1_graph_mtp-off_w2a_20260914T204321Z_0,qwen35-2b,1,graph,off,w2a,0,0,2,25172313.3,Step:Schedule,4004,4004,4004,4005,6286.792,schedule: get_num_common_prefix_blocks,4004,1.0,2.263,2.24,2.39,2.62,1.97,14.0,9062.5,0.036,89631841.0,20260914T204321Z,True
tdb_qwen35-2b_tp1_graph_mtp-off_w2a_20260914T204321Z_0,qwen35-2b,1,graph,off,w2a,0,0,2,25172313.3,Step:Schedule,4004,4004,4004,4005,6286.792,schedule: make_cached_request_data,4004,1.0,10.637,10.5,11.27,12.25,9.61,25.72,42591.0,0.169,89631841.0,20260914T204321Z,True
tdb_qwen35-2b_tp1_graph_mtp-off_w2a_20260914T204321Z_0,qwen35-2b,1,graph,off,w2a,0,0,2,25172313.3,Step:Schedule,4004,4004,4004,4005,6286.792,schedule: update_after_schedule,4004,1.0,7.178,7.07,7.58,8.12,6.33,43.29,28741.2,0.114,89631841.0,20260914T204321Z,True
tdb_qwen35-2b_tp1_graph_mtp-off_w2a_20260914T204321Z_0,qwen35-2b,1,graph,off,w2a,0,0,3,25166510.1,Step:Schedule,3978,3978,3978,3979,6326.423,Step:Output,3979,1.0003,38.186,37.97,39.632,47.442,34.88,63.48,151941.5,0.604,133508970.0,20260914T204321Z,True
tdb_qwen35-2b_tp1_graph_mtp-off_w2a_20260914T204321Z_0,qwen35-2b,1,graph,off,w2a,0,0,3,25166510.1,Step:Schedule,3978,3978,3978,3979,6326.423,Step:Schedule,3978,1.0,324.017,252.265,463.06,483.353,224.48,553.22,1288940.2,5.122,133508970.0,20260914T204321Z,True
tdb_qwen35-2b_tp1_graph_mtp-off_w2a_20260914T204321Z_0,qwen35-2b,1,graph,off,w2a,0,0,3,25166510.1,Step:Schedule,3978,3978,3978,3979,6326.423,async_state_update,3979,1.0003,52.602,45.58,50.1,202.426,42.61,256.4,209303.5,0.831,133508970.0,20260914T204321Z,True
tdb_qwen35-2b_tp1_graph_mtp-off_w2a_20260914T204321Z_0,qwen35-2b,1,graph,off,w2a,0,0,3,25166510.1,Step:Schedule,3978,3978,3978,3979,6326.423,draft_token,3979,1.0003,2.437,2.41,2.63,2.91,1.99,16.86,9695.8,0.039,133508970.0,20260914T204321Z,True
tdb_qwen35-2b_tp1_graph_mtp-off_w2a_20260914T204321Z_0,qwen35-2b,1,graph,off,w2a,0,0,3,25166510.1,Step:Schedule,3978,3978,3978,3979,6326.423,forward,3979,1.0003,1052.052,1054.34,1086.708,1118.71,851.45,3115.08,4186116.0,16.629,133508970.0,20260914T204321Z,True
tdb_qwen35-2b_tp1_graph_mtp-off_w2a_20260914T204321Z_0,qwen35-2b,1,graph,off,w2a,0,0,3,25166510.1,Step:Schedule,3978,3978,3978,3979,6326.423,post process,3979,1.0003,142.96,117.27,302.548,346.257,108.2,383.32,568836.9,2.26,133508970.0,20260914T204321Z,True
tdb_qwen35-2b_tp1_graph_mtp-off_w2a_20260914T204321Z_0,qwen35-2b,1,graph,off,w2a,0,0,3,25166510.1,Step:Schedule,3978,3978,3978,3979,6326.423,prepare input,3978,1.0,3503.816,3453.995,3748.792,3808.43,3300.87,4962.23,13938181.6,55.384,133508970.0,20260914T204321Z,True
tdb_qwen35-2b_tp1_graph_mtp-off_w2a_20260914T204321Z_0,qwen35-2b,1,graph,off,w2a,0,0,3,25166510.1,Step:Schedule,3978,3978,3978,3979,6326.423,sample_token,3979,1.0003,164.273,112.96,318.844,338.803,103.11,405.98,653642.1,2.597,133508970.0,20260914T204321Z,True
tdb_qwen35-2b_tp1_graph_mtp-off_w2a_20260914T204321Z_0,qwen35-2b,1,graph,off,w2a,0,0,3,25166510.1,Step:Schedule,3978,3978,3978,3979,6326.423,schedule: allocate_slots,3978,1.0,39.27,38.89,40.753,47.684,36.91,64.65,156214.8,0.621,133508970.0,20260914T204321Z,True
tdb_qwen35-2b_tp1_graph_mtp-off_w2a_20260914T204321Z_0,qwen35-2b,1,graph,off,w2a,0,0,3,25166510.1,Step:Schedule,3978,3978,3978,3979,6326.423,schedule: get_num_common_prefix_blocks,3978,1.0,2.274,2.25,2.43,2.83,1.89,12.0,9047.9,0.036,133508970.0,20260914T204321Z,True
tdb_qwen35-2b_tp1_graph_mtp-off_w2a_20260914T204321Z_0,qwen35-2b,1,graph,off,w2a,0,0,3,25166510.1,Step:Schedule,3978,3978,3978,3979,6326.423,schedule: make_cached_request_data,3978,1.0,10.656,10.55,11.29,12.472,9.57,23.76,42390.9,0.168,133508970.0,20260914T204321Z,True
tdb_qwen35-2b_tp1_graph_mtp-off_w2a_20260914T204321Z_0,qwen35-2b,1,graph,off,w2a,0,0,3,25166510.1,Step:Schedule,3978,3978,3978,3979,6326.423,schedule: update_after_schedule,3978,1.0,7.19,7.09,7.59,8.642,6.38,26.39,28600.8,0.114,133508970.0,20260914T204321Z,True
tdb_qwen35-2b_tp1_graph_mtp-off_w2a_20260914T204321Z_0,qwen35-2b,1,graph,off,w2a,0,0,4,25156822.1,Step:Schedule,3916,3916,3916,3917,6424.112,Step:Output,3917,1.0003,40.91,40.16,44.27,49.692,36.92,62.84,160242.9,0.637,177580315.0,20260914T204321Z,True
tdb_qwen35-2b_tp1_graph_mtp-off_w2a_20260914T204321Z_0,qwen35-2b,1,graph,off,w2a,0,0,4,25156822.1,Step:Schedule,3916,3916,3916,3917,6424.112,Step:Schedule,3916,1.0,350.659,293.735,468.105,487.857,231.98,582.22,1373182.4,5.458,177580315.0,20260914T204321Z,True
tdb_qwen35-2b_tp1_graph_mtp-off_w2a_20260914T204321Z_0,qwen35-2b,1,graph,off,w2a,0,0,4,25156822.1,Step:Schedule,3916,3916,3916,3917,6424.112,async_state_update,3917,1.0003,51.56,46.66,54.164,196.7,44.44,267.82,201961.4,0.803,177580315.0,20260914T204321Z,True
tdb_qwen35-2b_tp1_graph_mtp-off_w2a_20260914T204321Z_0,qwen35-2b,1,graph,off,w2a,0,0,4,25156822.1,Step:Schedule,3916,3916,3916,3917,6424.112,draft_token,3917,1.0003,2.506,2.5,2.7,2.878,1.98,14.5,9815.9,0.039,177580315.0,20260914T204321Z,True
tdb_qwen35-2b_tp1_graph_mtp-off_w2a_20260914T204321Z_0,qwen35-2b,1,graph,off,w2a,0,0,4,25156822.1,Step:Schedule,3916,3916,3916,3917,6424.112,forward,3917,1.0003,1059.808,1059.01,1115.884,1171.074,865.29,5662.63,4151269.6,16.497,177580315.0,20260914T204321Z,True
tdb_qwen35-2b_tp1_graph_mtp-off_w2a_20260914T204321Z_0,qwen35-2b,1,graph,off,w2a,0,0,4,25156822.1,Step:Schedule,3916,3916,3916,3917,6424.112,post process,3917,1.0003,139.303,119.04,186.874,320.198,112.24,401.5,545649.4,2.168,177580315.0,20260914T204321Z,True
tdb_qwen35-2b_tp1_graph_mtp-off_w2a_20260914T204321Z_0,qwen35-2b,1,graph,off,w2a,0,0,4,25156822.1,Step:Schedule,3916,3916,3916,3917,6424.112,prepare input,3916,1.0,3539.191,3464.265,3839.28,3883.178,3376.12,5098.79,13859470.1,55.092,177580315.0,20260914T204321Z,True
tdb_qwen35-2b_tp1_graph_mtp-off_w2a_20260914T204321Z_0,qwen35-2b,1,graph,off,w2a,0,0,4,25156822.1,Step:Schedule,3916,3916,3916,3917,6424.112,sample_token,3917,1.0003,168.582,119.69,328.7,345.051,107.77,394.61,660334.8,2.624,177580315.0,20260914T204321Z,True
tdb_qwen35-2b_tp1_graph_mtp-off_w2a_20260914T204321Z_0,qwen35-2b,1,graph,off,w2a,0,0,4,25156822.1,Step:Schedule,3916,3916,3916,3917,6424.112,schedule: allocate_slots,3916,1.0,39.856,39.49,41.32,49.076,37.06,69.72,156075.7,0.62,177580315.0,20260914T204321Z,True
tdb_qwen35-2b_tp1_graph_mtp-off_w2a_20260914T204321Z_0,qwen35-2b,1,graph,off,w2a,0,0,4,25156822.1,Step:Schedule,3916,3916,3916,3917,6424.112,schedule: get_num_common_prefix_blocks,3916,1.0,2.291,2.26,2.46,2.64,1.95,17.01,8972.7,0.036,177580315.0,20260914T204321Z,True
tdb_qwen35-2b_tp1_graph_mtp-off_w2a_20260914T204321Z_0,qwen35-2b,1,graph,off,w2a,0,0,4,25156822.1,Step:Schedule,3916,3916,3916,3917,6424.112,schedule: make_cached_request_data,3916,1.0,10.97,10.81,11.72,12.414,9.68,38.65,42958.2,0.171,177580315.0,20260914T204321Z,True
tdb_qwen35-2b_tp1_graph_mtp-off_w2a_20260914T204321Z_0,qwen35-2b,1,graph,off,w2a,0,0,4,25156822.1,Step:Schedule,3916,3916,3916,3917,6424.112,schedule: update_after_schedule,3916,1.0,7.476,7.41,7.88,8.29,6.77,21.5,29276.6,0.116,177580315.0,20260914T204321Z,True
tdb_qwen35-2b_tp1_graph_mtp-on_e1b_20260915T020833Z_1,qwen35-2b,1,graph,on,e1b,0,1,0,25182023.6,prepare input,2346,0,2346,2347,10734.025,async_state_update,2347,1.0004,182.861,182.03,186.278,199.557,174.91,221.28,429175.6,1.704,779.0,20260915T020833Z,True
tdb_qwen35-2b_tp1_graph_mtp-on_e1b_20260915T020833Z_1,qwen35-2b,1,graph,on,e1b,0,1,0,25182023.6,prepare input,2346,0,2346,2347,10734.025,draft_token,2347,1.0004,1961.61,1954.32,1987.04,2103.515,1901.03,5447.46,4603898.7,18.275,779.0,20260915T020833Z,True
tdb_qwen35-2b_tp1_graph_mtp-on_e1b_20260915T020833Z_1,qwen35-2b,1,graph,on,e1b,0,1,0,25182023.6,prepare input,2346,0,2346,2347,10734.025,forward,2347,1.0004,946.598,939.6,978.126,1052.857,901.24,1484.22,2221665.5,8.819,779.0,20260915T020833Z,True
tdb_qwen35-2b_tp1_graph_mtp-on_e1b_20260915T020833Z_1,qwen35-2b,1,graph,on,e1b,0,1,0,25182023.6,prepare input,2346,0,2346,2347,10734.025,model: mtp: propose,2347,1.0004,1096.014,1090.62,1114.308,1173.67,1058.4,3607.81,2572344.8,10.211,779.0,20260915T020833Z,True
tdb_qwen35-2b_tp1_graph_mtp-on_e1b_20260915T020833Z_1,qwen35-2b,1,graph,on,e1b,0,1,0,25182023.6,prepare input,2346,0,2346,2347,10734.025,post process,2347,1.0004,117.12,115.87,120.19,131.271,109.95,982.79,274880.9,1.091,779.0,20260915T020833Z,True
tdb_qwen35-2b_tp1_graph_mtp-on_e1b_20260915T020833Z_1,qwen35-2b,1,graph,on,e1b,0,1,0,25182023.6,prepare input,2346,0,2346,2347,10734.025,prepare input,2346,1.0,6254.191,6255.135,6332.0,6412.467,5466.75,9536.62,14672332.3,58.265,779.0,20260915T020833Z,True
tdb_qwen35-2b_tp1_graph_mtp-on_e1b_20260915T020833Z_1,qwen35-2b,1,graph,on,e1b,0,1,0,25182023.6,prepare input,2346,0,2346,2347,10734.025,sample_token,2347,1.0004,482.084,478.48,495.418,522.746,468.0,574.24,1131450.9,4.491,779.0,20260915T020833Z,True
tdb_qwen35-2b_tp1_graph_mtp-on_e1b_20260915T020833Z_1,qwen35-2b,1,graph,on,e1b,0,1,1,25115547.2,prepare input,2339,0,2339,2340,10737.729,async_state_update,2340,1.0004,183.073,182.58,185.351,200.951,174.78,263.34,428391.7,1.705,38602015.0,20260915T020833Z,True
tdb_qwen35-2b_tp1_graph_mtp-on_e1b_20260915T020833Z_1,qwen35-2b,1,graph,on,e1b,0,1,1,25115547.2,prepare input,2339,0,2339,2340,10737.729,draft_token,2340,1.0004,1959.981,1958.825,1981.052,1998.531,1918.38,2305.34,4586356.6,18.253,38602015.0,20260915T020833Z,True
tdb_qwen35-2b_tp1_graph_mtp-on_e1b_20260915T020833Z_1,qwen35-2b,1,graph,on,e1b,0,1,1,25115547.2,prepare input,2339,0,2339,2340,10737.729,forward,2340,1.0004,874.238,870.77,888.555,933.254,844.25,972.95,2045716.1,8.142,38602015.0,20260915T020833Z,True
tdb_qwen35-2b_tp1_graph_mtp-on_e1b_20260915T020833Z_1,qwen35-2b,1,graph,on,e1b,0,1,1,25115547.2,prepare input,2339,0,2339,2340,10737.729,model: mtp: propose,2340,1.0004,1094.079,1091.35,1110.632,1122.597,1064.63,1300.51,2560143.8,10.189,38602015.0,20260915T020833Z,True
tdb_qwen35-2b_tp1_graph_mtp-on_e1b_20260915T020833Z_1,qwen35-2b,1,graph,on,e1b,0,1,1,25115547.2,prepare input,2339,0,2339,2340,10737.729,post process,2340,1.0004,114.737,114.62,116.4,129.28,109.02,139.04,268484.1,1.069,38602015.0,20260915T020833Z,True
tdb_qwen35-2b_tp1_graph_mtp-on_e1b_20260915T020833Z_1,qwen35-2b,1,graph,on,e1b,0,1,1,25115547.2,prepare input,2339,0,2339,2340,10737.729,prepare input,2339,1.0,6343.633,6338.69,6411.046,6454.382,5997.41,10508.17,14837758.7,59.078,38602015.0,20260915T020833Z,True
tdb_qwen35-2b_tp1_graph_mtp-on_e1b_20260915T020833Z_1,qwen35-2b,1,graph,on,e1b,0,1,1,25115547.2,prepare input,2339,0,2339,2340,10737.729,sample_token,2340,1.0004,479.585,477.61,490.862,501.783,464.86,534.79,1122229.4,4.466,38602015.0,20260915T020833Z,True
tdb_qwen35-2b_tp1_graph_mtp-on_e1b_20260915T020833Z_1,qwen35-2b,1,graph,on,e1b,0,1,2,25111341.2,prepare input,2341,0,2341,2342,10726.758,async_state_update,2342,1.0004,182.302,181.795,184.819,199.127,175.57,232.75,426950.7,1.7,77293235.0,20260915T020833Z,True
tdb_qwen35-2b_tp1_graph_mtp-on_e1b_20260915T020833Z_1,qwen35-2b,1,graph,on,e1b,0,1,2,25111341.2,prepare input,2341,0,2341,2342,10726.758,draft_token,2342,1.0004,1951.274,1950.615,1973.459,1992.442,1908.14,2150.44,4569882.8,18.191,77293235.0,20260915T020833Z,True
tdb_qwen35-2b_tp1_graph_mtp-on_e1b_20260915T020833Z_1,qwen35-2b,1,graph,on,e1b,0,1,2,25111341.2,prepare input,2341,0,2341,2342,10726.758,forward,2342,1.0004,868.532,865.485,883.233,931.9,846.02,988.55,2034103.0,8.097,77293235.0,20260915T020833Z,True
tdb_qwen35-2b_tp1_graph_mtp-on_e1b_20260915T020833Z_1,qwen35-2b,1,graph,on,e1b,0,1,2,25111341.2,prepare input,2341,0,2341,2342,10726.758,model: mtp: propose,2342,1.0004,1086.97,1084.845,1103.064,1117.944,1061.19,1253.68,2545683.9,10.133,77293235.0,20260915T020833Z,True
tdb_qwen35-2b_tp1_graph_mtp-on_e1b_20260915T020833Z_1,qwen35-2b,1,graph,on,e1b,0,1,2,25111341.2,prepare input,2341,0,2341,2342,10726.758,post process,2342,1.0004,114.933,114.41,116.788,130.643,109.52,135.33,269173.8,1.071,77293235.0,20260915T020833Z,True
tdb_qwen35-2b_tp1_graph_mtp-on_e1b_20260915T020833Z_1,qwen35-2b,1,graph,on,e1b,0,1,2,25111341.2,prepare input,2341,0,2341,2342,10726.758,prepare input,2341,1.0,6342.139,6338.54,6408.97,6449.912,5899.57,7747.11,14846946.6,59.124,77293235.0,20260915T020833Z,True
tdb_qwen35-2b_tp1_graph_mtp-on_e1b_20260915T020833Z_1,qwen35-2b,1,graph,on,e1b,0,1,2,25111341.2,prepare input,2341,0,2341,2342,10726.758,sample_token,2342,1.0004,480.192,477.165,490.291,505.265,462.14,756.39,1124608.8,4.477,77293235.0,20260915T020833Z,True
tdb_qwen35-2b_tp1_graph_mtp-on_e1b_20260915T020833Z_1,qwen35-2b,1,graph,on,e1b,0,1,3,25110737.9,prepare input,2337,0,2337,2338,10744.86,async_state_update,2338,1.0004,182.72,182.265,185.919,199.209,174.32,215.84,427199.6,1.701,115959653.0,20260915T020833Z,True
tdb_qwen35-2b_tp1_graph_mtp-on_e1b_20260915T020833Z_1,qwen35-2b,1,graph,on,e1b,0,1,3,25110737.9,prepare input,2337,0,2337,2338,10744.86,draft_token,2338,1.0004,1952.784,1952.96,1980.485,2003.995,1885.97,2120.84,4565608.4,18.174,115959653.0,20260915T020833Z,True
tdb_qwen35-2b_tp1_graph_mtp-on_e1b_20260915T020833Z_1,qwen35-2b,1,graph,on,e1b,0,1,3,25110737.9,prepare input,2337,0,2337,2338,10744.86,forward,2338,1.0004,870.857,868.335,887.16,939.057,839.85,1090.53,2036062.5,8.105,115959653.0,20260915T020833Z,True
tdb_qwen35-2b_tp1_graph_mtp-on_e1b_20260915T020833Z_1,qwen35-2b,1,graph,on,e1b,0,1,3,25110737.9,prepare input,2337,0,2337,2338,10744.86,model: mtp: propose,2338,1.0004,1090.288,1089.11,1109.116,1125.763,1047.39,1207.22,2549092.8,10.147,115959653.0,20260915T020833Z,True
tdb_qwen35-2b_tp1_graph_mtp-on_e1b_20260915T020833Z_1,qwen35-2b,1,graph,on,e1b,0,1,3,25110737.9,prepare input,2337,0,2337,2338,10744.86,post process,2338,1.0004,115.801,115.09,118.203,130.994,110.37,555.13,270742.8,1.078,115959653.0,20260915T020833Z,True
tdb_qwen35-2b_tp1_graph_mtp-on_e1b_20260915T020833Z_1,qwen35-2b,1,graph,on,e1b,0,1,3,25110737.9,prepare input,2337,0,2337,2338,10744.86,prepare input,2337,1.0,6350.279,6342.78,6409.794,6453.721,5642.77,10433.16,14840602.6,59.101,115959653.0,20260915T020833Z,True
tdb_qwen35-2b_tp1_graph_mtp-on_e1b_20260915T020833Z_1,qwen35-2b,1,graph,on,e1b,0,1,3,25110737.9,prepare input,2337,0,2337,2338,10744.86,sample_token,2338,1.0004,487.832,485.9,497.838,511.28,473.64,840.77,1140551.5,4.54,115959653.0,20260915T020833Z,True
tdb_qwen35-2b_tp1_graph_mtp-on_e1b_20260915T020833Z_1,qwen35-2b,1,graph,on,e1b,0,1,4,25111940.1,prepare input,2337,0,2337,2338,10745.374,async_state_update,2338,1.0004,180.83,180.32,183.553,197.813,173.79,232.72,422780.2,1.683,154684980.0,20260915T020833Z,True
tdb_qwen35-2b_tp1_graph_mtp-on_e1b_20260915T020833Z_1,qwen35-2b,1,graph,on,e1b,0,1,4,25111940.1,prepare input,2337,0,2337,2338,10745.374,draft_token,2338,1.0004,1942.916,1942.35,1963.446,1987.533,1897.09,2033.63,4542538.5,18.081,154684980.0,20260915T020833Z,True
tdb_qwen35-2b_tp1_graph_mtp-on_e1b_20260915T020833Z_1,qwen35-2b,1,graph,on,e1b,0,1,4,25111940.1,prepare input,2337,0,2337,2338,10745.374,forward,2338,1.0004,858.71,854.445,874.419,931.729,833.93,964.85,2007664.9,7.991,154684980.0,20260915T020833Z,True
tdb_qwen35-2b_tp1_graph_mtp-on_e1b_20260915T020833Z_1,qwen35-2b,1,graph,on,e1b,0,1,4,25111940.1,prepare input,2337,0,2337,2338,10745.374,model: mtp: propose,2338,1.0004,1083.002,1080.285,1099.023,1112.044,1056.54,1144.64,2532059.0,10.079,154684980.0,20260915T020833Z,True
tdb_qwen35-2b_tp1_graph_mtp-on_e1b_20260915T020833Z_1,qwen35-2b,1,graph,on,e1b,0,1,4,25111940.1,prepare input,2337,0,2337,2338,10745.374,post process,2338,1.0004,112.337,111.515,115.563,128.903,106.68,136.91,262645.0,1.045,154684980.0,20260915T020833Z,True
tdb_qwen35-2b_tp1_graph_mtp-on_e1b_20260915T020833Z_1,qwen35-2b,1,graph,on,e1b,0,1,4,25111940.1,prepare input,2337,0,2337,2338,10745.374,prepare input,2337,1.0,6386.903,6385.78,6445.016,6485.558,6160.24,9405.31,14926192.2,59.439,154684980.0,20260915T020833Z,True
tdb_qwen35-2b_tp1_graph_mtp-on_e1b_20260915T020833Z_1,qwen35-2b,1,graph,on,e1b,0,1,4,25111940.1,prepare input,2337,0,2337,2338,10745.374,sample_token,2338,1.0004,487.456,485.56,497.861,513.526,472.14,569.1,1139671.4,4.536,154684980.0,20260915T020833Z,True
tdb_qwen35-2b_tp1_graph_mtp-on_m1b_20260914T233006Z_1,qwen35-2b,1,graph,on,m1b,0,1,0,25190765.3,prepare input,2334,0,2334,2335,10792.959,async_state_update,2335,1.0004,180.702,179.28,184.52,199.88,171.47,1022.85,421938.9,1.674,980.0,20260914T233006Z,True
tdb_qwen35-2b_tp1_graph_mtp-on_m1b_20260914T233006Z_1,qwen35-2b,1,graph,on,m1b,0,1,0,25190765.3,prepare input,2334,0,2334,2335,10792.959,draft_token,2335,1.0004,1922.702,1911.9,1970.5,2067.02,1856.32,5187.69,4489509.5,17.814,980.0,20260914T233006Z,True
tdb_qwen35-2b_tp1_graph_mtp-on_m1b_20260914T233006Z_1,qwen35-2b,1,graph,on,m1b,0,1,0,25190765.3,prepare input,2334,0,2334,2335,10792.959,forward,2335,1.0004,938.028,928.21,978.17,1093.766,872.86,1530.22,2190295.6,8.691,980.0,20260914T233006Z,True
tdb_qwen35-2b_tp1_graph_mtp-on_m1b_20260914T233006Z_1,qwen35-2b,1,graph,on,m1b,0,1,0,25190765.3,prepare input,2334,0,2334,2335,10792.959,model: mtp: propose,2335,1.0004,1079.217,1071.0,1107.424,1179.983,1039.1,4310.92,2519972.1,9.999,980.0,20260914T233006Z,True
tdb_qwen35-2b_tp1_graph_mtp-on_m1b_20260914T233006Z_1,qwen35-2b,1,graph,on,m1b,0,1,0,25190765.3,prepare input,2334,0,2334,2335,10792.959,post process,2335,1.0004,113.782,112.88,117.812,128.459,106.77,149.37,265680.9,1.054,980.0,20260914T233006Z,True
tdb_qwen35-2b_tp1_graph_mtp-on_m1b_20260914T233006Z_1,qwen35-2b,1,graph,on,m1b,0,1,0,25190765.3,prepare input,2334,0,2334,2335,10792.959,prepare input,2334,1.0,6383.036,6351.845,6585.277,6782.43,5572.03,9586.46,14898006.4,59.141,980.0,20260914T233006Z,True
tdb_qwen35-2b_tp1_graph_mtp-on_m1b_20260914T233006Z_1,qwen35-2b,1,graph,on,m1b,0,1,0,25190765.3,prepare input,2334,0,2334,2335,10792.959,sample_token,2335,1.0004,476.817,467.88,498.826,533.238,453.01,3130.74,1113367.7,4.418,980.0,20260914T233006Z,True
tdb_qwen35-2b_tp1_graph_mtp-on_m1b_20260914T233006Z_1,qwen35-2b,1,graph,on,m1b,0,1,1,25122262.0,prepare input,2304,0,2304,2305,10903.76,async_state_update,2305,1.0004,189.165,189.43,195.126,207.133,172.22,227.52,436026.1,1.735,38750118.0,20260914T233006Z,True
tdb_qwen35-2b_tp1_graph_mtp-on_m1b_20260914T233006Z_1,qwen35-2b,1,graph,on,m1b,0,1,1,25122262.0,prepare input,2304,0,2304,2305,10903.76,draft_token,2305,1.0004,1999.382,2006.68,2046.852,2080.674,1839.2,4852.65,4608575.3,18.337,38750118.0,20260914T233006Z,True
tdb_qwen35-2b_tp1_graph_mtp-on_m1b_20260914T233006Z_1,qwen35-2b,1,graph,on,m1b,0,1,1,25122262.0,prepare input,2304,0,2304,2305,10903.76,forward,2305,1.0004,895.97,899.49,919.608,947.6,832.56,1218.57,2065209.9,8.217,38750118.0,20260914T233006Z,True
tdb_qwen35-2b_tp1_graph_mtp-on_m1b_20260914T233006Z_1,qwen35-2b,1,graph,on,m1b,0,1,1,25122262.0,prepare input,2304,0,2304,2305,10903.76,model: mtp: propose,2305,1.0004,1121.232,1123.92,1148.762,1168.606,1029.44,3941.57,2584439.9,10.283,38750118.0,20260914T233006Z,True
tdb_qwen35-2b_tp1_graph_mtp-on_m1b_20260914T233006Z_1,qwen35-2b,1,graph,on,m1b,0,1,1,25122262.0,prepare input,2304,0,2304,2305,10903.76,post process,2305,1.0004,119.734,119.44,123.69,135.198,109.04,186.97,275986.0,1.098,38750118.0,20260914T233006Z,True
tdb_qwen35-2b_tp1_graph_mtp-on_m1b_20260914T233006Z_1,qwen35-2b,1,graph,on,m1b,0,1,1,25122262.0,prepare input,2304,0,2304,2305,10903.76,prepare input,2304,1.0,6406.637,6401.235,6466.774,6509.728,5812.41,9923.33,14760891.4,58.756,38750118.0,20260914T233006Z,True
tdb_qwen35-2b_tp1_graph_mtp-on_m1b_20260914T233006Z_1,qwen35-2b,1,graph,on,m1b,0,1,1,25122262.0,prepare input,2304,0,2304,2305,10903.76,sample_token,2305,1.0004,494.653,494.69,506.766,521.211,453.2,1707.41,1140174.1,4.537,38750118.0,20260914T233006Z,True
tdb_qwen35-2b_tp1_graph_mtp-on_m1b_20260914T233006Z_1,qwen35-2b,1,graph,on,m1b,0,1,2,25118193.5,prepare input,2328,0,2328,2329,10789.602,async_state_update,2329,1.0004,182.501,180.69,192.408,200.712,171.28,218.82,425044.7,1.691,77933620.0,20260914T233006Z,True
tdb_qwen35-2b_tp1_graph_mtp-on_m1b_20260914T233006Z_1,qwen35-2b,1,graph,on,m1b,0,1,2,25118193.5,prepare input,2328,0,2328,2329,10789.602,draft_token,2329,1.0004,1935.462,1924.69,2012.988,2050.61,1845.49,4790.63,4507689.9,17.938,77933620.0,20260914T233006Z,True
tdb_qwen35-2b_tp1_graph_mtp-on_m1b_20260914T233006Z_1,qwen35-2b,1,graph,on,m1b,0,1,2,25118193.5,prepare input,2328,0,2328,2329,10789.602,forward,2329,1.0004,862.25,856.68,902.056,922.228,814.23,1113.32,2008180.9,7.991,77933620.0,20260914T233006Z,True
tdb_qwen35-2b_tp1_graph_mtp-on_m1b_20260914T233006Z_1,qwen35-2b,1,graph,on,m1b,0,1,2,25118193.5,prepare input,2328,0,2328,2329,10789.602,model: mtp: propose,2329,1.0004,1082.496,1075.99,1123.842,1150.954,1022.73,3866.67,2521132.6,10.033,77933620.0,20260914T233006Z,True
tdb_qwen35-2b_tp1_graph_mtp-on_m1b_20260914T233006Z_1,qwen35-2b,1,graph,on,m1b,0,1,2,25118193.5,prepare input,2328,0,2328,2329,10789.602,post process,2329,1.0004,114.955,113.72,121.442,127.984,107.64,142.62,267730.2,1.065,77933620.0,20260914T233006Z,True
tdb_qwen35-2b_tp1_graph_mtp-on_m1b_20260914T233006Z_1,qwen35-2b,1,graph,on,m1b,0,1,2,25118193.5,prepare input,2328,0,2328,2329,10789.602,prepare input,2328,1.0,6426.294,6421.14,6487.314,6561.697,5738.27,6828.06,14960411.6,59.56,77933620.0,20260914T233006Z,True
tdb_qwen35-2b_tp1_graph_mtp-on_m1b_20260914T233006Z_1,qwen35-2b,1,graph,on,m1b,0,1,2,25118193.5,prepare input,2328,0,2328,2329,10789.602,sample_token,2329,1.0004,480.691,476.12,495.878,510.722,452.01,4093.35,1119530.1,4.455,77933620.0,20260914T233006Z,True
tdb_qwen35-2b_tp1_graph_mtp-on_m1b_20260914T233006Z_1,qwen35-2b,1,graph,on,m1b,0,1,3,25113349.8,prepare input,2332,0,2332,2333,10769.018,async_state_update,2333,1.0004,179.086,178.37,183.32,196.453,170.89,261.76,417807.8,1.663,116825505.0,20260914T233006Z,True
tdb_qwen35-2b_tp1_graph_mtp-on_m1b_20260914T233006Z_1,qwen35-2b,1,graph,on,m1b,0,1,3,25113349.8,prepare input,2332,0,2332,2333,10769.018,draft_token,2333,1.0004,1898.352,1888.82,1946.516,1990.532,1830.39,2478.52,4428855.8,17.628,116825505.0,20260914T233006Z,True
tdb_qwen35-2b_tp1_graph_mtp-on_m1b_20260914T233006Z_1,qwen35-2b,1,graph,on,m1b,0,1,3,25113349.8,prepare input,2332,0,2332,2333,10769.018,forward,2333,1.0004,851.873,848.42,869.758,902.269,824.48,1032.39,1987418.7,7.91,116825505.0,20260914T233006Z,True
tdb_qwen35-2b_tp1_graph_mtp-on_m1b_20260914T233006Z_1,qwen35-2b,1,graph,on,m1b,0,1,3,25113349.8,prepare input,2332,0,2332,2333,10769.018,model: mtp: propose,2333,1.0004,1060.934,1057.81,1084.052,1112.459,1023.59,1332.46,2475158.5,9.852,116825505.0,20260914T233006Z,True
tdb_qwen35-2b_tp1_graph_mtp-on_m1b_20260914T233006Z_1,qwen35-2b,1,graph,on,m1b,0,1,3,25113349.8,prepare input,2332,0,2332,2333,10769.018,post process,2333,1.0004,113.307,112.63,117.778,130.374,106.43,155.57,264345.9,1.052,116825505.0,20260914T233006Z,True
tdb_qwen35-2b_tp1_graph_mtp-on_m1b_20260914T233006Z_1,qwen35-2b,1,graph,on,m1b,0,1,3,25113349.8,prepare input,2332,0,2332,2333,10769.018,prepare input,2332,1.0,6484.512,6486.65,6572.174,6765.35,5845.01,9926.77,15121881.5,60.215,116825505.0,20260914T233006Z,True
tdb_qwen35-2b_tp1_graph_mtp-on_m1b_20260914T233006Z_1,qwen35-2b,1,graph,on,m1b,0,1,3,25113349.8,prepare input,2332,0,2332,2333,10769.018,sample_token,2333,1.0004,475.866,469.42,492.7,545.678,453.88,644.59,1110195.5,4.419,116825505.0,20260914T233006Z,True
tdb_qwen35-2b_tp1_graph_mtp-on_m1b_20260914T233006Z_1,qwen35-2b,1,graph,on,m1b,0,1,4,25116962.7,prepare input,2318,0,2318,2319,10835.618,async_state_update,2319,1.0004,184.572,182.38,193.09,206.043,171.16,827.31,428022.4,1.703,155504053.0,20260914T233006Z,True
tdb_qwen35-2b_tp1_graph_mtp-on_m1b_20260914T233006Z_1,qwen35-2b,1,graph,on,m1b,0,1,4,25116962.7,prepare input,2318,0,2318,2319,10835.618,draft_token,2319,1.0004,1945.726,1935.75,2019.102,2058.867,1833.35,2591.9,4512139.5,17.957,155504053.0,20260914T233006Z,True
tdb_qwen35-2b_tp1_graph_mtp-on_m1b_20260914T233006Z_1,qwen35-2b,1,graph,on,m1b,0,1,4,25116962.7,prepare input,2318,0,2318,2319,10835.618,forward,2319,1.0004,874.509,875.25,903.902,934.563,812.22,1391.37,2027986.8,8.071,155504053.0,20260914T233006Z,True
tdb_qwen35-2b_tp1_graph_mtp-on_m1b_20260914T233006Z_1,qwen35-2b,1,graph,on,m1b,0,1,4,25116962.7,prepare input,2318,0,2318,2319,10835.618,model: mtp: propose,2319,1.0004,1089.653,1085.93,1128.132,1154.506,1025.91,1444.78,2526905.4,10.056,155504053.0,20260914T233006Z,True
tdb_qwen35-2b_tp1_graph_mtp-on_m1b_20260914T233006Z_1,qwen35-2b,1,graph,on,m1b,0,1,4,25116962.7,prepare input,2318,0,2318,2319,10835.618,post process,2319,1.0004,115.788,115.16,121.412,132.256,107.07,160.3,268512.5,1.069,155504053.0,20260914T233006Z,True
tdb_qwen35-2b_tp1_graph_mtp-on_m1b_20260914T233006Z_1,qwen35-2b,1,graph,on,m1b,0,1,4,25116962.7,prepare input,2318,0,2318,2319,10835.618,prepare input,2318,1.0,6452.8,6430.82,6514.108,6783.677,5850.0,10056.1,14957591.3,59.552,155504053.0,20260914T233006Z,True
tdb_qwen35-2b_tp1_graph_mtp-on_m1b_20260914T233006Z_1,qwen35-2b,1,graph,on,m1b,0,1,4,25116962.7,prepare input,2318,0,2318,2319,10835.618,sample_token,2319,1.0004,479.857,477.1,497.77,523.838,452.91,648.44,1112787.4,4.429,155504053.0,20260914T233006Z,True
tdb_qwen35-2b_tp1_graph_mtp-on_w2a_20260914T204321Z_1,qwen35-2b,1,graph,on,w2a,0,1,0,25200365.7,Step:Schedule,1940,1940,1940,1941,12989.879,Step:Output,1941,1.0005,52.36,51.9,53.98,63.226,49.57,79.35,101630.9,0.403,606.0,20260914T204321Z,True
tdb_qwen35-2b_tp1_graph_mtp-on_w2a_20260914T204321Z_1,qwen35-2b,1,graph,on,w2a,0,1,0,25200365.7,Step:Schedule,1940,1940,1940,1941,12989.879,Step:Schedule,1940,1.0,344.892,275.295,483.601,507.028,218.06,549.45,669090.7,2.655,606.0,20260914T204321Z,True
tdb_qwen35-2b_tp1_graph_mtp-on_w2a_20260914T204321Z_1,qwen35-2b,1,graph,on,w2a,0,1,0,25200365.7,Step:Schedule,1940,1940,1940,1941,12989.879,async_state_update,1941,1.0005,257.876,190.45,387.06,403.312,174.74,433.87,500537.5,1.985,606.0,20260914T204321Z,True
tdb_qwen35-2b_tp1_graph_mtp-on_w2a_20260914T204321Z_1,qwen35-2b,1,graph,on,w2a,0,1,0,25200365.7,Step:Schedule,1940,1940,1940,1941,12989.879,draft_token,1941,1.0005,2464.071,2422.53,2615.81,2743.882,2296.69,9048.86,4782761.2,18.969,606.0,20260914T204321Z,True
tdb_qwen35-2b_tp1_graph_mtp-on_w2a_20260914T204321Z_1,qwen35-2b,1,graph,on,w2a,0,1,0,25200365.7,Step:Schedule,1940,1940,1940,1941,12989.879,forward,1941,1.0005,1133.48,1134.99,1171.67,1243.23,1007.35,1615.86,2200084.5,8.726,606.0,20260914T204321Z,True
tdb_qwen35-2b_tp1_graph_mtp-on_w2a_20260914T204321Z_1,qwen35-2b,1,graph,on,w2a,0,1,0,25200365.7,Step:Schedule,1940,1940,1940,1941,12989.879,model: mtp: propose,1941,1.0005,1354.438,1332.12,1457.45,1593.176,1242.19,4720.42,2628963.6,10.427,606.0,20260914T204321Z,True
tdb_qwen35-2b_tp1_graph_mtp-on_w2a_20260914T204321Z_1,qwen35-2b,1,graph,on,w2a,0,1,0,25200365.7,Step:Schedule,1940,1940,1940,1941,12989.879,post process,1941,1.0005,124.559,118.65,126.62,307.648,111.97,338.45,241768.2,0.959,606.0,20260914T204321Z,True
tdb_qwen35-2b_tp1_graph_mtp-on_w2a_20260914T204321Z_1,qwen35-2b,1,graph,on,w2a,0,1,0,25200365.7,Step:Schedule,1940,1940,1940,1941,12989.879,prepare input,1940,1.0,6766.214,6721.21,6923.263,7220.882,6485.73,9084.29,13126455.6,52.088,606.0,20260914T204321Z,True
tdb_qwen35-2b_tp1_graph_mtp-on_w2a_20260914T204321Z_1,qwen35-2b,1,graph,on,w2a,0,1,0,25200365.7,Step:Schedule,1940,1940,1940,1941,12989.879,sample_token,1941,1.0005,609.137,642.22,662.94,684.836,409.79,810.53,1182334.6,4.689,606.0,20260914T204321Z,True
tdb_qwen35-2b_tp1_graph_mtp-on_w2a_20260914T204321Z_1,qwen35-2b,1,graph,on,w2a,0,1,0,25200365.7,Step:Schedule,1940,1940,1940,1941,12989.879,schedule: allocate_slots,1940,1.0,42.888,42.49,44.311,52.86,40.21,62.34,83203.5,0.33,606.0,20260914T204321Z,True
tdb_qwen35-2b_tp1_graph_mtp-on_w2a_20260914T204321Z_1,qwen35-2b,1,graph,on,w2a,0,1,0,25200365.7,Step:Schedule,1940,1940,1940,1941,12989.879,schedule: get_num_common_prefix_blocks,1940,1.0,2.389,2.36,2.55,2.75,1.97,21.01,4635.2,0.018,606.0,20260914T204321Z,True
tdb_qwen35-2b_tp1_graph_mtp-on_w2a_20260914T204321Z_1,qwen35-2b,1,graph,on,w2a,0,1,0,25200365.7,Step:Schedule,1940,1940,1940,1941,12989.879,schedule: make_cached_request_data,1940,1.0,11.523,11.37,12.23,13.282,10.49,30.2,22355.4,0.089,606.0,20260914T204321Z,True
tdb_qwen35-2b_tp1_graph_mtp-on_w2a_20260914T204321Z_1,qwen35-2b,1,graph,on,w2a,0,1,0,25200365.7,Step:Schedule,1940,1940,1940,1941,12989.879,schedule: update_after_schedule,1940,1.0,7.284,7.25,7.62,8.24,6.58,17.45,14131.0,0.056,606.0,20260914T204321Z,True
tdb_qwen35-2b_tp1_graph_mtp-on_w2a_20260914T204321Z_1,qwen35-2b,1,graph,on,w2a,0,1,1,25112633.2,Step:Schedule,1906,1906,1906,1907,13175.568,Step:Output,1907,1.0005,53.81,53.53,54.874,65.563,50.82,77.7,102616.0,0.408,43000852.0,20260914T204321Z,True
tdb_qwen35-2b_tp1_graph_mtp-on_w2a_20260914T204321Z_1,qwen35-2b,1,graph,on,w2a,0,1,1,25112633.2,Step:Schedule,1906,1906,1906,1907,13175.568,Step:Schedule,1906,1.0,361.407,338.735,480.315,498.152,247.46,534.13,688842.1,2.743,43000852.0,20260914T204321Z,True
tdb_qwen35-2b_tp1_graph_mtp-on_w2a_20260914T204321Z_1,qwen35-2b,1,graph,on,w2a,0,1,1,25112633.2,Step:Schedule,1906,1906,1906,1907,13175.568,async_state_update,1907,1.0005,216.773,193.59,368.77,404.13,184.91,415.09,413385.2,1.645,43000852.0,20260914T204321Z,True
tdb_qwen35-2b_tp1_graph_mtp-on_w2a_20260914T204321Z_1,qwen35-2b,1,graph,on,w2a,0,1,1,25112633.2,Step:Schedule,1906,1906,1906,1907,13175.568,draft_token,1907,1.0005,2563.06,2565.0,2698.304,2748.873,2380.85,3702.29,4887755.8,19.453,43000852.0,20260914T204321Z,True
tdb_qwen35-2b_tp1_graph_mtp-on_w2a_20260914T204321Z_1,qwen35-2b,1,graph,on,w2a,0,1,1,25112633.2,Step:Schedule,1906,1906,1906,1907,13175.568,forward,1907,1.0005,1090.498,1090.97,1118.04,1165.464,903.15,4824.64,2079579.5,8.277,43000852.0,20260914T204321Z,True
tdb_qwen35-2b_tp1_graph_mtp-on_w2a_20260914T204321Z_1,qwen35-2b,1,graph,on,w2a,0,1,1,25112633.2,Step:Schedule,1906,1906,1906,1907,13175.568,model: mtp: propose,1907,1.0005,1410.712,1378.76,1523.682,1585.798,1293.43,1996.42,2690227.7,10.707,43000852.0,20260914T204321Z,True
tdb_qwen35-2b_tp1_graph_mtp-on_w2a_20260914T204321Z_1,qwen35-2b,1,graph,on,w2a,0,1,1,25112633.2,Step:Schedule,1906,1906,1906,1907,13175.568,post process,1907,1.0005,162.169,122.46,310.536,341.028,116.84,353.93,309256.3,1.231,43000852.0,20260914T204321Z,True
tdb_qwen35-2b_tp1_graph_mtp-on_w2a_20260914T204321Z_1,qwen35-2b,1,graph,on,w2a,0,1,1,25112633.2,Step:Schedule,1906,1906,1906,1907,13175.568,prepare input,1906,1.0,6887.584,6834.805,7084.895,7202.715,6640.67,7318.31,13127736.0,52.275,43000852.0,20260914T204321Z,True
tdb_qwen35-2b_tp1_graph_mtp-on_w2a_20260914T204321Z_1,qwen35-2b,1,graph,on,w2a,0,1,1,25112633.2,Step:Schedule,1906,1906,1906,1907,13175.568,sample_token,1907,1.0005,580.295,644.73,665.25,684.115,427.82,3631.83,1106621.9,4.404,43000852.0,20260914T204321Z,True
tdb_qwen35-2b_tp1_graph_mtp-on_w2a_20260914T204321Z_1,qwen35-2b,1,graph,on,w2a,0,1,1,25112633.2,Step:Schedule,1906,1906,1906,1907,13175.568,schedule: allocate_slots,1906,1.0,44.182,43.86,45.57,52.099,41.84,63.19,84211.1,0.335,43000852.0,20260914T204321Z,True
tdb_qwen35-2b_tp1_graph_mtp-on_w2a_20260914T204321Z_1,qwen35-2b,1,graph,on,w2a,0,1,1,25112633.2,Step:Schedule,1906,1906,1906,1907,13175.568,schedule: get_num_common_prefix_blocks,1906,1.0,2.462,2.45,2.67,2.86,2.09,3.35,4692.3,0.019,43000852.0,20260914T204321Z,True
tdb_qwen35-2b_tp1_graph_mtp-on_w2a_20260914T204321Z_1,qwen35-2b,1,graph,on,w2a,0,1,1,25112633.2,Step:Schedule,1906,1906,1906,1907,13175.568,schedule: make_cached_request_data,1906,1.0,12.012,11.93,12.45,13.427,10.87,28.86,22895.2,0.091,43000852.0,20260914T204321Z,True
tdb_qwen35-2b_tp1_graph_mtp-on_w2a_20260914T204321Z_1,qwen35-2b,1,graph,on,w2a,0,1,1,25112633.2,Step:Schedule,1906,1906,1906,1907,13175.568,schedule: update_after_schedule,1906,1.0,7.494,7.45,7.77,8.51,6.72,22.87,14283.2,0.057,43000852.0,20260914T204321Z,True
tdb_qwen35-2b_tp1_graph_mtp-on_w2a_20260914T204321Z_1,qwen35-2b,1,graph,on,w2a,0,1,2,25122396.3,Step:Schedule,1912,1912,1912,1913,13139.329,Step:Output,1913,1.0005,53.321,53.01,54.21,65.317,50.9,79.51,102002.5,0.406,86313068.0,20260914T204321Z,True
tdb_qwen35-2b_tp1_graph_mtp-on_w2a_20260914T204321Z_1,qwen35-2b,1,graph,on,w2a,0,1,2,25122396.3,Step:Schedule,1912,1912,1912,1913,13139.329,Step:Schedule,1912,1.0,395.89,462.87,480.835,499.349,217.02,559.54,756942.3,3.013,86313068.0,20260914T204321Z,True
tdb_qwen35-2b_tp1_graph_mtp-on_w2a_20260914T204321Z_1,qwen35-2b,1,graph,on,w2a,0,1,2,25122396.3,Step:Schedule,1912,1912,1912,1913,13139.329,async_state_update,1913,1.0005,232.93,193.91,386.148,404.689,184.44,503.91,445595.2,1.773,86313068.0,20260914T204321Z,True
tdb_qwen35-2b_tp1_graph_mtp-on_w2a_20260914T204321Z_1,qwen35-2b,1,graph,on,w2a,0,1,2,25122396.3,Step:Schedule,1912,1912,1912,1913,13139.329,draft_token,1913,1.0005,2556.907,2557.21,2700.004,2754.847,2382.77,3444.69,4891362.9,19.46,86313068.0,20260914T204321Z,True
tdb_qwen35-2b_tp1_graph_mtp-on_w2a_20260914T204321Z_1,qwen35-2b,1,graph,on,w2a,0,1,2,25122396.3,Step:Schedule,1912,1912,1912,1913,13139.329,forward,1913,1.0005,1087.77,1087.57,1114.586,1155.507,909.73,4877.2,2080904.5,8.279,86313068.0,20260914T204321Z,True
tdb_qwen35-2b_tp1_graph_mtp-on_w2a_20260914T204321Z_1,qwen35-2b,1,graph,on,w2a,0,1,2,25122396.3,Step:Schedule,1912,1912,1912,1913,13139.329,model: mtp: propose,1913,1.0005,1399.824,1370.09,1524.032,1589.472,1292.9,1681.0,2677864.2,10.654,86313068.0,20260914T204321Z,True
tdb_qwen35-2b_tp1_graph_mtp-on_w2a_20260914T204321Z_1,qwen35-2b,1,graph,on,w2a,0,1,2,25122396.3,Step:Schedule,1912,1912,1912,1913,13139.329,post process,1913,1.0005,152.421,121.12,307.108,344.713,117.22,389.08,291580.8,1.16,86313068.0,20260914T204321Z,True
tdb_qwen35-2b_tp1_graph_mtp-on_w2a_20260914T204321Z_1,qwen35-2b,1,graph,on,w2a,0,1,2,25122396.3,Step:Schedule,1912,1912,1912,1913,13139.329,prepare input,1912,1.0,6840.692,6776.21,7071.642,7215.149,6646.37,7971.78,13079403.1,52.063,86313068.0,20260914T204321Z,True
tdb_qwen35-2b_tp1_graph_mtp-on_w2a_20260914T204321Z_1,qwen35-2b,1,graph,on,w2a,0,1,2,25122396.3,Step:Schedule,1912,1912,1912,1913,13139.329,sample_token,1913,1.0005,589.588,645.18,666.196,688.015,426.34,822.74,1127882.4,4.487,86313068.0,20260914T204321Z,True
tdb_qwen35-2b_tp1_graph_mtp-on_w2a_20260914T204321Z_1,qwen35-2b,1,graph,on,w2a,0,1,2,25122396.3,Step:Schedule,1912,1912,1912,1913,13139.329,schedule: allocate_slots,1912,1.0,44.219,43.83,45.59,54.256,41.99,60.19,84545.9,0.337,86313068.0,20260914T204321Z,True
tdb_qwen35-2b_tp1_graph_mtp-on_w2a_20260914T204321Z_1,qwen35-2b,1,graph,on,w2a,0,1,2,25122396.3,Step:Schedule,1912,1912,1912,1913,13139.329,schedule: get_num_common_prefix_blocks,1912,1.0,2.434,2.41,2.63,2.8,1.95,10.84,4653.1,0.019,86313068.0,20260914T204321Z,True
tdb_qwen35-2b_tp1_graph_mtp-on_w2a_20260914T204321Z_1,qwen35-2b,1,graph,on,w2a,0,1,2,25122396.3,Step:Schedule,1912,1912,1912,1913,13139.329,schedule: make_cached_request_data,1912,1.0,11.968,11.88,12.45,13.816,10.75,28.71,22882.1,0.091,86313068.0,20260914T204321Z,True
tdb_qwen35-2b_tp1_graph_mtp-on_w2a_20260914T204321Z_1,qwen35-2b,1,graph,on,w2a,0,1,2,25122396.3,Step:Schedule,1912,1912,1912,1913,13139.329,schedule: update_after_schedule,1912,1.0,7.495,7.45,7.84,8.439,6.78,19.91,14330.3,0.057,86313068.0,20260914T204321Z,True
tdb_qwen35-2b_tp1_graph_mtp-on_w2a_20260914T204321Z_1,qwen35-2b,1,graph,on,w2a,0,1,3,25114992.4,Step:Schedule,1916,1916,1916,1917,13108.034,Step:Output,1917,1.0005,54.112,53.87,55.09,65.812,51.81,77.22,103732.3,0.413,129546855.0,20260914T204321Z,True
tdb_qwen35-2b_tp1_graph_mtp-on_w2a_20260914T204321Z_1,qwen35-2b,1,graph,on,w2a,0,1,3,25114992.4,Step:Schedule,1916,1916,1916,1917,13108.034,Step:Schedule,1916,1.0,396.492,463.675,483.53,501.031,254.32,566.84,759679.6,3.025,129546855.0,20260914T204321Z,True
tdb_qwen35-2b_tp1_graph_mtp-on_w2a_20260914T204321Z_1,qwen35-2b,1,graph,on,w2a,0,1,3,25114992.4,Step:Schedule,1916,1916,1916,1917,13108.034,async_state_update,1917,1.0005,231.216,193.82,386.23,403.761,183.48,430.54,443240.9,1.764,129546855.0,20260914T204321Z,True
tdb_qwen35-2b_tp1_graph_mtp-on_w2a_20260914T204321Z_1,qwen35-2b,1,graph,on,w2a,0,1,3,25114992.4,Step:Schedule,1916,1916,1916,1917,13108.034,draft_token,1917,1.0005,2552.785,2558.34,2691.336,2723.11,2343.81,2804.98,4893689.5,19.475,129546855.0,20260914T204321Z,True
tdb_qwen35-2b_tp1_graph_mtp-on_w2a_20260914T204321Z_1,qwen35-2b,1,graph,on,w2a,0,1,3,25114992.4,Step:Schedule,1916,1916,1916,1917,13108.034,forward,1917,1.0005,1080.868,1084.01,1108.504,1147.244,889.29,1279.7,2072024.1,8.246,129546855.0,20260914T204321Z,True
tdb_qwen35-2b_tp1_graph_mtp-on_w2a_20260914T204321Z_1,qwen35-2b,1,graph,on,w2a,0,1,3,25114992.4,Step:Schedule,1916,1916,1916,1917,13108.034,model: mtp: propose,1917,1.0005,1405.381,1375.24,1534.254,1577.937,1278.87,1654.82,2694114.6,10.722,129546855.0,20260914T204321Z,True
tdb_qwen35-2b_tp1_graph_mtp-on_w2a_20260914T204321Z_1,qwen35-2b,1,graph,on,w2a,0,1,3,25114992.4,Step:Schedule,1916,1916,1916,1917,13108.034,post process,1917,1.0005,158.115,120.93,311.342,342.735,116.7,362.63,303106.5,1.206,129546855.0,20260914T204321Z,True
tdb_qwen35-2b_tp1_graph_mtp-on_w2a_20260914T204321Z_1,qwen35-2b,1,graph,on,w2a,0,1,3,25114992.4,Step:Schedule,1916,1916,1916,1917,13108.034,prepare input,1916,1.0,6831.067,6777.215,7054.81,7132.222,6643.1,7604.19,13088325.0,52.114,129546855.0,20260914T204321Z,True
tdb_qwen35-2b_tp1_graph_mtp-on_w2a_20260914T204321Z_1,qwen35-2b,1,graph,on,w2a,0,1,3,25114992.4,Step:Schedule,1916,1916,1916,1917,13108.034,sample_token,1917,1.0005,581.559,644.94,667.574,683.029,428.17,1088.85,1114848.7,4.437,129546855.0,20260914T204321Z,True
tdb_qwen35-2b_tp1_graph_mtp-on_w2a_20260914T204321Z_1,qwen35-2b,1,graph,on,w2a,0,1,3,25114992.4,Step:Schedule,1916,1916,1916,1917,13108.034,schedule: allocate_slots,1916,1.0,44.595,44.24,45.905,54.855,42.0,70.17,85444.9,0.34,129546855.0,20260914T204321Z,True
tdb_qwen35-2b_tp1_graph_mtp-on_w2a_20260914T204321Z_1,qwen35-2b,1,graph,on,w2a,0,1,3,25114992.4,Step:Schedule,1916,1916,1916,1917,13108.034,schedule: get_num_common_prefix_blocks,1916,1.0,2.442,2.41,2.61,2.77,2.02,13.8,4678.3,0.019,129546855.0,20260914T204321Z,True
tdb_qwen35-2b_tp1_graph_mtp-on_w2a_20260914T204321Z_1,qwen35-2b,1,graph,on,w2a,0,1,3,25114992.4,Step:Schedule,1916,1916,1916,1917,13108.034,schedule: make_cached_request_data,1916,1.0,12.044,11.97,12.485,13.12,10.96,24.11,23076.8,0.092,129546855.0,20260914T204321Z,True
tdb_qwen35-2b_tp1_graph_mtp-on_w2a_20260914T204321Z_1,qwen35-2b,1,graph,on,w2a,0,1,3,25114992.4,Step:Schedule,1916,1916,1916,1917,13108.034,schedule: update_after_schedule,1916,1.0,7.485,7.43,7.87,8.37,6.71,21.64,14341.4,0.057,129546855.0,20260914T204321Z,True
tdb_qwen35-2b_tp1_graph_mtp-on_w2a_20260914T204321Z_1,qwen35-2b,1,graph,on,w2a,0,1,4,25115813.0,Step:Schedule,1874,1874,1874,1875,13402.248,Step:Output,1875,1.0005,54.964,54.94,56.36,65.653,50.6,99.55,103057.8,0.41,172720434.0,20260914T204321Z,True
tdb_qwen35-2b_tp1_graph_mtp-on_w2a_20260914T204321Z_1,qwen35-2b,1,graph,on,w2a,0,1,4,25115813.0,Step:Schedule,1874,1874,1874,1875,13402.248,Step:Schedule,1874,1.0,357.392,315.455,490.095,511.159,250.74,649.83,669752.6,2.667,172720434.0,20260914T204321Z,True
tdb_qwen35-2b_tp1_graph_mtp-on_w2a_20260914T204321Z_1,qwen35-2b,1,graph,on,w2a,0,1,4,25115813.0,Step:Schedule,1874,1874,1874,1875,13402.248,async_state_update,1875,1.0005,242.216,200.14,399.298,415.801,181.69,694.29,454155.3,1.807,172720434.0,20260914T204321Z,True
tdb_qwen35-2b_tp1_graph_mtp-on_w2a_20260914T204321Z_1,qwen35-2b,1,graph,on,w2a,0,1,4,25115813.0,Step:Schedule,1874,1874,1874,1875,13402.248,draft_token,1875,1.0005,2588.107,2565.75,2756.2,2801.513,2313.72,3974.68,4852700.0,19.311,172720434.0,20260914T204321Z,True
tdb_qwen35-2b_tp1_graph_mtp-on_w2a_20260914T204321Z_1,qwen35-2b,1,graph,on,w2a,0,1,4,25115813.0,Step:Schedule,1874,1874,1874,1875,13402.248,forward,1875,1.0005,1101.419,1110.0,1141.29,1169.282,887.02,1991.77,2065160.0,8.218,172720434.0,20260914T204321Z,True
tdb_qwen35-2b_tp1_graph_mtp-on_w2a_20260914T204321Z_1,qwen35-2b,1,graph,on,w2a,0,1,4,25115813.0,Step:Schedule,1874,1874,1874,1875,13402.248,model: mtp: propose,1875,1.0005,1434.596,1403.44,1587.99,1628.07,1260.25,2167.36,2689867.4,10.704,172720434.0,20260914T204321Z,True
tdb_qwen35-2b_tp1_graph_mtp-on_w2a_20260914T204321Z_1,qwen35-2b,1,graph,on,w2a,0,1,4,25115813.0,Step:Schedule,1874,1874,1874,1875,13402.248,post process,1875,1.0005,142.212,126.04,192.316,320.23,115.56,342.84,266646.9,1.061,172720434.0,20260914T204321Z,True
tdb_qwen35-2b_tp1_graph_mtp-on_w2a_20260914T204321Z_1,qwen35-2b,1,graph,on,w2a,0,1,4,25115813.0,Step:Schedule,1874,1874,1874,1875,13402.248,prepare input,1874,1.0,7009.572,6973.09,7213.458,7269.675,6599.4,10671.98,13135938.4,52.301,172720434.0,20260914T204321Z,True
tdb_qwen35-2b_tp1_graph_mtp-on_w2a_20260914T204321Z_1,qwen35-2b,1,graph,on,w2a,0,1,4,25115813.0,Step:Schedule,1874,1874,1874,1875,13402.248,sample_token,1875,1.0005,580.631,643.46,679.202,702.189,423.87,1124.08,1088682.9,4.332,172720434.0,20260914T204321Z,True
tdb_qwen35-2b_tp1_graph_mtp-on_w2a_20260914T204321Z_1,qwen35-2b,1,graph,on,w2a,0,1,4,25115813.0,Step:Schedule,1874,1874,1874,1875,13402.248,schedule: allocate_slots,1874,1.0,45.063,44.79,46.49,56.483,41.64,64.16,84448.9,0.336,172720434.0,20260914T204321Z,True
tdb_qwen35-2b_tp1_graph_mtp-on_w2a_20260914T204321Z_1,qwen35-2b,1,graph,on,w2a,0,1,4,25115813.0,Step:Schedule,1874,1874,1874,1875,13402.248,schedule: get_num_common_prefix_blocks,1874,1.0,2.465,2.445,2.65,2.853,2.06,4.49,4618.8,0.018,172720434.0,20260914T204321Z,True
tdb_qwen35-2b_tp1_graph_mtp-on_w2a_20260914T204321Z_1,qwen35-2b,1,graph,on,w2a,0,1,4,25115813.0,Step:Schedule,1874,1874,1874,1875,13402.248,schedule: make_cached_request_data,1874,1.0,12.338,12.22,12.97,14.105,10.99,27.42,23121.3,0.092,172720434.0,20260914T204321Z,True
tdb_qwen35-2b_tp1_graph_mtp-on_w2a_20260914T204321Z_1,qwen35-2b,1,graph,on,w2a,0,1,4,25115813.0,Step:Schedule,1874,1874,1874,1875,13402.248,schedule: update_after_schedule,1874,1.0,7.581,7.51,7.93,8.735,6.69,17.21,14206.2,0.057,172720434.0,20260914T204321Z,True
tdb_qwen38-27b_tp1_eager_mtp-off_m1c_20260914T235832Z_0,qwen38-27b,1,eager,off,m1c,0,0,0,25281067.9,prepare input,262,0,262,263,96492.626,async_state_update,263,1.0038,48.43,47.58,50.478,60.262,45.61,69.54,12737.1,0.05,985.0,20260914T235832Z,True
tdb_qwen38-27b_tp1_eager_mtp-off_m1c_20260914T235832Z_0,qwen38-27b,1,eager,off,m1c,0,0,0,25281067.9,prepare input,262,0,262,263,96492.626,draft_token,263,1.0038,2.359,2.35,2.516,2.668,2.02,2.87,620.3,0.002,985.0,20260914T235832Z,True
tdb_qwen38-27b_tp1_eager_mtp-off_m1c_20260914T235832Z_0,qwen38-27b,1,eager,off,m1c,0,0,0,25281067.9,prepare input,262,0,262,263,96492.626,forward,263,1.0038,92387.947,92358.06,93645.8,94870.091,90690.37,95233.68,24298029.9,95.746,985.0,20260914T235832Z,True
tdb_qwen38-27b_tp1_eager_mtp-off_m1c_20260914T235832Z_0,qwen38-27b,1,eager,off,m1c,0,0,0,25281067.9,prepare input,262,0,262,263,96492.626,post process,263,1.0038,102.555,100.63,108.294,127.889,96.67,142.72,26971.9,0.106,985.0,20260914T235832Z,True
tdb_qwen38-27b_tp1_eager_mtp-off_m1c_20260914T235832Z_0,qwen38-27b,1,eager,off,m1c,0,0,0,25281067.9,prepare input,262,0,262,263,96492.626,prepare input,262,1.0,2670.356,2626.91,2802.101,3040.322,2577.45,3211.63,699633.2,2.767,985.0,20260914T235832Z,True
tdb_qwen38-27b_tp1_eager_mtp-off_m1c_20260914T235832Z_0,qwen38-27b,1,eager,off,m1c,0,0,0,25281067.9,prepare input,262,0,262,263,96492.626,sample_token,263,1.0038,173.08,169.3,183.72,216.497,162.68,250.68,45520.0,0.179,985.0,20260914T235832Z,True
tdb_qwen38-27b_tp1_eager_mtp-off_m1c_20260914T235832Z_0,qwen38-27b,1,eager,off,m1c,0,0,1,25247226.2,prepare input,250,0,250,251,100988.905,async_state_update,251,1.004,49.295,49.12,50.04,56.595,47.2,62.11,12373.1,0.049,625850441.0,20260914T235832Z,True
tdb_qwen38-27b_tp1_eager_mtp-off_m1c_20260914T235832Z_0,qwen38-27b,1,eager,off,m1c,0,0,1,25247226.2,prepare input,250,0,250,251,100988.905,draft_token,251,1.004,2.441,2.44,2.59,2.69,2.11,2.77,612.6,0.002,625850441.0,20260914T235832Z,True
tdb_qwen38-27b_tp1_eager_mtp-off_m1c_20260914T235832Z_0,qwen38-27b,1,eager,off,m1c,0,0,1,25247226.2,prepare input,250,0,250,251,100988.905,forward,251,1.004,96759.764,96791.55,98479.92,98891.945,93486.98,99039.15,24286700.8,95.812,625850441.0,20260914T235832Z,True
tdb_qwen38-27b_tp1_eager_mtp-off_m1c_20260914T235832Z_0,qwen38-27b,1,eager,off,m1c,0,0,1,25247226.2,prepare input,250,0,250,251,100988.905,post process,251,1.004,104.635,104.52,106.84,114.785,99.27,121.89,26263.3,0.104,625850441.0,20260914T235832Z,True
tdb_qwen38-27b_tp1_eager_mtp-off_m1c_20260914T235832Z_0,qwen38-27b,1,eager,off,m1c,0,0,1,25247226.2,prepare input,250,0,250,251,100988.905,prepare input,250,1.0,2731.071,2721.625,2756.084,3045.982,2658.16,3083.42,682767.9,2.704,625850441.0,20260914T235832Z,True
tdb_qwen38-27b_tp1_eager_mtp-off_m1c_20260914T235832Z_0,qwen38-27b,1,eager,off,m1c,0,0,1,25247226.2,prepare input,250,0,250,251,100988.905,sample_token,251,1.004,184.568,181.18,196.73,220.77,172.94,226.48,46326.5,0.183,625850441.0,20260914T235832Z,True
tdb_qwen38-27b_tp1_eager_mtp-off_m1c_20260914T235832Z_0,qwen38-27b,1,eager,off,m1c,0,0,2,25286237.2,prepare input,263,0,263,264,96145.388,async_state_update,264,1.0038,47.453,47.545,48.847,50.505,44.62,57.08,12527.6,0.049,1251643130.0,20260914T235832Z,True
tdb_qwen38-27b_tp1_eager_mtp-off_m1c_20260914T235832Z_0,qwen38-27b,1,eager,off,m1c,0,0,2,25286237.2,prepare input,263,0,263,264,96145.388,draft_token,264,1.0038,2.367,2.37,2.53,2.65,2.0,2.69,624.8,0.002,1251643130.0,20260914T235832Z,True
tdb_qwen38-27b_tp1_eager_mtp-off_m1c_20260914T235832Z_0,qwen38-27b,1,eager,off,m1c,0,0,2,25286237.2,prepare input,263,0,263,264,96145.388,forward,264,1.0038,92094.165,92258.995,93053.507,93794.17,89735.28,94185.71,24312859.4,95.786,1251643130.0,20260914T235832Z,True
tdb_qwen38-27b_tp1_eager_mtp-off_m1c_20260914T235832Z_0,qwen38-27b,1,eager,off,m1c,0,0,2,25286237.2,prepare input,263,0,263,264,96145.388,post process,264,1.0038,100.627,100.48,103.298,111.919,94.53,115.59,26565.5,0.105,1251643130.0,20260914T235832Z,True
tdb_qwen38-27b_tp1_eager_mtp-off_m1c_20260914T235832Z_0,qwen38-27b,1,eager,off,m1c,0,0,2,25286237.2,prepare input,263,0,263,264,96145.388,prepare input,263,1.0,2630.438,2636.55,2667.284,2732.784,2541.33,2761.62,691805.1,2.736,1251643130.0,20260914T235832Z,True
tdb_qwen38-27b_tp1_eager_mtp-off_m1c_20260914T235832Z_0,qwen38-27b,1,eager,off,m1c,0,0,2,25286237.2,prepare input,263,0,263,264,96145.388,sample_token,264,1.0038,173.177,171.335,180.596,196.174,166.34,197.08,45718.7,0.18,1251643130.0,20260914T235832Z,True
tdb_qwen38-27b_tp1_eager_mtp-off_m1c_20260914T235832Z_0,qwen38-27b,1,eager,off,m1c,0,0,3,25241564.1,prepare input,264,0,264,265,95611.985,async_state_update,265,1.0038,46.74,46.34,48.198,57.978,44.29,59.63,12386.1,0.049,1877497729.0,20260914T235832Z,True
tdb_qwen38-27b_tp1_eager_mtp-off_m1c_20260914T235832Z_0,qwen38-27b,1,eager,off,m1c,0,0,3,25241564.1,prepare input,264,0,264,265,95611.985,draft_token,265,1.0038,2.376,2.36,2.566,2.704,1.96,2.85,629.5,0.002,1877497729.0,20260914T235832Z,True
tdb_qwen38-27b_tp1_eager_mtp-off_m1c_20260914T235832Z_0,qwen38-27b,1,eager,off,m1c,0,0,3,25241564.1,prepare input,264,0,264,265,95611.985,forward,265,1.0038,91603.726,91662.04,92284.67,92965.86,89620.12,93437.59,24274987.5,95.808,1877497729.0,20260914T235832Z,True
tdb_qwen38-27b_tp1_eager_mtp-off_m1c_20260914T235832Z_0,qwen38-27b,1,eager,off,m1c,0,0,3,25241564.1,prepare input,264,0,264,265,95611.985,post process,265,1.0038,99.169,98.76,101.682,109.009,94.07,115.7,26279.8,0.104,1877497729.0,20260914T235832Z,True
tdb_qwen38-27b_tp1_eager_mtp-off_m1c_20260914T235832Z_0,qwen38-27b,1,eager,off,m1c,0,0,3,25241564.1,prepare input,264,0,264,265,95611.985,prepare input,264,1.0,2604.449,2599.885,2651.803,2696.954,2535.95,2711.5,687574.5,2.724,1877497729.0,20260914T235832Z,True
tdb_qwen38-27b_tp1_eager_mtp-off_m1c_20260914T235832Z_0,qwen38-27b,1,eager,off,m1c,0,0,3,25241564.1,prepare input,264,0,264,265,95611.985,sample_token,265,1.0038,176.284,171.97,191.434,202.46,161.84,208.39,46715.3,0.184,1877497729.0,20260914T235832Z,True
tdb_qwen38-27b_tp1_eager_mtp-off_m1c_20260914T235832Z_0,qwen38-27b,1,eager,off,m1c,0,0,4,25272988.0,prepare input,260,0,260,261,97203.8,async_state_update,261,1.0038,47.735,47.51,48.33,58.696,46.17,60.66,12459.0,0.049,2503315218.0,20260914T235832Z,True
tdb_qwen38-27b_tp1_eager_mtp-off_m1c_20260914T235832Z_0,qwen38-27b,1,eager,off,m1c,0,0,4,25272988.0,prepare input,260,0,260,261,97203.8,draft_token,261,1.0038,2.383,2.38,2.5,2.634,2.13,2.7,622.0,0.002,2503315218.0,20260914T235832Z,True
tdb_qwen38-27b_tp1_eager_mtp-off_m1c_20260914T235832Z_0,qwen38-27b,1,eager,off,m1c,0,0,4,25272988.0,prepare input,260,0,260,261,97203.8,forward,261,1.0038,93126.952,93098.85,93342.85,94167.952,92595.12,94239.01,24306134.4,95.806,2503315218.0,20260914T235832Z,True
tdb_qwen38-27b_tp1_eager_mtp-off_m1c_20260914T235832Z_0,qwen38-27b,1,eager,off,m1c,0,0,4,25272988.0,prepare input,260,0,260,261,97203.8,post process,261,1.0038,100.525,100.09,102.3,110.374,97.4,117.66,26237.0,0.103,2503315218.0,20260914T235832Z,True
tdb_qwen38-27b_tp1_eager_mtp-off_m1c_20260914T235832Z_0,qwen38-27b,1,eager,off,m1c,0,0,4,25272988.0,prepare input,260,0,260,261,97203.8,prepare input,260,1.0,2639.749,2638.76,2657.155,2701.53,2602.58,2749.14,686334.9,2.716,2503315218.0,20260914T235832Z,True
tdb_qwen38-27b_tp1_eager_mtp-off_m1c_20260914T235832Z_0,qwen38-27b,1,eager,off,m1c,0,0,4,25272988.0,prepare input,260,0,260,261,97203.8,sample_token,261,1.0038,175.403,174.06,179.76,203.674,169.14,213.45,45780.3,0.18,2503315218.0,20260914T235832Z,True
tdb_qwen38-27b_tp1_eager_mtp-off_w2b_20260914T211728Z_0,qwen38-27b,1,eager,off,w2b,0,0,0,25142610.9,Step:Schedule,162,162,162,163,155201.302,Step:Output,163,1.0062,45.652,44.72,47.582,62.803,42.48,64.8,7441.3,0.029,743.0,20260914T211728Z,True
tdb_qwen38-27b_tp1_eager_mtp-off_w2b_20260914T211728Z_0,qwen38-27b,1,eager,off,w2b,0,0,0,25142610.9,Step:Schedule,162,162,162,163,155201.302,Step:Schedule,162,1.0,470.266,447.015,663.937,747.915,254.56,800.69,76183.1,0.303,743.0,20260914T211728Z,True
tdb_qwen38-27b_tp1_eager_mtp-off_w2b_20260914T211728Z_0,qwen38-27b,1,eager,off,w2b,0,0,0,25142610.9,Step:Schedule,162,162,162,163,155201.302,async_state_update,163,1.0062,81.745,49.34,155.71,387.788,45.79,389.14,13324.5,0.053,743.0,20260914T211728Z,True
tdb_qwen38-27b_tp1_eager_mtp-off_w2b_20260914T211728Z_0,qwen38-27b,1,eager,off,w2b,0,0,0,25142610.9,Step:Schedule,162,162,162,163,155201.302,draft_token,163,1.0062,2.259,2.25,2.43,2.558,1.89,2.61,368.3,0.001,743.0,20260914T211728Z,True
tdb_qwen38-27b_tp1_eager_mtp-off_w2b_20260914T211728Z_0,qwen38-27b,1,eager,off,w2b,0,0,0,25142610.9,Step:Schedule,162,162,162,163,155201.302,forward,163,1.0062,148029.262,146963.05,156014.57,164300.69,140862.35,166977.77,24128769.8,95.379,743.0,20260914T211728Z,True
tdb_qwen38-27b_tp1_eager_mtp-off_w2b_20260914T211728Z_0,qwen38-27b,1,eager,off,w2b,0,0,0,25142610.9,Step:Schedule,162,162,162,163,155201.302,post process,163,1.0062,161.087,105.22,438.028,521.52,101.17,595.82,26257.2,0.104,743.0,20260914T211728Z,True
tdb_qwen38-27b_tp1_eager_mtp-off_w2b_20260914T211728Z_0,qwen38-27b,1,eager,off,w2b,0,0,0,25142610.9,Step:Schedule,162,162,162,163,155201.302,prepare input,162,1.0,3936.815,4002.42,4177.681,4498.441,3599.56,4947.52,637764.0,2.537,743.0,20260914T211728Z,True
tdb_qwen38-27b_tp1_eager_mtp-off_w2b_20260914T211728Z_0,qwen38-27b,1,eager,off,w2b,0,0,0,25142610.9,Step:Schedule,162,162,162,163,155201.302,sample_token,163,1.0062,174.063,112.84,463.428,480.401,106.28,502.91,28372.3,0.112,743.0,20260914T211728Z,True
tdb_qwen38-27b_tp1_eager_mtp-off_w2b_20260914T211728Z_0,qwen38-27b,1,eager,off,w2b,0,0,0,25142610.9,Step:Schedule,162,162,162,163,155201.302,schedule: allocate_slots,162,1.0,42.351,42.08,43.52,48.355,39.63,55.32,6860.8,0.027,743.0,20260914T211728Z,True
tdb_qwen38-27b_tp1_eager_mtp-off_w2b_20260914T211728Z_0,qwen38-27b,1,eager,off,w2b,0,0,0,25142610.9,Step:Schedule,162,162,162,163,155201.302,schedule: get_num_common_prefix_blocks,162,1.0,2.367,2.34,2.549,2.803,2.1,2.88,383.5,0.002,743.0,20260914T211728Z,True
tdb_qwen38-27b_tp1_eager_mtp-off_w2b_20260914T211728Z_0,qwen38-27b,1,eager,off,w2b,0,0,0,25142610.9,Step:Schedule,162,162,162,163,155201.302,schedule: make_cached_request_data,162,1.0,11.656,11.51,12.38,15.559,10.39,16.46,1888.3,0.008,743.0,20260914T211728Z,True
tdb_qwen38-27b_tp1_eager_mtp-off_w2b_20260914T211728Z_0,qwen38-27b,1,eager,off,w2b,0,0,0,25142610.9,Step:Schedule,162,162,162,163,155201.302,schedule: update_after_schedule,162,1.0,7.776,7.66,8.175,9.328,6.97,17.98,1259.7,0.005,743.0,20260914T211728Z,True
tdb_qwen38-27b_tp1_eager_mtp-off_w2b_20260914T211728Z_0,qwen38-27b,1,eager,off,w2b,0,0,1,25299236.5,Step:Schedule,154,154,154,155,164280.756,Step:Output,155,1.0065,45.457,45.11,47.306,55.331,42.2,62.67,7045.9,0.028,625591165.0,20260914T211728Z,True
tdb_qwen38-27b_tp1_eager_mtp-off_w2b_20260914T211728Z_0,qwen38-27b,1,eager,off,w2b,0,0,1,25299236.5,Step:Schedule,154,154,154,155,164280.756,Step:Schedule,154,1.0,424.568,363.92,639.215,664.346,257.39,794.63,65383.5,0.258,625591165.0,20260914T211728Z,True
tdb_qwen38-27b_tp1_eager_mtp-off_w2b_20260914T211728Z_0,qwen38-27b,1,eager,off,w2b,0,0,1,25299236.5,Step:Schedule,154,154,154,155,164280.756,async_state_update,155,1.0065,59.873,49.83,54.882,307.657,46.78,390.47,9280.4,0.036,625591165.0,20260914T211728Z,True
tdb_qwen38-27b_tp1_eager_mtp-off_w2b_20260914T211728Z_0,qwen38-27b,1,eager,off,w2b,0,0,1,25299236.5,Step:Schedule,154,154,154,155,164280.756,draft_token,155,1.0065,2.417,2.42,2.6,2.735,2.06,2.79,374.7,0.001,625591165.0,20260914T211728Z,True
tdb_qwen38-27b_tp1_eager_mtp-off_w2b_20260914T211728Z_0,qwen38-27b,1,eager,off,w2b,0,0,1,25299236.5,Step:Schedule,154,154,154,155,164280.756,forward,155,1.0065,156845.668,158321.83,161135.906,163363.708,145314.96,164146.89,24311078.5,95.474,625591165.0,20260914T211728Z,True
tdb_qwen38-27b_tp1_eager_mtp-off_w2b_20260914T211728Z_0,qwen38-27b,1,eager,off,w2b,0,0,1,25299236.5,Step:Schedule,154,154,154,155,164280.756,post process,155,1.0065,156.54,111.43,392.998,488.844,103.17,510.03,24263.7,0.095,625591165.0,20260914T211728Z,True
tdb_qwen38-27b_tp1_eager_mtp-off_w2b_20260914T211728Z_0,qwen38-27b,1,eager,off,w2b,0,0,1,25299236.5,Step:Schedule,154,154,154,155,164280.756,prepare input,154,1.0,4063.049,4137.415,4182.939,4246.875,3638.45,4357.41,625709.6,2.473,625591165.0,20260914T211728Z,True
tdb_qwen38-27b_tp1_eager_mtp-off_w2b_20260914T211728Z_0,qwen38-27b,1,eager,off,w2b,0,0,1,25299236.5,Step:Schedule,154,154,154,155,164280.756,sample_token,155,1.0065,235.228,122.28,476.704,488.468,108.1,491.55,36460.4,0.143,625591165.0,20260914T211728Z,True
tdb_qwen38-27b_tp1_eager_mtp-off_w2b_20260914T211728Z_0,qwen38-27b,1,eager,off,w2b,0,0,1,25299236.5,Step:Schedule,154,154,154,155,164280.756,schedule: allocate_slots,154,1.0,42.53,42.275,43.79,52.206,40.31,53.57,6549.7,0.026,625591165.0,20260914T211728Z,True
tdb_qwen38-27b_tp1_eager_mtp-off_w2b_20260914T211728Z_0,qwen38-27b,1,eager,off,w2b,0,0,1,25299236.5,Step:Schedule,154,154,154,155,164280.756,schedule: get_num_common_prefix_blocks,154,1.0,2.344,2.335,2.497,2.695,2.03,2.75,361.0,0.001,625591165.0,20260914T211728Z,True
tdb_qwen38-27b_tp1_eager_mtp-off_w2b_20260914T211728Z_0,qwen38-27b,1,eager,off,w2b,0,0,1,25299236.5,Step:Schedule,154,154,154,155,164280.756,schedule: make_cached_request_data,154,1.0,11.562,11.405,12.1,13.521,10.57,25.24,1780.6,0.007,625591165.0,20260914T211728Z,True
tdb_qwen38-27b_tp1_eager_mtp-off_w2b_20260914T211728Z_0,qwen38-27b,1,eager,off,w2b,0,0,1,25299236.5,Step:Schedule,154,154,154,155,164280.756,schedule: update_after_schedule,154,1.0,7.557,7.51,7.921,8.627,6.72,9.01,1163.8,0.005,625591165.0,20260914T211728Z,True
tdb_qwen38-27b_tp1_eager_mtp-off_w2b_20260914T211728Z_0,qwen38-27b,1,eager,off,w2b,0,0,2,25302486.6,Step:Schedule,163,163,163,164,155229.979,Step:Output,164,1.0061,45.862,45.45,46.95,56.338,43.36,65.47,7521.4,0.03,1251338755.0,20260914T211728Z,True
tdb_qwen38-27b_tp1_eager_mtp-off_w2b_20260914T211728Z_0,qwen38-27b,1,eager,off,w2b,0,0,2,25302486.6,Step:Schedule,163,163,163,164,155229.979,Step:Schedule,163,1.0,414.067,331.73,639.286,656.418,251.97,664.91,67492.9,0.267,1251338755.0,20260914T211728Z,True
tdb_qwen38-27b_tp1_eager_mtp-off_w2b_20260914T211728Z_0,qwen38-27b,1,eager,off,w2b,0,0,2,25302486.6,Step:Schedule,163,163,163,164,155229.979,async_state_update,164,1.0061,69.54,48.84,70.847,380.109,46.73,396.01,11404.6,0.045,1251338755.0,20260914T211728Z,True
tdb_qwen38-27b_tp1_eager_mtp-off_w2b_20260914T211728Z_0,qwen38-27b,1,eager,off,w2b,0,0,2,25302486.6,Step:Schedule,163,163,163,164,155229.979,draft_token,164,1.0061,2.349,2.35,2.53,2.69,1.96,2.72,385.3,0.002,1251338755.0,20260914T211728Z,True
tdb_qwen38-27b_tp1_eager_mtp-off_w2b_20260914T211728Z_0,qwen38-27b,1,eager,off,w2b,0,0,2,25302486.6,Step:Schedule,163,163,163,164,155229.979,forward,164,1.0061,148025.927,147755.36,149706.904,162006.776,142558.17,163116.62,24276252.1,95.359,1251338755.0,20260914T211728Z,True
tdb_qwen38-27b_tp1_eager_mtp-off_w2b_20260914T211728Z_0,qwen38-27b,1,eager,off,w2b,0,0,2,25302486.6,Step:Schedule,163,163,163,164,155229.979,post process,164,1.0061,181.039,106.94,454.522,474.708,101.49,489.73,29690.5,0.117,1251338755.0,20260914T211728Z,True
tdb_qwen38-27b_tp1_eager_mtp-off_w2b_20260914T211728Z_0,qwen38-27b,1,eager,off,w2b,0,0,2,25302486.6,Step:Schedule,163,163,163,164,155229.979,prepare input,163,1.0,4009.457,4076.39,4134.14,4273.611,3637.27,4722.33,653541.6,2.583,1251338755.0,20260914T211728Z,True
tdb_qwen38-27b_tp1_eager_mtp-off_w2b_20260914T211728Z_0,qwen38-27b,1,eager,off,w2b,0,0,2,25302486.6,Step:Schedule,163,163,163,164,155229.979,sample_token,164,1.0061,168.9,114.755,460.079,479.862,108.76,485.29,27699.5,0.109,1251338755.0,20260914T211728Z,True
tdb_qwen38-27b_tp1_eager_mtp-off_w2b_20260914T211728Z_0,qwen38-27b,1,eager,off,w2b,0,0,2,25302486.6,Step:Schedule,163,163,163,164,155229.979,schedule: allocate_slots,163,1.0,42.443,42.2,44.036,46.587,40.17,48.53,6918.2,0.027,1251338755.0,20260914T211728Z,True
tdb_qwen38-27b_tp1_eager_mtp-off_w2b_20260914T211728Z_0,qwen38-27b,1,eager,off,w2b,0,0,2,25302486.6,Step:Schedule,163,163,163,164,155229.979,schedule: get_num_common_prefix_blocks,163,1.0,2.344,2.33,2.468,2.797,2.08,2.92,382.1,0.002,1251338755.0,20260914T211728Z,True
tdb_qwen38-27b_tp1_eager_mtp-off_w2b_20260914T211728Z_0,qwen38-27b,1,eager,off,w2b,0,0,2,25302486.6,Step:Schedule,163,163,163,164,155229.979,schedule: make_cached_request_data,163,1.0,11.756,11.57,12.168,17.146,10.64,23.91,1916.2,0.008,1251338755.0,20260914T211728Z,True
tdb_qwen38-27b_tp1_eager_mtp-off_w2b_20260914T211728Z_0,qwen38-27b,1,eager,off,w2b,0,0,2,25302486.6,Step:Schedule,163,163,163,164,155229.979,schedule: update_after_schedule,163,1.0,7.579,7.54,7.986,8.392,6.72,9.65,1235.3,0.005,1251338755.0,20260914T211728Z,True
tdb_qwen38-27b_tp1_eager_mtp-off_w2b_20260914T211728Z_0,qwen38-27b,1,eager,off,w2b,0,0,3,25237167.5,Step:Schedule,158,158,158,159,159728.908,Step:Output,159,1.0063,46.959,46.56,48.554,57.404,43.33,66.07,7466.5,0.029,1877100851.0,20260914T211728Z,True
tdb_qwen38-27b_tp1_eager_mtp-off_w2b_20260914T211728Z_0,qwen38-27b,1,eager,off,w2b,0,0,3,25237167.5,Step:Schedule,158,158,158,159,159728.908,Step:Schedule,158,1.0,412.406,318.09,641.471,688.379,253.41,723.41,65160.2,0.258,1877100851.0,20260914T211728Z,True
tdb_qwen38-27b_tp1_eager_mtp-off_w2b_20260914T211728Z_0,qwen38-27b,1,eager,off,w2b,0,0,3,25237167.5,Step:Schedule,158,158,158,159,159728.908,async_state_update,159,1.0063,61.299,49.11,54.306,309.036,46.77,401.66,9746.5,0.038,1877100851.0,20260914T211728Z,True
tdb_qwen38-27b_tp1_eager_mtp-off_w2b_20260914T211728Z_0,qwen38-27b,1,eager,off,w2b,0,0,3,25237167.5,Step:Schedule,158,158,158,159,159728.908,draft_token,159,1.0063,2.503,2.49,2.72,3.079,2.05,3.25,398.0,0.002,1877100851.0,20260914T211728Z,True
tdb_qwen38-27b_tp1_eager_mtp-off_w2b_20260914T211728Z_0,qwen38-27b,1,eager,off,w2b,0,0,3,25237167.5,Step:Schedule,158,158,158,159,159728.908,forward,159,1.0063,152327.911,151595.14,154067.936,164892.941,149118.95,167569.75,24220137.8,95.367,1877100851.0,20260914T211728Z,True
tdb_qwen38-27b_tp1_eager_mtp-off_w2b_20260914T211728Z_0,qwen38-27b,1,eager,off,w2b,0,0,3,25237167.5,Step:Schedule,158,158,158,159,159728.908,post process,159,1.0063,146.487,111.62,213.046,463.876,104.61,512.57,23291.5,0.092,1877100851.0,20260914T211728Z,True
tdb_qwen38-27b_tp1_eager_mtp-off_w2b_20260914T211728Z_0,qwen38-27b,1,eager,off,w2b,0,0,3,25237167.5,Step:Schedule,158,158,158,159,159728.908,prepare input,158,1.0,4065.042,4094.905,4180.215,4511.52,3697.41,4711.75,642276.6,2.545,1877100851.0,20260914T211728Z,True
tdb_qwen38-27b_tp1_eager_mtp-off_w2b_20260914T211728Z_0,qwen38-27b,1,eager,off,w2b,0,0,3,25237167.5,Step:Schedule,158,158,158,159,159728.908,sample_token,159,1.0063,195.758,117.55,475.462,490.526,110.72,513.9,31125.5,0.123,1877100851.0,20260914T211728Z,True
tdb_qwen38-27b_tp1_eager_mtp-off_w2b_20260914T211728Z_0,qwen38-27b,1,eager,off,w2b,0,0,3,25237167.5,Step:Schedule,158,158,158,159,159728.908,schedule: allocate_slots,158,1.0,42.824,42.345,44.116,55.919,40.26,58.22,6766.2,0.027,1877100851.0,20260914T211728Z,True
tdb_qwen38-27b_tp1_eager_mtp-off_w2b_20260914T211728Z_0,qwen38-27b,1,eager,off,w2b,0,0,3,25237167.5,Step:Schedule,158,158,158,159,159728.908,schedule: get_num_common_prefix_blocks,158,1.0,2.345,2.32,2.53,2.594,2.08,3.18,370.6,0.001,1877100851.0,20260914T211728Z,True
tdb_qwen38-27b_tp1_eager_mtp-off_w2b_20260914T211728Z_0,qwen38-27b,1,eager,off,w2b,0,0,3,25237167.5,Step:Schedule,158,158,158,159,159728.908,schedule: make_cached_request_data,158,1.0,11.587,11.505,12.246,14.063,10.54,14.65,1830.7,0.007,1877100851.0,20260914T211728Z,True
tdb_qwen38-27b_tp1_eager_mtp-off_w2b_20260914T211728Z_0,qwen38-27b,1,eager,off,w2b,0,0,3,25237167.5,Step:Schedule,158,158,158,159,159728.908,schedule: update_after_schedule,158,1.0,7.745,7.585,8.146,8.996,6.97,21.83,1223.8,0.005,1877100851.0,20260914T211728Z,True
tdb_qwen38-27b_tp1_eager_mtp-off_w2b_20260914T211728Z_0,qwen38-27b,1,eager,off,w2b,0,0,4,25265123.8,Step:Schedule,159,159,159,160,158900.15,Step:Output,160,1.0063,46.322,45.765,47.741,56.972,43.81,61.1,7411.5,0.029,2502777940.0,20260914T211728Z,True
tdb_qwen38-27b_tp1_eager_mtp-off_w2b_20260914T211728Z_0,qwen38-27b,1,eager,off,w2b,0,0,4,25265123.8,Step:Schedule,159,159,159,160,158900.15,Step:Schedule,159,1.0,422.066,365.45,630.22,658.516,252.09,669.07,67108.4,0.266,2502777940.0,20260914T211728Z,True
tdb_qwen38-27b_tp1_eager_mtp-off_w2b_20260914T211728Z_0,qwen38-27b,1,eager,off,w2b,0,0,4,25265123.8,Step:Schedule,159,159,159,160,158900.15,async_state_update,160,1.0063,63.834,49.935,57.31,309.051,46.11,310.81,10213.5,0.04,2502777940.0,20260914T211728Z,True
tdb_qwen38-27b_tp1_eager_mtp-off_w2b_20260914T211728Z_0,qwen38-27b,1,eager,off,w2b,0,0,4,25265123.8,Step:Schedule,159,159,159,160,158900.15,draft_token,160,1.0063,2.49,2.48,2.67,2.864,2.13,2.95,398.4,0.002,2502777940.0,20260914T211728Z,True
tdb_qwen38-27b_tp1_eager_mtp-off_w2b_20260914T211728Z_0,qwen38-27b,1,eager,off,w2b,0,0,4,25265123.8,Step:Schedule,159,159,159,160,158900.15,forward,160,1.0063,151605.354,148235.845,162829.773,163769.905,143802.37,164016.51,24256856.6,95.409,2502777940.0,20260914T211728Z,True
tdb_qwen38-27b_tp1_eager_mtp-off_w2b_20260914T211728Z_0,qwen38-27b,1,eager,off,w2b,0,0,4,25265123.8,Step:Schedule,159,159,159,160,158900.15,post process,160,1.0063,169.625,109.72,446.037,476.361,102.08,490.12,27140.0,0.107,2502777940.0,20260914T211728Z,True
tdb_qwen38-27b_tp1_eager_mtp-off_w2b_20260914T211728Z_0,qwen38-27b,1,eager,off,w2b,0,0,4,25265123.8,Step:Schedule,159,159,159,160,158900.15,prepare input,159,1.0,4008.534,4055.24,4220.212,4307.473,3631.91,4437.61,637356.9,2.523,2502777940.0,20260914T211728Z,True
tdb_qwen38-27b_tp1_eager_mtp-off_w2b_20260914T211728Z_0,qwen38-27b,1,eager,off,w2b,0,0,4,25265123.8,Step:Schedule,159,159,159,160,158900.15,sample_token,160,1.0063,185.038,116.87,461.355,484.373,106.6,492.26,29606.1,0.116,2502777940.0,20260914T211728Z,True
tdb_qwen38-27b_tp1_eager_mtp-off_w2b_20260914T211728Z_0,qwen38-27b,1,eager,off,w2b,0,0,4,25265123.8,Step:Schedule,159,159,159,160,158900.15,schedule: allocate_slots,159,1.0,42.931,42.54,44.098,53.433,40.34,56.65,6826.0,0.027,2502777940.0,20260914T211728Z,True
tdb_qwen38-27b_tp1_eager_mtp-off_w2b_20260914T211728Z_0,qwen38-27b,1,eager,off,w2b,0,0,4,25265123.8,Step:Schedule,159,159,159,160,158900.15,schedule: get_num_common_prefix_blocks,159,1.0,2.382,2.36,2.562,2.744,2.13,2.75,378.7,0.001,2502777940.0,20260914T211728Z,True
tdb_qwen38-27b_tp1_eager_mtp-off_w2b_20260914T211728Z_0,qwen38-27b,1,eager,off,w2b,0,0,4,25265123.8,Step:Schedule,159,159,159,160,158900.15,schedule: make_cached_request_data,159,1.0,11.604,11.55,12.13,13.634,10.59,15.07,1845.0,0.007,2502777940.0,20260914T211728Z,True
tdb_qwen38-27b_tp1_eager_mtp-off_w2b_20260914T211728Z_0,qwen38-27b,1,eager,off,w2b,0,0,4,25265123.8,Step:Schedule,159,159,159,160,158900.15,schedule: update_after_schedule,159,1.0,7.662,7.55,8.086,9.112,6.96,17.58,1218.2,0.005,2502777940.0,20260914T211728Z,True
tdb_qwen38-27b_tp1_eager_mtp-on_m1c_20260914T235832Z_1,qwen38-27b,1,eager,on,m1c,0,1,0,25268149.2,prepare input,225,0,225,226,112302.886,async_state_update,226,1.0044,187.263,186.65,192.865,204.79,177.62,236.4,42321.4,0.167,1465.0,20260914T235832Z,True
tdb_qwen38-27b_tp1_eager_mtp-on_m1c_20260914T235832Z_1,qwen38-27b,1,eager,on,m1c,0,1,0,25268149.2,prepare input,225,0,225,226,112302.886,draft_token,226,1.0044,8591.612,8585.795,8759.655,9133.923,8322.21,9238.92,1941704.2,7.65,1465.0,20260914T235832Z,True
tdb_qwen38-27b_tp1_eager_mtp-on_m1c_20260914T235832Z_1,qwen38-27b,1,eager,on,m1c,0,1,0,25268149.2,prepare input,225,0,225,226,112302.886,forward,226,1.0044,96818.464,96773.965,98140.56,102456.05,94861.6,105938.08,21880972.9,86.212,1465.0,20260914T235832Z,True
tdb_qwen38-27b_tp1_eager_mtp-on_m1c_20260914T235832Z_1,qwen38-27b,1,eager,on,m1c,0,1,0,25268149.2,prepare input,225,0,225,226,112302.886,model: mtp: draft_forward,452,2.0089,1480.218,1480.755,1510.423,1599.637,1365.87,1682.16,669058.6,1.318,1465.0,20260914T235832Z,True
tdb_qwen38-27b_tp1_eager_mtp-on_m1c_20260914T235832Z_1,qwen38-27b,1,eager,on,m1c,0,1,0,25268149.2,prepare input,225,0,225,226,112302.886,model: mtp: first_pass,226,1.0044,1448.175,1442.875,1480.56,1568.015,1402.45,1732.04,327287.5,1.29,1465.0,20260914T235832Z,True
tdb_qwen38-27b_tp1_eager_mtp-on_m1c_20260914T235832Z_1,qwen38-27b,1,eager,on,m1c,0,1,0,25268149.2,prepare input,225,0,225,226,112302.886,model: mtp: propose,226,1.0044,7734.504,7728.105,7877.495,8235.825,7493.41,8326.64,1747997.8,6.887,1465.0,20260914T235832Z,True
tdb_qwen38-27b_tp1_eager_mtp-on_m1c_20260914T235832Z_1,qwen38-27b,1,eager,on,m1c,0,1,0,25268149.2,prepare input,225,0,225,226,112302.886,post process,226,1.0044,103.742,102.685,108.84,120.352,96.42,140.58,23445.7,0.092,1465.0,20260914T235832Z,True
tdb_qwen38-27b_tp1_eager_mtp-on_m1c_20260914T235832Z_1,qwen38-27b,1,eager,on,m1c,0,1,0,25268149.2,prepare input,225,0,225,226,112302.886,prepare input,225,1.0,4787.998,4782.55,4886.962,5048.659,4617.44,5593.67,1077299.6,4.263,1465.0,20260914T235832Z,True
tdb_qwen38-27b_tp1_eager_mtp-on_m1c_20260914T235832Z_1,qwen38-27b,1,eager,on,m1c,0,1,0,25268149.2,prepare input,225,0,225,226,112302.886,sample_token,226,1.0044,504.697,503.95,529.64,561.587,469.37,605.59,114061.6,0.449,1465.0,20260914T235832Z,True
tdb_qwen38-27b_tp1_eager_mtp-on_m1c_20260914T235832Z_1,qwen38-27b,1,eager,on,m1c,0,1,1,25329255.5,prepare input,227,0,227,228,111582.624,async_state_update,228,1.0044,182.196,180.27,187.231,214.272,173.06,250.11,41540.8,0.163,217941386.0,20260914T235832Z,True
tdb_qwen38-27b_tp1_eager_mtp-on_m1c_20260914T235832Z_1,qwen38-27b,1,eager,on,m1c,0,1,1,25329255.5,prepare input,227,0,227,228,111582.624,draft_token,228,1.0044,8377.728,8307.68,8578.003,8710.302,8180.44,10182.32,1910122.0,7.508,217941386.0,20260914T235832Z,True
tdb_qwen38-27b_tp1_eager_mtp-on_m1c_20260914T235832Z_1,qwen38-27b,1,eager,on,m1c,0,1,1,25329255.5,prepare input,227,0,227,228,111582.624,forward,228,1.0044,96461.761,95612.49,98904.674,99945.137,94472.51,104880.51,21993281.6,86.449,217941386.0,20260914T235832Z,True
tdb_qwen38-27b_tp1_eager_mtp-on_m1c_20260914T235832Z_1,qwen38-27b,1,eager,on,m1c,0,1,1,25329255.5,prepare input,227,0,227,228,111582.624,model: mtp: draft_forward,456,2.0088,1409.499,1400.57,1444.63,1467.779,1368.98,1813.01,642731.6,1.263,217941386.0,20260914T235832Z,True
tdb_qwen38-27b_tp1_eager_mtp-on_m1c_20260914T235832Z_1,qwen38-27b,1,eager,on,m1c,0,1,1,25329255.5,prepare input,227,0,227,228,111582.624,model: mtp: first_pass,228,1.0044,1438.718,1428.615,1474.415,1502.627,1392.04,1761.44,328027.6,1.289,217941386.0,20260914T235832Z,True
tdb_qwen38-27b_tp1_eager_mtp-on_m1c_20260914T235832Z_1,qwen38-27b,1,eager,on,m1c,0,1,1,25329255.5,prepare input,227,0,227,228,111582.624,model: mtp: propose,228,1.0044,7537.072,7474.19,7715.113,7839.378,7366.37,9194.25,1718452.5,6.755,217941386.0,20260914T235832Z,True
tdb_qwen38-27b_tp1_eager_mtp-on_m1c_20260914T235832Z_1,qwen38-27b,1,eager,on,m1c,0,1,1,25329255.5,prepare input,227,0,227,228,111582.624,post process,228,1.0044,100.892,99.99,105.295,117.052,95.54,120.31,23003.5,0.09,217941386.0,20260914T235832Z,True
tdb_qwen38-27b_tp1_eager_mtp-on_m1c_20260914T235832Z_1,qwen38-27b,1,eager,on,m1c,0,1,1,25329255.5,prepare input,227,0,227,228,111582.624,prepare input,227,1.0,4696.036,4672.07,4776.34,4874.578,4599.52,5701.47,1066000.1,4.209,217941386.0,20260914T235832Z,True
tdb_qwen38-27b_tp1_eager_mtp-on_m1c_20260914T235832Z_1,qwen38-27b,1,eager,on,m1c,0,1,1,25329255.5,prepare input,227,0,227,228,111582.624,sample_token,228,1.0044,488.685,486.35,505.305,530.91,463.95,628.66,111420.3,0.438,217941386.0,20260914T235832Z,True
tdb_qwen38-27b_tp1_eager_mtp-on_m1c_20260914T235832Z_1,qwen38-27b,1,eager,on,m1c,0,1,2,25286565.2,prepare input,228,0,228,229,110905.988,async_state_update,229,1.0044,184.111,183.24,188.212,197.967,177.76,200.4,42161.4,0.166,435299684.0,20260914T235832Z,True
tdb_qwen38-27b_tp1_eager_mtp-on_m1c_20260914T235832Z_1,qwen38-27b,1,eager,on,m1c,0,1,2,25286565.2,prepare input,228,0,228,229,110905.988,draft_token,229,1.0044,8351.029,8322.63,8484.172,8578.185,8223.14,8693.04,1912385.7,7.53,435299684.0,20260914T235832Z,True
tdb_qwen38-27b_tp1_eager_mtp-on_m1c_20260914T235832Z_1,qwen38-27b,1,eager,on,m1c,0,1,2,25286565.2,prepare input,228,0,228,229,110905.988,forward,229,1.0044,95760.081,95373.03,97450.238,98467.074,94403.11,99103.37,21929058.4,86.343,435299684.0,20260914T235832Z,True
tdb_qwen38-27b_tp1_eager_mtp-on_m1c_20260914T235832Z_1,qwen38-27b,1,eager,on,m1c,0,1,2,25286565.2,prepare input,228,0,228,229,110905.988,model: mtp: draft_forward,458,2.0088,1405.427,1403.05,1430.795,1452.457,1371.5,1487.37,643685.7,1.267,435299684.0,20260914T235832Z,True
tdb_qwen38-27b_tp1_eager_mtp-on_m1c_20260914T235832Z_1,qwen38-27b,1,eager,on,m1c,0,1,2,25286565.2,prepare input,228,0,228,229,110905.988,model: mtp: first_pass,229,1.0044,1431.511,1427.66,1458.462,1474.456,1403.52,1479.73,327816.1,1.291,435299684.0,20260914T235832Z,True
tdb_qwen38-27b_tp1_eager_mtp-on_m1c_20260914T235832Z_1,qwen38-27b,1,eager,on,m1c,0,1,2,25286565.2,prepare input,228,0,228,229,110905.988,model: mtp: propose,229,1.0044,7512.094,7488.57,7638.136,7705.935,7398.86,7805.1,1720269.5,6.773,435299684.0,20260914T235832Z,True
tdb_qwen38-27b_tp1_eager_mtp-on_m1c_20260914T235832Z_1,qwen38-27b,1,eager,on,m1c,0,1,2,25286565.2,prepare input,228,0,228,229,110905.988,post process,229,1.0044,101.084,100.47,103.206,113.204,97.25,117.12,23148.2,0.091,435299684.0,20260914T235832Z,True
tdb_qwen38-27b_tp1_eager_mtp-on_m1c_20260914T235832Z_1,qwen38-27b,1,eager,on,m1c,0,1,2,25286565.2,prepare input,228,0,228,229,110905.988,prepare input,228,1.0,4738.088,4727.715,4793.131,4866.011,4666.44,4933.68,1080284.0,4.272,435299684.0,20260914T235832Z,True
tdb_qwen38-27b_tp1_eager_mtp-on_m1c_20260914T235832Z_1,qwen38-27b,1,eager,on,m1c,0,1,2,25286565.2,prepare input,228,0,228,229,110905.988,sample_token,229,1.0044,498.992,496.65,513.134,540.24,478.86,554.06,114269.1,0.45,435299684.0,20260914T235832Z,True
tdb_qwen38-27b_tp1_eager_mtp-on_m1c_20260914T235832Z_1,qwen38-27b,1,eager,on,m1c,0,1,3,25378030.0,prepare input,225,0,225,226,112791.244,async_state_update,226,1.0044,185.224,184.655,188.615,199.968,177.98,207.78,41860.6,0.164,654627904.0,20260914T235832Z,True
tdb_qwen38-27b_tp1_eager_mtp-on_m1c_20260914T235832Z_1,qwen38-27b,1,eager,on,m1c,0,1,3,25378030.0,prepare input,225,0,225,226,112791.244,draft_token,226,1.0044,8456.99,8448.455,8556.075,8682.738,8238.03,8794.22,1911279.9,7.498,654627904.0,20260914T235832Z,True
tdb_qwen38-27b_tp1_eager_mtp-on_m1c_20260914T235832Z_1,qwen38-27b,1,eager,on,m1c,0,1,3,25378030.0,prepare input,225,0,225,226,112791.244,forward,226,1.0044,97155.903,97172.645,98228.47,98844.323,94876.1,98933.42,21957234.0,86.138,654627904.0,20260914T235832Z,True
tdb_qwen38-27b_tp1_eager_mtp-on_m1c_20260914T235832Z_1,qwen38-27b,1,eager,on,m1c,0,1,3,25378030.0,prepare input,225,0,225,226,112791.244,model: mtp: draft_forward,452,2.0089,1426.398,1425.62,1444.498,1485.361,1378.18,1751.15,644732.1,1.265,654627904.0,20260914T235832Z,True
tdb_qwen38-27b_tp1_eager_mtp-on_m1c_20260914T235832Z_1,qwen38-27b,1,eager,on,m1c,0,1,3,25378030.0,prepare input,225,0,225,226,112791.244,model: mtp: first_pass,226,1.0044,1450.733,1451.485,1469.655,1492.103,1403.97,1515.33,327865.8,1.286,654627904.0,20260914T235832Z,True
tdb_qwen38-27b_tp1_eager_mtp-on_m1c_20260914T235832Z_1,qwen38-27b,1,eager,on,m1c,0,1,3,25378030.0,prepare input,225,0,225,226,112791.244,model: mtp: propose,226,1.0044,7607.573,7603.44,7690.065,7806.705,7407.15,7958.18,1719311.5,6.745,654627904.0,20260914T235832Z,True
tdb_qwen38-27b_tp1_eager_mtp-on_m1c_20260914T235832Z_1,qwen38-27b,1,eager,on,m1c,0,1,3,25378030.0,prepare input,225,0,225,226,112791.244,post process,226,1.0044,101.978,101.495,104.295,113.21,97.32,115.94,23047.1,0.09,654627904.0,20260914T235832Z,True
tdb_qwen38-27b_tp1_eager_mtp-on_m1c_20260914T235832Z_1,qwen38-27b,1,eager,on,m1c,0,1,3,25378030.0,prepare input,225,0,225,226,112791.244,prepare input,225,1.0,5086.836,5078.35,5125.632,5223.366,4999.11,6361.99,1144538.1,4.51,654627904.0,20260914T235832Z,True
tdb_qwen38-27b_tp1_eager_mtp-on_m1c_20260914T235832Z_1,qwen38-27b,1,eager,on,m1c,0,1,3,25378030.0,prepare input,225,0,225,226,112791.244,sample_token,226,1.0044,492.887,489.235,509.64,534.25,476.35,542.84,111392.5,0.437,654627904.0,20260914T235832Z,True
tdb_qwen38-27b_tp1_eager_mtp-on_m1c_20260914T235832Z_1,qwen38-27b,1,eager,on,m1c,0,1,4,25377141.7,prepare input,218,0,218,219,116408.907,async_state_update,219,1.0046,190.761,189.8,193.574,207.319,185.71,208.49,41776.6,0.164,875236250.0,20260914T235832Z,True
tdb_qwen38-27b_tp1_eager_mtp-on_m1c_20260914T235832Z_1,qwen38-27b,1,eager,on,m1c,0,1,4,25377141.7,prepare input,218,0,218,219,116408.907,draft_token,219,1.0046,8739.322,8732.79,8770.624,8886.059,8669.88,8967.85,1913911.6,7.507,875236250.0,20260914T235832Z,True
tdb_qwen38-27b_tp1_eager_mtp-on_m1c_20260914T235832Z_1,qwen38-27b,1,eager,on,m1c,0,1,4,25377141.7,prepare input,218,0,218,219,116408.907,forward,219,1.0046,100606.219,100581.64,100873.916,101512.847,100050.49,102103.02,22032761.9,86.425,875236250.0,20260914T235832Z,True
tdb_qwen38-27b_tp1_eager_mtp-on_m1c_20260914T235832Z_1,qwen38-27b,1,eager,on,m1c,0,1,4,25377141.7,prepare input,218,0,218,219,116408.907,model: mtp: draft_forward,438,2.0092,1474.0,1472.805,1486.996,1498.192,1450.73,1518.14,645611.9,1.266,875236250.0,20260914T235832Z,True
tdb_qwen38-27b_tp1_eager_mtp-on_m1c_20260914T235832Z_1,qwen38-27b,1,eager,on,m1c,0,1,4,25377141.7,prepare input,218,0,218,219,116408.907,model: mtp: first_pass,219,1.0046,1501.956,1499.83,1515.752,1529.247,1481.94,1553.8,328928.3,1.29,875236250.0,20260914T235832Z,True
tdb_qwen38-27b_tp1_eager_mtp-on_m1c_20260914T235832Z_1,qwen38-27b,1,eager,on,m1c,0,1,4,25377141.7,prepare input,218,0,218,219,116408.907,model: mtp: propose,219,1.0046,7863.414,7858.81,7891.402,7972.094,7807.27,8045.85,1722087.7,6.755,875236250.0,20260914T235832Z,True
tdb_qwen38-27b_tp1_eager_mtp-on_m1c_20260914T235832Z_1,qwen38-27b,1,eager,on,m1c,0,1,4,25377141.7,prepare input,218,0,218,219,116408.907,post process,219,1.0046,105.97,105.6,107.602,116.988,102.77,120.04,23207.4,0.091,875236250.0,20260914T235832Z,True
tdb_qwen38-27b_tp1_eager_mtp-on_m1c_20260914T235832Z_1,qwen38-27b,1,eager,on,m1c,0,1,4,25377141.7,prepare input,218,0,218,219,116408.907,prepare input,218,1.0,4883.025,4868.245,4898.865,5015.099,4825.94,7377.83,1064499.4,4.195,875236250.0,20260914T235832Z,True
tdb_qwen38-27b_tp1_eager_mtp-on_m1c_20260914T235832Z_1,qwen38-27b,1,eager,on,m1c,0,1,4,25377141.7,prepare input,218,0,218,219,116408.907,sample_token,219,1.0046,508.546,505.44,524.03,549.071,492.58,554.18,111371.6,0.437,875236250.0,20260914T235832Z,True
tdb_qwen38-27b_tp1_eager_mtp-on_w2b_20260914T211728Z_1,qwen38-27b,1,eager,on,w2b,0,1,0,25156958.1,Step:Schedule,129,129,129,130,195015.179,Step:Output,130,1.0078,58.83,58.655,61.724,73.642,52.17,76.55,7647.9,0.03,657.0,20260914T211728Z,True
tdb_qwen38-27b_tp1_eager_mtp-on_w2b_20260914T211728Z_1,qwen38-27b,1,eager,on,w2b,0,1,0,25156958.1,Step:Schedule,129,129,129,130,195015.179,Step:Schedule,129,1.0,402.607,279.7,643.68,748.796,261.98,973.7,51936.3,0.206,657.0,20260914T211728Z,True
tdb_qwen38-27b_tp1_eager_mtp-on_w2b_20260914T211728Z_1,qwen38-27b,1,eager,on,w2b,0,1,0,25156958.1,Step:Schedule,129,129,129,130,195015.179,async_state_update,130,1.0078,272.114,211.465,542.305,557.607,185.15,569.02,35374.8,0.14,657.0,20260914T211728Z,True
tdb_qwen38-27b_tp1_eager_mtp-on_w2b_20260914T211728Z_1,qwen38-27b,1,eager,on,w2b,0,1,0,25156958.1,Step:Schedule,129,129,129,130,195015.179,draft_token,130,1.0078,14660.62,14779.965,15384.053,15707.271,13446.47,15727.91,1905880.5,7.518,657.0,20260914T211728Z,True
tdb_qwen38-27b_tp1_eager_mtp-on_w2b_20260914T211728Z_1,qwen38-27b,1,eager,on,w2b,0,1,0,25156958.1,Step:Schedule,129,129,129,130,195015.179,forward,130,1.0078,168150.238,171240.86,174293.049,176020.094,156120.81,177289.56,21859531.0,86.224,657.0,20260914T211728Z,True
tdb_qwen38-27b_tp1_eager_mtp-on_w2b_20260914T211728Z_1,qwen38-27b,1,eager,on,w2b,0,1,0,25156958.1,Step:Schedule,129,129,129,130,195015.179,model: mtp: draft_forward,260,2.0155,2585.417,2496.09,2904.58,3022.63,2273.53,3130.0,672208.4,1.326,657.0,20260914T211728Z,True
tdb_qwen38-27b_tp1_eager_mtp-on_w2b_20260914T211728Z_1,qwen38-27b,1,eager,on,w2b,0,1,0,25156958.1,Step:Schedule,129,129,129,130,195015.179,model: mtp: first_pass,130,1.0078,2612.772,2692.51,2840.542,2931.836,2255.76,2986.46,339660.3,1.34,657.0,20260914T211728Z,True
tdb_qwen38-27b_tp1_eager_mtp-on_w2b_20260914T211728Z_1,qwen38-27b,1,eager,on,w2b,0,1,0,25156958.1,Step:Schedule,129,129,129,130,195015.179,model: mtp: propose,130,1.0078,13183.755,13217.905,13771.941,14000.659,12197.35,14063.45,1713888.1,6.76,657.0,20260914T211728Z,True
tdb_qwen38-27b_tp1_eager_mtp-on_w2b_20260914T211728Z_1,qwen38-27b,1,eager,on,w2b,0,1,0,25156958.1,Step:Schedule,129,129,129,130,195015.179,post process,130,1.0078,134.986,117.39,127.218,488.221,103.26,513.53,17548.2,0.069,657.0,20260914T211728Z,True
tdb_qwen38-27b_tp1_eager_mtp-on_w2b_20260914T211728Z_1,qwen38-27b,1,eager,on,w2b,0,1,0,25156958.1,Step:Schedule,129,129,129,130,195015.179,prepare input,129,1.0,7408.703,7429.32,7583.586,7846.903,6843.47,8070.58,955722.7,3.799,657.0,20260914T211728Z,True
tdb_qwen38-27b_tp1_eager_mtp-on_w2b_20260914T211728Z_1,qwen38-27b,1,eager,on,w2b,0,1,0,25156958.1,Step:Schedule,129,129,129,130,195015.179,sample_token,130,1.0078,706.04,805.415,844.752,913.744,426.95,1051.44,91785.2,0.362,657.0,20260914T211728Z,True
tdb_qwen38-27b_tp1_eager_mtp-on_w2b_20260914T211728Z_1,qwen38-27b,1,eager,on,w2b,0,1,0,25156958.1,Step:Schedule,129,129,129,130,195015.179,schedule: allocate_slots,129,1.0,45.798,45.39,47.602,57.402,42.65,58.55,5908.0,0.023,657.0,20260914T211728Z,True
tdb_qwen38-27b_tp1_eager_mtp-on_w2b_20260914T211728Z_1,qwen38-27b,1,eager,on,w2b,0,1,0,25156958.1,Step:Schedule,129,129,129,130,195015.179,schedule: get_num_common_prefix_blocks,129,1.0,2.46,2.46,2.622,2.9,2.13,3.02,317.4,0.001,657.0,20260914T211728Z,True
tdb_qwen38-27b_tp1_eager_mtp-on_w2b_20260914T211728Z_1,qwen38-27b,1,eager,on,w2b,0,1,0,25156958.1,Step:Schedule,129,129,129,130,195015.179,schedule: make_cached_request_data,129,1.0,11.968,11.88,12.576,14.679,10.59,15.65,1543.9,0.006,657.0,20260914T211728Z,True
tdb_qwen38-27b_tp1_eager_mtp-on_w2b_20260914T211728Z_1,qwen38-27b,1,eager,on,w2b,0,1,0,25156958.1,Step:Schedule,129,129,129,130,195015.179,schedule: update_after_schedule,129,1.0,7.531,7.49,8.06,8.791,6.55,9.0,971.5,0.004,657.0,20260914T211728Z,True
tdb_qwen38-27b_tp1_eager_mtp-on_w2b_20260914T211728Z_1,qwen38-27b,1,eager,on,w2b,0,1,1,25282728.8,Step:Schedule,128,128,128,129,197521.319,Step:Output,129,1.0078,57.307,57.29,59.648,61.348,53.27,78.71,7392.6,0.029,234982127.0,20260914T211728Z,True
tdb_qwen38-27b_tp1_eager_mtp-on_w2b_20260914T211728Z_1,qwen38-27b,1,eager,on,w2b,0,1,1,25282728.8,Step:Schedule,128,128,128,129,197521.319,Step:Schedule,128,1.0,471.562,612.29,647.526,682.467,265.37,791.19,60359.9,0.239,234982127.0,20260914T211728Z,True
tdb_qwen38-27b_tp1_eager_mtp-on_w2b_20260914T211728Z_1,qwen38-27b,1,eager,on,w2b,0,1,1,25282728.8,Step:Schedule,128,128,128,129,197521.319,async_state_update,129,1.0078,354.187,228.53,558.586,577.561,190.82,578.6,45690.1,0.179,234982127.0,20260914T211728Z,True
tdb_qwen38-27b_tp1_eager_mtp-on_w2b_20260914T211728Z_1,qwen38-27b,1,eager,on,w2b,0,1,1,25282728.8,Step:Schedule,128,128,128,129,197521.319,draft_token,129,1.0078,14590.404,14814.23,14976.95,15299.02,13419.02,15439.56,1882162.1,7.387,234982127.0,20260914T211728Z,True
tdb_qwen38-27b_tp1_eager_mtp-on_w2b_20260914T211728Z_1,qwen38-27b,1,eager,on,w2b,0,1,1,25282728.8,Step:Schedule,128,128,128,129,197521.319,forward,129,1.0078,170627.762,172936.78,174893.25,177141.309,158150.51,177657.12,22010981.3,86.384,234982127.0,20260914T211728Z,True
tdb_qwen38-27b_tp1_eager_mtp-on_w2b_20260914T211728Z_1,qwen38-27b,1,eager,on,w2b,0,1,1,25282728.8,Step:Schedule,128,128,128,129,197521.319,model: mtp: draft_forward,258,2.0156,2568.663,2453.905,2822.229,2855.693,2262.62,2867.51,662715.1,1.3,234982127.0,20260914T211728Z,True
tdb_qwen38-27b_tp1_eager_mtp-on_w2b_20260914T211728Z_1,qwen38-27b,1,eager,on,w2b,0,1,1,25282728.8,Step:Schedule,128,128,128,129,197521.319,model: mtp: first_pass,129,1.0078,2618.12,2673.59,2845.268,2887.102,2271.69,2897.7,337737.5,1.325,234982127.0,20260914T211728Z,True
tdb_qwen38-27b_tp1_eager_mtp-on_w2b_20260914T211728Z_1,qwen38-27b,1,eager,on,w2b,0,1,1,25282728.8,Step:Schedule,128,128,128,129,197521.319,model: mtp: propose,129,1.0078,13048.364,13205.18,13448.118,13618.396,12139.76,13686.54,1683239.0,6.606,234982127.0,20260914T211728Z,True
tdb_qwen38-27b_tp1_eager_mtp-on_w2b_20260914T211728Z_1,qwen38-27b,1,eager,on,w2b,0,1,1,25282728.8,Step:Schedule,128,128,128,129,197521.319,post process,129,1.0078,148.32,117.77,137.102,484.614,105.83,486.43,19133.2,0.075,234982127.0,20260914T211728Z,True
tdb_qwen38-27b_tp1_eager_mtp-on_w2b_20260914T211728Z_1,qwen38-27b,1,eager,on,w2b,0,1,1,25282728.8,Step:Schedule,128,128,128,129,197521.319,prepare input,128,1.0,7470.009,7490.975,7607.624,7917.374,6842.75,7969.54,956161.2,3.782,234982127.0,20260914T211728Z,True
tdb_qwen38-27b_tp1_eager_mtp-on_w2b_20260914T211728Z_1,qwen38-27b,1,eager,on,w2b,0,1,1,25282728.8,Step:Schedule,128,128,128,129,197521.319,sample_token,129,1.0078,681.094,803.92,840.686,870.317,435.54,890.41,87861.1,0.345,234982127.0,20260914T211728Z,True
tdb_qwen38-27b_tp1_eager_mtp-on_w2b_20260914T211728Z_1,qwen38-27b,1,eager,on,w2b,0,1,1,25282728.8,Step:Schedule,128,128,128,129,197521.319,schedule: allocate_slots,128,1.0,45.554,44.9,46.822,61.008,43.14,66.55,5830.9,0.023,234982127.0,20260914T211728Z,True
tdb_qwen38-27b_tp1_eager_mtp-on_w2b_20260914T211728Z_1,qwen38-27b,1,eager,on,w2b,0,1,1,25282728.8,Step:Schedule,128,128,128,129,197521.319,schedule: get_num_common_prefix_blocks,128,1.0,2.495,2.46,2.73,3.391,2.13,3.47,319.3,0.001,234982127.0,20260914T211728Z,True
tdb_qwen38-27b_tp1_eager_mtp-on_w2b_20260914T211728Z_1,qwen38-27b,1,eager,on,w2b,0,1,1,25282728.8,Step:Schedule,128,128,128,129,197521.319,schedule: make_cached_request_data,128,1.0,12.083,12.01,12.923,14.572,10.51,16.16,1546.7,0.006,234982127.0,20260914T211728Z,True
tdb_qwen38-27b_tp1_eager_mtp-on_w2b_20260914T211728Z_1,qwen38-27b,1,eager,on,w2b,0,1,1,25282728.8,Step:Schedule,128,128,128,129,197521.319,schedule: update_after_schedule,128,1.0,7.41,7.355,7.803,8.251,6.75,8.58,948.4,0.004,234982127.0,20260914T211728Z,True
tdb_qwen38-27b_tp1_eager_mtp-on_w2b_20260914T211728Z_1,qwen38-27b,1,eager,on,w2b,0,1,2,25255098.5,Step:Schedule,132,132,132,133,191326.504,Step:Output,133,1.0076,57.089,56.42,61.33,70.737,52.24,72.11,7592.8,0.03,473097194.0,20260914T211728Z,True
tdb_qwen38-27b_tp1_eager_mtp-on_w2b_20260914T211728Z_1,qwen38-27b,1,eager,on,w2b,0,1,2,25255098.5,Step:Schedule,132,132,132,133,191326.504,Step:Schedule,132,1.0,464.623,600.17,645.203,741.708,260.86,774.22,61330.2,0.243,473097194.0,20260914T211728Z,True
tdb_qwen38-27b_tp1_eager_mtp-on_w2b_20260914T211728Z_1,qwen38-27b,1,eager,on,w2b,0,1,2,25255098.5,Step:Schedule,132,132,132,133,191326.504,async_state_update,133,1.0076,308.25,208.77,550.05,572.031,190.1,582.23,40997.3,0.161,473097194.0,20260914T211728Z,True
tdb_qwen38-27b_tp1_eager_mtp-on_w2b_20260914T211728Z_1,qwen38-27b,1,eager,on,w2b,0,1,2,25255098.5,Step:Schedule,132,132,132,133,191326.504,draft_token,133,1.0076,14195.56,13866.34,15056.55,15538.25,13362.43,15599.67,1888009.4,7.42,473097194.0,20260914T211728Z,True
tdb_qwen38-27b_tp1_eager_mtp-on_w2b_20260914T211728Z_1,qwen38-27b,1,eager,on,w2b,0,1,2,25255098.5,Step:Schedule,132,132,132,133,191326.504,forward,133,1.0076,165121.91,160428.6,176515.916,178428.01,159015.85,178659.44,21961214.0,86.304,473097194.0,20260914T211728Z,True
tdb_qwen38-27b_tp1_eager_mtp-on_w2b_20260914T211728Z_1,qwen38-27b,1,eager,on,w2b,0,1,2,25255098.5,Step:Schedule,132,132,132,133,191326.504,model: mtp: draft_forward,266,2.0152,2534.931,2558.815,2817.825,2906.002,2229.28,2948.0,674291.6,1.325,473097194.0,20260914T211728Z,True
tdb_qwen38-27b_tp1_eager_mtp-on_w2b_20260914T211728Z_1,qwen38-27b,1,eager,on,w2b,0,1,2,25255098.5,Step:Schedule,132,132,132,133,191326.504,model: mtp: first_pass,133,1.0076,2526.218,2474.42,2780.396,2877.941,2281.24,2887.86,335987.0,1.32,473097194.0,20260914T211728Z,True
tdb_qwen38-27b_tp1_eager_mtp-on_w2b_20260914T211728Z_1,qwen38-27b,1,eager,on,w2b,0,1,2,25255098.5,Step:Schedule,132,132,132,133,191326.504,model: mtp: propose,133,1.0076,12760.254,12617.34,13405.44,13763.102,12097.72,13835.07,1697113.8,6.669,473097194.0,20260914T211728Z,True
tdb_qwen38-27b_tp1_eager_mtp-on_w2b_20260914T211728Z_1,qwen38-27b,1,eager,on,w2b,0,1,2,25255098.5,Step:Schedule,132,132,132,133,191326.504,post process,133,1.0076,151.409,109.74,428.872,481.618,104.48,487.94,20137.4,0.079,473097194.0,20260914T211728Z,True
tdb_qwen38-27b_tp1_eager_mtp-on_w2b_20260914T211728Z_1,qwen38-27b,1,eager,on,w2b,0,1,2,25255098.5,Step:Schedule,132,132,132,133,191326.504,prepare input,132,1.0,7294.388,7290.675,7618.868,8040.43,6865.11,8088.36,962859.3,3.813,473097194.0,20260914T211728Z,True
tdb_qwen38-27b_tp1_eager_mtp-on_w2b_20260914T211728Z_1,qwen38-27b,1,eager,on,w2b,0,1,2,25255098.5,Step:Schedule,132,132,132,133,191326.504,sample_token,133,1.0076,676.871,791.73,834.588,855.988,432.4,860.67,90023.8,0.354,473097194.0,20260914T211728Z,True
tdb_qwen38-27b_tp1_eager_mtp-on_w2b_20260914T211728Z_1,qwen38-27b,1,eager,on,w2b,0,1,2,25255098.5,Step:Schedule,132,132,132,133,191326.504,schedule: allocate_slots,132,1.0,45.289,45.01,46.722,50.49,42.86,52.61,5978.2,0.024,473097194.0,20260914T211728Z,True
tdb_qwen38-27b_tp1_eager_mtp-on_w2b_20260914T211728Z_1,qwen38-27b,1,eager,on,w2b,0,1,2,25255098.5,Step:Schedule,132,132,132,133,191326.504,schedule: get_num_common_prefix_blocks,132,1.0,2.524,2.45,2.65,3.011,2.18,10.44,333.2,0.001,473097194.0,20260914T211728Z,True
tdb_qwen38-27b_tp1_eager_mtp-on_w2b_20260914T211728Z_1,qwen38-27b,1,eager,on,w2b,0,1,2,25255098.5,Step:Schedule,132,132,132,133,191326.504,schedule: make_cached_request_data,132,1.0,12.155,12.06,12.829,16.047,10.84,18.5,1604.5,0.006,473097194.0,20260914T211728Z,True
tdb_qwen38-27b_tp1_eager_mtp-on_w2b_20260914T211728Z_1,qwen38-27b,1,eager,on,w2b,0,1,2,25255098.5,Step:Schedule,132,132,132,133,191326.504,schedule: update_after_schedule,132,1.0,7.535,7.42,7.83,8.987,6.92,18.11,994.6,0.004,473097194.0,20260914T211728Z,True
tdb_qwen38-27b_tp1_eager_mtp-on_w2b_20260914T211728Z_1,qwen38-27b,1,eager,on,w2b,0,1,3,25322008.6,Step:Schedule,134,134,134,135,188970.213,Step:Output,135,1.0075,55.997,55.95,59.604,63.518,50.39,65.72,7559.6,0.03,713087520.0,20260914T211728Z,True
tdb_qwen38-27b_tp1_eager_mtp-on_w2b_20260914T211728Z_1,qwen38-27b,1,eager,on,w2b,0,1,3,25322008.6,Step:Schedule,134,134,134,135,188970.213,Step:Schedule,134,1.0,507.827,625.265,651.855,755.618,256.19,791.85,68048.8,0.269,713087520.0,20260914T211728Z,True
tdb_qwen38-27b_tp1_eager_mtp-on_w2b_20260914T211728Z_1,qwen38-27b,1,eager,on,w2b,0,1,3,25322008.6,Step:Schedule,134,134,134,135,188970.213,async_state_update,135,1.0075,338.876,213.81,550.43,576.05,186.26,587.5,45748.3,0.179,713087520.0,20260914T211728Z,True
tdb_qwen38-27b_tp1_eager_mtp-on_w2b_20260914T211728Z_1,qwen38-27b,1,eager,on,w2b,0,1,3,25322008.6,Step:Schedule,134,134,134,135,188970.213,draft_token,135,1.0075,14080.564,13875.57,15013.962,15409.707,13194.82,15453.86,1900876.2,7.451,713087520.0,20260914T211728Z,True
tdb_qwen38-27b_tp1_eager_mtp-on_w2b_20260914T211728Z_1,qwen38-27b,1,eager,on,w2b,0,1,3,25322008.6,Step:Schedule,134,134,134,135,188970.213,forward,135,1.0075,162891.709,160309.72,175353.522,176814.981,154057.38,177417.01,21990380.7,86.2,713087520.0,20260914T211728Z,True
tdb_qwen38-27b_tp1_eager_mtp-on_w2b_20260914T211728Z_1,qwen38-27b,1,eager,on,w2b,0,1,3,25322008.6,Step:Schedule,134,134,134,135,188970.213,model: mtp: draft_forward,270,2.0149,2486.114,2416.235,2804.657,2892.174,2179.89,2918.31,671250.7,1.316,713087520.0,20260914T211728Z,True
tdb_qwen38-27b_tp1_eager_mtp-on_w2b_20260914T211728Z_1,qwen38-27b,1,eager,on,w2b,0,1,3,25322008.6,Step:Schedule,134,134,134,135,188970.213,model: mtp: first_pass,135,1.0075,2516.447,2485.31,2755.44,2882.751,2239.05,2961.17,339720.3,1.332,713087520.0,20260914T211728Z,True
tdb_qwen38-27b_tp1_eager_mtp-on_w2b_20260914T211728Z_1,qwen38-27b,1,eager,on,w2b,0,1,3,25322008.6,Step:Schedule,134,134,134,135,188970.213,model: mtp: propose,135,1.0075,12683.807,12592.97,13350.964,13707.6,11954.79,13945.29,1712313.9,6.712,713087520.0,20260914T211728Z,True
tdb_qwen38-27b_tp1_eager_mtp-on_w2b_20260914T211728Z_1,qwen38-27b,1,eager,on,w2b,0,1,3,25322008.6,Step:Schedule,134,134,134,135,188970.213,post process,135,1.0075,156.746,110.27,447.788,478.212,103.04,487.76,21160.7,0.083,713087520.0,20260914T211728Z,True
tdb_qwen38-27b_tp1_eager_mtp-on_w2b_20260914T211728Z_1,qwen38-27b,1,eager,on,w2b,0,1,3,25322008.6,Step:Schedule,134,134,134,135,188970.213,prepare input,134,1.0,7264.555,7290.045,7559.365,7732.695,6821.55,7892.19,973450.4,3.844,713087520.0,20260914T211728Z,True
tdb_qwen38-27b_tp1_eager_mtp-on_w2b_20260914T211728Z_1,qwen38-27b,1,eager,on,w2b,0,1,3,25322008.6,Step:Schedule,134,134,134,135,188970.213,sample_token,135,1.0075,690.19,790.71,817.744,859.321,418.28,862.0,93175.7,0.365,713087520.0,20260914T211728Z,True
tdb_qwen38-27b_tp1_eager_mtp-on_w2b_20260914T211728Z_1,qwen38-27b,1,eager,on,w2b,0,1,3,25322008.6,Step:Schedule,134,134,134,135,188970.213,schedule: allocate_slots,134,1.0,44.852,44.62,45.902,55.547,41.76,56.54,6010.2,0.024,713087520.0,20260914T211728Z,True
tdb_qwen38-27b_tp1_eager_mtp-on_w2b_20260914T211728Z_1,qwen38-27b,1,eager,on,w2b,0,1,3,25322008.6,Step:Schedule,134,134,134,135,188970.213,schedule: get_num_common_prefix_blocks,134,1.0,2.433,2.42,2.61,2.747,2.15,2.76,326.0,0.001,713087520.0,20260914T211728Z,True
tdb_qwen38-27b_tp1_eager_mtp-on_w2b_20260914T211728Z_1,qwen38-27b,1,eager,on,w2b,0,1,3,25322008.6,Step:Schedule,134,134,134,135,188970.213,schedule: make_cached_request_data,134,1.0,11.736,11.61,12.715,14.345,10.37,15.27,1572.7,0.006,713087520.0,20260914T211728Z,True
tdb_qwen38-27b_tp1_eager_mtp-on_w2b_20260914T211728Z_1,qwen38-27b,1,eager,on,w2b,0,1,3,25322008.6,Step:Schedule,134,134,134,135,188970.213,schedule: update_after_schedule,134,1.0,7.354,7.32,7.697,8.1,6.51,8.19,985.4,0.004,713087520.0,20260914T211728Z,True
tdb_qwen38-27b_tp1_eager_mtp-on_w2b_20260914T211728Z_1,qwen38-27b,1,eager,on,w2b,0,1,4,25225485.6,Step:Schedule,133,133,133,134,189665.305,Step:Output,134,1.0075,56.622,56.23,60.197,68.102,51.73,73.51,7587.3,0.03,948651979.0,20260914T211728Z,True
tdb_qwen38-27b_tp1_eager_mtp-on_w2b_20260914T211728Z_1,qwen38-27b,1,eager,on,w2b,0,1,4,25225485.6,Step:Schedule,133,133,133,134,189665.305,Step:Schedule,133,1.0,522.495,618.03,636.362,743.524,257.81,748.57,69491.9,0.275,948651979.0,20260914T211728Z,True
tdb_qwen38-27b_tp1_eager_mtp-on_w2b_20260914T211728Z_1,qwen38-27b,1,eager,on,w2b,0,1,4,25225485.6,Step:Schedule,133,133,133,134,189665.305,async_state_update,134,1.0075,369.573,286.14,548.074,562.418,188.79,570.85,49522.7,0.195,948651979.0,20260914T211728Z,True
tdb_qwen38-27b_tp1_eager_mtp-on_w2b_20260914T211728Z_1,qwen38-27b,1,eager,on,w2b,0,1,4,25225485.6,Step:Schedule,133,133,133,134,189665.305,draft_token,134,1.0075,14079.67,13968.905,14765.48,14937.869,13590.98,14981.0,1886675.8,7.423,948651979.0,20260914T211728Z,True
tdb_qwen38-27b_tp1_eager_mtp-on_w2b_20260914T211728Z_1,qwen38-27b,1,eager,on,w2b,0,1,4,25225485.6,Step:Schedule,133,133,133,134,189665.305,forward,134,1.0075,163568.257,161715.27,172711.668,173365.014,160088.74,173628.49,21918146.4,86.24,948651979.0,20260914T211728Z,True
tdb_qwen38-27b_tp1_eager_mtp-on_w2b_20260914T211728Z_1,qwen38-27b,1,eager,on,w2b,0,1,4,25225485.6,Step:Schedule,133,133,133,134,189665.305,model: mtp: draft_forward,268,2.015,2502.243,2428.895,2710.546,2807.573,2251.87,2899.53,670601.2,1.319,948651979.0,20260914T211728Z,True
tdb_qwen38-27b_tp1_eager_mtp-on_w2b_20260914T211728Z_1,qwen38-27b,1,eager,on,w2b,0,1,4,25225485.6,Step:Schedule,133,133,133,134,189665.305,model: mtp: first_pass,134,1.0075,2590.147,2692.395,2758.614,2844.909,2295.32,2853.95,347079.7,1.366,948651979.0,20260914T211728Z,True
tdb_qwen38-27b_tp1_eager_mtp-on_w2b_20260914T211728Z_1,qwen38-27b,1,eager,on,w2b,0,1,4,25225485.6,Step:Schedule,133,133,133,134,189665.305,model: mtp: propose,134,1.0075,12696.64,12692.905,13143.358,13608.666,12207.34,13661.41,1701349.8,6.694,948651979.0,20260914T211728Z,True
tdb_qwen38-27b_tp1_eager_mtp-on_w2b_20260914T211728Z_1,qwen38-27b,1,eager,on,w2b,0,1,4,25225485.6,Step:Schedule,133,133,133,134,189665.305,post process,134,1.0075,125.691,109.06,121.32,461.911,104.64,477.57,16842.6,0.066,948651979.0,20260914T211728Z,True
tdb_qwen38-27b_tp1_eager_mtp-on_w2b_20260914T211728Z_1,qwen38-27b,1,eager,on,w2b,0,1,4,25225485.6,Step:Schedule,133,133,133,134,189665.305,prepare input,133,1.0,7282.805,7289.19,7501.638,7846.547,6881.58,8157.39,968613.1,3.84,948651979.0,20260914T211728Z,True
tdb_qwen38-27b_tp1_eager_mtp-on_w2b_20260914T211728Z_1,qwen38-27b,1,eager,on,w2b,0,1,4,25225485.6,Step:Schedule,133,133,133,134,189665.305,sample_token,134,1.0075,702.219,794.27,831.697,892.882,433.61,913.43,94097.3,0.37,948651979.0,20260914T211728Z,True
tdb_qwen38-27b_tp1_eager_mtp-on_w2b_20260914T211728Z_1,qwen38-27b,1,eager,on,w2b,0,1,4,25225485.6,Step:Schedule,133,133,133,134,189665.305,schedule: allocate_slots,133,1.0,45.186,44.97,46.242,49.301,43.46,56.73,6009.7,0.024,948651979.0,20260914T211728Z,True
tdb_qwen38-27b_tp1_eager_mtp-on_w2b_20260914T211728Z_1,qwen38-27b,1,eager,on,w2b,0,1,4,25225485.6,Step:Schedule,133,133,133,134,189665.305,schedule: get_num_common_prefix_blocks,133,1.0,2.482,2.45,2.668,2.784,2.12,4.1,330.2,0.001,948651979.0,20260914T211728Z,True
tdb_qwen38-27b_tp1_eager_mtp-on_w2b_20260914T211728Z_1,qwen38-27b,1,eager,on,w2b,0,1,4,25225485.6,Step:Schedule,133,133,133,134,189665.305,schedule: make_cached_request_data,133,1.0,11.799,11.66,12.366,14.227,10.6,17.97,1569.3,0.006,948651979.0,20260914T211728Z,True
tdb_qwen38-27b_tp1_eager_mtp-on_w2b_20260914T211728Z_1,qwen38-27b,1,eager,on,w2b,0,1,4,25225485.6,Step:Schedule,133,133,133,134,189665.305,schedule: update_after_schedule,133,1.0,7.4,7.3,7.748,8.654,6.69,15.56,984.2,0.004,948651979.0,20260914T211728Z,True
tdb_qwen38-27b_tp1_graph_mtp-off_e1b_20260915T020833Z_4,qwen38-27b,1,graph,off,e1b,0,4,0,25135799.7,prepare input,805,0,805,806,31224.596,async_state_update,806,1.0012,48.097,48.02,49.175,52.794,44.88,69.9,38766.1,0.154,1736.0,20260915T020833Z,True
tdb_qwen38-27b_tp1_graph_mtp-off_e1b_20260915T020833Z_4,qwen38-27b,1,graph,off,e1b,0,4,0,25135799.7,prepare input,805,0,805,806,31224.596,draft_token,806,1.0012,2.504,2.49,2.655,2.81,2.18,3.19,2018.3,0.008,1736.0,20260915T020833Z,True
tdb_qwen38-27b_tp1_graph_mtp-off_e1b_20260915T020833Z_4,qwen38-27b,1,graph,off,e1b,0,4,0,25135799.7,prepare input,805,0,805,806,31224.596,forward,806,1.0012,27117.872,27154.9,27255.585,27413.845,2047.32,30887.35,21857005.0,86.848,1736.0,20260915T020833Z,True
tdb_qwen38-27b_tp1_graph_mtp-off_e1b_20260915T020833Z_4,qwen38-27b,1,graph,off,e1b,0,4,0,25135799.7,prepare input,805,0,805,806,31224.596,post process,806,1.0012,135.554,135.29,138.925,154.57,126.31,172.38,109256.2,0.434,1736.0,20260915T020833Z,True
tdb_qwen38-27b_tp1_graph_mtp-off_e1b_20260915T020833Z_4,qwen38-27b,1,graph,off,e1b,0,4,0,25135799.7,prepare input,805,0,805,806,31224.596,prepare input,805,1.0,2960.034,2965.14,3006.946,3078.91,2812.58,4622.72,2382827.7,9.48,1736.0,20260915T020833Z,True
tdb_qwen38-27b_tp1_graph_mtp-off_e1b_20260915T020833Z_4,qwen38-27b,1,graph,off,e1b,0,4,0,25135799.7,prepare input,805,0,805,806,31224.596,sample_token,806,1.0012,176.358,175.75,181.815,194.706,162.17,213.62,142144.5,0.565,1736.0,20260915T020833Z,True
tdb_qwen38-27b_tp1_graph_mtp-off_e1b_20260915T020833Z_4,qwen38-27b,1,graph,off,e1b,0,4,1,25167060.6,prepare input,807,0,807,808,31185.949,async_state_update,808,1.0012,46.663,46.0,48.64,59.022,44.06,62.58,37703.9,0.15,225885404.0,20260915T020833Z,True
tdb_qwen38-27b_tp1_graph_mtp-off_e1b_20260915T020833Z_4,qwen38-27b,1,graph,off,e1b,0,4,1,25167060.6,prepare input,807,0,807,808,31185.949,draft_token,808,1.0012,2.558,2.47,2.87,3.069,2.13,17.57,2066.6,0.008,225885404.0,20260915T020833Z,True
tdb_qwen38-27b_tp1_graph_mtp-off_e1b_20260915T020833Z_4,qwen38-27b,1,graph,off,e1b,0,4,1,25167060.6,prepare input,807,0,807,808,31185.949,forward,808,1.0012,27240.313,27316.04,27396.503,27515.15,1779.86,28396.47,22010173.2,87.348,225885404.0,20260915T020833Z,True
tdb_qwen38-27b_tp1_graph_mtp-off_e1b_20260915T020833Z_4,qwen38-27b,1,graph,off,e1b,0,4,1,25167060.6,prepare input,807,0,807,808,31185.949,post process,808,1.0012,124.687,120.475,135.67,139.774,116.47,174.98,100746.7,0.4,225885404.0,20260915T020833Z,True
tdb_qwen38-27b_tp1_graph_mtp-off_e1b_20260915T020833Z_4,qwen38-27b,1,graph,off,e1b,0,4,1,25167060.6,prepare input,807,0,807,808,31185.949,prepare input,807,1.0,2831.807,2783.21,2974.756,2999.068,2731.99,3157.82,2285268.5,9.08,225885404.0,20260915T020833Z,True
tdb_qwen38-27b_tp1_graph_mtp-off_e1b_20260915T020833Z_4,qwen38-27b,1,graph,off,e1b,0,4,1,25167060.6,prepare input,807,0,807,808,31185.949,sample_token,808,1.0012,170.513,168.81,179.262,190.189,160.4,208.99,137774.3,0.547,225885404.0,20260915T020833Z,True
tdb_qwen38-27b_tp1_graph_mtp-off_e1b_20260915T020833Z_4,qwen38-27b,1,graph,off,e1b,0,4,2,25149411.0,prepare input,806,0,806,807,31202.743,async_state_update,807,1.0012,46.889,46.53,47.444,59.709,44.98,63.66,37839.6,0.15,451654531.0,20260915T020833Z,True
tdb_qwen38-27b_tp1_graph_mtp-off_e1b_20260915T020833Z_4,qwen38-27b,1,graph,off,e1b,0,4,2,25149411.0,prepare input,806,0,806,807,31202.743,draft_token,807,1.0012,2.561,2.55,2.724,2.899,2.19,11.29,2066.6,0.008,451654531.0,20260915T020833Z,True
tdb_qwen38-27b_tp1_graph_mtp-off_e1b_20260915T020833Z_4,qwen38-27b,1,graph,off,e1b,0,4,2,25149411.0,prepare input,806,0,806,807,31202.743,forward,807,1.0012,27235.028,27261.46,27361.322,27432.556,1712.81,27567.02,21978667.4,87.284,451654531.0,20260915T020833Z,True
tdb_qwen38-27b_tp1_graph_mtp-off_e1b_20260915T020833Z_4,qwen38-27b,1,graph,off,e1b,0,4,2,25149411.0,prepare input,806,0,806,807,31202.743,post process,807,1.0012,127.133,126.61,128.55,143.228,120.9,168.82,102596.6,0.407,451654531.0,20260915T020833Z,True
tdb_qwen38-27b_tp1_graph_mtp-off_e1b_20260915T020833Z_4,qwen38-27b,1,graph,off,e1b,0,4,2,25149411.0,prepare input,806,0,806,807,31202.743,prepare input,806,1.0,2834.015,2834.59,2853.36,2889.461,2772.09,3076.48,2284215.8,9.083,451654531.0,20260915T020833Z,True
tdb_qwen38-27b_tp1_graph_mtp-off_e1b_20260915T020833Z_4,qwen38-27b,1,graph,off,e1b,0,4,2,25149411.0,prepare input,806,0,806,807,31202.743,sample_token,807,1.0012,170.111,168.76,174.99,185.213,155.79,240.11,137279.7,0.545,451654531.0,20260915T020833Z,True
tdb_qwen38-27b_tp1_graph_mtp-off_e1b_20260915T020833Z_4,qwen38-27b,1,graph,off,e1b,0,4,3,25130596.8,prepare input,805,0,805,806,31218.133,async_state_update,806,1.0012,44.951,44.55,45.93,51.242,42.97,73.33,36230.4,0.144,677528099.0,20260915T020833Z,True
tdb_qwen38-27b_tp1_graph_mtp-off_e1b_20260915T020833Z_4,qwen38-27b,1,graph,off,e1b,0,4,3,25130596.8,prepare input,805,0,805,806,31218.133,draft_token,806,1.0012,2.635,2.62,2.775,2.909,2.27,13.57,2124.1,0.008,677528099.0,20260915T020833Z,True
tdb_qwen38-27b_tp1_graph_mtp-off_e1b_20260915T020833Z_4,qwen38-27b,1,graph,off,e1b,0,4,3,25130596.8,prepare input,805,0,805,806,31218.133,forward,806,1.0012,27377.608,27425.97,27512.3,27629.124,1683.6,27725.71,22066352.0,87.698,677528099.0,20260915T020833Z,True
tdb_qwen38-27b_tp1_graph_mtp-off_e1b_20260915T020833Z_4,qwen38-27b,1,graph,off,e1b,0,4,3,25130596.8,prepare input,805,0,805,806,31218.133,post process,806,1.0012,119.096,117.4,121.39,145.442,114.49,154.43,95991.6,0.381,677528099.0,20260915T020833Z,True
tdb_qwen38-27b_tp1_graph_mtp-off_e1b_20260915T020833Z_4,qwen38-27b,1,graph,off,e1b,0,4,3,25130596.8,prepare input,805,0,805,806,31218.133,prepare input,805,1.0,2736.709,2721.09,2754.556,2974.26,2677.57,3065.62,2203050.6,8.766,677528099.0,20260915T020833Z,True
tdb_qwen38-27b_tp1_graph_mtp-off_e1b_20260915T020833Z_4,qwen38-27b,1,graph,off,e1b,0,4,3,25130596.8,prepare input,805,0,805,806,31218.133,sample_token,806,1.0012,166.33,164.485,174.945,186.503,158.55,190.58,134061.9,0.533,677528099.0,20260915T020833Z,True
tdb_qwen38-27b_tp1_graph_mtp-off_e1b_20260915T020833Z_4,qwen38-27b,1,graph,off,e1b,0,4,4,25189949.7,prepare input,808,0,808,809,31175.68,async_state_update,809,1.0012,46.172,45.52,48.19,52.198,43.7,61.8,37353.2,0.148,903337328.0,20260915T020833Z,True
tdb_qwen38-27b_tp1_graph_mtp-off_e1b_20260915T020833Z_4,qwen38-27b,1,graph,off,e1b,0,4,4,25189949.7,prepare input,808,0,808,809,31175.68,draft_token,809,1.0012,2.612,2.61,2.76,2.909,2.27,3.25,2112.8,0.008,903337328.0,20260915T020833Z,True
tdb_qwen38-27b_tp1_graph_mtp-off_e1b_20260915T020833Z_4,qwen38-27b,1,graph,off,e1b,0,4,4,25189949.7,prepare input,808,0,808,809,31175.68,forward,809,1.0012,27258.335,27325.79,27413.842,27526.027,1679.75,27601.33,22051993.1,87.435,903337328.0,20260915T020833Z,True
tdb_qwen38-27b_tp1_graph_mtp-off_e1b_20260915T020833Z_4,qwen38-27b,1,graph,off,e1b,0,4,4,25189949.7,prepare input,808,0,808,809,31175.68,post process,809,1.0012,121.94,117.36,133.782,149.585,113.61,172.47,98649.1,0.391,903337328.0,20260915T020833Z,True
tdb_qwen38-27b_tp1_graph_mtp-off_e1b_20260915T020833Z_4,qwen38-27b,1,graph,off,e1b,0,4,4,25189949.7,prepare input,808,0,808,809,31175.68,prepare input,808,1.0,2794.064,2742.2,2951.012,2975.294,2690.8,3220.94,2257603.4,8.962,903337328.0,20260915T020833Z,True
tdb_qwen38-27b_tp1_graph_mtp-off_e1b_20260915T020833Z_4,qwen38-27b,1,graph,off,e1b,0,4,4,25189949.7,prepare input,808,0,808,809,31175.68,sample_token,809,1.0012,169.477,167.58,179.534,191.024,158.79,211.68,137106.8,0.544,903337328.0,20260915T020833Z,True
tdb_qwen38-27b_tp1_graph_mtp-off_m1b_20260914T233006Z_4,qwen38-27b,1,graph,off,m1b,0,4,0,25131042.2,prepare input,803,0,803,804,31296.441,async_state_update,804,1.0012,48.742,48.54,49.814,53.157,44.78,66.65,39188.2,0.156,822.0,20260914T233006Z,True
tdb_qwen38-27b_tp1_graph_mtp-off_m1b_20260914T233006Z_4,qwen38-27b,1,graph,off,m1b,0,4,0,25131042.2,prepare input,803,0,803,804,31296.441,draft_token,804,1.0012,2.678,2.66,2.86,2.999,2.24,14.96,2152.8,0.009,822.0,20260914T233006Z,True
tdb_qwen38-27b_tp1_graph_mtp-off_m1b_20260914T233006Z_4,qwen38-27b,1,graph,off,m1b,0,4,0,25131042.2,prepare input,803,0,803,804,31296.441,forward,804,1.0012,27081.575,27143.49,27226.504,27315.622,1954.61,29629.41,21773585.9,86.532,822.0,20260914T233006Z,True
tdb_qwen38-27b_tp1_graph_mtp-off_m1b_20260914T233006Z_4,qwen38-27b,1,graph,off,m1b,0,4,0,25131042.2,prepare input,803,0,803,804,31296.441,post process,804,1.0012,133.89,133.265,136.657,153.579,123.24,166.31,107647.6,0.428,822.0,20260914T233006Z,True
tdb_qwen38-27b_tp1_graph_mtp-off_m1b_20260914T233006Z_4,qwen38-27b,1,graph,off,m1b,0,4,0,25131042.2,prepare input,803,0,803,804,31296.441,prepare input,803,1.0,3058.327,3026.53,3074.44,4004.243,2953.86,4072.08,2455836.2,9.772,822.0,20260914T233006Z,True
tdb_qwen38-27b_tp1_graph_mtp-off_m1b_20260914T233006Z_4,qwen38-27b,1,graph,off,m1b,0,4,0,25131042.2,prepare input,803,0,803,804,31296.441,sample_token,804,1.0012,178.793,177.465,184.011,198.379,163.04,228.84,143749.5,0.571,822.0,20260914T233006Z,True
tdb_qwen38-27b_tp1_graph_mtp-off_m1b_20260914T233006Z_4,qwen38-27b,1,graph,off,m1b,0,4,1,25160463.2,prepare input,804,0,804,805,31294.108,async_state_update,805,1.0012,48.244,47.96,50.746,56.188,44.28,99.18,38836.6,0.154,226468564.0,20260914T233006Z,True
tdb_qwen38-27b_tp1_graph_mtp-off_m1b_20260914T233006Z_4,qwen38-27b,1,graph,off,m1b,0,4,1,25160463.2,prepare input,804,0,804,805,31294.108,draft_token,805,1.0012,2.511,2.48,2.716,3.06,2.07,3.26,2021.5,0.008,226468564.0,20260914T233006Z,True
tdb_qwen38-27b_tp1_graph_mtp-off_m1b_20260914T233006Z_4,qwen38-27b,1,graph,off,m1b,0,4,1,25160463.2,prepare input,804,0,804,805,31294.108,forward,805,1.0012,27175.976,27193.02,27343.708,27457.496,1866.31,27589.98,21876660.7,86.841,226468564.0,20260914T233006Z,True
tdb_qwen38-27b_tp1_graph_mtp-off_m1b_20260914T233006Z_4,qwen38-27b,1,graph,off,m1b,0,4,1,25160463.2,prepare input,804,0,804,805,31294.108,post process,805,1.0012,126.577,126.14,132.952,141.717,117.26,151.36,101894.7,0.404,226468564.0,20260914T233006Z,True
tdb_qwen38-27b_tp1_graph_mtp-off_m1b_20260914T233006Z_4,qwen38-27b,1,graph,off,m1b,0,4,1,25160463.2,prepare input,804,0,804,805,31294.108,prepare input,804,1.0,2999.083,3014.0,3054.281,3107.348,2803.78,3296.05,2411262.4,9.584,226468564.0,20260914T233006Z,True
tdb_qwen38-27b_tp1_graph_mtp-off_m1b_20260914T233006Z_4,qwen38-27b,1,graph,off,m1b,0,4,1,25160463.2,prepare input,804,0,804,805,31294.108,sample_token,805,1.0012,173.997,173.54,179.584,190.248,161.1,206.43,140067.2,0.556,226468564.0,20260914T233006Z,True
tdb_qwen38-27b_tp1_graph_mtp-off_m1b_20260914T233006Z_4,qwen38-27b,1,graph,off,m1b,0,4,2,25186928.6,prepare input,805,0,805,806,31288.11,async_state_update,806,1.0012,46.941,46.435,48.84,57.263,44.57,75.82,37834.2,0.15,452939911.0,20260914T233006Z,True
tdb_qwen38-27b_tp1_graph_mtp-off_m1b_20260914T233006Z_4,qwen38-27b,1,graph,off,m1b,0,4,2,25186928.6,prepare input,805,0,805,806,31288.11,draft_token,806,1.0012,2.567,2.56,2.785,2.97,2.17,3.65,2069.2,0.008,452939911.0,20260914T233006Z,True
tdb_qwen38-27b_tp1_graph_mtp-off_m1b_20260914T233006Z_4,qwen38-27b,1,graph,off,m1b,0,4,2,25186928.6,prepare input,805,0,805,806,31288.11,forward,806,1.0012,27266.106,27310.375,27400.8,27481.034,1856.16,27778.21,21976481.3,87.145,452939911.0,20260914T233006Z,True
tdb_qwen38-27b_tp1_graph_mtp-off_m1b_20260914T233006Z_4,qwen38-27b,1,graph,off,m1b,0,4,2,25186928.6,prepare input,805,0,805,806,31288.11,post process,806,1.0012,125.131,123.305,132.36,141.033,118.5,172.97,100855.8,0.4,452939911.0,20260914T233006Z,True
tdb_qwen38-27b_tp1_graph_mtp-off_m1b_20260914T233006Z_4,qwen38-27b,1,graph,off,m1b,0,4,2,25186928.6,prepare input,805,0,805,806,31288.11,prepare input,805,1.0,2910.691,2896.32,2976.32,3053.418,2825.62,3642.02,2343106.6,9.303,452939911.0,20260914T233006Z,True
tdb_qwen38-27b_tp1_graph_mtp-off_m1b_20260914T233006Z_4,qwen38-27b,1,graph,off,m1b,0,4,2,25186928.6,prepare input,805,0,805,806,31288.11,sample_token,806,1.0012,180.898,179.895,193.88,204.609,162.81,234.01,145803.6,0.578,452939911.0,20260914T233006Z,True
tdb_qwen38-27b_tp1_graph_mtp-off_m1b_20260914T233006Z_4,qwen38-27b,1,graph,off,m1b,0,4,3,25126472.0,prepare input,803,0,803,804,31290.75,async_state_update,804,1.0012,45.397,44.435,48.597,51.673,42.64,62.65,36499.2,0.145,679293326.0,20260914T233006Z,True
tdb_qwen38-27b_tp1_graph_mtp-off_m1b_20260914T233006Z_4,qwen38-27b,1,graph,off,m1b,0,4,3,25126472.0,prepare input,803,0,803,804,31290.75,draft_token,804,1.0012,2.524,2.5,2.75,2.92,2.09,3.23,2029.5,0.008,679293326.0,20260914T233006Z,True
tdb_qwen38-27b_tp1_graph_mtp-off_m1b_20260914T233006Z_4,qwen38-27b,1,graph,off,m1b,0,4,3,25126472.0,prepare input,803,0,803,804,31290.75,forward,804,1.0012,27378.168,27471.58,27552.698,27619.903,1832.76,27796.64,22012047.3,87.496,679293326.0,20260914T233006Z,True
tdb_qwen38-27b_tp1_graph_mtp-off_m1b_20260914T233006Z_4,qwen38-27b,1,graph,off,m1b,0,4,3,25126472.0,prepare input,803,0,803,804,31290.75,post process,804,1.0012,114.868,108.595,132.527,136.781,103.62,145.6,92353.8,0.367,679293326.0,20260914T233006Z,True
tdb_qwen38-27b_tp1_graph_mtp-off_m1b_20260914T233006Z_4,qwen38-27b,1,graph,off,m1b,0,4,3,25126472.0,prepare input,803,0,803,804,31290.75,prepare input,803,1.0,2834.958,2798.47,2981.414,3004.413,2741.89,3030.77,2276471.2,9.06,679293326.0,20260914T233006Z,True
tdb_qwen38-27b_tp1_graph_mtp-off_m1b_20260914T233006Z_4,qwen38-27b,1,graph,off,m1b,0,4,3,25126472.0,prepare input,803,0,803,804,31290.75,sample_token,804,1.0012,179.036,178.35,188.841,197.177,105.61,205.89,143944.9,0.572,679293326.0,20260914T233006Z,True
tdb_qwen38-27b_tp1_graph_mtp-off_m1b_20260914T233006Z_4,qwen38-27b,1,graph,off,m1b,0,4,4,25157080.7,prepare input,804,0,804,805,31289.901,async_state_update,805,1.0012,47.417,47.38,48.426,57.251,44.41,62.3,38170.3,0.152,905624092.0,20260914T233006Z,True
tdb_qwen38-27b_tp1_graph_mtp-off_m1b_20260914T233006Z_4,qwen38-27b,1,graph,off,m1b,0,4,4,25157080.7,prepare input,804,0,804,805,31289.901,draft_token,805,1.0012,2.689,2.68,2.88,3.01,2.24,3.44,2164.5,0.009,905624092.0,20260914T233006Z,True
tdb_qwen38-27b_tp1_graph_mtp-off_m1b_20260914T233006Z_4,qwen38-27b,1,graph,off,m1b,0,4,4,25157080.7,prepare input,804,0,804,805,31289.901,forward,805,1.0012,27332.672,27377.16,27479.584,27584.606,1714.75,27717.45,22002801.1,87.353,905624092.0,20260914T233006Z,True
tdb_qwen38-27b_tp1_graph_mtp-off_m1b_20260914T233006Z_4,qwen38-27b,1,graph,off,m1b,0,4,4,25157080.7,prepare input,804,0,804,805,31289.901,post process,805,1.0012,122.719,122.2,126.846,135.076,114.02,159.89,98788.6,0.392,905624092.0,20260914T233006Z,True
tdb_qwen38-27b_tp1_graph_mtp-off_m1b_20260914T233006Z_4,qwen38-27b,1,graph,off,m1b,0,4,4,25157080.7,prepare input,804,0,804,805,31289.901,prepare input,804,1.0,2842.543,2822.36,2917.723,3009.463,2766.12,3045.99,2285404.4,9.085,905624092.0,20260914T233006Z,True
tdb_qwen38-27b_tp1_graph_mtp-off_m1b_20260914T233006Z_4,qwen38-27b,1,graph,off,m1b,0,4,4,25157080.7,prepare input,804,0,804,805,31289.901,sample_token,805,1.0012,176.446,176.1,181.44,190.056,159.09,200.49,142039.1,0.564,905624092.0,20260914T233006Z,True
tdb_qwen38-27b_tp1_graph_mtp-off_w2a_20260914T204321Z_4,qwen38-27b,1,graph,off,w2a,0,4,0,25132176.7,Step:Schedule,805,805,805,806,31220.095,Step:Output,806,1.0012,38.418,38.14,39.465,49.224,35.25,59.21,30965.0,0.123,571.0,20260914T204321Z,True
tdb_qwen38-27b_tp1_graph_mtp-off_w2a_20260914T204321Z_4,qwen38-27b,1,graph,off,w2a,0,4,0,25132176.7,Step:Schedule,805,805,805,806,31220.095,Step:Schedule,805,1.0,378.759,264.45,618.04,657.241,236.63,709.26,304901.1,1.213,571.0,20260914T204321Z,True
tdb_qwen38-27b_tp1_graph_mtp-off_w2a_20260914T204321Z_4,qwen38-27b,1,graph,off,w2a,0,4,0,25132176.7,Step:Schedule,805,805,805,806,31220.095,async_state_update,806,1.0012,72.216,45.13,56.575,400.331,42.76,427.02,58205.8,0.231,571.0,20260914T204321Z,True
tdb_qwen38-27b_tp1_graph_mtp-off_w2a_20260914T204321Z_4,qwen38-27b,1,graph,off,w2a,0,4,0,25132176.7,Step:Schedule,805,805,805,806,31220.095,draft_token,806,1.0012,2.317,2.29,2.495,2.759,1.81,14.27,1867.7,0.007,571.0,20260914T204321Z,True
tdb_qwen38-27b_tp1_graph_mtp-off_w2a_20260914T204321Z_4,qwen38-27b,1,graph,off,w2a,0,4,0,25132176.7,Step:Schedule,805,805,805,806,31220.095,forward,806,1.0012,24759.096,24729.92,25110.94,25232.74,21318.87,27573.41,19955831.6,79.305,571.0,20260914T204321Z,True
tdb_qwen38-27b_tp1_graph_mtp-off_w2a_20260914T204321Z_4,qwen38-27b,1,graph,off,w2a,0,4,0,25132176.7,Step:Schedule,805,805,805,806,31220.095,post process,806,1.0012,160.19,113.885,444.935,493.34,108.03,521.43,129113.0,0.513,571.0,20260914T204321Z,True
tdb_qwen38-27b_tp1_graph_mtp-off_w2a_20260914T204321Z_4,qwen38-27b,1,graph,off,w2a,0,4,0,25132176.7,Step:Schedule,805,805,805,806,31220.095,prepare input,805,1.0,4306.273,4271.17,4405.94,4823.284,3842.0,7982.08,3466550.1,13.793,571.0,20260914T204321Z,True
tdb_qwen38-27b_tp1_graph_mtp-off_w2a_20260914T204321Z_4,qwen38-27b,1,graph,off,w2a,0,4,0,25132176.7,Step:Schedule,805,805,805,806,31220.095,sample_token,806,1.0012,183.153,108.96,470.63,499.082,100.5,518.2,147621.6,0.587,571.0,20260914T204321Z,True
tdb_qwen38-27b_tp1_graph_mtp-off_w2a_20260914T204321Z_4,qwen38-27b,1,graph,off,w2a,0,4,0,25132176.7,Step:Schedule,805,805,805,806,31220.095,schedule: allocate_slots,805,1.0,40.247,39.76,41.686,52.171,36.96,57.47,32398.8,0.129,571.0,20260914T204321Z,True
tdb_qwen38-27b_tp1_graph_mtp-off_w2a_20260914T204321Z_4,qwen38-27b,1,graph,off,w2a,0,4,0,25132176.7,Step:Schedule,805,805,805,806,31220.095,schedule: get_num_common_prefix_blocks,805,1.0,2.299,2.26,2.46,2.729,1.96,12.16,1850.9,0.007,571.0,20260914T204321Z,True
tdb_qwen38-27b_tp1_graph_mtp-off_w2a_20260914T204321Z_4,qwen38-27b,1,graph,off,w2a,0,4,0,25132176.7,Step:Schedule,805,805,805,806,31220.095,schedule: make_cached_request_data,805,1.0,10.822,10.74,11.266,13.428,9.82,24.52,8711.7,0.035,571.0,20260914T204321Z,True
tdb_qwen38-27b_tp1_graph_mtp-off_w2a_20260914T204321Z_4,qwen38-27b,1,graph,off,w2a,0,4,0,25132176.7,Step:Schedule,805,805,805,806,31220.095,schedule: update_after_schedule,805,1.0,7.36,7.32,7.58,8.838,6.75,24.68,5924.5,0.024,571.0,20260914T204321Z,True
tdb_qwen38-27b_tp1_graph_mtp-off_w2a_20260914T204321Z_4,qwen38-27b,1,graph,off,w2a,0,4,1,25209398.5,Step:Schedule,807,807,807,808,31238.412,Step:Output,808,1.0012,41.573,41.33,42.51,51.693,39.18,58.08,33591.4,0.133,225511959.0,20260914T204321Z,True
tdb_qwen38-27b_tp1_graph_mtp-off_w2a_20260914T204321Z_4,qwen38-27b,1,graph,off,w2a,0,4,1,25209398.5,Step:Schedule,807,807,807,808,31238.412,Step:Schedule,807,1.0,417.392,315.5,623.664,663.644,247.75,718.02,336835.1,1.336,225511959.0,20260914T204321Z,True
tdb_qwen38-27b_tp1_graph_mtp-off_w2a_20260914T204321Z_4,qwen38-27b,1,graph,off,w2a,0,4,1,25209398.5,Step:Schedule,807,807,807,808,31238.412,async_state_update,808,1.0012,68.34,46.62,62.605,390.938,44.4,431.92,55218.4,0.219,225511959.0,20260914T204321Z,True
tdb_qwen38-27b_tp1_graph_mtp-off_w2a_20260914T204321Z_4,qwen38-27b,1,graph,off,w2a,0,4,1,25209398.5,Step:Schedule,807,807,807,808,31238.412,draft_token,808,1.0012,2.362,2.35,2.543,2.749,1.92,2.96,1908.3,0.008,225511959.0,20260914T204321Z,True
tdb_qwen38-27b_tp1_graph_mtp-off_w2a_20260914T204321Z_4,qwen38-27b,1,graph,off,w2a,0,4,1,25209398.5,Step:Schedule,807,807,807,808,31238.412,forward,808,1.0012,24703.253,24685.98,25016.076,25209.306,23749.01,25345.73,19960228.5,79.08,225511959.0,20260914T204321Z,True
tdb_qwen38-27b_tp1_graph_mtp-off_w2a_20260914T204321Z_4,qwen38-27b,1,graph,off,w2a,0,4,1,25209398.5,Step:Schedule,807,807,807,808,31238.412,post process,808,1.0012,180.337,125.535,465.313,501.304,117.81,528.12,145712.4,0.577,225511959.0,20260914T204321Z,True
tdb_qwen38-27b_tp1_graph_mtp-off_w2a_20260914T204321Z_4,qwen38-27b,1,graph,off,w2a,0,4,1,25209398.5,Step:Schedule,807,807,807,808,31238.412,prepare input,807,1.0,4290.285,4254.66,4412.254,4796.224,3829.98,5045.29,3462260.4,13.734,225511959.0,20260914T204321Z,True
tdb_qwen38-27b_tp1_graph_mtp-off_w2a_20260914T204321Z_4,qwen38-27b,1,graph,off,w2a,0,4,1,25209398.5,Step:Schedule,807,807,807,808,31238.412,sample_token,808,1.0012,170.74,114.31,466.46,501.204,108.47,515.65,137958.3,0.547,225511959.0,20260914T204321Z,True
tdb_qwen38-27b_tp1_graph_mtp-off_w2a_20260914T204321Z_4,qwen38-27b,1,graph,off,w2a,0,4,1,25209398.5,Step:Schedule,807,807,807,808,31238.412,schedule: allocate_slots,807,1.0,42.04,41.66,43.564,49.316,39.61,59.37,33926.5,0.135,225511959.0,20260914T204321Z,True
tdb_qwen38-27b_tp1_graph_mtp-off_w2a_20260914T204321Z_4,qwen38-27b,1,graph,off,w2a,0,4,1,25209398.5,Step:Schedule,807,807,807,808,31238.412,schedule: get_num_common_prefix_blocks,807,1.0,2.275,2.25,2.46,2.68,1.95,3.83,1836.3,0.007,225511959.0,20260914T204321Z,True
tdb_qwen38-27b_tp1_graph_mtp-off_w2a_20260914T204321Z_4,qwen38-27b,1,graph,off,w2a,0,4,1,25209398.5,Step:Schedule,807,807,807,808,31238.412,schedule: make_cached_request_data,807,1.0,11.095,11.02,11.61,12.539,10.04,26.81,8954.0,0.036,225511959.0,20260914T204321Z,True
tdb_qwen38-27b_tp1_graph_mtp-off_w2a_20260914T204321Z_4,qwen38-27b,1,graph,off,w2a,0,4,1,25209398.5,Step:Schedule,807,807,807,808,31238.412,schedule: update_after_schedule,807,1.0,7.732,7.69,8.02,8.72,7.02,18.26,6239.6,0.025,225511959.0,20260914T204321Z,True
tdb_qwen38-27b_tp1_graph_mtp-off_w2a_20260914T204321Z_4,qwen38-27b,1,graph,off,w2a,0,4,2,25166911.1,Step:Schedule,806,806,806,807,31224.455,Step:Output,807,1.0012,41.427,41.24,42.502,51.075,39.17,56.19,33431.5,0.133,450987907.0,20260914T204321Z,True
tdb_qwen38-27b_tp1_graph_mtp-off_w2a_20260914T204321Z_4,qwen38-27b,1,graph,off,w2a,0,4,2,25166911.1,Step:Schedule,806,806,806,807,31224.455,Step:Schedule,806,1.0,403.996,306.08,622.03,663.386,245.84,1125.59,325620.5,1.294,450987907.0,20260914T204321Z,True
tdb_qwen38-27b_tp1_graph_mtp-off_w2a_20260914T204321Z_4,qwen38-27b,1,graph,off,w2a,0,4,2,25166911.1,Step:Schedule,806,806,806,807,31224.455,async_state_update,807,1.0012,77.837,47.45,131.572,388.722,44.86,438.23,62814.8,0.249,450987907.0,20260914T204321Z,True
tdb_qwen38-27b_tp1_graph_mtp-off_w2a_20260914T204321Z_4,qwen38-27b,1,graph,off,w2a,0,4,2,25166911.1,Step:Schedule,806,806,806,807,31224.455,draft_token,807,1.0012,2.531,2.51,2.71,2.909,2.1,11.05,2042.5,0.008,450987907.0,20260914T204321Z,True
tdb_qwen38-27b_tp1_graph_mtp-off_w2a_20260914T204321Z_4,qwen38-27b,1,graph,off,w2a,0,4,2,25166911.1,Step:Schedule,806,806,806,807,31224.455,forward,807,1.0012,24604.664,24566.75,24970.63,25070.529,23538.51,25408.74,19855963.5,78.799,450987907.0,20260914T204321Z,True
tdb_qwen38-27b_tp1_graph_mtp-off_w2a_20260914T204321Z_4,qwen38-27b,1,graph,off,w2a,0,4,2,25166911.1,Step:Schedule,806,806,806,807,31224.455,post process,807,1.0012,173.018,126.69,454.64,488.408,119.1,545.3,139625.5,0.554,450987907.0,20260914T204321Z,True
tdb_qwen38-27b_tp1_graph_mtp-off_w2a_20260914T204321Z_4,qwen38-27b,1,graph,off,w2a,0,4,2,25166911.1,Step:Schedule,806,806,806,807,31224.455,prepare input,806,1.0,4331.42,4318.19,4474.45,4766.058,3852.47,4848.11,3491124.4,13.872,450987907.0,20260914T204321Z,True
tdb_qwen38-27b_tp1_graph_mtp-off_w2a_20260914T204321Z_4,qwen38-27b,1,graph,off,w2a,0,4,2,25166911.1,Step:Schedule,806,806,806,807,31224.455,sample_token,807,1.0012,167.824,115.93,465.176,492.887,108.44,577.24,135433.6,0.537,450987907.0,20260914T204321Z,True
tdb_qwen38-27b_tp1_graph_mtp-off_w2a_20260914T204321Z_4,qwen38-27b,1,graph,off,w2a,0,4,2,25166911.1,Step:Schedule,806,806,806,807,31224.455,schedule: allocate_slots,806,1.0,41.977,41.725,43.405,50.576,38.69,56.87,33833.7,0.134,450987907.0,20260914T204321Z,True
tdb_qwen38-27b_tp1_graph_mtp-off_w2a_20260914T204321Z_4,qwen38-27b,1,graph,off,w2a,0,4,2,25166911.1,Step:Schedule,806,806,806,807,31224.455,schedule: get_num_common_prefix_blocks,806,1.0,2.356,2.34,2.55,2.74,2.04,2.95,1899.0,0.008,450987907.0,20260914T204321Z,True
tdb_qwen38-27b_tp1_graph_mtp-off_w2a_20260914T204321Z_4,qwen38-27b,1,graph,off,w2a,0,4,2,25166911.1,Step:Schedule,806,806,806,807,31224.455,schedule: make_cached_request_data,806,1.0,10.843,10.77,11.74,12.419,9.61,22.97,8739.3,0.035,450987907.0,20260914T204321Z,True
tdb_qwen38-27b_tp1_graph_mtp-off_w2a_20260914T204321Z_4,qwen38-27b,1,graph,off,w2a,0,4,2,25166911.1,Step:Schedule,806,806,806,807,31224.455,schedule: update_after_schedule,806,1.0,7.794,7.76,8.26,8.708,6.81,16.91,6282.4,0.025,450987907.0,20260914T204321Z,True
tdb_qwen38-27b_tp1_graph_mtp-off_w2a_20260914T204321Z_4,qwen38-27b,1,graph,off,w2a,0,4,3,25192047.4,Step:Schedule,807,807,807,808,31216.911,Step:Output,808,1.0012,40.837,40.07,43.833,46.126,38.19,57.25,32995.9,0.131,676402692.0,20260914T204321Z,True
tdb_qwen38-27b_tp1_graph_mtp-off_w2a_20260914T204321Z_4,qwen38-27b,1,graph,off,w2a,0,4,3,25192047.4,Step:Schedule,807,807,807,808,31216.911,Step:Schedule,807,1.0,397.477,274.54,622.49,656.667,240.56,864.25,320764.3,1.273,676402692.0,20260914T204321Z,True
tdb_qwen38-27b_tp1_graph_mtp-off_w2a_20260914T204321Z_4,qwen38-27b,1,graph,off,w2a,0,4,3,25192047.4,Step:Schedule,807,807,807,808,31216.911,async_state_update,808,1.0012,98.261,48.0,304.624,385.108,44.12,2432.48,79394.9,0.315,676402692.0,20260914T204321Z,True
tdb_qwen38-27b_tp1_graph_mtp-off_w2a_20260914T204321Z_4,qwen38-27b,1,graph,off,w2a,0,4,3,25192047.4,Step:Schedule,807,807,807,808,31216.911,draft_token,808,1.0012,2.432,2.4,2.693,2.99,2.07,3.15,1965.4,0.008,676402692.0,20260914T204321Z,True
tdb_qwen38-27b_tp1_graph_mtp-off_w2a_20260914T204321Z_4,qwen38-27b,1,graph,off,w2a,0,4,3,25192047.4,Step:Schedule,807,807,807,808,31216.911,forward,808,1.0012,24661.507,24649.065,25028.968,25107.284,22130.48,25589.11,19926497.4,79.0,676402692.0,20260914T204321Z,True
tdb_qwen38-27b_tp1_graph_mtp-off_w2a_20260914T204321Z_4,qwen38-27b,1,graph,off,w2a,0,4,3,25192047.4,Step:Schedule,807,807,807,808,31216.911,post process,808,1.0012,165.166,118.575,443.725,489.774,111.64,511.77,133454.0,0.529,676402692.0,20260914T204321Z,True
tdb_qwen38-27b_tp1_graph_mtp-off_w2a_20260914T204321Z_4,qwen38-27b,1,graph,off,w2a,0,4,3,25192047.4,Step:Schedule,807,807,807,808,31216.911,prepare input,807,1.0,4286.113,4252.8,4426.15,4773.984,3847.42,5396.2,3458892.9,13.73,676402692.0,20260914T204321Z,True
tdb_qwen38-27b_tp1_graph_mtp-off_w2a_20260914T204321Z_4,qwen38-27b,1,graph,off,w2a,0,4,3,25192047.4,Step:Schedule,807,807,807,808,31216.911,sample_token,808,1.0012,150.479,111.21,402.684,484.567,105.14,510.4,121586.8,0.482,676402692.0,20260914T204321Z,True
tdb_qwen38-27b_tp1_graph_mtp-off_w2a_20260914T204321Z_4,qwen38-27b,1,graph,off,w2a,0,4,3,25192047.4,Step:Schedule,807,807,807,808,31216.911,schedule: allocate_slots,807,1.0,42.016,41.8,43.59,45.657,38.71,55.41,33906.9,0.135,676402692.0,20260914T204321Z,True
tdb_qwen38-27b_tp1_graph_mtp-off_w2a_20260914T204321Z_4,qwen38-27b,1,graph,off,w2a,0,4,3,25192047.4,Step:Schedule,807,807,807,808,31216.911,schedule: get_num_common_prefix_blocks,807,1.0,2.361,2.33,2.58,2.779,2.03,4.0,1905.3,0.008,676402692.0,20260914T204321Z,True
tdb_qwen38-27b_tp1_graph_mtp-off_w2a_20260914T204321Z_4,qwen38-27b,1,graph,off,w2a,0,4,3,25192047.4,Step:Schedule,807,807,807,808,31216.911,schedule: make_cached_request_data,807,1.0,11.05,11.0,11.514,12.14,10.02,20.24,8917.0,0.035,676402692.0,20260914T204321Z,True
tdb_qwen38-27b_tp1_graph_mtp-off_w2a_20260914T204321Z_4,qwen38-27b,1,graph,off,w2a,0,4,3,25192047.4,Step:Schedule,807,807,807,808,31216.911,schedule: update_after_schedule,807,1.0,7.771,7.65,8.28,9.189,6.85,18.34,6271.3,0.025,676402692.0,20260914T204321Z,True
tdb_qwen38-27b_tp1_graph_mtp-off_w2a_20260914T204321Z_4,qwen38-27b,1,graph,off,w2a,0,4,4,25174653.7,Step:Schedule,807,807,807,808,31195.358,Step:Output,808,1.0012,41.555,41.27,43.4,46.939,38.47,56.78,33576.0,0.133,901796466.0,20260914T204321Z,True
tdb_qwen38-27b_tp1_graph_mtp-off_w2a_20260914T204321Z_4,qwen38-27b,1,graph,off,w2a,0,4,4,25174653.7,Step:Schedule,807,807,807,808,31195.358,Step:Schedule,807,1.0,394.146,271.59,617.086,636.27,241.44,725.3,318076.0,1.263,901796466.0,20260914T204321Z,True
tdb_qwen38-27b_tp1_graph_mtp-off_w2a_20260914T204321Z_4,qwen38-27b,1,graph,off,w2a,0,4,4,25174653.7,Step:Schedule,807,807,807,808,31195.358,async_state_update,808,1.0012,81.446,47.7,299.568,381.46,44.66,401.92,65808.6,0.261,901796466.0,20260914T204321Z,True
tdb_qwen38-27b_tp1_graph_mtp-off_w2a_20260914T204321Z_4,qwen38-27b,1,graph,off,w2a,0,4,4,25174653.7,Step:Schedule,807,807,807,808,31195.358,draft_token,808,1.0012,2.422,2.4,2.6,2.966,2.02,3.45,1957.3,0.008,901796466.0,20260914T204321Z,True
tdb_qwen38-27b_tp1_graph_mtp-off_w2a_20260914T204321Z_4,qwen38-27b,1,graph,off,w2a,0,4,4,25174653.7,Step:Schedule,807,807,807,808,31195.358,forward,808,1.0012,24664.546,24622.41,25007.906,25106.327,21540.61,27436.67,19928953.0,79.065,901796466.0,20260914T204321Z,True
tdb_qwen38-27b_tp1_graph_mtp-off_w2a_20260914T204321Z_4,qwen38-27b,1,graph,off,w2a,0,4,4,25174653.7,Step:Schedule,807,807,807,808,31195.358,post process,808,1.0012,162.428,126.325,409.996,488.114,111.46,501.67,131241.8,0.521,901796466.0,20260914T204321Z,True
tdb_qwen38-27b_tp1_graph_mtp-off_w2a_20260914T204321Z_4,qwen38-27b,1,graph,off,w2a,0,4,4,25174653.7,Step:Schedule,807,807,807,808,31195.358,prepare input,807,1.0,4303.764,4281.86,4381.818,4731.918,3852.73,5173.81,3473137.5,13.796,901796466.0,20260914T204321Z,True
tdb_qwen38-27b_tp1_graph_mtp-off_w2a_20260914T204321Z_4,qwen38-27b,1,graph,off,w2a,0,4,4,25174653.7,Step:Schedule,807,807,807,808,31195.358,sample_token,808,1.0012,154.3,115.27,447.187,484.754,105.46,507.26,124674.0,0.495,901796466.0,20260914T204321Z,True
tdb_qwen38-27b_tp1_graph_mtp-off_w2a_20260914T204321Z_4,qwen38-27b,1,graph,off,w2a,0,4,4,25174653.7,Step:Schedule,807,807,807,808,31195.358,schedule: allocate_slots,807,1.0,42.154,41.95,43.858,52.447,38.74,57.69,34018.2,0.135,901796466.0,20260914T204321Z,True
tdb_qwen38-27b_tp1_graph_mtp-off_w2a_20260914T204321Z_4,qwen38-27b,1,graph,off,w2a,0,4,4,25174653.7,Step:Schedule,807,807,807,808,31195.358,schedule: get_num_common_prefix_blocks,807,1.0,2.344,2.31,2.54,2.709,2.04,11.14,1891.4,0.008,901796466.0,20260914T204321Z,True
tdb_qwen38-27b_tp1_graph_mtp-off_w2a_20260914T204321Z_4,qwen38-27b,1,graph,off,w2a,0,4,4,25174653.7,Step:Schedule,807,807,807,808,31195.358,schedule: make_cached_request_data,807,1.0,11.088,11.04,11.58,12.069,9.89,19.26,8948.1,0.036,901796466.0,20260914T204321Z,True
tdb_qwen38-27b_tp1_graph_mtp-off_w2a_20260914T204321Z_4,qwen38-27b,1,graph,off,w2a,0,4,4,25174653.7,Step:Schedule,807,807,807,808,31195.358,schedule: update_after_schedule,807,1.0,7.69,7.64,8.184,8.768,6.87,9.93,6205.4,0.025,901796466.0,20260914T204321Z,True
tdb_qwen38-27b_tp1_graph_mtp-on_e1b_20260915T020833Z_5,qwen38-27b,1,graph,on,e1b,0,5,0,25156104.4,prepare input,593,0,593,594,42421.761,async_state_update,594,1.0017,183.837,183.07,188.254,200.028,172.42,205.45,109199.2,0.433,880.0,20260915T020833Z,True
tdb_qwen38-27b_tp1_graph_mtp-on_e1b_20260915T020833Z_5,qwen38-27b,1,graph,on,e1b,0,5,0,25156104.4,prepare input,593,0,593,594,42421.761,draft_token,594,1.0017,3736.589,3728.46,3803.197,3927.853,3615.09,4276.56,2219534.0,8.808,880.0,20260915T020833Z,True
tdb_qwen38-27b_tp1_graph_mtp-on_e1b_20260915T020833Z_5,qwen38-27b,1,graph,on,e1b,0,5,0,25156104.4,prepare input,593,0,593,594,42421.761,forward,594,1.0017,5691.914,5702.27,5786.745,5940.202,1975.91,5971.96,3380996.9,13.417,880.0,20260915T020833Z,True
tdb_qwen38-27b_tp1_graph_mtp-on_e1b_20260915T020833Z_5,qwen38-27b,1,graph,on,e1b,0,5,0,25156104.4,prepare input,593,0,593,594,42421.761,model: mtp: propose,594,1.0017,2860.616,2855.345,2922.748,3002.917,2745.13,3115.62,1699206.1,6.743,880.0,20260915T020833Z,True
tdb_qwen38-27b_tp1_graph_mtp-on_e1b_20260915T020833Z_5,qwen38-27b,1,graph,on,e1b,0,5,0,25156104.4,prepare input,593,0,593,594,42421.761,post process,594,1.0017,116.777,115.775,120.526,132.294,111.14,136.36,69365.5,0.275,880.0,20260915T020833Z,True
tdb_qwen38-27b_tp1_graph_mtp-on_e1b_20260915T020833Z_5,qwen38-27b,1,graph,on,e1b,0,5,0,25156104.4,prepare input,593,0,593,594,42421.761,prepare input,593,1.0,31361.133,31370.38,31460.59,31690.343,30207.11,34073.9,18597152.1,73.927,880.0,20260915T020833Z,True
tdb_qwen38-27b_tp1_graph_mtp-on_e1b_20260915T020833Z_5,qwen38-27b,1,graph,on,e1b,0,5,0,25156104.4,prepare input,593,0,593,594,42421.761,sample_token,594,1.0017,493.798,490.085,503.839,529.593,459.66,1396.76,293316.0,1.164,880.0,20260915T020833Z,True
tdb_qwen38-27b_tp1_graph_mtp-on_e1b_20260915T020833Z_5,qwen38-27b,1,graph,on,e1b,0,5,1,25152619.4,prepare input,593,0,593,594,42415.884,async_state_update,594,1.0017,195.596,187.13,215.198,229.37,179.48,232.83,116184.1,0.461,84218518.0,20260915T020833Z,True
tdb_qwen38-27b_tp1_graph_mtp-on_e1b_20260915T020833Z_5,qwen38-27b,1,graph,on,e1b,0,5,1,25152619.4,prepare input,593,0,593,594,42415.884,draft_token,594,1.0017,3783.778,3683.57,4023.152,4095.212,3604.75,4374.98,2247564.4,8.921,84218518.0,20260915T020833Z,True
tdb_qwen38-27b_tp1_graph_mtp-on_e1b_20260915T020833Z_5,qwen38-27b,1,graph,on,e1b,0,5,1,25152619.4,prepare input,593,0,593,594,42415.884,forward,594,1.0017,5484.808,5544.39,5641.447,5728.32,1804.44,5789.34,3257975.9,12.931,84218518.0,20260915T020833Z,True
tdb_qwen38-27b_tp1_graph_mtp-on_e1b_20260915T020833Z_5,qwen38-27b,1,graph,on,e1b,0,5,1,25152619.4,prepare input,593,0,593,594,42415.884,model: mtp: propose,594,1.0017,2868.499,2799.06,3044.517,3093.432,2736.63,3383.2,1703888.4,6.763,84218518.0,20260915T020833Z,True
tdb_qwen38-27b_tp1_graph_mtp-on_e1b_20260915T020833Z_5,qwen38-27b,1,graph,on,e1b,0,5,1,25152619.4,prepare input,593,0,593,594,42415.884,post process,594,1.0017,126.424,118.79,142.49,156.399,113.63,368.37,75095.9,0.298,84218518.0,20260915T020833Z,True
tdb_qwen38-27b_tp1_graph_mtp-on_e1b_20260915T020833Z_5,qwen38-27b,1,graph,on,e1b,0,5,1,25152619.4,prepare input,593,0,593,594,42415.884,prepare input,593,1.0,31454.729,31488.35,31582.048,31700.109,30316.15,32076.11,18652654.6,74.158,84218518.0,20260915T020833Z,True
tdb_qwen38-27b_tp1_graph_mtp-on_e1b_20260915T020833Z_5,qwen38-27b,1,graph,on,e1b,0,5,1,25152619.4,prepare input,593,0,593,594,42415.884,sample_token,594,1.0017,511.374,495.73,549.355,566.174,481.73,669.21,303756.0,1.206,84218518.0,20260915T020833Z,True
tdb_qwen38-27b_tp1_graph_mtp-on_e1b_20260915T020833Z_5,qwen38-27b,1,graph,on,e1b,0,5,2,25151690.8,prepare input,593,0,593,594,42414.318,async_state_update,594,1.0017,201.517,202.17,206.701,217.724,190.77,224.82,119701.1,0.475,168485210.0,20260915T020833Z,True
tdb_qwen38-27b_tp1_graph_mtp-on_e1b_20260915T020833Z_5,qwen38-27b,1,graph,on,e1b,0,5,2,25151690.8,prepare input,593,0,593,594,42414.318,draft_token,594,1.0017,3850.704,3864.18,3910.525,3945.478,3707.77,3992.21,2287318.2,9.079,168485210.0,20260915T020833Z,True
tdb_qwen38-27b_tp1_graph_mtp-on_e1b_20260915T020833Z_5,qwen38-27b,1,graph,on,e1b,0,5,2,25151690.8,prepare input,593,0,593,594,42414.318,forward,594,1.0017,5405.548,5394.82,5503.181,5642.81,1861.83,5805.0,3210895.5,12.745,168485210.0,20260915T020833Z,True
tdb_qwen38-27b_tp1_graph_mtp-on_e1b_20260915T020833Z_5,qwen38-27b,1,graph,on,e1b,0,5,2,25151690.8,prepare input,593,0,593,594,42414.318,model: mtp: propose,594,1.0017,2913.45,2919.505,2958.675,2985.878,2808.97,3016.22,1730589.6,6.869,168485210.0,20260915T020833Z,True
tdb_qwen38-27b_tp1_graph_mtp-on_e1b_20260915T020833Z_5,qwen38-27b,1,graph,on,e1b,0,5,2,25151690.8,prepare input,593,0,593,594,42414.318,post process,594,1.0017,132.57,133.495,136.42,149.569,121.13,153.73,78746.7,0.313,168485210.0,20260915T020833Z,True
tdb_qwen38-27b_tp1_graph_mtp-on_e1b_20260915T020833Z_5,qwen38-27b,1,graph,on,e1b,0,5,2,25151690.8,prepare input,593,0,593,594,42414.318,prepare input,593,1.0,31405.004,31407.93,31486.022,31575.158,31110.18,32168.19,18623167.6,74.043,168485210.0,20260915T020833Z,True
tdb_qwen38-27b_tp1_graph_mtp-on_e1b_20260915T020833Z_5,qwen38-27b,1,graph,on,e1b,0,5,2,25151690.8,prepare input,593,0,593,594,42414.318,sample_token,594,1.0017,525.75,526.67,538.32,549.025,492.1,564.79,312295.4,1.24,168485210.0,20260915T020833Z,True
tdb_qwen38-27b_tp1_graph_mtp-on_e1b_20260915T020833Z_5,qwen38-27b,1,graph,on,e1b,0,5,3,25110942.7,prepare input,592,0,592,593,42417.133,async_state_update,593,1.0017,188.958,188.14,193.42,202.571,183.04,221.3,112051.9,0.445,252748866.0,20260915T020833Z,True
tdb_qwen38-27b_tp1_graph_mtp-on_e1b_20260915T020833Z_5,qwen38-27b,1,graph,on,e1b,0,5,3,25110942.7,prepare input,592,0,592,593,42417.133,draft_token,593,1.0017,3690.182,3681.6,3725.412,3786.005,3627.84,5845.65,2188277.8,8.7,252748866.0,20260915T020833Z,True
tdb_qwen38-27b_tp1_graph_mtp-on_e1b_20260915T020833Z_5,qwen38-27b,1,graph,on,e1b,0,5,3,25110942.7,prepare input,592,0,592,593,42417.133,forward,593,1.0017,5529.476,5539.37,5608.954,5748.871,1829.68,5809.43,3278979.2,13.036,252748866.0,20260915T020833Z,True
tdb_qwen38-27b_tp1_graph_mtp-on_e1b_20260915T020833Z_5,qwen38-27b,1,graph,on,e1b,0,5,3,25110942.7,prepare input,592,0,592,593,42417.133,model: mtp: propose,593,1.0017,2802.053,2799.76,2832.246,2867.223,2750.72,2918.74,1661617.4,6.606,252748866.0,20260915T020833Z,True
tdb_qwen38-27b_tp1_graph_mtp-on_e1b_20260915T020833Z_5,qwen38-27b,1,graph,on,e1b,0,5,3,25110942.7,prepare input,592,0,592,593,42417.133,post process,593,1.0017,122.155,121.57,125.302,135.605,117.61,144.01,72437.9,0.288,252748866.0,20260915T020833Z,True
tdb_qwen38-27b_tp1_graph_mtp-on_e1b_20260915T020833Z_5,qwen38-27b,1,graph,on,e1b,0,5,3,25110942.7,prepare input,592,0,592,593,42417.133,prepare input,592,1.0,31543.71,31553.65,31628.7,31699.253,29440.86,33049.55,18673876.5,74.365,252748866.0,20260915T020833Z,True
tdb_qwen38-27b_tp1_graph_mtp-on_e1b_20260915T020833Z_5,qwen38-27b,1,graph,on,e1b,0,5,3,25110942.7,prepare input,592,0,592,593,42417.133,sample_token,593,1.0017,499.709,498.17,509.896,525.214,483.83,559.4,296327.2,1.178,252748866.0,20260915T020833Z,True
tdb_qwen38-27b_tp1_graph_mtp-on_e1b_20260915T020833Z_5,qwen38-27b,1,graph,on,e1b,0,5,4,25197849.4,prepare input,594,0,594,595,42420.622,async_state_update,595,1.0017,191.124,190.39,193.512,207.095,185.03,217.96,113718.7,0.451,337024270.0,20260915T020833Z,True
tdb_qwen38-27b_tp1_graph_mtp-on_e1b_20260915T020833Z_5,qwen38-27b,1,graph,on,e1b,0,5,4,25197849.4,prepare input,594,0,594,595,42420.622,draft_token,595,1.0017,3700.732,3699.09,3725.874,3775.18,3640.44,3832.22,2201935.3,8.724,337024270.0,20260915T020833Z,True
tdb_qwen38-27b_tp1_graph_mtp-on_e1b_20260915T020833Z_5,qwen38-27b,1,graph,on,e1b,0,5,4,25197849.4,prepare input,594,0,594,595,42420.622,forward,595,1.0017,5524.957,5531.45,5598.024,5737.82,1811.29,5855.14,3287349.5,13.024,337024270.0,20260915T020833Z,True
tdb_qwen38-27b_tp1_graph_mtp-on_e1b_20260915T020833Z_5,qwen38-27b,1,graph,on,e1b,0,5,4,25197849.4,prepare input,594,0,594,595,42420.622,model: mtp: propose,595,1.0017,2805.718,2804.39,2829.756,2869.431,2757.43,2902.61,1669401.9,6.614,337024270.0,20260915T020833Z,True
tdb_qwen38-27b_tp1_graph_mtp-on_e1b_20260915T020833Z_5,qwen38-27b,1,graph,on,e1b,0,5,4,25197849.4,prepare input,594,0,594,595,42420.622,post process,595,1.0017,122.964,122.48,124.326,137.305,119.6,143.7,73163.8,0.29,337024270.0,20260915T020833Z,True
tdb_qwen38-27b_tp1_graph_mtp-on_e1b_20260915T020833Z_5,qwen38-27b,1,graph,on,e1b,0,5,4,25197849.4,prepare input,594,0,594,595,42420.622,prepare input,594,1.0,31508.646,31512.1,31576.323,31636.368,31225.98,32588.5,18716135.6,74.277,337024270.0,20260915T020833Z,True
tdb_qwen38-27b_tp1_graph_mtp-on_e1b_20260915T020833Z_5,qwen38-27b,1,graph,on,e1b,0,5,4,25197849.4,prepare input,594,0,594,595,42420.622,sample_token,595,1.0017,501.125,499.75,509.516,521.948,486.7,542.71,298169.3,1.181,337024270.0,20260915T020833Z,True
tdb_qwen38-27b_tp1_graph_mtp-on_m1b_20260914T233006Z_5,qwen38-27b,1,graph,on,m1b,0,5,0,25160393.2,prepare input,594,0,594,595,42357.564,async_state_update,595,1.0017,192.894,192.86,200.996,211.144,179.34,216.81,114771.8,0.455,937.0,20260914T233006Z,True
tdb_qwen38-27b_tp1_graph_mtp-on_m1b_20260914T233006Z_5,qwen38-27b,1,graph,on,m1b,0,5,0,25160393.2,prepare input,594,0,594,595,42357.564,draft_token,595,1.0017,3826.333,3802.04,3932.432,4063.98,3642.54,7418.98,2276667.9,9.033,937.0,20260914T233006Z,True
tdb_qwen38-27b_tp1_graph_mtp-on_m1b_20260914T233006Z_5,qwen38-27b,1,graph,on,m1b,0,5,0,25160393.2,prepare input,594,0,594,595,42357.564,forward,595,1.0017,5593.342,5601.43,5699.318,5808.134,2003.41,5930.34,3328038.4,13.205,937.0,20260914T233006Z,True
tdb_qwen38-27b_tp1_graph_mtp-on_m1b_20260914T233006Z_5,qwen38-27b,1,graph,on,m1b,0,5,0,25160393.2,prepare input,594,0,594,595,42357.564,model: mtp: propose,595,1.0017,2922.041,2908.81,3012.554,3133.144,2768.98,3306.82,1738614.6,6.899,937.0,20260914T233006Z,True
tdb_qwen38-27b_tp1_graph_mtp-on_m1b_20260914T233006Z_5,qwen38-27b,1,graph,on,m1b,0,5,0,25160393.2,prepare input,594,0,594,595,42357.564,post process,595,1.0017,124.602,123.15,131.616,146.029,113.31,171.09,74138.0,0.294,937.0,20260914T233006Z,True
tdb_qwen38-27b_tp1_graph_mtp-on_m1b_20260914T233006Z_5,qwen38-27b,1,graph,on,m1b,0,5,0,25160393.2,prepare input,594,0,594,595,42357.564,prepare input,594,1.0,31223.817,31237.95,31347.965,31516.047,27820.13,31770.7,18546947.3,73.715,937.0,20260914T233006Z,True
tdb_qwen38-27b_tp1_graph_mtp-on_m1b_20260914T233006Z_5,qwen38-27b,1,graph,on,m1b,0,5,0,25160393.2,prepare input,594,0,594,595,42357.564,sample_token,595,1.0017,528.504,526.12,542.424,572.332,499.0,615.63,314459.6,1.248,937.0,20260914T233006Z,True
tdb_qwen38-27b_tp1_graph_mtp-on_m1b_20260914T233006Z_5,qwen38-27b,1,graph,on,m1b,0,5,1,25118859.2,prepare input,593,0,593,594,42358.953,async_state_update,594,1.0017,189.013,186.1,188.574,204.294,179.82,1572.46,112273.5,0.446,84028337.0,20260914T233006Z,True
tdb_qwen38-27b_tp1_graph_mtp-on_m1b_20260914T233006Z_5,qwen38-27b,1,graph,on,m1b,0,5,1,25118859.2,prepare input,593,0,593,594,42358.953,draft_token,594,1.0017,3655.464,3651.46,3679.852,3803.836,3592.67,3934.08,2171345.9,8.63,84028337.0,20260914T233006Z,True
tdb_qwen38-27b_tp1_graph_mtp-on_m1b_20260914T233006Z_5,qwen38-27b,1,graph,on,m1b,0,5,1,25118859.2,prepare input,593,0,593,594,42358.953,forward,594,1.0017,5644.735,5650.04,5711.762,5772.252,1807.36,5819.52,3352972.6,13.326,84028337.0,20260914T233006Z,True
tdb_qwen38-27b_tp1_graph_mtp-on_m1b_20260914T233006Z_5,qwen38-27b,1,graph,on,m1b,0,5,1,25118859.2,prepare input,593,0,593,594,42358.953,model: mtp: propose,594,1.0017,2780.596,2777.995,2803.871,2911.476,2724.91,2986.56,1651674.2,6.564,84028337.0,20260914T233006Z,True
tdb_qwen38-27b_tp1_graph_mtp-on_m1b_20260914T233006Z_5,qwen38-27b,1,graph,on,m1b,0,5,1,25118859.2,prepare input,593,0,593,594,42358.953,post process,594,1.0017,119.273,118.665,120.397,134.756,115.38,151.69,70848.4,0.282,84028337.0,20260914T233006Z,True
tdb_qwen38-27b_tp1_graph_mtp-on_m1b_20260914T233006Z_5,qwen38-27b,1,graph,on,m1b,0,5,1,25118859.2,prepare input,593,0,593,594,42358.953,prepare input,593,1.0,31405.596,31409.77,31484.57,31593.722,30156.88,31776.51,18623518.2,74.142,84028337.0,20260914T233006Z,True
tdb_qwen38-27b_tp1_graph_mtp-on_m1b_20260914T233006Z_5,qwen38-27b,1,graph,on,m1b,0,5,1,25118859.2,prepare input,593,0,593,594,42358.953,sample_token,594,1.0017,510.457,508.38,520.713,533.334,492.75,654.78,303211.5,1.205,84028337.0,20260914T233006Z,True
tdb_qwen38-27b_tp1_graph_mtp-on_m1b_20260914T233006Z_5,qwen38-27b,1,graph,on,m1b,0,5,2,25111041.1,prepare input,593,0,593,594,42345.769,async_state_update,594,1.0017,198.013,197.575,202.668,217.907,187.99,233.45,117619.5,0.468,168203472.0,20260914T233006Z,True
tdb_qwen38-27b_tp1_graph_mtp-on_m1b_20260914T233006Z_5,qwen38-27b,1,graph,on,m1b,0,5,2,25111041.1,prepare input,593,0,593,594,42345.769,draft_token,594,1.0017,3772.622,3772.935,3814.485,3879.404,3670.17,3998.66,2240937.7,8.909,168203472.0,20260914T233006Z,True
tdb_qwen38-27b_tp1_graph_mtp-on_m1b_20260914T233006Z_5,qwen38-27b,1,graph,on,m1b,0,5,2,25111041.1,prepare input,593,0,593,594,42345.769,forward,594,1.0017,5460.186,5471.915,5561.193,5618.916,1909.52,5650.74,3243350.8,12.894,168203472.0,20260914T233006Z,True
tdb_qwen38-27b_tp1_graph_mtp-on_m1b_20260914T233006Z_5,qwen38-27b,1,graph,on,m1b,0,5,2,25111041.1,prepare input,593,0,593,594,42345.769,model: mtp: propose,594,1.0017,2858.574,2859.495,2892.739,2933.109,2775.58,3007.33,1697993.0,6.751,168203472.0,20260914T233006Z,True
tdb_qwen38-27b_tp1_graph_mtp-on_m1b_20260914T233006Z_5,qwen38-27b,1,graph,on,m1b,0,5,2,25111041.1,prepare input,593,0,593,594,42345.769,post process,594,1.0017,127.506,126.125,132.28,144.297,121.27,149.94,75738.5,0.301,168203472.0,20260914T233006Z,True
tdb_qwen38-27b_tp1_graph_mtp-on_m1b_20260914T233006Z_5,qwen38-27b,1,graph,on,m1b,0,5,2,25111041.1,prepare input,593,0,593,594,42345.769,prepare input,593,1.0,31384.258,31385.3,31469.814,31558.106,31050.39,31859.68,18610865.1,74.114,168203472.0,20260914T233006Z,True
tdb_qwen38-27b_tp1_graph_mtp-on_m1b_20260914T233006Z_5,qwen38-27b,1,graph,on,m1b,0,5,2,25111041.1,prepare input,593,0,593,594,42345.769,sample_token,594,1.0017,525.398,523.87,536.835,546.939,506.86,584.2,312086.4,1.241,168203472.0,20260914T233006Z,True
tdb_qwen38-27b_tp1_graph_mtp-on_m1b_20260914T233006Z_5,qwen38-27b,1,graph,on,m1b,0,5,3,25125505.3,prepare input,593,0,593,594,42370.161,async_state_update,594,1.0017,186.643,186.37,190.501,204.183,179.59,208.34,110866.0,0.441,252324715.0,20260914T233006Z,True
tdb_qwen38-27b_tp1_graph_mtp-on_m1b_20260914T233006Z_5,qwen38-27b,1,graph,on,m1b,0,5,3,25125505.3,prepare input,593,0,593,594,42370.161,draft_token,594,1.0017,3610.687,3605.415,3653.965,3728.277,3541.95,3770.73,2144747.9,8.522,252324715.0,20260914T233006Z,True
tdb_qwen38-27b_tp1_graph_mtp-on_m1b_20260914T233006Z_5,qwen38-27b,1,graph,on,m1b,0,5,3,25125505.3,prepare input,593,0,593,594,42370.161,forward,594,1.0017,5591.941,5591.945,5691.561,5770.659,1882.08,5835.18,3321613.0,13.198,252324715.0,20260914T233006Z,True
tdb_qwen38-27b_tp1_graph_mtp-on_m1b_20260914T233006Z_5,qwen38-27b,1,graph,on,m1b,0,5,3,25125505.3,prepare input,593,0,593,594,42370.161,model: mtp: propose,594,1.0017,2734.933,2729.69,2770.33,2835.128,2680.32,2853.82,1624550.1,6.455,252324715.0,20260914T233006Z,True
tdb_qwen38-27b_tp1_graph_mtp-on_m1b_20260914T233006Z_5,qwen38-27b,1,graph,on,m1b,0,5,3,25125505.3,prepare input,593,0,593,594,42370.161,post process,594,1.0017,120.476,120.155,122.487,133.895,115.31,137.53,71562.7,0.284,252324715.0,20260914T233006Z,True
tdb_qwen38-27b_tp1_graph_mtp-on_m1b_20260914T233006Z_5,qwen38-27b,1,graph,on,m1b,0,5,3,25125505.3,prepare input,593,0,593,594,42370.161,prepare input,593,1.0,31488.008,31497.75,31582.872,31649.606,31104.42,31829.07,18672388.9,74.316,252324715.0,20260914T233006Z,True
tdb_qwen38-27b_tp1_graph_mtp-on_m1b_20260914T233006Z_5,qwen38-27b,1,graph,on,m1b,0,5,3,25125505.3,prepare input,593,0,593,594,42370.161,sample_token,594,1.0017,504.163,502.915,512.969,523.2,485.0,533.34,299473.0,1.19,252324715.0,20260914T233006Z,True
tdb_qwen38-27b_tp1_graph_mtp-on_m1b_20260914T233006Z_5,qwen38-27b,1,graph,on,m1b,0,5,4,25166267.8,prepare input,594,0,594,595,42367.454,async_state_update,595,1.0017,201.388,201.41,206.766,233.695,183.82,269.58,119826.0,0.475,336520641.0,20260914T233006Z,True
tdb_qwen38-27b_tp1_graph_mtp-on_m1b_20260914T233006Z_5,qwen38-27b,1,graph,on,m1b,0,5,4,25166267.8,prepare input,594,0,594,595,42367.454,draft_token,595,1.0017,3838.521,3838.96,3906.04,4348.857,3583.75,4421.71,2283920.2,9.06,336520641.0,20260914T233006Z,True
tdb_qwen38-27b_tp1_graph_mtp-on_m1b_20260914T233006Z_5,qwen38-27b,1,graph,on,m1b,0,5,4,25166267.8,prepare input,594,0,594,595,42367.454,forward,595,1.0017,5443.868,5463.11,5576.302,5700.688,1746.09,5924.11,3239101.2,12.849,336520641.0,20260914T233006Z,True
tdb_qwen38-27b_tp1_graph_mtp-on_m1b_20260914T233006Z_5,qwen38-27b,1,graph,on,m1b,0,5,4,25166267.8,prepare input,594,0,594,595,42367.454,model: mtp: propose,595,1.0017,2910.23,2914.64,2961.242,3295.595,2704.84,3380.94,1731586.9,6.869,336520641.0,20260914T233006Z,True
tdb_qwen38-27b_tp1_graph_mtp-on_m1b_20260914T233006Z_5,qwen38-27b,1,graph,on,m1b,0,5,4,25166267.8,prepare input,594,0,594,595,42367.454,post process,595,1.0017,128.608,128.37,132.762,146.178,118.21,157.82,76521.7,0.304,336520641.0,20260914T233006Z,True
tdb_qwen38-27b_tp1_graph_mtp-on_m1b_20260914T233006Z_5,qwen38-27b,1,graph,on,m1b,0,5,4,25166267.8,prepare input,594,0,594,595,42367.454,prepare input,594,1.0,31365.49,31365.64,31474.614,31587.489,30308.63,32576.94,18631100.9,74.032,336520641.0,20260914T233006Z,True
tdb_qwen38-27b_tp1_graph_mtp-on_m1b_20260914T233006Z_5,qwen38-27b,1,graph,on,m1b,0,5,4,25166267.8,prepare input,594,0,594,595,42367.454,sample_token,595,1.0017,528.013,522.54,543.034,601.242,494.5,648.94,314167.6,1.246,336520641.0,20260914T233006Z,True
tdb_qwen38-27b_tp1_graph_mtp-on_w2a_20260914T204321Z_5,qwen38-27b,1,graph,on,w2a,0,5,0,25117865.6,Step:Schedule,592,592,592,593,42428.827,Step:Output,593,1.0017,59.606,58.81,63.652,75.954,52.21,93.55,35346.5,0.14,620.0,20260914T204321Z,True
tdb_qwen38-27b_tp1_graph_mtp-on_w2a_20260914T204321Z_5,qwen38-27b,1,graph,on,w2a,0,5,0,25117865.6,Step:Schedule,592,592,592,593,42428.827,Step:Schedule,592,1.0,455.007,380.975,645.833,764.082,252.71,2550.14,269364.4,1.072,620.0,20260914T204321Z,True
tdb_qwen38-27b_tp1_graph_mtp-on_w2a_20260914T204321Z_5,qwen38-27b,1,graph,on,w2a,0,5,0,25117865.6,Step:Schedule,592,592,592,593,42428.827,async_state_update,593,1.0017,306.99,214.99,550.554,567.817,181.25,578.44,182045.2,0.724,620.0,20260914T204321Z,True
tdb_qwen38-27b_tp1_graph_mtp-on_w2a_20260914T204321Z_5,qwen38-27b,1,graph,on,w2a,0,5,0,25117865.6,Step:Schedule,592,592,592,593,42428.827,draft_token,593,1.0017,6085.617,6131.51,6333.54,6705.304,5484.42,7017.67,3608770.7,14.343,620.0,20260914T204321Z,True
tdb_qwen38-27b_tp1_graph_mtp-on_w2a_20260914T204321Z_5,qwen38-27b,1,graph,on,w2a,0,5,0,25117865.6,Step:Schedule,592,592,592,593,42428.827,forward,593,1.0017,3815.09,3844.98,4151.806,4363.978,2822.14,4408.6,2262348.3,8.992,620.0,20260914T204321Z,True
tdb_qwen38-27b_tp1_graph_mtp-on_w2a_20260914T204321Z_5,qwen38-27b,1,graph,on,w2a,0,5,0,25117865.6,Step:Schedule,592,592,592,593,42428.827,model: mtp: propose,593,1.0017,4652.195,4611.02,4920.018,5070.688,4158.3,5303.93,2758751.5,10.965,620.0,20260914T204321Z,True
tdb_qwen38-27b_tp1_graph_mtp-on_w2a_20260914T204321Z_5,qwen38-27b,1,graph,on,w2a,0,5,0,25117865.6,Step:Schedule,592,592,592,593,42428.827,post process,593,1.0017,197.574,136.28,486.972,515.189,119.96,549.84,117161.3,0.466,620.0,20260914T204321Z,True
tdb_qwen38-27b_tp1_graph_mtp-on_w2a_20260914T204321Z_5,qwen38-27b,1,graph,on,w2a,0,5,0,25117865.6,Step:Schedule,592,592,592,593,42428.827,prepare input,592,1.0,28997.945,28932.555,29427.225,29799.052,27750.53,31831.46,17166783.3,68.345,620.0,20260914T204321Z,True
tdb_qwen38-27b_tp1_graph_mtp-on_w2a_20260914T204321Z_5,qwen38-27b,1,graph,on,w2a,0,5,0,25117865.6,Step:Schedule,592,592,592,593,42428.827,sample_token,593,1.0017,750.082,828.98,854.562,885.329,437.34,927.2,444798.7,1.768,620.0,20260914T204321Z,True
tdb_qwen38-27b_tp1_graph_mtp-on_w2a_20260914T204321Z_5,qwen38-27b,1,graph,on,w2a,0,5,0,25117865.6,Step:Schedule,592,592,592,593,42428.827,schedule: allocate_slots,592,1.0,45.923,45.41,47.318,62.722,42.72,65.4,27186.2,0.108,620.0,20260914T204321Z,True
tdb_qwen38-27b_tp1_graph_mtp-on_w2a_20260914T204321Z_5,qwen38-27b,1,graph,on,w2a,0,5,0,25117865.6,Step:Schedule,592,592,592,593,42428.827,schedule: get_num_common_prefix_blocks,592,1.0,2.521,2.495,2.75,3.085,2.15,3.49,1492.7,0.006,620.0,20260914T204321Z,True
tdb_qwen38-27b_tp1_graph_mtp-on_w2a_20260914T204321Z_5,qwen38-27b,1,graph,on,w2a,0,5,0,25117865.6,Step:Schedule,592,592,592,593,42428.827,schedule: make_cached_request_data,592,1.0,12.053,11.865,12.856,15.145,10.66,24.09,7135.2,0.028,620.0,20260914T204321Z,True
tdb_qwen38-27b_tp1_graph_mtp-on_w2a_20260914T204321Z_5,qwen38-27b,1,graph,on,w2a,0,5,0,25117865.6,Step:Schedule,592,592,592,593,42428.827,schedule: update_after_schedule,592,1.0,7.609,7.51,8.099,8.826,6.78,18.57,4504.4,0.018,620.0,20260914T204321Z,True
tdb_qwen38-27b_tp1_graph_mtp-on_w2a_20260914T204321Z_5,qwen38-27b,1,graph,on,w2a,0,5,1,25119639.7,Step:Schedule,592,592,592,593,42431.824,Step:Output,593,1.0017,56.218,56.11,58.02,67.712,51.83,75.46,33337.4,0.132,84079609.0,20260914T204321Z,True
tdb_qwen38-27b_tp1_graph_mtp-on_w2a_20260914T204321Z_5,qwen38-27b,1,graph,on,w2a,0,5,1,25119639.7,Step:Schedule,592,592,592,593,42431.824,Step:Schedule,592,1.0,442.835,291.59,663.12,754.177,254.86,861.67,262158.2,1.044,84079609.0,20260914T204321Z,True
tdb_qwen38-27b_tp1_graph_mtp-on_w2a_20260914T204321Z_5,qwen38-27b,1,graph,on,w2a,0,5,1,25119639.7,Step:Schedule,592,592,592,593,42431.824,async_state_update,593,1.0017,251.529,207.77,533.356,584.722,190.16,607.88,149156.7,0.593,84079609.0,20260914T204321Z,True
tdb_qwen38-27b_tp1_graph_mtp-on_w2a_20260914T204321Z_5,qwen38-27b,1,graph,on,w2a,0,5,1,25119639.7,Step:Schedule,592,592,592,593,42431.824,draft_token,593,1.0017,5957.453,5975.94,6198.166,6329.813,5541.98,7104.58,3532769.7,14.04,84079609.0,20260914T204321Z,True
tdb_qwen38-27b_tp1_graph_mtp-on_w2a_20260914T204321Z_5,qwen38-27b,1,graph,on,w2a,0,5,1,25119639.7,Step:Schedule,592,592,592,593,42431.824,forward,593,1.0017,3835.863,3889.0,4168.082,4309.523,3012.38,4388.4,2274666.8,9.04,84079609.0,20260914T204321Z,True
tdb_qwen38-27b_tp1_graph_mtp-on_w2a_20260914T204321Z_5,qwen38-27b,1,graph,on,w2a,0,5,1,25119639.7,Step:Schedule,592,592,592,593,42431.824,model: mtp: propose,593,1.0017,4523.286,4474.57,4816.236,4898.486,4202.79,5430.72,2682308.3,10.66,84079609.0,20260914T204321Z,True
tdb_qwen38-27b_tp1_graph_mtp-on_w2a_20260914T204321Z_5,qwen38-27b,1,graph,on,w2a,0,5,1,25119639.7,Step:Schedule,592,592,592,593,42431.824,post process,593,1.0017,185.695,131.63,474.182,523.683,125.22,548.42,110117.2,0.438,84079609.0,20260914T204321Z,True
tdb_qwen38-27b_tp1_graph_mtp-on_w2a_20260914T204321Z_5,qwen38-27b,1,graph,on,w2a,0,5,1,25119639.7,Step:Schedule,592,592,592,593,42431.824,prepare input,592,1.0,29249.831,29243.51,29612.976,29725.121,27221.87,30986.94,17315900.1,68.934,84079609.0,20260914T204321Z,True
tdb_qwen38-27b_tp1_graph_mtp-on_w2a_20260914T204321Z_5,qwen38-27b,1,graph,on,w2a,0,5,1,25119639.7,Step:Schedule,592,592,592,593,42431.824,sample_token,593,1.0017,722.832,812.45,849.592,884.087,440.71,895.29,428639.2,1.704,84079609.0,20260914T204321Z,True
tdb_qwen38-27b_tp1_graph_mtp-on_w2a_20260914T204321Z_5,qwen38-27b,1,graph,on,w2a,0,5,1,25119639.7,Step:Schedule,592,592,592,593,42431.824,schedule: allocate_slots,592,1.0,44.812,44.59,45.668,55.348,42.46,62.65,26528.6,0.106,84079609.0,20260914T204321Z,True
tdb_qwen38-27b_tp1_graph_mtp-on_w2a_20260914T204321Z_5,qwen38-27b,1,graph,on,w2a,0,5,1,25119639.7,Step:Schedule,592,592,592,593,42431.824,schedule: get_num_common_prefix_blocks,592,1.0,2.464,2.45,2.63,2.85,2.11,3.41,1458.8,0.006,84079609.0,20260914T204321Z,True
tdb_qwen38-27b_tp1_graph_mtp-on_w2a_20260914T204321Z_5,qwen38-27b,1,graph,on,w2a,0,5,1,25119639.7,Step:Schedule,592,592,592,593,42431.824,schedule: make_cached_request_data,592,1.0,11.987,11.83,12.979,13.741,10.63,18.49,7096.0,0.028,84079609.0,20260914T204321Z,True
tdb_qwen38-27b_tp1_graph_mtp-on_w2a_20260914T204321Z_5,qwen38-27b,1,graph,on,w2a,0,5,1,25119639.7,Step:Schedule,592,592,592,593,42431.824,schedule: update_after_schedule,592,1.0,7.465,7.37,7.979,8.55,6.67,16.54,4419.3,0.018,84079609.0,20260914T204321Z,True
tdb_qwen38-27b_tp1_graph_mtp-on_w2a_20260914T204321Z_5,qwen38-27b,1,graph,on,w2a,0,5,2,25112684.8,Step:Schedule,592,592,592,593,42420.076,Step:Output,593,1.0017,56.711,56.55,58.28,65.868,52.27,78.53,33629.7,0.134,168208750.0,20260914T204321Z,True
tdb_qwen38-27b_tp1_graph_mtp-on_w2a_20260914T204321Z_5,qwen38-27b,1,graph,on,w2a,0,5,2,25112684.8,Step:Schedule,592,592,592,593,42420.076,Step:Schedule,592,1.0,465.608,511.83,665.221,782.319,248.4,818.02,275640.0,1.098,168208750.0,20260914T204321Z,True
tdb_qwen38-27b_tp1_graph_mtp-on_w2a_20260914T204321Z_5,qwen38-27b,1,graph,on,w2a,0,5,2,25112684.8,Step:Schedule,592,592,592,593,42420.076,async_state_update,593,1.0017,253.363,208.34,552.968,589.282,190.43,608.18,150244.3,0.597,168208750.0,20260914T204321Z,True
tdb_qwen38-27b_tp1_graph_mtp-on_w2a_20260914T204321Z_5,qwen38-27b,1,graph,on,w2a,0,5,2,25112684.8,Step:Schedule,592,592,592,593,42420.076,draft_token,593,1.0017,6080.473,6103.77,6292.35,6387.048,5646.33,6514.97,3605720.3,14.334,168208750.0,20260914T204321Z,True
tdb_qwen38-27b_tp1_graph_mtp-on_w2a_20260914T204321Z_5,qwen38-27b,1,graph,on,w2a,0,5,2,25112684.8,Step:Schedule,592,592,592,593,42420.076,forward,593,1.0017,3697.834,3732.94,4068.322,4162.6,3038.16,4229.16,2192815.8,8.717,168208750.0,20260914T204321Z,True
tdb_qwen38-27b_tp1_graph_mtp-on_w2a_20260914T204321Z_5,qwen38-27b,1,graph,on,w2a,0,5,2,25112684.8,Step:Schedule,592,592,592,593,42420.076,model: mtp: propose,593,1.0017,4588.646,4551.69,4858.544,4955.732,4309.54,5121.06,2721067.1,10.817,168208750.0,20260914T204321Z,True
tdb_qwen38-27b_tp1_graph_mtp-on_w2a_20260914T204321Z_5,qwen38-27b,1,graph,on,w2a,0,5,2,25112684.8,Step:Schedule,592,592,592,593,42420.076,post process,593,1.0017,196.321,137.21,490.822,528.402,127.71,536.97,116418.1,0.463,168208750.0,20260914T204321Z,True
tdb_qwen38-27b_tp1_graph_mtp-on_w2a_20260914T204321Z_5,qwen38-27b,1,graph,on,w2a,0,5,2,25112684.8,Step:Schedule,592,592,592,593,42420.076,prepare input,592,1.0,29133.576,29081.71,29506.084,29687.285,27151.32,29754.71,17247077.1,68.679,168208750.0,20260914T204321Z,True
tdb_qwen38-27b_tp1_graph_mtp-on_w2a_20260914T204321Z_5,qwen38-27b,1,graph,on,w2a,0,5,2,25112684.8,Step:Schedule,592,592,592,593,42420.076,sample_token,593,1.0017,741.075,835.33,864.124,886.995,451.56,933.38,439457.6,1.747,168208750.0,20260914T204321Z,True
tdb_qwen38-27b_tp1_graph_mtp-on_w2a_20260914T204321Z_5,qwen38-27b,1,graph,on,w2a,0,5,2,25112684.8,Step:Schedule,592,592,592,593,42420.076,schedule: allocate_slots,592,1.0,45.07,44.835,45.89,57.038,43.09,60.49,26681.6,0.106,168208750.0,20260914T204321Z,True
tdb_qwen38-27b_tp1_graph_mtp-on_w2a_20260914T204321Z_5,qwen38-27b,1,graph,on,w2a,0,5,2,25112684.8,Step:Schedule,592,592,592,593,42420.076,schedule: get_num_common_prefix_blocks,592,1.0,2.477,2.46,2.669,2.843,2.16,3.16,1466.4,0.006,168208750.0,20260914T204321Z,True
tdb_qwen38-27b_tp1_graph_mtp-on_w2a_20260914T204321Z_5,qwen38-27b,1,graph,on,w2a,0,5,2,25112684.8,Step:Schedule,592,592,592,593,42420.076,schedule: make_cached_request_data,592,1.0,12.22,12.04,13.14,13.869,10.74,25.98,7234.1,0.029,168208750.0,20260914T204321Z,True
tdb_qwen38-27b_tp1_graph_mtp-on_w2a_20260914T204321Z_5,qwen38-27b,1,graph,on,w2a,0,5,2,25112684.8,Step:Schedule,592,592,592,593,42420.076,schedule: update_after_schedule,592,1.0,7.734,7.62,8.149,8.711,6.81,19.53,4578.6,0.018,168208750.0,20260914T204321Z,True
tdb_qwen38-27b_tp1_graph_mtp-on_w2a_20260914T204321Z_5,qwen38-27b,1,graph,on,w2a,0,5,3,25115249.6,Step:Schedule,591,591,591,592,42496.192,Step:Output,592,1.0017,56.234,56.03,58.249,66.448,50.67,76.41,33290.5,0.132,252393312.0,20260914T204321Z,True
tdb_qwen38-27b_tp1_graph_mtp-on_w2a_20260914T204321Z_5,qwen38-27b,1,graph,on,w2a,0,5,3,25115249.6,Step:Schedule,591,591,591,592,42496.192,Step:Schedule,591,1.0,419.953,275.58,654.88,906.813,251.99,963.11,248192.2,0.988,252393312.0,20260914T204321Z,True
tdb_qwen38-27b_tp1_graph_mtp-on_w2a_20260914T204321Z_5,qwen38-27b,1,graph,on,w2a,0,5,3,25115249.6,Step:Schedule,591,591,591,592,42496.192,async_state_update,592,1.0017,237.629,205.21,250.23,573.417,192.98,689.04,140676.1,0.559,252393312.0,20260914T204321Z,True
tdb_qwen38-27b_tp1_graph_mtp-on_w2a_20260914T204321Z_5,qwen38-27b,1,graph,on,w2a,0,5,3,25115249.6,Step:Schedule,591,591,591,592,42496.192,draft_token,592,1.0017,6004.585,6044.75,6151.455,6538.876,5620.37,7468.67,3554714.1,14.13,252393312.0,20260914T204321Z,True
tdb_qwen38-27b_tp1_graph_mtp-on_w2a_20260914T204321Z_5,qwen38-27b,1,graph,on,w2a,0,5,3,25115249.6,Step:Schedule,591,591,591,592,42496.192,forward,592,1.0017,3846.069,3951.61,4133.346,4291.846,2622.5,4587.75,2276872.8,9.05,252393312.0,20260914T204321Z,True
tdb_qwen38-27b_tp1_graph_mtp-on_w2a_20260914T204321Z_5,qwen38-27b,1,graph,on,w2a,0,5,3,25115249.6,Step:Schedule,591,591,591,592,42496.192,model: mtp: propose,592,1.0017,4522.004,4443.755,4756.473,5064.405,4310.14,6158.16,2677026.2,10.641,252393312.0,20260914T204321Z,True
tdb_qwen38-27b_tp1_graph_mtp-on_w2a_20260914T204321Z_5,qwen38-27b,1,graph,on,w2a,0,5,3,25115249.6,Step:Schedule,591,591,591,592,42496.192,post process,592,1.0017,186.283,133.435,473.536,527.478,127.49,594.19,110279.4,0.438,252393312.0,20260914T204321Z,True
tdb_qwen38-27b_tp1_graph_mtp-on_w2a_20260914T204321Z_5,qwen38-27b,1,graph,on,w2a,0,5,3,25115249.6,Step:Schedule,591,591,591,592,42496.192,prepare input,591,1.0,29294.891,29332.63,29692.9,30422.048,28033.08,32122.6,17313280.9,68.935,252393312.0,20260914T204321Z,True
tdb_qwen38-27b_tp1_graph_mtp-on_w2a_20260914T204321Z_5,qwen38-27b,1,graph,on,w2a,0,5,3,25115249.6,Step:Schedule,591,591,591,592,42496.192,sample_token,592,1.0017,729.193,819.275,847.122,908.148,454.26,1035.48,431682.2,1.716,252393312.0,20260914T204321Z,True
tdb_qwen38-27b_tp1_graph_mtp-on_w2a_20260914T204321Z_5,qwen38-27b,1,graph,on,w2a,0,5,3,25115249.6,Step:Schedule,591,591,591,592,42496.192,schedule: allocate_slots,591,1.0,45.415,45.1,46.7,56.668,42.6,61.92,26840.1,0.107,252393312.0,20260914T204321Z,True
tdb_qwen38-27b_tp1_graph_mtp-on_w2a_20260914T204321Z_5,qwen38-27b,1,graph,on,w2a,0,5,3,25115249.6,Step:Schedule,591,591,591,592,42496.192,schedule: get_num_common_prefix_blocks,591,1.0,2.462,2.45,2.61,2.761,2.13,3.01,1455.3,0.006,252393312.0,20260914T204321Z,True
tdb_qwen38-27b_tp1_graph_mtp-on_w2a_20260914T204321Z_5,qwen38-27b,1,graph,on,w2a,0,5,3,25115249.6,Step:Schedule,591,591,591,592,42496.192,schedule: make_cached_request_data,591,1.0,11.817,11.67,12.54,13.657,10.63,23.62,6983.7,0.028,252393312.0,20260914T204321Z,True
tdb_qwen38-27b_tp1_graph_mtp-on_w2a_20260914T204321Z_5,qwen38-27b,1,graph,on,w2a,0,5,3,25115249.6,Step:Schedule,591,591,591,592,42496.192,schedule: update_after_schedule,591,1.0,7.548,7.46,7.96,8.561,6.72,19.26,4461.0,0.018,252393312.0,20260914T204321Z,True
tdb_qwen38-27b_tp1_graph_mtp-on_w2a_20260914T204321Z_5,qwen38-27b,1,graph,on,w2a,0,5,4,25127102.7,Step:Schedule,592,592,592,593,42444.43,Step:Output,593,1.0017,56.285,56.2,58.02,63.229,51.93,74.85,33377.3,0.133,336626217.0,20260914T204321Z,True
tdb_qwen38-27b_tp1_graph_mtp-on_w2a_20260914T204321Z_5,qwen38-27b,1,graph,on,w2a,0,5,4,25127102.7,Step:Schedule,592,592,592,593,42444.43,Step:Schedule,592,1.0,412.182,282.13,652.462,752.336,271.3,903.36,244011.8,0.971,336626217.0,20260914T204321Z,True
tdb_qwen38-27b_tp1_graph_mtp-on_w2a_20260914T204321Z_5,qwen38-27b,1,graph,on,w2a,0,5,4,25127102.7,Step:Schedule,592,592,592,593,42444.43,async_state_update,593,1.0017,235.404,199.71,248.438,555.172,191.24,682.88,139594.7,0.555,336626217.0,20260914T204321Z,True
tdb_qwen38-27b_tp1_graph_mtp-on_w2a_20260914T204321Z_5,qwen38-27b,1,graph,on,w2a,0,5,4,25127102.7,Step:Schedule,592,592,592,593,42444.43,draft_token,593,1.0017,5930.433,6005.41,6092.306,6363.718,5594.78,6988.74,3516746.8,13.972,336626217.0,20260914T204321Z,True
tdb_qwen38-27b_tp1_graph_mtp-on_w2a_20260914T204321Z_5,qwen38-27b,1,graph,on,w2a,0,5,4,25127102.7,Step:Schedule,592,592,592,593,42444.43,forward,593,1.0017,3840.284,3922.77,4111.31,4199.916,2632.87,4263.36,2277288.3,9.048,336626217.0,20260914T204321Z,True
tdb_qwen38-27b_tp1_graph_mtp-on_w2a_20260914T204321Z_5,qwen38-27b,1,graph,on,w2a,0,5,4,25127102.7,Step:Schedule,592,592,592,593,42444.43,model: mtp: propose,593,1.0017,4477.473,4410.38,4715.888,4844.839,4266.26,5133.19,2655141.2,10.549,336626217.0,20260914T204321Z,True
tdb_qwen38-27b_tp1_graph_mtp-on_w2a_20260914T204321Z_5,qwen38-27b,1,graph,on,w2a,0,5,4,25127102.7,Step:Schedule,592,592,592,593,42444.43,post process,593,1.0017,182.434,130.8,457.44,508.519,126.84,624.94,108183.6,0.43,336626217.0,20260914T204321Z,True
tdb_qwen38-27b_tp1_graph_mtp-on_w2a_20260914T204321Z_5,qwen38-27b,1,graph,on,w2a,0,5,4,25127102.7,Step:Schedule,592,592,592,593,42444.43,prepare input,592,1.0,29348.898,29409.075,29642.915,29919.79,28197.75,31060.97,17374547.4,69.147,336626217.0,20260914T204321Z,True
tdb_qwen38-27b_tp1_graph_mtp-on_w2a_20260914T204321Z_5,qwen38-27b,1,graph,on,w2a,0,5,4,25127102.7,Step:Schedule,592,592,592,593,42444.43,sample_token,593,1.0017,742.904,811.15,837.81,914.731,451.62,1047.23,440542.2,1.75,336626217.0,20260914T204321Z,True
tdb_qwen38-27b_tp1_graph_mtp-on_w2a_20260914T204321Z_5,qwen38-27b,1,graph,on,w2a,0,5,4,25127102.7,Step:Schedule,592,592,592,593,42444.43,schedule: allocate_slots,592,1.0,44.786,44.62,45.679,51.643,42.72,62.32,26513.2,0.106,336626217.0,20260914T204321Z,True
tdb_qwen38-27b_tp1_graph_mtp-on_w2a_20260914T204321Z_5,qwen38-27b,1,graph,on,w2a,0,5,4,25127102.7,Step:Schedule,592,592,592,593,42444.43,schedule: get_num_common_prefix_blocks,592,1.0,2.425,2.39,2.56,2.79,2.12,15.08,1435.4,0.006,336626217.0,20260914T204321Z,True
tdb_qwen38-27b_tp1_graph_mtp-on_w2a_20260914T204321Z_5,qwen38-27b,1,graph,on,w2a,0,5,4,25127102.7,Step:Schedule,592,592,592,593,42444.43,schedule: make_cached_request_data,592,1.0,11.846,11.66,12.508,14.822,10.71,23.91,7012.7,0.028,336626217.0,20260914T204321Z,True
tdb_qwen38-27b_tp1_graph_mtp-on_w2a_20260914T204321Z_5,qwen38-27b,1,graph,on,w2a,0,5,4,25127102.7,Step:Schedule,592,592,592,593,42444.43,schedule: update_after_schedule,592,1.0,7.485,7.42,7.97,8.461,6.64,9.41,4431.4,0.018,336626217.0,20260914T204321Z,True
