config_id,model,tp,mode,mtp,rank,replay,run_id,worker_main_tid,frontend_bound_pct,bad_spec_pct,retiring_pct,backend_bound_pct,buckets_sum_pct,ipc,cycles,instructions,fetch_bubble,bad_spec_count,created_at,ok,source_file,scope,percent_enabled
qwen3-17b.tp1.graph.mtp-off,qwen3-17b,TP1,FULL_DECODE_ONLY,off,0,0,tdx_qwen3-17b_tp1_graph_mtp-off_a322_20260914T1917Z,2261575,59.4885,10.4326,15.0210,15.0579,100.0000,0.901262,62444597094,56278918041,222884257469,95366414719,2026-09-14T19:21:02.647708+00:00,True,HIST_PROJECT/reports/topdown-campaign/topdown-l1-windows.csv,exact_worker_main_tid,"100.00 (verified on a3-22 raw.csv, 724/724 rows)"
qwen3-17b.tp1.graph.mtp-off,qwen3-17b,TP1,FULL_DECODE_ONLY,off,0,1,tdb_qwen3-17b_tp1_graph_mtp-off_a322b_20260914T122950Z_3,2463591,60.2854,10.2422,14.5144,14.9580,100.0000,0.870865,63903858291,55651658706,231148049667,94922730782,2026-09-14T12:35:47.693635+00:00,True,HIST_PROJECT/reports/topdown-campaign/topdown-l1-windows.csv,exact_worker_main_tid,"100.00 (verified on a3-22 raw.csv, 724/724 rows)"
qwen3-17b.tp1.graph.mtp-off,qwen3-17b,TP1,FULL_DECODE_ONLY,off,0,1,tdp_reused_reuse_tdb_qwen3-17b_tp1_graph_mtp-off_q1_20260914T141401Z_5,2897568,59.3362,10.5856,15.2793,14.7989,100.0000,0.916755,61023606470,55943710556,217254629462,94702097197,2026-09-14T14:20:16.009024+00:00,True,HIST_PROJECT/reports/topdown-campaign/topdown-l1-windows.csv,exact_worker_main_tid,"100.00 (verified on a3-22 raw.csv, 724/724 rows)"
qwen3-17b.tp1.graph.mtp-off,qwen3-17b,TP1,FULL_DECODE_ONLY,off,0,2,tdb_qwen3-17b_tp1_graph_mtp-off_a322b_20260914T122950Z_3,2463591,60.3309,10.2245,14.6235,14.8211,100.0000,0.877413,63535717132,55747041667,229989901002,94724143613,2026-09-14T12:36:26.802886+00:00,True,HIST_PROJECT/reports/topdown-campaign/topdown-l1-windows.csv,exact_worker_main_tid,"100.00 (verified on a3-22 raw.csv, 724/724 rows)"
qwen3-17b.tp1.graph.mtp-off,qwen3-17b,TP1,FULL_DECODE_ONLY,off,0,2,tdp_reused_reuse_tdb_qwen3-17b_tp1_graph_mtp-off_q1_20260914T141401Z_5,2897568,61.0185,10.2126,14.8933,13.8756,100.0000,0.893599,61860026549,55278067409,226476188318,93183188910,2026-09-14T14:20:55.615552+00:00,True,HIST_PROJECT/reports/topdown-campaign/topdown-l1-windows.csv,exact_worker_main_tid,"100.00 (verified on a3-22 raw.csv, 724/724 rows)"
qwen3-17b.tp1.graph.mtp-off,qwen3-17b,TP1,FULL_DECODE_ONLY,off,0,3,tdb_qwen3-17b_tp1_graph_mtp-off_a322b_20260914T122950Z_3,2463591,60.2480,10.2337,14.6327,14.8856,100.0000,0.877961,63568232450,55810409296,229791637528,94842716874,2026-09-14T12:37:07.111843+00:00,True,HIST_PROJECT/reports/topdown-campaign/topdown-l1-windows.csv,exact_worker_main_tid,"100.00 (verified on a3-22 raw.csv, 724/724 rows)"
qwen3-17b.tp2.graph.mtp-off,qwen3-17b,TP2,FULL_DECODE_ONLY,off,0,1,tdp_reused_reuse_tdb_qwen3-17b_tp2_graph_mtp-off_a322e_20260914T134029Z_3,2757341,60.3624,10.2286,14.6544,14.7545,100.0000,0.879266,57461435952,50523904147,208110662157,85789009368,2026-09-14T13:46:50.834033+00:00,True,HIST_PROJECT/reports/topdown-campaign/topdown-l1-windows.csv,exact_worker_main_tid,"100.00 (verified on a3-22 raw.csv, 724/724 rows)"
qwen3-17b.tp2.graph.mtp-off,qwen3-17b,TP2,FULL_DECODE_ONLY,off,0,1,tdp_reused_reuse_tdb_qwen3-17b_tp2_graph_mtp-off_q2_20260914T142906Z_1,2983298,60.3047,10.2751,14.4257,14.9945,100.0000,0.865543,56585925983,48977547282,204743778174,83863050743,2026-09-14T14:34:20.609171+00:00,True,HIST_PROJECT/reports/topdown-campaign/topdown-l1-windows.csv,exact_worker_main_tid,"100.00 (verified on a3-22 raw.csv, 724/724 rows)"
qwen3-17b.tp2.graph.mtp-off,qwen3-17b,TP2,FULL_DECODE_ONLY,off,0,2,tdp_reused_reuse_tdb_qwen3-17b_tp2_graph_mtp-off_a322e_20260914T134029Z_3,2757341,60.3757,10.0240,14.1618,15.4385,100.0000,0.849706,58290087226,49529452902,211158380447,84587592728,2026-09-14T13:47:34.516672+00:00,True,HIST_PROJECT/reports/topdown-campaign/topdown-l1-windows.csv,exact_worker_main_tid,"100.00 (verified on a3-22 raw.csv, 724/724 rows)"
qwen3-17b.tp2.graph.mtp-off,qwen3-17b,TP2,FULL_DECODE_ONLY,off,0,2,tdp_reused_reuse_tdb_qwen3-17b_tp2_graph_mtp-off_q2_20260914T142906Z_1,2983298,60.4107,10.4260,14.8117,14.3516,100.0000,0.888703,54487399239,48423095653,197497267545,82508111358,2026-09-14T14:35:05.424899+00:00,True,HIST_PROJECT/reports/topdown-campaign/topdown-l1-windows.csv,exact_worker_main_tid,"100.00 (verified on a3-22 raw.csv, 724/724 rows)"
qwen3-17b.tp2.graph.mtp-off,qwen3-17b,TP2,FULL_DECODE_ONLY,off,0,3,tdp_reused_reuse_tdb_qwen3-17b_tp2_graph_mtp-off_a322e_20260914T134029Z_3,2757341,60.2300,10.0190,14.1587,15.5923,100.0000,0.849520,58409045605,49619632291,211078633664,84731630026,2026-09-14T13:48:18.566438+00:00,True,HIST_PROJECT/reports/topdown-campaign/topdown-l1-windows.csv,exact_worker_main_tid,"100.00 (verified on a3-22 raw.csv, 724/724 rows)"
qwen3-17b.tp2.graph.mtp-off,qwen3-17b,TP2,FULL_DECODE_ONLY,off,1,1,tdp_reused_reuse_tdb_qwen3-17b_tp2_graph_mtp-off_a322e_20260914T134029Z_3,2757342,60.1587,9.9853,14.1791,15.6769,100.0000,0.850748,59359874926,50500321294,214260601208,86064001579,2026-09-14T13:46:50.834881+00:00,True,HIST_PROJECT/reports/topdown-campaign/topdown-l1-windows.csv,exact_worker_main_tid,"100.00 (verified on a3-22 raw.csv, 724/724 rows)"
qwen3-17b.tp2.graph.mtp-off,qwen3-17b,TP2,FULL_DECODE_ONLY,off,1,1,tdp_reused_reuse_tdb_qwen3-17b_tp2_graph_mtp-off_q2_20260914T142906Z_1,2983299,60.8444,10.3636,14.9160,13.8760,100.0000,0.894957,54715757235,48968260941,199748941479,82991479103,2026-09-14T14:34:20.609171+00:00,True,HIST_PROJECT/reports/topdown-campaign/topdown-l1-windows.csv,exact_worker_main_tid,"100.00 (verified on a3-22 raw.csv, 724/724 rows)"
qwen3-17b.tp2.graph.mtp-off,qwen3-17b,TP2,FULL_DECODE_ONLY,off,1,2,tdp_reused_reuse_tdb_qwen3-17b_tp2_graph_mtp-off_a322e_20260914T134029Z_3,2757342,60.5284,10.0800,14.5873,14.8044,100.0000,0.875237,56694843803,49621437845,205898738343,83910432419,2026-09-14T13:47:34.516682+00:00,True,HIST_PROJECT/reports/topdown-campaign/topdown-l1-windows.csv,exact_worker_main_tid,"100.00 (verified on a3-22 raw.csv, 724/724 rows)"
qwen3-17b.tp2.graph.mtp-off,qwen3-17b,TP2,FULL_DECODE_ONLY,off,1,2,tdp_reused_reuse_tdb_qwen3-17b_tp2_graph_mtp-off_q2_20260914T142906Z_1,2983299,60.9175,10.4400,15.0488,13.5937,100.0000,0.902929,53531632803,48335245048,195660794611,81867382700,2026-09-14T14:35:05.424866+00:00,True,HIST_PROJECT/reports/topdown-campaign/topdown-l1-windows.csv,exact_worker_main_tid,"100.00 (verified on a3-22 raw.csv, 724/724 rows)"
qwen3-17b.tp2.graph.mtp-off,qwen3-17b,TP2,FULL_DECODE_ONLY,off,1,3,tdp_reused_reuse_tdb_qwen3-17b_tp2_graph_mtp-off_a322e_20260914T134029Z_3,2757342,59.9907,10.1134,14.3796,15.5163,100.0000,0.862776,57549010980,49651914070,207144471093,84572807078,2026-09-14T13:48:18.556622+00:00,True,HIST_PROJECT/reports/topdown-campaign/topdown-l1-windows.csv,exact_worker_main_tid,"100.00 (verified on a3-22 raw.csv, 724/724 rows)"
qwen3-17b.tp4.graph.mtp-off,qwen3-17b,TP4,FULL_DECODE_ONLY,off,0,1,tdb_qwen3-17b_tp4_graph_mtp-off_p6_20260914T144451Z_0,1348460,63.1268,10.0202,14.1360,12.7171,100.0000,0.848159,64244450926,54489483626,243332762711,93113894806,2026-09-14T14:48:01.627004+00:00,True,HIST_PROJECT/reports/topdown-campaign/topdown-l1-windows.csv,exact_worker_main_tid,"100.00 (verified on a3-22 raw.csv, 724/724 rows)"
qwen3-17b.tp4.graph.mtp-off,qwen3-17b,TP4,FULL_DECODE_ONLY,off,0,1,tdp_reused_reuse_tdb_qwen3-17b_tp4_graph_mtp-off_a322d_20260914T131933Z_1,2632150,61.1506,10.1051,14.7841,13.9602,100.0000,0.887045,62554114007,55488312115,229513330718,93415289126,2026-09-14T13:25:49.464853+00:00,True,HIST_PROJECT/reports/topdown-campaign/topdown-l1-windows.csv,exact_worker_main_tid,"100.00 (verified on a3-22 raw.csv, 724/724 rows)"
qwen3-17b.tp4.graph.mtp-off,qwen3-17b,TP4,FULL_DECODE_ONLY,off,0,2,tdb_qwen3-17b_tp4_graph_mtp-off_p6_20260914T144451Z_0,1348460,63.6605,10.0392,14.1598,12.1405,100.0000,0.849588,64149371950,54500550492,245026898523,93141131165,2026-09-14T14:48:41.506632+00:00,True,HIST_PROJECT/reports/topdown-campaign/topdown-l1-windows.csv,exact_worker_main_tid,"100.00 (verified on a3-22 raw.csv, 724/724 rows)"
qwen3-17b.tp4.graph.mtp-off,qwen3-17b,TP4,FULL_DECODE_ONLY,off,0,2,tdp_reused_reuse_tdb_qwen3-17b_tp4_graph_mtp-off_a322d_20260914T131933Z_1,2632150,60.1864,9.9682,14.6311,15.2143,100.0000,0.877863,63356897310,55618692449,228793453003,93512082707,2026-09-14T13:26:28.868537+00:00,True,HIST_PROJECT/reports/topdown-campaign/topdown-l1-windows.csv,exact_worker_main_tid,"100.00 (verified on a3-22 raw.csv, 724/724 rows)"
qwen3-17b.tp4.graph.mtp-off,qwen3-17b,TP4,FULL_DECODE_ONLY,off,0,3,tdp_reused_reuse_tdb_qwen3-17b_tp4_graph_mtp-off_a322d_20260914T131933Z_1,2632150,62.8133,10.1823,15.1201,11.8843,100.0000,0.907204,63220110355,57353532154,238263955088,95977135975,2026-09-14T13:27:07.108356+00:00,True,HIST_PROJECT/reports/topdown-campaign/topdown-l1-windows.csv,exact_worker_main_tid,"100.00 (verified on a3-22 raw.csv, 724/724 rows)"
qwen3-17b.tp4.graph.mtp-off,qwen3-17b,TP4,FULL_DECODE_ONLY,off,1,1,tdb_qwen3-17b_tp4_graph_mtp-off_p6_20260914T144451Z_0,1348461,63.2059,9.6200,14.0875,13.0865,100.0000,0.845252,64562093468,54571254167,244842501868,91836439127,2026-09-14T14:48:01.626926+00:00,True,HIST_PROJECT/reports/topdown-campaign/topdown-l1-windows.csv,exact_worker_main_tid,"100.00 (verified on a3-22 raw.csv, 724/724 rows)"
qwen3-17b.tp4.graph.mtp-off,qwen3-17b,TP4,FULL_DECODE_ONLY,off,1,1,tdp_reused_reuse_tdb_qwen3-17b_tp4_graph_mtp-off_a322d_20260914T131933Z_1,2632151,60.4657,10.0881,14.5133,14.9329,100.0000,0.870796,63758552880,55520716031,231312338295,94112902667,2026-09-14T13:25:49.458520+00:00,True,HIST_PROJECT/reports/topdown-campaign/topdown-l1-windows.csv,exact_worker_main_tid,"100.00 (verified on a3-22 raw.csv, 724/724 rows)"
qwen3-17b.tp4.graph.mtp-off,qwen3-17b,TP4,FULL_DECODE_ONLY,off,1,2,tdb_qwen3-17b_tp4_graph_mtp-off_p6_20260914T144451Z_0,1348461,62.8214,9.7107,14.1649,13.3030,100.0000,0.849896,64286170959,54636533895,242312994631,92092186901,2026-09-14T14:48:41.506632+00:00,True,HIST_PROJECT/reports/topdown-campaign/topdown-l1-windows.csv,exact_worker_main_tid,"100.00 (verified on a3-22 raw.csv, 724/724 rows)"
qwen3-17b.tp4.graph.mtp-off,qwen3-17b,TP4,FULL_DECODE_ONLY,off,1,2,tdp_reused_reuse_tdb_qwen3-17b_tp4_graph_mtp-off_a322d_20260914T131933Z_1,2632151,61.4532,10.2501,15.1582,13.1386,100.0000,0.909490,61825736104,56229859124,227963395405,94252942117,2026-09-14T13:26:28.866359+00:00,True,HIST_PROJECT/reports/topdown-campaign/topdown-l1-windows.csv,exact_worker_main_tid,"100.00 (verified on a3-22 raw.csv, 724/724 rows)"
qwen3-17b.tp4.graph.mtp-off,qwen3-17b,TP4,FULL_DECODE_ONLY,off,1,3,tdp_reused_reuse_tdb_qwen3-17b_tp4_graph_mtp-off_a322d_20260914T131933Z_1,2632151,60.8499,10.3406,14.6917,14.1178,100.0000,0.881505,64743457666,57071669128,236378023954,97240666661,2026-09-14T13:27:07.115466+00:00,True,HIST_PROJECT/reports/topdown-campaign/topdown-l1-windows.csv,exact_worker_main_tid,"100.00 (verified on a3-22 raw.csv, 724/724 rows)"
qwen3-17b.tp4.graph.mtp-off,qwen3-17b,TP4,FULL_DECODE_ONLY,off,2,1,tdb_qwen3-17b_tp4_graph_mtp-off_p6_20260914T144451Z_0,1348462,62.1898,10.3035,14.5579,12.9488,100.0000,0.873474,62745337529,54806395886,234127019101,93596255800,2026-09-14T14:48:01.626930+00:00,True,HIST_PROJECT/reports/topdown-campaign/topdown-l1-windows.csv,exact_worker_main_tid,"100.00 (verified on a3-22 raw.csv, 724/724 rows)"
qwen3-17b.tp4.graph.mtp-off,qwen3-17b,TP4,FULL_DECODE_ONLY,off,2,1,tdp_reused_reuse_tdb_qwen3-17b_tp4_graph_mtp-off_a322d_20260914T131933Z_1,2632152,59.2697,10.0081,14.1616,16.5606,100.0000,0.849693,64693722604,54969823838,230062690503,93817451385,2026-09-14T13:25:49.455966+00:00,True,HIST_PROJECT/reports/topdown-campaign/topdown-l1-windows.csv,exact_worker_main_tid,"100.00 (verified on a3-22 raw.csv, 724/724 rows)"
qwen3-17b.tp4.graph.mtp-off,qwen3-17b,TP4,FULL_DECODE_ONLY,off,2,2,tdb_qwen3-17b_tp4_graph_mtp-off_p6_20260914T144451Z_0,1348462,61.2494,10.5823,14.9313,13.2370,100.0000,0.895877,61249752602,54872257870,225090743365,93762024003,2026-09-14T14:48:41.506633+00:00,True,HIST_PROJECT/reports/topdown-campaign/topdown-l1-windows.csv,exact_worker_main_tid,"100.00 (verified on a3-22 raw.csv, 724/724 rows)"
qwen3-17b.tp4.graph.mtp-off,qwen3-17b,TP4,FULL_DECODE_ONLY,off,2,2,tdp_reused_reuse_tdb_qwen3-17b_tp4_graph_mtp-off_a322d_20260914T131933Z_1,2632152,60.4157,10.1832,14.5914,14.8096,100.0000,0.875487,63877358243,55923794335,231551819295,94952445305,2026-09-14T13:26:28.868530+00:00,True,HIST_PROJECT/reports/topdown-campaign/topdown-l1-windows.csv,exact_worker_main_tid,"100.00 (verified on a3-22 raw.csv, 724/724 rows)"
qwen3-17b.tp4.graph.mtp-off,qwen3-17b,TP4,FULL_DECODE_ONLY,off,2,3,tdp_reused_reuse_tdb_qwen3-17b_tp4_graph_mtp-off_a322d_20260914T131933Z_1,2632152,61.1192,10.1940,15.0393,13.6475,100.0000,0.902359,63959565112,57714479361,234549584091,96834653002,2026-09-14T13:27:07.108479+00:00,True,HIST_PROJECT/reports/topdown-campaign/topdown-l1-windows.csv,exact_worker_main_tid,"100.00 (verified on a3-22 raw.csv, 724/724 rows)"
qwen3-17b.tp4.graph.mtp-off,qwen3-17b,TP4,FULL_DECODE_ONLY,off,3,1,tdb_qwen3-17b_tp4_graph_mtp-off_p6_20260914T144451Z_0,1348463,61.8311,9.8753,14.5729,13.7208,100.0000,0.874371,62921517906,55016763145,233430238495,92298740729,2026-09-14T14:48:01.627260+00:00,True,HIST_PROJECT/reports/topdown-campaign/topdown-l1-windows.csv,exact_worker_main_tid,"100.00 (verified on a3-22 raw.csv, 724/724 rows)"
qwen3-17b.tp4.graph.mtp-off,qwen3-17b,TP4,FULL_DECODE_ONLY,off,3,1,tdp_reused_reuse_tdb_qwen3-17b_tp4_graph_mtp-off_a322d_20260914T131933Z_1,2632153,60.7707,10.1275,14.5641,14.5377,100.0000,0.873846,63567615994,55548313986,231782950676,94175302440,2026-09-14T13:25:49.458911+00:00,True,HIST_PROJECT/reports/topdown-campaign/topdown-l1-windows.csv,exact_worker_main_tid,"100.00 (verified on a3-22 raw.csv, 724/724 rows)"
qwen3-17b.tp4.graph.mtp-off,qwen3-17b,TP4,FULL_DECODE_ONLY,off,3,2,tdb_qwen3-17b_tp4_graph_mtp-off_p6_20260914T144451Z_0,1348463,62.8731,9.7428,14.4796,12.9045,100.0000,0.868776,63258741543,54957693737,238636459983,91936567468,2026-09-14T14:48:41.506631+00:00,True,HIST_PROJECT/reports/topdown-campaign/topdown-l1-windows.csv,exact_worker_main_tid,"100.00 (verified on a3-22 raw.csv, 724/724 rows)"
qwen3-17b.tp4.graph.mtp-off,qwen3-17b,TP4,FULL_DECODE_ONLY,off,3,2,tdp_reused_reuse_tdb_qwen3-17b_tp4_graph_mtp-off_a322d_20260914T131933Z_1,2632153,61.1743,10.1389,14.8688,13.8179,100.0000,0.892131,62827858065,56050649763,230607164917,94270915177,2026-09-14T13:26:28.866390+00:00,True,HIST_PROJECT/reports/topdown-campaign/topdown-l1-windows.csv,exact_worker_main_tid,"100.00 (verified on a3-22 raw.csv, 724/724 rows)"
qwen3-17b.tp4.graph.mtp-off,qwen3-17b,TP4,FULL_DECODE_ONLY,off,3,3,tdp_reused_reuse_tdb_qwen3-17b_tp4_graph_mtp-off_a322d_20260914T131933Z_1,2632153,61.4968,10.1723,14.9914,13.3395,100.0000,0.899486,63960183866,57531286159,236000779790,96568489886,2026-09-14T13:27:07.107442+00:00,True,HIST_PROJECT/reports/topdown-campaign/topdown-l1-windows.csv,exact_worker_main_tid,"100.00 (verified on a3-22 raw.csv, 724/724 rows)"
qwen35-08b.tp1.graph.mtp-off,qwen35-08b,TP1,FULL_DECODE_ONLY,off,0,0,td2_qwen35_08b_tp1_graph_off_chip15_20260914T1904Z,2245441,62.3195,10.9602,13.0695,13.6507,100.0000,0.784169,69552759254,54541085693,260069782557,100279934308,2026-09-14T19:08:51.122236+00:00,True,HIST_PROJECT/reports/topdown-campaign/topdown-l1-windows.csv,exact_worker_main_tid,"100.00 (verified on a3-22 raw.csv, 724/724 rows)"
qwen35-08b.tp1.graph.mtp-off,qwen35-08b,TP1,FULL_DECODE_ONLY,off,0,1,tdp_reused_reuse_tdb_qwen35-08b_tp1_graph_mtp-off_a322d_20260914T131933Z_3,2633699,67.5844,10.1848,12.1239,10.1069,100.0000,0.727434,69496592877,50554181026,281813315407,93022718835,2026-09-14T13:26:11.642469+00:00,True,HIST_PROJECT/reports/topdown-campaign/topdown-l1-windows.csv,exact_worker_main_tid,"100.00 (verified on a3-22 raw.csv, 724/724 rows)"
qwen35-08b.tp1.graph.mtp-off,qwen35-08b,TP1,FULL_DECODE_ONLY,off,0,1,tdp_reused_reuse_tdb_qwen35-08b_tp1_graph_mtp-off_q1_20260914T141401Z_0,2899987,64.2098,10.5650,12.2129,13.0122,100.0000,0.732773,69564225862,50974761426,268002476544,95071701017,2026-09-14T14:20:38.956895+00:00,True,HIST_PROJECT/reports/topdown-campaign/topdown-l1-windows.csv,exact_worker_main_tid,"100.00 (verified on a3-22 raw.csv, 724/724 rows)"
qwen35-08b.tp1.graph.mtp-off,qwen35-08b,TP1,FULL_DECODE_ONLY,off,0,2,tdp_reused_reuse_tdb_qwen35-08b_tp1_graph_mtp-off_a322d_20260914T131933Z_3,2633699,65.8333,10.7340,12.6357,10.7970,100.0000,0.758139,69111850199,52396394472,272991725731,96907237620,2026-09-14T13:26:44.149348+00:00,True,HIST_PROJECT/reports/topdown-campaign/topdown-l1-windows.csv,exact_worker_main_tid,"100.00 (verified on a3-22 raw.csv, 724/724 rows)"
qwen35-08b.tp1.graph.mtp-off,qwen35-08b,TP1,FULL_DECODE_ONLY,off,0,2,tdp_reused_reuse_tdb_qwen35-08b_tp1_graph_mtp-off_q1_20260914T141401Z_0,2899987,65.1218,10.6765,12.4970,11.7047,100.0000,0.749823,69311060908,51971027005,270819708852,96370855267,2026-09-14T14:21:11.109894+00:00,True,HIST_PROJECT/reports/topdown-campaign/topdown-l1-windows.csv,exact_worker_main_tid,"100.00 (verified on a3-22 raw.csv, 724/724 rows)"
qwen35-08b.tp1.graph.mtp-off,qwen35-08b,TP1,FULL_DECODE_ONLY,off,0,3,tdp_reused_reuse_tdb_qwen35-08b_tp1_graph_mtp-off_a322d_20260914T131933Z_3,2633699,64.9103,11.0210,12.9894,11.0793,100.0000,0.779363,69185916552,53920915936,269452830908,99670685370,2026-09-14T13:27:15.054357+00:00,True,HIST_PROJECT/reports/topdown-campaign/topdown-l1-windows.csv,exact_worker_main_tid,"100.00 (verified on a3-22 raw.csv, 724/724 rows)"
qwen35-08b.tp1.graph.mtp-on,qwen35-08b,TP1,FULL_DECODE_ONLY,on,0,1,tdb_qwen35-08b_tp1_graph_mtp-on_a321c_20260914T123228Z_0,730881,67.3076,9.6468,12.5374,10.5081,100.0000,0.752247,70499539381,53033032550,284709376662,93838927419,2026-09-14T12:37:41.429902+00:00,True,HIST_PROJECT/reports/topdown-campaign/topdown-l1-windows.csv,exact_worker_main_tid,"100.00 (verified on a3-22 raw.csv, 724/724 rows)"
qwen35-08b.tp1.graph.mtp-on,qwen35-08b,TP1,FULL_DECODE_ONLY,on,0,2,tdb_qwen35-08b_tp1_graph_mtp-on_a321c_20260914T123228Z_0,730881,68.0051,9.7192,12.7615,9.5142,100.0000,0.765691,70412934232,53914576317,287306304311,94975948387,2026-09-14T12:38:14.894398+00:00,True,HIST_PROJECT/reports/topdown-campaign/topdown-l1-windows.csv,exact_worker_main_tid,"100.00 (verified on a3-22 raw.csv, 724/724 rows)"
qwen35-08b.tp1.graph.mtp-on,qwen35-08b,TP1,FULL_DECODE_ONLY,on,0,3,tdb_qwen35-08b_tp1_graph_mtp-on_a321c_20260914T123228Z_0,730881,68.1285,9.7229,12.7728,9.3759,100.0000,0.766365,70420778192,53968047349,287859735407,95049548809,2026-09-14T12:38:47.706193+00:00,True,HIST_PROJECT/reports/topdown-campaign/topdown-l1-windows.csv,exact_worker_main_tid,"100.00 (verified on a3-22 raw.csv, 724/724 rows)"
qwen35-08b.tp2.graph.mtp-off,qwen35-08b,TP2,FULL_DECODE_ONLY,off,0,1,tdb_qwen35-08b_tp2_graph_mtp-off_a321c_20260914T123228Z_2,729963,61.9136,10.3264,12.2253,15.5347,100.0000,0.733516,67234308721,49317412906,249763277938,90974532363,2026-09-14T12:38:04.342708+00:00,True,HIST_PROJECT/reports/topdown-campaign/topdown-l1-windows.csv,exact_worker_main_tid,"100.00 (verified on a3-22 raw.csv, 724/724 rows)"
qwen35-08b.tp2.graph.mtp-off,qwen35-08b,TP2,FULL_DECODE_ONLY,off,0,1,tdp_reused_reuse_tdb_qwen35-08b_tp2_graph_mtp-off_q2_20260914T142906Z_0,2984529,62.7720,10.0527,11.7100,15.4653,100.0000,0.702600,68262478461,47961187050,257098189866,89134594688,2026-09-14T14:34:43.327043+00:00,True,HIST_PROJECT/reports/topdown-campaign/topdown-l1-windows.csv,exact_worker_main_tid,"100.00 (verified on a3-22 raw.csv, 724/724 rows)"
qwen35-08b.tp2.graph.mtp-off,qwen35-08b,TP2,FULL_DECODE_ONLY,off,0,2,tdb_qwen35-08b_tp2_graph_mtp-off_a321c_20260914T123228Z_2,729963,62.8009,10.2208,12.2433,14.7351,100.0000,0.734595,66134354546,48581991905,249197972468,89138564795,2026-09-14T12:38:41.469248+00:00,True,HIST_PROJECT/reports/topdown-campaign/topdown-l1-windows.csv,exact_worker_main_tid,"100.00 (verified on a3-22 raw.csv, 724/724 rows)"
qwen35-08b.tp2.graph.mtp-off,qwen35-08b,TP2,FULL_DECODE_ONLY,off,0,2,tdp_reused_reuse_tdb_qwen35-08b_tp2_graph_mtp-off_q2_20260914T142906Z_0,2984529,62.7299,10.0640,11.8810,15.3251,100.0000,0.712861,66272089175,47242792936,249434530495,87260484474,2026-09-14T14:35:21.235252+00:00,True,HIST_PROJECT/reports/topdown-campaign/topdown-l1-windows.csv,exact_worker_main_tid,"100.00 (verified on a3-22 raw.csv, 724/724 rows)"
qwen35-08b.tp2.graph.mtp-off,qwen35-08b,TP2,FULL_DECODE_ONLY,off,0,3,tdb_qwen35-08b_tp2_graph_mtp-off_a321c_20260914T123228Z_2,729963,62.2081,10.1701,12.0212,15.6007,100.0000,0.721271,67223889584,48486647137,250912034914,89507113839,2026-09-14T12:39:18.446379+00:00,True,HIST_PROJECT/reports/topdown-campaign/topdown-l1-windows.csv,exact_worker_main_tid,"100.00 (verified on a3-22 raw.csv, 724/724 rows)"
qwen35-08b.tp2.graph.mtp-off,qwen35-08b,TP2,FULL_DECODE_ONLY,off,1,1,tdb_qwen35-08b_tp2_graph_mtp-off_a321c_20260914T123228Z_2,729964,64.5611,9.8684,12.3270,13.2436,100.0000,0.739618,66525734719,49203643390,257698383013,88593734491,2026-09-14T12:38:04.342725+00:00,True,HIST_PROJECT/reports/topdown-campaign/topdown-l1-windows.csv,exact_worker_main_tid,"100.00 (verified on a3-22 raw.csv, 724/724 rows)"
qwen35-08b.tp2.graph.mtp-off,qwen35-08b,TP2,FULL_DECODE_ONLY,off,1,1,tdp_reused_reuse_tdb_qwen35-08b_tp2_graph_mtp-off_q2_20260914T142906Z_0,2984530,63.5643,10.2390,12.4219,13.7749,100.0000,0.745313,64167361769,47824758457,244725203620,87245196200,2026-09-14T14:34:43.327043+00:00,True,HIST_PROJECT/reports/topdown-campaign/topdown-l1-windows.csv,exact_worker_main_tid,"100.00 (verified on a3-22 raw.csv, 724/724 rows)"
qwen35-08b.tp2.graph.mtp-off,qwen35-08b,TP2,FULL_DECODE_ONLY,off,1,2,tdb_qwen35-08b_tp2_graph_mtp-off_a321c_20260914T123228Z_2,729964,63.8586,9.7414,11.7809,14.6191,100.0000,0.706854,68343759541,48309090382,261860232312,88254959942,2026-09-14T12:38:41.469248+00:00,True,HIST_PROJECT/reports/topdown-campaign/topdown-l1-windows.csv,exact_worker_main_tid,"100.00 (verified on a3-22 raw.csv, 724/724 rows)"
qwen35-08b.tp2.graph.mtp-off,qwen35-08b,TP2,FULL_DECODE_ONLY,off,1,2,tdp_reused_reuse_tdb_qwen35-08b_tp2_graph_mtp-off_q2_20260914T142906Z_0,2984530,62.7004,10.1358,11.9238,15.2399,100.0000,0.715430,66001277089,47219315317,248298312967,87358006483,2026-09-14T14:35:21.235342+00:00,True,HIST_PROJECT/reports/topdown-campaign/topdown-l1-windows.csv,exact_worker_main_tid,"100.00 (verified on a3-22 raw.csv, 724/724 rows)"
qwen35-08b.tp2.graph.mtp-off,qwen35-08b,TP2,FULL_DECODE_ONLY,off,1,3,tdb_qwen35-08b_tp2_graph_mtp-off_a321c_20260914T123228Z_2,729964,64.0526,9.7819,11.9381,14.2275,100.0000,0.716283,67559596963,48391805458,259641879786,88043500545,2026-09-14T12:39:18.446408+00:00,True,HIST_PROJECT/reports/topdown-campaign/topdown-l1-windows.csv,exact_worker_main_tid,"100.00 (verified on a3-22 raw.csv, 724/724 rows)"
qwen35-08b.tp4.graph.mtp-off,qwen35-08b,TP4,FULL_DECODE_ONLY,off,0,1,tdb_qwen35-08b_tp4_graph_mtp-off_p4_20260914T143119Z_0,1258206,63.7210,9.6561,12.2270,14.3959,100.0000,0.733621,69441168022,50943481466,265491554369,91175203203,2026-09-14T14:37:07.258427+00:00,True,HIST_PROJECT/reports/topdown-campaign/topdown-l1-windows.csv,exact_worker_main_tid,"100.00 (verified on a3-22 raw.csv, 724/724 rows)"
qwen35-08b.tp4.graph.mtp-off,qwen35-08b,TP4,FULL_DECODE_ONLY,off,0,1,tdp_reused_reuse_tdb_qwen35-08b_tp4_graph_mtp-off_a322d_20260914T131933Z_0,2634160,63.9558,10.3096,11.9588,13.7758,100.0000,0.717527,69464541182,49842654740,266559624258,92811739053,2026-09-14T13:26:12.470413+00:00,True,HIST_PROJECT/reports/topdown-campaign/topdown-l1-windows.csv,exact_worker_main_tid,"100.00 (verified on a3-22 raw.csv, 724/724 rows)"
qwen35-08b.tp4.graph.mtp-off,qwen35-08b,TP4,FULL_DECODE_ONLY,off,0,2,tdb_qwen35-08b_tp4_graph_mtp-off_p4_20260914T143119Z_0,1258206,64.9380,9.8221,12.0651,13.1748,100.0000,0.723906,69295753303,50163578258,269995664482,91001469820,2026-09-14T14:37:42.579694+00:00,True,HIST_PROJECT/reports/topdown-campaign/topdown-l1-windows.csv,exact_worker_main_tid,"100.00 (verified on a3-22 raw.csv, 724/724 rows)"
qwen35-08b.tp4.graph.mtp-off,qwen35-08b,TP4,FULL_DECODE_ONLY,off,0,2,tdp_reused_reuse_tdb_qwen35-08b_tp4_graph_mtp-off_a322d_20260914T131933Z_0,2634160,63.8769,10.3208,11.8163,13.9861,100.0000,0.708976,69256779158,49101369500,265434363858,91988344950,2026-09-14T13:26:52.896696+00:00,True,HIST_PROJECT/reports/topdown-campaign/topdown-l1-windows.csv,exact_worker_main_tid,"100.00 (verified on a3-22 raw.csv, 724/724 rows)"
qwen35-08b.tp4.graph.mtp-off,qwen35-08b,TP4,FULL_DECODE_ONLY,off,0,3,tdp_reused_reuse_tdb_qwen35-08b_tp4_graph_mtp-off_a322d_20260914T131933Z_0,2634160,64.5015,10.3489,11.8092,13.3403,100.0000,0.708553,69192279968,49026402549,267780519568,91990443528,2026-09-14T13:27:28.817641+00:00,True,HIST_PROJECT/reports/topdown-campaign/topdown-l1-windows.csv,exact_worker_main_tid,"100.00 (verified on a3-22 raw.csv, 724/724 rows)"
qwen35-08b.tp4.graph.mtp-off,qwen35-08b,TP4,FULL_DECODE_ONLY,off,1,1,tdb_qwen35-08b_tp4_graph_mtp-off_p4_20260914T143119Z_0,1258207,65.1368,10.0735,12.0916,12.6981,100.0000,0.725495,70594965440,51216329148,275899717786,93884641999,2026-09-14T14:37:07.248187+00:00,True,HIST_PROJECT/reports/topdown-campaign/topdown-l1-windows.csv,exact_worker_main_tid,"100.00 (verified on a3-22 raw.csv, 724/724 rows)"
qwen35-08b.tp4.graph.mtp-off,qwen35-08b,TP4,FULL_DECODE_ONLY,off,1,1,tdp_reused_reuse_tdb_qwen35-08b_tp4_graph_mtp-off_a322d_20260914T131933Z_0,2634161,61.2635,9.6597,12.5262,16.5506,100.0000,0.751572,70630917465,53084217116,259626033929,94020582053,2026-09-14T13:26:12.469711+00:00,True,HIST_PROJECT/reports/topdown-campaign/topdown-l1-windows.csv,exact_worker_main_tid,"100.00 (verified on a3-22 raw.csv, 724/724 rows)"
qwen35-08b.tp4.graph.mtp-off,qwen35-08b,TP4,FULL_DECODE_ONLY,off,1,2,tdb_qwen35-08b_tp4_graph_mtp-off_p4_20260914T143119Z_0,1258207,64.5691,10.0209,12.2136,13.1964,100.0000,0.732813,70552105466,51701515510,273329245071,94121356818,2026-09-14T14:37:42.571256+00:00,True,HIST_PROJECT/reports/topdown-campaign/topdown-l1-windows.csv,exact_worker_main_tid,"100.00 (verified on a3-22 raw.csv, 724/724 rows)"
qwen35-08b.tp4.graph.mtp-off,qwen35-08b,TP4,FULL_DECODE_ONLY,off,1,2,tdp_reused_reuse_tdb_qwen35-08b_tp4_graph_mtp-off_a322d_20260914T131933Z_0,2634161,61.4528,9.6922,12.2063,16.6488,100.0000,0.732375,70483944926,51620711104,259886228447,92609236571,2026-09-14T13:26:52.905907+00:00,True,HIST_PROJECT/reports/topdown-campaign/topdown-l1-windows.csv,exact_worker_main_tid,"100.00 (verified on a3-22 raw.csv, 724/724 rows)"
qwen35-08b.tp4.graph.mtp-off,qwen35-08b,TP4,FULL_DECODE_ONLY,off,1,3,tdp_reused_reuse_tdb_qwen35-08b_tp4_graph_mtp-off_a322d_20260914T131933Z_0,2634161,60.8401,9.6161,12.6248,16.9189,100.0000,0.757491,70469463603,53379973057,257242317794,94038365184,2026-09-14T13:27:28.823196+00:00,True,HIST_PROJECT/reports/topdown-campaign/topdown-l1-windows.csv,exact_worker_main_tid,"100.00 (verified on a3-22 raw.csv, 724/724 rows)"
qwen35-08b.tp4.graph.mtp-off,qwen35-08b,TP4,FULL_DECODE_ONLY,off,2,1,tdb_qwen35-08b_tp4_graph_mtp-off_p4_20260914T143119Z_0,1258208,62.1602,9.3746,12.8346,15.6307,100.0000,0.770075,70634534264,54393875398,263439345771,94123910210,2026-09-14T14:37:07.248192+00:00,True,HIST_PROJECT/reports/topdown-campaign/topdown-l1-windows.csv,exact_worker_main_tid,"100.00 (verified on a3-22 raw.csv, 724/724 rows)"
qwen35-08b.tp4.graph.mtp-off,qwen35-08b,TP4,FULL_DECODE_ONLY,off,2,1,tdp_reused_reuse_tdb_qwen35-08b_tp4_graph_mtp-off_a322d_20260914T131933Z_0,2634162,59.1476,9.3102,13.2071,18.3351,100.0000,0.792424,70661720470,55994076232,250768157791,95466759146,2026-09-14T13:26:12.476253+00:00,True,HIST_PROJECT/reports/topdown-campaign/topdown-l1-windows.csv,exact_worker_main_tid,"100.00 (verified on a3-22 raw.csv, 724/724 rows)"
qwen35-08b.tp4.graph.mtp-off,qwen35-08b,TP4,FULL_DECODE_ONLY,off,2,2,tdb_qwen35-08b_tp4_graph_mtp-off_p4_20260914T143119Z_0,1258208,61.6077,9.3014,13.0762,16.0147,100.0000,0.784574,70399130556,55233302309,260227609558,94521839498,2026-09-14T14:37:42.570543+00:00,True,HIST_PROJECT/reports/topdown-campaign/topdown-l1-windows.csv,exact_worker_main_tid,"100.00 (verified on a3-22 raw.csv, 724/724 rows)"
qwen35-08b.tp4.graph.mtp-off,qwen35-08b,TP4,FULL_DECODE_ONLY,off,2,2,tdp_reused_reuse_tdb_qwen35-08b_tp4_graph_mtp-off_a322d_20260914T131933Z_0,2634162,58.3283,9.2106,13.4583,19.0028,100.0000,0.807499,70524879398,56948754765,246815754800,95923405113,2026-09-14T13:26:52.904705+00:00,True,HIST_PROJECT/reports/topdown-campaign/topdown-l1-windows.csv,exact_worker_main_tid,"100.00 (verified on a3-22 raw.csv, 724/724 rows)"
qwen35-08b.tp4.graph.mtp-off,qwen35-08b,TP4,FULL_DECODE_ONLY,off,2,3,tdp_reused_reuse_tdb_qwen35-08b_tp4_graph_mtp-off_a322d_20260914T131933Z_0,2634162,58.7000,9.3231,13.2482,18.7287,100.0000,0.794891,70515063133,56051807890,248354051583,95496842178,2026-09-14T13:27:28.830008+00:00,True,HIST_PROJECT/reports/topdown-campaign/topdown-l1-windows.csv,exact_worker_main_tid,"100.00 (verified on a3-22 raw.csv, 724/724 rows)"
qwen35-08b.tp4.graph.mtp-off,qwen35-08b,TP4,FULL_DECODE_ONLY,off,3,1,tdb_qwen35-08b_tp4_graph_mtp-off_p4_20260914T143119Z_0,1258209,63.4781,9.5908,12.5715,14.3596,100.0000,0.754289,70526816314,53197619432,268614444102,93782091824,2026-09-14T14:37:07.258422+00:00,True,HIST_PROJECT/reports/topdown-campaign/topdown-l1-windows.csv,exact_worker_main_tid,"100.00 (verified on a3-22 raw.csv, 724/724 rows)"
qwen35-08b.tp4.graph.mtp-off,qwen35-08b,TP4,FULL_DECODE_ONLY,off,3,1,tdp_reused_reuse_tdb_qwen35-08b_tp4_graph_mtp-off_a322d_20260914T131933Z_0,2634163,63.8507,10.4040,11.7201,14.0253,100.0000,0.703206,70826023971,49805305411,271337347850,94017566294,2026-09-14T13:26:12.471032+00:00,True,HIST_PROJECT/reports/topdown-campaign/topdown-l1-windows.csv,exact_worker_main_tid,"100.00 (verified on a3-22 raw.csv, 724/724 rows)"
qwen35-08b.tp4.graph.mtp-off,qwen35-08b,TP4,FULL_DECODE_ONLY,off,3,2,tdb_qwen35-08b_tp4_graph_mtp-off_p4_20260914T143119Z_0,1258209,63.5161,9.5894,12.5022,14.3923,100.0000,0.750133,70400984047,52810109190,268295712964,93316098857,2026-09-14T14:37:42.579182+00:00,True,HIST_PROJECT/reports/topdown-campaign/topdown-l1-windows.csv,exact_worker_main_tid,"100.00 (verified on a3-22 raw.csv, 724/724 rows)"
qwen35-08b.tp4.graph.mtp-off,qwen35-08b,TP4,FULL_DECODE_ONLY,off,3,2,tdp_reused_reuse_tdb_qwen35-08b_tp4_graph_mtp-off_a322d_20260914T131933Z_0,2634163,63.3713,10.3184,11.8454,14.4649,100.0000,0.710725,70599996905,50177150511,268441020179,93885853053,2026-09-14T13:26:52.897210+00:00,True,HIST_PROJECT/reports/topdown-campaign/topdown-l1-windows.csv,exact_worker_main_tid,"100.00 (verified on a3-22 raw.csv, 724/724 rows)"
qwen35-08b.tp4.graph.mtp-off,qwen35-08b,TP4,FULL_DECODE_ONLY,off,3,3,tdp_reused_reuse_tdb_qwen35-08b_tp4_graph_mtp-off_a322d_20260914T131933Z_0,2634163,62.1674,9.9980,12.5266,15.3080,100.0000,0.751597,70550716966,53025708997,263157302357,95347750240,2026-09-14T13:27:28.828475+00:00,True,HIST_PROJECT/reports/topdown-campaign/topdown-l1-windows.csv,exact_worker_main_tid,"100.00 (verified on a3-22 raw.csv, 724/724 rows)"
qwen35-08b.tp4.graph.mtp-on,qwen35-08b,TP4,FULL_DECODE_ONLY,on,0,1,tdb_qwen35-08b_tp4_graph_mtp-on_p4_20260914T143119Z_1,1258860,64.5587,9.7259,11.9990,13.7164,100.0000,0.719941,70478937017,50740643881,273001744736,91868912226,2026-09-14T14:36:43.909875+00:00,True,HIST_PROJECT/reports/topdown-campaign/topdown-l1-windows.csv,exact_worker_main_tid,"100.00 (verified on a3-22 raw.csv, 724/724 rows)"
qwen35-08b.tp4.graph.mtp-on,qwen35-08b,TP4,FULL_DECODE_ONLY,on,0,1,tdp_reused_reuse_tdb_qwen35-08b_tp4_graph_mtp-on_a322c_20260914T125935Z_1,2540868,63.7961,10.4225,12.2141,13.5673,100.0000,0.732845,70442026236,51623081824,269635742239,95673826096,2026-09-14T13:10:28.781733+00:00,True,HIST_PROJECT/reports/topdown-campaign/topdown-l1-windows.csv,exact_worker_main_tid,"100.00 (verified on a3-22 raw.csv, 724/724 rows)"
qwen35-08b.tp4.graph.mtp-on,qwen35-08b,TP4,FULL_DECODE_ONLY,on,0,2,tdb_qwen35-08b_tp4_graph_mtp-on_p4_20260914T143119Z_1,1258860,65.4774,9.3624,11.5313,13.6289,100.0000,0.691878,70395993457,48705404522,276560953561,88249978489,2026-09-14T14:37:22.978180+00:00,True,HIST_PROJECT/reports/topdown-campaign/topdown-l1-windows.csv,exact_worker_main_tid,"100.00 (verified on a3-22 raw.csv, 724/724 rows)"
qwen35-08b.tp4.graph.mtp-on,qwen35-08b,TP4,FULL_DECODE_ONLY,on,0,2,tdp_reused_reuse_tdb_qwen35-08b_tp4_graph_mtp-on_a322c_20260914T125935Z_1,2540868,64.2270,10.3608,12.1196,13.2926,100.0000,0.727174,70380261544,51178683135,271218911971,94930479778,2026-09-14T13:11:05.322361+00:00,True,HIST_PROJECT/reports/topdown-campaign/topdown-l1-windows.csv,exact_worker_main_tid,"100.00 (verified on a3-22 raw.csv, 724/724 rows)"
qwen35-08b.tp4.graph.mtp-on,qwen35-08b,TP4,FULL_DECODE_ONLY,on,0,3,tdp_reused_reuse_tdb_qwen35-08b_tp4_graph_mtp-on_a322c_20260914T125935Z_1,2540868,64.0289,10.3840,12.1983,13.3888,100.0000,0.731899,70370170669,51503864521,270343602881,95347086323,2026-09-14T13:11:41.865638+00:00,True,HIST_PROJECT/reports/topdown-campaign/topdown-l1-windows.csv,exact_worker_main_tid,"100.00 (verified on a3-22 raw.csv, 724/724 rows)"
qwen35-08b.tp4.graph.mtp-on,qwen35-08b,TP4,FULL_DECODE_ONLY,on,1,1,tdb_qwen35-08b_tp4_graph_mtp-on_p4_20260914T143119Z_1,1258861,64.7255,8.7153,12.0771,14.4820,100.0000,0.724628,71428656914,51759203044,277395526600,89110427068,2026-09-14T14:36:43.913057+00:00,True,HIST_PROJECT/reports/topdown-campaign/topdown-l1-windows.csv,exact_worker_main_tid,"100.00 (verified on a3-22 raw.csv, 724/724 rows)"
qwen35-08b.tp4.graph.mtp-on,qwen35-08b,TP4,FULL_DECODE_ONLY,on,1,1,tdp_reused_reuse_tdb_qwen35-08b_tp4_graph_mtp-on_a322c_20260914T125935Z_1,2540869,64.4827,9.5102,12.5021,13.5050,100.0000,0.750127,71281317271,53470005616,275784758737,94143789199,2026-09-14T13:10:28.784680+00:00,True,HIST_PROJECT/reports/topdown-campaign/topdown-l1-windows.csv,exact_worker_main_tid,"100.00 (verified on a3-22 raw.csv, 724/724 rows)"
qwen35-08b.tp4.graph.mtp-on,qwen35-08b,TP4,FULL_DECODE_ONLY,on,1,2,tdb_qwen35-08b_tp4_graph_mtp-on_p4_20260914T143119Z_1,1258861,57.9376,8.5071,13.4744,20.0809,100.0000,0.808461,71369393643,57699378008,248098229313,94128366862,2026-09-14T14:37:22.980199+00:00,True,HIST_PROJECT/reports/topdown-campaign/topdown-l1-windows.csv,exact_worker_main_tid,"100.00 (verified on a3-22 raw.csv, 724/724 rows)"
qwen35-08b.tp4.graph.mtp-on,qwen35-08b,TP4,FULL_DECODE_ONLY,on,1,2,tdp_reused_reuse_tdb_qwen35-08b_tp4_graph_mtp-on_a322c_20260914T125935Z_1,2540869,63.1338,9.5891,12.6378,14.6392,100.0000,0.758268,71252077713,54028206058,269905007782,95023015020,2026-09-14T13:11:05.330887+00:00,True,HIST_PROJECT/reports/topdown-campaign/topdown-l1-windows.csv,exact_worker_main_tid,"100.00 (verified on a3-22 raw.csv, 724/724 rows)"
qwen35-08b.tp4.graph.mtp-on,qwen35-08b,TP4,FULL_DECODE_ONLY,on,1,3,tdp_reused_reuse_tdb_qwen35-08b_tp4_graph_mtp-on_a322c_20260914T125935Z_1,2540869,62.7629,9.6356,12.7123,14.8892,100.0000,0.762738,71236585967,54334846600,268261006132,95519206338,2026-09-14T13:11:41.865640+00:00,True,HIST_PROJECT/reports/topdown-campaign/topdown-l1-windows.csv,exact_worker_main_tid,"100.00 (verified on a3-22 raw.csv, 724/724 rows)"
qwen35-08b.tp4.graph.mtp-on,qwen35-08b,TP4,FULL_DECODE_ONLY,on,2,1,tdb_qwen35-08b_tp4_graph_mtp-on_p4_20260914T143119Z_1,1258862,59.9383,8.7559,13.2036,18.1022,100.0000,0.792218,71360256135,56532867492,256632837600,94022071972,2026-09-14T14:36:43.909862+00:00,True,HIST_PROJECT/reports/topdown-campaign/topdown-l1-windows.csv,exact_worker_main_tid,"100.00 (verified on a3-22 raw.csv, 724/724 rows)"
qwen35-08b.tp4.graph.mtp-on,qwen35-08b,TP4,FULL_DECODE_ONLY,on,2,1,tdp_reused_reuse_tdb_qwen35-08b_tp4_graph_mtp-on_a322c_20260914T125935Z_1,2540870,64.8691,9.6430,12.3759,13.1120,100.0000,0.742551,71313532528,52953942735,277562542031,94214663063,2026-09-14T13:10:28.784680+00:00,True,HIST_PROJECT/reports/topdown-campaign/topdown-l1-windows.csv,exact_worker_main_tid,"100.00 (verified on a3-22 raw.csv, 724/724 rows)"
qwen35-08b.tp4.graph.mtp-on,qwen35-08b,TP4,FULL_DECODE_ONLY,on,2,2,tdb_qwen35-08b_tp4_graph_mtp-on_p4_20260914T143119Z_1,1258862,57.5624,8.3862,13.6975,20.3539,100.0000,0.821849,71303572425,58600786547,246264362513,94478895831,2026-09-14T14:37:22.978180+00:00,True,HIST_PROJECT/reports/topdown-campaign/topdown-l1-windows.csv,exact_worker_main_tid,"100.00 (verified on a3-22 raw.csv, 724/724 rows)"
qwen35-08b.tp4.graph.mtp-on,qwen35-08b,TP4,FULL_DECODE_ONLY,on,2,2,tdp_reused_reuse_tdb_qwen35-08b_tp4_graph_mtp-on_a322c_20260914T125935Z_1,2540870,66.6237,9.6106,11.9918,11.7738,100.0000,0.719509,71247789603,51263431654,284807628664,92347579783,2026-09-14T13:11:05.322323+00:00,True,HIST_PROJECT/reports/topdown-campaign/topdown-l1-windows.csv,exact_worker_main_tid,"100.00 (verified on a3-22 raw.csv, 724/724 rows)"
qwen35-08b.tp4.graph.mtp-on,qwen35-08b,TP4,FULL_DECODE_ONLY,on,2,3,tdp_reused_reuse_tdb_qwen35-08b_tp4_graph_mtp-on_a322c_20260914T125935Z_1,2540870,67.1143,9.5915,12.0023,11.2919,100.0000,0.720139,71260256627,51317268202,286954979460,92326878833,2026-09-14T13:11:41.865639+00:00,True,HIST_PROJECT/reports/topdown-campaign/topdown-l1-windows.csv,exact_worker_main_tid,"100.00 (verified on a3-22 raw.csv, 724/724 rows)"
qwen35-08b.tp4.graph.mtp-on,qwen35-08b,TP4,FULL_DECODE_ONLY,on,3,1,tdb_qwen35-08b_tp4_graph_mtp-on_p4_20260914T143119Z_1,1258863,69.4746,8.9842,11.2845,10.2567,100.0000,0.677069,71393629115,48338421073,297602812216,86823394113,2026-09-14T14:36:43.909879+00:00,True,HIST_PROJECT/reports/topdown-campaign/topdown-l1-windows.csv,exact_worker_main_tid,"100.00 (verified on a3-22 raw.csv, 724/724 rows)"
qwen35-08b.tp4.graph.mtp-on,qwen35-08b,TP4,FULL_DECODE_ONLY,on,3,1,tdp_reused_reuse_tdb_qwen35-08b_tp4_graph_mtp-on_a322c_20260914T125935Z_1,2540871,65.0467,9.5208,12.3522,13.0804,100.0000,0.741130,71300032571,52842617711,278269722409,93572598733,2026-09-14T13:10:28.784629+00:00,True,HIST_PROJECT/reports/topdown-campaign/topdown-l1-windows.csv,exact_worker_main_tid,"100.00 (verified on a3-22 raw.csv, 724/724 rows)"
qwen35-08b.tp4.graph.mtp-on,qwen35-08b,TP4,FULL_DECODE_ONLY,on,3,2,tdb_qwen35-08b_tp4_graph_mtp-on_p4_20260914T143119Z_1,1258863,64.7447,8.6934,10.9037,15.6582,100.0000,0.654220,71384154242,46700953904,277304916653,83935310533,2026-09-14T14:37:22.979853+00:00,True,HIST_PROJECT/reports/topdown-campaign/topdown-l1-windows.csv,exact_worker_main_tid,"100.00 (verified on a3-22 raw.csv, 724/724 rows)"
qwen35-08b.tp4.graph.mtp-on,qwen35-08b,TP4,FULL_DECODE_ONLY,on,3,2,tdp_reused_reuse_tdb_qwen35-08b_tp4_graph_mtp-on_a322c_20260914T125935Z_1,2540871,64.9330,9.5734,12.1314,13.3621,100.0000,0.727886,71242264555,51856257023,277558421309,92778287673,2026-09-14T13:11:05.322365+00:00,True,HIST_PROJECT/reports/topdown-campaign/topdown-l1-windows.csv,exact_worker_main_tid,"100.00 (verified on a3-22 raw.csv, 724/724 rows)"
qwen35-08b.tp4.graph.mtp-on,qwen35-08b,TP4,FULL_DECODE_ONLY,on,3,3,tdp_reused_reuse_tdb_qwen35-08b_tp4_graph_mtp-on_a322c_20260914T125935Z_1,2540871,64.7072,9.4277,12.4747,13.3905,100.0000,0.748479,71223304050,53309153499,276519554638,93597399624,2026-09-14T13:11:41.874235+00:00,True,HIST_PROJECT/reports/topdown-campaign/topdown-l1-windows.csv,exact_worker_main_tid,"100.00 (verified on a3-22 raw.csv, 724/724 rows)"
qwen35-27b.tp1.graph.mtp-off,qwen35-27b,TP1,FULL_DECODE_ONLY,off,0,0,tdp_qwen35-27b_tp1_graph_mtp-off_a322p_20260914T194242Z,2345522,54.3513,9.4203,13.7755,22.4529,100.0000,0.826532,12862696584,10631434275,41946229492,17901639656,2026-09-14T20:08:38.196878+00:00,True,HIST_PROJECT/reports/topdown-campaign/topdown-l1-windows.csv,exact_worker_main_tid,"100.00 (verified on a3-22 raw.csv, 724/724 rows)"
qwen35-27b.tp1.graph.mtp-off,qwen35-27b,TP1,FULL_DECODE_ONLY,off,0,1,tdb_qwen35-27b_tp1_graph_mtp-off_a322b_20260914T122950Z_2,2464789,56.2707,9.3256,13.6824,20.7213,100.0000,0.820941,12755675416,10471658035,43066253921,17608947967,2026-09-14T12:36:10.609014+00:00,True,HIST_PROJECT/reports/topdown-campaign/topdown-l1-windows.csv,exact_worker_main_tid,"100.00 (verified on a3-22 raw.csv, 724/724 rows)"
qwen35-27b.tp1.graph.mtp-off,qwen35-27b,TP1,FULL_DECODE_ONLY,off,0,1,tdp_reused_reuse_tdb_qwen35-27b_tp1_graph_mtp-off_q1_20260914T141401Z_3,2900269,57.6336,9.6117,13.4746,19.2801,100.0000,0.808475,12380132952,10009028516,42810678835,17148710930,2026-09-14T14:20:38.945261+00:00,True,HIST_PROJECT/reports/topdown-campaign/topdown-l1-windows.csv,exact_worker_main_tid,"100.00 (verified on a3-22 raw.csv, 724/724 rows)"
qwen35-27b.tp1.graph.mtp-off,qwen35-27b,TP1,FULL_DECODE_ONLY,off,0,2,tdb_qwen35-27b_tp1_graph_mtp-off_a322b_20260914T122950Z_2,2464789,54.6826,9.2192,13.2513,22.8468,100.0000,0.795079,12597910518,10016329831,41333224514,16984922603,2026-09-14T12:40:21.256155+00:00,True,HIST_PROJECT/reports/topdown-campaign/topdown-l1-windows.csv,exact_worker_main_tid,"100.00 (verified on a3-22 raw.csv, 724/724 rows)"
qwen35-27b.tp1.graph.mtp-off,qwen35-27b,TP1,FULL_DECODE_ONLY,off,0,2,tdp_reused_reuse_tdb_qwen35-27b_tp1_graph_mtp-off_q1_20260914T141401Z_3,2900269,56.1565,9.3732,13.5835,20.8868,100.0000,0.815011,12671829752,10327676126,42696344392,17454223809,2026-09-14T14:24:51.763260+00:00,True,HIST_PROJECT/reports/topdown-campaign/topdown-l1-windows.csv,exact_worker_main_tid,"100.00 (verified on a3-22 raw.csv, 724/724 rows)"
qwen35-27b.tp1.graph.mtp-off,qwen35-27b,TP1,FULL_DECODE_ONLY,off,0,3,tdb_qwen35-27b_tp1_graph_mtp-off_a322b_20260914T122950Z_2,2464789,56.8588,9.5262,13.1242,20.4909,100.0000,0.787452,12629386086,9945038789,43085482124,17163618899,2026-09-14T12:44:32.712993+00:00,True,HIST_PROJECT/reports/topdown-campaign/topdown-l1-windows.csv,exact_worker_main_tid,"100.00 (verified on a3-22 raw.csv, 724/724 rows)"
qwen35-27b.tp1.graph.mtp-on,qwen35-27b,TP1,FULL_DECODE_ONLY,on,0,0,tdp_qwen35-27b_tp1_graph_mtp-on_a322p_20260914T194242Z,2369760,20.9917,3.6925,18.5784,56.7373,100.0000,1.114707,66283608351,73886801789,83484432340,88571976590,2026-09-14T20:05:43.665694+00:00,True,HIST_PROJECT/reports/topdown-campaign/topdown-l1-windows.csv,exact_worker_main_tid,"100.00 (verified on a3-22 raw.csv, 724/724 rows)"
qwen35-27b.tp1.graph.mtp-on,qwen35-27b,TP1,FULL_DECODE_ONLY,on,0,1,tdp_reused_reuse_tdb_qwen35-27b_tp1_graph_mtp-on_a322d_20260914T131933Z_5,2635553,20.9266,3.6664,18.6262,56.7808,100.0000,1.117571,65638301428,73355480360,82415005542,87794907061,2026-09-14T13:25:49.458911+00:00,True,HIST_PROJECT/reports/topdown-campaign/topdown-l1-windows.csv,exact_worker_main_tid,"100.00 (verified on a3-22 raw.csv, 724/724 rows)"
qwen35-27b.tp1.graph.mtp-on,qwen35-27b,TP1,FULL_DECODE_ONLY,on,0,1,tdp_reused_reuse_tdb_qwen35-27b_tp1_graph_mtp-on_q1_20260914T141401Z_4,2902673,21.2436,3.6320,18.6239,56.5005,100.0000,1.117432,66373799987,74168212209,84601195970,88632335571,2026-09-14T14:20:16.147431+00:00,True,HIST_PROJECT/reports/topdown-campaign/topdown-l1-windows.csv,exact_worker_main_tid,"100.00 (verified on a3-22 raw.csv, 724/724 rows)"
qwen35-27b.tp1.graph.mtp-on,qwen35-27b,TP1,FULL_DECODE_ONLY,on,0,2,tdp_reused_reuse_tdb_qwen35-27b_tp1_graph_mtp-on_a322d_20260914T131933Z_5,2635553,21.1786,3.6261,18.6823,56.5129,100.0000,1.120938,66406719285,74437841884,84384083857,88885875930,2026-09-14T13:27:28.009248+00:00,True,HIST_PROJECT/reports/topdown-campaign/topdown-l1-windows.csv,exact_worker_main_tid,"100.00 (verified on a3-22 raw.csv, 724/724 rows)"
qwen35-27b.tp1.graph.mtp-on,qwen35-27b,TP1,FULL_DECODE_ONLY,on,0,2,tdp_reused_reuse_tdb_qwen35-27b_tp1_graph_mtp-on_q1_20260914T141401Z_4,2902673,20.8876,3.6087,18.6944,56.8093,100.0000,1.121665,66140546405,74187510760,82891063754,88508316831,2026-09-14T14:21:54.434770+00:00,True,HIST_PROJECT/reports/topdown-campaign/topdown-l1-windows.csv,exact_worker_main_tid,"100.00 (verified on a3-22 raw.csv, 724/724 rows)"
qwen35-27b.tp1.graph.mtp-on,qwen35-27b,TP1,FULL_DECODE_ONLY,on,0,3,tdp_reused_reuse_tdb_qwen35-27b_tp1_graph_mtp-on_a322d_20260914T131933Z_5,2635553,21.2159,3.6065,18.5380,56.6396,100.0000,1.112279,66304645481,73749287191,84402694171,88097123564,2026-09-14T13:29:06.840606+00:00,True,HIST_PROJECT/reports/topdown-campaign/topdown-l1-windows.csv,exact_worker_main_tid,"100.00 (verified on a3-22 raw.csv, 724/724 rows)"
qwen35-27b.tp2.graph.mtp-off,qwen35-27b,TP2,FULL_DECODE_ONLY,off,0,0,tdx_qwen35-27b_tp2_graph_mtp-off_a321_20260914T1120Z,414840,58.0216,9.0093,13.2164,19.7527,100.0000,0.792984,19020290722,15082777828,66215297800,25364338559,2026-09-14T11:28:25.822726+00:00,True,HIST_PROJECT/reports/topdown-campaign/topdown-l1-windows.csv,exact_worker_main_tid,"100.00 (verified on a3-22 raw.csv, 724/724 rows)"
qwen35-27b.tp2.graph.mtp-off,qwen35-27b,TP2,FULL_DECODE_ONLY,off,0,1,tdp_reused_reuse_tdb_qwen35-27b_tp2_graph_mtp-off_a322e_20260914T134029Z_1,2758830,58.2917,9.0314,12.5466,20.1303,100.0000,0.752798,20035204598,15082469421,70073156559,25939237017,2026-09-14T13:47:13.740679+00:00,True,HIST_PROJECT/reports/topdown-campaign/topdown-l1-windows.csv,exact_worker_main_tid,"100.00 (verified on a3-22 raw.csv, 724/724 rows)"
qwen35-27b.tp2.graph.mtp-off,qwen35-27b,TP2,FULL_DECODE_ONLY,off,0,1,tdp_reused_reuse_tdb_qwen35-27b_tp2_graph_mtp-off_q3_20260914T143555Z_2,3038759,58.6433,9.5729,13.0092,18.7746,100.0000,0.780551,18265609398,14257236048,64269329285,24748522689,2026-09-14T14:42:27.551161+00:00,True,HIST_PROJECT/reports/topdown-campaign/topdown-l1-windows.csv,exact_worker_main_tid,"100.00 (verified on a3-22 raw.csv, 724/724 rows)"
qwen35-27b.tp2.graph.mtp-off,qwen35-27b,TP2,FULL_DECODE_ONLY,off,0,2,tdp_reused_reuse_tdb_qwen35-27b_tp2_graph_mtp-off_a322e_20260914T134029Z_1,2758830,61.5816,9.2236,12.4971,16.6976,100.0000,0.749828,18835386308,14123293537,69594794629,24547133141,2026-09-14T13:50:07.195090+00:00,True,HIST_PROJECT/reports/topdown-campaign/topdown-l1-windows.csv,exact_worker_main_tid,"100.00 (verified on a3-22 raw.csv, 724/724 rows)"
qwen35-27b.tp2.graph.mtp-off,qwen35-27b,TP2,FULL_DECODE_ONLY,off,0,2,tdp_reused_reuse_tdb_qwen35-27b_tp2_graph_mtp-off_q3_20260914T143555Z_2,3038759,58.6529,9.5754,13.6430,18.1288,100.0000,0.818577,17839354839,14602885979,62779771076,24851979940,2026-09-14T14:45:23.499723+00:00,True,HIST_PROJECT/reports/topdown-campaign/topdown-l1-windows.csv,exact_worker_main_tid,"100.00 (verified on a3-22 raw.csv, 724/724 rows)"
qwen35-27b.tp2.graph.mtp-off,qwen35-27b,TP2,FULL_DECODE_ONLY,off,0,3,tdp_reused_reuse_tdb_qwen35-27b_tp2_graph_mtp-off_a322e_20260914T134029Z_1,2758830,58.8831,9.3538,12.9731,18.7900,100.0000,0.778387,18843884790,14667834885,66575166459,25243546193,2026-09-14T13:53:01.124926+00:00,True,HIST_PROJECT/reports/topdown-campaign/topdown-l1-windows.csv,exact_worker_main_tid,"100.00 (verified on a3-22 raw.csv, 724/724 rows)"
qwen35-27b.tp2.graph.mtp-off,qwen35-27b,TP2,FULL_DECODE_ONLY,off,1,1,tdp_reused_reuse_tdb_qwen35-27b_tp2_graph_mtp-off_a322e_20260914T134029Z_1,2759787,57.9986,9.1214,13.3065,19.5736,100.0000,0.798389,19017882216,15183661917,66180604118,25591805003,2026-09-14T13:47:13.730297+00:00,True,HIST_PROJECT/reports/topdown-campaign/topdown-l1-windows.csv,exact_worker_main_tid,"100.00 (verified on a3-22 raw.csv, 724/724 rows)"
qwen35-27b.tp2.graph.mtp-off,qwen35-27b,TP2,FULL_DECODE_ONLY,off,1,1,tdp_reused_reuse_tdb_qwen35-27b_tp2_graph_mtp-off_q3_20260914T143555Z_2,3039218,58.6567,9.3149,13.3927,18.6357,100.0000,0.803562,17991496407,14457287363,63319313331,24512627690,2026-09-14T14:42:27.546518+00:00,True,HIST_PROJECT/reports/topdown-campaign/topdown-l1-windows.csv,exact_worker_main_tid,"100.00 (verified on a3-22 raw.csv, 724/724 rows)"
qwen35-27b.tp2.graph.mtp-off,qwen35-27b,TP2,FULL_DECODE_ONLY,off,1,2,tdp_reused_reuse_tdb_qwen35-27b_tp2_graph_mtp-off_a322e_20260914T134029Z_1,2759787,58.3058,8.8752,12.8028,20.0161,100.0000,0.768169,19583485811,15043430750,68509903750,25471904777,2026-09-14T13:50:07.195118+00:00,True,HIST_PROJECT/reports/topdown-campaign/topdown-l1-windows.csv,exact_worker_main_tid,"100.00 (verified on a3-22 raw.csv, 724/724 rows)"
qwen35-27b.tp2.graph.mtp-off,qwen35-27b,TP2,FULL_DECODE_ONLY,off,1,2,tdp_reused_reuse_tdb_qwen35-27b_tp2_graph_mtp-off_q3_20260914T143555Z_2,3039218,57.2636,9.1619,13.5947,19.9799,100.0000,0.815680,18176582902,14826277780,62451404905,24818149209,2026-09-14T14:45:23.499436+00:00,True,HIST_PROJECT/reports/topdown-campaign/topdown-l1-windows.csv,exact_worker_main_tid,"100.00 (verified on a3-22 raw.csv, 724/724 rows)"
qwen35-27b.tp2.graph.mtp-off,qwen35-27b,TP2,FULL_DECODE_ONLY,off,1,3,tdp_reused_reuse_tdb_qwen35-27b_tp2_graph_mtp-off_a322e_20260914T134029Z_1,2759787,59.1833,9.0142,13.0146,18.7879,100.0000,0.780875,19081266671,14900085124,67757501610,25220279628,2026-09-14T13:53:01.124926+00:00,True,HIST_PROJECT/reports/topdown-campaign/topdown-l1-windows.csv,exact_worker_main_tid,"100.00 (verified on a3-22 raw.csv, 724/724 rows)"
qwen35-27b.tp2.graph.mtp-on,qwen35-27b,TP2,FULL_DECODE_ONLY,on,0,1,tdp_reused_reuse_tdb_qwen35-27b_tp2_graph_mtp-on_a322e_20260914T134029Z_2,2760344,28.9387,4.6716,17.5719,48.8178,100.0000,1.054311,71037351422,74895483842,123343745187,94807011186,2026-09-14T13:46:50.895055+00:00,True,HIST_PROJECT/reports/topdown-campaign/topdown-l1-windows.csv,exact_worker_main_tid,"100.00 (verified on a3-22 raw.csv, 724/724 rows)"
qwen35-27b.tp2.graph.mtp-on,qwen35-27b,TP2,FULL_DECODE_ONLY,on,0,1,tdp_reused_reuse_tdb_qwen35-27b_tp2_graph_mtp-on_q4_20260914T144808Z_0,3087537,29.8271,4.5542,17.3568,48.2619,100.0000,1.041406,71254025077,74204367954,127518223085,93674691124,2026-09-14T14:54:29.622018+00:00,True,HIST_PROJECT/reports/topdown-campaign/topdown-l1-windows.csv,exact_worker_main_tid,"100.00 (verified on a3-22 raw.csv, 724/724 rows)"
qwen35-27b.tp2.graph.mtp-on,qwen35-27b,TP2,FULL_DECODE_ONLY,on,0,2,tdp_reused_reuse_tdb_qwen35-27b_tp2_graph_mtp-on_a322e_20260914T134029Z_2,2760344,28.3720,4.5759,17.1280,49.9242,100.0000,1.027679,70815414296,72775500557,120550427251,92217961500,2026-09-14T13:47:55.052969+00:00,True,HIST_PROJECT/reports/topdown-campaign/topdown-l1-windows.csv,exact_worker_main_tid,"100.00 (verified on a3-22 raw.csv, 724/724 rows)"
qwen35-27b.tp2.graph.mtp-on,qwen35-27b,TP2,FULL_DECODE_ONLY,on,0,2,tdp_reused_reuse_tdb_qwen35-27b_tp2_graph_mtp-on_q4_20260914T144808Z_0,3087537,27.1677,4.5273,18.0681,50.2370,100.0000,1.084083,70396209851,76315334792,114750289161,95437516436,2026-09-14T14:55:34.754167+00:00,True,HIST_PROJECT/reports/topdown-campaign/topdown-l1-windows.csv,exact_worker_main_tid,"100.00 (verified on a3-22 raw.csv, 724/724 rows)"
qwen35-27b.tp2.graph.mtp-on,qwen35-27b,TP2,FULL_DECODE_ONLY,on,0,3,tdp_reused_reuse_tdb_qwen35-27b_tp2_graph_mtp-on_a322e_20260914T134029Z_2,2760344,29.2478,4.6451,16.8835,49.2235,100.0000,1.013009,71077021950,72001665742,124730932424,91811439654,2026-09-14T13:48:59.130098+00:00,True,HIST_PROJECT/reports/topdown-campaign/topdown-l1-windows.csv,exact_worker_main_tid,"100.00 (verified on a3-22 raw.csv, 724/724 rows)"
qwen35-27b.tp2.graph.mtp-on,qwen35-27b,TP2,FULL_DECODE_ONLY,on,1,1,tdp_reused_reuse_tdb_qwen35-27b_tp2_graph_mtp-on_a322e_20260914T134029Z_2,2761476,29.4870,4.8200,17.6703,48.0227,100.0000,1.060216,70994080566,75269027889,125604112280,95800559884,2026-09-14T13:46:50.895057+00:00,True,HIST_PROJECT/reports/topdown-campaign/topdown-l1-windows.csv,exact_worker_main_tid,"100.00 (verified on a3-22 raw.csv, 724/724 rows)"
qwen35-27b.tp2.graph.mtp-on,qwen35-27b,TP2,FULL_DECODE_ONLY,on,1,1,tdp_reused_reuse_tdb_qwen35-27b_tp2_graph_mtp-on_q4_20260914T144808Z_0,3087963,27.2987,4.4824,18.0689,50.1500,100.0000,1.084131,70504902955,76436550961,115481488922,95398618287,2026-09-14T14:54:29.622043+00:00,True,HIST_PROJECT/reports/topdown-campaign/topdown-l1-windows.csv,exact_worker_main_tid,"100.00 (verified on a3-22 raw.csv, 724/724 rows)"
qwen35-27b.tp2.graph.mtp-on,qwen35-27b,TP2,FULL_DECODE_ONLY,on,1,2,tdp_reused_reuse_tdb_qwen35-27b_tp2_graph_mtp-on_a322e_20260914T134029Z_2,2761476,29.1596,4.8008,17.7756,48.2641,100.0000,1.066535,71124256327,75856487932,124437175211,96343506772,2026-09-14T13:47:55.065584+00:00,True,HIST_PROJECT/reports/topdown-campaign/topdown-l1-windows.csv,exact_worker_main_tid,"100.00 (verified on a3-22 raw.csv, 724/724 rows)"
qwen35-27b.tp2.graph.mtp-on,qwen35-27b,TP2,FULL_DECODE_ONLY,on,1,2,tdp_reused_reuse_tdb_qwen35-27b_tp2_graph_mtp-on_q4_20260914T144808Z_0,3087963,27.2100,4.3911,18.0437,50.3552,100.0000,1.082623,70487070883,76310944779,115077094607,94881730240,2026-09-14T14:55:34.754164+00:00,True,HIST_PROJECT/reports/topdown-campaign/topdown-l1-windows.csv,exact_worker_main_tid,"100.00 (verified on a3-22 raw.csv, 724/724 rows)"
qwen35-27b.tp2.graph.mtp-on,qwen35-27b,TP2,FULL_DECODE_ONLY,on,1,3,tdp_reused_reuse_tdb_qwen35-27b_tp2_graph_mtp-on_a322e_20260914T134029Z_2,2761476,28.7611,4.7697,18.0762,48.3930,100.0000,1.084573,70829544683,76819834747,122228004723,97090021477,2026-09-14T13:48:59.120211+00:00,True,HIST_PROJECT/reports/topdown-campaign/topdown-l1-windows.csv,exact_worker_main_tid,"100.00 (verified on a3-22 raw.csv, 724/724 rows)"
qwen35-27b.tp4.graph.mtp-off,qwen35-27b,TP4,FULL_DECODE_ONLY,off,0,1,tdb_qwen35-27b_tp4_graph_mtp-off_a321d_20260914T125523Z_1,791166,61.2531,9.0131,12.1916,17.5422,100.0000,0.731496,27190027732,19889386001,99928377803,34593385950,2026-09-14T13:01:32.969729+00:00,True,HIST_PROJECT/reports/topdown-campaign/topdown-l1-windows.csv,exact_worker_main_tid,"100.00 (verified on a3-22 raw.csv, 724/724 rows)"
qwen35-27b.tp4.graph.mtp-off,qwen35-27b,TP4,FULL_DECODE_ONLY,off,0,1,tdb_qwen35-27b_tp4_graph_mtp-off_p3_20260914T142107Z_1,1203648,62.6576,9.4205,12.6022,15.3197,100.0000,0.756130,25703218641,19434978903,96630112289,33963228882,2026-09-14T14:27:23.272145+00:00,True,HIST_PROJECT/reports/topdown-campaign/topdown-l1-windows.csv,exact_worker_main_tid,"100.00 (verified on a3-22 raw.csv, 724/724 rows)"
qwen35-27b.tp4.graph.mtp-off,qwen35-27b,TP4,FULL_DECODE_ONLY,off,0,2,tdb_qwen35-27b_tp4_graph_mtp-off_a321d_20260914T125523Z_1,791166,61.9101,8.9640,12.3489,16.7770,100.0000,0.740931,26699848488,19782758050,99179479567,34142937687,2026-09-14T13:03:35.695923+00:00,True,HIST_PROJECT/reports/topdown-campaign/topdown-l1-windows.csv,exact_worker_main_tid,"100.00 (verified on a3-22 raw.csv, 724/724 rows)"
qwen35-27b.tp4.graph.mtp-off,qwen35-27b,TP4,FULL_DECODE_ONLY,off,0,2,tdb_qwen35-27b_tp4_graph_mtp-off_p3_20260914T142107Z_1,1203648,61.8904,9.4267,12.6102,16.0727,100.0000,0.756611,25541477528,19324968117,94846410693,33771289599,2026-09-14T14:29:26.599775+00:00,True,HIST_PROJECT/reports/topdown-campaign/topdown-l1-windows.csv,exact_worker_main_tid,"100.00 (verified on a3-22 raw.csv, 724/724 rows)"
qwen35-27b.tp4.graph.mtp-off,qwen35-27b,TP4,FULL_DECODE_ONLY,off,0,3,tdb_qwen35-27b_tp4_graph_mtp-off_a321d_20260914T125523Z_1,791166,62.3577,8.9579,12.1028,16.5816,100.0000,0.726170,26636986987,19342977601,99661298802,33659658965,2026-09-14T13:05:38.499779+00:00,True,HIST_PROJECT/reports/topdown-campaign/topdown-l1-windows.csv,exact_worker_main_tid,"100.00 (verified on a3-22 raw.csv, 724/724 rows)"
qwen35-27b.tp4.graph.mtp-off,qwen35-27b,TP4,FULL_DECODE_ONLY,off,1,1,tdb_qwen35-27b_tp4_graph_mtp-off_a321d_20260914T125523Z_1,791565,61.2838,8.9584,12.6680,17.0898,100.0000,0.760077,26422700300,20083291397,97157074369,34285640559,2026-09-14T13:01:32.971824+00:00,True,HIST_PROJECT/reports/topdown-campaign/topdown-l1-windows.csv,exact_worker_main_tid,"100.00 (verified on a3-22 raw.csv, 724/724 rows)"
qwen35-27b.tp4.graph.mtp-off,qwen35-27b,TP4,FULL_DECODE_ONLY,off,1,1,tdb_qwen35-27b_tp4_graph_mtp-off_p3_20260914T142107Z_1,1204008,61.5621,9.3326,12.6018,16.5035,100.0000,0.756109,25967413931,19634200316,95916445939,34174801450,2026-09-14T14:27:23.276670+00:00,True,HIST_PROJECT/reports/topdown-campaign/topdown-l1-windows.csv,exact_worker_main_tid,"100.00 (verified on a3-22 raw.csv, 724/724 rows)"
qwen35-27b.tp4.graph.mtp-off,qwen35-27b,TP4,FULL_DECODE_ONLY,off,1,2,tdb_qwen35-27b_tp4_graph_mtp-off_a321d_20260914T125523Z_1,791565,59.8180,9.1874,13.0123,17.9823,100.0000,0.780735,25666254338,20038553258,92118297364,34186962071,2026-09-14T13:03:35.689263+00:00,True,HIST_PROJECT/reports/topdown-campaign/topdown-l1-windows.csv,exact_worker_main_tid,"100.00 (verified on a3-22 raw.csv, 724/724 rows)"
qwen35-27b.tp4.graph.mtp-off,qwen35-27b,TP4,FULL_DECODE_ONLY,off,1,2,tdb_qwen35-27b_tp4_graph_mtp-off_p3_20260914T142107Z_1,1204008,62.8819,9.0006,12.3037,15.8137,100.0000,0.738224,26295350762,19411850932,99210153372,33612339454,2026-09-14T14:29:26.603666+00:00,True,HIST_PROJECT/reports/topdown-campaign/topdown-l1-windows.csv,exact_worker_main_tid,"100.00 (verified on a3-22 raw.csv, 724/724 rows)"
qwen35-27b.tp4.graph.mtp-off,qwen35-27b,TP4,FULL_DECODE_ONLY,off,1,3,tdb_qwen35-27b_tp4_graph_mtp-off_a321d_20260914T125523Z_1,791565,59.9562,9.4173,13.0670,17.5596,100.0000,0.784021,25075036325,19659349241,90204170620,33827640789,2026-09-14T13:05:38.505214+00:00,True,HIST_PROJECT/reports/topdown-campaign/topdown-l1-windows.csv,exact_worker_main_tid,"100.00 (verified on a3-22 raw.csv, 724/724 rows)"
qwen35-27b.tp4.graph.mtp-off,qwen35-27b,TP4,FULL_DECODE_ONLY,off,2,1,tdb_qwen35-27b_tp4_graph_mtp-off_a321d_20260914T125523Z_1,791996,59.9853,9.3127,12.7485,17.9535,100.0000,0.764912,26332292290,20141879776,94772970785,34855305961,2026-09-14T13:01:32.972033+00:00,True,HIST_PROJECT/reports/topdown-campaign/topdown-l1-windows.csv,exact_worker_main_tid,"100.00 (verified on a3-22 raw.csv, 724/724 rows)"
qwen35-27b.tp4.graph.mtp-off,qwen35-27b,TP4,FULL_DECODE_ONLY,off,2,1,tdb_qwen35-27b_tp4_graph_mtp-off_p3_20260914T142107Z_1,1204434,62.5006,9.4641,13.0040,15.0313,100.0000,0.780237,25226543904,19682693580,94600411490,34007523221,2026-09-14T14:27:23.276729+00:00,True,HIST_PROJECT/reports/topdown-campaign/topdown-l1-windows.csv,exact_worker_main_tid,"100.00 (verified on a3-22 raw.csv, 724/724 rows)"
qwen35-27b.tp4.graph.mtp-off,qwen35-27b,TP4,FULL_DECODE_ONLY,off,2,2,tdb_qwen35-27b_tp4_graph_mtp-off_a321d_20260914T125523Z_1,791996,59.8315,9.2717,12.9688,17.9280,100.0000,0.778128,25770347426,20052621648,92512659666,34388721733,2026-09-14T13:03:35.695923+00:00,True,HIST_PROJECT/reports/topdown-campaign/topdown-l1-windows.csv,exact_worker_main_tid,"100.00 (verified on a3-22 raw.csv, 724/724 rows)"
qwen35-27b.tp4.graph.mtp-off,qwen35-27b,TP4,FULL_DECODE_ONLY,off,2,2,tdb_qwen35-27b_tp4_graph_mtp-off_p3_20260914T142107Z_1,1204434,62.1706,9.4301,12.8007,15.5987,100.0000,0.768040,25350976379,19470563945,94565153042,33814244529,2026-09-14T14:29:26.611327+00:00,True,HIST_PROJECT/reports/topdown-campaign/topdown-l1-windows.csv,exact_worker_main_tid,"100.00 (verified on a3-22 raw.csv, 724/724 rows)"
qwen35-27b.tp4.graph.mtp-off,qwen35-27b,TP4,FULL_DECODE_ONLY,off,2,3,tdb_qwen35-27b_tp4_graph_mtp-off_a321d_20260914T125523Z_1,791996,60.3724,9.5059,13.0384,17.0833,100.0000,0.782302,25142528616,19669045340,91074953951,34009150247,2026-09-14T13:05:38.505221+00:00,True,HIST_PROJECT/reports/topdown-campaign/topdown-l1-windows.csv,exact_worker_main_tid,"100.00 (verified on a3-22 raw.csv, 724/724 rows)"
qwen35-27b.tp4.graph.mtp-off,qwen35-27b,TP4,FULL_DECODE_ONLY,off,3,1,tdb_qwen35-27b_tp4_graph_mtp-off_a321d_20260914T125523Z_1,792412,60.9958,9.4978,12.5507,16.9557,100.0000,0.753044,26693217046,20101178271,97690457083,35312756723,2026-09-14T13:01:32.972701+00:00,True,HIST_PROJECT/reports/topdown-campaign/topdown-l1-windows.csv,exact_worker_main_tid,"100.00 (verified on a3-22 raw.csv, 724/724 rows)"
qwen35-27b.tp4.graph.mtp-off,qwen35-27b,TP4,FULL_DECODE_ONLY,off,3,1,tdb_qwen35-27b_tp4_graph_mtp-off_p3_20260914T142107Z_1,1204865,61.6104,9.1960,12.8289,16.3647,100.0000,0.769735,25541126072,19659902984,94415877216,33752448146,2026-09-14T14:27:23.272191+00:00,True,HIST_PROJECT/reports/topdown-campaign/topdown-l1-windows.csv,exact_worker_main_tid,"100.00 (verified on a3-22 raw.csv, 724/724 rows)"
qwen35-27b.tp4.graph.mtp-off,qwen35-27b,TP4,FULL_DECODE_ONLY,off,3,2,tdb_qwen35-27b_tp4_graph_mtp-off_a321d_20260914T125523Z_1,792412,59.9795,9.6865,12.7259,17.6081,100.0000,0.763553,26133175341,19954065058,94047345404,35142428905,2026-09-14T13:03:35.695399+00:00,True,HIST_PROJECT/reports/topdown-campaign/topdown-l1-windows.csv,exact_worker_main_tid,"100.00 (verified on a3-22 raw.csv, 724/724 rows)"
qwen35-27b.tp4.graph.mtp-off,qwen35-27b,TP4,FULL_DECODE_ONLY,off,3,2,tdb_qwen35-27b_tp4_graph_mtp-off_p3_20260914T142107Z_1,1204865,61.9797,9.0364,12.4087,16.5752,100.0000,0.744524,26094243573,19427779518,97038764286,33575637566,2026-09-14T14:29:26.611413+00:00,True,HIST_PROJECT/reports/topdown-campaign/topdown-l1-windows.csv,exact_worker_main_tid,"100.00 (verified on a3-22 raw.csv, 724/724 rows)"
qwen35-27b.tp4.graph.mtp-off,qwen35-27b,TP4,FULL_DECODE_ONLY,off,3,3,tdb_qwen35-27b_tp4_graph_mtp-off_a321d_20260914T125523Z_1,792412,61.1688,9.7793,12.6210,16.4310,100.0000,0.757258,25856562756,19580090605,94896852117,34751572224,2026-09-14T13:05:38.505211+00:00,True,HIST_PROJECT/reports/topdown-campaign/topdown-l1-windows.csv,exact_worker_main_tid,"100.00 (verified on a3-22 raw.csv, 724/724 rows)"
qwen35-27b.tp4.graph.mtp-on,qwen35-27b,TP4,FULL_DECODE_ONLY,on,0,1,tdb_qwen35-27b_tp4_graph_mtp-on_a321e_20260914T131201Z_1,850927,37.5491,5.5970,16.3558,40.4980,100.0000,0.981350,70737767536,69418477509,159368454357,93173714938,2026-09-14T13:18:54.319631+00:00,True,HIST_PROJECT/reports/topdown-campaign/topdown-l1-windows.csv,exact_worker_main_tid,"100.00 (verified on a3-22 raw.csv, 724/724 rows)"
qwen35-27b.tp4.graph.mtp-on,qwen35-27b,TP4,FULL_DECODE_ONLY,on,0,1,tdb_qwen35-27b_tp4_graph_mtp-on_p1_20260914T135927Z_1,1051029,38.7428,5.8761,16.1387,39.2423,100.0000,0.968325,70783381034,68541302751,164540988142,93497183204,2026-09-14T14:06:15.890835+00:00,True,HIST_PROJECT/reports/topdown-campaign/topdown-l1-windows.csv,exact_worker_main_tid,"100.00 (verified on a3-22 raw.csv, 724/724 rows)"
qwen35-27b.tp4.graph.mtp-on,qwen35-27b,TP4,FULL_DECODE_ONLY,on,0,2,tdb_qwen35-27b_tp4_graph_mtp-on_a321e_20260914T131201Z_1,850927,37.6331,5.5360,16.4683,40.3626,100.0000,0.988098,70682020403,69840740795,159599200753,93318516536,2026-09-14T13:19:44.858807+00:00,True,HIST_PROJECT/reports/topdown-campaign/topdown-l1-windows.csv,exact_worker_main_tid,"100.00 (verified on a3-22 raw.csv, 724/724 rows)"
qwen35-27b.tp4.graph.mtp-on,qwen35-27b,TP4,FULL_DECODE_ONLY,on,0,2,tdb_qwen35-27b_tp4_graph_mtp-on_p1_20260914T135927Z_1,1051029,38.1981,5.6981,15.8137,40.2901,100.0000,0.948821,70794051974,67170883732,162251685913,91374469224,2026-09-14T14:07:06.019311+00:00,True,HIST_PROJECT/reports/topdown-campaign/topdown-l1-windows.csv,exact_worker_main_tid,"100.00 (verified on a3-22 raw.csv, 724/724 rows)"
qwen35-27b.tp4.graph.mtp-on,qwen35-27b,TP4,FULL_DECODE_ONLY,on,0,3,tdb_qwen35-27b_tp4_graph_mtp-on_a321e_20260914T131201Z_1,850927,38.0444,5.5540,16.4765,39.9250,100.0000,0.988588,70745751449,69938396900,161488949265,93513907527,2026-09-14T13:20:35.630444+00:00,True,HIST_PROJECT/reports/topdown-campaign/topdown-l1-windows.csv,exact_worker_main_tid,"100.00 (verified on a3-22 raw.csv, 724/724 rows)"
qwen35-27b.tp4.graph.mtp-on,qwen35-27b,TP4,FULL_DECODE_ONLY,on,1,1,tdb_qwen35-27b_tp4_graph_mtp-on_a321e_20260914T131201Z_1,851409,37.3087,5.6184,16.6689,40.4040,100.0000,1.000137,71308393434,71318132384,159625228683,95356626316,2026-09-14T13:18:54.319894+00:00,True,HIST_PROJECT/reports/topdown-campaign/topdown-l1-windows.csv,exact_worker_main_tid,"100.00 (verified on a3-22 raw.csv, 724/724 rows)"
qwen35-27b.tp4.graph.mtp-on,qwen35-27b,TP4,FULL_DECODE_ONLY,on,1,1,tdb_qwen35-27b_tp4_graph_mtp-on_p1_20260914T135927Z_1,1051743,37.5427,5.4247,16.6725,40.3601,100.0000,1.000352,71321538992,71346630671,160656252757,94560307931,2026-09-14T14:06:15.891883+00:00,True,HIST_PROJECT/reports/topdown-campaign/topdown-l1-windows.csv,exact_worker_main_tid,"100.00 (verified on a3-22 raw.csv, 724/724 rows)"
qwen35-27b.tp4.graph.mtp-on,qwen35-27b,TP4,FULL_DECODE_ONLY,on,1,2,tdb_qwen35-27b_tp4_graph_mtp-on_a321e_20260914T131201Z_1,851409,36.3311,5.6196,16.6146,41.4347,100.0000,0.996874,71247439299,71024732176,155310042269,95047532775,2026-09-14T13:19:44.858716+00:00,True,HIST_PROJECT/reports/topdown-campaign/topdown-l1-windows.csv,exact_worker_main_tid,"100.00 (verified on a3-22 raw.csv, 724/724 rows)"
qwen35-27b.tp4.graph.mtp-on,qwen35-27b,TP4,FULL_DECODE_ONLY,on,1,2,tdb_qwen35-27b_tp4_graph_mtp-on_p1_20260914T135927Z_1,1051743,36.9576,5.3731,16.7989,40.8704,100.0000,1.007932,71216221822,71781107733,157919020720,94740122016,2026-09-14T14:07:06.023757+00:00,True,HIST_PROJECT/reports/topdown-campaign/topdown-l1-windows.csv,exact_worker_main_tid,"100.00 (verified on a3-22 raw.csv, 724/724 rows)"
qwen35-27b.tp4.graph.mtp-on,qwen35-27b,TP4,FULL_DECODE_ONLY,on,1,3,tdb_qwen35-27b_tp4_graph_mtp-on_a321e_20260914T131201Z_1,851409,36.7329,5.6293,16.4908,41.1470,100.0000,0.989449,71249297589,70497529231,157031648269,94562561706,2026-09-14T13:20:35.642584+00:00,True,HIST_PROJECT/reports/topdown-campaign/topdown-l1-windows.csv,exact_worker_main_tid,"100.00 (verified on a3-22 raw.csv, 724/724 rows)"
qwen35-27b.tp4.graph.mtp-on,qwen35-27b,TP4,FULL_DECODE_ONLY,on,2,1,tdb_qwen35-27b_tp4_graph_mtp-on_a321e_20260914T131201Z_1,851865,36.4801,5.4807,16.7506,41.2885,100.0000,1.005039,71289068403,71648271564,156038102836,95091228090,2026-09-14T13:18:54.322478+00:00,True,HIST_PROJECT/reports/topdown-campaign/topdown-l1-windows.csv,exact_worker_main_tid,"100.00 (verified on a3-22 raw.csv, 724/724 rows)"
qwen35-27b.tp4.graph.mtp-on,qwen35-27b,TP4,FULL_DECODE_ONLY,on,2,1,tdb_qwen35-27b_tp4_graph_mtp-on_p1_20260914T135927Z_1,1052147,37.0392,5.3359,16.7989,40.8260,100.0000,1.007932,71307559475,71873181259,158470541125,94702556884,2026-09-14T14:06:15.891875+00:00,True,HIST_PROJECT/reports/topdown-campaign/topdown-l1-windows.csv,exact_worker_main_tid,"100.00 (verified on a3-22 raw.csv, 724/724 rows)"
qwen35-27b.tp4.graph.mtp-on,qwen35-27b,TP4,FULL_DECODE_ONLY,on,2,2,tdb_qwen35-27b_tp4_graph_mtp-on_a321e_20260914T131201Z_1,851865,40.1646,5.3879,15.8261,38.6214,100.0000,0.949565,71227120859,67634791609,171648434612,90660667387,2026-09-14T13:19:44.858719+00:00,True,HIST_PROJECT/reports/topdown-campaign/topdown-l1-windows.csv,exact_worker_main_tid,"100.00 (verified on a3-22 raw.csv, 724/724 rows)"
qwen35-27b.tp4.graph.mtp-on,qwen35-27b,TP4,FULL_DECODE_ONLY,on,2,2,tdb_qwen35-27b_tp4_graph_mtp-on_p1_20260914T135927Z_1,1052147,36.7434,5.2794,16.8644,41.1128,100.0000,1.011865,71229129398,72074287861,157031991498,94637015032,2026-09-14T14:07:06.025145+00:00,True,HIST_PROJECT/reports/topdown-campaign/topdown-l1-windows.csv,exact_worker_main_tid,"100.00 (verified on a3-22 raw.csv, 724/724 rows)"
qwen35-27b.tp4.graph.mtp-on,qwen35-27b,TP4,FULL_DECODE_ONLY,on,2,3,tdb_qwen35-27b_tp4_graph_mtp-on_a321e_20260914T131201Z_1,851865,38.9023,5.4209,16.3111,39.3657,100.0000,0.978664,71223025257,69703381299,166244186860,92869103909,2026-09-14T13:20:35.630421+00:00,True,HIST_PROJECT/reports/topdown-campaign/topdown-l1-windows.csv,exact_worker_main_tid,"100.00 (verified on a3-22 raw.csv, 724/724 rows)"
qwen35-27b.tp4.graph.mtp-on,qwen35-27b,TP4,FULL_DECODE_ONLY,on,3,1,tdb_qwen35-27b_tp4_graph_mtp-on_a321e_20260914T131201Z_1,852510,39.8251,5.2797,16.0490,38.8462,100.0000,0.962939,71344524425,68700448631,170478308229,91301002282,2026-09-14T13:18:54.320335+00:00,True,HIST_PROJECT/reports/topdown-campaign/topdown-l1-windows.csv,exact_worker_main_tid,"100.00 (verified on a3-22 raw.csv, 724/724 rows)"
qwen35-27b.tp4.graph.mtp-on,qwen35-27b,TP4,FULL_DECODE_ONLY,on,3,1,tdb_qwen35-27b_tp4_graph_mtp-on_p1_20260914T135927Z_1,1052575,36.3449,5.2328,16.6911,41.7312,100.0000,1.001467,71312596310,71417186357,155510914487,93806998958,2026-09-14T14:06:15.893599+00:00,True,HIST_PROJECT/reports/topdown-campaign/topdown-l1-windows.csv,exact_worker_main_tid,"100.00 (verified on a3-22 raw.csv, 724/724 rows)"
qwen35-27b.tp4.graph.mtp-on,qwen35-27b,TP4,FULL_DECODE_ONLY,on,3,2,tdb_qwen35-27b_tp4_graph_mtp-on_a321e_20260914T131201Z_1,852510,35.8529,5.2854,16.9042,41.9576,100.0000,1.014252,71225990052,72241106356,153219323926,94828440769,2026-09-14T13:19:44.847524+00:00,True,HIST_PROJECT/reports/topdown-campaign/topdown-l1-windows.csv,exact_worker_main_tid,"100.00 (verified on a3-22 raw.csv, 724/724 rows)"
qwen35-27b.tp4.graph.mtp-on,qwen35-27b,TP4,FULL_DECODE_ONLY,on,3,2,tdb_qwen35-27b_tp4_graph_mtp-on_p1_20260914T135927Z_1,1052575,36.5940,5.2049,16.8315,41.3696,100.0000,1.009892,71236630936,71941296692,156409808160,94188229352,2026-09-14T14:07:06.023719+00:00,True,HIST_PROJECT/reports/topdown-campaign/topdown-l1-windows.csv,exact_worker_main_tid,"100.00 (verified on a3-22 raw.csv, 724/724 rows)"
qwen35-27b.tp4.graph.mtp-on,qwen35-27b,TP4,FULL_DECODE_ONLY,on,3,3,tdb_qwen35-27b_tp4_graph_mtp-on_a321e_20260914T131201Z_1,852510,37.1046,5.2584,16.5971,41.0399,100.0000,0.995824,71241628719,70944122818,158603551854,93421280302,2026-09-14T13:20:35.644611+00:00,True,HIST_PROJECT/reports/topdown-campaign/topdown-l1-windows.csv,exact_worker_main_tid,"100.00 (verified on a3-22 raw.csv, 724/724 rows)"
qwen35-2b.tp1.graph.mtp-off,qwen35-2b,TP1,FULL_DECODE_ONLY,off,0,0,tdp_qwen35-2b_tp1_graph_mtp-off_a322p_20260914T194242Z,2312040,63.5821,10.1351,12.3925,13.8903,100.0000,0.743552,55170943732,41022453172,210472944317,74572234008,2026-09-14T20:05:09.429164+00:00,True,HIST_PROJECT/reports/topdown-campaign/topdown-l1-windows.csv,exact_worker_main_tid,"100.00 (verified on a3-22 raw.csv, 724/724 rows)"
qwen35-2b.tp1.graph.mtp-off,qwen35-2b,TP1,FULL_DECODE_ONLY,off,0,1,tdb_qwen35-2b_tp1_graph_mtp-off_a322b_20260914T122950Z_0,2464710,61.9611,10.4323,12.4087,15.1980,100.0000,0.744520,55132639777,41047352145,204964579170,75557009822,2026-09-14T12:36:09.811169+00:00,True,HIST_PROJECT/reports/topdown-campaign/topdown-l1-windows.csv,exact_worker_main_tid,"100.00 (verified on a3-22 raw.csv, 724/724 rows)"
qwen35-2b.tp1.graph.mtp-off,qwen35-2b,TP1,FULL_DECODE_ONLY,off,0,1,tdp_reused_reuse_tdb_qwen35-2b_tp1_graph_mtp-off_q1_20260914T141401Z_6,2899944,62.9502,10.7457,12.2647,14.0394,100.0000,0.735882,55655682270,40956004552,210212339696,76839541428,2026-09-14T14:20:38.730188+00:00,True,HIST_PROJECT/reports/topdown-campaign/topdown-l1-windows.csv,exact_worker_main_tid,"100.00 (verified on a3-22 raw.csv, 724/724 rows)"
qwen35-2b.tp1.graph.mtp-off,qwen35-2b,TP1,FULL_DECODE_ONLY,off,0,2,tdb_qwen35-2b_tp1_graph_mtp-off_a322b_20260914T122950Z_0,2464710,61.6814,10.7168,12.7981,14.8038,100.0000,0.767884,52823886475,40562599600,195495139975,74528670205,2026-09-14T12:36:51.472133+00:00,True,HIST_PROJECT/reports/topdown-campaign/topdown-l1-windows.csv,exact_worker_main_tid,"100.00 (verified on a3-22 raw.csv, 724/724 rows)"
qwen35-2b.tp1.graph.mtp-off,qwen35-2b,TP1,FULL_DECODE_ONLY,off,0,2,tdp_reused_reuse_tdb_qwen35-2b_tp1_graph_mtp-off_q1_20260914T141401Z_6,2899944,63.4832,10.4800,11.9073,14.1295,100.0000,0.714438,56426033816,40312925942,214926254282,75793744037,2026-09-14T14:21:20.198462+00:00,True,HIST_PROJECT/reports/topdown-campaign/topdown-l1-windows.csv,exact_worker_main_tid,"100.00 (verified on a3-22 raw.csv, 724/724 rows)"
qwen35-2b.tp1.graph.mtp-off,qwen35-2b,TP1,FULL_DECODE_ONLY,off,0,3,tdb_qwen35-2b_tp1_graph_mtp-off_a322b_20260914T122950Z_0,2464710,61.8738,10.7979,12.9716,14.3567,100.0000,0.778294,52082944251,40535817114,193354294300,74279059258,2026-09-14T12:37:33.033052+00:00,True,HIST_PROJECT/reports/topdown-campaign/topdown-l1-windows.csv,exact_worker_main_tid,"100.00 (verified on a3-22 raw.csv, 724/724 rows)"
qwen35-2b.tp1.graph.mtp-on,qwen35-2b,TP1,FULL_DECODE_ONLY,on,0,1,tdb_qwen35-2b_tp1_graph_mtp-on_a321c_20260914T123228Z_1,730771,60.6321,8.8068,12.9357,17.6254,100.0000,0.776140,70707438920,54878837394,257228307256,92241359461,2026-09-14T12:37:41.429922+00:00,True,HIST_PROJECT/reports/topdown-campaign/topdown-l1-windows.csv,exact_worker_main_tid,"100.00 (verified on a3-22 raw.csv, 724/724 rows)"
qwen35-2b.tp1.graph.mtp-on,qwen35-2b,TP1,FULL_DECODE_ONLY,on,0,1,tdp_reused_reuse_tdb_qwen35-2b_tp1_graph_mtp-on_q1_20260914T141401Z_7,2902826,58.7719,8.9665,13.2662,18.9954,100.0000,0.795973,70682004611,56260933261,249246943268,94287233803,2026-09-14T14:20:16.156374+00:00,True,HIST_PROJECT/reports/topdown-campaign/topdown-l1-windows.csv,exact_worker_main_tid,"100.00 (verified on a3-22 raw.csv, 724/724 rows)"
qwen35-2b.tp1.graph.mtp-on,qwen35-2b,TP1,FULL_DECODE_ONLY,on,0,2,tdb_qwen35-2b_tp1_graph_mtp-on_a321c_20260914T123228Z_1,730771,59.9565,8.7934,13.1099,18.1403,100.0000,0.786594,70726338724,55632885571,254430040250,92948190828,2026-09-14T12:38:20.049314+00:00,True,HIST_PROJECT/reports/topdown-campaign/topdown-l1-windows.csv,exact_worker_main_tid,"100.00 (verified on a3-22 raw.csv, 724/724 rows)"
qwen35-2b.tp1.graph.mtp-on,qwen35-2b,TP1,FULL_DECODE_ONLY,on,0,2,tdp_reused_reuse_tdb_qwen35-2b_tp1_graph_mtp-on_q1_20260914T141401Z_7,2902826,58.3602,8.9556,13.2262,19.4580,100.0000,0.793574,70632751182,56052314782,247328495610,94005760125,2026-09-14T14:20:54.467841+00:00,True,HIST_PROJECT/reports/topdown-campaign/topdown-l1-windows.csv,exact_worker_main_tid,"100.00 (verified on a3-22 raw.csv, 724/724 rows)"
qwen35-2b.tp1.graph.mtp-on,qwen35-2b,TP1,FULL_DECODE_ONLY,on,0,3,tdb_qwen35-2b_tp1_graph_mtp-on_a321c_20260914T123228Z_1,730771,59.9333,8.7594,13.2268,18.0805,100.0000,0.793610,70724144552,56127396475,254323941421,93297314096,2026-09-14T12:38:58.769188+00:00,True,HIST_PROJECT/reports/topdown-campaign/topdown-l1-windows.csv,exact_worker_main_tid,"100.00 (verified on a3-22 raw.csv, 724/724 rows)"
qwen35-2b.tp2.graph.mtp-off,qwen35-2b,TP2,FULL_DECODE_ONLY,off,0,0,tdx_qwen35-2b_tp2_graph_mtp-off_a322_20260914T1927Z,2276649,64.6177,10.1391,12.0065,13.2367,100.0000,0.720389,65098454657,46896179430,252390757563,86498580024,2026-09-14T19:31:56.862734+00:00,True,HIST_PROJECT/reports/topdown-campaign/topdown-l1-windows.csv,exact_worker_main_tid,"100.00 (verified on a3-22 raw.csv, 724/724 rows)"
qwen35-2b.tp2.graph.mtp-off,qwen35-2b,TP2,FULL_DECODE_ONLY,off,0,1,tdp_reused_reuse_tdb_qwen35-2b_tp2_graph_mtp-off_a322e_20260914T134029Z_4,2759066,63.5873,10.6020,12.2985,13.5122,100.0000,0.737908,64046849874,47260668343,244353918508,88002171018,2026-09-14T13:47:13.739656+00:00,True,HIST_PROJECT/reports/topdown-campaign/topdown-l1-windows.csv,exact_worker_main_tid,"100.00 (verified on a3-22 raw.csv, 724/724 rows)"
qwen35-2b.tp2.graph.mtp-off,qwen35-2b,TP2,FULL_DECODE_ONLY,off,0,1,tdp_reused_reuse_tdb_qwen35-2b_tp2_graph_mtp-off_q2_20260914T142906Z_2,2984615,59.6096,10.5577,11.9483,17.8844,100.0000,0.716898,66156283330,47427329910,236612832225,89334968226,2026-09-14T14:34:43.128497+00:00,True,HIST_PROJECT/reports/topdown-campaign/topdown-l1-windows.csv,exact_worker_main_tid,"100.00 (verified on a3-22 raw.csv, 724/724 rows)"
qwen35-2b.tp2.graph.mtp-off,qwen35-2b,TP2,FULL_DECODE_ONLY,off,0,2,tdp_reused_reuse_tdb_qwen35-2b_tp2_graph_mtp-off_a322e_20260914T134029Z_4,2759066,63.3781,10.6477,12.1835,13.7907,100.0000,0.731012,63688274354,46556903173,242186415088,87244798003,2026-09-14T13:47:52.262677+00:00,True,HIST_PROJECT/reports/topdown-campaign/topdown-l1-windows.csv,exact_worker_main_tid,"100.00 (verified on a3-22 raw.csv, 724/724 rows)"
qwen35-2b.tp2.graph.mtp-off,qwen35-2b,TP2,FULL_DECODE_ONLY,off,0,2,tdp_reused_reuse_tdb_qwen35-2b_tp2_graph_mtp-off_q2_20260914T142906Z_2,2984615,61.4734,10.8071,12.3229,15.3966,100.0000,0.739373,63314992444,46813385678,233531357582,87868320939,2026-09-14T14:35:21.587603+00:00,True,HIST_PROJECT/reports/topdown-campaign/topdown-l1-windows.csv,exact_worker_main_tid,"100.00 (verified on a3-22 raw.csv, 724/724 rows)"
qwen35-2b.tp2.graph.mtp-off,qwen35-2b,TP2,FULL_DECODE_ONLY,off,0,3,tdp_reused_reuse_tdb_qwen35-2b_tp2_graph_mtp-off_a322e_20260914T134029Z_4,2759066,62.7673,10.2665,11.7932,15.1731,100.0000,0.707590,65783972706,46548091515,247744924127,87070235737,2026-09-14T13:48:30.838948+00:00,True,HIST_PROJECT/reports/topdown-campaign/topdown-l1-windows.csv,exact_worker_main_tid,"100.00 (verified on a3-22 raw.csv, 724/724 rows)"
qwen35-2b.tp2.graph.mtp-off,qwen35-2b,TP2,FULL_DECODE_ONLY,off,1,1,tdp_reused_reuse_tdb_qwen35-2b_tp2_graph_mtp-off_a322e_20260914T134029Z_4,2759067,64.0609,10.0367,12.5136,13.3888,100.0000,0.750818,62756825632,47118946679,241215672368,84911083553,2026-09-14T13:47:13.740680+00:00,True,HIST_PROJECT/reports/topdown-campaign/topdown-l1-windows.csv,exact_worker_main_tid,"100.00 (verified on a3-22 raw.csv, 724/724 rows)"
qwen35-2b.tp2.graph.mtp-off,qwen35-2b,TP2,FULL_DECODE_ONLY,off,1,1,tdp_reused_reuse_tdb_qwen35-2b_tp2_graph_mtp-off_q2_20260914T142906Z_2,2984616,63.2602,10.3692,12.4084,13.9622,100.0000,0.744507,63560535088,47321240318,241251022843,86865662005,2026-09-14T14:34:43.128473+00:00,True,HIST_PROJECT/reports/topdown-campaign/topdown-l1-windows.csv,exact_worker_main_tid,"100.00 (verified on a3-22 raw.csv, 724/724 rows)"
qwen35-2b.tp2.graph.mtp-off,qwen35-2b,TP2,FULL_DECODE_ONLY,off,1,2,tdp_reused_reuse_tdb_qwen35-2b_tp2_graph_mtp-off_a322e_20260914T134029Z_4,2759067,63.6174,10.1093,12.4903,13.7830,100.0000,0.749416,62078516534,46522658394,236956519467,84176914144,2026-09-14T13:47:52.262675+00:00,True,HIST_PROJECT/reports/topdown-campaign/topdown-l1-windows.csv,exact_worker_main_tid,"100.00 (verified on a3-22 raw.csv, 724/724 rows)"
qwen35-2b.tp2.graph.mtp-off,qwen35-2b,TP2,FULL_DECODE_ONLY,off,1,2,tdp_reused_reuse_tdb_qwen35-2b_tp2_graph_mtp-off_q2_20260914T142906Z_2,2984616,62.6438,10.0066,11.6829,15.6668,100.0000,0.700971,66477419369,46598750219,249863740880,86511562948,2026-09-14T14:35:21.587908+00:00,True,HIST_PROJECT/reports/topdown-campaign/topdown-l1-windows.csv,exact_worker_main_tid,"100.00 (verified on a3-22 raw.csv, 724/724 rows)"
qwen35-2b.tp2.graph.mtp-off,qwen35-2b,TP2,FULL_DECODE_ONLY,off,1,3,tdp_reused_reuse_tdb_qwen35-2b_tp2_graph_mtp-off_a322e_20260914T134029Z_4,2759067,63.4038,10.0772,12.3641,14.1549,100.0000,0.741846,62801040025,46588701216,238909392375,84560294708,2026-09-14T13:48:30.856502+00:00,True,HIST_PROJECT/reports/topdown-campaign/topdown-l1-windows.csv,exact_worker_main_tid,"100.00 (verified on a3-22 raw.csv, 724/724 rows)"
qwen35-2b.tp2.graph.mtp-on,qwen35-2b,TP2,FULL_DECODE_ONLY,on,0,1,tdp_reused_reuse_tdb_qwen35-2b_tp2_graph_mtp-on_a322e_20260914T134029Z_5,2760590,62.7563,9.3521,12.0166,15.8750,100.0000,0.720996,70563076918,50875714186,265696563095,90470361218,2026-09-14T13:46:50.832105+00:00,True,HIST_PROJECT/reports/topdown-campaign/topdown-l1-windows.csv,exact_worker_main_tid,"100.00 (verified on a3-22 raw.csv, 724/724 rows)"
qwen35-2b.tp2.graph.mtp-on,qwen35-2b,TP2,FULL_DECODE_ONLY,on,0,1,tdp_reused_reuse_tdb_qwen35-2b_tp2_graph_mtp-on_q2_20260914T142906Z_3,2985621,63.2832,9.8800,12.4524,14.3845,100.0000,0.747144,70497130596,52671539134,267676986049,94462042500,2026-09-14T14:34:20.608955+00:00,True,HIST_PROJECT/reports/topdown-campaign/topdown-l1-windows.csv,exact_worker_main_tid,"100.00 (verified on a3-22 raw.csv, 724/724 rows)"
qwen35-2b.tp2.graph.mtp-on,qwen35-2b,TP2,FULL_DECODE_ONLY,on,0,2,tdp_reused_reuse_tdb_qwen35-2b_tp2_graph_mtp-on_a322e_20260914T134029Z_5,2760590,65.7116,9.5806,12.2393,12.4685,100.0000,0.734358,70487779685,51763234831,277911954361,92282039960,2026-09-14T13:47:27.798771+00:00,True,HIST_PROJECT/reports/topdown-campaign/topdown-l1-windows.csv,exact_worker_main_tid,"100.00 (verified on a3-22 raw.csv, 724/724 rows)"
qwen35-2b.tp2.graph.mtp-on,qwen35-2b,TP2,FULL_DECODE_ONLY,on,0,2,tdp_reused_reuse_tdb_qwen35-2b_tp2_graph_mtp-on_q2_20260914T142906Z_3,2985621,63.6944,9.7291,12.4473,14.1293,100.0000,0.746836,70473416385,52632079135,269325507454,93770586791,2026-09-14T14:34:57.815490+00:00,True,HIST_PROJECT/reports/topdown-campaign/topdown-l1-windows.csv,exact_worker_main_tid,"100.00 (verified on a3-22 raw.csv, 724/724 rows)"
qwen35-2b.tp2.graph.mtp-on,qwen35-2b,TP2,FULL_DECODE_ONLY,on,0,3,tdp_reused_reuse_tdb_qwen35-2b_tp2_graph_mtp-on_a322e_20260914T134029Z_5,2760590,65.2590,9.6713,12.1540,12.9156,100.0000,0.729241,70589964442,51477063476,276397900469,92439046486,2026-09-14T13:48:04.834384+00:00,True,HIST_PROJECT/reports/topdown-campaign/topdown-l1-windows.csv,exact_worker_main_tid,"100.00 (verified on a3-22 raw.csv, 724/724 rows)"
qwen35-2b.tp2.graph.mtp-on,qwen35-2b,TP2,FULL_DECODE_ONLY,on,1,1,tdp_reused_reuse_tdb_qwen35-2b_tp2_graph_mtp-on_a322e_20260914T134029Z_5,2760591,63.5222,9.5068,12.4767,14.4942,100.0000,0.748604,71383926578,53438286377,272067903160,94156436703,2026-09-14T13:46:50.832916+00:00,True,HIST_PROJECT/reports/topdown-campaign/topdown-l1-windows.csv,exact_worker_main_tid,"100.00 (verified on a3-22 raw.csv, 724/724 rows)"
qwen35-2b.tp2.graph.mtp-on,qwen35-2b,TP2,FULL_DECODE_ONLY,on,1,1,tdp_reused_reuse_tdb_qwen35-2b_tp2_graph_mtp-on_q2_20260914T142906Z_3,2985622,64.8874,10.2030,12.0343,12.8753,100.0000,0.722059,71372150265,51534932563,277869005613,95227588615,2026-09-14T14:34:20.608955+00:00,True,HIST_PROJECT/reports/topdown-campaign/topdown-l1-windows.csv,exact_worker_main_tid,"100.00 (verified on a3-22 raw.csv, 724/724 rows)"
qwen35-2b.tp2.graph.mtp-on,qwen35-2b,TP2,FULL_DECODE_ONLY,on,1,2,tdp_reused_reuse_tdb_qwen35-2b_tp2_graph_mtp-on_a322e_20260914T134029Z_5,2760591,63.6379,9.5154,12.5080,14.3387,100.0000,0.750477,71317505428,53522173282,272309836900,94239081283,2026-09-14T13:47:27.800756+00:00,True,HIST_PROJECT/reports/topdown-campaign/topdown-l1-windows.csv,exact_worker_main_tid,"100.00 (verified on a3-22 raw.csv, 724/724 rows)"
qwen35-2b.tp2.graph.mtp-on,qwen35-2b,TP2,FULL_DECODE_ONLY,on,1,2,tdp_reused_reuse_tdb_qwen35-2b_tp2_graph_mtp-on_q2_20260914T142906Z_3,2985622,64.6259,10.2123,12.0294,13.1324,100.0000,0.721764,71293435698,51457029945,276444348503,95141049797,2026-09-14T14:34:57.815490+00:00,True,HIST_PROJECT/reports/topdown-campaign/topdown-l1-windows.csv,exact_worker_main_tid,"100.00 (verified on a3-22 raw.csv, 724/724 rows)"
qwen35-2b.tp2.graph.mtp-on,qwen35-2b,TP2,FULL_DECODE_ONLY,on,1,3,tdp_reused_reuse_tdb_qwen35-2b_tp2_graph_mtp-on_a322e_20260914T134029Z_5,2760591,63.8446,9.5739,12.3089,14.2726,100.0000,0.738533,71326723980,52677105307,273229494814,93649573039,2026-09-14T13:48:04.837391+00:00,True,HIST_PROJECT/reports/topdown-campaign/topdown-l1-windows.csv,exact_worker_main_tid,"100.00 (verified on a3-22 raw.csv, 724/724 rows)"
qwen35-2b.tp4.graph.mtp-off,qwen35-2b,TP4,FULL_DECODE_ONLY,off,0,1,tdb_qwen35-2b_tp4_graph_mtp-off_p5_20260914T143807Z_0,1307672,63.7721,9.8436,11.4707,14.9136,100.0000,0.688239,69570074769,47880843647,266197682724,88970170016,2026-09-14T14:43:48.648393+00:00,True,HIST_PROJECT/reports/topdown-campaign/topdown-l1-windows.csv,exact_worker_main_tid,"100.00 (verified on a3-22 raw.csv, 724/724 rows)"
qwen35-2b.tp4.graph.mtp-off,qwen35-2b,TP4,FULL_DECODE_ONLY,off,0,1,tdp_reused_reuse_tdb_qwen35-2b_tp4_graph_mtp-off_a322c_20260914T125935Z_2,2539743,65.0434,10.3448,12.6797,11.9321,100.0000,0.760785,69273173679,52701983063,270345805788,95698911624,2026-09-14T13:10:51.911395+00:00,True,HIST_PROJECT/reports/topdown-campaign/topdown-l1-windows.csv,exact_worker_main_tid,"100.00 (verified on a3-22 raw.csv, 724/724 rows)"
qwen35-2b.tp4.graph.mtp-off,qwen35-2b,TP4,FULL_DECODE_ONLY,off,0,2,tdb_qwen35-2b_tp4_graph_mtp-off_p5_20260914T143807Z_0,1307672,66.1380,9.9969,11.8962,11.9689,100.0000,0.713775,69301930246,49465952585,275009369282,91034119415,2026-09-14T14:44:25.782932+00:00,True,HIST_PROJECT/reports/topdown-campaign/topdown-l1-windows.csv,exact_worker_main_tid,"100.00 (verified on a3-22 raw.csv, 724/724 rows)"
qwen35-2b.tp4.graph.mtp-off,qwen35-2b,TP4,FULL_DECODE_ONLY,off,0,2,tdp_reused_reuse_tdb_qwen35-2b_tp4_graph_mtp-off_a322c_20260914T125935Z_2,2539743,64.9073,10.2287,12.3272,12.5368,100.0000,0.739632,69220616265,51197764223,269575371147,93680117144,2026-09-14T13:11:25.827891+00:00,True,HIST_PROJECT/reports/topdown-campaign/topdown-l1-windows.csv,exact_worker_main_tid,"100.00 (verified on a3-22 raw.csv, 724/724 rows)"
qwen35-2b.tp4.graph.mtp-off,qwen35-2b,TP4,FULL_DECODE_ONLY,off,0,3,tdp_reused_reuse_tdb_qwen35-2b_tp4_graph_mtp-off_a322c_20260914T125935Z_2,2539743,64.7523,10.3023,12.4283,12.5171,100.0000,0.745699,69119296471,51542212340,268538068269,94267477924,2026-09-14T13:12:06.369914+00:00,True,HIST_PROJECT/reports/topdown-campaign/topdown-l1-windows.csv,exact_worker_main_tid,"100.00 (verified on a3-22 raw.csv, 724/724 rows)"
qwen35-2b.tp4.graph.mtp-off,qwen35-2b,TP4,FULL_DECODE_ONLY,off,1,1,tdb_qwen35-2b_tp4_graph_mtp-off_p5_20260914T143807Z_0,1307673,61.3470,9.3321,12.5900,16.7309,100.0000,0.755402,70666255003,53381407922,260109800001,92949154010,2026-09-14T14:43:48.659506+00:00,True,HIST_PROJECT/reports/topdown-campaign/topdown-l1-windows.csv,exact_worker_main_tid,"100.00 (verified on a3-22 raw.csv, 724/724 rows)"
qwen35-2b.tp4.graph.mtp-off,qwen35-2b,TP4,FULL_DECODE_ONLY,off,1,1,tdp_reused_reuse_tdb_qwen35-2b_tp4_graph_mtp-off_a322c_20260914T125935Z_2,2539744,64.6154,10.3968,12.5035,12.4843,100.0000,0.750210,70511454135,52898386601,273367552634,96884041716,2026-09-14T13:10:51.911401+00:00,True,HIST_PROJECT/reports/topdown-campaign/topdown-l1-windows.csv,exact_worker_main_tid,"100.00 (verified on a3-22 raw.csv, 724/724 rows)"
qwen35-2b.tp4.graph.mtp-off,qwen35-2b,TP4,FULL_DECODE_ONLY,off,1,2,tdb_qwen35-2b_tp4_graph_mtp-off_p5_20260914T143807Z_0,1307673,63.4718,9.6431,12.3080,14.5770,100.0000,0.738483,70458877402,52032656441,268329070092,92799251962,2026-09-14T14:44:25.773468+00:00,True,HIST_PROJECT/reports/topdown-campaign/topdown-l1-windows.csv,exact_worker_main_tid,"100.00 (verified on a3-22 raw.csv, 724/724 rows)"
qwen35-2b.tp4.graph.mtp-off,qwen35-2b,TP4,FULL_DECODE_ONLY,off,1,2,tdp_reused_reuse_tdb_qwen35-2b_tp4_graph_mtp-off_a322c_20260914T125935Z_2,2539744,63.0105,10.1921,12.6086,14.1887,100.0000,0.756518,70447407418,53294729347,266335781515,96375042797,2026-09-14T13:11:25.827770+00:00,True,HIST_PROJECT/reports/topdown-campaign/topdown-l1-windows.csv,exact_worker_main_tid,"100.00 (verified on a3-22 raw.csv, 724/724 rows)"
qwen35-2b.tp4.graph.mtp-off,qwen35-2b,TP4,FULL_DECODE_ONLY,off,1,3,tdp_reused_reuse_tdb_qwen35-2b_tp4_graph_mtp-off_a322c_20260914T125935Z_2,2539744,63.1631,10.2752,12.6178,13.9439,100.0000,0.757066,70415648946,53309299508,266860271676,96721405596,2026-09-14T13:12:06.369915+00:00,True,HIST_PROJECT/reports/topdown-campaign/topdown-l1-windows.csv,exact_worker_main_tid,"100.00 (verified on a3-22 raw.csv, 724/724 rows)"
qwen35-2b.tp4.graph.mtp-off,qwen35-2b,TP4,FULL_DECODE_ONLY,off,2,1,tdb_qwen35-2b_tp4_graph_mtp-off_p5_20260914T143807Z_0,1307674,61.6090,9.3744,12.0449,16.9717,100.0000,0.722693,70681783105,51081226795,261278168121,90837065836,2026-09-14T14:43:48.660341+00:00,True,HIST_PROJECT/reports/topdown-campaign/topdown-l1-windows.csv,exact_worker_main_tid,"100.00 (verified on a3-22 raw.csv, 724/724 rows)"
qwen35-2b.tp4.graph.mtp-off,qwen35-2b,TP4,FULL_DECODE_ONLY,off,2,1,tdp_reused_reuse_tdb_qwen35-2b_tp4_graph_mtp-off_a322c_20260914T125935Z_2,2539745,64.5574,9.9482,12.6234,12.8710,100.0000,0.757403,70654869923,53514229198,273677638778,95687555754,2026-09-14T13:10:51.911615+00:00,True,HIST_PROJECT/reports/topdown-campaign/topdown-l1-windows.csv,exact_worker_main_tid,"100.00 (verified on a3-22 raw.csv, 724/724 rows)"
qwen35-2b.tp4.graph.mtp-off,qwen35-2b,TP4,FULL_DECODE_ONLY,off,2,2,tdb_qwen35-2b_tp4_graph_mtp-off_p5_20260914T143807Z_0,1307674,63.1642,9.4390,12.3431,15.0538,100.0000,0.740584,70394183803,52132799706,266783483387,91999711154,2026-09-14T14:44:25.773472+00:00,True,HIST_PROJECT/reports/topdown-campaign/topdown-l1-windows.csv,exact_worker_main_tid,"100.00 (verified on a3-22 raw.csv, 724/724 rows)"
qwen35-2b.tp4.graph.mtp-off,qwen35-2b,TP4,FULL_DECODE_ONLY,off,2,2,tdp_reused_reuse_tdb_qwen35-2b_tp4_graph_mtp-off_a322c_20260914T125935Z_2,2539745,62.6958,9.6914,12.9625,14.6503,100.0000,0.777749,70515316763,54843244131,265260919519,95846640440,2026-09-14T13:11:25.827891+00:00,True,HIST_PROJECT/reports/topdown-campaign/topdown-l1-windows.csv,exact_worker_main_tid,"100.00 (verified on a3-22 raw.csv, 724/724 rows)"
qwen35-2b.tp4.graph.mtp-off,qwen35-2b,TP4,FULL_DECODE_ONLY,off,2,3,tdp_reused_reuse_tdb_qwen35-2b_tp4_graph_mtp-off_a322c_20260914T125935Z_2,2539745,62.7796,9.7673,13.0325,14.4205,100.0000,0.781950,70471532930,55105185086,265450621563,96404309036,2026-09-14T13:12:06.367311+00:00,True,HIST_PROJECT/reports/topdown-campaign/topdown-l1-windows.csv,exact_worker_main_tid,"100.00 (verified on a3-22 raw.csv, 724/724 rows)"
qwen35-2b.tp4.graph.mtp-off,qwen35-2b,TP4,FULL_DECODE_ONLY,off,3,1,tdb_qwen35-2b_tp4_graph_mtp-off_p5_20260914T143807Z_0,1307675,61.2314,9.3353,12.6438,16.7895,100.0000,0.758625,70602906353,53561142749,259386967983,93107242996,2026-09-14T14:43:48.659560+00:00,True,HIST_PROJECT/reports/topdown-campaign/topdown-l1-windows.csv,exact_worker_main_tid,"100.00 (verified on a3-22 raw.csv, 724/724 rows)"
qwen35-2b.tp4.graph.mtp-off,qwen35-2b,TP4,FULL_DECODE_ONLY,off,3,1,tdp_reused_reuse_tdb_qwen35-2b_tp4_graph_mtp-off_a322c_20260914T125935Z_2,2539746,64.6760,10.5658,12.4215,12.3367,100.0000,0.745288,70529886002,52565053977,273695328580,97277525583,2026-09-14T13:10:51.911395+00:00,True,HIST_PROJECT/reports/topdown-campaign/topdown-l1-windows.csv,exact_worker_main_tid,"100.00 (verified on a3-22 raw.csv, 724/724 rows)"
qwen35-2b.tp4.graph.mtp-off,qwen35-2b,TP4,FULL_DECODE_ONLY,off,3,2,tdb_qwen35-2b_tp4_graph_mtp-off_p5_20260914T143807Z_0,1307675,63.4695,9.6367,12.3514,14.5424,100.0000,0.741083,70390476323,52165171693,268058944772,92865214850,2026-09-14T14:44:25.783089+00:00,True,HIST_PROJECT/reports/topdown-campaign/topdown-l1-windows.csv,exact_worker_main_tid,"100.00 (verified on a3-22 raw.csv, 724/724 rows)"
qwen35-2b.tp4.graph.mtp-off,qwen35-2b,TP4,FULL_DECODE_ONLY,off,3,2,tdp_reused_reuse_tdb_qwen35-2b_tp4_graph_mtp-off_a322c_20260914T125935Z_2,2539746,63.0463,10.3535,12.5103,14.0898,100.0000,0.750620,70360726699,52814137594,266159165155,96523057047,2026-09-14T13:11:25.827812+00:00,True,HIST_PROJECT/reports/topdown-campaign/topdown-l1-windows.csv,exact_worker_main_tid,"100.00 (verified on a3-22 raw.csv, 724/724 rows)"
qwen35-2b.tp4.graph.mtp-off,qwen35-2b,TP4,FULL_DECODE_ONLY,off,3,3,tdp_reused_reuse_tdb_qwen35-2b_tp4_graph_mtp-off_a322c_20260914T125935Z_2,2539746,63.3663,10.3632,12.4958,13.7747,100.0000,0.749749,70350045821,52744904033,267469165685,96487986316,2026-09-14T13:12:06.367448+00:00,True,HIST_PROJECT/reports/topdown-campaign/topdown-l1-windows.csv,exact_worker_main_tid,"100.00 (verified on a3-22 raw.csv, 724/724 rows)"
qwen35-2b.tp4.graph.mtp-on,qwen35-2b,TP4,FULL_DECODE_ONLY,on,0,1,tdb_qwen35-2b_tp4_graph_mtp-on_p5_20260914T143807Z_1,1308277,68.4106,8.7143,11.2750,11.6001,100.0000,0.676499,70572684409,47742324648,289675100953,84641910576,2026-09-14T14:43:25.324704+00:00,True,HIST_PROJECT/reports/topdown-campaign/topdown-l1-windows.csv,exact_worker_main_tid,"100.00 (verified on a3-22 raw.csv, 724/724 rows)"
qwen35-2b.tp4.graph.mtp-on,qwen35-2b,TP4,FULL_DECODE_ONLY,on,0,1,tdp_reused_reuse_tdb_qwen35-2b_tp4_graph_mtp-on_a322d_20260914T131933Z_2,2635993,64.1516,9.3239,12.5859,13.9386,100.0000,0.755154,69571165436,52536912124,267786099826,91457488129,2026-09-14T13:25:49.459724+00:00,True,HIST_PROJECT/reports/topdown-campaign/topdown-l1-windows.csv,exact_worker_main_tid,"100.00 (verified on a3-22 raw.csv, 724/724 rows)"
qwen35-2b.tp4.graph.mtp-on,qwen35-2b,TP4,FULL_DECODE_ONLY,on,0,2,tdb_qwen35-2b_tp4_graph_mtp-on_p5_20260914T143807Z_1,1308277,68.1167,8.6989,11.1937,11.9907,100.0000,0.671622,70272073381,47196296700,287202296496,83873494380,2026-09-14T14:44:04.604537+00:00,True,HIST_PROJECT/reports/topdown-campaign/topdown-l1-windows.csv,exact_worker_main_tid,"100.00 (verified on a3-22 raw.csv, 724/724 rows)"
qwen35-2b.tp4.graph.mtp-on,qwen35-2b,TP4,FULL_DECODE_ONLY,on,0,2,tdp_reused_reuse_tdb_qwen35-2b_tp4_graph_mtp-on_a322d_20260914T131933Z_2,2635993,63.8751,9.3237,12.7344,14.0668,100.0000,0.764065,70314001312,53724490642,269478727034,93059652068,2026-09-14T13:26:26.279335+00:00,True,HIST_PROJECT/reports/topdown-campaign/topdown-l1-windows.csv,exact_worker_main_tid,"100.00 (verified on a3-22 raw.csv, 724/724 rows)"
qwen35-2b.tp4.graph.mtp-on,qwen35-2b,TP4,FULL_DECODE_ONLY,on,0,3,tdp_reused_reuse_tdb_qwen35-2b_tp4_graph_mtp-on_a322d_20260914T131933Z_2,2635993,62.4416,9.0165,12.5299,16.0119,100.0000,0.751795,70592472222,53071078511,264474483496,91261096680,2026-09-14T13:27:03.289320+00:00,True,HIST_PROJECT/reports/topdown-campaign/topdown-l1-windows.csv,exact_worker_main_tid,"100.00 (verified on a3-22 raw.csv, 724/724 rows)"
qwen35-2b.tp4.graph.mtp-on,qwen35-2b,TP4,FULL_DECODE_ONLY,on,1,1,tdb_qwen35-2b_tp4_graph_mtp-on_p5_20260914T143807Z_1,1308278,64.4034,9.4946,11.7707,14.3313,100.0000,0.706242,71406422358,50430210465,275929047897,91108753490,2026-09-14T14:43:25.324703+00:00,True,HIST_PROJECT/reports/topdown-campaign/topdown-l1-windows.csv,exact_worker_main_tid,"100.00 (verified on a3-22 raw.csv, 724/724 rows)"
qwen35-2b.tp4.graph.mtp-on,qwen35-2b,TP4,FULL_DECODE_ONLY,on,1,1,tdp_reused_reuse_tdb_qwen35-2b_tp4_graph_mtp-on_a322d_20260914T131933Z_2,2635994,65.2506,9.6325,12.2908,12.8261,100.0000,0.737449,70806584359,52216229239,277210213183,93139033951,2026-09-14T13:25:49.463581+00:00,True,HIST_PROJECT/reports/topdown-campaign/topdown-l1-windows.csv,exact_worker_main_tid,"100.00 (verified on a3-22 raw.csv, 724/724 rows)"
qwen35-2b.tp4.graph.mtp-on,qwen35-2b,TP4,FULL_DECODE_ONLY,on,1,2,tdb_qwen35-2b_tp4_graph_mtp-on_p5_20260914T143807Z_1,1308278,65.5209,9.3559,11.5043,13.6190,100.0000,0.690257,71385524607,49274386859,280634422534,89346750772,2026-09-14T14:44:04.604437+00:00,True,HIST_PROJECT/reports/topdown-campaign/topdown-l1-windows.csv,exact_worker_main_tid,"100.00 (verified on a3-22 raw.csv, 724/724 rows)"
qwen35-2b.tp4.graph.mtp-on,qwen35-2b,TP4,FULL_DECODE_ONLY,on,1,2,tdp_reused_reuse_tdb_qwen35-2b_tp4_graph_mtp-on_a322d_20260914T131933Z_2,2635994,65.4924,9.6416,12.1083,12.7577,100.0000,0.726498,71369627179,51849896862,280450021131,93136941996,2026-09-14T13:26:26.288523+00:00,True,HIST_PROJECT/reports/topdown-campaign/topdown-l1-windows.csv,exact_worker_main_tid,"100.00 (verified on a3-22 raw.csv, 724/724 rows)"
qwen35-2b.tp4.graph.mtp-on,qwen35-2b,TP4,FULL_DECODE_ONLY,on,1,3,tdp_reused_reuse_tdb_qwen35-2b_tp4_graph_mtp-on_a322d_20260914T131933Z_2,2635994,62.5239,9.1799,12.8037,15.4924,100.0000,0.768223,71367283687,54825973604,267729852832,94134781234,2026-09-14T13:27:03.297726+00:00,True,HIST_PROJECT/reports/topdown-campaign/topdown-l1-windows.csv,exact_worker_main_tid,"100.00 (verified on a3-22 raw.csv, 724/724 rows)"
qwen35-2b.tp4.graph.mtp-on,qwen35-2b,TP4,FULL_DECODE_ONLY,on,2,1,tdb_qwen35-2b_tp4_graph_mtp-on_p5_20260914T143807Z_1,1308279,64.6723,9.0082,11.8030,14.5166,100.0000,0.708177,71486182256,50624883558,277390528807,89262578192,2026-09-14T14:43:25.324705+00:00,True,HIST_PROJECT/reports/topdown-campaign/topdown-l1-windows.csv,exact_worker_main_tid,"100.00 (verified on a3-22 raw.csv, 724/724 rows)"
qwen35-2b.tp4.graph.mtp-on,qwen35-2b,TP4,FULL_DECODE_ONLY,on,2,1,tdp_reused_reuse_tdb_qwen35-2b_tp4_graph_mtp-on_a322d_20260914T131933Z_2,2635995,64.2192,9.3591,12.8032,13.6185,100.0000,0.768195,70894265190,54460584802,273166169941,94270976689,2026-09-14T13:25:49.455958+00:00,True,HIST_PROJECT/reports/topdown-campaign/topdown-l1-windows.csv,exact_worker_main_tid,"100.00 (verified on a3-22 raw.csv, 724/724 rows)"
qwen35-2b.tp4.graph.mtp-on,qwen35-2b,TP4,FULL_DECODE_ONLY,on,2,2,tdb_qwen35-2b_tp4_graph_mtp-on_p5_20260914T143807Z_1,1308279,62.6235,8.9947,12.2354,16.1463,100.0000,0.734127,71390298922,52409524123,268242686245,90937746089,2026-09-14T14:44:04.597926+00:00,True,HIST_PROJECT/reports/topdown-campaign/topdown-l1-windows.csv,exact_worker_main_tid,"100.00 (verified on a3-22 raw.csv, 724/724 rows)"
qwen35-2b.tp4.graph.mtp-on,qwen35-2b,TP4,FULL_DECODE_ONLY,on,2,2,tdp_reused_reuse_tdb_qwen35-2b_tp4_graph_mtp-on_a322d_20260914T131933Z_2,2635995,63.5310,9.2247,13.2885,13.9558,100.0000,0.797308,71246115534,56805093623,271580320841,96238708676,2026-09-14T13:26:26.270098+00:00,True,HIST_PROJECT/reports/topdown-campaign/topdown-l1-windows.csv,exact_worker_main_tid,"100.00 (verified on a3-22 raw.csv, 724/724 rows)"
qwen35-2b.tp4.graph.mtp-on,qwen35-2b,TP4,FULL_DECODE_ONLY,on,2,3,tdp_reused_reuse_tdb_qwen35-2b_tp4_graph_mtp-on_a322d_20260914T131933Z_2,2635995,60.9437,8.9408,13.4946,16.6209,100.0000,0.809675,71280573698,57714090479,260646235106,95952422081,2026-09-14T13:27:03.300519+00:00,True,HIST_PROJECT/reports/topdown-campaign/topdown-l1-windows.csv,exact_worker_main_tid,"100.00 (verified on a3-22 raw.csv, 724/724 rows)"
qwen35-2b.tp4.graph.mtp-on,qwen35-2b,TP4,FULL_DECODE_ONLY,on,3,1,tdb_qwen35-2b_tp4_graph_mtp-on_p5_20260914T143807Z_1,1308280,61.2634,8.6185,12.7603,17.3579,100.0000,0.765615,71510596608,54749616768,262858874297,91728320134,2026-09-14T14:43:25.328330+00:00,True,HIST_PROJECT/reports/topdown-campaign/topdown-l1-windows.csv,exact_worker_main_tid,"100.00 (verified on a3-22 raw.csv, 724/724 rows)"
qwen35-2b.tp4.graph.mtp-on,qwen35-2b,TP4,FULL_DECODE_ONLY,on,3,1,tdp_reused_reuse_tdb_qwen35-2b_tp4_graph_mtp-on_a322d_20260914T131933Z_2,2635996,62.2127,10.0003,12.5729,15.2141,100.0000,0.754372,70534914355,53209581577,263290034590,95531821641,2026-09-14T13:25:49.455959+00:00,True,HIST_PROJECT/reports/topdown-campaign/topdown-l1-windows.csv,exact_worker_main_tid,"100.00 (verified on a3-22 raw.csv, 724/724 rows)"
qwen35-2b.tp4.graph.mtp-on,qwen35-2b,TP4,FULL_DECODE_ONLY,on,3,2,tdb_qwen35-2b_tp4_graph_mtp-on_p5_20260914T143807Z_1,1308280,62.5284,8.5161,12.4142,16.5413,100.0000,0.744851,71462519558,53228943170,268106277351,89743714046,2026-09-14T14:44:04.605494+00:00,True,HIST_PROJECT/reports/topdown-campaign/topdown-l1-windows.csv,exact_worker_main_tid,"100.00 (verified on a3-22 raw.csv, 724/724 rows)"
qwen35-2b.tp4.graph.mtp-on,qwen35-2b,TP4,FULL_DECODE_ONLY,on,3,2,tdp_reused_reuse_tdb_qwen35-2b_tp4_graph_mtp-on_a322d_20260914T131933Z_2,2635996,64.7282,9.7999,12.1748,13.2971,100.0000,0.730491,71292497423,52078503220,276878091262,93997977354,2026-09-14T13:26:26.284620+00:00,True,HIST_PROJECT/reports/topdown-campaign/topdown-l1-windows.csv,exact_worker_main_tid,"100.00 (verified on a3-22 raw.csv, 724/724 rows)"
qwen35-2b.tp4.graph.mtp-on,qwen35-2b,TP4,FULL_DECODE_ONLY,on,3,3,tdp_reused_reuse_tdb_qwen35-2b_tp4_graph_mtp-on_a322d_20260914T131933Z_2,2635996,68.0460,9.2428,11.4106,11.3006,100.0000,0.684635,71365400193,48859241547,291367991517,88436099914,2026-09-14T13:27:03.300520+00:00,True,HIST_PROJECT/reports/topdown-campaign/topdown-l1-windows.csv,exact_worker_main_tid,"100.00 (verified on a3-22 raw.csv, 724/724 rows)"
qwen38-27b.tp1.graph.mtp-off,qwen38-27b,TP1,FULL_DECODE_ONLY,off,0,0,tdx_qwen38-27b_tp1_graph_mtp-off_a321_20260914T1111Z,393941,58.9676,9.8766,13.1930,17.9627,100.0000,0.791581,13772322798,10901908397,48727286812,19063327976,2026-09-14T11:19:47.503229+00:00,True,HIST_PROJECT/reports/topdown-campaign/topdown-l1-windows.csv,exact_worker_main_tid,"100.00 (verified on a3-22 raw.csv, 724/724 rows)"
qwen38-27b.tp1.graph.mtp-off,qwen38-27b,TP1,FULL_DECODE_ONLY,off,0,1,tdp_reused_reuse_tdb_qwen38-27b_tp1_graph_mtp-off_a322d_20260914T131933Z_4,2633994,58.2407,9.3722,13.4867,18.9004,100.0000,0.809203,13504033406,10927504034,47189024879,18521238809,2026-09-14T13:26:12.039496+00:00,True,HIST_PROJECT/reports/topdown-campaign/topdown-l1-windows.csv,exact_worker_main_tid,"100.00 (verified on a3-22 raw.csv, 724/724 rows)"
qwen38-27b.tp1.graph.mtp-off,qwen38-27b,TP1,FULL_DECODE_ONLY,off,0,1,tdp_reused_reuse_tdb_qwen38-27b_tp1_graph_mtp-off_q1_20260914T141401Z_1,2900069,56.0334,9.2962,13.5475,21.1229,100.0000,0.812851,13679606362,11119486343,45990897731,18749592941,2026-09-14T14:20:38.945668+00:00,True,HIST_PROJECT/reports/topdown-campaign/topdown-l1-windows.csv,exact_worker_main_tid,"100.00 (verified on a3-22 raw.csv, 724/724 rows)"
qwen38-27b.tp1.graph.mtp-off,qwen38-27b,TP1,FULL_DECODE_ONLY,off,0,2,tdp_reused_reuse_tdb_qwen38-27b_tp1_graph_mtp-off_a322d_20260914T131933Z_4,2633994,56.8223,9.2361,13.4926,20.4490,100.0000,0.809557,13889453487,11244309081,47353863597,18941348054,2026-09-14T13:29:58.539529+00:00,True,HIST_PROJECT/reports/topdown-campaign/topdown-l1-windows.csv,exact_worker_main_tid,"100.00 (verified on a3-22 raw.csv, 724/724 rows)"
qwen38-27b.tp1.graph.mtp-off,qwen38-27b,TP1,FULL_DECODE_ONLY,off,0,2,tdp_reused_reuse_tdb_qwen38-27b_tp1_graph_mtp-off_q1_20260914T141401Z_1,2900069,51.0515,8.4964,13.7167,26.7354,100.0000,0.823002,15246923286,12548248595,46702692606,20320907210,2026-09-14T14:24:27.901972+00:00,True,HIST_PROJECT/reports/topdown-campaign/topdown-l1-windows.csv,exact_worker_main_tid,"100.00 (verified on a3-22 raw.csv, 724/724 rows)"
qwen38-27b.tp1.graph.mtp-off,qwen38-27b,TP1,FULL_DECODE_ONLY,off,0,3,tdp_reused_reuse_tdb_qwen38-27b_tp1_graph_mtp-off_a322d_20260914T131933Z_4,2633994,57.8752,9.4594,13.3609,19.3046,100.0000,0.801654,13414371717,10753678222,46581544379,18367159512,2026-09-14T13:33:44.828669+00:00,True,HIST_PROJECT/reports/topdown-campaign/topdown-l1-windows.csv,exact_worker_main_tid,"100.00 (verified on a3-22 raw.csv, 724/724 rows)"
qwen38-27b.tp1.graph.mtp-on,qwen38-27b,TP1,FULL_DECODE_ONLY,on,0,0,tdp_qwen38-27b_tp1_graph_mtp-on_a322p_20260914T194242Z,2326548,23.3124,3.8652,18.5991,54.2234,100.0000,1.115945,65722547959,73342757910,91928949007,88584410804,2026-09-14T20:05:29.052320+00:00,True,HIST_PROJECT/reports/topdown-campaign/topdown-l1-windows.csv,exact_worker_main_tid,"100.00 (verified on a3-22 raw.csv, 724/724 rows)"
qwen38-27b.tp1.graph.mtp-on,qwen38-27b,TP1,FULL_DECODE_ONLY,on,0,1,tdb_qwen38-27b_tp1_graph_mtp-on_a322b_20260914T122950Z_1,2466008,22.8787,3.9252,18.3691,54.8270,100.0000,1.102144,65698885801,72409606623,90186134433,87882666229,2026-09-14T12:35:47.685012+00:00,True,HIST_PROJECT/reports/topdown-campaign/topdown-l1-windows.csv,exact_worker_main_tid,"100.00 (verified on a3-22 raw.csv, 724/724 rows)"
qwen38-27b.tp1.graph.mtp-on,qwen38-27b,TP1,FULL_DECODE_ONLY,on,0,1,tdp_reused_reuse_tdb_qwen38-27b_tp1_graph_mtp-on_q1_20260914T141401Z_2,2902883,23.8561,4.0796,18.3763,53.6880,100.0000,1.102576,65950043660,72714906408,94398502142,88858012291,2026-09-14T14:20:16.147430+00:00,True,HIST_PROJECT/reports/topdown-campaign/topdown-l1-windows.csv,exact_worker_main_tid,"100.00 (verified on a3-22 raw.csv, 724/724 rows)"
qwen38-27b.tp1.graph.mtp-on,qwen38-27b,TP1,FULL_DECODE_ONLY,on,0,2,tdb_qwen38-27b_tp1_graph_mtp-on_a322b_20260914T122950Z_1,2466008,23.0010,3.8454,18.3506,54.8030,100.0000,1.101034,65854743240,72508312118,90883685582,87702560122,2026-09-14T12:37:11.542949+00:00,True,HIST_PROJECT/reports/topdown-campaign/topdown-l1-windows.csv,exact_worker_main_tid,"100.00 (verified on a3-22 raw.csv, 724/724 rows)"
qwen38-27b.tp1.graph.mtp-on,qwen38-27b,TP1,FULL_DECODE_ONLY,on,0,2,tdp_reused_reuse_tdb_qwen38-27b_tp1_graph_mtp-on_q1_20260914T141401Z_2,2902883,22.9652,4.0455,18.5759,54.4134,100.0000,1.114553,65627691713,73145566097,90429226865,89075488923,2026-09-14T14:21:39.969436+00:00,True,HIST_PROJECT/reports/topdown-campaign/topdown-l1-windows.csv,exact_worker_main_tid,"100.00 (verified on a3-22 raw.csv, 724/724 rows)"
qwen38-27b.tp1.graph.mtp-on,qwen38-27b,TP1,FULL_DECODE_ONLY,on,0,3,tdb_qwen38-27b_tp1_graph_mtp-on_a322b_20260914T122950Z_1,2466008,22.9693,3.8555,18.2810,54.8943,100.0000,1.096860,65803436919,72177173801,90687439393,87399306892,2026-09-14T12:38:35.550835+00:00,True,HIST_PROJECT/reports/topdown-campaign/topdown-l1-windows.csv,exact_worker_main_tid,"100.00 (verified on a3-22 raw.csv, 724/724 rows)"
qwen38-27b.tp2.graph.mtp-off,qwen38-27b,TP2,FULL_DECODE_ONLY,off,0,1,tdb_qwen38-27b_tp2_graph_mtp-off_a321c_20260914T123228Z_3,730048,59.4494,8.9211,12.7787,18.8508,100.0000,0.766723,20639656896,15824904088,73620923730,26872613657,2026-09-14T12:38:04.151025+00:00,True,HIST_PROJECT/reports/topdown-campaign/topdown-l1-windows.csv,exact_worker_main_tid,"100.00 (verified on a3-22 raw.csv, 724/724 rows)"
qwen38-27b.tp2.graph.mtp-off,qwen38-27b,TP2,FULL_DECODE_ONLY,off,0,1,tdp_reused_reuse_tdb_qwen38-27b_tp2_graph_mtp-off_q3_20260914T143555Z_0,3038713,59.6105,9.6469,12.7713,17.9714,100.0000,0.766275,19780328560,15157179815,70746859848,26606337725,2026-09-14T14:42:27.551533+00:00,True,HIST_PROJECT/reports/topdown-campaign/topdown-l1-windows.csv,exact_worker_main_tid,"100.00 (verified on a3-22 raw.csv, 724/724 rows)"
qwen38-27b.tp2.graph.mtp-off,qwen38-27b,TP2,FULL_DECODE_ONLY,off,0,2,tdb_qwen38-27b_tp2_graph_mtp-off_a321c_20260914T123228Z_3,730048,59.5444,8.6850,12.8133,18.9573,100.0000,0.768796,20747035782,15950245164,74122150111,26761587691,2026-09-14T12:40:47.289065+00:00,True,HIST_PROJECT/reports/topdown-campaign/topdown-l1-windows.csv,exact_worker_main_tid,"100.00 (verified on a3-22 raw.csv, 724/724 rows)"
qwen38-27b.tp2.graph.mtp-off,qwen38-27b,TP2,FULL_DECODE_ONLY,off,0,2,tdp_reused_reuse_tdb_qwen38-27b_tp2_graph_mtp-off_q3_20260914T143555Z_0,3038713,56.8745,9.7212,13.1706,20.2337,100.0000,0.790238,19577306720,15470735810,66806971218,26889614504,2026-09-14T14:45:11.594028+00:00,True,HIST_PROJECT/reports/topdown-campaign/topdown-l1-windows.csv,exact_worker_main_tid,"100.00 (verified on a3-22 raw.csv, 724/724 rows)"
qwen38-27b.tp2.graph.mtp-off,qwen38-27b,TP2,FULL_DECODE_ONLY,off,0,3,tdb_qwen38-27b_tp2_graph_mtp-off_a321c_20260914T123228Z_3,730048,62.1203,8.9485,12.7369,16.1943,100.0000,0.764216,19796854658,15129069635,73787151921,25758200826,2026-09-14T12:43:29.773413+00:00,True,HIST_PROJECT/reports/topdown-campaign/topdown-l1-windows.csv,exact_worker_main_tid,"100.00 (verified on a3-22 raw.csv, 724/724 rows)"
qwen38-27b.tp2.graph.mtp-off,qwen38-27b,TP2,FULL_DECODE_ONLY,off,1,1,tdb_qwen38-27b_tp2_graph_mtp-off_a321c_20260914T123228Z_3,730710,59.8327,9.0330,12.7943,18.3400,100.0000,0.767659,20547142420,15773192493,73763440048,26909339262,2026-09-14T12:38:04.151036+00:00,True,HIST_PROJECT/reports/topdown-campaign/topdown-l1-windows.csv,exact_worker_main_tid,"100.00 (verified on a3-22 raw.csv, 724/724 rows)"
qwen38-27b.tp2.graph.mtp-off,qwen38-27b,TP2,FULL_DECODE_ONLY,off,1,1,tdp_reused_reuse_tdb_qwen38-27b_tp2_graph_mtp-off_q3_20260914T143555Z_0,3039151,58.3756,9.3251,12.9551,19.3441,100.0000,0.777306,19733927654,15339308990,69118847074,26380567665,2026-09-14T14:42:27.546532+00:00,True,HIST_PROJECT/reports/topdown-campaign/topdown-l1-windows.csv,exact_worker_main_tid,"100.00 (verified on a3-22 raw.csv, 724/724 rows)"
qwen38-27b.tp2.graph.mtp-off,qwen38-27b,TP2,FULL_DECODE_ONLY,off,1,2,tdb_qwen38-27b_tp2_graph_mtp-off_a321c_20260914T123228Z_3,730710,57.6330,8.9742,13.2709,20.1219,100.0000,0.796252,20330960284,16188574974,70304030164,27135860131,2026-09-14T12:40:47.289067+00:00,True,HIST_PROJECT/reports/topdown-campaign/topdown-l1-windows.csv,exact_worker_main_tid,"100.00 (verified on a3-22 raw.csv, 724/724 rows)"
qwen38-27b.tp2.graph.mtp-off,qwen38-27b,TP2,FULL_DECODE_ONLY,off,1,2,tdp_reused_reuse_tdb_qwen38-27b_tp2_graph_mtp-off_q3_20260914T143555Z_0,3039151,56.5837,9.5632,13.8818,19.9713,100.0000,0.832909,18781673133,15643420541,63764218856,26420163448,2026-09-14T14:45:11.593981+00:00,True,HIST_PROJECT/reports/topdown-campaign/topdown-l1-windows.csv,exact_worker_main_tid,"100.00 (verified on a3-22 raw.csv, 724/724 rows)"
qwen38-27b.tp2.graph.mtp-off,qwen38-27b,TP2,FULL_DECODE_ONLY,off,1,3,tdb_qwen38-27b_tp2_graph_mtp-off_a321c_20260914T123228Z_3,730710,59.6043,9.3095,13.0964,17.9898,100.0000,0.785782,19529171672,15345662731,69841351478,26254117247,2026-09-14T12:43:29.773326+00:00,True,HIST_PROJECT/reports/topdown-campaign/topdown-l1-windows.csv,exact_worker_main_tid,"100.00 (verified on a3-22 raw.csv, 724/724 rows)"
qwen38-27b.tp2.graph.mtp-on,qwen38-27b,TP2,FULL_DECODE_ONLY,on,0,1,tdp_reused_reuse_tdb_qwen38-27b_tp2_graph_mtp-on_a322e_20260914T134029Z_0,2760336,32.5945,4.6560,16.9582,45.7913,100.0000,1.017489,71169921278,72414636273,139184863190,92296814693,2026-09-14T13:46:50.834033+00:00,True,HIST_PROJECT/reports/topdown-campaign/topdown-l1-windows.csv,exact_worker_main_tid,"100.00 (verified on a3-22 raw.csv, 724/724 rows)"
qwen38-27b.tp2.graph.mtp-on,qwen38-27b,TP2,FULL_DECODE_ONLY,on,0,1,tdp_reused_reuse_tdb_qwen38-27b_tp2_graph_mtp-on_q3_20260914T143555Z_1,3039353,29.2714,4.8476,17.7828,48.0983,100.0000,1.066969,70322401660,75031788016,123506007706,95485280212,2026-09-14T14:42:04.552820+00:00,True,HIST_PROJECT/reports/topdown-campaign/topdown-l1-windows.csv,exact_worker_main_tid,"100.00 (verified on a3-22 raw.csv, 724/724 rows)"
qwen38-27b.tp2.graph.mtp-on,qwen38-27b,TP2,FULL_DECODE_ONLY,on,0,2,tdp_reused_reuse_tdb_qwen38-27b_tp2_graph_mtp-on_a322e_20260914T134029Z_0,2760336,31.9637,4.5564,17.2908,46.1891,100.0000,1.037448,70727278930,73375866445,135642335100,92711461872,2026-09-14T13:47:53.481565+00:00,True,HIST_PROJECT/reports/topdown-campaign/topdown-l1-windows.csv,exact_worker_main_tid,"100.00 (verified on a3-22 raw.csv, 724/724 rows)"
qwen38-27b.tp2.graph.mtp-on,qwen38-27b,TP2,FULL_DECODE_ONLY,on,0,2,tdp_reused_reuse_tdb_qwen38-27b_tp2_graph_mtp-on_q3_20260914T143555Z_1,3039353,29.0372,4.7832,17.8143,48.3653,100.0000,1.068860,70378707540,75224982308,122616049096,95423149496,2026-09-14T14:43:08.013597+00:00,True,HIST_PROJECT/reports/topdown-campaign/topdown-l1-windows.csv,exact_worker_main_tid,"100.00 (verified on a3-22 raw.csv, 724/724 rows)"
qwen38-27b.tp2.graph.mtp-on,qwen38-27b,TP2,FULL_DECODE_ONLY,on,0,3,tdp_reused_reuse_tdb_qwen38-27b_tp2_graph_mtp-on_a322e_20260914T134029Z_0,2760336,31.6697,4.5567,17.4349,46.3387,100.0000,1.046094,70716268909,73975885309,134373683191,93309789566,2026-09-14T13:48:55.928675+00:00,True,HIST_PROJECT/reports/topdown-campaign/topdown-l1-windows.csv,exact_worker_main_tid,"100.00 (verified on a3-22 raw.csv, 724/724 rows)"
qwen38-27b.tp2.graph.mtp-on,qwen38-27b,TP2,FULL_DECODE_ONLY,on,1,1,tdp_reused_reuse_tdb_qwen38-27b_tp2_graph_mtp-on_a322e_20260914T134029Z_0,2761437,29.7875,4.7927,17.5825,47.8373,100.0000,1.054949,70571879060,74449764825,126129699484,94743509068,2026-09-14T13:46:50.832105+00:00,True,HIST_PROJECT/reports/topdown-campaign/topdown-l1-windows.csv,exact_worker_main_tid,"100.00 (verified on a3-22 raw.csv, 724/724 rows)"
qwen38-27b.tp2.graph.mtp-on,qwen38-27b,TP2,FULL_DECODE_ONLY,on,1,1,tdp_reused_reuse_tdb_qwen38-27b_tp2_graph_mtp-on_q3_20260914T143555Z_1,3039831,29.8552,4.6891,17.7842,47.6715,100.0000,1.067049,70472109507,75197201093,126237516501,95024329571,2026-09-14T14:42:04.552835+00:00,True,HIST_PROJECT/reports/topdown-campaign/topdown-l1-windows.csv,exact_worker_main_tid,"100.00 (verified on a3-22 raw.csv, 724/724 rows)"
qwen38-27b.tp2.graph.mtp-on,qwen38-27b,TP2,FULL_DECODE_ONLY,on,1,2,tdp_reused_reuse_tdb_qwen38-27b_tp2_graph_mtp-on_a322e_20260914T134029Z_0,2761437,29.4768,4.7090,17.6594,48.1547,100.0000,1.059566,70494918643,74694020540,124677816228,94611823178,2026-09-14T13:47:53.481566+00:00,True,HIST_PROJECT/reports/topdown-campaign/topdown-l1-windows.csv,exact_worker_main_tid,"100.00 (verified on a3-22 raw.csv, 724/724 rows)"
qwen38-27b.tp2.graph.mtp-on,qwen38-27b,TP2,FULL_DECODE_ONLY,on,1,2,tdp_reused_reuse_tdb_qwen38-27b_tp2_graph_mtp-on_q3_20260914T143555Z_1,3039831,29.1617,4.5985,17.8432,48.3966,100.0000,1.070594,70142719677,75094403964,122728773644,94447344510,2026-09-14T14:43:08.013597+00:00,True,HIST_PROJECT/reports/topdown-campaign/topdown-l1-windows.csv,exact_worker_main_tid,"100.00 (verified on a3-22 raw.csv, 724/724 rows)"
qwen38-27b.tp2.graph.mtp-on,qwen38-27b,TP2,FULL_DECODE_ONLY,on,1,3,tdp_reused_reuse_tdb_qwen38-27b_tp2_graph_mtp-on_a322e_20260914T134029Z_0,2761437,29.5949,4.7303,17.5911,48.0837,100.0000,1.055465,70530102491,74442070333,125240065969,94459698041,2026-09-14T13:48:55.928675+00:00,True,HIST_PROJECT/reports/topdown-campaign/topdown-l1-windows.csv,exact_worker_main_tid,"100.00 (verified on a3-22 raw.csv, 724/724 rows)"
qwen38-27b.tp4.graph.mtp-off,qwen38-27b,TP4,FULL_DECODE_ONLY,off,0,1,tdb_qwen38-27b_tp4_graph_mtp-off_a321d_20260914T125523Z_0,791213,54.8368,8.9766,12.0537,24.1329,100.0000,0.723223,28947957965,20935818554,95244849493,36527093243,2026-09-14T13:01:33.065109+00:00,True,HIST_PROJECT/reports/topdown-campaign/topdown-l1-windows.csv,exact_worker_main_tid,"100.00 (verified on a3-22 raw.csv, 724/724 rows)"
qwen38-27b.tp4.graph.mtp-off,qwen38-27b,TP4,FULL_DECODE_ONLY,off,0,1,tdb_qwen38-27b_tp4_graph_mtp-off_p3_20260914T142107Z_0,1203607,59.7811,9.3025,12.1519,18.7645,100.0000,0.729114,27936397101,20368821505,100204142772,35961506209,2026-09-14T14:27:23.390347+00:00,True,HIST_PROJECT/reports/topdown-campaign/topdown-l1-windows.csv,exact_worker_main_tid,"100.00 (verified on a3-22 raw.csv, 724/724 rows)"
qwen38-27b.tp4.graph.mtp-off,qwen38-27b,TP4,FULL_DECODE_ONLY,off,0,2,tdb_qwen38-27b_tp4_graph_mtp-off_a321d_20260914T125523Z_0,791213,61.2759,9.7203,12.9551,16.0487,100.0000,0.777308,26170953386,20342888797,96218976235,35606233877,2026-09-14T13:03:31.346245+00:00,True,HIST_PROJECT/reports/topdown-campaign/topdown-l1-windows.csv,exact_worker_main_tid,"100.00 (verified on a3-22 raw.csv, 724/724 rows)"
qwen38-27b.tp4.graph.mtp-off,qwen38-27b,TP4,FULL_DECODE_ONLY,off,0,2,tdb_qwen38-27b_tp4_graph_mtp-off_p3_20260914T142107Z_0,1203607,61.9854,9.5459,13.1410,15.3277,100.0000,0.788462,25436933475,20056065255,94603147089,34625106169,2026-09-14T14:29:22.032891+00:00,True,HIST_PROJECT/reports/topdown-campaign/topdown-l1-windows.csv,exact_worker_main_tid,"100.00 (verified on a3-22 raw.csv, 724/724 rows)"
qwen38-27b.tp4.graph.mtp-off,qwen38-27b,TP4,FULL_DECODE_ONLY,off,0,3,tdb_qwen38-27b_tp4_graph_mtp-off_a321d_20260914T125523Z_0,791213,61.0838,9.7621,12.7206,16.4335,100.0000,0.763237,26372183640,20128220016,96654818296,35575110537,2026-09-14T13:05:29.444626+00:00,True,HIST_PROJECT/reports/topdown-campaign/topdown-l1-windows.csv,exact_worker_main_tid,"100.00 (verified on a3-22 raw.csv, 724/724 rows)"
qwen38-27b.tp4.graph.mtp-off,qwen38-27b,TP4,FULL_DECODE_ONLY,off,1,1,tdb_qwen38-27b_tp4_graph_mtp-off_a321d_20260914T125523Z_0,791579,60.8581,9.6553,13.2045,16.2820,100.0000,0.792270,26471456381,20972533617,96660208186,36307972434,2026-09-14T13:01:33.087017+00:00,True,HIST_PROJECT/reports/topdown-campaign/topdown-l1-windows.csv,exact_worker_main_tid,"100.00 (verified on a3-22 raw.csv, 724/724 rows)"
qwen38-27b.tp4.graph.mtp-off,qwen38-27b,TP4,FULL_DECODE_ONLY,off,1,1,tdb_qwen38-27b_tp4_graph_mtp-off_p3_20260914T142107Z_0,1203994,60.8198,9.4086,12.4728,17.2988,100.0000,0.748367,27244416060,20388825109,99420066245,35768762284,2026-09-14T14:27:23.393901+00:00,True,HIST_PROJECT/reports/topdown-campaign/topdown-l1-windows.csv,exact_worker_main_tid,"100.00 (verified on a3-22 raw.csv, 724/724 rows)"
qwen38-27b.tp4.graph.mtp-off,qwen38-27b,TP4,FULL_DECODE_ONLY,off,1,2,tdb_qwen38-27b_tp4_graph_mtp-off_a321d_20260914T125523Z_0,791579,60.1856,9.6339,12.8367,17.3437,100.0000,0.770203,26788920977,20632897356,96738476137,36117850534,2026-09-14T13:03:31.349770+00:00,True,HIST_PROJECT/reports/topdown-campaign/topdown-l1-windows.csv,exact_worker_main_tid,"100.00 (verified on a3-22 raw.csv, 724/724 rows)"
qwen38-27b.tp4.graph.mtp-off,qwen38-27b,TP4,FULL_DECODE_ONLY,off,1,2,tdb_qwen38-27b_tp4_graph_mtp-off_p3_20260914T142107Z_0,1203994,60.4377,9.5214,12.6820,17.3589,100.0000,0.760919,26557128674,20207821038,96303169157,35379485359,2026-09-14T14:29:22.029069+00:00,True,HIST_PROJECT/reports/topdown-campaign/topdown-l1-windows.csv,exact_worker_main_tid,"100.00 (verified on a3-22 raw.csv, 724/724 rows)"
qwen38-27b.tp4.graph.mtp-off,qwen38-27b,TP4,FULL_DECODE_ONLY,off,1,3,tdb_qwen38-27b_tp4_graph_mtp-off_a321d_20260914T125523Z_0,791579,60.7974,9.6649,12.7744,16.7632,100.0000,0.766467,26488750500,20302751626,96626827464,35663434522,2026-09-14T13:05:29.444059+00:00,True,HIST_PROJECT/reports/topdown-campaign/topdown-l1-windows.csv,exact_worker_main_tid,"100.00 (verified on a3-22 raw.csv, 724/724 rows)"
qwen38-27b.tp4.graph.mtp-off,qwen38-27b,TP4,FULL_DECODE_ONLY,off,2,1,tdb_qwen38-27b_tp4_graph_mtp-off_a321d_20260914T125523Z_0,792024,60.0082,9.1497,13.0723,17.7699,100.0000,0.784335,26826965549,21041334370,96590232702,35768809987,2026-09-14T13:01:33.065109+00:00,True,HIST_PROJECT/reports/topdown-campaign/topdown-l1-windows.csv,exact_worker_main_tid,"100.00 (verified on a3-22 raw.csv, 724/724 rows)"
qwen38-27b.tp4.graph.mtp-off,qwen38-27b,TP4,FULL_DECODE_ONLY,off,2,1,tdb_qwen38-27b_tp4_graph_mtp-off_p3_20260914T142107Z_0,1204394,62.2654,9.4956,13.4106,14.8284,100.0000,0.804634,25420562900,20454248844,94969358515,34937285521,2026-09-14T14:27:23.394487+00:00,True,HIST_PROJECT/reports/topdown-campaign/topdown-l1-windows.csv,exact_worker_main_tid,"100.00 (verified on a3-22 raw.csv, 724/724 rows)"
qwen38-27b.tp4.graph.mtp-off,qwen38-27b,TP4,FULL_DECODE_ONLY,off,2,2,tdb_qwen38-27b_tp4_graph_mtp-off_a321d_20260914T125523Z_0,792024,59.9169,9.3361,12.8855,17.8614,100.0000,0.773133,26649239765,20603399608,95804414651,35531382994,2026-09-14T13:03:31.349089+00:00,True,HIST_PROJECT/reports/topdown-campaign/topdown-l1-windows.csv,exact_worker_main_tid,"100.00 (verified on a3-22 raw.csv, 724/724 rows)"
qwen38-27b.tp4.graph.mtp-off,qwen38-27b,TP4,FULL_DECODE_ONLY,off,2,2,tdb_qwen38-27b_tp4_graph_mtp-off_p3_20260914T142107Z_0,1204394,61.4087,9.4059,12.8352,16.3503,100.0000,0.770111,26299400174,20253464612,96900673228,35095564948,2026-09-14T14:29:22.033585+00:00,True,HIST_PROJECT/reports/topdown-campaign/topdown-l1-windows.csv,exact_worker_main_tid,"100.00 (verified on a3-22 raw.csv, 724/724 rows)"
qwen38-27b.tp4.graph.mtp-off,qwen38-27b,TP4,FULL_DECODE_ONLY,off,2,3,tdb_qwen38-27b_tp4_graph_mtp-off_a321d_20260914T125523Z_0,792024,60.7846,9.4342,13.1735,16.6078,100.0000,0.790408,25693608040,20308423980,93706503928,34852305624,2026-09-14T13:05:29.444693+00:00,True,HIST_PROJECT/reports/topdown-campaign/topdown-l1-windows.csv,exact_worker_main_tid,"100.00 (verified on a3-22 raw.csv, 724/724 rows)"
qwen38-27b.tp4.graph.mtp-off,qwen38-27b,TP4,FULL_DECODE_ONLY,off,3,1,tdb_qwen38-27b_tp4_graph_mtp-off_a321d_20260914T125523Z_0,792468,60.9843,9.3667,13.2658,16.3832,100.0000,0.795946,26158884647,20821049158,95716858324,35522412807,2026-09-14T13:01:33.087016+00:00,True,HIST_PROJECT/reports/topdown-campaign/topdown-l1-windows.csv,exact_worker_main_tid,"100.00 (verified on a3-22 raw.csv, 724/724 rows)"
qwen38-27b.tp4.graph.mtp-off,qwen38-27b,TP4,FULL_DECODE_ONLY,off,3,1,tdb_qwen38-27b_tp4_graph_mtp-off_p3_20260914T142107Z_0,1204797,61.1918,9.4894,12.9072,16.4115,100.0000,0.774435,26461417664,20492635114,97153302559,35558842945,2026-09-14T14:27:23.393903+00:00,True,HIST_PROJECT/reports/topdown-campaign/topdown-l1-windows.csv,exact_worker_main_tid,"100.00 (verified on a3-22 raw.csv, 724/724 rows)"
qwen38-27b.tp4.graph.mtp-off,qwen38-27b,TP4,FULL_DECODE_ONLY,off,3,2,tdb_qwen38-27b_tp4_graph_mtp-off_a321d_20260914T125523Z_0,792468,59.9095,9.1491,12.9810,17.9604,100.0000,0.778858,26532565089,20665099130,95373230118,35230095513,2026-09-14T13:03:31.349206+00:00,True,HIST_PROJECT/reports/topdown-campaign/topdown-l1-windows.csv,exact_worker_main_tid,"100.00 (verified on a3-22 raw.csv, 724/724 rows)"
qwen38-27b.tp4.graph.mtp-off,qwen38-27b,TP4,FULL_DECODE_ONLY,off,3,2,tdb_qwen38-27b_tp4_graph_mtp-off_p3_20260914T142107Z_0,1204797,61.7938,9.4381,13.1593,15.6088,100.0000,0.789558,25705379837,20295891135,95305960358,34852453949,2026-09-14T14:29:22.032973+00:00,True,HIST_PROJECT/reports/topdown-campaign/topdown-l1-windows.csv,exact_worker_main_tid,"100.00 (verified on a3-22 raw.csv, 724/724 rows)"
qwen38-27b.tp4.graph.mtp-off,qwen38-27b,TP4,FULL_DECODE_ONLY,off,3,3,tdb_qwen38-27b_tp4_graph_mtp-off_a321d_20260914T125523Z_0,792468,60.6597,9.3398,12.7873,17.2132,100.0000,0.767238,26445995169,20290367771,96252374060,35110416641,2026-09-14T13:05:29.444135+00:00,True,HIST_PROJECT/reports/topdown-campaign/topdown-l1-windows.csv,exact_worker_main_tid,"100.00 (verified on a3-22 raw.csv, 724/724 rows)"
qwen38-27b.tp4.graph.mtp-on,qwen38-27b,TP4,FULL_DECODE_ONLY,on,0,1,tdb_qwen38-27b_tp4_graph_mtp-on_a321e_20260914T131201Z_0,850921,39.2067,6.0744,16.1710,38.5479,100.0000,0.970257,70983093014,68871848821,166980841183,94742598353,2026-09-14T13:18:54.320338+00:00,True,HIST_PROJECT/reports/topdown-campaign/topdown-l1-windows.csv,exact_worker_main_tid,"100.00 (verified on a3-22 raw.csv, 724/724 rows)"
qwen38-27b.tp4.graph.mtp-on,qwen38-27b,TP4,FULL_DECODE_ONLY,on,0,1,tdb_qwen38-27b_tp4_graph_mtp-on_p1_20260914T135927Z_0,1050958,38.0413,5.7222,16.4982,39.7383,100.0000,0.989890,70878037220,70161445666,161777687957,94496111338,2026-09-14T14:06:15.897782+00:00,True,HIST_PROJECT/reports/topdown-campaign/topdown-l1-windows.csv,exact_worker_main_tid,"100.00 (verified on a3-22 raw.csv, 724/724 rows)"
qwen38-27b.tp4.graph.mtp-on,qwen38-27b,TP4,FULL_DECODE_ONLY,on,0,2,tdb_qwen38-27b_tp4_graph_mtp-on_a321e_20260914T131201Z_0,850921,38.7069,5.9332,16.3745,38.9854,100.0000,0.982469,70872127481,69629682317,164594425253,94859484182,2026-09-14T13:19:42.050336+00:00,True,HIST_PROJECT/reports/topdown-campaign/topdown-l1-windows.csv,exact_worker_main_tid,"100.00 (verified on a3-22 raw.csv, 724/724 rows)"
qwen38-27b.tp4.graph.mtp-on,qwen38-27b,TP4,FULL_DECODE_ONLY,on,0,2,tdb_qwen38-27b_tp4_graph_mtp-on_p1_20260914T135927Z_0,1050958,39.7803,5.5727,16.1324,38.5146,100.0000,0.967945,70808042911,68538298487,169005884546,92213800385,2026-09-14T14:07:03.547342+00:00,True,HIST_PROJECT/reports/topdown-campaign/topdown-l1-windows.csv,exact_worker_main_tid,"100.00 (verified on a3-22 raw.csv, 724/724 rows)"
qwen38-27b.tp4.graph.mtp-on,qwen38-27b,TP4,FULL_DECODE_ONLY,on,0,3,tdb_qwen38-27b_tp4_graph_mtp-on_a321e_20260914T131201Z_0,850921,38.7549,5.9618,16.3115,38.9718,100.0000,0.978693,70880334998,69370069895,164817491867,94724647470,2026-09-14T13:20:29.733791+00:00,True,HIST_PROJECT/reports/topdown-campaign/topdown-l1-windows.csv,exact_worker_main_tid,"100.00 (verified on a3-22 raw.csv, 724/724 rows)"
qwen38-27b.tp4.graph.mtp-on,qwen38-27b,TP4,FULL_DECODE_ONLY,on,1,1,tdb_qwen38-27b_tp4_graph_mtp-on_a321e_20260914T131201Z_0,851377,37.5884,5.4715,16.7130,40.2271,100.0000,1.002781,71406633966,71605249256,161043670842,95047282046,2026-09-14T13:18:54.318282+00:00,True,HIST_PROJECT/reports/topdown-campaign/topdown-l1-windows.csv,exact_worker_main_tid,"100.00 (verified on a3-22 raw.csv, 724/724 rows)"
qwen38-27b.tp4.graph.mtp-on,qwen38-27b,TP4,FULL_DECODE_ONLY,on,1,1,tdb_qwen38-27b_tp4_graph_mtp-on_p1_20260914T135927Z_0,1051692,41.1659,5.4617,15.9010,37.4714,100.0000,0.954059,71341067928,68063607603,176209209362,91442206987,2026-09-14T14:06:15.893574+00:00,True,HIST_PROJECT/reports/topdown-campaign/topdown-l1-windows.csv,exact_worker_main_tid,"100.00 (verified on a3-22 raw.csv, 724/724 rows)"
qwen38-27b.tp4.graph.mtp-on,qwen38-27b,TP4,FULL_DECODE_ONLY,on,1,2,tdb_qwen38-27b_tp4_graph_mtp-on_a321e_20260914T131201Z_0,851377,37.6487,5.4932,16.4403,40.4178,100.0000,0.986419,71231948084,70264537277,160907494671,93741966710,2026-09-14T13:19:42.050750+00:00,True,HIST_PROJECT/reports/topdown-campaign/topdown-l1-windows.csv,exact_worker_main_tid,"100.00 (verified on a3-22 raw.csv, 724/724 rows)"
qwen38-27b.tp4.graph.mtp-on,qwen38-27b,TP4,FULL_DECODE_ONLY,on,1,2,tdb_qwen38-27b_tp4_graph_mtp-on_p1_20260914T135927Z_0,1051692,39.6167,5.3934,16.2060,38.7839,100.0000,0.972361,71197435669,69229577568,169236534849,92269292708,2026-09-14T14:07:03.547343+00:00,True,HIST_PROJECT/reports/topdown-campaign/topdown-l1-windows.csv,exact_worker_main_tid,"100.00 (verified on a3-22 raw.csv, 724/724 rows)"
qwen38-27b.tp4.graph.mtp-on,qwen38-27b,TP4,FULL_DECODE_ONLY,on,1,3,tdb_qwen38-27b_tp4_graph_mtp-on_a321e_20260914T131201Z_0,851377,37.4875,5.4631,16.6366,40.4128,100.0000,0.998197,71328011047,71199409048,160434362025,94579690339,2026-09-14T13:20:29.733732+00:00,True,HIST_PROJECT/reports/topdown-campaign/topdown-l1-windows.csv,exact_worker_main_tid,"100.00 (verified on a3-22 raw.csv, 724/724 rows)"
qwen38-27b.tp4.graph.mtp-on,qwen38-27b,TP4,FULL_DECODE_ONLY,on,2,1,tdb_qwen38-27b_tp4_graph_mtp-on_a321e_20260914T131201Z_0,851856,37.6518,5.5290,16.7686,40.0506,100.0000,1.006117,71276514112,71712530729,161021227889,95357618280,2026-09-14T13:18:54.318947+00:00,True,HIST_PROJECT/reports/topdown-campaign/topdown-l1-windows.csv,exact_worker_main_tid,"100.00 (verified on a3-22 raw.csv, 724/724 rows)"
qwen38-27b.tp4.graph.mtp-on,qwen38-27b,TP4,FULL_DECODE_ONLY,on,2,1,tdb_qwen38-27b_tp4_graph_mtp-on_p1_20260914T135927Z_0,1052103,39.2323,5.8465,16.1163,38.8050,100.0000,0.966978,71377380911,69020383926,168017724032,94058681629,2026-09-14T14:06:15.892599+00:00,True,HIST_PROJECT/reports/topdown-campaign/topdown-l1-windows.csv,exact_worker_main_tid,"100.00 (verified on a3-22 raw.csv, 724/724 rows)"
qwen38-27b.tp4.graph.mtp-on,qwen38-27b,TP4,FULL_DECODE_ONLY,on,2,2,tdb_qwen38-27b_tp4_graph_mtp-on_a321e_20260914T131201Z_0,851856,37.2322,5.4980,16.7304,40.5394,100.0000,1.003824,71189119416,71461365239,159031785588,94945242463,2026-09-14T13:19:42.051581+00:00,True,HIST_PROJECT/reports/topdown-campaign/topdown-l1-windows.csv,exact_worker_main_tid,"100.00 (verified on a3-22 raw.csv, 724/724 rows)"
qwen38-27b.tp4.graph.mtp-on,qwen38-27b,TP4,FULL_DECODE_ONLY,on,2,2,tdb_qwen38-27b_tp4_graph_mtp-on_p1_20260914T135927Z_0,1052103,39.3586,5.7186,16.1047,38.8180,100.0000,0.966283,71280190654,68876843583,168329492665,93334281948,2026-09-14T14:07:03.547346+00:00,True,HIST_PROJECT/reports/topdown-campaign/topdown-l1-windows.csv,exact_worker_main_tid,"100.00 (verified on a3-22 raw.csv, 724/724 rows)"
qwen38-27b.tp4.graph.mtp-on,qwen38-27b,TP4,FULL_DECODE_ONLY,on,2,3,tdb_qwen38-27b_tp4_graph_mtp-on_a321e_20260914T131201Z_0,851856,37.1377,5.4778,16.7394,40.6451,100.0000,1.004365,71169234269,71479883197,158583557708,94870949169,2026-09-14T13:20:29.731648+00:00,True,HIST_PROJECT/reports/topdown-campaign/topdown-l1-windows.csv,exact_worker_main_tid,"100.00 (verified on a3-22 raw.csv, 724/724 rows)"
qwen38-27b.tp4.graph.mtp-on,qwen38-27b,TP4,FULL_DECODE_ONLY,on,3,1,tdb_qwen38-27b_tp4_graph_mtp-on_a321e_20260914T131201Z_0,852492,38.1074,5.7136,16.5831,39.5960,100.0000,0.994984,71296578642,70938970175,163015465374,95380461771,2026-09-14T13:18:54.320034+00:00,True,HIST_PROJECT/reports/topdown-campaign/topdown-l1-windows.csv,exact_worker_main_tid,"100.00 (verified on a3-22 raw.csv, 724/724 rows)"
qwen38-27b.tp4.graph.mtp-on,qwen38-27b,TP4,FULL_DECODE_ONLY,on,3,1,tdb_qwen38-27b_tp4_graph_mtp-on_p1_20260914T135927Z_0,1052505,38.5719,5.7661,16.2083,39.4537,100.0000,0.972497,71297273922,69336418497,165004192552,94002853075,2026-09-14T14:06:15.891887+00:00,True,HIST_PROJECT/reports/topdown-campaign/topdown-l1-windows.csv,exact_worker_main_tid,"100.00 (verified on a3-22 raw.csv, 724/724 rows)"
qwen38-27b.tp4.graph.mtp-on,qwen38-27b,TP4,FULL_DECODE_ONLY,on,3,2,tdb_qwen38-27b_tp4_graph_mtp-on_a321e_20260914T131201Z_0,852492,37.8519,5.6978,16.5727,39.8776,100.0000,0.994363,71216237031,70814761308,161740132257,95161344300,2026-09-14T13:19:42.049762+00:00,True,HIST_PROJECT/reports/topdown-campaign/topdown-l1-windows.csv,exact_worker_main_tid,"100.00 (verified on a3-22 raw.csv, 724/724 rows)"
qwen38-27b.tp4.graph.mtp-on,qwen38-27b,TP4,FULL_DECODE_ONLY,on,3,2,tdb_qwen38-27b_tp4_graph_mtp-on_p1_20260914T135927Z_0,1052505,37.3956,5.7635,16.4827,40.3582,100.0000,0.988964,71218038745,70432105223,159794326290,95059941802,2026-09-14T14:07:03.544706+00:00,True,HIST_PROJECT/reports/topdown-campaign/topdown-l1-windows.csv,exact_worker_main_tid,"100.00 (verified on a3-22 raw.csv, 724/724 rows)"
qwen38-27b.tp4.graph.mtp-on,qwen38-27b,TP4,FULL_DECODE_ONLY,on,3,3,tdb_qwen38-27b_tp4_graph_mtp-on_a321e_20260914T131201Z_0,852492,38.3703,5.7535,16.3220,39.5541,100.0000,0.979322,71244387518,69771168523,164020289985,94365453052,2026-09-14T13:20:29.730882+00:00,True,HIST_PROJECT/reports/topdown-campaign/topdown-l1-windows.csv,exact_worker_main_tid,"100.00 (verified on a3-22 raw.csv, 724/724 rows)"
qwen3next-80b.tp2.graph.mtp-off,qwen3next-80b,TP2,FULL_DECODE_ONLY,off,0,1,tdp_reused_reuse_tdb_qwen3next-80b_tp2_graph_mtp-off_a322f_20260914T135734Z_0,2823904,57.9699,9.1010,12.8047,20.1244,100.0000,0.768283,18261767713,14030197771,63517972650,24002186826,2026-09-14T14:04:27.507114+00:00,True,HIST_PROJECT/reports/topdown-campaign/topdown-l1-windows.csv,exact_worker_main_tid,"100.00 (verified on a3-22 raw.csv, 724/724 rows)"
qwen3next-80b.tp2.graph.mtp-off,qwen3next-80b,TP2,FULL_DECODE_ONLY,off,0,1,tdp_reused_reuse_tdb_qwen3next-80b_tp2_graph_mtp-off_q4_20260914T144808Z_1,3086836,59.0368,9.4777,13.3869,18.0986,100.0000,0.803216,17301361521,13896732569,61285013575,23735328135,2026-09-14T14:54:52.568708+00:00,True,HIST_PROJECT/reports/topdown-campaign/topdown-l1-windows.csv,exact_worker_main_tid,"100.00 (verified on a3-22 raw.csv, 724/724 rows)"
qwen3next-80b.tp2.graph.mtp-off,qwen3next-80b,TP2,FULL_DECODE_ONLY,off,0,2,tdp_reused_reuse_tdb_qwen3next-80b_tp2_graph_mtp-off_a322f_20260914T135734Z_0,2823904,56.8376,9.4119,13.2774,20.4731,100.0000,0.796643,17432484870,13887465535,59449282081,23731815633,2026-09-14T14:07:18.722438+00:00,True,HIST_PROJECT/reports/topdown-campaign/topdown-l1-windows.csv,exact_worker_main_tid,"100.00 (verified on a3-22 raw.csv, 724/724 rows)"
qwen3next-80b.tp2.graph.mtp-off,qwen3next-80b,TP2,FULL_DECODE_ONLY,off,0,2,tdp_reused_reuse_tdb_qwen3next-80b_tp2_graph_mtp-off_q4_20260914T144808Z_1,3086836,58.3898,9.3835,12.8428,19.3839,100.0000,0.770565,17750514520,13677933471,62186911189,23671702386,2026-09-14T14:57:44.009868+00:00,True,HIST_PROJECT/reports/topdown-campaign/topdown-l1-windows.csv,exact_worker_main_tid,"100.00 (verified on a3-22 raw.csv, 724/724 rows)"
qwen3next-80b.tp2.graph.mtp-off,qwen3next-80b,TP2,FULL_DECODE_ONLY,off,0,3,tdp_reused_reuse_tdb_qwen3next-80b_tp2_graph_mtp-off_a322f_20260914T135734Z_0,2823904,58.4290,9.2994,12.8340,19.4376,100.0000,0.770042,17656433292,13596197901,61898870618,23447847763,2026-09-14T14:10:09.870014+00:00,True,HIST_PROJECT/reports/topdown-campaign/topdown-l1-windows.csv,exact_worker_main_tid,"100.00 (verified on a3-22 raw.csv, 724/724 rows)"
qwen3next-80b.tp2.graph.mtp-off,qwen3next-80b,TP2,FULL_DECODE_ONLY,off,1,1,tdp_reused_reuse_tdb_qwen3next-80b_tp2_graph_mtp-off_a322f_20260914T135734Z_0,2824037,55.3733,9.3881,13.6588,21.5797,100.0000,0.819530,17375588798,14239813120,57728609447,24027275654,2026-09-14T14:04:27.507735+00:00,True,HIST_PROJECT/reports/topdown-campaign/topdown-l1-windows.csv,exact_worker_main_tid,"100.00 (verified on a3-22 raw.csv, 724/724 rows)"
qwen3next-80b.tp2.graph.mtp-off,qwen3next-80b,TP2,FULL_DECODE_ONLY,off,1,1,tdp_reused_reuse_tdb_qwen3next-80b_tp2_graph_mtp-off_q4_20260914T144808Z_1,3087123,56.5567,8.8672,12.6855,21.8905,100.0000,0.761133,18412315438,14014213116,62480376751,23810203617,2026-09-14T14:54:52.568752+00:00,True,HIST_PROJECT/reports/topdown-campaign/topdown-l1-windows.csv,exact_worker_main_tid,"100.00 (verified on a3-22 raw.csv, 724/724 rows)"
qwen3next-80b.tp2.graph.mtp-off,qwen3next-80b,TP2,FULL_DECODE_ONLY,off,1,2,tdp_reused_reuse_tdb_qwen3next-80b_tp2_graph_mtp-off_a322f_20260914T135734Z_0,2824037,57.1074,8.9073,12.9336,21.0517,100.0000,0.776017,18161039963,14093273265,62227784566,23799217813,2026-09-14T14:07:18.722211+00:00,True,HIST_PROJECT/reports/topdown-campaign/topdown-l1-windows.csv,exact_worker_main_tid,"100.00 (verified on a3-22 raw.csv, 724/724 rows)"
qwen3next-80b.tp2.graph.mtp-off,qwen3next-80b,TP2,FULL_DECODE_ONLY,off,1,2,tdp_reused_reuse_tdb_qwen3next-80b_tp2_graph_mtp-off_q4_20260914T144808Z_1,3087123,56.9775,9.2690,13.7670,19.9864,100.0000,0.826022,16791012911,13869749494,57402640629,23207879110,2026-09-14T14:57:44.045542+00:00,True,HIST_PROJECT/reports/topdown-campaign/topdown-l1-windows.csv,exact_worker_main_tid,"100.00 (verified on a3-22 raw.csv, 724/724 rows)"
qwen3next-80b.tp2.graph.mtp-off,qwen3next-80b,TP2,FULL_DECODE_ONLY,off,1,3,tdp_reused_reuse_tdb_qwen3next-80b_tp2_graph_mtp-off_a322f_20260914T135734Z_0,2824037,59.2803,9.0228,12.5864,19.1105,100.0000,0.755181,17958117245,13561636560,63873787411,23283561195,2026-09-14T14:10:09.870014+00:00,True,HIST_PROJECT/reports/topdown-campaign/topdown-l1-windows.csv,exact_worker_main_tid,"100.00 (verified on a3-22 raw.csv, 724/724 rows)"
qwen3next-80b.tp4.graph.mtp-off,qwen3next-80b,TP4,FULL_DECODE_ONLY,off,0,1,tdb_qwen3next-80b_tp4_graph_mtp-off_a321f_20260914T132734Z_0,923564,58.6574,8.9169,12.5896,19.8361,100.0000,0.755376,19962124692,15078907910,70255526152,25758963885,2026-09-14T13:37:21.160047+00:00,True,HIST_PROJECT/reports/topdown-campaign/topdown-l1-windows.csv,exact_worker_main_tid,"100.00 (verified on a3-22 raw.csv, 724/724 rows)"
qwen3next-80b.tp4.graph.mtp-off,qwen3next-80b,TP4,FULL_DECODE_ONLY,off,0,1,tdb_qwen3next-80b_tp4_graph_mtp-off_p2_20260914T140746Z_0,1114144,60.8532,9.2043,12.4245,17.5181,100.0000,0.745467,19444438280,14495191714,70995361113,25233541169,2026-09-14T14:16:06.954608+00:00,True,HIST_PROJECT/reports/topdown-campaign/topdown-l1-windows.csv,exact_worker_main_tid,"100.00 (verified on a3-22 raw.csv, 724/724 rows)"
qwen3next-80b.tp4.graph.mtp-off,qwen3next-80b,TP4,FULL_DECODE_ONLY,off,0,2,tdb_qwen3next-80b_tp4_graph_mtp-off_a321f_20260914T132734Z_0,923564,58.6942,8.9557,12.7931,19.5569,100.0000,0.767589,19459334060,14936766747,68529022288,25393122950,2026-09-14T13:39:59.321939+00:00,True,HIST_PROJECT/reports/topdown-campaign/topdown-l1-windows.csv,exact_worker_main_tid,"100.00 (verified on a3-22 raw.csv, 724/724 rows)"
qwen3next-80b.tp4.graph.mtp-off,qwen3next-80b,TP4,FULL_DECODE_ONLY,off,0,2,tdb_qwen3next-80b_tp4_graph_mtp-off_p2_20260914T140746Z_0,1114144,59.0349,8.9789,12.8549,19.1313,100.0000,0.771292,19663399042,15166229805,69649601832,25759621783,2026-09-14T14:18:43.161105+00:00,True,HIST_PROJECT/reports/topdown-campaign/topdown-l1-windows.csv,exact_worker_main_tid,"100.00 (verified on a3-22 raw.csv, 724/724 rows)"
qwen3next-80b.tp4.graph.mtp-off,qwen3next-80b,TP4,FULL_DECODE_ONLY,off,0,3,tdb_qwen3next-80b_tp4_graph_mtp-off_a321f_20260914T132734Z_0,923564,58.8487,8.8808,12.7698,19.5007,100.0000,0.766188,19508392606,14947100248,68882584828,25342073846,2026-09-14T13:42:37.636987+00:00,True,HIST_PROJECT/reports/topdown-campaign/topdown-l1-windows.csv,exact_worker_main_tid,"100.00 (verified on a3-22 raw.csv, 724/724 rows)"
qwen3next-80b.tp4.graph.mtp-off,qwen3next-80b,TP4,FULL_DECODE_ONLY,off,1,1,tdb_qwen3next-80b_tp4_graph_mtp-off_a321f_20260914T132734Z_0,923811,58.1808,8.8294,12.7112,20.2785,100.0000,0.762675,19937905479,15206132998,69600228322,25768499977,2026-09-14T13:37:21.160046+00:00,True,HIST_PROJECT/reports/topdown-campaign/topdown-l1-windows.csv,exact_worker_main_tid,"100.00 (verified on a3-22 raw.csv, 724/724 rows)"
qwen3next-80b.tp4.graph.mtp-off,qwen3next-80b,TP4,FULL_DECODE_ONLY,off,1,1,tdb_qwen3next-80b_tp4_graph_mtp-off_p2_20260914T140746Z_0,1114564,60.4192,9.0985,12.7254,17.7570,100.0000,0.763523,19223203620,14677352211,69687020205,25171455174,2026-09-14T14:16:06.966514+00:00,True,HIST_PROJECT/reports/topdown-campaign/topdown-l1-windows.csv,exact_worker_main_tid,"100.00 (verified on a3-22 raw.csv, 724/724 rows)"
qwen3next-80b.tp4.graph.mtp-off,qwen3next-80b,TP4,FULL_DECODE_ONLY,off,1,2,tdb_qwen3next-80b_tp4_graph_mtp-off_a321f_20260914T132734Z_0,923811,58.2639,8.8688,12.7566,20.1107,100.0000,0.765398,19667942648,15053809758,68755827733,25519688996,2026-09-14T13:39:59.320551+00:00,True,HIST_PROJECT/reports/topdown-campaign/topdown-l1-windows.csv,exact_worker_main_tid,"100.00 (verified on a3-22 raw.csv, 724/724 rows)"
qwen3next-80b.tp4.graph.mtp-off,qwen3next-80b,TP4,FULL_DECODE_ONLY,off,1,2,tdb_qwen3next-80b_tp4_graph_mtp-off_p2_20260914T140746Z_0,1114564,58.6872,8.9658,12.9102,19.4368,100.0000,0.774612,19719241590,15274751410,69435994365,25882679874,2026-09-14T14:18:43.161605+00:00,True,HIST_PROJECT/reports/topdown-campaign/topdown-l1-windows.csv,exact_worker_main_tid,"100.00 (verified on a3-22 raw.csv, 724/724 rows)"
qwen3next-80b.tp4.graph.mtp-off,qwen3next-80b,TP4,FULL_DECODE_ONLY,off,1,3,tdb_qwen3next-80b_tp4_graph_mtp-off_a321f_20260914T132734Z_0,923811,57.9961,8.8420,12.5334,20.6285,100.0000,0.752004,20011606238,15048812666,69635663827,25665369087,2026-09-14T13:42:37.636465+00:00,True,HIST_PROJECT/reports/topdown-campaign/topdown-l1-windows.csv,exact_worker_main_tid,"100.00 (verified on a3-22 raw.csv, 724/724 rows)"
qwen3next-80b.tp4.graph.mtp-off,qwen3next-80b,TP4,FULL_DECODE_ONLY,off,2,1,tdb_qwen3next-80b_tp4_graph_mtp-off_a321f_20260914T132734Z_0,924127,58.0885,8.6662,12.6453,20.6000,100.0000,0.758716,19943392681,15131362065,69508960711,25501378031,2026-09-14T13:37:21.162484+00:00,True,HIST_PROJECT/reports/topdown-campaign/topdown-l1-windows.csv,exact_worker_main_tid,"100.00 (verified on a3-22 raw.csv, 724/724 rows)"
qwen3next-80b.tp4.graph.mtp-off,qwen3next-80b,TP4,FULL_DECODE_ONLY,off,2,1,tdb_qwen3next-80b_tp4_graph_mtp-off_p2_20260914T140746Z_0,1115063,60.5092,9.1238,12.8818,17.4853,100.0000,0.772906,18935148110,14635084421,68744988183,25000724430,2026-09-14T14:16:06.964769+00:00,True,HIST_PROJECT/reports/topdown-campaign/topdown-l1-windows.csv,exact_worker_main_tid,"100.00 (verified on a3-22 raw.csv, 724/724 rows)"
qwen3next-80b.tp4.graph.mtp-off,qwen3next-80b,TP4,FULL_DECODE_ONLY,off,2,2,tdb_qwen3next-80b_tp4_graph_mtp-off_a321f_20260914T132734Z_0,924127,59.4976,8.8672,12.6275,19.0077,100.0000,0.757651,19216024149,14559045432,68598477393,24782538503,2026-09-14T13:39:59.321144+00:00,True,HIST_PROJECT/reports/topdown-campaign/topdown-l1-windows.csv,exact_worker_main_tid,"100.00 (verified on a3-22 raw.csv, 724/724 rows)"
qwen3next-80b.tp4.graph.mtp-off,qwen3next-80b,TP4,FULL_DECODE_ONLY,off,2,2,tdb_qwen3next-80b_tp4_graph_mtp-off_p2_20260914T140746Z_0,1115063,58.5144,8.8870,12.8696,19.7289,100.0000,0.772178,19568195970,15110126846,68701279872,25544305108,2026-09-14T14:18:43.159964+00:00,True,HIST_PROJECT/reports/topdown-campaign/topdown-l1-windows.csv,exact_worker_main_tid,"100.00 (verified on a3-22 raw.csv, 724/724 rows)"
qwen3next-80b.tp4.graph.mtp-off,qwen3next-80b,TP4,FULL_DECODE_ONLY,off,2,3,tdb_qwen3next-80b_tp4_graph_mtp-off_a321f_20260914T132734Z_0,924127,57.9218,8.6928,12.7057,20.6797,100.0000,0.762345,19704023735,15021262927,68477544732,25298244759,2026-09-14T13:42:37.637894+00:00,True,HIST_PROJECT/reports/topdown-campaign/topdown-l1-windows.csv,exact_worker_main_tid,"100.00 (verified on a3-22 raw.csv, 724/724 rows)"
qwen3next-80b.tp4.graph.mtp-off,qwen3next-80b,TP4,FULL_DECODE_ONLY,off,3,1,tdb_qwen3next-80b_tp4_graph_mtp-off_a321f_20260914T132734Z_0,924459,58.3660,9.1894,12.8865,19.5582,100.0000,0.773190,19680331144,15216626230,68919681991,26067612802,2026-09-14T13:37:21.162488+00:00,True,HIST_PROJECT/reports/topdown-campaign/topdown-l1-windows.csv,exact_worker_main_tid,"100.00 (verified on a3-22 raw.csv, 724/724 rows)"
qwen3next-80b.tp4.graph.mtp-off,qwen3next-80b,TP4,FULL_DECODE_ONLY,off,3,1,tdb_qwen3next-80b_tp4_graph_mtp-off_p2_20260914T140746Z_0,1115489,61.0132,8.9807,12.7091,17.2970,100.0000,0.762545,19172236667,14619691383,70185523874,24950523360,2026-09-14T14:16:06.964770+00:00,True,HIST_PROJECT/reports/topdown-campaign/topdown-l1-windows.csv,exact_worker_main_tid,"100.00 (verified on a3-22 raw.csv, 724/724 rows)"
qwen3next-80b.tp4.graph.mtp-off,qwen3next-80b,TP4,FULL_DECODE_ONLY,off,3,2,tdb_qwen3next-80b_tp4_graph_mtp-off_a321f_20260914T132734Z_0,924459,58.3194,9.1437,12.7386,19.7984,100.0000,0.764316,19665728305,15030832390,68813552546,25819862694,2026-09-14T13:39:59.321937+00:00,True,HIST_PROJECT/reports/topdown-campaign/topdown-l1-windows.csv,exact_worker_main_tid,"100.00 (verified on a3-22 raw.csv, 724/724 rows)"
qwen3next-80b.tp4.graph.mtp-off,qwen3next-80b,TP4,FULL_DECODE_ONLY,off,3,2,tdb_qwen3next-80b_tp4_graph_mtp-off_p2_20260914T140746Z_0,1115489,58.6741,8.7207,12.5087,20.0966,100.0000,0.750520,20174989276,15141742894,71024941802,25698128623,2026-09-14T14:18:43.161879+00:00,True,HIST_PROJECT/reports/topdown-campaign/topdown-l1-windows.csv,exact_worker_main_tid,"100.00 (verified on a3-22 raw.csv, 724/724 rows)"
qwen3next-80b.tp4.graph.mtp-off,qwen3next-80b,TP4,FULL_DECODE_ONLY,off,3,3,tdb_qwen3next-80b_tp4_graph_mtp-off_a321f_20260914T132734Z_0,924459,58.8071,9.2182,13.0552,18.9195,100.0000,0.783314,19200317492,15039877634,67746891159,25659435120,2026-09-14T13:42:37.636465+00:00,True,HIST_PROJECT/reports/topdown-campaign/topdown-l1-windows.csv,exact_worker_main_tid,"100.00 (verified on a3-22 raw.csv, 724/724 rows)"
qwen3next-80b.tp4.graph.mtp-on,qwen3next-80b,TP4,FULL_DECODE_ONLY,on,0,1,tdb_qwen3next-80b_tp4_graph_mtp-on_a321g_20260914T134744Z_0,983093,35.6317,5.4638,16.8072,42.0973,100.0000,1.008431,71200427551,71800706925,152219333891,95142374989,2026-09-14T13:55:34.482242+00:00,True,HIST_PROJECT/reports/topdown-campaign/topdown-l1-windows.csv,exact_worker_main_tid,"100.00 (verified on a3-22 raw.csv, 724/724 rows)"
qwen3next-80b.tp4.graph.mtp-on,qwen3next-80b,TP4,FULL_DECODE_ONLY,on,0,1,tdb_qwen3next-80b_tp4_graph_mtp-on_p2_20260914T140746Z_1,1114793,35.6987,5.1347,16.7257,42.4410,100.0000,1.003543,71182224328,71434406442,152466582579,93364240936,2026-09-14T14:15:43.612567+00:00,True,HIST_PROJECT/reports/topdown-campaign/topdown-l1-windows.csv,exact_worker_main_tid,"100.00 (verified on a3-22 raw.csv, 724/724 rows)"
qwen3next-80b.tp4.graph.mtp-on,qwen3next-80b,TP4,FULL_DECODE_ONLY,on,0,2,tdb_qwen3next-80b_tp4_graph_mtp-on_a321g_20260914T134744Z_0,983093,35.9142,5.4264,16.6594,41.9999,100.0000,0.999567,71218342733,71187485193,153465087132,94375110270,2026-09-14T13:56:36.313728+00:00,True,HIST_PROJECT/reports/topdown-campaign/topdown-l1-windows.csv,exact_worker_main_tid,"100.00 (verified on a3-22 raw.csv, 724/724 rows)"
qwen3next-80b.tp4.graph.mtp-on,qwen3next-80b,TP4,FULL_DECODE_ONLY,on,0,2,tdb_qwen3next-80b_tp4_graph_mtp-on_p2_20260914T140746Z_1,1114793,34.2249,5.1042,17.1184,43.5525,100.0000,1.027101,71070328470,72996440904,145942333063,94762076333,2026-09-14T14:16:45.677422+00:00,True,HIST_PROJECT/reports/topdown-campaign/topdown-l1-windows.csv,exact_worker_main_tid,"100.00 (verified on a3-22 raw.csv, 724/724 rows)"
qwen3next-80b.tp4.graph.mtp-on,qwen3next-80b,TP4,FULL_DECODE_ONLY,on,0,3,tdb_qwen3next-80b_tp4_graph_mtp-on_a321g_20260914T134744Z_0,983093,36.4575,5.3826,16.5611,41.5988,100.0000,0.993667,71249746330,70798507638,155855066370,93809018668,2026-09-14T13:57:32.895895+00:00,True,HIST_PROJECT/reports/topdown-campaign/topdown-l1-windows.csv,exact_worker_main_tid,"100.00 (verified on a3-22 raw.csv, 724/724 rows)"
qwen3next-80b.tp4.graph.mtp-on,qwen3next-80b,TP4,FULL_DECODE_ONLY,on,1,1,tdb_qwen3next-80b_tp4_graph_mtp-on_a321g_20260914T134744Z_0,983324,34.3504,5.0871,17.0516,43.5109,100.0000,1.023096,71617014983,73271080326,147604281855,95130396500,2026-09-14T13:55:34.482330+00:00,True,HIST_PROJECT/reports/topdown-campaign/topdown-l1-windows.csv,exact_worker_main_tid,"100.00 (verified on a3-22 raw.csv, 724/724 rows)"
qwen3next-80b.tp4.graph.mtp-on,qwen3next-80b,TP4,FULL_DECODE_ONLY,on,1,1,tdb_qwen3next-80b_tp4_graph_mtp-on_p2_20260914T140746Z_1,1115249,33.6576,4.8958,17.5521,43.8945,100.0000,1.053124,71615754243,75420275385,144624937668,96457400428,2026-09-14T14:15:43.612875+00:00,True,HIST_PROJECT/reports/topdown-campaign/topdown-l1-windows.csv,exact_worker_main_tid,"100.00 (verified on a3-22 raw.csv, 724/724 rows)"
qwen3next-80b.tp4.graph.mtp-on,qwen3next-80b,TP4,FULL_DECODE_ONLY,on,1,2,tdb_qwen3next-80b_tp4_graph_mtp-on_a321g_20260914T134744Z_0,983324,34.0291,5.0990,16.9492,43.9227,100.0000,1.016953,71559383788,72772536670,146106233110,94665365791,2026-09-14T13:56:36.316613+00:00,True,HIST_PROJECT/reports/topdown-campaign/topdown-l1-windows.csv,exact_worker_main_tid,"100.00 (verified on a3-22 raw.csv, 724/724 rows)"
qwen3next-80b.tp4.graph.mtp-on,qwen3next-80b,TP4,FULL_DECODE_ONLY,on,1,2,tdb_qwen3next-80b_tp4_graph_mtp-on_p2_20260914T140746Z_1,1115249,35.2905,4.9694,16.6545,43.0856,100.0000,0.999270,71582833433,71530566792,151571762776,92873919474,2026-09-14T14:16:45.680225+00:00,True,HIST_PROJECT/reports/topdown-campaign/topdown-l1-windows.csv,exact_worker_main_tid,"100.00 (verified on a3-22 raw.csv, 724/724 rows)"
qwen3next-80b.tp4.graph.mtp-on,qwen3next-80b,TP4,FULL_DECODE_ONLY,on,1,3,tdb_qwen3next-80b_tp4_graph_mtp-on_a321g_20260914T134744Z_0,983324,32.8786,5.0559,17.3795,44.6859,100.0000,1.042771,71498010970,74556074939,141045280745,96245410467,2026-09-14T13:57:32.895991+00:00,True,HIST_PROJECT/reports/topdown-campaign/topdown-l1-windows.csv,exact_worker_main_tid,"100.00 (verified on a3-22 raw.csv, 724/724 rows)"
qwen3next-80b.tp4.graph.mtp-on,qwen3next-80b,TP4,FULL_DECODE_ONLY,on,2,1,tdb_qwen3next-80b_tp4_graph_mtp-on_a321g_20260914T134744Z_0,983925,36.8894,5.0986,16.5554,41.4566,100.0000,0.993326,71546980354,71069460403,158359576249,92956781663,2026-09-14T13:55:34.480571+00:00,True,HIST_PROJECT/reports/topdown-campaign/topdown-l1-windows.csv,exact_worker_main_tid,"100.00 (verified on a3-22 raw.csv, 724/724 rows)"
qwen3next-80b.tp4.graph.mtp-on,qwen3next-80b,TP4,FULL_DECODE_ONLY,on,2,1,tdb_qwen3next-80b_tp4_graph_mtp-on_p2_20260914T140746Z_1,1115771,33.7059,5.2394,17.2750,43.7797,100.0000,1.036497,71579287434,74191746707,144758745024,96693616558,2026-09-14T14:15:43.609332+00:00,True,HIST_PROJECT/reports/topdown-campaign/topdown-l1-windows.csv,exact_worker_main_tid,"100.00 (verified on a3-22 raw.csv, 724/724 rows)"
qwen3next-80b.tp4.graph.mtp-on,qwen3next-80b,TP4,FULL_DECODE_ONLY,on,2,2,tdb_qwen3next-80b_tp4_graph_mtp-on_a321g_20260914T134744Z_0,983925,34.6760,5.0971,16.9924,43.2344,100.0000,1.019544,71519725087,72917505282,148801211726,94790271435,2026-09-14T13:56:36.313703+00:00,True,HIST_PROJECT/reports/topdown-campaign/topdown-l1-windows.csv,exact_worker_main_tid,"100.00 (verified on a3-22 raw.csv, 724/724 rows)"
qwen3next-80b.tp4.graph.mtp-on,qwen3next-80b,TP4,FULL_DECODE_ONLY,on,2,2,tdb_qwen3next-80b_tp4_graph_mtp-on_p2_20260914T140746Z_1,1115771,32.8302,5.1478,17.6177,44.4043,100.0000,1.057060,71499519946,75579259447,140840558139,97663277324,2026-09-14T14:16:45.679734+00:00,True,HIST_PROJECT/reports/topdown-campaign/topdown-l1-windows.csv,exact_worker_main_tid,"100.00 (verified on a3-22 raw.csv, 724/724 rows)"
qwen3next-80b.tp4.graph.mtp-on,qwen3next-80b,TP4,FULL_DECODE_ONLY,on,2,3,tdb_qwen3next-80b_tp4_graph_mtp-on_a321g_20260914T134744Z_0,983925,35.8928,4.9990,16.7339,42.3744,100.0000,1.004032,71525376031,71813792814,154034596686,93267113087,2026-09-14T13:57:32.896305+00:00,True,HIST_PROJECT/reports/topdown-campaign/topdown-l1-windows.csv,exact_worker_main_tid,"100.00 (verified on a3-22 raw.csv, 724/724 rows)"
qwen3next-80b.tp4.graph.mtp-on,qwen3next-80b,TP4,FULL_DECODE_ONLY,on,3,1,tdb_qwen3next-80b_tp4_graph_mtp-on_a321g_20260914T134744Z_0,984188,35.2567,5.2225,17.0534,42.4674,100.0000,1.023206,71577553607,73238549764,151415131049,95667262032,2026-09-14T13:55:34.480573+00:00,True,HIST_PROJECT/reports/topdown-campaign/topdown-l1-windows.csv,exact_worker_main_tid,"100.00 (verified on a3-22 raw.csv, 724/724 rows)"
qwen3next-80b.tp4.graph.mtp-on,qwen3next-80b,TP4,FULL_DECODE_ONLY,on,3,1,tdb_qwen3next-80b_tp4_graph_mtp-on_p2_20260914T140746Z_1,1116228,36.9887,4.8569,16.6296,41.5247,100.0000,0.997778,71610571512,71451445442,158927064618,92319923940,2026-09-14T14:15:43.609332+00:00,True,HIST_PROJECT/reports/topdown-campaign/topdown-l1-windows.csv,exact_worker_main_tid,"100.00 (verified on a3-22 raw.csv, 724/724 rows)"
qwen3next-80b.tp4.graph.mtp-on,qwen3next-80b,TP4,FULL_DECODE_ONLY,on,3,2,tdb_qwen3next-80b_tp4_graph_mtp-on_a321g_20260914T134744Z_0,984188,36.5341,5.0925,16.8273,41.5461,100.0000,1.009639,71530558411,72220076749,156798137467,94076303374,2026-09-14T13:56:36.313719+00:00,True,HIST_PROJECT/reports/topdown-campaign/topdown-l1-windows.csv,exact_worker_main_tid,"100.00 (verified on a3-22 raw.csv, 724/724 rows)"
qwen3next-80b.tp4.graph.mtp-on,qwen3next-80b,TP4,FULL_DECODE_ONLY,on,3,2,tdb_qwen3next-80b_tp4_graph_mtp-on_p2_20260914T140746Z_1,1116228,36.9378,4.8292,16.5352,41.6978,100.0000,0.992114,71569998305,71005597665,158618120413,91743127391,2026-09-14T14:16:45.677422+00:00,True,HIST_PROJECT/reports/topdown-campaign/topdown-l1-windows.csv,exact_worker_main_tid,"100.00 (verified on a3-22 raw.csv, 724/724 rows)"
qwen3next-80b.tp4.graph.mtp-on,qwen3next-80b,TP4,FULL_DECODE_ONLY,on,3,3,tdb_qwen3next-80b_tp4_graph_mtp-on_a321g_20260914T134744Z_0,984188,34.8548,5.1624,16.8717,43.1111,100.0000,1.012300,71529813370,72409632058,149589541525,94565713740,2026-09-14T13:57:32.895892+00:00,True,HIST_PROJECT/reports/topdown-campaign/topdown-l1-windows.csv,exact_worker_main_tid,"100.00 (verified on a3-22 raw.csv, 724/724 rows)"
