group,run,step_idx,phase,num_reqs,total_num_scheduled_tokens,decode_us,update_states_us,prepare_inputs_us,total_us,update_states_cpu_us,prepare_inputs_cpu_us,total_cpu_us
shuffled,0,0,prefill,1,4096,628.13,374.63,206.66,1217.55,374.23,206.43,1215.15
shuffled,0,1,decode,1,1,116.4,20.73,95.98,242.41,20.42,96.15,241.07
shuffled,0,2,decode,1,1,94.63,8.26,71.39,178.32,8.13,71.77,178.34
shuffled,0,3,decode,1,1,88.98,9.85,67.72,170.22,9.79,67.71,169.91
shuffled,0,4,mixed,2,4097,489.28,333.23,169.79,997.25,332.45,169.81,997.86
shuffled,0,5,decode,2,2,108.89,20.16,93.63,230.64,19.81,93.82,229.74
shuffled,0,6,mixed,3,4098,472.11,343.25,164.62,985.67,342.76,164.82,996.14
shuffled,0,7,mixed,4,2051,497.86,331.06,139.44,977.42,330.58,139.35,971.42
shuffled,0,8,decode,4,4,105.74,21.82,87.48,222.42,21.0,88.0,221.97
shuffled,0,9,decode,4,4,91.35,12.74,69.88,178.61,12.74,69.94,178.66
shuffled,0,10,mixed,5,2052,464.88,307.28,145.82,924.05,298.55,146.02,916.6
shuffled,0,11,mixed,6,2053,470.68,292.7,137.01,907.87,292.17,136.8,907.82
shuffled,0,12,decode,6,6,108.15,24.17,90.77,232.48,23.72,91.0,231.82
shuffled,0,13,decode,6,6,94.69,13.76,70.57,183.16,13.64,70.8,183.21
shuffled,0,14,decode,6,6,92.38,13.25,70.13,179.71,13.1,70.48,179.88
shuffled,0,15,decode,6,6,92.3,13.29,66.7,176.05,13.18,67.02,176.0
shuffled,0,16,mixed,7,4102,470.26,346.08,164.29,986.2,344.91,164.73,986.73
shuffled,0,17,decode,7,7,106.63,27.18,93.01,234.65,26.93,92.98,234.01
shuffled,0,18,mixed,8,4103,470.71,335.69,165.37,978.31,334.75,165.55,978.85
shuffled,0,19,decode,8,8,110.49,25.63,92.37,236.44,25.48,92.4,235.96
shuffled,0,20,mixed,9,2056,458.59,282.91,133.95,881.05,292.55,133.66,891.76
shuffled,0,21,decode,9,9,108.26,28.44,88.06,231.91,28.19,88.25,231.26
shuffled,0,22,decode,9,9,97.13,16.22,74.02,191.65,16.08,74.22,191.57
shuffled,0,23,mixed,10,2057,460.46,277.05,135.35,878.38,276.39,135.46,879.04
shuffled,0,24,decode,10,10,106.44,27.17,87.65,228.32,26.8,88.06,228.05
shuffled,0,25,decode,10,10,114.71,18.25,70.84,209.09,17.69,71.02,199.15
shuffled,0,26,decode,10,10,89.65,17.64,68.45,180.33,17.44,68.68,180.15
shuffled,0,27,decode,10,10,89.77,18.93,66.05,177.92,18.76,66.24,177.97
shuffled,0,28,decode,10,10,89.83,16.31,66.64,175.89,16.13,66.93,175.93
shuffled,0,29,decode,10,10,87.81,16.44,64.23,171.53,16.34,64.51,171.65
shuffled,0,30,mixed,11,4106,466.64,321.61,161.03,954.3,320.84,161.11,954.85
shuffled,0,31,decode,11,11,104.02,28.08,83.16,222.13,27.76,83.59,221.51
shuffled,0,32,decode,11,11,93.54,17.95,66.64,181.88,17.7,66.84,181.82
shuffled,0,33,mixed,12,2059,440.58,263.15,124.32,832.48,261.82,124.3,833.01
shuffled,0,34,mixed,13,4108,438.76,311.24,151.93,909.87,309.92,151.92,909.55
shuffled,0,35,decode,13,13,114.15,29.1,83.19,234.01,28.67,83.43,232.14
shuffled,0,36,decode,13,13,89.85,19.57,63.64,176.65,19.4,63.88,176.72
shuffled,0,37,decode,13,13,85.62,19.32,60.62,168.35,19.21,60.82,168.45
shuffled,0,38,decode,13,13,84.66,18.51,59.14,165.41,18.42,59.3,165.42
shuffled,0,39,mixed,14,2061,428.83,268.86,132.78,834.98,267.71,132.96,835.71
shuffled,0,40,decode,14,14,105.95,31.31,84.75,229.72,30.99,84.88,228.79
shuffled,0,41,decode,14,14,90.02,20.1,64.06,177.96,20.02,64.3,177.85
shuffled,0,42,mixed,15,2062,431.94,258.34,124.51,819.59,257.17,124.34,819.92
shuffled,0,43,mixed,16,4111,444.95,284.47,152.77,890.24,283.49,152.62,889.83
shuffled,0,44,decode,16,16,106.15,49.03,92.22,254.49,36.39,92.04,241.01
shuffled,0,45,decode,16,16,92.44,22.51,64.83,183.37,22.4,64.98,183.25
shuffled,0,46,decode,16,16,90.99,22.53,65.27,182.36,22.3,65.46,182.2
shuffled,0,47,decode,16,16,85.15,26.88,64.08,179.31,26.85,64.2,179.42
shuffled,0,48,decode,16,16,91.45,21.94,62.93,179.42,21.73,63.17,179.44
shuffled,0,49,decode,16,16,84.41,21.65,59.96,168.99,21.52,60.06,168.98
shuffled,0,50,decode,16,16,82.8,21.09,58.88,165.69,20.97,59.05,165.68
shuffled,0,51,mixed,17,2064,439.58,258.56,126.27,829.47,257.47,126.17,829.83
shuffled,0,52,decode,17,17,106.64,33.23,82.95,229.99,32.89,83.15,229.41
shuffled,0,53,decode,17,17,90.25,36.67,91.4,221.85,27.87,91.72,213.43
shuffled,0,54,decode,17,17,89.24,22.88,63.38,178.7,22.85,63.5,178.65
shuffled,0,55,decode,17,17,86.34,22.41,60.85,172.79,22.36,60.98,172.78
shuffled,0,56,decode,17,17,84.53,22.23,58.99,168.63,22.09,59.22,168.68
shuffled,0,57,decode,17,17,83.84,22.4,58.07,167.25,22.28,58.34,167.4
shuffled,0,58,decode,17,17,87.98,23.09,63.42,177.78,22.95,63.59,177.79
shuffled,0,59,decode,17,17,84.55,31.26,86.45,205.17,25.75,86.91,200.14
shuffled,0,60,decode,17,17,86.57,23.69,63.27,176.65,23.61,63.44,176.52
shuffled,0,61,decode,17,17,84.49,22.51,60.23,170.53,22.35,60.58,170.33
shuffled,0,62,decode,17,17,84.18,21.95,60.46,169.7,21.88,60.62,169.37
shuffled,0,63,decode,17,17,83.76,22.21,58.96,167.67,22.14,59.14,167.75
shuffled,0,64,mixed,18,4113,447.09,303.78,171.74,927.03,302.01,163.43,919.21
shuffled,0,65,decode,18,18,107.01,33.12,81.18,228.97,32.87,81.33,228.28
shuffled,0,66,decode,18,18,91.37,24.44,63.28,182.39,24.3,63.58,182.41
shuffled,0,67,decode,18,18,90.74,24.63,67.15,186.19,24.76,67.08,185.99
shuffled,0,68,decode,18,18,93.64,26.96,73.81,198.43,26.76,74.05,198.22
shuffled,0,69,decode,18,18,89.93,23.48,75.54,192.08,23.4,75.76,192.2
shuffled,0,70,mixed,19,4114,464.87,322.7,160.63,953.62,321.97,160.62,954.37
shuffled,0,71,decode,19,19,114.07,38.97,91.04,252.21,38.76,91.3,251.36
shuffled,0,72,decode,19,19,93.42,27.02,69.4,193.47,26.64,69.68,193.59
shuffled,0,73,decode,19,19,90.44,26.11,67.93,187.99,25.82,68.12,187.8
shuffled,0,74,decode,19,19,90.95,27.5,72.48,194.21,27.41,72.99,194.49
shuffled,0,75,decode,19,19,91.28,26.33,77.73,199.26,26.36,78.24,199.24
shuffled,0,76,decode,19,19,96.72,26.07,77.67,204.44,25.99,77.94,204.17
shuffled,0,77,mixed,20,2067,490.27,272.01,138.47,905.92,270.29,138.52,911.19
shuffled,0,78,decode,20,20,125.06,43.15,100.31,277.69,43.04,100.35,276.61
shuffled,0,79,mixed,21,2068,480.66,286.26,142.56,914.56,285.77,142.15,915.07
shuffled,0,80,decode,21,21,125.35,42.84,105.77,282.15,42.9,105.72,279.56
shuffled,0,81,decode,21,21,104.37,33.97,79.63,222.18,33.77,79.71,222.0
shuffled,0,82,decode,21,21,103.58,29.34,82.58,220.13,29.19,82.84,219.18
shuffled,0,83,mixed,22,4117,502.82,336.3,179.05,1024.62,335.33,179.3,1024.46
shuffled,0,84,decode,22,22,122.38,42.3,106.51,280.26,41.95,106.92,279.36
shuffled,0,85,decode,22,22,97.29,29.29,71.9,202.88,29.13,72.24,202.52
shuffled,0,86,decode,22,22,90.6,27.94,94.75,216.93,27.92,84.43,206.46
shuffled,0,87,decode,22,22,93.73,28.8,71.9,198.65,28.92,71.82,198.18
shuffled,0,88,decode,22,22,90.68,28.1,68.03,190.14,28.17,68.06,190.18
shuffled,0,89,decode,22,22,90.77,27.53,68.24,189.86,27.52,68.37,189.79
shuffled,0,90,mixed,23,4118,464.23,310.29,189.28,969.33,309.01,177.4,957.99
shuffled,0,91,decode,23,23,111.14,41.9,94.69,255.74,41.67,94.8,254.8
shuffled,0,92,decode,23,23,94.5,29.17,70.38,198.47,29.04,70.66,198.14
shuffled,0,93,decode,23,23,97.87,40.26,116.25,258.4,33.92,116.17,252.04
shuffled,0,94,mixed,24,2071,498.11,281.28,138.55,923.59,279.81,138.26,923.41
shuffled,0,95,decode,24,24,107.41,41.26,91.02,248.25,41.03,91.27,247.0
shuffled,0,96,mixed,25,2072,470.79,284.02,132.58,893.73,282.67,132.33,893.68
shuffled,0,97,mixed,26,2073,525.78,276.5,136.76,948.49,274.72,136.67,931.82
shuffled,0,98,decode,26,26,121.37,44.14,96.14,270.7,43.61,96.44,269.66
shuffled,0,99,mixed,27,2074,518.4,259.64,134.46,919.49,258.72,134.34,906.57
shuffled,0,100,decode,27,27,120.05,44.74,91.11,264.56,44.55,91.33,263.59
shuffled,0,101,decode,27,27,100.69,32.91,67.63,206.09,32.8,67.8,205.79
shuffled,0,102,mixed,28,2075,454.53,262.66,134.76,858.55,261.34,134.61,858.48
shuffled,0,103,decode,28,28,128.03,47.54,94.47,279.44,47.16,94.75,277.9
shuffled,0,104,decode,28,28,107.53,35.18,81.21,229.99,35.11,81.45,229.39
shuffled,0,105,decode,28,28,100.75,33.91,68.63,207.69,33.67,68.95,207.38
shuffled,0,106,decode,28,28,95.07,34.02,67.93,201.02,33.64,68.42,200.96
shuffled,0,107,decode,28,28,95.96,33.71,69.79,203.55,33.6,70.32,203.58
shuffled,0,108,decode,28,28,99.15,35.31,78.55,218.0,35.16,78.68,217.39
shuffled,0,109,decode,28,28,93.8,32.88,67.48,198.07,32.75,67.65,197.99
shuffled,0,110,mixed,29,2076,605.75,285.41,140.76,1038.05,283.84,140.64,1038.22
shuffled,0,111,decode,29,29,119.21,48.01,97.11,273.75,47.95,97.21,272.45
shuffled,0,112,decode,29,29,101.12,35.72,74.26,215.92,35.55,74.56,215.57
shuffled,0,113,decode,29,29,136.23,46.62,73.71,261.85,46.09,73.94,244.49
shuffled,0,114,decode,29,29,94.81,34.5,68.9,202.96,34.43,69.13,202.69
shuffled,0,115,decode,29,29,94.9,35.2,70.07,205.12,34.86,70.44,204.52
shuffled,0,116,decode,29,29,97.02,34.05,72.33,207.79,33.92,72.58,207.47
shuffled,0,117,decode,29,29,92.95,54.36,95.5,246.76,46.23,95.77,239.36
shuffled,0,118,decode,29,29,92.87,34.93,67.6,199.52,34.87,67.68,199.29
shuffled,0,119,decode,29,29,90.58,34.75,65.92,195.14,44.37,66.07,204.85
shuffled,0,120,decode,29,29,90.11,34.58,64.29,192.16,34.39,64.46,192.07
shuffled,0,121,mixed,30,2077,613.85,289.18,140.78,1049.77,287.92,140.78,1036.66
shuffled,0,122,decode,30,30,109.48,46.96,88.82,254.02,46.51,88.97,253.38
shuffled,0,123,mixed,31,2078,531.64,281.95,131.56,951.34,280.51,131.56,938.58
shuffled,0,124,decode,31,31,115.68,48.01,88.85,261.48,47.81,89.03,260.26
shuffled,0,125,decode,31,31,105.26,38.84,79.34,228.41,38.67,79.54,228.33
shuffled,0,126,decode,31,31,97.63,37.27,66.98,206.0,37.08,67.17,205.74
shuffled,0,127,decode,31,31,96.93,37.34,69.08,207.86,37.18,69.38,207.6
shuffled,0,128,decode,31,31,95.91,36.53,68.78,205.12,36.46,69.0,205.09
shuffled,0,129,decode,31,31,100.24,43.17,70.92,218.95,43.02,71.04,218.49
shuffled,0,130,mixed,32,2079,515.18,289.48,128.58,939.56,288.25,128.34,939.64
shuffled,0,131,mixed,33,2080,473.97,259.65,131.92,875.1,258.53,131.5,874.26
shuffled,0,132,decode,33,33,119.74,50.9,93.26,272.84,50.63,93.54,272.16
shuffled,0,133,decode,33,33,103.56,45.12,77.79,231.5,45.1,77.94,231.21
shuffled,0,134,decode,33,33,96.55,37.79,66.32,204.86,37.71,66.57,204.66
shuffled,0,135,decode,33,33,95.89,43.16,65.34,208.21,43.19,65.51,208.27
shuffled,0,136,mixed,34,2081,497.39,285.63,133.7,923.54,284.36,133.41,923.45
shuffled,0,137,decode,34,34,120.86,50.22,89.03,268.71,49.92,89.26,267.91
shuffled,0,138,decode,34,34,110.21,40.42,75.86,231.12,40.2,76.06,230.68
shuffled,0,139,mixed,36,4130,818.25,515.81,162.48,1502.91,512.59,162.28,1501.59
shuffled,0,140,decode,36,36,125.11,60.04,97.01,292.96,59.6,97.29,291.59
shuffled,0,141,decode,36,36,105.38,42.09,77.73,230.68,42.1,77.94,230.6
shuffled,0,142,decode,36,36,100.44,40.75,68.02,213.52,40.48,68.39,213.59
shuffled,0,143,mixed,37,4132,462.23,315.57,161.81,945.5,314.2,161.88,945.85
shuffled,0,144,decode,37,37,120.73,54.33,93.38,277.06,54.09,93.62,276.06
shuffled,0,145,mixed,38,4133,454.24,305.99,194.17,960.31,304.69,176.78,943.52
shuffled,0,146,decode,38,38,115.07,53.97,90.65,267.77,53.69,90.8,266.65
shuffled,0,147,decode,38,38,102.88,48.49,69.93,225.55,48.39,70.04,225.29
shuffled,0,148,decode,38,38,100.89,44.29,74.64,224.73,44.14,74.91,224.35
shuffled,0,149,decode,38,38,101.03,47.57,71.92,224.58,47.44,72.15,224.54
shuffled,0,150,decode,38,38,99.52,43.3,71.04,217.93,43.16,71.28,217.87
shuffled,0,151,mixed,39,4134,468.98,300.78,157.79,933.91,299.67,158.05,934.09
shuffled,0,152,decode,39,39,137.82,76.41,94.15,318.31,75.9,94.16,309.55
shuffled,0,153,decode,39,39,103.47,43.87,70.81,222.75,43.81,71.02,222.61
shuffled,0,154,mixed,41,6183,792.86,524.32,194.11,1516.81,523.09,193.92,1517.39
shuffled,0,155,decode,41,41,146.89,77.19,97.54,334.73,76.7,97.57,326.87
shuffled,0,156,decode,41,41,104.49,46.84,72.56,228.4,46.83,72.72,228.41
shuffled,0,157,mixed,42,4137,454.44,296.05,156.68,912.67,294.77,156.72,913.25
shuffled,0,158,decode,42,42,126.67,64.98,95.44,296.77,64.73,95.56,295.3
shuffled,0,159,decode,42,42,108.69,53.4,75.78,242.58,53.33,75.87,242.39
shuffled,0,160,decode,42,42,104.5,46.92,75.19,231.46,46.8,75.45,231.15
shuffled,0,161,decode,42,42,100.1,46.25,68.75,218.77,46.07,68.92,218.67
shuffled,0,162,decode,42,42,100.81,52.88,71.35,228.71,52.79,71.41,228.48
shuffled,0,163,mixed,43,2090,497.06,285.45,131.14,919.86,284.25,131.27,919.89
shuffled,0,164,mixed,44,2091,530.41,281.91,131.54,951.99,281.0,131.14,943.86
shuffled,0,165,decode,44,44,125.14,58.66,91.74,284.13,58.36,91.98,283.45
shuffled,0,166,mixed,45,4140,479.97,315.71,162.23,964.57,314.07,162.35,964.57
shuffled,0,167,decode,45,45,123.61,61.63,94.2,288.15,61.12,94.34,286.93
shuffled,0,168,decode,45,45,106.7,54.32,72.01,237.6,54.2,72.12,237.48
shuffled,0,169,decode,45,45,108.55,53.59,77.03,243.62,53.47,77.1,243.38
shuffled,0,170,decode,45,45,105.82,49.29,74.86,234.81,49.21,74.99,234.44
shuffled,0,171,decode,45,45,102.3,54.56,69.93,230.44,54.63,69.93,230.5
shuffled,0,172,mixed,46,4141,510.91,332.47,207.83,1057.23,330.87,200.31,1049.89
shuffled,0,173,mixed,47,4142,501.75,332.98,169.1,1013.69,332.12,168.56,1013.09
shuffled,0,174,decode,47,47,136.54,67.61,115.0,329.39,67.14,115.43,328.25
shuffled,0,175,decode,47,47,135.21,52.82,92.83,286.55,52.47,93.1,285.67
shuffled,0,176,mixed,48,2095,528.7,298.48,145.1,978.89,297.14,144.9,979.27
shuffled,0,177,mixed,49,4144,518.48,331.76,173.59,1034.37,330.07,173.75,1033.32
shuffled,0,178,decode,49,49,136.69,70.22,116.39,333.0,70.02,116.32,331.52
shuffled,0,179,decode,49,49,113.93,53.63,93.15,266.21,53.4,93.43,265.51
shuffled,0,180,decode,49,49,118.57,61.55,87.09,272.85,61.3,87.43,272.31
shuffled,0,181,decode,49,49,109.97,53.53,78.35,247.11,53.43,78.62,246.76
shuffled,0,182,decode,49,49,106.65,52.93,81.43,245.42,52.85,81.61,244.9
shuffled,0,183,decode,49,49,113.12,53.39,88.84,261.57,53.18,89.11,260.41
shuffled,0,184,decode,49,49,109.42,51.49,81.21,246.91,51.32,81.54,246.71
shuffled,0,185,decode,49,49,108.76,51.42,103.09,267.96,51.32,95.75,259.88
shuffled,0,186,decode,49,49,106.0,53.31,84.37,248.68,53.2,84.5,248.39
shuffled,0,187,decode,49,49,107.24,53.24,75.38,240.28,53.08,75.5,239.61
shuffled,0,188,mixed,50,4145,575.81,327.58,166.96,1076.86,325.94,167.23,1077.1
shuffled,0,189,decode,50,50,129.26,66.15,98.1,302.51,66.02,97.98,301.26
shuffled,0,190,decode,50,50,108.2,53.13,77.76,243.52,52.94,77.96,243.33
shuffled,0,191,decode,50,50,108.08,52.9,75.83,240.98,52.87,76.0,240.96
shuffled,0,192,decode,50,50,117.69,54.04,86.89,264.13,53.84,87.11,263.31
shuffled,0,193,mixed,51,2098,553.43,296.53,141.08,997.74,294.91,141.22,1003.93
shuffled,0,194,decode,51,51,126.47,65.75,96.93,298.27,65.47,97.2,297.48
shuffled,0,195,mixed,52,4147,556.9,319.17,162.41,1044.87,317.68,162.5,1034.83
shuffled,0,196,mixed,53,4148,1071.82,321.41,216.26,1621.99,320.35,216.51,1606.34
shuffled,0,197,mixed,54,4149,755.24,323.94,166.3,1255.1,322.68,166.4,1249.26
shuffled,0,198,decode,54,54,152.49,68.78,100.66,331.54,68.29,101.01,331.02
shuffled,0,199,mixed,55,4150,490.3,309.54,164.42,970.36,317.72,164.52,980.37
shuffled,0,200,decode,55,55,140.5,73.27,107.05,329.8,73.13,107.1,328.87
shuffled,0,201,decode,55,55,122.0,61.84,87.18,276.69,61.69,87.81,276.48
shuffled,0,202,decode,55,55,117.63,62.11,90.24,274.95,62.02,90.45,274.44
shuffled,0,203,decode,55,55,117.29,59.41,88.67,269.89,59.35,88.88,269.95
shuffled,0,204,decode,55,55,116.46,61.16,88.38,270.95,60.98,88.52,270.58
shuffled,0,205,decode,55,55,115.86,61.61,84.64,266.58,61.55,84.84,266.26
shuffled,0,206,decode,55,55,121.1,68.57,89.16,283.68,68.65,89.0,283.42
shuffled,0,207,decode,55,55,114.37,60.55,84.68,264.97,60.47,84.82,264.37
shuffled,0,208,mixed,56,4151,555.28,334.01,177.59,1074.1,333.12,177.44,1066.79
shuffled,0,209,mixed,57,2104,503.65,336.98,144.25,994.69,322.26,143.73,979.99
shuffled,0,210,decode,57,57,133.43,75.31,104.92,322.74,74.88,105.11,321.98
shuffled,0,211,mixed,58,2105,503.07,299.45,146.42,956.15,298.6,146.22,956.05
shuffled,0,212,decode,58,58,136.71,80.12,105.85,331.94,79.23,106.08,331.04
shuffled,0,213,decode,58,58,123.1,65.64,86.45,280.58,65.47,86.96,280.61
shuffled,0,214,decode,58,58,120.79,64.95,88.36,279.07,64.59,88.74,279.02
shuffled,0,215,mixed,59,4154,513.35,363.16,177.15,1060.75,362.26,177.41,1060.92
shuffled,0,216,decode,59,59,139.98,78.33,107.33,334.85,77.89,107.23,333.49
shuffled,0,217,decode,59,59,124.21,66.3,92.46,288.68,66.11,92.53,288.12
shuffled,0,218,mixed,60,2107,550.11,314.67,148.69,1020.5,313.74,148.7,1020.76
shuffled,0,219,decode,60,60,135.54,84.16,104.26,333.75,83.89,104.43,332.7
shuffled,0,220,decode,60,60,125.54,65.3,96.5,292.89,65.11,96.53,292.71
shuffled,0,221,decode,60,60,121.5,65.98,87.45,279.8,65.97,87.46,279.49
shuffled,0,222,decode,60,60,119.18,66.95,92.04,283.29,66.59,92.31,282.88
shuffled,0,223,decode,60,60,120.5,73.85,87.74,286.42,73.88,87.83,286.43
shuffled,0,224,mixed,61,2108,565.54,312.57,146.31,1031.13,311.48,146.43,1024.92
shuffled,0,225,decode,61,61,132.02,92.2,104.65,346.65,92.2,104.73,340.05
shuffled,0,226,mixed,62,4157,521.78,329.93,172.62,1031.28,329.09,172.66,1031.63
shuffled,0,227,decode,62,62,138.94,79.06,103.91,331.17,78.65,103.94,330.31
shuffled,0,228,decode,62,62,117.51,69.88,80.86,273.31,69.73,81.03,272.99
shuffled,0,229,decode,62,62,112.34,63.88,79.49,260.73,63.65,79.79,260.43
shuffled,0,230,decode,62,62,107.64,62.22,73.66,247.55,62.11,73.77,247.54
shuffled,0,231,decode,62,62,113.94,70.0,79.21,268.32,69.89,79.33,267.71
shuffled,0,232,decode,62,62,109.86,63.08,73.68,250.69,62.93,73.96,250.81
shuffled,0,233,decode,62,62,109.23,63.22,81.43,258.72,63.12,81.63,258.29
shuffled,0,234,decode,62,62,107.31,63.47,73.52,248.43,63.24,73.76,248.35
shuffled,0,235,decode,62,62,144.33,68.1,79.68,297.43,67.73,79.84,289.37
shuffled,0,236,decode,62,62,109.08,62.32,74.46,249.95,62.08,74.63,249.87
shuffled,0,237,mixed,63,4158,517.89,373.25,163.98,1061.22,359.27,163.34,1048.66
shuffled,0,238,decode,63,63,128.21,75.65,93.26,305.53,75.01,93.56,304.28
shuffled,0,239,decode,63,63,117.2,70.58,80.64,274.16,70.44,80.96,273.68
shuffled,0,240,mixed,64,4159,501.91,317.44,197.57,1023.47,302.58,197.19,1009.51
shuffled,0,241,decode,64,64,131.06,76.71,94.66,310.68,76.26,94.84,309.71
shuffled,0,242,decode,64,64,122.41,68.36,89.04,285.76,68.06,89.37,285.21
shuffled,0,243,decode,64,64,112.37,65.65,77.35,260.12,65.48,77.63,259.99
shuffled,0,244,decode,64,64,113.43,66.99,83.1,268.67,66.84,83.17,268.43
shuffled,0,245,decode,64,64,121.85,71.21,89.82,288.49,71.14,89.99,287.85
shuffled,0,246,decode,64,64,120.15,69.94,91.19,286.56,69.86,91.29,286.16
shuffled,0,247,decode,64,64,121.0,70.14,96.39,293.21,70.13,96.49,292.5
shuffled,0,248,decode,64,64,124.14,74.2,102.62,307.28,73.63,102.88,306.72
shuffled,0,249,decode,64,64,120.64,70.19,94.51,290.8,70.01,94.92,290.37
shuffled,0,250,decode,64,64,118.96,75.23,87.19,286.84,75.29,87.44,286.55
shuffled,0,251,decode,64,64,120.74,69.44,85.79,281.24,69.42,86.06,280.64
shuffled,0,252,decode,64,64,119.26,74.87,96.94,296.59,74.79,97.22,295.87
shuffled,0,253,decode,64,64,114.03,67.08,95.97,281.99,66.94,96.21,281.76
shuffled,0,254,decode,64,64,117.02,68.3,98.35,289.38,68.05,98.56,288.63
shuffled,0,255,decode,64,64,124.18,67.13,94.59,290.8,66.97,94.93,290.51
shuffled,0,256,decode,63,63,128.1,146.4,96.1,376.94,146.75,95.61,367.8
shuffled,0,257,decode,63,63,123.87,66.62,84.65,280.49,66.13,84.92,280.18
shuffled,0,258,decode,63,63,115.32,65.63,126.68,312.62,65.72,117.89,303.35
shuffled,0,259,decode,63,63,114.9,71.78,88.4,279.9,71.72,88.41,279.4
shuffled,0,260,decode,62,62,115.41,116.21,98.3,335.62,116.17,98.3,334.94
shuffled,0,261,decode,62,62,123.91,64.75,92.68,287.32,64.95,92.81,286.83
shuffled,0,262,decode,61,61,113.87,110.82,90.94,319.99,110.99,90.87,319.63
shuffled,0,263,decode,60,60,121.05,104.08,93.01,323.72,104.16,93.11,323.12
shuffled,0,264,decode,60,60,119.25,62.54,78.46,264.66,62.43,78.72,264.71
shuffled,0,265,decode,60,60,116.29,69.88,98.82,290.46,69.72,99.38,290.16
shuffled,0,266,decode,59,59,114.66,104.8,90.85,315.07,104.82,90.75,314.92
shuffled,0,267,decode,58,58,117.34,102.42,92.36,317.77,102.61,92.31,317.45
shuffled,0,268,decode,58,58,122.3,69.55,76.35,273.3,69.34,76.51,272.94
shuffled,0,269,decode,58,58,110.78,61.32,84.42,261.58,61.15,84.71,261.05
shuffled,0,270,decode,58,58,111.83,59.92,77.02,253.15,59.8,77.25,252.84
shuffled,0,271,decode,58,58,112.48,59.89,80.91,257.81,59.81,81.07,257.41
shuffled,0,272,decode,57,57,113.68,113.51,90.21,322.59,113.56,90.17,322.27
shuffled,0,273,decode,57,57,123.87,59.22,80.49,267.98,58.92,80.78,268.0
shuffled,0,274,decode,56,56,113.35,110.07,85.52,314.34,110.41,85.29,313.85
shuffled,0,275,decode,56,56,109.42,58.13,75.51,247.99,58.09,75.6,247.78
shuffled,0,276,decode,55,55,108.46,98.49,83.58,295.51,98.61,83.59,295.13
shuffled,0,277,decode,55,55,113.62,57.76,80.09,256.49,57.64,80.24,256.04
shuffled,0,278,decode,55,55,108.66,57.95,77.83,249.48,57.72,78.08,249.1
shuffled,0,279,decode,54,54,109.49,97.28,83.94,295.71,97.31,83.87,294.87
shuffled,0,280,decode,54,54,114.95,63.2,76.04,258.81,63.21,76.19,258.72
shuffled,0,281,decode,54,54,112.89,56.48,82.77,257.2,56.34,82.95,266.96
shuffled,0,282,decode,54,54,107.94,55.77,75.05,243.23,55.64,75.31,243.19
shuffled,0,283,decode,54,54,111.05,65.91,107.61,288.53,65.74,95.93,276.67
shuffled,0,284,decode,54,54,110.23,58.29,77.9,251.43,58.14,78.32,251.28
shuffled,0,285,decode,54,54,105.02,57.07,72.82,238.61,56.9,73.16,238.47
shuffled,0,286,decode,53,53,109.69,107.74,85.7,308.04,107.87,85.71,307.62
shuffled,0,287,decode,53,53,113.73,55.16,75.64,249.4,55.05,75.76,249.23
shuffled,0,288,decode,53,53,105.91,88.49,92.42,290.6,76.97,92.34,278.8
shuffled,0,289,decode,52,52,108.3,104.59,86.99,303.99,104.88,86.94,303.84
shuffled,0,290,decode,51,51,110.41,99.96,85.65,300.63,100.08,85.58,300.6
shuffled,0,291,decode,51,51,113.6,54.64,79.56,252.88,54.53,79.7,252.43
shuffled,0,292,decode,51,51,105.17,59.7,72.84,241.67,59.61,72.97,241.66
shuffled,0,293,decode,51,51,104.04,58.08,70.4,236.55,57.98,70.6,236.43
shuffled,0,294,decode,51,51,106.21,54.21,77.6,243.09,54.17,77.75,242.7
shuffled,0,295,decode,50,50,103.84,99.94,77.55,284.9,100.33,77.38,284.99
shuffled,0,296,decode,50,50,117.55,54.26,81.87,259.23,54.12,82.02,258.81
shuffled,0,297,decode,50,50,103.71,52.98,70.38,230.93,52.78,70.59,231.01
shuffled,0,298,decode,49,49,109.73,94.01,87.51,295.53,94.47,87.17,295.12
shuffled,0,299,decode,48,48,114.39,98.7,85.25,303.36,99.05,85.09,303.26
shuffled,0,300,decode,48,48,113.49,52.06,73.72,243.94,51.94,73.88,243.87
shuffled,0,301,decode,48,48,140.99,69.28,74.09,288.75,68.98,74.25,288.6
shuffled,0,302,decode,48,48,104.14,57.58,73.85,240.32,57.41,74.17,240.3
shuffled,0,303,decode,48,48,106.32,51.28,80.04,242.39,51.14,80.22,242.21
shuffled,0,304,decode,48,48,107.95,52.23,81.72,247.49,52.1,81.97,246.8
shuffled,0,305,decode,48,48,107.99,60.54,74.71,247.73,60.31,74.83,247.37
shuffled,0,306,decode,48,48,105.08,56.77,73.86,239.89,56.7,73.99,239.9
shuffled,0,307,decode,47,47,105.78,98.6,89.64,299.16,98.94,89.49,298.6
shuffled,0,308,decode,47,47,109.29,51.4,76.69,243.42,51.21,76.9,242.88
shuffled,0,309,decode,47,47,108.17,72.75,84.4,270.03,60.43,84.4,257.39
shuffled,0,310,decode,47,47,106.95,50.8,79.81,242.49,50.57,80.14,242.27
shuffled,0,311,decode,47,47,102.61,50.46,75.53,233.06,50.31,75.7,232.64
shuffled,0,312,decode,47,47,104.68,50.94,88.94,249.55,50.8,89.27,249.35
shuffled,0,313,decode,47,47,103.93,49.9,76.35,234.83,49.8,76.58,234.6
shuffled,0,314,decode,47,47,101.66,51.21,74.52,231.65,51.16,84.39,240.76
shuffled,0,315,decode,47,47,106.38,49.95,79.18,240.11,49.83,79.43,239.89
shuffled,0,316,decode,47,47,112.98,49.66,75.47,243.15,49.51,75.81,242.96
shuffled,0,317,decode,47,47,110.22,58.07,76.84,249.21,58.08,76.9,249.13
shuffled,0,318,decode,47,47,108.06,51.22,83.05,247.49,51.03,83.36,247.09
shuffled,0,319,decode,47,47,100.07,49.53,74.71,228.68,49.47,74.87,228.26
shuffled,0,320,decode,46,46,101.14,101.15,83.2,290.1,101.4,83.03,289.96
shuffled,0,321,decode,46,46,110.39,50.59,80.34,246.22,50.75,80.21,245.72
shuffled,0,322,decode,46,46,103.17,55.29,74.27,236.54,55.25,74.42,236.51
shuffled,0,323,decode,46,46,107.73,70.58,79.72,262.92,63.49,79.74,255.41
shuffled,0,324,decode,46,46,107.84,56.55,77.87,246.72,56.51,77.99,246.55
shuffled,0,325,decode,46,46,104.38,55.27,72.85,236.68,55.25,73.03,236.47
shuffled,0,326,decode,45,45,117.87,105.8,86.1,315.12,106.13,85.7,314.61
shuffled,0,327,decode,45,45,111.71,48.89,73.66,238.76,48.72,74.17,238.88
shuffled,0,328,decode,45,45,101.7,52.97,70.31,229.09,52.97,70.39,228.61
shuffled,0,329,decode,45,45,103.78,48.61,77.41,234.41,48.45,77.57,234.03
shuffled,0,330,decode,45,45,99.23,48.36,68.36,219.77,48.24,68.56,219.86
shuffled,0,331,decode,45,45,101.41,48.04,72.79,226.13,47.88,72.9,226.0
shuffled,0,332,decode,45,45,101.39,48.14,74.19,228.06,48.08,74.43,227.82
shuffled,0,333,decode,44,44,98.84,92.73,77.15,272.08,93.08,76.9,272.1
shuffled,0,334,decode,44,44,107.59,48.11,69.81,229.6,47.95,69.98,229.59
shuffled,0,335,decode,43,43,101.72,85.37,79.7,271.18,85.42,79.73,270.95
shuffled,0,336,decode,43,43,103.57,47.2,70.57,225.55,47.09,70.74,225.51
shuffled,0,337,decode,43,43,99.53,51.88,68.39,223.59,51.84,68.52,223.59
shuffled,0,338,decode,43,43,103.21,52.49,82.28,242.92,52.46,82.52,242.58
shuffled,0,339,decode,42,42,99.16,90.73,76.41,270.12,90.89,76.33,270.11
shuffled,0,340,decode,42,42,105.76,51.69,68.43,229.66,51.61,68.53,229.62
shuffled,0,341,decode,42,42,103.99,46.9,76.1,231.49,46.82,76.29,231.1
shuffled,0,342,decode,42,42,98.62,45.55,67.7,215.51,45.45,67.86,215.23
shuffled,0,343,decode,42,42,97.26,45.03,67.54,213.19,52.34,67.72,220.51
shuffled,0,344,decode,42,42,104.42,52.11,73.79,234.12,51.97,73.93,234.0
shuffled,0,345,decode,42,42,98.67,47.32,79.93,230.02,46.92,80.21,229.61
shuffled,0,346,decode,41,41,101.34,93.53,89.15,288.73,93.52,89.32,288.24
shuffled,0,347,decode,41,41,109.41,52.77,77.42,244.65,52.67,77.7,244.3
shuffled,0,348,decode,41,41,99.64,46.24,71.11,220.72,46.12,71.27,220.72
shuffled,0,349,decode,41,41,97.36,50.92,74.59,227.08,50.66,74.47,226.64
shuffled,0,350,decode,40,40,102.65,87.17,84.31,279.1,87.12,84.37,278.26
shuffled,0,351,decode,40,40,102.68,45.17,71.19,223.03,45.05,71.12,222.67
shuffled,0,352,decode,39,39,95.44,81.49,78.57,259.36,81.74,78.84,259.36
shuffled,0,353,decode,38,38,107.71,85.86,87.31,285.7,86.16,87.12,285.29
shuffled,0,354,decode,38,38,106.51,42.66,76.97,230.94,42.62,76.99,230.56
shuffled,0,355,decode,37,37,99.35,84.37,75.68,263.67,84.7,75.77,263.18
shuffled,0,356,decode,37,37,103.46,41.62,81.64,231.32,41.49,81.86,231.25
shuffled,0,357,decode,37,37,101.66,42.16,69.88,217.24,41.8,70.07,217.18
shuffled,0,358,decode,36,36,95.29,79.3,76.79,256.13,79.19,76.67,255.01
shuffled,0,359,decode,36,36,106.97,42.22,77.86,231.86,42.11,78.09,231.61
shuffled,0,360,decode,36,36,96.12,40.08,71.83,211.71,40.01,72.09,211.84
shuffled,0,361,decode,36,36,96.07,39.68,74.18,214.37,39.9,73.97,213.83
shuffled,0,362,decode,36,36,97.37,41.48,75.12,217.63,41.53,74.98,217.36
shuffled,0,363,decode,36,36,98.2,40.57,75.26,217.96,40.5,75.52,217.89
shuffled,0,364,decode,36,36,96.78,40.73,70.19,211.82,40.34,70.6,211.52
shuffled,0,365,decode,36,36,94.19,40.01,70.67,208.62,39.98,70.85,208.39
shuffled,0,366,decode,35,35,100.13,90.0,89.75,284.4,90.09,89.72,283.89
shuffled,0,367,decode,35,35,99.92,40.5,69.72,214.35,40.34,69.94,214.11
shuffled,0,368,decode,35,35,94.58,39.31,68.23,205.94,39.19,68.45,205.64
shuffled,0,369,decode,35,35,96.43,60.19,102.75,263.22,48.27,102.11,250.44
shuffled,0,370,decode,35,35,106.41,41.07,84.09,236.14,40.8,84.38,235.89
shuffled,0,371,decode,35,35,98.07,39.74,77.18,219.07,39.85,77.38,218.9
shuffled,0,372,decode,35,35,96.57,39.3,78.04,217.55,39.18,78.87,217.97
shuffled,0,373,decode,35,35,99.4,39.91,83.13,227.07,40.13,83.15,226.74
shuffled,0,374,decode,35,35,97.03,39.82,74.2,214.53,39.5,74.5,214.65
shuffled,0,375,decode,35,35,95.93,39.83,73.96,213.46,39.76,74.16,213.21
shuffled,0,376,decode,35,35,137.6,43.73,76.75,262.85,43.31,76.85,251.18
shuffled,0,377,decode,34,34,100.45,83.37,78.54,266.42,83.7,78.26,266.25
shuffled,0,378,decode,34,34,113.29,40.87,77.29,236.96,40.95,77.21,236.45
shuffled,0,379,decode,33,33,99.79,79.29,87.06,270.48,79.51,82.04,265.41
shuffled,0,380,decode,33,33,99.53,39.35,77.25,221.46,39.39,77.2,221.02
shuffled,0,381,decode,33,33,97.35,37.27,70.75,209.11,37.17,71.01,209.11
shuffled,0,382,decode,33,33,93.58,37.73,69.19,204.26,37.71,69.57,204.22
shuffled,0,383,decode,33,33,97.17,39.73,77.0,218.26,39.68,77.2,217.92
shuffled,0,384,decode,33,33,92.81,37.68,73.05,207.37,37.53,73.25,207.12
shuffled,0,385,decode,33,33,96.04,37.44,74.37,211.6,37.36,74.57,211.43
shuffled,0,386,decode,32,32,93.5,78.7,74.56,250.7,78.89,74.54,250.42
shuffled,0,387,decode,31,31,101.98,68.43,90.11,265.73,68.42,90.42,265.2
shuffled,0,388,decode,31,31,106.11,37.78,80.82,229.88,37.7,81.06,229.31
shuffled,0,389,decode,31,31,97.6,37.32,77.01,215.88,37.02,77.15,215.55
shuffled,0,390,decode,31,31,123.63,40.56,85.47,253.66,40.05,85.69,253.7
shuffled,0,391,decode,31,31,95.18,38.04,74.93,212.37,37.9,75.11,211.82
shuffled,0,392,decode,30,30,94.37,68.17,78.98,245.29,68.03,78.91,245.05
shuffled,0,393,decode,30,30,101.85,35.21,73.58,215.03,34.86,73.86,215.0
shuffled,0,394,decode,30,30,99.4,36.14,79.21,219.32,35.98,79.33,218.81
shuffled,0,395,decode,28,28,93.73,83.12,80.93,261.97,83.22,81.04,261.46
shuffled,0,396,decode,28,28,105.71,35.46,76.14,222.05,35.13,76.28,221.58
shuffled,0,397,decode,28,28,94.06,33.63,71.98,203.26,33.53,72.24,203.02
shuffled,0,398,decode,28,28,98.0,34.7,77.48,215.41,34.54,77.65,214.78
shuffled,0,399,decode,27,27,94.08,69.23,78.25,245.49,69.28,78.3,245.21
shuffled,0,400,decode,27,27,101.94,33.44,72.34,211.5,33.53,72.24,211.46
shuffled,0,401,decode,26,26,97.36,63.96,81.78,246.89,63.78,81.8,246.63
shuffled,0,402,decode,26,26,101.68,33.62,78.45,218.84,33.54,78.55,218.08
shuffled,0,403,decode,26,26,95.81,31.83,71.34,202.58,31.77,71.53,202.51
shuffled,0,404,decode,26,26,90.39,30.98,73.36,199.25,30.8,73.55,198.78
shuffled,0,405,decode,26,26,92.86,32.59,75.1,204.64,32.5,75.35,204.02
shuffled,0,406,decode,26,26,104.49,33.19,80.96,223.31,33.05,81.16,222.75
shuffled,0,407,decode,25,25,93.82,70.29,83.27,251.33,69.9,83.27,251.26
shuffled,0,408,decode,25,25,98.18,30.73,66.0,199.61,30.62,66.19,199.26
shuffled,0,409,decode,25,25,98.17,31.03,66.1,198.75,30.98,66.4,198.91
shuffled,0,410,decode,23,23,96.52,88.34,89.54,278.93,88.66,89.4,278.45
shuffled,0,411,decode,23,23,95.56,29.25,67.51,196.37,29.15,67.75,196.25
shuffled,0,412,decode,23,23,90.51,28.49,65.69,188.06,28.4,65.93,187.98
shuffled,0,413,decode,22,22,90.91,63.37,73.02,231.36,63.78,72.67,230.83
shuffled,0,414,decode,22,22,93.91,47.91,89.63,234.65,39.33,89.67,226.04
shuffled,0,415,decode,22,22,94.2,27.63,66.99,192.32,27.63,67.19,192.41
shuffled,0,416,decode,22,22,90.51,28.05,65.86,187.58,27.98,66.05,187.42
shuffled,0,417,decode,22,22,86.77,27.56,76.64,194.64,27.49,77.02,194.3
shuffled,0,418,decode,22,22,89.06,33.06,71.03,196.67,33.02,71.25,196.82
shuffled,0,419,decode,21,21,98.23,57.56,79.87,239.51,57.77,79.99,239.6
shuffled,0,420,decode,20,20,94.15,49.74,70.59,217.67,49.7,70.8,217.82
shuffled,0,421,decode,20,20,89.99,26.75,63.82,183.85,26.6,64.06,183.92
shuffled,0,422,decode,19,19,86.15,59.14,73.76,221.87,59.21,73.84,221.96
shuffled,0,423,decode,19,19,90.0,25.3,62.8,181.18,25.24,63.24,181.56
shuffled,0,424,decode,19,19,90.12,25.94,69.03,188.72,25.58,69.22,188.39
shuffled,0,425,decode,19,19,84.96,25.07,63.84,177.44,24.97,64.06,177.34
shuffled,0,426,decode,19,19,83.22,24.5,61.69,172.49,24.38,61.94,172.35
shuffled,0,427,decode,19,19,82.89,25.13,60.95,172.3,25.02,61.11,171.79
shuffled,0,428,decode,18,18,83.95,56.62,68.09,211.65,57.02,67.86,211.48
shuffled,0,429,decode,17,17,89.47,53.85,66.29,213.16,53.82,66.43,212.66
shuffled,0,430,decode,17,17,91.41,23.12,75.02,193.79,22.92,75.32,193.23
shuffled,0,431,decode,17,17,88.31,21.96,63.49,177.1,21.84,63.9,177.11
shuffled,0,432,decode,16,16,85.91,49.09,69.69,207.89,49.16,69.71,207.84
shuffled,0,433,decode,15,15,90.02,52.09,68.82,213.74,52.11,68.88,213.87
shuffled,0,434,decode,15,15,87.1,20.33,61.6,172.53,20.18,61.82,172.26
shuffled,0,435,decode,15,15,90.74,28.61,82.29,216.7,28.42,82.55,206.62
shuffled,0,436,decode,15,15,87.03,20.33,59.94,170.45,20.21,60.15,170.36
shuffled,0,437,decode,15,15,84.34,19.39,58.39,164.78,19.26,58.66,164.85
shuffled,0,438,decode,15,15,82.1,19.55,57.01,161.63,19.46,57.24,161.56
shuffled,0,439,decode,15,15,81.21,19.46,57.77,160.98,19.36,57.96,161.09
shuffled,0,440,decode,15,15,81.24,19.27,56.78,160.17,19.21,56.99,160.06
shuffled,0,441,decode,15,15,81.05,19.48,58.04,161.2,19.32,66.76,169.77
shuffled,0,442,decode,15,15,83.17,20.29,64.13,170.95,20.15,64.33,170.78
shuffled,0,443,decode,15,15,82.06,19.43,58.35,162.46,19.3,58.53,162.52
shuffled,0,444,decode,14,14,80.03,51.24,65.82,199.89,51.34,65.79,199.75
shuffled,0,445,decode,14,14,86.52,19.45,58.34,167.21,19.36,58.5,167.3
shuffled,0,446,decode,14,14,86.96,19.3,62.14,171.38,19.16,62.33,171.42
shuffled,0,447,decode,14,14,87.07,19.52,64.65,174.34,19.34,64.86,174.09
shuffled,0,448,decode,14,14,112.0,26.27,68.12,210.51,26.09,67.94,203.34
shuffled,0,449,decode,13,13,81.36,45.66,64.4,194.2,45.68,73.95,203.76
shuffled,0,450,decode,13,13,88.44,18.64,59.27,169.28,18.57,59.48,169.4
shuffled,0,451,decode,12,12,84.62,49.93,67.72,205.32,50.0,67.75,205.21
shuffled,0,452,decode,11,11,88.41,47.04,62.91,201.68,47.05,63.03,201.71
shuffled,0,453,decode,10,10,83.39,44.49,65.79,196.4,44.48,65.86,196.51
shuffled,0,454,decode,10,10,84.33,16.37,62.47,166.75,16.52,62.33,166.49
shuffled,0,455,decode,9,9,82.55,44.71,70.64,201.29,44.76,70.64,201.05
shuffled,0,456,decode,9,9,85.73,14.85,58.18,161.91,14.75,58.38,162.03
shuffled,0,457,decode,9,9,80.54,14.51,56.76,154.38,14.43,56.97,154.51
shuffled,0,458,decode,9,9,77.85,14.53,56.08,151.05,14.47,56.27,151.17
shuffled,0,459,decode,9,9,76.79,14.04,57.11,150.5,13.95,57.34,150.56
shuffled,0,460,decode,9,9,77.91,14.5,56.9,151.96,14.33,57.06,152.07
shuffled,0,461,decode,9,9,77.65,14.47,57.03,151.63,14.36,57.22,151.76
shuffled,0,462,decode,9,9,78.64,14.62,55.87,151.6,14.51,56.03,151.69
shuffled,0,463,decode,9,9,98.64,20.61,76.68,198.9,20.77,76.94,188.75
shuffled,0,464,decode,8,8,81.41,46.09,65.99,196.55,46.21,65.96,196.23
shuffled,0,465,decode,7,7,87.51,38.09,69.24,198.43,38.05,69.48,198.15
shuffled,0,466,decode,7,7,93.22,15.92,65.14,178.56,15.55,65.27,178.7
shuffled,0,467,decode,6,6,82.32,34.42,65.26,185.01,34.52,65.22,185.1
shuffled,0,468,decode,6,6,85.43,11.83,58.9,159.78,11.64,59.06,159.82
shuffled,0,469,decode,6,6,81.29,12.29,58.42,155.37,12.4,58.41,154.91
shuffled,0,470,decode,6,6,80.05,11.82,60.68,155.42,11.66,60.96,155.6
shuffled,0,471,decode,5,5,79.18,40.41,65.5,187.93,40.3,66.01,188.36
shuffled,0,472,decode,5,5,95.69,12.15,67.3,179.58,11.97,67.46,179.09
shuffled,0,473,decode,5,5,82.21,11.15,64.35,160.77,10.99,64.72,160.88
shuffled,0,474,decode,4,4,78.14,33.35,68.75,183.32,33.24,68.85,183.3
shuffled,0,475,decode,4,4,104.29,19.14,118.39,246.39,19.01,119.02,247.04
shuffled,0,476,decode,4,4,94.9,11.94,74.4,185.38,11.77,74.62,185.19
shuffled,0,477,decode,4,4,80.81,10.24,60.53,154.69,10.11,60.68,154.66
shuffled,0,478,decode,4,4,86.44,11.07,100.67,201.73,11.03,101.62,202.51
shuffled,0,479,decode,4,4,140.38,20.27,113.84,280.27,19.62,114.23,280.46
shuffled,0,480,decode,3,3,98.84,38.14,82.99,224.95,38.12,83.11,224.36
shuffled,0,481,decode,3,3,100.06,11.92,78.31,195.51,11.6,78.69,194.92
shuffled,0,482,decode,2,2,119.9,65.39,125.75,315.82,65.38,126.13,316.27
shuffled,0,483,decode,2,2,152.86,16.24,119.23,295.2,15.86,119.62,295.01
shuffled,0,484,decode,2,2,143.11,11.42,86.57,246.65,11.06,87.0,246.19
shuffled,0,485,decode,2,2,149.44,16.21,117.48,289.0,15.85,117.95,289.08
shuffled,0,486,decode,2,2,145.34,16.17,110.82,278.17,15.74,111.43,278.31
shuffled,0,487,decode,2,2,149.17,16.64,118.82,291.15,16.29,119.38,290.93
shuffled,0,488,decode,2,2,161.91,14.26,115.06,297.21,13.89,115.67,289.62
shuffled,0,489,decode,2,2,108.83,10.95,79.38,204.28,10.66,79.54,203.52
shuffled,0,490,decode,2,2,86.05,9.19,58.53,156.78,9.09,58.77,156.9
shuffled,0,491,decode,2,2,88.65,13.15,101.96,207.99,13.0,102.67,208.68
shuffled,0,492,decode,2,2,143.98,11.67,81.8,242.74,11.37,81.9,242.0
shuffled,0,493,decode,1,1,93.67,39.1,72.16,208.58,39.15,72.2,208.46
shuffled,0,494,decode,1,1,139.46,12.26,80.34,237.0,12.1,80.28,237.07
shuffled,0,495,decode,1,1,141.34,13.36,113.4,273.63,13.06,113.83,273.61
shuffled,1,0,prefill,1,4096,667.17,360.58,197.2,1234.93,359.77,196.96,1231.12
shuffled,1,1,decode,1,1,108.84,18.14,88.89,223.62,17.74,89.13,222.76
shuffled,1,2,decode,1,1,87.31,8.03,61.68,160.46,7.84,61.9,160.55
shuffled,1,3,decode,1,1,80.93,7.44,56.31,147.59,7.39,56.45,147.67
shuffled,1,4,mixed,2,4097,507.23,324.89,160.72,996.91,324.06,160.96,997.79
shuffled,1,5,decode,2,2,102.37,19.24,82.31,211.06,19.08,82.71,210.67
shuffled,1,6,mixed,3,4098,716.58,541.26,220.93,1486.55,541.18,220.53,1486.85
shuffled,1,7,mixed,4,2051,764.75,513.21,199.85,1490.95,513.5,199.48,1490.19
shuffled,1,8,decode,4,4,172.22,36.66,139.32,361.29,36.11,139.77,359.83
shuffled,1,9,decode,4,4,156.7,21.79,123.43,308.7,21.34,123.93,308.67
shuffled,1,10,mixed,5,2052,735.92,472.97,189.67,1405.98,463.23,189.02,1396.83
shuffled,1,11,mixed,6,2053,705.73,378.09,182.0,1277.89,377.2,168.65,1263.28
shuffled,1,12,decode,6,6,109.02,26.05,90.35,233.61,25.61,90.55,232.42
shuffled,1,13,decode,6,6,91.32,13.79,64.48,173.42,13.63,64.68,173.33
shuffled,1,14,decode,6,6,97.58,13.56,62.61,176.77,13.3,62.87,176.86
shuffled,1,15,decode,6,6,85.49,13.06,65.2,167.3,12.78,65.64,167.34
shuffled,1,16,mixed,7,4102,666.01,430.0,208.98,1311.93,434.02,208.72,1308.25
shuffled,1,17,decode,7,7,112.31,27.19,91.58,238.91,26.79,91.9,238.07
shuffled,1,18,mixed,8,4103,520.69,326.59,155.26,1008.11,324.79,155.66,998.96
shuffled,1,19,decode,8,8,103.91,25.45,84.2,220.61,25.08,84.42,220.1
shuffled,1,20,mixed,9,2056,678.92,419.21,186.38,1292.08,408.01,185.41,1281.5
shuffled,1,21,decode,9,9,113.05,29.08,96.78,248.09,28.81,97.02,246.37
shuffled,1,22,decode,9,9,92.33,16.88,66.82,179.86,16.71,66.99,179.85
shuffled,1,23,mixed,10,2057,524.54,261.94,129.66,920.81,260.68,129.7,908.52
shuffled,1,24,decode,10,10,105.64,27.03,81.84,222.01,27.01,81.95,221.15
shuffled,1,25,decode,10,10,89.35,16.39,63.62,173.11,16.22,63.9,173.02
shuffled,1,26,decode,10,10,86.44,16.6,65.18,171.89,16.49,65.31,171.61
shuffled,1,27,decode,10,10,98.75,17.16,64.74,183.92,17.07,64.92,175.12
shuffled,1,28,decode,10,10,82.68,20.82,85.84,192.54,20.78,86.24,192.87
shuffled,1,29,decode,10,10,84.73,16.77,64.12,169.5,16.65,64.57,169.42
shuffled,1,30,mixed,11,4106,502.26,335.79,160.05,1002.7,334.65,159.74,1003.05
shuffled,1,31,decode,11,11,171.17,44.29,139.46,366.13,43.95,139.64,365.23
shuffled,1,32,decode,11,11,149.33,28.59,120.62,305.58,28.44,121.02,305.36
shuffled,1,33,mixed,12,2059,771.87,527.26,213.16,1520.72,512.38,212.68,1507.27
shuffled,1,34,mixed,13,4108,784.66,581.0,274.5,1654.44,580.85,274.34,1636.08
shuffled,1,35,decode,13,13,195.91,52.45,159.62,421.51,52.23,159.75,408.4
shuffled,1,36,decode,13,13,159.95,34.67,142.64,345.22,34.28,143.17,344.54
shuffled,1,37,decode,13,13,166.05,36.5,142.34,353.52,36.21,142.74,352.48
shuffled,1,38,decode,13,13,158.43,36.41,133.68,336.1,35.69,134.28,335.9
shuffled,1,39,mixed,14,2061,784.72,441.32,206.96,1441.3,440.21,206.62,1440.94
shuffled,1,40,decode,14,14,125.41,36.8,113.57,286.22,36.47,113.68,284.62
shuffled,1,41,decode,14,14,97.92,21.26,70.27,194.13,20.99,70.42,193.87
shuffled,1,42,mixed,15,2062,567.77,282.75,147.28,1003.72,281.24,147.16,1004.3
shuffled,1,43,mixed,16,4111,581.28,338.14,184.03,1113.06,336.68,184.24,1112.2
shuffled,1,44,decode,16,16,128.55,38.33,116.32,291.64,38.08,116.65,290.83
shuffled,1,45,decode,16,16,101.31,25.3,78.42,210.37,24.69,78.76,210.03
shuffled,1,46,decode,16,16,99.41,23.31,90.41,217.16,22.8,90.63,217.16
shuffled,1,47,decode,16,16,93.1,24.65,86.03,207.37,24.23,86.38,207.16
shuffled,1,48,decode,16,16,98.79,24.53,86.91,214.23,24.22,87.14,213.85
shuffled,1,49,decode,16,16,94.11,23.19,91.13,212.12,22.99,91.39,211.95
shuffled,1,50,decode,16,16,121.57,24.56,88.07,238.91,24.36,88.37,238.53
shuffled,1,51,mixed,17,2064,611.51,295.81,160.02,1072.78,294.69,159.79,1073.5
shuffled,1,52,decode,17,17,138.13,38.16,114.41,299.03,37.49,114.65,283.19
shuffled,1,53,decode,17,17,97.69,23.54,75.48,201.73,23.36,75.73,201.01
shuffled,1,54,decode,17,17,98.53,23.73,86.33,212.53,23.64,86.82,212.3
shuffled,1,55,decode,17,17,96.76,23.03,78.38,201.92,22.89,78.56,201.75
shuffled,1,56,decode,17,17,90.25,23.71,70.83,189.32,23.6,71.06,188.43
shuffled,1,57,decode,17,17,91.04,23.55,76.08,194.34,23.43,76.36,194.11
shuffled,1,58,decode,17,17,95.81,24.28,78.88,203.13,23.75,79.07,202.72
shuffled,1,59,decode,17,17,96.78,23.38,75.84,199.46,23.31,76.01,199.35
shuffled,1,60,decode,17,17,95.53,24.06,75.48,199.72,23.58,75.89,198.92
shuffled,1,61,decode,17,17,92.44,24.47,72.03,192.58,24.36,72.17,192.13
shuffled,1,62,decode,17,17,91.42,22.45,80.46,197.99,22.36,80.83,197.62
shuffled,1,63,decode,17,17,92.36,22.88,79.07,198.42,22.79,79.32,197.99
shuffled,1,64,mixed,18,4113,579.03,344.11,179.09,1108.88,342.52,178.97,1108.71
shuffled,1,65,decode,18,18,119.84,39.25,109.49,284.33,38.74,109.68,277.25
shuffled,1,66,decode,18,18,104.03,26.09,75.89,211.3,25.89,76.37,210.63
shuffled,1,67,decode,18,18,95.93,29.13,83.36,212.22,29.16,83.62,212.02
shuffled,1,68,decode,18,18,94.33,25.38,73.07,196.65,25.23,73.22,196.25
shuffled,1,69,decode,18,18,95.13,25.36,76.01,200.39,25.24,76.24,200.12
shuffled,1,70,mixed,19,4114,572.61,330.76,174.72,1083.14,329.6,174.69,1076.31
shuffled,1,71,decode,19,19,115.39,40.3,104.87,268.53,39.99,105.0,267.12
shuffled,1,72,decode,19,19,131.61,40.11,117.89,294.91,40.32,117.9,283.33
shuffled,1,73,decode,19,19,108.3,30.42,86.29,229.85,30.27,86.59,229.09
shuffled,1,74,decode,19,19,94.68,26.16,79.54,204.62,26.03,79.77,204.02
shuffled,1,75,decode,19,19,95.09,26.29,77.72,202.17,26.15,78.53,202.73
shuffled,1,76,decode,19,19,96.81,26.56,79.14,206.26,26.46,79.43,206.15
shuffled,1,77,mixed,20,2067,628.17,310.21,149.91,1095.14,315.11,149.68,1101.52
shuffled,1,78,decode,20,20,134.6,45.29,112.19,300.43,45.05,112.57,299.63
shuffled,1,79,mixed,21,2068,589.41,296.65,153.47,1047.19,295.41,153.48,1047.51
shuffled,1,80,decode,21,21,127.2,47.36,108.77,291.67,46.9,108.96,290.59
shuffled,1,81,decode,21,21,109.77,32.41,82.39,229.47,32.18,82.51,229.29
shuffled,1,82,decode,21,21,101.15,31.98,74.96,212.3,32.02,75.34,212.14
shuffled,1,83,mixed,22,4117,535.44,323.99,172.36,1037.54,323.16,172.37,1037.66
shuffled,1,84,decode,22,22,120.51,43.35,96.75,268.51,42.99,96.82,267.81
shuffled,1,85,decode,22,22,104.17,33.37,73.75,215.28,33.3,73.96,215.29
shuffled,1,86,decode,22,22,96.84,28.48,71.08,200.26,28.39,71.32,200.36
shuffled,1,87,decode,22,22,97.66,31.95,84.3,217.78,31.9,77.21,210.32
shuffled,1,88,decode,22,22,94.89,28.53,76.69,204.24,28.4,76.92,204.14
shuffled,1,89,decode,22,22,88.93,28.33,63.34,184.23,28.25,63.59,184.17
shuffled,1,90,mixed,23,4118,509.3,313.21,161.44,989.06,311.68,161.38,989.51
shuffled,1,91,decode,23,23,113.81,40.13,89.73,251.29,39.96,89.82,250.38
shuffled,1,92,decode,23,23,95.71,29.15,65.68,194.79,28.86,65.85,194.68
shuffled,1,93,decode,23,23,95.3,29.15,64.37,192.13,29.08,64.57,192.15
shuffled,1,94,mixed,24,2071,500.4,280.68,131.79,918.56,279.21,131.48,912.55
shuffled,1,95,decode,24,24,106.91,40.05,81.68,235.75,39.75,81.91,235.08
shuffled,1,96,mixed,25,2072,503.29,271.98,130.21,910.88,270.64,130.33,902.21
shuffled,1,97,mixed,26,2073,498.06,275.67,132.56,913.92,273.77,132.83,913.9
shuffled,1,98,decode,26,26,111.51,44.02,89.53,253.29,43.85,89.66,252.52
shuffled,1,99,mixed,27,2074,478.34,274.61,132.21,890.42,273.35,132.27,899.77
shuffled,1,100,decode,27,27,112.33,44.88,90.63,255.71,44.67,90.93,255.16
shuffled,1,101,decode,27,27,96.69,33.5,66.93,201.06,33.36,67.2,200.85
shuffled,1,102,mixed,28,2075,510.18,278.47,139.48,934.99,277.88,139.07,927.94
shuffled,1,103,decode,28,28,113.45,46.1,89.15,256.53,45.94,89.19,255.78
shuffled,1,104,decode,28,28,97.31,34.15,67.69,203.1,34.04,68.07,203.22
shuffled,1,105,decode,28,28,97.05,34.45,71.02,206.57,34.4,71.24,206.33
shuffled,1,106,decode,28,28,95.46,33.44,64.94,197.23,33.41,65.13,197.25
shuffled,1,107,decode,28,28,91.18,33.11,62.75,190.43,33.02,62.92,190.33
shuffled,1,108,decode,28,28,91.25,33.21,62.79,190.39,33.09,63.07,190.52
shuffled,1,109,decode,28,28,92.59,33.37,67.99,197.96,33.25,68.22,197.85
shuffled,1,110,mixed,29,2076,487.17,269.6,139.37,901.56,268.19,139.5,902.1
shuffled,1,111,decode,29,29,116.05,47.2,87.95,259.26,46.85,88.34,258.26
shuffled,1,112,decode,29,29,100.28,35.69,68.99,209.27,35.49,69.07,209.13
shuffled,1,113,decode,29,29,96.76,34.59,65.75,200.3,34.5,65.92,200.41
shuffled,1,114,decode,29,29,91.84,34.42,63.91,193.27,34.28,64.19,193.38
shuffled,1,115,decode,29,29,97.73,36.0,71.01,208.7,35.74,71.31,208.51
shuffled,1,116,decode,29,29,94.18,34.67,68.51,200.78,34.67,68.63,200.86
shuffled,1,117,decode,29,29,90.59,34.04,62.52,190.15,33.93,62.7,190.18
shuffled,1,118,decode,29,29,89.52,33.8,60.95,187.34,33.77,61.13,187.46
shuffled,1,119,decode,29,29,106.28,34.9,71.48,217.01,34.72,71.6,216.53
shuffled,1,120,decode,29,29,92.8,34.11,66.86,197.5,33.99,67.01,202.64
shuffled,1,121,mixed,30,2077,488.07,265.64,130.54,889.71,264.34,130.28,890.09
shuffled,1,122,decode,30,30,116.31,47.6,89.82,261.37,47.37,89.95,260.53
shuffled,1,123,mixed,31,2078,490.34,280.44,133.26,909.69,278.97,132.85,910.06
shuffled,1,124,decode,31,31,116.69,47.87,89.8,262.11,47.45,89.98,261.37
shuffled,1,125,decode,31,31,103.9,37.58,72.41,218.21,37.43,72.64,217.96
shuffled,1,126,decode,31,31,98.59,36.74,68.75,207.72,36.64,68.93,207.63
shuffled,1,127,decode,31,31,96.76,37.27,71.13,209.22,37.18,71.33,208.87
shuffled,1,128,decode,31,31,94.8,36.76,65.56,200.47,36.73,65.72,200.64
shuffled,1,129,decode,31,31,93.62,41.44,64.79,203.29,41.38,64.93,203.21
shuffled,1,130,mixed,32,2079,498.54,299.32,137.06,940.06,291.64,136.43,933.68
shuffled,1,131,mixed,33,2080,491.65,262.87,132.0,894.98,261.27,131.9,894.6
shuffled,1,132,decode,33,33,118.44,50.56,92.78,269.67,50.34,92.91,268.52
shuffled,1,133,decode,33,33,101.41,44.63,69.67,219.68,44.61,69.71,219.61
shuffled,1,134,decode,33,33,125.17,39.43,71.56,240.43,38.98,72.0,240.33
shuffled,1,135,decode,33,33,97.17,43.66,65.83,209.81,43.55,66.04,209.87
shuffled,1,136,mixed,34,2081,477.44,273.49,130.73,887.17,271.97,130.69,887.52
shuffled,1,137,decode,34,34,119.05,50.93,92.48,270.54,50.57,92.69,269.54
shuffled,1,138,decode,34,34,102.94,40.15,73.41,220.64,40.06,73.66,220.37
shuffled,1,139,mixed,36,4130,853.25,464.12,164.65,1487.47,462.88,164.8,1470.96
shuffled,1,140,decode,36,36,127.51,59.52,95.39,292.5,59.2,95.67,291.57
shuffled,1,141,decode,36,36,108.79,42.74,76.38,232.81,42.55,76.63,232.52
shuffled,1,142,decode,36,36,100.46,41.36,68.77,214.36,41.23,69.29,214.3
shuffled,1,143,mixed,37,4132,499.92,310.93,176.07,993.21,309.88,176.16,993.41
shuffled,1,144,decode,37,37,123.16,53.14,95.42,280.13,53.03,95.62,279.26
shuffled,1,145,mixed,38,4133,490.04,319.51,166.07,982.24,317.83,166.15,982.3
shuffled,1,146,decode,38,38,123.15,55.47,95.71,283.6,55.35,95.84,282.4
shuffled,1,147,decode,38,38,109.83,50.65,72.99,238.22,50.45,72.96,237.73
shuffled,1,148,decode,38,38,105.78,44.3,75.32,229.79,44.03,75.64,229.41
shuffled,1,149,decode,38,38,142.02,51.49,80.75,278.18,51.3,80.71,273.26
shuffled,1,150,decode,38,38,100.34,43.39,76.76,224.65,43.33,77.01,224.4
shuffled,1,151,mixed,39,4134,497.79,310.77,169.63,983.67,309.26,169.74,984.08
shuffled,1,152,decode,39,39,121.34,60.26,95.79,286.4,60.16,95.95,285.04
shuffled,1,153,decode,39,39,106.93,45.04,73.94,231.31,44.89,74.13,230.84
shuffled,1,154,mixed,41,6183,852.18,513.17,190.54,1562.39,517.93,190.11,1568.51
shuffled,1,155,decode,41,41,125.94,63.05,98.57,297.83,62.81,98.79,296.75
shuffled,1,156,decode,41,41,110.23,46.82,75.66,237.33,46.71,75.9,237.11
shuffled,1,157,mixed,42,4137,478.72,283.42,159.04,926.53,282.37,158.94,926.89
shuffled,1,158,decode,42,42,127.73,58.2,96.02,289.49,57.83,96.23,289.09
shuffled,1,159,decode,42,42,105.76,53.65,73.93,237.31,53.59,74.01,237.27
shuffled,1,160,decode,42,42,103.94,46.69,70.45,225.29,46.63,70.61,225.09
shuffled,1,161,decode,42,42,143.44,47.78,77.84,273.01,47.4,77.93,261.9
shuffled,1,162,decode,42,42,104.76,53.79,75.42,238.23,53.68,75.63,238.21
shuffled,1,163,mixed,43,2090,494.87,281.75,137.02,920.27,280.46,136.9,920.05
shuffled,1,164,mixed,44,2091,492.14,286.05,140.51,928.48,284.5,140.17,927.82
shuffled,1,165,decode,44,44,125.48,59.83,104.8,299.88,59.71,104.9,298.23
shuffled,1,166,mixed,45,4140,507.41,326.31,224.07,1064.3,324.79,206.59,1046.83
shuffled,1,167,decode,45,45,136.35,62.21,105.0,313.34,61.97,104.94,311.98
shuffled,1,168,decode,45,45,114.74,57.84,85.15,263.3,57.7,85.12,262.64
shuffled,1,169,decode,45,45,107.61,49.99,81.87,244.69,49.71,82.08,243.74
shuffled,1,170,decode,45,45,108.81,52.37,92.36,258.55,51.93,92.65,258.15
shuffled,1,171,decode,45,45,120.35,60.31,99.12,287.26,59.2,99.25,285.52
shuffled,1,172,mixed,46,4141,536.43,329.5,177.24,1051.08,327.74,177.2,1050.44
shuffled,1,173,mixed,47,4142,531.08,327.12,177.35,1045.65,325.69,177.27,1044.69
shuffled,1,174,decode,47,47,144.61,64.49,119.56,338.23,64.16,120.2,337.27
shuffled,1,175,decode,47,47,116.48,52.05,93.91,268.31,51.97,94.03,267.09
shuffled,1,176,mixed,48,2095,536.07,295.85,147.3,986.74,294.39,147.36,985.98
shuffled,1,177,mixed,49,4144,523.77,337.7,175.03,1046.4,336.54,175.04,1045.18
shuffled,1,178,decode,49,49,130.98,67.39,113.89,322.01,67.28,114.06,320.44
shuffled,1,179,decode,49,49,113.36,54.61,95.06,269.16,54.55,95.29,268.5
shuffled,1,180,decode,49,49,115.77,62.88,91.82,275.77,62.63,92.15,275.08
shuffled,1,181,decode,49,49,114.57,54.37,88.73,264.17,54.05,89.05,263.37
shuffled,1,182,decode,49,49,108.31,53.5,78.32,245.13,53.41,78.39,244.32
shuffled,1,183,decode,49,49,110.63,52.71,88.05,256.78,52.89,87.98,256.17
shuffled,1,184,decode,49,49,106.96,52.43,84.4,248.15,52.28,84.69,247.84
shuffled,1,185,decode,49,49,106.74,51.59,87.89,250.72,51.65,88.42,250.77
shuffled,1,186,decode,49,49,107.15,53.68,90.23,256.47,53.6,90.55,256.14
shuffled,1,187,decode,49,49,105.71,52.62,75.94,239.13,52.45,76.2,238.52
shuffled,1,188,mixed,50,4145,615.13,309.68,168.24,1099.68,308.22,168.38,1081.84
shuffled,1,189,decode,50,50,122.06,63.08,94.05,287.37,62.85,94.25,286.52
shuffled,1,190,decode,50,50,115.73,54.14,90.87,266.07,54.08,91.08,265.75
shuffled,1,191,decode,50,50,110.91,53.45,75.8,244.33,53.34,76.0,244.32
shuffled,1,192,decode,50,50,127.05,53.47,78.63,264.07,52.95,78.83,263.56
shuffled,1,193,mixed,51,2098,540.71,286.69,135.68,969.44,285.92,135.26,976.66
shuffled,1,194,decode,51,51,123.44,65.48,94.51,292.37,65.29,94.76,291.55
shuffled,1,195,mixed,52,4147,515.09,320.99,170.91,1012.89,319.29,170.97,1013.41
shuffled,1,196,mixed,53,4148,503.14,319.02,176.69,1007.56,317.95,176.6,1007.13
shuffled,1,197,mixed,54,4149,504.84,308.34,168.01,990.68,306.97,168.1,990.16
shuffled,1,198,decode,54,54,126.89,67.53,98.43,301.57,67.37,98.75,300.7
shuffled,1,199,mixed,55,4150,532.53,335.31,169.73,1043.59,333.65,169.71,1035.75
shuffled,1,200,decode,55,55,130.32,69.96,98.22,307.11,69.73,98.36,306.3
shuffled,1,201,decode,55,55,117.85,57.36,83.74,264.5,57.27,83.88,264.08
shuffled,1,202,decode,55,55,109.45,57.28,74.18,244.96,57.17,74.42,245.01
shuffled,1,203,decode,55,55,114.88,58.88,83.2,261.45,58.76,83.44,261.24
shuffled,1,204,decode,55,55,109.63,58.24,78.07,250.09,58.09,78.39,250.07
shuffled,1,205,decode,55,55,111.84,57.92,100.02,274.28,57.87,87.88,261.54
shuffled,1,206,decode,55,55,113.08,64.12,77.47,259.21,64.07,77.54,258.97
shuffled,1,207,decode,55,55,109.25,57.17,72.24,243.0,57.04,72.39,242.77
shuffled,1,208,mixed,56,4151,527.41,308.74,174.4,1017.1,307.04,174.14,1017.06
shuffled,1,209,mixed,57,2104,507.82,304.81,144.75,967.3,303.51,144.74,966.91
shuffled,1,210,decode,57,57,134.27,70.55,98.64,312.64,70.05,98.89,311.63
shuffled,1,211,mixed,58,2105,509.47,296.1,137.07,948.73,295.0,137.14,949.02
shuffled,1,212,decode,58,58,127.41,75.78,99.74,311.68,75.71,99.83,310.6
shuffled,1,213,decode,58,58,138.86,65.66,87.13,297.64,65.37,87.36,297.37
shuffled,1,214,decode,58,58,120.11,62.19,89.67,277.46,62.0,89.93,276.7
shuffled,1,215,mixed,59,4154,529.27,323.22,162.93,1021.48,321.85,163.17,1021.96
shuffled,1,216,decode,59,59,134.92,72.32,101.61,318.48,71.98,101.8,317.28
shuffled,1,217,decode,59,59,119.18,63.19,88.24,276.03,63.14,88.42,275.47
shuffled,1,218,mixed,60,2107,521.97,298.73,139.28,966.81,297.18,139.06,966.76
shuffled,1,219,decode,60,60,137.57,77.27,106.97,332.44,76.97,107.24,330.64
shuffled,1,220,decode,60,60,123.15,62.54,88.28,279.24,62.34,88.55,278.71
shuffled,1,221,decode,60,60,115.65,62.28,84.11,267.21,62.16,84.29,266.57
shuffled,1,222,decode,60,60,139.65,73.11,93.97,312.4,72.65,94.08,307.27
shuffled,1,223,decode,60,60,123.23,69.71,81.81,279.73,69.63,82.14,279.66
shuffled,1,224,mixed,61,2108,561.97,279.11,145.47,994.85,278.44,145.01,981.54
shuffled,1,225,decode,61,61,135.25,77.21,98.66,319.82,77.04,98.83,318.78
shuffled,1,226,mixed,62,4157,546.76,332.54,173.01,1059.46,340.0,173.13,1067.77
shuffled,1,227,decode,62,62,133.87,74.78,99.49,317.02,74.55,99.61,316.16
shuffled,1,228,decode,62,62,120.51,69.76,80.3,275.57,69.58,80.49,275.49
shuffled,1,229,decode,62,62,120.25,63.67,87.56,276.73,63.59,87.76,276.28
shuffled,1,230,decode,62,62,112.21,64.92,76.73,258.23,64.86,76.84,258.08
shuffled,1,231,decode,62,62,119.03,72.88,85.16,282.46,72.77,85.3,281.82
shuffled,1,232,decode,62,62,113.72,63.58,76.01,257.66,63.47,76.2,257.65
shuffled,1,233,decode,62,62,149.14,63.71,81.13,298.31,63.17,81.29,292.24
shuffled,1,234,decode,62,62,114.69,63.81,82.86,265.79,63.68,83.12,265.73
shuffled,1,235,decode,62,62,112.8,63.41,76.47,256.49,63.31,76.65,256.47
shuffled,1,236,decode,62,62,113.32,63.57,89.2,271.09,63.43,89.57,270.72
shuffled,1,237,mixed,63,4158,523.22,323.13,210.46,1062.51,321.7,198.98,1051.54
shuffled,1,238,decode,63,63,131.33,74.86,96.24,310.52,74.57,96.41,309.78
shuffled,1,239,decode,63,63,121.95,70.78,84.02,282.2,70.63,84.23,281.78
shuffled,1,240,mixed,64,4159,525.85,312.62,181.65,1026.19,311.76,181.43,1026.44
shuffled,1,241,decode,64,64,131.05,76.78,100.39,318.0,76.54,100.63,316.44
shuffled,1,242,decode,64,64,124.15,66.95,87.48,284.06,66.85,87.71,283.61
shuffled,1,243,decode,64,64,121.46,68.13,85.24,279.81,68.3,85.07,279.23
shuffled,1,244,decode,64,64,117.75,65.68,90.12,279.14,65.45,90.7,278.69
shuffled,1,245,decode,64,64,118.13,66.51,91.58,281.3,66.39,91.85,280.9
shuffled,1,246,decode,64,64,117.92,66.72,89.96,279.97,66.39,90.07,279.25
shuffled,1,247,decode,64,64,111.78,66.01,82.05,264.61,65.75,82.28,264.19
shuffled,1,248,decode,64,64,116.42,67.62,97.12,285.41,67.26,91.7,279.25
shuffled,1,249,decode,64,64,119.0,71.13,95.22,290.17,70.62,95.47,290.04
shuffled,1,250,decode,64,64,117.24,75.14,90.02,287.36,75.02,90.27,286.75
shuffled,1,251,decode,64,64,121.94,68.37,106.82,303.35,68.25,107.13,302.4
shuffled,1,252,decode,64,64,116.35,74.91,91.49,287.77,74.84,91.62,287.21
shuffled,1,253,decode,64,64,123.97,66.87,106.3,303.49,66.69,106.54,302.48
shuffled,1,254,decode,64,64,123.53,69.0,99.8,298.04,68.85,100.06,296.98
shuffled,1,255,decode,64,64,121.69,69.15,102.34,299.86,69.02,102.57,298.49
shuffled,1,256,decode,63,63,119.01,114.99,102.67,341.72,115.3,102.41,341.04
shuffled,1,257,decode,63,63,126.97,67.6,105.02,306.08,67.26,105.26,305.32
shuffled,1,258,decode,63,63,112.99,63.43,102.42,284.02,63.57,102.4,283.28
shuffled,1,259,decode,63,63,127.39,74.02,95.41,302.48,73.87,95.58,301.35
shuffled,1,260,decode,62,62,122.58,123.04,102.1,352.79,123.09,102.09,352.13
shuffled,1,261,decode,62,62,125.65,69.35,102.44,303.53,69.13,102.86,302.83
shuffled,1,262,decode,61,61,119.05,116.56,102.15,342.52,116.62,102.1,341.73
shuffled,1,263,decode,60,60,128.05,107.61,108.26,350.4,107.63,108.26,349.15
shuffled,1,264,decode,60,60,124.85,63.26,92.32,286.13,63.37,92.64,285.84
shuffled,1,265,decode,60,60,120.34,72.37,90.13,288.75,72.33,90.43,287.79
shuffled,1,266,decode,59,59,120.84,108.0,96.57,330.94,108.36,96.37,330.27
shuffled,1,267,decode,58,58,125.38,104.83,95.17,331.5,104.9,95.11,331.11
shuffled,1,268,decode,58,58,124.54,72.83,84.12,286.73,72.86,84.31,286.37
shuffled,1,269,decode,58,58,112.38,87.68,112.53,317.62,81.61,112.26,310.95
shuffled,1,270,decode,58,58,118.03,60.84,86.18,270.26,60.77,86.35,269.68
shuffled,1,271,decode,58,58,109.95,58.88,79.0,251.72,58.76,79.17,251.7
shuffled,1,272,decode,57,57,117.44,115.9,92.88,331.68,116.04,92.98,331.43
shuffled,1,273,decode,57,57,116.19,59.45,78.67,258.83,59.33,78.87,258.67
shuffled,1,274,decode,56,56,114.66,110.39,88.2,318.14,110.6,88.2,317.73
shuffled,1,275,decode,56,56,118.53,59.82,79.62,262.54,59.66,79.8,262.49
shuffled,1,276,decode,55,55,124.23,131.84,87.2,348.08,132.09,87.02,335.56
shuffled,1,277,decode,55,55,117.09,58.05,74.95,254.22,57.97,75.14,254.26
shuffled,1,278,decode,55,55,111.36,57.6,78.26,251.62,57.39,78.45,251.47
shuffled,1,279,decode,54,54,111.56,97.98,84.21,298.42,98.18,84.12,298.02
shuffled,1,280,decode,54,54,120.11,63.4,74.93,263.33,63.28,75.11,263.0
shuffled,1,281,decode,54,54,108.04,56.82,79.52,249.55,56.75,79.75,249.3
shuffled,1,282,decode,54,54,108.55,55.74,72.0,240.06,55.57,72.24,240.08
shuffled,1,283,decode,54,54,113.01,65.54,73.56,255.89,65.54,73.6,255.86
shuffled,1,284,decode,54,54,112.91,56.11,83.12,257.39,55.98,83.45,257.08
shuffled,1,285,decode,54,54,108.18,56.04,73.13,241.3,55.93,73.35,241.23
shuffled,1,286,decode,53,53,185.74,109.13,86.32,385.79,108.96,86.27,341.89
shuffled,1,287,decode,53,53,118.61,55.41,81.64,260.16,55.24,81.9,260.2
shuffled,1,288,decode,53,53,109.74,56.1,74.79,244.47,55.98,74.98,244.51
shuffled,1,289,decode,52,52,111.4,99.96,88.25,304.44,100.13,88.23,304.12
shuffled,1,290,decode,51,51,112.16,99.03,84.57,300.52,99.15,84.56,300.5
shuffled,1,291,decode,51,51,121.47,54.02,79.35,259.9,53.76,79.6,259.53
shuffled,1,292,decode,51,51,108.53,60.72,72.27,245.57,60.7,72.38,245.45
shuffled,1,293,decode,51,51,111.68,59.26,73.48,248.24,59.19,73.69,248.27
shuffled,1,294,decode,51,51,106.49,54.19,78.88,244.37,54.11,79.04,243.91
shuffled,1,295,decode,50,50,104.41,100.21,77.69,286.43,100.49,77.45,286.13
shuffled,1,296,decode,50,50,111.39,78.99,96.28,291.71,72.75,96.26,284.97
shuffled,1,297,decode,50,50,108.3,53.81,79.48,246.04,53.76,79.7,245.81
shuffled,1,298,decode,49,49,103.43,92.55,79.56,279.95,92.82,79.42,279.71
shuffled,1,299,decode,48,48,116.38,97.82,86.46,306.02,97.95,86.46,305.37
shuffled,1,300,decode,48,48,116.05,53.58,78.0,252.56,53.29,78.14,252.21
shuffled,1,301,decode,48,48,107.99,57.81,75.17,245.11,57.77,75.57,245.38
shuffled,1,302,decode,48,48,108.18,58.34,83.22,254.96,58.23,83.64,254.77
shuffled,1,303,decode,48,48,116.47,51.69,81.26,254.21,51.47,81.38,253.99
shuffled,1,304,decode,48,48,131.13,52.19,85.89,274.31,51.81,86.14,273.91
shuffled,1,305,decode,48,48,110.28,58.68,76.78,250.46,58.52,76.88,249.96
shuffled,1,306,decode,48,48,109.93,57.3,76.28,248.61,57.4,76.41,247.99
shuffled,1,307,decode,47,47,108.26,92.0,91.18,296.76,92.12,91.18,296.27
shuffled,1,308,decode,47,47,115.65,52.76,76.92,249.86,52.37,77.0,249.71
shuffled,1,309,decode,47,47,108.12,49.84,74.63,236.58,49.67,74.86,236.5
shuffled,1,310,decode,47,47,106.97,51.16,86.84,249.96,51.11,87.07,249.75
shuffled,1,311,decode,47,47,102.07,50.52,71.46,228.13,50.16,71.61,228.18
shuffled,1,312,decode,47,47,102.82,67.81,105.81,280.84,61.36,105.97,274.07
shuffled,1,313,decode,47,47,106.6,51.87,75.41,238.51,51.82,75.54,238.15
shuffled,1,314,decode,47,47,103.47,51.73,78.0,237.81,51.55,78.21,237.55
shuffled,1,315,decode,47,47,105.08,50.22,79.74,239.65,50.11,79.88,239.28
shuffled,1,316,decode,47,47,101.95,49.58,77.22,233.43,49.53,77.68,233.52
shuffled,1,317,decode,47,47,106.35,57.57,77.19,245.49,57.58,77.33,245.44
shuffled,1,318,decode,47,47,105.12,51.6,82.19,244.08,51.49,82.34,243.24
shuffled,1,319,decode,47,47,100.82,49.39,73.92,228.02,49.32,74.1,227.94
shuffled,1,320,decode,46,46,101.1,98.16,84.11,286.94,98.3,84.11,287.0
shuffled,1,321,decode,46,46,114.16,49.97,80.96,250.07,49.9,81.12,249.53
shuffled,1,322,decode,46,46,105.11,55.62,71.91,236.5,55.59,72.06,236.45
shuffled,1,323,decode,46,46,104.61,48.21,71.64,228.01,48.04,71.81,228.01
shuffled,1,324,decode,46,46,108.07,56.44,81.14,250.37,56.31,81.29,250.1
shuffled,1,325,decode,46,46,103.76,54.58,71.0,232.95,54.56,71.02,232.9
shuffled,1,326,decode,45,45,100.38,98.96,106.69,309.92,99.14,101.05,304.38
shuffled,1,327,decode,45,45,108.72,49.35,72.17,234.6,49.26,72.34,234.51
shuffled,1,328,decode,45,45,104.09,55.02,72.2,235.27,54.96,72.36,235.17
shuffled,1,329,decode,45,45,129.97,49.25,76.99,260.93,48.96,77.24,260.51
shuffled,1,330,decode,45,45,100.55,48.31,69.65,222.27,48.17,69.86,222.28
shuffled,1,331,decode,45,45,101.32,52.79,74.1,231.89,52.74,74.29,231.98
shuffled,1,332,decode,45,45,107.51,48.49,75.93,236.93,48.32,76.21,236.58
shuffled,1,333,decode,44,44,108.51,89.09,78.16,279.56,89.19,78.14,279.58
shuffled,1,334,decode,44,44,104.5,47.59,70.2,226.54,47.45,70.4,226.5
shuffled,1,335,decode,43,43,103.18,88.05,80.22,276.05,88.05,80.26,275.69
shuffled,1,336,decode,43,43,106.66,47.96,69.84,228.51,47.85,69.95,228.47
shuffled,1,337,decode,43,43,100.15,52.65,66.34,222.37,52.66,66.34,222.36
shuffled,1,338,decode,43,43,105.53,53.31,74.9,238.47,53.24,75.06,238.18
shuffled,1,339,decode,42,42,100.49,91.28,81.16,277.02,91.41,81.08,276.86
shuffled,1,340,decode,42,42,108.15,52.39,68.9,233.4,52.37,69.01,233.36
shuffled,1,341,decode,42,42,102.45,46.1,73.5,226.39,46.06,73.72,226.15
shuffled,1,342,decode,42,42,98.34,46.25,69.29,217.31,46.15,69.44,217.25
shuffled,1,343,decode,42,42,105.22,46.09,72.3,227.22,45.93,72.55,227.3
shuffled,1,344,decode,42,42,102.64,52.05,74.44,233.37,52.03,74.5,232.93
shuffled,1,345,decode,42,42,98.78,45.64,68.6,216.52,45.55,68.77,216.5
shuffled,1,346,decode,41,41,105.73,89.42,85.41,284.88,89.58,85.35,284.56
shuffled,1,347,decode,41,41,116.41,54.06,78.99,254.81,54.18,78.87,254.4
shuffled,1,348,decode,41,41,101.25,45.7,71.39,222.97,45.3,71.67,222.73
shuffled,1,349,decode,41,41,99.81,44.94,67.59,215.52,44.8,67.8,215.58
shuffled,1,350,decode,40,40,132.45,92.06,81.12,310.36,91.61,81.18,303.84
shuffled,1,351,decode,40,40,103.62,44.29,72.6,225.12,44.16,72.75,224.79
shuffled,1,352,decode,39,39,102.56,83.64,81.15,271.65,84.15,80.65,271.09
shuffled,1,353,decode,38,38,153.26,95.4,90.09,344.19,94.94,90.05,332.68
shuffled,1,354,decode,38,38,106.82,43.88,82.18,238.64,43.67,82.37,237.98
shuffled,1,355,decode,37,37,100.71,85.26,80.84,270.27,85.42,80.74,270.28
shuffled,1,356,decode,37,37,130.62,56.92,84.46,278.42,56.61,84.41,270.84
shuffled,1,357,decode,37,37,104.3,41.27,69.62,219.25,41.49,69.65,219.06
shuffled,1,358,decode,36,36,102.12,82.75,83.48,272.17,83.01,83.43,272.15
shuffled,1,359,decode,36,36,103.73,44.13,72.7,224.65,43.98,72.9,224.76
shuffled,1,360,decode,36,36,104.93,42.49,79.9,232.28,42.11,80.31,231.72
shuffled,1,361,decode,36,36,105.78,41.72,78.84,230.41,41.57,79.19,230.02
shuffled,1,362,decode,36,36,99.57,42.45,79.46,225.79,42.16,80.21,225.94
shuffled,1,363,decode,36,36,107.63,42.65,83.47,238.48,42.58,83.61,237.96
shuffled,1,364,decode,36,36,101.41,41.14,75.35,222.18,41.04,75.58,221.43
shuffled,1,365,decode,36,36,98.52,41.48,73.43,217.2,41.18,73.58,216.74
shuffled,1,366,decode,35,35,115.61,91.66,91.23,303.62,91.93,90.89,302.94
shuffled,1,367,decode,35,35,113.2,41.76,76.88,236.52,41.66,77.22,236.29
shuffled,1,368,decode,35,35,96.54,40.19,72.5,213.23,40.11,72.72,213.12
shuffled,1,369,decode,35,35,98.62,47.4,73.89,224.2,47.35,73.93,223.27
shuffled,1,370,decode,35,35,105.09,41.49,93.25,244.97,41.26,93.53,244.5
shuffled,1,371,decode,35,35,99.05,39.93,75.32,218.79,39.79,75.55,217.95
shuffled,1,372,decode,35,35,98.69,39.49,78.55,220.9,39.48,78.66,220.64
shuffled,1,373,decode,35,35,105.81,40.43,91.32,242.69,40.28,91.66,241.82
shuffled,1,374,decode,35,35,100.36,40.15,77.21,222.33,40.0,77.86,222.5
shuffled,1,375,decode,35,35,99.65,40.29,82.21,226.1,40.16,82.36,225.7
shuffled,1,376,decode,35,35,135.0,45.92,83.42,269.83,45.39,83.42,263.26
shuffled,1,377,decode,34,34,99.74,84.82,85.07,273.91,85.02,84.77,273.65
shuffled,1,378,decode,34,34,108.05,38.94,79.35,231.16,38.84,79.7,230.74
shuffled,1,379,decode,33,33,99.56,81.42,90.5,275.73,81.51,90.43,275.37
shuffled,1,380,decode,33,33,103.47,41.06,88.41,238.46,40.59,88.56,237.71
shuffled,1,381,decode,33,33,98.43,37.47,79.76,219.56,37.54,79.77,219.47
shuffled,1,382,decode,33,33,94.92,38.43,80.28,217.98,38.37,80.65,217.65
shuffled,1,383,decode,33,33,107.33,41.05,79.36,232.71,41.13,79.35,232.09
shuffled,1,384,decode,33,33,96.24,38.47,72.01,210.95,38.39,72.35,210.5
shuffled,1,385,decode,33,33,97.72,38.42,76.33,216.2,38.59,76.27,216.2
shuffled,1,386,decode,32,32,98.15,77.49,80.55,260.38,77.9,80.3,259.98
shuffled,1,387,decode,31,31,102.87,72.22,95.12,275.38,72.35,95.25,274.99
shuffled,1,388,decode,31,31,105.9,37.53,76.11,223.95,37.43,76.56,224.06
shuffled,1,389,decode,31,31,97.83,36.31,72.88,211.04,36.51,72.74,210.86
shuffled,1,390,decode,31,31,110.33,37.17,81.08,234.11,36.77,81.29,233.22
shuffled,1,391,decode,31,31,93.63,36.05,69.47,203.07,35.95,69.66,202.86
shuffled,1,392,decode,30,30,96.32,66.04,86.7,252.54,65.97,86.76,252.55
shuffled,1,393,decode,30,30,101.84,36.5,71.44,214.74,36.34,71.64,214.22
shuffled,1,394,decode,30,30,104.64,36.59,77.04,222.78,35.94,77.74,222.62
shuffled,1,395,decode,28,28,96.4,79.65,83.28,263.37,79.85,83.3,263.29
shuffled,1,396,decode,28,28,101.46,33.96,73.24,213.12,33.91,80.9,220.35
shuffled,1,397,decode,28,28,99.94,34.51,78.98,218.07,34.45,79.19,217.6
shuffled,1,398,decode,28,28,98.79,34.3,81.87,219.88,34.08,82.12,219.3
shuffled,1,399,decode,27,27,99.34,68.2,79.26,251.0,68.06,79.39,250.55
shuffled,1,400,decode,27,27,96.77,32.79,68.1,201.84,32.7,68.2,201.41
shuffled,1,401,decode,26,26,95.16,63.42,74.93,238.31,63.49,74.99,238.14
shuffled,1,402,decode,26,26,106.05,33.05,77.33,221.49,32.94,77.56,220.85
shuffled,1,403,decode,26,26,92.07,31.39,66.0,193.31,31.26,66.34,193.07
shuffled,1,404,decode,26,26,90.33,31.4,63.76,188.69,31.32,63.97,188.67
shuffled,1,405,decode,26,26,88.76,31.88,65.94,189.96,31.79,66.07,189.95
shuffled,1,406,decode,26,26,92.61,32.49,72.23,201.47,32.41,72.47,201.15
shuffled,1,407,decode,25,25,92.63,63.97,81.07,241.09,64.03,81.33,241.18
shuffled,1,408,decode,25,25,96.96,31.21,65.94,198.61,30.82,66.29,198.28
shuffled,1,409,decode,25,25,92.82,30.72,63.65,190.67,30.64,63.82,190.74
shuffled,1,410,decode,23,23,95.52,81.78,83.38,265.01,81.99,83.38,264.8
shuffled,1,411,decode,23,23,94.55,29.13,66.35,193.6,29.02,66.53,193.44
shuffled,1,412,decode,23,23,88.8,28.89,63.74,184.74,28.8,63.95,184.79
shuffled,1,413,decode,22,22,88.35,59.86,74.73,226.51,59.91,74.9,226.6
shuffled,1,414,decode,22,22,92.57,27.51,63.51,187.01,27.44,63.72,187.12
shuffled,1,415,decode,22,22,95.43,29.04,70.06,198.39,28.98,70.17,198.02
shuffled,1,416,decode,22,22,91.82,28.2,63.48,186.38,27.97,63.69,186.42
shuffled,1,417,decode,22,22,86.62,27.8,60.55,178.23,27.7,60.81,178.3
shuffled,1,418,decode,22,22,84.41,27.99,73.63,189.39,27.9,73.88,189.46
shuffled,1,419,decode,21,21,87.84,55.49,75.7,222.41,55.63,75.64,222.36
shuffled,1,420,decode,20,20,95.64,49.08,77.45,226.7,49.11,77.56,226.3
shuffled,1,421,decode,20,20,91.84,25.96,63.28,184.36,25.87,63.43,184.37
shuffled,1,422,decode,19,19,89.36,56.15,74.73,223.47,55.94,74.76,223.53
shuffled,1,423,decode,19,19,92.56,25.23,62.65,183.99,25.14,62.79,183.96
shuffled,1,424,decode,19,19,87.38,24.73,59.38,174.35,24.58,59.56,174.43
shuffled,1,425,decode,19,19,87.53,25.35,67.2,184.06,25.29,67.4,183.84
shuffled,1,426,decode,19,19,86.03,25.05,60.75,174.79,24.79,60.93,174.8
shuffled,1,427,decode,19,19,84.48,25.07,60.17,172.87,24.95,60.3,172.89
shuffled,1,428,decode,18,18,83.66,54.67,67.49,209.14,54.76,67.62,209.24
shuffled,1,429,decode,17,17,88.99,50.55,67.28,210.42,50.7,67.29,210.21
shuffled,1,430,decode,17,17,93.89,22.57,66.08,187.14,22.41,66.32,186.66
shuffled,1,431,decode,17,17,87.39,22.35,61.09,174.16,22.3,61.31,174.23
shuffled,1,432,decode,16,16,86.75,47.29,72.14,209.92,47.36,72.15,209.55
shuffled,1,433,decode,15,15,91.16,48.71,67.19,210.38,48.67,67.66,210.56
shuffled,1,434,decode,15,15,89.04,21.27,60.87,175.45,20.89,61.24,175.13
shuffled,1,435,decode,15,15,85.81,20.55,58.44,167.79,20.5,58.62,167.64
shuffled,1,436,decode,15,15,87.76,20.98,64.85,177.24,20.86,65.13,177.01
shuffled,1,437,decode,15,15,84.65,20.6,60.0,168.02,20.44,60.21,168.04
shuffled,1,438,decode,15,15,85.31,20.4,58.79,167.94,20.25,59.03,167.74
shuffled,1,439,decode,15,15,83.79,19.98,59.33,166.1,19.96,59.51,166.2
shuffled,1,440,decode,15,15,82.53,20.62,63.65,170.63,20.54,63.82,170.3
shuffled,1,441,decode,15,15,82.47,19.95,59.68,165.4,19.86,59.9,165.09
shuffled,1,442,decode,15,15,85.21,20.77,65.63,175.88,20.73,66.08,175.72
shuffled,1,443,decode,15,15,82.45,21.22,59.48,166.53,20.99,59.67,166.34
shuffled,1,444,decode,14,14,81.73,50.4,68.5,203.37,50.37,68.79,203.58
shuffled,1,445,decode,14,14,88.49,19.62,58.7,170.32,19.52,58.84,169.96
shuffled,1,446,decode,14,14,85.3,19.45,57.93,165.77,19.28,58.39,165.97
shuffled,1,447,decode,14,14,92.24,20.54,61.63,178.82,20.28,61.88,178.3
shuffled,1,448,decode,14,14,86.65,35.13,90.48,216.05,28.39,90.86,209.38
shuffled,1,449,decode,13,13,86.87,45.55,69.61,205.86,45.65,69.85,206.0
shuffled,1,450,decode,13,13,89.32,19.54,65.05,178.21,19.46,65.39,178.14
shuffled,1,451,decode,12,12,86.32,49.34,66.95,206.36,49.34,67.08,206.34
shuffled,1,452,decode,11,11,86.31,45.43,71.1,206.3,45.51,71.19,206.3
shuffled,1,453,decode,10,10,87.62,44.51,69.02,204.7,43.95,69.2,204.85
shuffled,1,454,decode,10,10,88.25,16.81,64.3,172.75,16.73,64.42,172.74
shuffled,1,455,decode,9,9,86.03,44.9,74.88,210.14,44.64,75.2,209.94
shuffled,1,456,decode,9,9,85.95,15.97,63.42,168.74,15.56,63.87,168.88
shuffled,1,457,decode,9,9,82.11,15.22,61.98,162.46,15.08,62.29,162.6
shuffled,1,458,decode,9,9,78.81,15.32,61.65,159.02,15.14,61.8,159.07
shuffled,1,459,decode,9,9,79.09,15.03,60.91,157.4,14.94,61.12,157.52
shuffled,1,460,decode,9,9,78.11,15.02,60.74,156.93,14.9,60.97,156.65
shuffled,1,461,decode,9,9,78.18,15.86,59.6,157.06,15.75,59.83,156.59
shuffled,1,462,decode,9,9,79.0,14.6,58.76,155.36,14.5,59.08,155.31
shuffled,1,463,decode,9,9,88.79,15.86,66.33,174.64,15.86,66.55,174.62
shuffled,1,464,decode,8,8,78.5,44.5,67.69,193.47,44.54,67.81,193.53
shuffled,1,465,decode,7,7,85.12,37.75,67.43,193.38,37.76,67.66,193.65
shuffled,1,466,decode,7,7,84.59,13.55,64.21,166.38,13.45,64.44,166.02
shuffled,1,467,decode,6,6,78.72,34.33,66.14,182.35,34.34,66.28,182.54
shuffled,1,468,decode,6,6,83.52,12.31,59.78,159.06,12.45,59.73,158.87
shuffled,1,469,decode,6,6,79.76,11.96,58.01,152.82,11.84,58.2,152.91
shuffled,1,470,decode,6,6,76.26,11.98,58.23,149.72,11.85,58.45,149.85
shuffled,1,471,decode,5,5,76.28,40.03,65.09,184.54,40.41,64.98,184.46
shuffled,1,472,decode,5,5,86.81,12.63,67.49,171.95,12.18,67.76,171.68
shuffled,1,473,decode,5,5,88.43,11.52,62.97,167.05,11.28,63.45,167.08
shuffled,1,474,decode,4,4,79.78,33.45,64.81,181.96,33.61,64.71,181.74
shuffled,1,475,decode,4,4,80.57,10.36,60.2,154.54,10.26,60.38,154.22
shuffled,1,476,decode,4,4,79.23,9.67,59.45,151.19,9.58,59.67,151.34
shuffled,1,477,decode,4,4,90.25,10.05,61.5,164.72,9.98,61.67,164.83
shuffled,1,478,decode,4,4,76.93,10.38,69.88,160.56,10.5,69.97,160.46
shuffled,1,479,decode,4,4,79.2,10.26,59.96,152.61,10.17,60.21,152.75
shuffled,1,480,decode,3,3,77.77,31.63,68.09,180.93,31.62,68.15,180.78
shuffled,1,481,decode,3,3,82.38,9.07,60.89,155.54,8.99,61.11,155.66
shuffled,1,482,decode,2,2,76.9,50.07,88.41,219.57,42.04,88.62,211.36
shuffled,1,483,decode,2,2,87.66,8.68,61.0,161.15,8.54,61.23,160.76
shuffled,1,484,decode,2,2,77.86,8.26,58.07,147.25,8.25,58.15,147.13
shuffled,1,485,decode,2,2,77.71,8.25,58.53,147.52,8.15,59.06,147.69
shuffled,1,486,decode,2,2,84.25,8.93,60.26,156.8,8.55,60.5,156.78
shuffled,1,487,decode,2,2,76.78,7.93,57.51,145.35,7.81,57.83,145.29
shuffled,1,488,decode,2,2,74.44,8.03,57.61,143.4,8.1,57.55,143.27
shuffled,1,489,decode,2,2,74.06,7.81,56.44,141.5,7.7,56.6,141.3
shuffled,1,490,decode,2,2,74.39,8.08,57.42,142.54,8.03,57.59,142.63
shuffled,1,491,decode,2,2,74.85,8.33,55.04,141.06,8.28,55.19,141.05
shuffled,1,492,decode,2,2,74.49,7.79,56.69,142.04,7.69,56.89,141.78
shuffled,1,493,decode,1,1,76.56,36.1,70.33,185.28,35.96,70.35,185.47
shuffled,1,494,decode,1,1,90.0,7.61,60.84,161.88,7.46,61.23,162.13
shuffled,1,495,decode,1,1,82.48,7.25,76.34,169.24,7.15,64.57,157.01
shuffled,2,0,prefill,1,4096,648.25,399.09,201.47,1257.26,397.54,201.35,1254.15
shuffled,2,1,decode,1,1,115.17,19.7,87.78,230.39,19.28,87.95,229.41
shuffled,2,2,decode,1,1,98.91,9.53,85.74,197.99,9.21,77.37,189.52
shuffled,2,3,decode,1,1,86.99,8.04,63.16,161.83,7.87,63.68,161.92
shuffled,2,4,mixed,2,4097,520.03,334.44,160.46,1019.97,333.1,160.57,1020.65
shuffled,2,5,decode,2,2,104.01,19.57,81.35,212.22,19.2,81.41,211.77
shuffled,2,6,mixed,3,4098,479.02,396.38,155.98,1036.24,392.43,155.72,1033.75
shuffled,2,7,mixed,4,2051,476.17,307.98,130.31,922.72,306.53,130.4,922.49
shuffled,2,8,decode,4,4,105.18,20.57,83.74,216.44,20.39,83.97,215.84
shuffled,2,9,decode,4,4,87.23,11.13,60.68,162.18,11.05,60.78,162.22
shuffled,2,10,mixed,5,2052,465.02,269.21,124.72,863.23,268.6,124.62,871.67
shuffled,2,11,mixed,6,2053,493.32,272.7,125.44,898.56,270.63,125.38,889.8
shuffled,2,12,decode,6,6,99.94,21.65,77.24,205.59,21.21,77.43,205.01
shuffled,2,13,decode,6,6,87.43,13.31,62.1,166.59,13.19,62.25,166.63
shuffled,2,14,decode,6,6,81.99,12.58,58.41,155.9,12.42,58.63,155.96
shuffled,2,15,decode,6,6,85.86,12.64,64.59,166.29,12.46,64.97,166.35
shuffled,2,16,mixed,7,4102,445.55,299.33,151.25,900.8,298.41,151.04,901.31
shuffled,2,17,decode,7,7,104.79,23.21,77.46,212.6,22.92,77.65,211.62
shuffled,2,18,mixed,8,4103,435.66,307.54,187.81,936.19,306.51,175.85,924.85
shuffled,2,19,decode,8,8,108.5,26.82,87.63,230.21,26.53,87.86,229.42
shuffled,2,20,mixed,9,2056,455.42,260.19,129.9,850.73,259.18,129.74,851.11
shuffled,2,21,decode,9,9,110.7,25.21,84.09,227.64,24.91,84.31,226.72
shuffled,2,22,decode,9,9,97.92,15.59,69.53,187.07,15.39,69.81,186.92
shuffled,2,23,mixed,10,2057,458.38,283.6,128.32,875.42,282.12,128.35,875.91
shuffled,2,24,decode,10,10,110.69,27.91,129.37,276.46,27.65,123.58,269.01
shuffled,2,25,decode,10,10,99.77,17.63,70.78,192.57,17.29,70.94,192.29
shuffled,2,26,decode,10,10,88.92,16.3,62.93,171.41,16.17,63.04,171.4
shuffled,2,27,decode,10,10,84.42,16.33,62.5,166.78,15.98,62.88,166.73
shuffled,2,28,decode,10,10,85.6,16.25,62.5,168.09,16.12,62.91,167.69
shuffled,2,29,decode,10,10,81.88,16.12,69.06,170.3,15.88,69.29,170.02
shuffled,2,30,mixed,11,4106,459.73,355.38,161.1,982.08,354.06,161.24,982.74
shuffled,2,31,decode,11,11,107.55,28.31,93.76,237.23,27.96,94.23,236.38
shuffled,2,32,decode,11,11,89.18,17.57,79.02,190.24,17.45,79.41,189.94
shuffled,2,33,mixed,12,2059,500.84,329.12,145.59,981.59,327.73,145.38,981.69
shuffled,2,34,mixed,13,4108,473.79,329.86,166.63,978.72,328.5,167.02,978.43
shuffled,2,35,decode,13,13,109.52,31.26,90.89,239.92,31.0,90.96,238.95
shuffled,2,36,decode,13,13,92.93,20.13,67.68,185.04,19.8,68.17,185.18
shuffled,2,37,decode,13,13,85.81,18.77,63.74,171.85,18.77,63.8,171.44
shuffled,2,38,decode,13,13,84.97,18.42,59.53,165.81,18.34,59.74,165.84
shuffled,2,39,mixed,14,2061,454.17,292.37,137.37,889.29,290.88,137.12,889.5
shuffled,2,40,decode,14,14,110.29,30.98,89.5,238.92,30.62,89.46,237.48
shuffled,2,41,decode,14,14,91.17,20.31,69.68,185.16,20.17,69.91,185.2
shuffled,2,42,mixed,15,2062,460.13,281.58,137.83,885.54,279.97,137.94,885.66
shuffled,2,43,mixed,16,4111,480.13,359.78,182.32,1031.07,346.22,182.07,1018.67
shuffled,2,44,decode,16,16,109.75,33.15,86.7,237.45,32.9,86.79,236.69
shuffled,2,45,decode,16,16,93.39,22.18,68.2,187.83,22.05,68.44,187.43
shuffled,2,46,decode,16,16,87.42,21.78,64.08,176.71,21.63,64.31,176.46
shuffled,2,47,decode,16,16,90.28,22.03,74.03,190.88,21.91,74.24,190.48
shuffled,2,48,decode,16,16,85.96,21.48,66.01,176.62,21.38,66.25,176.66
shuffled,2,49,decode,16,16,86.64,21.48,65.06,176.33,21.34,65.25,176.19
shuffled,2,50,decode,16,16,85.57,21.4,66.79,177.47,21.33,66.93,176.87
shuffled,2,51,mixed,17,2064,490.45,289.04,138.18,922.51,287.57,138.28,923.19
shuffled,2,52,decode,17,17,107.68,34.2,89.13,239.45,33.92,89.34,237.87
shuffled,2,53,decode,17,17,93.41,23.69,67.28,188.51,23.57,67.51,188.28
shuffled,2,54,decode,17,17,88.68,22.52,64.16,178.42,22.37,64.33,178.51
shuffled,2,55,decode,17,17,112.3,31.76,76.26,224.88,31.48,76.36,217.77
shuffled,2,56,decode,17,17,89.25,22.54,62.41,177.31,22.43,62.63,177.37
shuffled,2,57,decode,17,17,87.23,22.48,64.82,178.03,22.15,65.15,178.21
shuffled,2,58,decode,17,17,87.9,23.1,72.47,186.98,22.55,72.73,186.99
shuffled,2,59,decode,17,17,86.89,22.45,70.14,182.99,22.34,70.36,182.86
shuffled,2,60,decode,17,17,86.43,22.16,65.35,177.08,22.07,65.57,177.1
shuffled,2,61,decode,17,17,99.03,23.42,68.08,194.6,23.1,68.3,194.31
shuffled,2,62,decode,17,17,85.42,22.5,61.86,172.54,22.21,62.09,172.6
shuffled,2,63,decode,17,17,85.25,22.89,62.55,173.62,22.77,62.76,173.59
shuffled,2,64,mixed,18,4113,494.89,322.11,164.56,986.69,320.41,164.38,986.82
shuffled,2,65,decode,18,18,109.99,35.54,90.77,243.63,35.03,90.91,242.59
shuffled,2,66,decode,18,18,92.52,23.74,68.2,188.59,23.61,68.41,188.09
shuffled,2,67,decode,18,18,89.28,23.83,63.35,179.58,23.76,63.47,179.5
shuffled,2,68,decode,18,18,91.1,24.11,65.23,183.9,24.0,65.42,183.59
shuffled,2,69,decode,18,18,129.23,30.03,77.3,240.61,29.53,77.78,233.73
shuffled,2,70,mixed,19,4114,501.55,319.58,159.52,986.04,318.29,159.35,986.36
shuffled,2,71,decode,19,19,114.3,39.89,125.11,286.76,39.62,114.69,275.01
shuffled,2,72,decode,19,19,96.86,26.81,71.29,199.4,26.58,71.53,199.14
shuffled,2,73,decode,19,19,91.87,27.59,76.45,199.7,27.68,76.47,199.26
shuffled,2,74,decode,19,19,88.01,26.35,72.09,190.07,26.28,72.2,189.8
shuffled,2,75,decode,19,19,87.87,25.68,70.54,187.32,25.53,70.74,187.35
shuffled,2,76,decode,19,19,88.74,25.22,70.72,188.26,25.34,70.7,187.99
shuffled,2,77,mixed,20,2067,493.49,308.09,141.26,948.53,306.92,141.56,958.1
shuffled,2,78,decode,20,20,110.89,40.25,95.99,256.16,40.18,95.88,254.35
shuffled,2,79,mixed,21,2068,523.2,295.87,144.01,969.18,295.93,143.18,969.68
shuffled,2,80,decode,21,21,107.85,40.69,103.27,259.66,40.48,103.91,258.93
shuffled,2,81,decode,21,21,96.16,29.12,76.4,206.06,28.78,76.64,205.98
shuffled,2,82,decode,21,21,95.05,29.05,84.53,212.64,28.99,85.16,212.55
shuffled,2,83,mixed,22,4117,522.83,341.92,168.55,1038.46,340.17,168.92,1039.29
shuffled,2,84,decode,22,22,112.9,42.71,102.9,267.84,42.16,103.01,266.28
shuffled,2,85,decode,22,22,95.64,28.39,69.85,197.83,28.22,70.33,198.09
shuffled,2,86,decode,22,22,91.75,28.57,79.55,203.71,28.5,79.74,203.2
shuffled,2,87,decode,22,22,89.23,27.65,71.69,191.95,27.52,71.91,191.77
shuffled,2,88,decode,22,22,93.71,29.03,82.22,209.73,28.89,82.37,208.81
shuffled,2,89,decode,22,22,89.53,27.88,71.67,192.71,27.79,72.37,192.87
shuffled,2,90,mixed,23,4118,530.13,346.41,173.01,1055.0,345.13,172.27,1054.75
shuffled,2,91,decode,23,23,114.78,43.61,101.72,268.25,43.41,101.86,267.61
shuffled,2,92,decode,23,23,104.23,30.14,80.73,219.86,29.87,81.2,219.38
shuffled,2,93,decode,23,23,94.05,29.7,75.3,203.1,29.4,75.55,202.83
shuffled,2,94,mixed,24,2071,476.28,290.52,135.92,909.39,289.08,135.98,909.37
shuffled,2,95,decode,24,24,108.13,41.49,94.11,251.88,41.21,94.35,250.67
shuffled,2,96,mixed,25,2072,484.03,281.13,134.82,906.78,279.5,134.94,897.32
shuffled,2,97,mixed,26,2073,453.06,285.5,147.98,895.41,283.97,148.14,894.8
shuffled,2,98,decode,26,26,110.27,45.65,98.8,264.66,45.38,98.94,263.03
shuffled,2,99,mixed,27,2074,451.72,281.56,132.02,871.39,280.47,131.6,871.44
shuffled,2,100,decode,27,27,113.61,44.82,99.8,266.67,44.5,99.91,265.13
shuffled,2,101,decode,27,27,96.39,33.69,73.24,207.9,33.52,73.6,207.56
shuffled,2,102,mixed,28,2075,505.08,284.76,147.1,942.16,291.89,147.19,938.83
shuffled,2,103,decode,28,28,110.28,46.1,95.81,260.07,45.66,95.86,259.21
shuffled,2,104,decode,28,28,116.37,35.13,75.88,232.82,34.84,75.98,232.2
shuffled,2,105,decode,28,28,93.8,33.06,67.37,197.64,32.92,67.52,197.72
shuffled,2,106,decode,28,28,90.3,33.57,65.38,193.18,33.19,65.57,192.69
shuffled,2,107,decode,28,28,98.17,33.04,65.96,201.25,32.9,66.08,201.01
shuffled,2,108,decode,28,28,90.11,32.59,89.34,215.12,32.48,80.01,205.49
shuffled,2,109,decode,28,28,91.59,33.02,72.46,201.25,32.61,72.64,201.0
shuffled,2,110,mixed,29,2076,451.6,276.5,131.81,865.96,275.14,131.68,866.15
shuffled,2,111,decode,29,29,116.96,45.93,92.68,264.53,45.57,92.96,263.69
shuffled,2,112,decode,29,29,97.79,34.52,68.7,205.44,34.46,68.99,205.3
shuffled,2,113,decode,29,29,91.95,34.32,66.96,197.43,34.17,67.4,197.38
shuffled,2,114,decode,29,29,90.05,32.93,65.36,192.62,32.8,65.58,192.15
shuffled,2,115,decode,29,29,94.24,34.94,73.44,207.02,34.73,73.68,206.75
shuffled,2,116,decode,29,29,90.47,34.03,65.25,193.68,33.61,65.43,193.57
shuffled,2,117,decode,29,29,97.71,34.34,66.43,201.83,34.2,66.6,201.69
shuffled,2,118,decode,29,29,90.98,33.96,65.38,193.69,33.75,65.61,193.53
shuffled,2,119,decode,29,29,91.77,33.84,73.58,203.08,33.73,81.48,210.66
shuffled,2,120,decode,29,29,91.92,34.0,70.23,199.69,33.79,70.49,199.71
shuffled,2,121,mixed,30,2077,466.01,281.66,134.82,887.88,280.19,134.91,888.28
shuffled,2,122,decode,30,30,112.36,46.43,90.77,257.59,46.2,91.13,256.76
shuffled,2,123,mixed,31,2078,446.58,285.67,131.63,869.62,284.75,131.62,870.04
shuffled,2,124,decode,31,31,114.04,47.67,91.7,262.47,47.36,91.97,261.4
shuffled,2,125,decode,31,31,98.15,37.56,69.89,209.69,37.43,70.19,209.59
shuffled,2,126,decode,31,31,95.0,36.49,65.85,201.0,36.23,66.13,200.78
shuffled,2,127,decode,31,31,99.27,37.71,75.75,217.24,37.61,76.0,217.09
shuffled,2,128,decode,31,31,93.2,36.49,70.61,203.89,36.39,70.86,203.95
shuffled,2,129,decode,31,31,93.97,43.24,67.37,207.9,43.15,67.52,207.69
shuffled,2,130,mixed,32,2079,505.38,285.34,136.58,932.87,283.75,136.61,920.57
shuffled,2,131,mixed,33,2080,451.19,280.09,131.57,871.07,278.97,131.27,870.92
shuffled,2,132,decode,33,33,117.92,50.88,94.52,271.57,50.8,94.66,270.78
shuffled,2,133,decode,33,33,102.92,45.13,75.82,228.56,45.13,76.05,228.43
shuffled,2,134,decode,33,33,98.68,39.22,74.35,217.28,39.12,74.58,216.72
shuffled,2,135,decode,33,33,97.01,43.85,67.13,211.52,43.77,67.35,211.63
shuffled,2,136,mixed,34,2081,450.16,280.48,133.24,869.2,278.93,133.1,869.77
shuffled,2,137,decode,34,34,113.63,50.05,92.19,264.71,49.84,92.4,263.14
shuffled,2,138,decode,34,34,99.32,39.93,69.71,213.02,39.87,69.87,212.76
shuffled,2,139,mixed,36,4130,843.99,485.52,170.75,1505.69,484.43,171.22,1496.4
shuffled,2,140,decode,36,36,124.93,59.45,104.33,299.73,59.26,104.52,298.04
shuffled,2,141,decode,36,36,104.72,41.89,75.61,228.36,41.73,76.12,228.02
shuffled,2,142,decode,36,36,99.26,42.16,74.82,220.72,42.4,74.61,220.45
shuffled,2,143,mixed,37,4132,508.6,345.75,173.59,1034.23,344.41,173.15,1034.5
shuffled,2,144,decode,37,37,120.2,57.23,106.53,293.58,56.84,106.67,291.7
shuffled,2,145,mixed,38,4133,504.91,344.34,169.85,1025.83,343.24,169.88,1026.31
shuffled,2,146,decode,38,38,117.62,58.18,110.04,296.04,57.88,110.17,294.34
shuffled,2,147,decode,38,38,104.9,48.74,77.48,235.25,49.03,77.3,235.13
shuffled,2,148,decode,38,38,100.13,44.15,80.73,229.16,43.77,81.16,229.37
shuffled,2,149,decode,38,38,106.29,51.81,81.66,244.8,51.63,81.83,244.03
shuffled,2,150,decode,38,38,99.53,42.61,76.54,223.38,42.18,76.66,223.09
shuffled,2,151,mixed,39,4134,601.2,330.7,171.78,1110.89,329.65,171.48,1091.94
shuffled,2,152,decode,39,39,119.07,61.54,98.32,288.21,61.32,98.35,286.59
shuffled,2,153,decode,39,39,114.02,48.23,89.05,256.72,47.93,89.27,264.94
shuffled,2,154,mixed,41,6183,853.13,627.02,203.28,1689.76,625.52,203.47,1690.6
shuffled,2,155,decode,41,41,135.06,64.72,150.88,363.23,64.25,143.04,352.8
shuffled,2,156,decode,41,41,115.54,48.39,85.89,255.81,47.98,86.46,255.73
shuffled,2,157,mixed,42,4137,556.78,343.23,177.69,1083.95,341.34,178.02,1084.42
shuffled,2,158,decode,42,42,130.55,63.47,110.06,313.64,63.34,110.16,312.11
shuffled,2,159,decode,42,42,120.5,72.77,92.98,291.96,63.55,92.92,282.06
shuffled,2,160,decode,42,42,116.28,49.78,86.73,258.29,49.7,87.17,257.96
shuffled,2,161,decode,42,42,116.68,50.53,81.35,253.41,50.81,81.33,253.26
shuffled,2,162,decode,42,42,116.89,59.62,94.55,275.73,59.34,94.98,275.64
shuffled,2,163,mixed,43,2090,651.3,334.26,153.03,1145.92,332.41,152.97,1146.27
shuffled,2,164,mixed,44,2091,646.01,332.86,164.68,1155.31,331.68,164.32,1153.28
shuffled,2,165,decode,44,44,155.23,67.69,125.5,359.95,67.49,125.79,357.58
shuffled,2,166,mixed,45,4140,631.0,381.55,216.51,1235.97,379.75,208.62,1228.44
shuffled,2,167,decode,45,45,156.69,67.56,122.13,357.3,67.01,122.65,355.58
shuffled,2,168,decode,45,45,130.08,62.53,94.97,293.3,62.37,95.19,292.84
shuffled,2,169,decode,45,45,121.14,52.08,88.17,267.03,51.68,88.5,266.0
shuffled,2,170,decode,45,45,110.78,50.98,78.57,244.55,50.7,78.76,244.39
shuffled,2,171,decode,45,45,119.34,59.24,91.28,275.32,58.87,91.44,280.65
shuffled,2,172,mixed,46,4141,641.48,398.86,183.4,1230.38,397.63,183.21,1230.86
shuffled,2,173,mixed,47,4142,624.39,389.03,186.39,1210.29,387.59,186.45,1209.65
shuffled,2,174,decode,47,47,148.94,69.63,109.5,338.68,69.22,109.72,337.35
shuffled,2,175,decode,47,47,182.79,84.53,143.11,420.56,84.09,143.44,418.9
shuffled,2,176,mixed,48,2095,749.78,498.42,196.69,1456.49,497.49,195.79,1455.05
shuffled,2,177,mixed,49,4144,579.52,411.05,205.58,1207.64,409.33,189.36,1190.39
shuffled,2,178,decode,49,49,145.97,74.18,114.11,344.5,73.91,114.21,343.02
shuffled,2,179,decode,49,49,117.1,53.89,97.23,273.9,53.23,97.5,273.13
shuffled,2,180,decode,49,49,115.72,60.78,95.41,277.3,60.88,95.37,276.48
shuffled,2,181,decode,49,49,107.3,52.32,84.04,248.01,52.26,84.38,248.29
shuffled,2,182,decode,49,49,110.09,54.56,90.58,260.46,54.08,90.73,259.73
shuffled,2,183,decode,49,49,104.33,52.4,84.47,246.25,52.06,84.71,245.37
shuffled,2,184,decode,49,49,108.68,53.46,92.86,260.26,53.33,93.46,259.93
shuffled,2,185,decode,49,49,114.06,52.83,92.0,263.45,52.69,92.55,263.41
shuffled,2,186,decode,49,49,103.6,53.11,86.43,247.66,52.92,86.6,246.95
shuffled,2,187,decode,49,49,106.02,53.25,90.05,254.51,53.11,90.94,254.37
shuffled,2,188,mixed,50,4145,587.3,352.26,177.19,1123.02,350.78,177.43,1123.37
shuffled,2,189,decode,50,50,130.22,69.29,108.73,317.57,68.69,108.71,316.3
shuffled,2,190,decode,50,50,130.55,61.04,97.23,295.22,60.76,97.43,284.43
shuffled,2,191,decode,50,50,111.38,53.63,90.19,259.85,53.49,90.43,259.35
shuffled,2,192,decode,50,50,107.01,53.7,91.37,256.76,53.58,91.57,256.14
shuffled,2,193,mixed,51,2098,579.36,306.16,153.23,1045.53,304.92,153.37,1045.65
shuffled,2,194,decode,51,51,126.9,66.44,103.87,307.01,66.24,104.02,305.65
shuffled,2,195,mixed,52,4147,499.25,333.21,170.24,1009.08,331.81,169.97,1009.2
shuffled,2,196,mixed,53,4148,509.04,336.12,173.74,1029.35,334.88,173.54,1028.32
shuffled,2,197,mixed,54,4149,500.17,333.6,169.28,1013.59,332.56,169.29,1012.92
shuffled,2,198,decode,54,54,132.49,69.97,104.13,315.73,69.74,104.09,314.47
shuffled,2,199,mixed,55,4150,484.53,348.85,167.32,1006.82,339.76,166.97,999.02
shuffled,2,200,decode,55,55,130.83,70.18,98.82,309.51,69.91,99.18,308.7
shuffled,2,201,decode,55,55,114.14,57.89,83.57,261.17,57.71,83.86,260.6
shuffled,2,202,decode,55,55,110.73,58.87,81.17,255.37,58.64,81.61,255.38
shuffled,2,203,decode,55,55,134.86,58.58,79.33,277.94,58.35,79.46,266.67
shuffled,2,204,decode,55,55,108.7,57.52,78.38,249.96,57.4,78.52,249.39
shuffled,2,205,decode,55,55,109.31,56.24,74.92,244.65,56.21,75.1,244.56
shuffled,2,206,decode,55,55,111.11,65.26,84.68,266.08,65.16,84.99,265.78
shuffled,2,207,decode,55,55,116.57,58.5,82.04,261.91,58.43,82.16,261.63
shuffled,2,208,mixed,56,4151,598.4,361.14,171.37,1137.61,359.62,171.37,1137.79
shuffled,2,209,mixed,57,2104,527.06,315.42,142.64,995.22,314.16,142.47,994.51
shuffled,2,210,decode,57,57,155.18,73.12,98.98,336.49,72.73,99.32,323.95
shuffled,2,211,mixed,58,2105,549.56,314.62,142.15,1013.36,313.42,142.05,1013.73
shuffled,2,212,decode,58,58,126.86,75.88,98.83,309.89,75.63,98.92,308.75
shuffled,2,213,decode,58,58,113.44,61.41,76.77,256.73,61.22,76.91,256.62
shuffled,2,214,decode,58,58,150.38,67.59,156.85,384.22,67.29,157.16,382.64
shuffled,2,215,mixed,59,4154,1432.81,654.12,183.88,2278.14,652.99,183.71,2266.66
shuffled,2,216,decode,59,59,150.53,75.44,111.28,349.6,75.11,111.55,348.06
shuffled,2,217,decode,59,59,124.81,63.07,86.56,279.62,62.81,86.9,279.53
shuffled,2,218,mixed,60,2107,638.05,305.86,143.17,1093.34,304.96,142.87,1079.42
shuffled,2,219,decode,60,60,138.64,78.15,127.2,353.48,77.39,115.78,340.83
shuffled,2,220,decode,60,60,120.78,61.85,87.07,275.06,61.75,87.31,274.71
shuffled,2,221,decode,60,60,116.73,62.7,86.3,271.5,62.58,86.69,270.82
shuffled,2,222,decode,60,60,122.01,62.85,100.99,291.2,62.54,101.22,290.56
shuffled,2,223,decode,60,60,119.89,69.58,81.32,275.52,69.55,81.43,274.91
shuffled,2,224,mixed,61,2108,600.65,314.27,149.54,1071.28,313.06,149.44,1071.04
shuffled,2,225,decode,61,61,143.86,84.33,111.02,348.83,84.14,111.19,347.75
shuffled,2,226,mixed,62,4157,600.2,351.88,200.82,1159.55,350.93,200.69,1159.78
shuffled,2,227,decode,62,62,138.22,78.61,117.38,346.1,77.98,117.53,344.32
shuffled,2,228,decode,62,62,126.99,71.42,90.18,293.99,71.52,90.42,293.58
shuffled,2,229,decode,62,62,123.36,65.79,88.29,282.68,65.63,88.49,282.13
shuffled,2,230,decode,62,62,122.23,66.62,96.11,290.63,66.52,96.41,289.99
shuffled,2,231,decode,62,62,125.28,71.33,89.06,290.76,71.53,88.97,290.26
shuffled,2,232,decode,62,62,123.91,64.03,97.38,291.34,63.97,97.56,290.59
shuffled,2,233,decode,62,62,119.49,63.68,84.34,272.21,63.4,84.51,271.9
shuffled,2,234,decode,62,62,117.59,64.02,88.36,274.96,63.83,88.59,274.31
shuffled,2,235,decode,62,62,128.27,64.72,88.97,286.59,64.28,89.49,286.45
shuffled,2,236,decode,62,62,118.31,74.09,119.22,316.03,66.08,119.4,307.93
shuffled,2,237,mixed,63,4158,616.94,356.6,209.99,1190.68,355.43,209.98,1190.4
shuffled,2,238,decode,63,63,140.78,78.07,117.03,344.91,77.83,117.61,344.04
shuffled,2,239,decode,63,63,142.41,102.46,94.46,346.07,102.39,94.57,339.73
shuffled,2,240,mixed,64,4159,551.87,339.73,191.6,1089.63,338.63,191.71,1089.94
shuffled,2,241,decode,64,64,137.11,79.5,104.49,330.46,79.25,104.61,329.09
shuffled,2,242,decode,64,64,122.23,68.7,117.84,313.43,68.61,109.89,305.26
shuffled,2,243,decode,64,64,212.62,103.47,157.77,483.26,103.37,158.13,482.25
shuffled,2,244,decode,64,64,136.5,68.86,98.51,310.26,68.67,98.83,309.64
shuffled,2,245,decode,64,64,136.51,70.04,103.59,316.21,69.62,103.86,315.64
shuffled,2,246,decode,64,64,130.21,69.59,109.32,315.6,69.42,109.51,314.14
shuffled,2,247,decode,64,64,124.54,66.2,94.19,289.8,66.04,94.42,289.45
shuffled,2,248,decode,64,64,121.2,66.72,100.09,293.17,66.59,100.35,292.65
shuffled,2,249,decode,64,64,122.15,67.85,102.91,298.77,67.71,103.14,298.28
shuffled,2,250,decode,64,64,218.75,132.29,172.36,534.37,132.36,172.82,533.0
shuffled,2,251,decode,64,64,225.76,119.63,164.05,520.46,119.21,164.45,518.68
shuffled,2,252,decode,64,64,141.66,80.93,108.74,338.46,80.94,108.99,337.11
shuffled,2,253,decode,64,64,136.47,68.71,131.03,342.57,68.5,131.95,342.22
shuffled,2,254,decode,64,64,139.36,69.76,107.85,323.99,69.65,108.19,322.57
shuffled,2,255,decode,64,64,135.18,70.61,114.52,326.91,70.34,114.81,325.55
shuffled,2,256,decode,63,63,130.82,133.59,112.3,382.12,133.98,112.22,381.36
shuffled,2,257,decode,63,63,130.14,67.61,104.07,308.19,67.5,104.35,307.12
shuffled,2,258,decode,63,63,124.32,68.89,101.25,299.75,68.55,101.77,299.28
shuffled,2,259,decode,63,63,126.95,73.29,100.35,306.73,73.29,100.71,305.76
shuffled,2,260,decode,62,62,129.07,140.82,110.26,385.73,140.88,110.4,384.77
shuffled,2,261,decode,62,62,130.25,68.54,109.34,314.67,68.43,109.58,313.53
shuffled,2,262,decode,61,61,130.04,131.22,114.64,381.92,131.17,114.57,380.95
shuffled,2,263,decode,60,60,130.4,124.06,103.51,363.92,124.16,103.82,363.46
shuffled,2,264,decode,60,60,136.18,68.27,107.12,317.62,67.96,107.27,316.74
shuffled,2,265,decode,60,60,129.27,72.02,99.15,305.86,71.94,99.37,304.98
shuffled,2,266,decode,59,59,139.64,140.1,117.01,404.11,140.25,116.97,402.75
shuffled,2,267,decode,58,58,216.12,183.26,113.36,523.1,182.97,113.18,521.02
shuffled,2,268,decode,58,58,138.67,76.62,104.45,326.36,76.61,104.34,325.64
shuffled,2,269,decode,58,58,129.0,64.95,102.36,303.23,64.99,102.4,302.65
shuffled,2,270,decode,58,58,148.14,62.76,97.69,314.94,62.36,97.85,314.45
shuffled,2,271,decode,58,58,125.79,64.46,101.74,297.08,64.25,101.95,296.28
shuffled,2,272,decode,57,57,123.02,135.62,100.01,364.05,135.86,100.05,363.8
shuffled,2,273,decode,57,57,125.11,61.56,91.7,284.12,61.43,91.64,283.64
shuffled,2,274,decode,56,56,120.63,130.49,92.65,348.28,130.66,93.03,348.28
shuffled,2,275,decode,56,56,124.91,60.44,95.43,287.63,60.31,95.66,286.18
shuffled,2,276,decode,55,55,118.41,118.75,101.53,343.28,119.19,101.54,343.36
shuffled,2,277,decode,55,55,132.44,60.15,122.08,321.65,59.98,123.06,321.27
shuffled,2,278,decode,55,55,125.18,58.68,112.67,302.27,58.31,113.66,302.58
shuffled,2,279,decode,54,54,129.1,117.68,101.34,353.53,117.95,101.21,353.4
shuffled,2,280,decode,54,54,126.03,66.91,88.37,287.1,66.85,88.69,286.63
shuffled,2,281,decode,54,54,137.81,58.06,87.13,288.57,57.87,87.18,288.13
shuffled,2,282,decode,54,54,117.58,59.58,92.97,275.53,59.5,93.08,274.88
shuffled,2,283,decode,54,54,122.5,70.58,88.73,287.37,70.55,89.05,286.84
shuffled,2,284,decode,54,54,125.83,58.07,95.07,285.08,57.75,95.31,284.38
shuffled,2,285,decode,54,54,145.23,59.03,91.5,302.44,58.85,91.54,301.35
shuffled,2,286,decode,53,53,124.53,125.97,100.85,357.26,126.19,100.86,356.5
shuffled,2,287,decode,53,53,133.88,57.47,90.47,287.43,57.32,90.65,287.04
shuffled,2,288,decode,53,53,149.8,57.85,96.3,310.44,57.47,96.49,309.45
shuffled,2,289,decode,52,52,113.92,110.22,93.08,322.06,110.47,92.97,321.71
shuffled,2,290,decode,51,51,120.13,114.77,89.39,329.46,115.08,89.14,329.09
shuffled,2,291,decode,51,51,115.07,53.22,77.97,251.26,53.17,78.23,250.75
shuffled,2,292,decode,51,51,110.73,61.15,75.07,251.15,61.08,75.23,251.05
shuffled,2,293,decode,51,51,113.06,66.85,87.02,271.81,66.95,87.19,271.77
shuffled,2,294,decode,51,51,119.21,53.39,80.66,258.37,53.14,80.9,257.85
shuffled,2,295,decode,50,50,154.7,116.33,97.13,373.2,116.05,97.04,362.14
shuffled,2,296,decode,50,50,123.02,55.71,77.82,261.97,55.58,78.1,261.55
shuffled,2,297,decode,50,50,109.11,52.62,76.49,242.72,52.55,76.7,242.45
shuffled,2,298,decode,49,49,115.28,111.18,99.06,330.68,111.39,99.02,330.37
shuffled,2,299,decode,48,48,127.43,109.43,90.73,332.77,109.54,90.66,332.14
shuffled,2,300,decode,48,48,123.28,53.7,82.48,264.85,53.42,82.71,264.54
shuffled,2,301,decode,48,48,114.47,61.53,81.77,262.77,61.5,82.06,262.51
shuffled,2,302,decode,48,48,113.88,58.69,76.24,253.23,58.6,76.42,252.92
shuffled,2,303,decode,48,48,114.16,51.12,87.73,258.76,51.09,87.97,258.1
shuffled,2,304,decode,48,48,109.79,53.16,77.55,245.02,53.0,77.77,244.77
shuffled,2,305,decode,48,48,117.47,60.47,99.43,281.65,60.25,93.27,275.14
shuffled,2,306,decode,48,48,114.94,58.97,88.08,266.91,58.9,88.12,266.34
shuffled,2,307,decode,47,47,123.72,111.35,92.71,332.92,111.56,92.56,332.18
shuffled,2,308,decode,47,47,122.49,51.45,84.27,263.65,51.23,84.46,263.18
shuffled,2,309,decode,47,47,110.61,53.97,78.15,247.46,53.88,78.62,247.28
shuffled,2,310,decode,47,47,119.76,53.95,83.42,261.56,53.87,83.91,261.31
shuffled,2,311,decode,47,47,118.59,53.02,87.44,264.62,52.94,87.64,264.13
shuffled,2,312,decode,47,47,120.7,50.91,82.47,258.53,50.86,82.94,258.58
shuffled,2,313,decode,47,47,128.81,51.81,93.08,279.49,51.07,93.27,278.69
shuffled,2,314,decode,47,47,115.44,54.15,82.64,257.19,53.45,83.26,256.93
shuffled,2,315,decode,47,47,115.05,52.33,78.46,250.21,52.45,78.43,250.12
shuffled,2,316,decode,47,47,113.55,53.19,85.0,257.06,52.77,85.26,255.81
shuffled,2,317,decode,47,47,119.98,58.57,78.94,262.31,58.58,79.33,262.11
shuffled,2,318,decode,47,47,111.08,50.32,84.37,250.67,50.18,84.33,249.69
shuffled,2,319,decode,47,47,121.46,50.7,88.71,265.85,50.63,89.12,265.68
shuffled,2,320,decode,46,46,123.43,119.91,102.46,350.5,119.99,102.67,350.25
shuffled,2,321,decode,46,46,125.78,51.36,90.85,274.07,51.26,90.96,273.08
shuffled,2,322,decode,46,46,110.58,57.3,75.36,248.0,57.25,75.54,247.58
shuffled,2,323,decode,46,46,112.62,51.08,78.32,246.95,50.95,78.47,245.96
shuffled,2,324,decode,46,46,116.45,59.95,85.97,268.29,59.96,86.35,267.45
shuffled,2,325,decode,46,46,114.72,56.91,80.74,257.31,56.83,81.17,257.1
shuffled,2,326,decode,45,45,115.95,136.31,124.17,381.91,129.65,123.94,373.66
shuffled,2,327,decode,45,45,127.03,50.24,84.87,268.04,50.08,85.44,267.45
shuffled,2,328,decode,45,45,114.88,57.67,81.66,259.06,57.9,81.6,258.23
shuffled,2,329,decode,45,45,118.02,49.75,92.46,265.6,49.58,92.67,264.87
shuffled,2,330,decode,45,45,115.75,49.07,77.17,246.09,49.02,77.31,245.88
shuffled,2,331,decode,45,45,113.51,48.54,82.26,249.27,48.5,82.86,248.76
shuffled,2,332,decode,45,45,111.56,49.78,87.29,254.23,49.68,87.47,253.75
shuffled,2,333,decode,44,44,109.95,108.69,91.36,314.13,108.82,91.41,313.89
shuffled,2,334,decode,44,44,157.42,63.66,93.46,321.28,63.2,93.45,312.96
shuffled,2,335,decode,43,43,110.36,102.8,89.41,306.94,102.93,89.43,306.93
shuffled,2,336,decode,43,43,115.27,47.68,76.71,244.4,47.37,76.9,243.98
shuffled,2,337,decode,43,43,112.95,55.25,82.35,254.97,55.22,82.56,254.63
shuffled,2,338,decode,43,43,108.42,52.65,73.09,238.13,55.11,73.18,240.36
shuffled,2,339,decode,42,42,106.11,106.36,89.72,306.35,106.43,89.67,306.18
shuffled,2,340,decode,42,42,116.29,64.52,86.18,272.04,64.49,86.31,271.74
shuffled,2,341,decode,42,42,107.08,47.66,80.37,239.5,47.64,80.52,239.04
shuffled,2,342,decode,42,42,103.63,47.63,73.69,228.36,47.56,73.86,228.4
shuffled,2,343,decode,42,42,109.29,48.87,86.04,249.23,48.46,86.39,248.61
shuffled,2,344,decode,42,42,113.55,54.39,83.14,255.53,54.31,83.24,254.86
shuffled,2,345,decode,42,42,106.61,47.56,78.9,237.12,47.76,79.21,237.44
shuffled,2,346,decode,41,41,108.43,103.5,93.39,310.25,103.62,93.37,309.91
shuffled,2,347,decode,41,41,118.43,52.26,76.51,251.59,52.08,76.74,251.11
shuffled,2,348,decode,41,41,107.7,46.72,80.02,239.41,46.58,80.56,239.35
shuffled,2,349,decode,41,41,115.34,47.76,83.95,251.93,47.52,84.11,251.18
shuffled,2,350,decode,40,40,108.69,97.77,88.76,299.5,98.2,88.4,299.24
shuffled,2,351,decode,40,40,152.93,59.62,87.83,305.88,59.14,87.91,297.01
shuffled,2,352,decode,39,39,111.6,91.11,86.12,293.13,91.36,85.97,292.93
shuffled,2,353,decode,38,38,125.81,95.91,91.46,317.97,95.94,91.33,317.88
shuffled,2,354,decode,38,38,116.69,43.69,86.05,252.02,43.42,86.21,251.62
shuffled,2,355,decode,37,37,111.32,102.25,93.11,311.46,102.34,93.1,310.68
shuffled,2,356,decode,37,37,116.63,43.44,80.22,245.0,43.45,80.39,244.88
shuffled,2,357,decode,37,37,125.06,43.99,88.75,262.69,43.8,88.93,261.96
shuffled,2,358,decode,36,36,104.78,88.77,90.01,287.79,88.91,89.93,287.63
shuffled,2,359,decode,36,36,116.24,42.31,81.25,244.06,41.87,81.45,243.73
shuffled,2,360,decode,36,36,106.09,41.93,87.48,239.66,41.8,87.69,239.35
shuffled,2,361,decode,36,36,104.45,40.92,76.93,226.15,40.83,77.12,226.1
shuffled,2,362,decode,36,36,101.77,41.75,77.57,224.9,41.7,78.1,224.73
shuffled,2,363,decode,36,36,102.77,42.22,96.2,244.96,42.24,90.33,238.87
shuffled,2,364,decode,36,36,107.51,42.7,83.62,239.21,42.56,84.42,239.26
shuffled,2,365,decode,36,36,103.23,40.8,77.13,225.37,40.74,77.27,225.04
shuffled,2,366,decode,35,35,105.57,95.77,86.6,291.62,95.96,86.48,291.32
shuffled,2,367,decode,35,35,116.36,41.18,79.4,241.59,40.92,79.64,241.28
shuffled,2,368,decode,35,35,104.2,40.3,74.21,222.39,40.18,77.64,225.5
shuffled,2,369,decode,35,35,108.97,48.42,83.5,245.71,48.39,83.65,244.83
shuffled,2,370,decode,35,35,109.24,40.32,81.82,235.99,40.01,82.01,235.61
shuffled,2,371,decode,35,35,107.21,40.79,79.78,231.83,40.63,80.38,232.07
shuffled,2,372,decode,35,35,99.77,38.88,74.26,216.59,38.87,74.68,216.45
shuffled,2,373,decode,35,35,101.61,54.9,109.01,269.53,49.25,109.09,263.64
shuffled,2,374,decode,35,35,104.99,40.65,76.58,226.3,40.43,76.65,225.75
shuffled,2,375,decode,35,35,104.54,39.09,73.62,221.4,39.02,73.8,220.93
shuffled,2,376,decode,35,35,100.29,38.96,74.59,217.51,38.86,74.81,217.32
shuffled,2,377,decode,34,34,105.69,90.04,98.49,299.04,90.02,98.72,298.34
shuffled,2,378,decode,34,34,109.11,39.01,75.28,227.9,38.66,75.82,227.52
shuffled,2,379,decode,33,33,97.76,84.69,90.66,276.36,84.81,90.71,276.35
shuffled,2,380,decode,33,33,111.52,38.86,79.65,234.35,38.71,80.2,234.38
shuffled,2,381,decode,33,33,99.04,38.59,71.78,213.19,38.74,71.71,212.98
shuffled,2,382,decode,33,33,101.26,38.73,71.89,216.51,38.66,71.72,215.72
shuffled,2,383,decode,33,33,104.81,40.82,77.09,226.66,40.52,77.49,226.8
shuffled,2,384,decode,33,33,103.39,39.58,82.27,230.09,39.18,82.58,229.51
shuffled,2,385,decode,33,33,105.33,39.17,73.93,222.49,38.64,74.35,222.42
shuffled,2,386,decode,32,32,102.94,94.95,84.32,286.87,95.4,83.87,286.02
shuffled,2,387,decode,31,31,113.93,66.67,96.79,282.69,66.65,97.0,282.2
shuffled,2,388,decode,31,31,108.83,37.1,80.01,231.48,36.86,80.48,230.91
shuffled,2,389,decode,31,31,103.06,40.25,73.36,221.14,39.96,73.51,220.81
shuffled,2,390,decode,31,31,107.33,37.9,77.86,227.06,37.6,78.25,226.88
shuffled,2,391,decode,31,31,110.93,39.1,81.46,237.18,38.61,81.63,236.18
shuffled,2,392,decode,30,30,101.08,68.87,89.23,263.58,68.92,89.21,263.47
shuffled,2,393,decode,30,30,112.62,37.76,76.04,231.79,37.68,76.43,230.94
shuffled,2,394,decode,30,30,109.58,39.28,85.73,239.37,39.14,85.93,238.99
shuffled,2,395,decode,28,28,101.55,98.05,91.79,294.86,98.25,91.77,294.89
shuffled,2,396,decode,28,28,112.57,36.02,76.59,230.11,35.31,76.97,229.42
shuffled,2,397,decode,28,28,108.04,35.98,83.0,232.84,35.61,83.45,232.12
shuffled,2,398,decode,28,28,103.89,33.81,80.09,222.22,33.82,80.15,221.24
shuffled,2,399,decode,27,27,101.51,78.98,91.15,276.57,79.0,91.17,275.6
shuffled,2,400,decode,27,27,109.25,32.75,73.66,219.29,32.66,74.06,219.55
shuffled,2,401,decode,26,26,130.58,79.29,91.63,306.73,78.99,91.94,306.04
shuffled,2,402,decode,26,26,109.27,33.23,74.77,222.03,33.4,75.07,222.0
shuffled,2,403,decode,26,26,99.43,32.65,71.39,208.63,32.46,72.1,211.48
shuffled,2,404,decode,26,26,105.17,31.89,76.41,217.89,31.55,77.45,218.12
shuffled,2,405,decode,26,26,105.65,33.33,82.73,226.72,33.31,82.56,225.99
shuffled,2,406,decode,26,26,96.27,31.86,72.4,204.73,31.4,72.96,204.69
shuffled,2,407,decode,25,25,100.36,71.9,91.59,268.52,72.02,91.66,268.1
shuffled,2,408,decode,25,25,108.27,32.54,74.09,218.77,32.63,74.03,218.25
shuffled,2,409,decode,25,25,106.47,34.1,91.07,235.77,33.79,91.29,234.97
shuffled,2,410,decode,23,23,108.61,89.87,90.54,292.36,90.09,90.75,292.58
shuffled,2,411,decode,23,23,106.38,30.0,77.3,218.21,29.88,77.54,217.77
shuffled,2,412,decode,23,23,97.23,29.25,73.29,203.69,29.19,73.48,203.19
shuffled,2,413,decode,22,22,101.09,67.7,94.67,268.08,67.58,94.81,267.6
shuffled,2,414,decode,22,22,105.45,29.39,73.24,212.46,29.31,73.39,212.21
shuffled,2,415,decode,22,22,96.42,29.28,73.39,202.8,29.11,73.53,202.56
shuffled,2,416,decode,22,22,96.16,28.98,73.9,202.92,28.91,74.14,202.78
shuffled,2,417,decode,22,22,97.63,28.36,78.54,209.04,28.57,78.58,208.76
shuffled,2,418,decode,22,22,99.52,29.93,79.96,214.15,29.88,80.13,213.98
shuffled,2,419,decode,21,21,97.45,60.51,85.21,246.9,60.69,85.22,246.72
shuffled,2,420,decode,20,20,102.49,56.11,82.88,245.49,56.28,82.69,244.97
shuffled,2,421,decode,20,20,101.85,28.85,72.62,207.82,28.75,72.67,207.7
shuffled,2,422,decode,19,19,99.38,71.32,91.79,266.41,71.53,91.99,266.36
shuffled,2,423,decode,19,19,95.34,26.38,71.11,197.36,26.25,71.37,196.98
shuffled,2,424,decode,19,19,93.99,26.11,70.26,194.29,25.99,70.38,194.13
shuffled,2,425,decode,19,19,98.86,27.08,76.72,206.87,27.01,77.11,206.17
shuffled,2,426,decode,19,19,96.71,28.01,78.51,207.47,27.96,78.73,206.95
shuffled,2,427,decode,19,19,97.84,26.85,73.23,203.08,26.65,73.59,202.87
shuffled,2,428,decode,18,18,99.22,68.32,84.36,256.25,68.83,84.07,255.93
shuffled,2,429,decode,17,17,104.78,64.43,83.32,257.22,64.44,83.38,256.89
shuffled,2,430,decode,17,17,99.74,24.93,70.09,199.45,24.93,70.2,198.91
shuffled,2,431,decode,17,17,94.69,23.53,69.66,191.71,23.43,69.87,191.36
shuffled,2,432,decode,16,16,98.23,63.92,89.6,255.79,63.75,89.77,255.44
shuffled,2,433,decode,15,15,94.6,66.12,79.26,243.73,66.13,79.37,243.63
shuffled,2,434,decode,15,15,97.26,21.17,67.02,189.14,21.05,67.24,188.84
shuffled,2,435,decode,15,15,92.58,22.34,66.48,184.99,22.54,66.69,185.35
shuffled,2,436,decode,15,15,91.78,20.91,64.76,180.61,20.85,64.94,180.64
shuffled,2,437,decode,15,15,104.72,29.08,74.47,212.4,28.94,74.56,202.9
shuffled,2,438,decode,15,15,88.89,20.44,67.94,180.41,20.34,68.2,180.39
shuffled,2,439,decode,15,15,88.97,20.87,68.35,181.03,20.81,68.89,181.46
shuffled,2,440,decode,15,15,89.53,20.79,66.59,180.39,20.81,66.71,179.97
shuffled,2,441,decode,15,15,88.69,21.55,67.69,180.85,21.42,67.93,180.9
shuffled,2,442,decode,15,15,87.8,20.64,64.89,176.28,20.57,65.08,176.29
shuffled,2,443,decode,15,15,91.84,20.37,104.46,220.41,20.3,95.84,211.16
shuffled,2,444,decode,14,14,93.75,63.19,79.75,241.03,63.23,79.76,240.25
shuffled,2,445,decode,14,14,97.3,19.98,65.79,186.65,19.93,65.97,186.74
shuffled,2,446,decode,14,14,95.24,20.08,69.12,188.81,20.0,69.59,188.78
shuffled,2,447,decode,14,14,92.36,21.23,67.22,184.19,21.16,67.39,184.07
shuffled,2,448,decode,14,14,87.81,19.72,65.97,176.96,19.45,66.24,176.8
shuffled,2,449,decode,13,13,118.4,59.99,80.07,262.07,60.0,80.1,253.0
shuffled,2,450,decode,13,13,95.8,19.43,66.03,185.45,19.36,66.19,184.81
shuffled,2,451,decode,12,12,88.03,61.65,75.51,228.9,61.64,75.5,228.69
shuffled,2,452,decode,11,11,92.35,55.65,74.33,225.74,55.67,74.44,225.7
shuffled,2,453,decode,10,10,91.3,59.48,74.14,228.34,59.3,74.19,228.35
shuffled,2,454,decode,10,10,96.69,17.65,71.15,189.35,17.52,71.35,189.24
shuffled,2,455,decode,9,9,92.43,48.79,102.73,247.5,48.73,97.7,242.15
shuffled,2,456,decode,9,9,95.86,17.02,70.84,187.99,17.03,70.84,187.25
shuffled,2,457,decode,9,9,91.68,15.4,68.31,178.6,15.31,68.52,178.72
shuffled,2,458,decode,9,9,88.33,15.56,76.86,184.51,15.2,77.29,184.29
shuffled,2,459,decode,9,9,90.82,15.51,66.88,177.33,15.48,67.21,176.78
shuffled,2,460,decode,9,9,86.01,15.62,64.73,169.53,15.79,64.82,169.81
shuffled,2,461,decode,9,9,83.96,15.17,64.64,167.2,15.0,64.85,166.76
shuffled,2,462,decode,9,9,84.53,14.82,67.37,169.86,14.68,67.77,170.07
shuffled,2,463,decode,9,9,100.81,16.47,73.19,194.85,16.25,73.42,194.31
shuffled,2,464,decode,8,8,87.41,49.73,84.82,225.77,49.68,85.04,225.86
shuffled,2,465,decode,7,7,94.79,41.26,84.31,224.84,41.33,84.45,224.64
shuffled,2,466,decode,7,7,96.57,14.3,67.82,181.86,13.97,67.95,181.9
shuffled,2,467,decode,6,6,88.14,37.74,69.32,198.36,37.74,69.47,198.48
shuffled,2,468,decode,6,6,89.78,13.18,65.73,172.2,13.29,65.66,172.28
shuffled,2,469,decode,6,6,86.75,13.07,65.67,169.05,12.97,66.22,169.5
shuffled,2,470,decode,6,6,87.76,12.78,64.97,168.89,12.74,65.16,168.68
shuffled,2,471,decode,5,5,100.5,43.75,83.62,232.02,43.4,83.74,231.67
shuffled,2,472,decode,5,5,91.36,11.48,69.08,175.52,11.33,69.24,175.36
shuffled,2,473,decode,5,5,88.38,11.84,64.29,168.43,11.57,64.39,167.67
shuffled,2,474,decode,4,4,87.8,37.62,74.81,203.17,37.72,74.86,203.32
shuffled,2,475,decode,4,4,89.99,10.28,71.09,174.7,10.16,71.29,174.77
shuffled,2,476,decode,4,4,87.62,10.99,70.17,172.77,10.87,70.37,172.29
shuffled,2,477,decode,4,4,87.33,10.69,66.33,167.73,10.4,66.82,167.87
shuffled,2,478,decode,4,4,81.24,11.12,65.42,160.75,11.02,65.62,160.86
shuffled,2,479,decode,4,4,86.28,11.63,69.66,170.55,11.58,69.86,170.29
shuffled,2,480,decode,3,3,84.76,41.66,103.59,233.2,41.85,97.05,226.77
shuffled,2,481,decode,3,3,97.64,10.52,71.83,183.57,10.16,72.0,183.45
shuffled,2,482,decode,2,2,84.44,40.66,71.36,199.42,40.75,71.37,199.4
shuffled,2,483,decode,2,2,86.67,8.4,60.28,158.93,8.28,60.48,158.69
shuffled,2,484,decode,2,2,82.42,8.89,63.66,157.81,8.8,64.36,158.38
shuffled,2,485,decode,2,2,92.02,8.84,64.2,168.06,8.71,64.39,167.92
shuffled,2,486,decode,2,2,83.53,8.71,62.87,158.5,8.46,63.04,158.55
shuffled,2,487,decode,2,2,81.82,8.5,60.8,154.03,8.4,61.0,154.11
shuffled,2,488,decode,2,2,80.21,8.35,67.45,158.89,8.08,67.66,158.82
shuffled,2,489,decode,2,2,82.02,8.32,61.31,154.81,7.95,61.51,154.35
shuffled,2,490,decode,2,2,79.95,8.97,65.21,156.76,8.89,65.48,156.93
shuffled,2,491,decode,2,2,87.46,8.42,66.04,164.82,8.29,66.24,164.86
shuffled,2,492,decode,2,2,112.68,10.27,68.77,194.77,10.09,68.93,182.08
shuffled,2,493,decode,1,1,82.76,39.41,71.59,196.94,39.7,71.35,196.71
shuffled,2,494,decode,1,1,83.32,7.11,61.4,154.79,7.06,61.59,154.92
shuffled,2,495,decode,1,1,83.42,7.52,62.06,155.71,7.47,62.2,155.75
shuffled,3,0,prefill,1,4096,649.7,429.52,209.8,1297.81,415.78,209.54,1282.08
shuffled,3,1,decode,1,1,126.01,21.49,96.53,251.64,21.25,96.73,251.28
shuffled,3,2,decode,1,1,95.38,8.78,67.02,174.74,8.63,67.4,174.93
shuffled,3,3,decode,1,1,86.81,7.65,63.56,160.91,7.44,64.07,161.18
shuffled,3,4,mixed,2,4097,536.24,412.34,174.84,1127.77,398.02,174.7,1115.05
shuffled,3,5,decode,2,2,112.63,21.43,94.91,235.77,21.17,95.12,235.46
shuffled,3,6,mixed,3,4098,548.11,367.49,173.06,1093.55,366.69,173.05,1094.42
shuffled,3,7,mixed,4,2051,548.04,350.42,139.43,1045.65,349.38,139.3,1045.49
shuffled,3,8,decode,4,4,133.47,25.49,96.28,262.21,24.92,96.53,255.74
shuffled,3,9,decode,4,4,95.04,12.17,70.59,181.19,12.12,70.87,181.35
shuffled,3,10,mixed,5,2052,535.36,327.88,137.31,1005.42,326.84,137.07,1005.92
shuffled,3,11,mixed,6,2053,557.66,307.62,133.66,1006.63,306.64,133.58,992.95
shuffled,3,12,decode,6,6,100.72,22.8,81.88,212.69,22.61,81.84,211.6
shuffled,3,13,decode,6,6,91.94,13.66,61.02,170.59,13.5,61.35,170.58
shuffled,3,14,decode,6,6,83.33,12.85,59.08,158.32,12.75,59.26,158.36
shuffled,3,15,decode,6,6,81.64,12.67,58.18,155.53,12.56,58.24,155.48
shuffled,3,16,mixed,7,4102,557.24,334.31,156.13,1052.19,332.71,156.32,1038.92
shuffled,3,17,decode,7,7,100.9,24.76,85.78,218.79,24.6,85.76,218.15
shuffled,3,18,mixed,8,4103,501.92,341.78,186.58,1035.35,340.53,172.33,1021.44
shuffled,3,19,decode,8,8,106.71,25.1,89.0,227.46,24.85,89.35,227.13
shuffled,3,20,mixed,9,2056,507.15,282.33,128.85,922.86,280.75,128.92,923.4
shuffled,3,21,decode,9,9,104.6,26.33,88.67,227.26,26.01,88.89,226.06
shuffled,3,22,decode,9,9,88.63,15.31,62.29,169.51,15.22,62.44,169.55
shuffled,3,23,mixed,10,2057,506.46,271.89,128.97,911.8,270.38,128.98,912.18
shuffled,3,24,decode,10,10,108.15,27.28,85.79,228.57,26.98,85.97,227.71
shuffled,3,25,decode,10,10,91.84,16.95,63.51,175.7,16.61,63.7,175.8
shuffled,3,26,decode,10,10,83.08,16.79,60.09,162.82,16.44,60.45,162.9
shuffled,3,27,decode,10,10,84.75,16.98,62.43,167.69,16.93,62.61,167.54
shuffled,3,28,decode,10,10,82.02,15.93,57.35,158.09,15.82,57.55,158.19
shuffled,3,29,decode,10,10,80.19,15.6,57.22,155.9,15.51,57.38,155.91
shuffled,3,30,mixed,11,4106,565.97,344.71,164.28,1079.71,343.54,164.32,1073.1
shuffled,3,31,decode,11,11,111.3,29.01,89.06,237.77,28.74,89.26,236.68
shuffled,3,32,decode,11,11,93.38,18.63,68.21,184.29,18.51,68.57,184.39
shuffled,3,33,mixed,12,2059,598.79,296.17,135.53,1035.16,294.48,135.6,1020.51
shuffled,3,34,mixed,13,4108,522.62,350.17,161.14,1042.35,348.62,161.01,1041.83
shuffled,3,35,decode,13,13,114.06,34.62,97.62,254.82,34.21,97.93,257.24
shuffled,3,36,decode,13,13,105.85,19.86,77.03,206.83,19.73,77.52,206.9
shuffled,3,37,decode,13,13,95.36,22.63,71.79,193.44,22.53,72.07,193.18
shuffled,3,38,decode,13,13,94.13,19.82,68.41,185.8,19.51,68.73,185.76
shuffled,3,39,mixed,14,2061,588.88,316.01,145.96,1056.27,314.75,146.29,1056.8
shuffled,3,40,decode,14,14,116.33,34.9,96.74,255.8,34.68,97.06,255.2
shuffled,3,41,decode,14,14,99.93,24.42,73.64,201.79,24.34,73.73,201.82
shuffled,3,42,mixed,15,2062,582.17,346.81,155.85,1092.06,345.95,155.96,1091.98
shuffled,3,43,mixed,16,4111,611.71,383.1,183.57,1187.29,381.84,183.81,1166.96
shuffled,3,44,decode,16,16,127.41,35.93,100.71,272.86,35.81,100.85,272.51
shuffled,3,45,decode,16,16,101.1,23.11,76.86,205.22,22.91,77.34,205.5
shuffled,3,46,decode,16,16,101.85,27.72,74.95,209.25,27.18,75.2,208.9
shuffled,3,47,decode,16,16,97.02,26.06,71.97,198.81,25.75,72.13,198.79
shuffled,3,48,decode,16,16,101.51,23.01,74.95,203.58,22.69,75.22,203.57
shuffled,3,49,decode,16,16,93.61,25.25,74.57,197.9,25.09,75.09,197.9
shuffled,3,50,decode,16,16,93.68,24.95,76.29,198.21,25.06,76.44,198.34
shuffled,3,51,mixed,17,2064,642.63,391.04,156.06,1196.05,389.97,156.3,1187.8
shuffled,3,52,decode,17,17,121.53,37.67,103.36,271.98,37.0,103.86,270.4
shuffled,3,53,decode,17,17,105.31,26.09,84.96,221.11,25.7,85.22,220.81
shuffled,3,54,decode,17,17,109.05,26.58,75.44,214.99,26.11,75.71,215.11
shuffled,3,55,decode,17,17,99.05,23.81,88.26,214.85,23.67,88.45,214.81
shuffled,3,56,decode,17,17,98.43,23.86,82.02,207.96,23.69,82.28,207.53
shuffled,3,57,decode,17,17,100.59,25.2,78.18,208.44,25.05,78.89,208.77
shuffled,3,58,decode,17,17,132.85,25.11,95.75,258.54,24.62,96.02,244.89
shuffled,3,59,decode,17,17,105.2,28.37,84.71,223.58,28.12,85.23,223.14
shuffled,3,60,decode,17,17,99.89,23.86,92.07,220.15,23.16,92.7,220.06
shuffled,3,61,decode,17,17,108.68,26.34,81.75,220.72,26.22,81.95,220.64
shuffled,3,62,decode,17,17,99.87,26.49,86.31,217.87,26.08,86.6,217.36
shuffled,3,63,decode,17,17,121.0,30.12,86.26,240.92,29.84,86.75,231.45
shuffled,3,64,mixed,18,4113,645.01,380.55,187.29,1219.19,379.18,187.63,1219.7
shuffled,3,65,decode,18,18,125.09,41.35,109.83,285.83,41.15,110.26,284.99
shuffled,3,66,decode,18,18,102.57,28.27,83.06,218.2,28.23,83.18,218.24
shuffled,3,67,decode,18,18,106.84,29.15,93.56,234.17,28.27,93.77,233.13
shuffled,3,68,decode,18,18,97.19,25.42,81.44,207.46,25.2,81.69,207.53
shuffled,3,69,decode,18,18,101.18,27.86,81.92,216.1,27.56,82.34,215.07
shuffled,3,70,mixed,19,4114,626.71,363.49,190.9,1187.75,362.25,191.15,1188.47
shuffled,3,71,decode,19,19,121.66,44.65,118.04,293.98,44.27,118.12,292.41
shuffled,3,72,decode,19,19,101.9,29.09,85.32,220.86,29.11,85.31,220.52
shuffled,3,73,decode,19,19,102.61,29.56,85.92,221.56,29.5,86.3,221.97
shuffled,3,74,decode,19,19,96.67,27.38,82.54,211.05,27.01,83.04,210.85
shuffled,3,75,decode,19,19,96.92,26.63,88.05,215.03,26.29,88.35,215.07
shuffled,3,76,decode,19,19,95.99,27.07,96.02,223.86,26.64,85.8,212.74
shuffled,3,77,mixed,20,2067,629.27,367.6,154.17,1157.66,366.79,153.88,1158.11
shuffled,3,78,decode,20,20,141.85,44.45,109.67,305.56,44.03,109.77,298.31
shuffled,3,79,mixed,21,2068,612.28,352.25,158.54,1128.47,351.16,158.82,1129.08
shuffled,3,80,decode,21,21,123.22,49.81,111.79,293.57,49.54,111.98,292.45
shuffled,3,81,decode,21,21,103.84,32.46,81.27,222.15,32.43,81.43,221.99
shuffled,3,82,decode,21,21,99.67,29.81,87.67,222.04,29.56,88.01,221.3
shuffled,3,83,mixed,22,4117,598.34,355.84,206.71,1166.69,355.2,194.78,1155.44
shuffled,3,84,decode,22,22,121.75,46.94,112.42,290.02,46.64,112.73,289.05
shuffled,3,85,decode,22,22,112.16,30.87,85.94,234.31,30.39,86.25,234.05
shuffled,3,86,decode,22,22,110.4,35.14,91.88,242.4,34.95,92.12,241.82
shuffled,3,87,decode,22,22,99.29,30.62,77.97,211.89,30.32,78.23,211.96
shuffled,3,88,decode,22,22,102.88,32.42,86.22,226.34,32.37,86.38,225.55
shuffled,3,89,decode,22,22,100.4,29.79,87.55,221.4,29.61,87.87,221.56
shuffled,3,90,mixed,23,4118,651.33,371.31,186.19,1214.65,370.04,186.47,1202.86
shuffled,3,91,decode,23,23,128.29,48.03,105.57,290.65,47.9,105.8,289.76
shuffled,3,92,decode,23,23,105.61,32.47,84.3,228.98,32.13,84.6,228.71
shuffled,3,93,decode,23,23,102.01,34.13,79.65,219.47,33.72,79.97,219.51
shuffled,3,94,mixed,24,2071,603.11,339.46,153.91,1102.82,338.09,153.95,1103.26
shuffled,3,95,decode,24,24,120.12,49.4,101.56,279.52,49.12,101.81,278.37
shuffled,3,96,mixed,25,2072,575.83,319.57,147.5,1048.82,318.8,147.44,1049.37
shuffled,3,97,mixed,26,2073,565.27,321.13,145.07,1040.12,319.94,145.05,1042.89
shuffled,3,98,decode,26,26,121.06,49.28,101.59,280.09,49.2,101.71,279.37
shuffled,3,99,mixed,27,2074,540.98,302.66,144.35,993.49,302.41,143.87,993.89
shuffled,3,100,decode,27,27,118.36,48.04,98.1,272.89,47.7,98.41,271.78
shuffled,3,101,decode,27,27,104.03,36.46,75.73,220.32,36.31,76.0,220.32
shuffled,3,102,mixed,28,2075,546.1,336.69,143.02,1030.84,324.22,143.02,1019.55
shuffled,3,103,decode,28,28,125.36,48.89,96.07,278.21,48.61,96.33,277.8
shuffled,3,104,decode,28,28,104.44,37.43,77.69,224.26,37.0,78.0,224.11
shuffled,3,105,decode,28,28,101.84,34.73,75.72,216.68,34.59,75.93,216.49
shuffled,3,106,decode,28,28,100.73,34.04,72.96,211.5,33.97,73.15,211.58
shuffled,3,107,decode,28,28,99.11,34.42,71.66,209.02,34.29,71.86,209.04
shuffled,3,108,decode,28,28,98.35,34.23,71.94,208.36,34.0,72.23,208.33
shuffled,3,109,decode,28,28,109.43,34.23,79.43,227.51,34.01,79.8,227.3
shuffled,3,110,mixed,29,2076,592.34,315.06,139.71,1052.55,313.9,139.92,1054.78
shuffled,3,111,decode,29,29,122.66,52.23,96.82,280.05,52.08,97.07,279.34
shuffled,3,112,decode,29,29,104.32,36.36,76.8,221.7,36.24,77.09,221.63
shuffled,3,113,decode,29,29,102.02,39.02,72.69,217.68,38.87,72.97,217.71
shuffled,3,114,decode,29,29,108.57,39.59,75.7,227.89,39.32,75.99,227.67
shuffled,3,115,decode,29,29,101.62,36.79,71.17,214.27,36.34,71.63,214.42
shuffled,3,116,decode,29,29,100.57,38.2,71.11,213.37,38.05,71.42,213.45
shuffled,3,117,decode,29,29,98.18,37.97,70.16,209.97,37.82,70.36,209.93
shuffled,3,118,decode,29,29,100.27,34.68,74.67,213.63,34.37,74.88,213.33
shuffled,3,119,decode,29,29,106.34,39.09,72.04,221.25,38.9,72.26,221.34
shuffled,3,120,decode,29,29,98.19,35.38,69.51,206.73,35.25,69.97,206.9
shuffled,3,121,mixed,30,2077,602.51,327.15,150.98,1086.05,319.31,151.22,1079.48
shuffled,3,122,decode,30,30,123.51,51.22,96.55,278.77,51.12,96.6,278.34
shuffled,3,123,mixed,31,2078,590.94,310.05,143.36,1050.35,309.4,143.33,1043.93
shuffled,3,124,decode,31,31,121.57,52.08,96.21,277.41,51.87,96.52,276.85
shuffled,3,125,decode,31,31,115.12,49.24,80.71,250.16,49.15,80.82,245.28
shuffled,3,126,decode,31,31,103.13,37.33,74.26,218.29,37.11,74.59,218.4
shuffled,3,127,decode,31,31,105.99,40.46,73.48,223.51,40.26,73.69,223.47
shuffled,3,128,decode,31,31,101.97,40.35,71.54,217.52,40.19,71.7,217.47
shuffled,3,129,decode,31,31,103.04,46.92,75.05,229.27,46.81,75.23,229.02
shuffled,3,130,mixed,32,2079,586.72,305.78,142.56,1040.33,305.23,142.22,1040.68
shuffled,3,131,mixed,33,2080,566.95,302.54,142.77,1020.18,301.33,142.91,1020.3
shuffled,3,132,decode,33,33,137.9,59.95,99.98,306.98,60.02,100.14,296.29
shuffled,3,133,decode,33,33,115.04,46.31,78.05,243.97,46.28,78.2,243.95
shuffled,3,134,decode,33,33,104.4,42.59,74.27,225.09,42.49,74.46,225.17
shuffled,3,135,decode,33,33,104.63,47.07,73.42,228.78,47.08,73.5,228.74
shuffled,3,136,mixed,34,2081,580.15,313.23,145.77,1046.78,312.1,145.81,1046.71
shuffled,3,137,decode,34,34,126.42,53.19,118.85,306.48,53.04,107.14,294.14
shuffled,3,138,decode,34,34,110.81,43.93,78.82,238.16,43.82,79.05,238.17
shuffled,3,139,mixed,36,4130,930.95,514.67,178.89,1630.23,514.36,178.18,1630.94
shuffled,3,140,decode,36,36,141.63,65.41,111.11,329.77,65.03,111.29,328.67
shuffled,3,141,decode,36,36,117.53,44.51,93.64,262.48,44.19,93.84,262.14
shuffled,3,142,decode,36,36,109.24,42.3,78.67,234.37,42.13,78.92,234.38
shuffled,3,143,mixed,37,4132,619.59,369.43,180.63,1176.52,368.35,180.69,1165.18
shuffled,3,144,decode,37,37,131.35,58.18,100.18,298.56,58.06,100.42,297.96
shuffled,3,145,mixed,38,4133,582.57,356.85,171.63,1117.82,356.19,171.38,1117.99
shuffled,3,146,decode,38,38,155.3,62.62,105.73,331.82,62.13,105.75,316.24
shuffled,3,147,decode,38,38,114.19,54.49,81.78,256.07,54.36,81.99,255.78
shuffled,3,148,decode,38,38,107.15,47.59,78.77,237.56,47.52,79.02,237.56
shuffled,3,149,decode,38,38,117.97,76.63,84.77,283.09,66.62,84.5,272.76
shuffled,3,150,decode,38,38,109.26,46.42,77.47,237.43,46.71,77.31,237.2
shuffled,3,151,mixed,39,4134,634.8,359.11,182.43,1182.22,357.81,182.62,1183.03
shuffled,3,152,decode,39,39,135.71,64.5,110.17,319.4,64.23,110.8,318.89
shuffled,3,153,decode,39,39,114.91,45.79,84.97,252.03,45.55,85.23,251.68
shuffled,3,154,mixed,41,6183,980.49,650.24,225.06,1862.14,649.36,224.6,1862.51
shuffled,3,155,decode,41,41,142.08,69.29,122.08,345.22,68.88,122.44,343.82
shuffled,3,156,decode,41,41,120.4,51.43,92.76,270.97,51.27,93.19,270.59
shuffled,3,157,mixed,42,4137,628.07,371.83,185.79,1191.97,371.36,185.72,1192.39
shuffled,3,158,decode,42,42,143.11,68.09,118.44,339.79,67.88,118.13,338.63
shuffled,3,159,decode,42,42,122.84,58.85,87.35,273.56,58.77,87.49,273.63
shuffled,3,160,decode,42,42,119.03,50.93,90.4,265.02,50.84,90.84,264.9
shuffled,3,161,decode,42,42,113.86,49.76,83.06,250.69,49.69,83.17,250.56
shuffled,3,162,decode,42,42,112.6,58.37,78.84,253.19,58.35,79.02,253.32
shuffled,3,163,mixed,43,2090,645.43,341.8,155.23,1148.72,340.86,154.99,1149.08
shuffled,3,164,mixed,44,2091,609.2,319.43,169.68,1108.68,318.68,169.7,1108.73
shuffled,3,165,decode,44,44,134.62,64.21,105.48,314.26,63.84,105.64,312.85
shuffled,3,166,mixed,45,4140,577.58,347.76,174.17,1105.8,346.36,174.22,1105.91
shuffled,3,167,decode,45,45,133.95,63.76,104.61,312.16,63.8,104.58,310.53
shuffled,3,168,decode,45,45,116.83,56.94,83.6,263.17,56.98,83.75,261.9
shuffled,3,169,decode,45,45,120.76,53.1,96.9,276.28,53.28,96.77,275.48
shuffled,3,170,decode,45,45,123.94,52.29,88.37,269.52,52.12,88.67,268.84
shuffled,3,171,decode,45,45,119.25,58.63,81.2,264.13,58.23,81.34,263.22
shuffled,3,172,mixed,46,4141,629.78,369.24,185.96,1192.64,367.92,185.69,1191.83
shuffled,3,173,mixed,47,4142,622.0,322.02,191.99,1146.58,320.52,192.0,1145.25
shuffled,3,174,decode,47,47,146.74,69.55,116.36,343.16,69.1,116.64,341.34
shuffled,3,175,decode,47,47,122.07,53.96,89.86,271.21,53.98,90.08,270.73
shuffled,3,176,mixed,48,2095,663.07,308.88,157.3,1136.23,307.2,157.27,1135.86
shuffled,3,177,mixed,49,4144,655.16,343.08,199.63,1208.23,341.49,199.55,1197.18
shuffled,3,178,decode,49,49,153.43,85.01,116.11,365.63,84.19,116.0,353.5
shuffled,3,179,decode,49,49,119.46,54.8,83.51,262.77,54.42,83.74,262.2
shuffled,3,180,decode,49,49,119.44,59.98,85.24,269.23,59.95,85.31,268.4
shuffled,3,181,decode,49,49,121.92,58.86,99.51,286.23,58.57,99.81,285.12
shuffled,3,182,decode,49,49,113.54,57.06,94.09,270.38,56.42,94.46,269.64
shuffled,3,183,decode,49,49,110.85,54.77,117.26,288.22,54.6,106.94,276.38
shuffled,3,184,decode,49,49,113.6,53.06,87.16,258.99,52.98,87.33,258.35
shuffled,3,185,decode,49,49,108.84,52.34,77.64,243.45,51.83,77.88,242.92
shuffled,3,186,decode,49,49,108.15,55.35,95.66,264.41,55.02,95.81,263.69
shuffled,3,187,decode,49,49,111.61,53.2,78.25,247.22,53.03,78.95,247.42
shuffled,3,188,mixed,50,4145,631.93,375.68,193.42,1225.2,374.4,193.5,1210.93
shuffled,3,189,decode,50,50,127.65,68.15,112.2,317.54,67.93,112.53,316.36
shuffled,3,190,decode,50,50,116.46,54.69,86.47,262.52,54.48,86.83,262.15
shuffled,3,191,decode,50,50,108.65,53.29,78.02,244.15,53.15,78.2,244.03
shuffled,3,192,decode,50,50,149.9,55.48,80.31,290.05,55.28,80.18,283.96
shuffled,3,193,mixed,51,2098,602.01,302.52,143.76,1054.28,302.96,143.71,1056.36
shuffled,3,194,decode,51,51,127.2,66.46,101.93,305.32,66.22,102.13,304.11
shuffled,3,195,mixed,52,4147,542.82,349.89,167.08,1065.77,348.4,167.26,1066.25
shuffled,3,196,mixed,53,4148,532.93,328.16,167.4,1037.61,326.89,167.29,1036.76
shuffled,3,197,mixed,54,4149,538.68,332.63,168.88,1049.86,330.86,169.08,1049.07
shuffled,3,198,decode,54,54,135.0,69.04,101.06,314.21,68.72,101.36,313.26
shuffled,3,199,mixed,55,4150,560.21,334.24,164.53,1065.32,332.81,164.45,1065.4
shuffled,3,200,decode,55,55,128.25,69.17,141.83,347.56,68.96,128.57,333.27
shuffled,3,201,decode,55,55,116.15,58.99,81.56,261.6,58.81,81.69,261.36
shuffled,3,202,decode,55,55,107.77,56.9,72.91,241.73,56.73,73.16,241.73
shuffled,3,203,decode,55,55,111.23,58.36,81.32,255.66,58.11,81.54,255.24
shuffled,3,204,decode,55,55,107.81,57.21,73.24,241.67,57.12,73.41,241.63
shuffled,3,205,decode,55,55,105.45,56.62,104.8,270.78,56.51,96.22,261.6
shuffled,3,206,decode,55,55,112.18,65.53,77.09,258.74,65.52,77.26,258.77
shuffled,3,207,decode,55,55,108.7,57.78,74.44,245.28,57.71,74.61,245.25
shuffled,3,208,mixed,56,4151,599.22,348.1,171.54,1125.38,347.02,171.54,1125.68
shuffled,3,209,mixed,57,2104,556.15,317.49,145.77,1029.0,316.01,145.61,1028.29
shuffled,3,210,decode,57,57,136.31,71.85,102.79,320.41,71.34,102.94,319.38
shuffled,3,211,mixed,58,2105,547.8,303.64,138.07,995.58,302.45,138.09,995.99
shuffled,3,212,decode,58,58,131.8,76.14,102.87,319.92,75.88,103.07,318.9
shuffled,3,213,decode,58,58,116.79,95.5,96.02,312.82,83.49,95.86,300.65
shuffled,3,214,decode,58,58,116.86,60.68,88.2,270.08,60.5,88.52,270.0
shuffled,3,215,mixed,59,4154,572.5,390.21,170.68,1139.31,375.13,170.02,1125.57
shuffled,3,216,decode,59,59,138.38,73.91,103.0,323.74,73.64,103.2,323.4
shuffled,3,217,decode,59,59,118.05,63.08,87.34,273.82,62.95,87.58,273.33
shuffled,3,218,mixed,60,2107,567.58,306.52,142.16,1021.84,304.95,142.15,1022.16
shuffled,3,219,decode,60,60,132.15,77.11,102.38,320.6,76.89,102.5,319.52
shuffled,3,220,decode,60,60,120.33,64.19,87.26,277.02,64.03,87.48,276.59
shuffled,3,221,decode,60,60,111.93,62.64,76.6,255.17,62.43,76.95,255.29
shuffled,3,222,decode,60,60,128.35,62.87,81.97,277.97,62.53,82.39,277.68
shuffled,3,223,decode,60,60,114.14,69.41,85.17,272.72,69.34,85.37,272.76
shuffled,3,224,mixed,61,2108,635.97,301.0,141.76,1085.13,299.82,141.65,1074.04
shuffled,3,225,decode,61,61,131.65,77.47,99.95,317.58,77.19,100.13,317.12
shuffled,3,226,mixed,62,4157,585.5,346.37,172.84,1111.53,344.96,174.96,1113.87
shuffled,3,227,decode,62,62,137.24,77.31,106.55,330.4,77.08,106.75,329.78
shuffled,3,228,decode,62,62,119.49,70.14,77.95,272.62,70.05,78.02,272.38
shuffled,3,229,decode,62,62,123.8,65.22,91.81,286.72,65.16,92.0,285.59
shuffled,3,230,decode,62,62,114.94,64.69,79.67,263.76,64.43,79.87,263.41
shuffled,3,231,decode,62,62,117.6,72.44,89.72,284.82,72.43,89.72,284.47
shuffled,3,232,decode,62,62,118.07,64.79,86.63,274.62,64.7,86.84,273.88
shuffled,3,233,decode,62,62,117.09,63.67,92.42,278.26,63.54,92.92,277.92
shuffled,3,234,decode,62,62,121.86,64.56,84.4,275.64,64.7,84.33,275.12
shuffled,3,235,decode,62,62,115.53,64.9,89.09,274.99,64.62,89.42,274.11
shuffled,3,236,decode,62,62,113.33,63.65,78.8,259.85,63.41,79.0,259.54
shuffled,3,237,mixed,63,4158,664.78,351.55,178.02,1201.95,350.37,178.25,1189.81
shuffled,3,238,decode,63,63,131.93,112.48,131.7,384.58,100.0,131.63,371.37
shuffled,3,239,decode,63,63,120.64,72.49,84.19,282.79,72.32,84.37,282.42
shuffled,3,240,mixed,64,4159,632.03,337.0,174.71,1150.42,335.44,174.76,1131.06
shuffled,3,241,decode,64,64,134.5,79.82,128.71,353.16,79.39,119.74,342.05
shuffled,3,242,decode,64,64,122.48,68.06,91.71,287.65,67.71,92.64,287.66
shuffled,3,243,decode,64,64,119.32,67.4,89.96,281.47,67.3,90.09,281.14
shuffled,3,244,decode,64,64,118.63,66.88,88.88,279.95,66.65,89.24,279.47
shuffled,3,245,decode,64,64,112.97,66.97,82.03,266.31,67.0,81.85,265.77
shuffled,3,246,decode,64,64,119.32,66.78,101.03,293.09,66.67,101.3,291.81
shuffled,3,247,decode,64,64,116.13,68.29,84.35,273.41,68.25,84.56,273.08
shuffled,3,248,decode,64,64,125.47,70.68,101.96,303.47,70.45,102.34,302.24
shuffled,3,249,decode,64,64,120.77,70.89,96.61,293.66,70.53,96.87,292.84
shuffled,3,250,decode,64,64,126.69,79.42,101.8,313.63,79.47,101.87,312.32
shuffled,3,251,decode,64,64,122.12,69.02,106.21,302.79,69.22,106.16,302.0
shuffled,3,252,decode,64,64,122.79,76.4,103.37,307.93,76.56,103.45,307.06
shuffled,3,253,decode,64,64,129.58,73.23,106.54,316.23,72.99,106.86,314.89
shuffled,3,254,decode,64,64,124.12,72.12,102.63,304.95,71.96,103.0,303.43
shuffled,3,255,decode,64,64,123.88,71.81,96.59,297.1,71.95,96.53,296.37
shuffled,3,256,decode,63,63,122.84,126.16,114.74,369.28,126.48,114.5,368.38
shuffled,3,257,decode,63,63,126.92,65.49,109.93,309.11,65.34,109.9,307.66
shuffled,3,258,decode,63,63,124.08,68.55,107.24,306.12,68.51,107.31,304.86
shuffled,3,259,decode,63,63,137.72,76.73,90.36,310.89,76.44,90.29,309.59
shuffled,3,260,decode,62,62,130.43,132.78,103.26,372.34,132.94,103.16,371.18
shuffled,3,261,decode,62,62,129.71,66.54,102.43,305.13,66.47,102.41,303.98
shuffled,3,262,decode,61,61,123.15,119.93,108.03,357.36,119.96,108.17,356.26
shuffled,3,263,decode,60,60,131.54,116.59,107.21,361.96,116.67,107.23,361.0
shuffled,3,264,decode,60,60,131.67,66.83,98.55,303.37,66.65,98.92,302.11
shuffled,3,265,decode,60,60,120.45,70.32,91.5,287.57,72.54,91.6,288.65
shuffled,3,266,decode,59,59,117.97,123.23,103.91,351.2,123.51,103.55,349.95
shuffled,3,267,decode,58,58,127.79,106.46,98.21,338.39,106.58,98.12,337.64
shuffled,3,268,decode,58,58,132.7,76.76,102.64,317.95,76.61,103.21,317.46
shuffled,3,269,decode,58,58,120.72,63.59,93.78,284.46,63.61,93.95,283.48
shuffled,3,270,decode,58,58,141.11,63.17,93.01,302.35,62.84,93.28,301.87
shuffled,3,271,decode,58,58,116.31,62.92,84.34,268.13,62.77,84.56,267.5
shuffled,3,272,decode,57,57,114.2,116.9,91.27,326.75,117.16,91.08,326.76
shuffled,3,273,decode,57,57,118.54,59.69,85.78,269.38,59.5,86.0,268.61
shuffled,3,274,decode,56,56,111.58,111.6,87.15,314.12,111.9,87.05,314.13
shuffled,3,275,decode,56,56,117.87,59.66,84.63,267.54,59.49,84.93,267.23
shuffled,3,276,decode,55,55,107.38,101.59,82.06,294.78,101.78,81.95,294.74
shuffled,3,277,decode,55,55,117.81,60.09,82.44,265.52,59.83,82.66,265.23
shuffled,3,278,decode,55,55,109.04,57.03,79.95,250.07,56.79,80.23,249.97
shuffled,3,279,decode,54,54,113.64,99.66,84.79,301.63,99.84,84.68,301.67
shuffled,3,280,decode,54,54,116.41,63.29,81.79,266.21,63.19,81.95,265.9
shuffled,3,281,decode,54,54,107.95,55.54,72.21,239.73,55.39,72.44,239.62
shuffled,3,282,decode,54,54,108.68,56.87,78.29,248.26,56.74,78.47,247.9
shuffled,3,283,decode,54,54,109.88,65.56,76.43,255.99,65.54,76.52,255.94
shuffled,3,284,decode,54,54,109.61,56.05,77.8,247.51,55.88,78.11,247.51
shuffled,3,285,decode,54,54,108.58,56.1,79.64,248.98,55.9,79.92,248.64
shuffled,3,286,decode,53,53,106.5,107.98,87.73,305.71,108.3,87.7,305.85
shuffled,3,287,decode,53,53,119.2,57.04,81.28,262.65,56.87,81.51,262.35
shuffled,3,288,decode,53,53,106.96,55.2,73.26,239.19,55.11,73.36,238.98
shuffled,3,289,decode,52,52,105.75,97.01,80.19,286.3,97.23,80.05,286.34
shuffled,3,290,decode,51,51,115.74,104.17,90.93,315.94,104.21,91.01,315.56
shuffled,3,291,decode,51,51,109.78,54.86,73.58,242.42,54.69,73.78,242.31
shuffled,3,292,decode,51,51,150.99,60.85,76.03,291.86,60.45,76.2,283.05
shuffled,3,293,decode,51,51,106.54,58.88,71.44,240.77,58.7,71.61,240.73
shuffled,3,294,decode,51,51,103.83,53.4,69.35,230.47,53.25,69.56,230.45
shuffled,3,295,decode,50,50,108.24,104.27,86.26,303.37,104.58,86.08,302.99
shuffled,3,296,decode,50,50,113.52,52.84,76.4,247.43,52.63,76.55,247.21
shuffled,3,297,decode,50,50,111.74,52.93,75.76,244.31,52.7,76.12,244.35
shuffled,3,298,decode,49,49,106.71,95.5,86.89,293.6,95.63,86.8,293.22
shuffled,3,299,decode,48,48,117.94,97.94,83.19,303.51,97.97,83.16,303.47
shuffled,3,300,decode,48,48,112.86,51.19,79.75,248.85,51.06,79.94,248.57
shuffled,3,301,decode,48,48,105.11,56.21,71.44,236.62,56.1,71.59,236.59
shuffled,3,302,decode,48,48,104.28,56.68,70.07,234.67,56.59,70.29,234.77
shuffled,3,303,decode,48,48,105.48,52.38,86.06,248.93,52.25,86.4,248.76
shuffled,3,304,decode,48,48,105.98,50.82,75.54,236.5,50.71,75.77,236.43
shuffled,3,305,decode,48,48,104.4,56.39,70.1,234.31,56.44,70.13,234.34
shuffled,3,306,decode,48,48,106.59,56.84,76.91,245.06,56.76,77.12,244.75
shuffled,3,307,decode,47,47,102.12,96.09,79.71,281.72,96.3,79.62,281.61
shuffled,3,308,decode,47,47,108.89,50.29,71.61,234.52,50.12,71.92,234.69
shuffled,3,309,decode,47,47,110.58,50.28,78.24,243.46,50.14,78.44,243.02
shuffled,3,310,decode,47,47,105.35,50.64,73.87,233.76,50.5,74.06,233.63
shuffled,3,311,decode,47,47,123.58,51.02,78.32,257.49,50.64,78.55,257.07
shuffled,3,312,decode,47,47,101.05,49.34,68.04,222.0,49.16,68.36,221.96
shuffled,3,313,decode,47,47,106.94,50.23,72.2,233.4,49.95,72.41,233.19
shuffled,3,314,decode,47,47,105.29,50.69,75.68,235.96,50.49,75.86,235.51
shuffled,3,315,decode,47,47,102.23,49.73,69.95,226.61,49.26,70.23,226.29
shuffled,3,316,decode,47,47,99.99,49.14,68.67,221.05,49.08,68.74,221.0
shuffled,3,317,decode,47,47,105.13,57.99,75.77,243.67,57.87,75.95,243.4
shuffled,3,318,decode,47,47,103.06,49.72,73.58,231.08,49.57,73.78,230.84
shuffled,3,319,decode,47,47,106.52,50.96,71.96,232.88,50.77,72.16,232.91
shuffled,3,320,decode,46,46,103.54,100.91,86.91,295.78,101.21,86.74,295.41
shuffled,3,321,decode,46,46,113.69,49.75,71.59,239.3,49.64,71.8,239.29
shuffled,3,322,decode,46,46,108.57,56.03,71.76,240.18,56.08,71.63,240.07
shuffled,3,323,decode,46,46,106.28,49.39,82.2,242.7,49.28,82.42,241.96
shuffled,3,324,decode,46,46,108.35,56.21,77.55,246.12,55.98,77.81,246.11
shuffled,3,325,decode,46,46,107.37,71.88,103.71,287.46,66.08,103.81,281.62
shuffled,3,326,decode,45,45,109.03,105.8,84.43,303.41,105.93,84.23,303.17
shuffled,3,327,decode,45,45,122.74,50.51,79.0,257.22,50.38,79.27,257.37
shuffled,3,328,decode,45,45,111.46,56.09,82.36,255.39,56.0,82.5,254.4
shuffled,3,329,decode,45,45,104.54,49.07,76.2,234.13,48.88,76.44,234.11
shuffled,3,330,decode,45,45,106.35,49.33,76.66,236.08,49.17,76.88,235.84
shuffled,3,331,decode,45,45,107.42,48.77,82.02,243.36,48.63,82.36,242.52
shuffled,3,332,decode,45,45,104.55,50.25,78.67,237.98,50.13,78.9,237.7
shuffled,3,333,decode,44,44,104.95,95.0,83.49,287.78,95.18,83.41,287.15
shuffled,3,334,decode,44,44,119.5,48.61,81.99,255.26,48.5,82.2,254.84
shuffled,3,335,decode,43,43,105.63,90.54,84.56,284.41,90.79,84.43,284.28
shuffled,3,336,decode,43,43,110.67,49.74,89.14,255.35,49.85,89.17,254.64
shuffled,3,337,decode,43,43,119.15,58.48,88.61,271.06,58.61,88.6,270.72
shuffled,3,338,decode,43,43,115.27,57.32,82.92,261.09,57.14,83.12,261.1
shuffled,3,339,decode,42,42,117.33,103.33,98.32,325.05,103.54,98.05,324.55
shuffled,3,340,decode,42,42,120.78,60.11,86.19,271.82,59.92,86.41,271.63
shuffled,3,341,decode,42,42,111.07,51.79,88.5,255.89,51.96,88.4,255.64
shuffled,3,342,decode,42,42,129.14,54.44,108.17,298.59,54.27,108.31,297.62
shuffled,3,343,decode,42,42,112.11,51.22,84.38,252.04,51.12,84.63,252.06
shuffled,3,344,decode,42,42,112.92,58.46,81.99,257.57,58.38,82.17,257.46
shuffled,3,345,decode,42,42,119.8,51.57,101.44,279.17,51.28,101.65,278.27
shuffled,3,346,decode,41,41,114.72,104.64,92.66,316.06,104.75,92.65,315.97
shuffled,3,347,decode,41,41,126.0,58.12,108.31,296.98,57.98,97.52,285.9
shuffled,3,348,decode,41,41,114.11,50.13,85.32,253.98,50.0,85.56,253.61
shuffled,3,349,decode,41,41,108.77,47.9,83.59,245.7,47.74,83.74,245.28
shuffled,3,350,decode,40,40,121.44,109.47,93.76,329.08,109.75,93.44,319.5
shuffled,3,351,decode,40,40,121.68,48.97,83.49,258.88,48.79,83.72,258.96
shuffled,3,352,decode,39,39,108.11,91.72,91.58,295.62,92.06,91.38,295.54
shuffled,3,353,decode,38,38,114.97,94.22,91.89,306.57,94.01,91.93,306.13
shuffled,3,354,decode,38,38,114.49,46.85,80.79,247.31,46.83,80.94,246.97
shuffled,3,355,decode,37,37,108.91,95.12,89.29,296.96,95.22,89.34,297.02
shuffled,3,356,decode,37,37,118.66,47.48,86.05,257.66,47.43,86.25,257.37
shuffled,3,357,decode,37,37,114.02,44.7,83.32,246.06,44.61,83.34,245.97
shuffled,3,358,decode,36,36,107.39,91.02,90.96,295.07,91.12,91.07,302.5
shuffled,3,359,decode,36,36,123.67,47.82,95.21,272.28,47.73,95.63,272.34
shuffled,3,360,decode,36,36,108.84,44.55,84.79,242.36,44.51,85.37,242.72
shuffled,3,361,decode,36,36,106.69,43.24,89.67,245.1,43.09,89.81,244.72
shuffled,3,362,decode,36,36,108.9,42.97,95.4,252.58,42.84,95.61,251.7
shuffled,3,363,decode,36,36,104.16,41.59,86.5,236.5,41.94,86.26,236.17
shuffled,3,364,decode,36,36,104.0,43.33,86.97,239.09,43.4,87.0,238.46
shuffled,3,365,decode,36,36,100.54,54.72,109.68,268.83,48.11,109.83,262.21
shuffled,3,366,decode,35,35,105.33,94.8,89.39,294.82,94.95,89.38,293.97
shuffled,3,367,decode,35,35,116.75,43.83,96.39,262.18,44.1,96.52,262.18
shuffled,3,368,decode,35,35,101.2,41.71,83.47,231.16,41.54,83.8,230.56
shuffled,3,369,decode,35,35,103.68,49.91,86.03,245.49,49.62,86.15,244.4
shuffled,3,370,decode,35,35,100.26,41.4,86.47,232.61,41.32,86.73,232.21
shuffled,3,371,decode,35,35,109.19,43.58,97.09,255.59,43.11,97.57,254.72
shuffled,3,372,decode,35,35,101.7,41.86,93.56,242.14,41.56,94.24,242.09
shuffled,3,373,decode,35,35,101.06,40.63,81.39,227.58,40.15,81.78,227.27
shuffled,3,374,decode,35,35,103.23,40.51,84.8,232.75,40.4,85.27,232.53
shuffled,3,375,decode,35,35,110.78,44.37,95.47,255.96,43.96,95.36,255.19
shuffled,3,376,decode,35,35,106.59,42.26,90.23,244.22,42.5,90.89,244.38
shuffled,3,377,decode,34,34,101.18,86.93,89.22,281.95,86.9,89.19,281.59
shuffled,3,378,decode,34,34,112.53,40.86,106.97,264.35,40.65,97.01,254.09
shuffled,3,379,decode,33,33,102.44,83.86,95.47,286.58,83.93,95.59,285.73
shuffled,3,380,decode,33,33,106.77,39.65,79.09,230.12,39.54,79.34,229.8
shuffled,3,381,decode,33,33,102.67,37.98,83.7,228.45,37.87,83.88,227.75
shuffled,3,382,decode,33,33,106.34,39.11,83.76,233.51,38.66,84.22,233.3
shuffled,3,383,decode,33,33,103.84,42.5,76.69,226.36,42.8,76.27,226.06
shuffled,3,384,decode,33,33,99.59,38.75,82.58,224.94,38.87,82.72,225.08
shuffled,3,385,decode,33,33,100.98,39.23,86.76,231.26,39.16,86.94,230.97
shuffled,3,386,decode,32,32,98.36,84.51,87.15,273.97,84.65,87.13,273.43
shuffled,3,387,decode,31,31,102.6,66.39,89.2,263.33,66.45,89.32,263.03
shuffled,3,388,decode,31,31,101.52,37.85,87.88,231.97,37.75,88.06,231.3
shuffled,3,389,decode,31,31,170.61,62.46,153.45,394.53,62.01,153.92,394.13
shuffled,3,390,decode,31,31,163.73,62.0,134.09,366.79,61.89,134.33,366.69
shuffled,3,391,decode,31,31,116.01,39.94,94.25,255.77,39.61,94.56,254.85
shuffled,3,392,decode,30,30,102.55,78.03,93.52,278.83,77.89,93.45,278.11
shuffled,3,393,decode,30,30,110.24,36.99,81.98,234.14,36.69,82.22,233.73
shuffled,3,394,decode,30,30,101.68,35.59,74.7,215.93,35.17,74.91,215.6
shuffled,3,395,decode,28,28,98.99,85.01,88.71,276.9,85.1,88.87,276.8
shuffled,3,396,decode,28,28,104.33,33.67,77.29,220.47,33.53,77.56,220.06
shuffled,3,397,decode,28,28,192.45,61.57,145.73,409.0,61.35,145.74,407.75
shuffled,3,398,decode,28,28,156.65,51.9,107.77,322.96,51.81,107.69,322.36
shuffled,3,399,decode,27,27,160.36,150.8,136.22,455.07,151.52,135.46,454.28
shuffled,3,400,decode,27,27,192.9,53.44,114.36,368.8,53.37,114.13,367.84
shuffled,3,401,decode,26,26,147.81,122.47,109.4,385.43,122.57,109.35,384.76
shuffled,3,402,decode,26,26,100.72,32.51,121.81,259.61,32.18,108.83,245.92
shuffled,3,403,decode,26,26,95.6,31.88,66.96,198.63,31.71,67.22,198.29
shuffled,3,404,decode,26,26,94.87,31.3,64.73,194.25,31.14,64.95,194.16
shuffled,3,405,decode,26,26,90.27,31.46,67.22,192.65,31.28,67.45,192.14
shuffled,3,406,decode,26,26,101.34,31.61,67.6,204.83,31.33,67.8,204.6
shuffled,3,407,decode,25,25,90.53,68.35,74.97,237.28,68.54,74.92,237.09
shuffled,3,408,decode,25,25,103.99,30.77,68.74,207.39,30.64,68.98,207.25
shuffled,3,409,decode,25,25,93.2,30.45,67.96,194.76,30.3,68.16,194.6
shuffled,3,410,decode,23,23,89.79,88.14,77.47,258.45,88.34,77.69,258.75
shuffled,3,411,decode,23,23,98.44,41.19,94.73,239.12,41.32,94.68,238.96
shuffled,3,412,decode,23,23,103.64,31.9,72.12,211.64,31.78,72.25,211.17
shuffled,3,413,decode,22,22,95.07,69.19,78.45,246.64,69.47,78.25,246.36
shuffled,3,414,decode,22,22,102.61,28.32,73.64,208.07,28.14,73.95,208.13
shuffled,3,415,decode,22,22,115.22,29.96,78.77,228.57,29.78,78.98,221.64
shuffled,3,416,decode,22,22,98.46,31.41,69.65,202.78,31.58,69.66,202.92
shuffled,3,417,decode,22,22,95.12,31.59,68.93,199.22,31.52,69.13,199.01
shuffled,3,418,decode,22,22,92.81,30.5,69.15,195.62,30.46,69.37,195.49
shuffled,3,419,decode,21,21,99.03,64.27,79.83,246.85,64.41,79.78,246.76
shuffled,3,420,decode,20,20,104.78,57.06,84.44,250.68,57.17,84.63,250.57
shuffled,3,421,decode,20,20,103.29,30.13,73.57,210.62,30.01,73.71,210.38
shuffled,3,422,decode,19,19,94.61,62.35,76.88,237.16,62.4,76.9,237.23
shuffled,3,423,decode,19,19,99.16,28.54,69.32,200.45,28.5,69.48,200.4
shuffled,3,424,decode,19,19,94.36,36.05,70.83,205.17,35.89,70.96,205.28
shuffled,3,425,decode,19,19,95.33,29.37,69.44,197.76,29.41,69.7,197.8
shuffled,3,426,decode,19,19,93.53,26.59,69.76,193.39,26.65,69.82,193.31
shuffled,3,427,decode,19,19,91.62,25.23,67.05,187.17,25.06,67.31,187.02
shuffled,3,428,decode,18,18,92.72,65.02,82.47,243.9,65.04,82.54,243.83
shuffled,3,429,decode,17,17,99.31,59.05,86.28,249.01,59.3,86.41,255.74
shuffled,3,430,decode,17,17,99.16,26.92,72.22,202.35,26.8,72.45,202.3
shuffled,3,431,decode,17,17,96.4,23.41,69.42,192.84,23.17,69.75,192.9
shuffled,3,432,decode,16,16,95.28,58.56,78.77,236.35,58.48,78.98,236.44
shuffled,3,433,decode,15,15,101.2,57.61,80.45,242.98,57.57,80.73,243.14
shuffled,3,434,decode,15,15,98.45,21.1,68.15,191.41,20.95,68.41,191.19
shuffled,3,435,decode,15,15,101.77,21.28,75.1,201.79,21.25,75.5,195.23
shuffled,3,436,decode,15,15,94.99,21.36,69.24,189.12,21.11,69.43,188.98
shuffled,3,437,decode,15,15,94.01,21.02,69.57,187.93,21.01,69.64,187.72
shuffled,3,438,decode,15,15,91.31,20.69,70.72,185.89,20.53,71.21,186.03
shuffled,3,439,decode,15,15,90.32,20.72,65.47,179.67,20.58,65.74,179.53
shuffled,3,440,decode,15,15,90.43,20.94,66.44,181.21,20.6,66.73,181.12
shuffled,3,441,decode,15,15,102.79,21.34,73.5,200.94,21.4,73.81,193.03
shuffled,3,442,decode,15,15,91.73,21.21,67.13,183.09,20.83,67.39,183.01
shuffled,3,443,decode,15,15,88.21,22.91,67.55,181.64,22.7,67.78,181.68
shuffled,3,444,decode,14,14,87.82,59.28,81.05,231.4,59.62,80.93,231.48
shuffled,3,445,decode,14,14,97.78,22.56,68.11,191.93,22.41,68.35,191.85
shuffled,3,446,decode,14,14,92.12,22.82,66.61,184.92,22.66,66.81,184.88
shuffled,3,447,decode,14,14,105.08,20.37,69.08,198.12,20.23,69.38,184.84
shuffled,3,448,decode,14,14,89.75,22.31,67.13,182.49,22.15,67.26,182.47
shuffled,3,449,decode,13,13,84.88,47.82,72.5,208.49,47.79,72.69,208.38
shuffled,3,450,decode,13,13,89.17,19.27,61.52,173.56,19.2,61.75,173.44
shuffled,3,451,decode,12,12,82.82,47.9,63.82,197.74,47.84,63.96,197.62
shuffled,3,452,decode,11,11,85.24,48.04,64.5,200.81,47.97,64.68,200.83
shuffled,3,453,decode,10,10,88.45,46.73,70.65,209.54,46.68,70.84,209.33
shuffled,3,454,decode,10,10,85.97,16.7,60.46,166.79,16.62,60.84,166.81
shuffled,3,455,decode,9,9,82.55,44.66,61.58,191.95,44.74,61.66,191.95
shuffled,3,456,decode,9,9,83.12,15.35,56.81,158.66,15.26,57.04,158.49
shuffled,3,457,decode,9,9,79.41,14.72,56.99,153.89,14.61,57.21,153.94
shuffled,3,458,decode,9,9,78.32,14.63,57.1,152.64,14.55,57.26,152.65
shuffled,3,459,decode,9,9,78.49,14.75,56.88,153.04,14.47,57.09,153.01
shuffled,3,460,decode,9,9,77.81,14.91,54.81,150.16,14.61,55.23,150.4
shuffled,3,461,decode,9,9,90.76,15.35,62.97,172.04,15.13,63.17,172.02
shuffled,3,462,decode,9,9,79.15,15.36,59.59,157.06,15.09,59.83,156.99
shuffled,3,463,decode,9,9,78.31,14.63,56.77,152.27,14.57,56.89,152.31
shuffled,3,464,decode,8,8,78.32,45.98,68.55,195.78,46.07,68.61,195.67
shuffled,3,465,decode,7,7,82.5,44.99,66.3,196.89,45.01,66.25,196.97
shuffled,3,466,decode,7,7,83.53,13.77,64.03,164.46,13.61,64.32,164.5
shuffled,3,467,decode,6,6,80.81,35.51,62.03,181.45,35.58,62.11,181.45
shuffled,3,468,decode,6,6,83.26,12.41,58.4,157.61,12.31,58.55,157.43
shuffled,3,469,decode,6,6,78.77,12.04,55.94,149.72,11.92,56.22,149.76
shuffled,3,470,decode,6,6,79.82,12.5,56.69,152.01,12.42,56.92,152.08
shuffled,3,471,decode,5,5,79.02,41.53,64.01,187.53,41.25,64.14,187.53
shuffled,3,472,decode,5,5,80.28,11.85,56.68,152.12,11.65,56.93,152.12
shuffled,3,473,decode,5,5,77.8,11.08,55.54,147.48,11.03,55.75,147.45
shuffled,3,474,decode,4,4,76.76,33.37,59.85,172.62,33.17,59.9,172.64
shuffled,3,475,decode,4,4,79.28,10.67,54.56,147.37,10.52,54.79,147.42
shuffled,3,476,decode,4,4,76.54,9.85,54.26,143.61,9.72,54.52,143.59
shuffled,3,477,decode,4,4,74.45,9.73,54.52,141.24,9.65,54.86,141.56
shuffled,3,478,decode,4,4,80.38,9.9,54.78,147.85,9.61,55.14,147.93
shuffled,3,479,decode,4,4,75.67,9.93,54.77,142.98,9.95,54.92,143.21
shuffled,3,480,decode,3,3,73.04,32.25,59.24,167.43,32.21,59.47,167.64
shuffled,3,481,decode,3,3,93.1,9.35,57.1,162.5,9.23,57.37,162.71
shuffled,3,482,decode,2,2,91.41,38.39,63.2,195.78,38.39,63.3,184.75
shuffled,3,483,decode,2,2,78.07,8.47,54.25,144.23,8.34,54.36,143.99
shuffled,3,484,decode,2,2,74.38,7.96,54.21,139.08,7.85,54.43,139.17
shuffled,3,485,decode,2,2,78.77,7.96,53.62,143.35,7.77,53.83,143.27
shuffled,3,486,decode,2,2,73.9,7.86,53.46,137.93,7.79,53.64,138.01
shuffled,3,487,decode,2,2,73.62,8.27,54.12,138.38,8.15,54.34,138.47
shuffled,3,488,decode,2,2,72.85,7.72,52.95,135.94,7.61,53.07,135.93
shuffled,3,489,decode,2,2,76.26,8.0,54.24,141.08,7.89,54.47,141.21
shuffled,3,490,decode,2,2,73.14,7.89,52.87,136.25,7.78,53.05,136.33
shuffled,3,491,decode,2,2,75.07,8.08,55.76,141.53,7.81,56.08,141.7
shuffled,3,492,decode,2,2,73.09,7.91,61.88,145.38,7.8,62.15,145.56
shuffled,3,493,decode,1,1,72.96,36.48,61.64,174.05,36.61,61.72,174.22
shuffled,3,494,decode,1,1,78.18,7.19,63.95,152.36,7.08,64.43,152.75
shuffled,3,495,decode,1,1,76.91,7.51,56.01,143.32,7.41,56.22,143.2
shuffled,4,0,prefill,1,4096,727.19,415.13,197.15,1347.54,413.92,197.05,1345.06
shuffled,4,1,decode,1,1,117.55,22.55,95.68,243.62,22.22,95.86,242.79
shuffled,4,2,decode,1,1,92.83,9.4,62.48,168.06,9.44,62.71,168.34
shuffled,4,3,decode,1,1,89.57,8.27,61.15,162.38,8.17,61.28,162.21
shuffled,4,4,mixed,2,4097,546.7,379.75,161.43,1092.51,378.6,161.41,1093.33
shuffled,4,5,decode,2,2,104.93,21.32,87.23,221.69,20.9,87.45,220.49
shuffled,4,6,mixed,3,4098,513.01,345.51,156.92,1020.17,343.9,157.25,1030.62
shuffled,4,7,mixed,4,2051,501.79,346.9,132.62,988.8,333.11,131.91,975.29
shuffled,4,8,decode,4,4,99.91,22.03,78.85,207.95,21.53,79.04,207.28
shuffled,4,9,decode,4,4,100.48,12.12,65.48,181.52,11.86,65.77,181.62
shuffled,4,10,mixed,5,2052,482.97,302.51,131.02,920.78,301.51,130.4,921.14
shuffled,4,11,mixed,6,2053,489.85,294.46,130.77,922.43,292.72,131.0,922.25
shuffled,4,12,decode,6,6,131.94,25.44,87.1,251.82,24.97,87.37,251.2
shuffled,4,13,decode,6,6,88.96,13.52,65.89,172.24,13.29,66.16,172.21
shuffled,4,14,decode,6,6,82.49,13.06,58.84,157.39,12.88,59.23,157.68
shuffled,4,15,decode,6,6,78.46,12.61,57.72,151.72,12.46,57.93,151.82
shuffled,4,16,mixed,7,4102,484.63,313.9,153.24,956.52,312.53,153.43,957.32
shuffled,4,17,decode,7,7,106.06,25.86,88.27,227.66,25.49,88.56,227.04
shuffled,4,18,mixed,8,4103,489.96,340.48,155.48,990.64,339.13,155.62,991.36
shuffled,4,19,decode,8,8,106.69,26.03,85.98,226.67,25.67,86.15,225.45
shuffled,4,20,mixed,9,2056,510.06,298.36,136.31,950.2,297.11,136.09,950.44
shuffled,4,21,decode,9,9,104.44,25.78,81.22,218.37,25.57,81.51,217.92
shuffled,4,22,decode,9,9,88.77,15.94,62.03,170.24,15.86,62.23,170.32
shuffled,4,23,mixed,10,2057,529.49,292.23,138.13,964.47,291.08,138.0,955.75
shuffled,4,24,decode,10,10,115.98,30.91,103.18,258.21,30.61,103.41,256.84
shuffled,4,25,decode,10,10,95.61,18.31,70.68,188.37,18.12,70.99,188.48
shuffled,4,26,decode,10,10,92.08,17.84,94.76,208.67,17.84,89.03,202.5
shuffled,4,27,decode,10,10,99.39,17.6,77.96,199.05,17.38,78.16,198.83
shuffled,4,28,decode,10,10,89.21,17.39,69.2,179.55,17.23,69.4,179.36
shuffled,4,29,decode,10,10,88.17,17.23,66.46,175.33,17.1,66.92,175.38
shuffled,4,30,mixed,11,4106,562.75,346.98,172.7,1087.08,345.26,172.63,1087.44
shuffled,4,31,decode,11,11,119.98,33.89,108.65,271.41,33.46,108.93,270.4
shuffled,4,32,decode,11,11,97.11,20.07,71.98,193.19,19.88,72.57,193.1
shuffled,4,33,mixed,12,2059,563.1,301.13,142.07,1012.17,299.6,141.77,1012.31
shuffled,4,34,mixed,13,4108,563.12,362.99,183.13,1118.46,361.95,182.88,1117.4
shuffled,4,35,decode,13,13,124.6,35.2,107.08,276.4,34.97,107.15,274.84
shuffled,4,36,decode,13,13,104.25,20.48,75.86,204.8,20.09,75.95,204.45
shuffled,4,37,decode,13,13,97.07,22.23,85.02,208.05,22.06,85.27,207.69
shuffled,4,38,decode,13,13,91.86,21.36,81.65,198.11,20.97,81.86,198.14
shuffled,4,39,mixed,14,2061,578.32,347.85,157.86,1088.76,338.98,157.34,1081.79
shuffled,4,40,decode,14,14,120.62,33.07,95.21,257.02,32.87,95.33,255.7
shuffled,4,41,decode,14,14,98.7,23.11,77.19,203.3,22.96,77.63,203.53
shuffled,4,42,mixed,15,2062,623.46,300.84,154.26,1084.74,299.77,153.98,1075.08
shuffled,4,43,mixed,16,4111,574.27,393.62,180.19,1157.47,392.1,180.23,1156.38
shuffled,4,44,decode,16,16,122.01,37.54,108.42,277.38,37.24,108.54,276.15
shuffled,4,45,decode,16,16,97.74,23.71,71.28,196.93,23.62,71.48,196.86
shuffled,4,46,decode,16,16,99.14,23.5,74.37,201.19,23.13,74.63,201.01
shuffled,4,47,decode,16,16,97.98,22.93,83.33,208.53,22.65,83.66,208.3
shuffled,4,48,decode,16,16,91.99,22.89,71.85,190.63,22.66,72.17,190.69
shuffled,4,49,decode,16,16,94.5,22.43,70.99,191.9,22.22,71.39,191.83
shuffled,4,50,decode,16,16,95.13,23.45,85.95,209.53,22.93,86.22,208.53
shuffled,4,51,mixed,17,2064,582.59,315.96,167.24,1071.36,314.69,158.91,1063.91
shuffled,4,52,decode,17,17,120.98,38.48,103.66,271.88,38.25,103.72,270.54
shuffled,4,53,decode,17,17,97.49,25.0,76.39,202.91,24.91,76.61,202.63
shuffled,4,54,decode,17,17,95.17,23.89,72.13,194.8,23.69,72.09,194.46
shuffled,4,55,decode,17,17,99.33,24.66,90.68,219.53,24.47,91.03,218.9
shuffled,4,56,decode,17,17,97.46,24.07,69.86,195.09,23.87,70.12,194.92
shuffled,4,57,decode,17,17,90.2,23.18,71.55,188.31,22.73,71.97,188.35
shuffled,4,58,decode,17,17,92.3,23.2,90.15,209.13,23.06,90.68,208.96
shuffled,4,59,decode,17,17,93.92,24.13,69.93,191.27,24.0,70.1,191.2
shuffled,4,60,decode,17,17,114.44,23.77,74.01,216.2,23.55,74.06,215.75
shuffled,4,61,decode,17,17,97.65,25.06,74.32,200.67,24.87,74.58,200.16
shuffled,4,62,decode,17,17,89.93,23.13,68.71,184.74,22.88,68.94,184.67
shuffled,4,63,decode,17,17,88.82,23.36,66.36,181.83,23.24,66.72,181.43
shuffled,4,64,mixed,18,4113,597.11,367.36,218.36,1188.44,366.04,205.38,1176.45
shuffled,4,65,decode,18,18,121.17,36.73,93.5,259.75,36.45,93.72,259.02
shuffled,4,66,decode,18,18,98.02,24.9,70.41,197.06,24.85,70.59,197.18
shuffled,4,67,decode,18,18,94.09,24.17,65.72,187.7,23.97,65.95,187.45
shuffled,4,68,decode,18,18,96.41,24.59,73.32,198.57,24.39,73.49,198.16
shuffled,4,69,decode,18,18,93.58,23.81,68.85,190.38,23.77,69.06,189.83
shuffled,4,70,mixed,19,4114,590.68,356.96,166.13,1119.1,356.29,166.07,1119.58
shuffled,4,71,decode,19,19,114.43,40.55,90.47,253.99,40.18,90.68,253.09
shuffled,4,72,decode,19,19,95.5,26.65,67.44,193.95,26.58,67.55,193.8
shuffled,4,73,decode,19,19,92.24,26.22,63.63,185.26,26.13,63.81,185.3
shuffled,4,74,decode,19,19,90.41,26.33,62.67,182.43,26.19,63.01,182.62
shuffled,4,75,decode,19,19,92.27,27.13,71.56,195.04,26.92,71.92,194.68
shuffled,4,76,decode,19,19,92.03,25.93,64.42,186.07,25.82,64.55,185.73
shuffled,4,77,mixed,20,2067,576.28,299.27,143.49,1023.84,297.89,143.28,1024.21
shuffled,4,78,decode,20,20,122.97,43.46,97.55,272.2,43.13,97.68,271.11
shuffled,4,79,mixed,21,2068,552.89,295.17,135.02,989.4,293.6,135.08,989.58
shuffled,4,80,decode,21,21,118.03,40.47,90.82,257.33,40.23,90.95,256.22
shuffled,4,81,decode,21,21,98.33,28.71,68.53,199.89,28.35,68.85,199.84
shuffled,4,82,decode,21,21,91.34,29.1,64.16,188.06,28.91,64.39,188.14
shuffled,4,83,mixed,22,4117,554.23,378.55,183.05,1121.5,370.42,182.94,1114.67
shuffled,4,84,decode,22,22,118.61,41.75,97.3,266.21,41.49,97.59,265.58
shuffled,4,85,decode,22,22,100.39,28.6,74.03,207.44,28.48,74.24,207.08
shuffled,4,86,decode,22,22,94.98,28.64,70.83,198.48,28.6,71.05,198.46
shuffled,4,87,decode,22,22,92.78,30.95,69.42,196.79,31.06,69.49,196.74
shuffled,4,88,decode,22,22,89.59,27.69,64.93,186.19,27.53,65.18,185.81
shuffled,4,89,decode,22,22,88.88,28.1,66.95,187.11,28.0,67.39,187.34
shuffled,4,90,mixed,23,4118,563.76,418.39,162.36,1150.21,406.0,161.98,1139.29
shuffled,4,91,decode,23,23,110.96,40.81,86.74,246.02,40.46,86.86,245.2
shuffled,4,92,decode,23,23,99.08,29.87,72.46,205.22,29.73,72.59,205.02
shuffled,4,93,decode,23,23,105.16,30.44,75.74,216.12,30.26,75.89,215.42
shuffled,4,94,mixed,24,2071,554.49,296.63,137.34,993.92,295.09,137.36,994.25
shuffled,4,95,decode,24,24,113.49,42.75,89.52,253.61,42.39,89.78,252.88
shuffled,4,96,mixed,25,2072,525.2,302.12,135.15,968.42,300.61,135.26,968.94
shuffled,4,97,mixed,26,2073,536.64,294.61,136.2,975.95,293.25,135.85,975.6
shuffled,4,98,decode,26,26,115.42,43.58,89.38,257.71,43.4,89.51,257.12
shuffled,4,99,mixed,27,2074,520.71,288.47,133.3,948.98,286.85,133.08,948.91
shuffled,4,100,decode,27,27,111.67,44.95,89.86,254.74,44.53,90.01,253.93
shuffled,4,101,decode,27,27,103.03,34.12,75.13,216.79,33.8,75.27,216.23
shuffled,4,102,mixed,28,2075,522.46,285.7,134.04,947.42,284.36,134.12,954.38
shuffled,4,103,decode,28,28,121.83,46.55,94.26,271.32,46.22,94.4,270.0
shuffled,4,104,decode,28,28,105.43,34.52,71.5,215.56,34.37,71.79,215.51
shuffled,4,105,decode,28,28,95.49,33.48,64.35,196.74,33.32,64.56,196.69
shuffled,4,106,decode,28,28,92.76,32.87,62.3,191.26,32.8,62.53,191.35
shuffled,4,107,decode,28,28,94.65,33.54,70.82,203.18,33.41,71.03,202.82
shuffled,4,108,decode,28,28,92.19,33.55,63.25,192.24,33.39,63.47,192.19
shuffled,4,109,decode,28,28,89.46,32.57,62.67,187.81,32.5,62.88,187.85
shuffled,4,110,mixed,29,2076,552.44,290.17,135.92,983.3,288.7,135.92,983.93
shuffled,4,111,decode,29,29,118.85,46.54,97.76,271.17,46.22,98.16,270.26
shuffled,4,112,decode,29,29,102.87,40.33,74.33,221.83,40.35,74.46,221.7
shuffled,4,113,decode,29,29,98.78,35.73,69.91,208.46,35.44,70.09,208.1
shuffled,4,114,decode,29,29,102.74,34.81,69.77,210.74,34.65,69.97,210.82
shuffled,4,115,decode,29,29,96.06,34.09,64.76,198.46,34.0,64.99,198.55
shuffled,4,116,decode,29,29,91.52,33.6,64.14,192.5,33.39,64.33,192.56
shuffled,4,117,decode,29,29,127.77,40.88,69.28,242.02,40.48,69.3,236.11
shuffled,4,118,decode,29,29,91.48,33.42,64.49,192.78,33.32,64.71,192.75
shuffled,4,119,decode,29,29,90.18,33.89,62.6,189.91,33.74,62.81,189.88
shuffled,4,120,decode,29,29,90.46,34.52,66.22,194.29,34.42,66.59,194.49
shuffled,4,121,mixed,30,2077,592.18,305.24,138.46,1041.1,303.94,138.29,1030.0
shuffled,4,122,decode,30,30,116.25,47.5,93.26,265.99,47.3,93.41,264.87
shuffled,4,123,mixed,31,2078,539.5,296.51,134.5,976.5,295.06,134.47,976.68
shuffled,4,124,decode,31,31,114.98,47.96,87.68,257.91,47.59,87.95,257.1
shuffled,4,125,decode,31,31,102.13,37.96,74.03,218.91,37.72,74.25,218.54
shuffled,4,126,decode,31,31,96.61,36.7,66.28,202.96,36.54,66.59,203.06
shuffled,4,127,decode,31,31,93.71,44.24,67.97,209.26,44.36,67.99,209.19
shuffled,4,128,decode,31,31,98.71,37.54,69.33,210.27,37.25,69.5,210.14
shuffled,4,129,decode,31,31,100.33,43.22,71.3,218.97,43.16,71.5,218.87
shuffled,4,130,mixed,32,2079,553.94,274.9,135.12,969.93,273.57,134.84,970.34
shuffled,4,131,mixed,33,2080,537.55,285.62,135.11,966.83,284.02,140.71,971.97
shuffled,4,132,decode,33,33,116.92,50.89,113.73,289.51,50.69,102.22,276.96
shuffled,4,133,decode,33,33,108.27,50.17,78.86,241.72,50.21,78.92,241.45
shuffled,4,134,decode,33,33,100.86,39.02,71.48,215.05,38.83,71.74,215.02
shuffled,4,135,decode,33,33,96.49,43.24,65.77,208.6,43.23,65.86,208.58
shuffled,4,136,mixed,34,2081,550.17,291.96,135.71,984.1,290.55,135.44,984.0
shuffled,4,137,decode,34,34,114.68,50.57,88.64,261.17,50.2,88.82,260.52
shuffled,4,138,decode,34,34,104.39,41.1,77.59,227.9,40.92,77.93,227.59
shuffled,4,139,mixed,36,4130,900.5,495.88,171.78,1573.5,495.46,171.67,1574.41
shuffled,4,140,decode,36,36,130.95,61.84,97.66,300.32,61.31,97.87,299.17
shuffled,4,141,decode,36,36,109.07,42.65,77.81,234.59,42.35,78.12,234.47
shuffled,4,142,decode,36,36,101.29,41.54,68.62,215.11,47.91,68.92,221.63
shuffled,4,143,mixed,37,4132,531.76,352.54,161.63,1051.21,351.04,161.55,1051.77
shuffled,4,144,decode,37,37,124.69,56.43,93.76,283.0,56.2,93.76,282.11
shuffled,4,145,mixed,38,4133,527.04,376.02,162.78,1071.52,365.75,162.06,1062.42
shuffled,4,146,decode,38,38,117.78,54.36,90.84,271.23,54.05,90.89,270.31
shuffled,4,147,decode,38,38,131.62,50.64,77.07,263.62,50.43,77.23,251.85
shuffled,4,148,decode,38,38,99.29,42.64,72.73,218.53,42.54,72.99,218.51
shuffled,4,149,decode,38,38,101.65,47.68,70.45,223.53,47.52,70.61,223.5
shuffled,4,150,decode,38,38,106.12,46.69,78.01,235.25,46.67,78.27,235.18
shuffled,4,151,mixed,39,4134,583.37,323.01,169.26,1082.21,321.9,169.22,1081.9
shuffled,4,152,decode,39,39,131.41,60.95,103.5,304.67,60.67,103.96,303.92
shuffled,4,153,decode,39,39,110.54,47.69,77.83,240.35,47.49,78.07,240.31
shuffled,4,154,mixed,41,6183,970.57,610.16,223.51,1810.73,596.03,223.33,1802.26
shuffled,4,155,decode,41,41,148.88,71.07,122.27,354.6,70.54,122.36,352.78
shuffled,4,156,decode,41,41,125.21,50.09,97.05,277.97,49.63,97.24,277.56
shuffled,4,157,mixed,42,4137,591.88,351.6,183.37,1133.39,350.08,183.47,1133.44
shuffled,4,158,decode,42,42,159.07,69.09,111.68,350.18,68.65,111.99,343.55
shuffled,4,159,decode,42,42,121.54,57.21,100.68,284.96,57.39,100.58,284.44
shuffled,4,160,decode,42,42,117.53,54.0,96.08,272.85,53.79,96.59,272.87
shuffled,4,161,decode,42,42,116.49,50.76,100.77,273.09,50.4,101.51,272.97
shuffled,4,162,decode,42,42,121.21,59.6,95.75,282.2,59.56,95.85,281.1
shuffled,4,163,mixed,43,2090,604.35,353.67,149.37,1114.2,340.25,149.07,1102.02
shuffled,4,164,mixed,44,2091,597.6,315.82,196.34,1120.44,314.15,182.96,1105.99
shuffled,4,165,decode,44,44,133.05,63.34,112.39,318.98,63.06,112.51,316.64
shuffled,4,166,mixed,45,4140,585.77,361.39,186.07,1139.69,360.35,186.23,1140.07
shuffled,4,167,decode,45,45,144.27,67.15,116.28,336.89,66.61,116.37,335.43
shuffled,4,168,decode,45,45,120.63,58.51,88.17,273.44,58.15,88.29,272.72
shuffled,4,169,decode,45,45,110.98,49.14,85.16,249.75,49.02,85.54,249.86
shuffled,4,170,decode,45,45,116.49,52.34,97.93,272.32,52.15,98.12,271.54
shuffled,4,171,decode,45,45,115.58,57.9,83.57,261.63,57.65,83.72,260.66
shuffled,4,172,mixed,46,4141,610.16,363.35,187.17,1167.36,361.77,187.15,1157.25
shuffled,4,173,mixed,47,4142,608.77,351.5,180.39,1152.33,350.48,180.38,1136.31
shuffled,4,174,decode,47,47,130.19,65.41,106.84,311.35,64.89,107.02,310.06
shuffled,4,175,decode,47,47,118.56,53.47,87.67,265.36,53.04,88.29,265.21
shuffled,4,176,mixed,48,2095,549.87,331.3,150.79,1037.73,329.8,150.78,1038.29
shuffled,4,177,mixed,49,4144,542.57,358.22,173.16,1084.31,356.82,173.1,1083.58
shuffled,4,178,decode,49,49,127.48,66.01,106.6,310.35,65.79,106.71,308.6
shuffled,4,179,decode,49,49,113.1,54.14,81.88,253.97,54.0,82.13,253.76
shuffled,4,180,decode,49,49,123.07,62.42,85.07,276.4,62.08,85.29,275.82
shuffled,4,181,decode,49,49,109.19,53.72,80.13,247.64,53.64,80.27,247.26
shuffled,4,182,decode,49,49,109.57,53.24,82.8,250.4,53.03,83.16,250.28
shuffled,4,183,decode,49,49,108.33,52.1,75.23,239.86,51.97,75.46,239.33
shuffled,4,184,decode,49,49,102.57,51.17,74.99,232.64,51.04,75.24,232.39
shuffled,4,185,decode,49,49,105.57,53.61,84.41,248.28,53.45,84.58,247.71
shuffled,4,186,decode,49,49,104.45,52.13,77.54,238.26,51.94,77.84,238.17
shuffled,4,187,decode,49,49,107.36,52.55,77.92,241.8,52.4,78.1,241.68
shuffled,4,188,mixed,50,4145,563.16,367.21,172.16,1109.28,365.42,172.36,1109.52
shuffled,4,189,decode,50,50,133.05,68.49,101.36,312.29,68.23,101.66,311.22
shuffled,4,190,decode,50,50,111.05,54.19,76.62,247.01,54.03,76.88,246.4
shuffled,4,191,decode,50,50,125.68,73.13,87.8,291.93,73.25,87.72,283.78
shuffled,4,192,decode,50,50,107.7,72.28,84.07,268.98,72.4,83.98,268.78
shuffled,4,193,mixed,51,2098,559.98,303.94,167.92,1038.27,302.61,151.22,1021.97
shuffled,4,194,decode,51,51,121.49,74.45,94.0,298.72,74.28,93.86,297.9
shuffled,4,195,mixed,52,4147,552.97,367.77,164.67,1093.35,366.93,164.61,1093.6
shuffled,4,196,mixed,53,4148,551.03,342.39,165.83,1068.02,340.73,166.02,1068.17
shuffled,4,197,mixed,54,4149,540.24,331.98,170.29,1052.4,330.34,170.5,1051.57
shuffled,4,198,decode,54,54,154.74,69.69,98.61,332.19,69.0,98.81,320.85
shuffled,4,199,mixed,55,4150,571.25,352.1,172.54,1102.64,350.97,172.39,1103.14
shuffled,4,200,decode,55,55,132.45,70.25,101.7,313.88,69.82,102.01,312.77
shuffled,4,201,decode,55,55,114.17,56.91,76.85,252.43,56.83,76.98,252.21
shuffled,4,202,decode,55,55,118.23,57.66,80.34,260.7,57.35,80.55,260.27
shuffled,4,203,decode,55,55,116.15,57.79,75.89,253.84,57.61,76.08,253.75
shuffled,4,204,decode,55,55,114.02,59.14,88.05,265.99,59.2,88.13,265.72
shuffled,4,205,decode,55,55,109.86,61.61,78.47,254.37,61.34,78.61,254.3
shuffled,4,206,decode,55,55,111.04,63.67,71.48,250.14,63.61,71.51,250.13
shuffled,4,207,decode,55,55,112.99,58.19,84.17,260.33,57.97,84.36,259.95
shuffled,4,208,mixed,56,4151,600.51,369.2,175.51,1151.24,367.57,175.18,1151.58
shuffled,4,209,mixed,57,2104,581.13,308.91,141.42,1041.92,307.28,141.45,1041.27
shuffled,4,210,decode,57,57,132.57,72.04,99.77,313.91,71.67,99.99,312.85
shuffled,4,211,mixed,58,2105,564.61,313.21,145.94,1030.35,312.4,145.26,1030.32
shuffled,4,212,decode,58,58,145.08,77.65,107.16,339.51,77.24,107.31,338.14
shuffled,4,213,decode,58,58,118.85,61.91,80.51,265.97,61.73,80.68,265.87
shuffled,4,214,decode,58,58,113.85,58.93,74.08,251.21,58.78,74.28,251.07
shuffled,4,215,mixed,59,4154,590.18,339.39,169.13,1105.71,341.7,169.15,1109.62
shuffled,4,216,decode,59,59,133.36,73.44,110.81,328.21,73.11,110.96,326.45
shuffled,4,217,decode,59,59,120.1,61.72,84.35,271.07,61.49,84.54,270.88
shuffled,4,218,mixed,60,2107,574.92,310.24,144.92,1036.58,308.63,144.94,1036.71
shuffled,4,219,decode,60,60,156.8,84.94,121.35,374.76,84.64,121.27,373.23
shuffled,4,220,decode,60,60,137.58,63.08,89.33,295.2,62.78,89.65,295.21
shuffled,4,221,decode,60,60,124.36,64.29,92.7,287.13,64.07,93.15,286.75
shuffled,4,222,decode,60,60,117.96,63.69,82.0,267.71,63.55,82.18,267.65
shuffled,4,223,decode,60,60,124.26,69.06,79.05,276.78,68.76,79.15,276.53
shuffled,4,224,mixed,61,2108,624.64,325.0,144.91,1101.39,323.33,144.88,1109.34
shuffled,4,225,decode,61,61,148.07,79.46,106.46,343.54,79.33,106.52,342.31
shuffled,4,226,mixed,62,4157,614.43,371.07,171.9,1163.87,369.81,172.09,1151.91
shuffled,4,227,decode,62,62,157.58,103.69,118.98,391.63,103.79,118.77,375.84
shuffled,4,228,decode,62,62,132.19,73.45,88.98,300.34,73.45,89.03,299.25
shuffled,4,229,decode,62,62,132.9,65.42,108.17,311.55,65.19,94.39,297.25
shuffled,4,230,decode,62,62,125.7,64.78,90.72,286.6,64.62,91.0,286.24
shuffled,4,231,decode,62,62,128.5,74.96,90.75,299.84,75.01,90.86,298.83
shuffled,4,232,decode,62,62,132.32,67.68,114.12,320.68,67.71,114.42,319.57
shuffled,4,233,decode,62,62,134.75,71.66,108.56,321.17,71.6,108.75,320.1
shuffled,4,234,decode,62,62,132.93,67.89,111.11,317.99,67.67,111.38,317.27
shuffled,4,235,decode,62,62,129.68,67.98,93.96,296.87,67.84,94.28,296.3
shuffled,4,236,decode,62,62,128.27,68.45,99.62,302.2,68.24,99.84,301.1
shuffled,4,237,mixed,63,4158,738.39,413.35,202.9,1362.28,412.16,202.92,1345.38
shuffled,4,238,decode,63,63,172.48,87.19,134.11,404.93,86.92,134.4,403.33
shuffled,4,239,decode,63,63,145.22,78.95,106.38,337.82,78.8,106.75,336.47
shuffled,4,240,mixed,64,4159,682.31,412.96,200.35,1303.68,411.64,200.05,1303.67
shuffled,4,241,decode,64,64,164.0,90.02,142.04,408.66,89.74,142.27,406.48
shuffled,4,242,decode,64,64,150.9,74.7,120.24,352.91,74.09,120.78,351.9
shuffled,4,243,decode,64,64,155.57,73.01,109.05,344.92,72.95,109.02,344.06
shuffled,4,244,decode,64,64,134.51,68.85,97.32,306.66,68.38,97.63,306.04
shuffled,4,245,decode,64,64,137.57,72.64,110.28,327.39,72.45,110.95,326.27
shuffled,4,246,decode,64,64,135.16,72.95,135.61,349.41,72.83,122.41,334.63
shuffled,4,247,decode,64,64,135.02,71.19,114.9,327.8,70.97,115.4,326.57
shuffled,4,248,decode,64,64,153.13,79.49,116.7,355.53,79.1,116.93,346.48
shuffled,4,249,decode,64,64,141.71,75.11,113.63,337.51,74.92,113.71,335.97
shuffled,4,250,decode,64,64,143.97,82.41,114.19,347.28,82.31,114.38,346.21
shuffled,4,251,decode,64,64,137.26,72.03,115.46,332.01,71.75,116.02,330.93
shuffled,4,252,decode,64,64,145.94,103.08,113.0,370.95,102.86,112.98,369.48
shuffled,4,253,decode,64,64,139.61,74.23,106.18,326.45,74.02,105.97,326.0
shuffled,4,254,decode,64,64,130.77,69.82,109.85,316.39,69.62,110.33,315.81
shuffled,4,255,decode,64,64,122.05,67.0,88.38,283.71,66.66,88.65,282.3
shuffled,4,256,decode,63,63,125.95,125.81,100.15,356.68,126.27,100.43,357.26
shuffled,4,257,decode,63,63,135.28,66.54,88.96,296.22,66.3,89.18,295.93
shuffled,4,258,decode,63,63,151.7,65.17,90.29,313.48,64.73,90.54,311.06
shuffled,4,259,decode,63,63,121.67,74.81,87.08,288.03,74.72,87.52,288.25
shuffled,4,260,decode,62,62,119.56,126.29,138.35,389.08,126.73,127.9,378.34
shuffled,4,261,decode,62,62,135.17,67.4,85.49,293.84,67.63,85.23,293.4
shuffled,4,262,decode,61,61,119.78,118.85,114.21,357.47,118.92,103.8,346.79
shuffled,4,263,decode,60,60,138.85,111.77,91.79,347.94,111.65,91.86,347.54
shuffled,4,264,decode,60,60,123.38,64.09,81.81,274.86,63.93,82.07,274.21
shuffled,4,265,decode,60,60,126.27,72.04,99.6,304.44,71.84,99.74,303.86
shuffled,4,266,decode,59,59,121.06,112.49,89.01,327.74,113.0,88.66,327.25
shuffled,4,267,decode,58,58,128.14,111.09,97.45,343.42,111.24,97.41,342.75
shuffled,4,268,decode,58,58,129.2,73.47,83.98,291.59,72.87,84.23,291.09
shuffled,4,269,decode,58,58,119.8,61.05,90.43,276.41,60.85,90.62,276.07
shuffled,4,270,decode,58,58,113.51,60.34,78.11,256.54,60.25,78.33,256.03
shuffled,4,271,decode,58,58,114.43,60.38,86.67,266.51,60.26,86.89,265.74
shuffled,4,272,decode,57,57,112.51,119.89,84.4,320.66,119.97,84.36,320.51
shuffled,4,273,decode,57,57,119.49,60.15,82.42,267.16,59.97,82.65,266.73
shuffled,4,274,decode,56,56,115.94,116.15,87.78,324.16,116.31,87.86,323.95
shuffled,4,275,decode,56,56,120.11,56.86,76.38,258.38,56.69,76.63,258.13
shuffled,4,276,decode,55,55,121.56,112.02,93.95,332.96,112.41,94.24,333.08
shuffled,4,277,decode,55,55,134.96,58.57,82.57,281.69,58.91,82.31,280.77
shuffled,4,278,decode,55,55,130.3,60.47,94.67,290.99,60.28,94.87,290.19
shuffled,4,279,decode,54,54,119.51,113.54,94.02,332.61,114.07,93.8,332.03
shuffled,4,280,decode,54,54,161.02,73.24,84.68,325.14,72.6,84.59,317.69
shuffled,4,281,decode,54,54,113.37,56.36,74.87,248.58,55.98,75.03,248.34
shuffled,4,282,decode,54,54,107.52,55.89,71.67,238.83,55.78,71.86,238.62
shuffled,4,283,decode,54,54,118.85,68.66,83.05,275.75,68.5,83.17,274.89
shuffled,4,284,decode,54,54,109.73,64.37,76.45,254.77,64.46,76.49,254.61
shuffled,4,285,decode,54,54,111.6,85.55,94.7,295.6,78.62,94.68,288.62
shuffled,4,286,decode,53,53,112.99,115.48,84.86,317.97,115.74,84.67,317.36
shuffled,4,287,decode,53,53,119.46,55.48,72.79,251.81,55.58,72.77,251.82
shuffled,4,288,decode,53,53,113.87,55.62,81.08,255.36,55.17,81.37,254.83
shuffled,4,289,decode,52,52,111.71,102.01,86.53,304.49,102.55,86.3,304.46
shuffled,4,290,decode,51,51,145.64,104.28,88.71,343.33,104.13,88.89,331.04
shuffled,4,291,decode,51,51,120.38,54.38,78.36,258.48,54.02,78.75,257.98
shuffled,4,292,decode,51,51,111.8,60.95,76.85,254.16,60.85,77.01,253.62
shuffled,4,293,decode,51,51,120.66,60.19,80.5,266.2,60.04,80.61,265.93
shuffled,4,294,decode,51,51,108.67,53.6,71.33,237.41,53.37,71.53,237.42
shuffled,4,295,decode,50,50,107.47,106.51,107.14,324.94,106.82,97.05,315.03
shuffled,4,296,decode,50,50,119.07,53.72,74.45,252.27,53.42,74.67,252.03
shuffled,4,297,decode,50,50,110.47,52.72,76.44,243.54,52.6,76.6,243.51
shuffled,4,298,decode,49,49,110.83,102.21,92.22,309.77,102.27,92.07,309.47
shuffled,4,299,decode,48,48,118.38,101.67,85.05,309.64,101.81,85.01,309.44
shuffled,4,300,decode,48,48,120.35,52.29,72.43,249.33,51.93,72.63,249.36
shuffled,4,301,decode,48,48,111.33,57.59,75.95,248.96,57.55,76.13,248.77
shuffled,4,302,decode,48,48,108.97,57.28,74.62,245.1,57.24,74.75,245.12
shuffled,4,303,decode,48,48,110.04,51.01,100.31,265.16,50.76,93.77,258.39
shuffled,4,304,decode,48,48,114.3,56.46,79.31,254.89,56.3,79.38,254.6
shuffled,4,305,decode,48,48,110.79,58.55,73.27,246.51,58.48,73.3,246.41
shuffled,4,306,decode,48,48,110.72,58.19,77.86,251.28,58.16,78.08,250.94
shuffled,4,307,decode,47,47,105.95,99.3,80.38,289.35,99.45,80.37,289.39
shuffled,4,308,decode,47,47,111.65,50.75,71.31,238.36,50.51,71.55,238.32
shuffled,4,309,decode,47,47,108.02,50.96,82.34,246.01,50.78,82.61,245.66
shuffled,4,310,decode,47,47,106.02,50.2,70.36,230.67,49.98,70.54,230.66
shuffled,4,311,decode,47,47,109.55,54.36,76.58,244.57,54.32,76.61,244.56
shuffled,4,312,decode,47,47,111.5,50.15,81.21,247.86,50.06,81.38,247.47
shuffled,4,313,decode,47,47,102.49,50.55,68.54,225.38,50.41,68.67,224.91
shuffled,4,314,decode,47,47,102.78,50.1,70.9,227.96,49.8,71.07,227.74
shuffled,4,315,decode,47,47,107.76,50.86,75.5,237.92,50.76,75.71,237.88
shuffled,4,316,decode,47,47,104.24,50.46,71.75,230.5,50.45,71.78,230.27
shuffled,4,317,decode,47,47,103.95,57.04,67.46,231.94,56.95,67.74,231.94
shuffled,4,318,decode,47,47,107.86,51.16,77.96,241.93,50.98,78.27,241.67
shuffled,4,319,decode,47,47,107.6,50.26,75.01,237.11,50.16,75.19,236.96
shuffled,4,320,decode,46,46,138.55,107.34,87.53,337.98,107.21,87.33,330.94
shuffled,4,321,decode,46,46,114.86,50.65,69.88,240.34,50.32,70.19,239.93
shuffled,4,322,decode,46,46,107.87,56.72,68.87,237.04,56.63,69.01,236.88
shuffled,4,323,decode,46,46,110.81,50.62,74.92,240.76,50.65,74.97,240.59
shuffled,4,324,decode,46,46,102.75,55.01,69.25,230.36,54.98,69.36,230.4
shuffled,4,325,decode,46,46,103.86,54.69,73.79,236.04,54.67,73.97,236.03
shuffled,4,326,decode,45,45,107.07,140.01,94.04,346.33,140.19,93.86,346.06
shuffled,4,327,decode,45,45,123.56,51.93,82.14,262.38,51.77,82.38,262.34
shuffled,4,328,decode,45,45,112.66,57.83,81.25,255.62,57.86,81.27,255.61
shuffled,4,329,decode,45,45,113.61,51.7,82.38,252.22,51.55,82.61,251.95
shuffled,4,330,decode,45,45,112.74,52.2,82.09,251.05,52.08,82.26,250.92
shuffled,4,331,decode,45,45,135.12,50.03,87.11,277.97,49.75,87.26,271.99
shuffled,4,332,decode,45,45,117.56,52.81,91.66,266.89,52.62,91.87,266.29
shuffled,4,333,decode,44,44,119.18,98.15,90.55,312.66,98.31,90.75,312.41
shuffled,4,334,decode,44,44,117.02,49.71,83.93,256.16,49.62,84.22,255.72
shuffled,4,335,decode,43,43,106.79,91.29,84.26,286.03,91.53,84.44,286.08
shuffled,4,336,decode,43,43,114.91,47.66,80.28,247.61,47.58,80.57,247.51
shuffled,4,337,decode,43,43,113.26,55.29,81.27,255.33,55.54,81.06,254.4
shuffled,4,338,decode,43,43,108.51,54.78,78.47,245.48,54.72,78.33,245.42
shuffled,4,339,decode,42,42,107.83,108.15,94.12,314.51,108.25,94.05,313.9
shuffled,4,340,decode,42,42,117.91,57.09,82.76,262.75,56.78,82.86,262.13
shuffled,4,341,decode,42,42,105.11,47.15,79.6,236.57,47.08,79.62,236.05
shuffled,4,342,decode,42,42,103.53,46.72,88.66,243.21,46.62,83.29,237.0
shuffled,4,343,decode,42,42,109.29,48.21,90.7,253.25,48.08,91.23,252.51
shuffled,4,344,decode,42,42,110.34,55.57,77.86,249.07,55.61,78.13,248.7
shuffled,4,345,decode,42,42,107.96,53.63,129.56,295.46,53.84,118.06,283.69
shuffled,4,346,decode,41,41,115.12,108.91,102.77,332.2,109.07,102.56,331.75
shuffled,4,347,decode,41,41,128.84,58.54,97.42,290.22,58.47,97.53,289.39
shuffled,4,348,decode,41,41,117.1,51.02,107.34,280.52,50.75,107.52,279.81
shuffled,4,349,decode,41,41,115.35,51.9,105.01,276.91,51.76,105.21,276.28
shuffled,4,350,decode,40,40,118.44,100.82,110.38,334.19,101.75,109.61,333.73
shuffled,4,351,decode,40,40,128.92,49.83,106.78,291.28,49.5,107.25,290.51
shuffled,4,352,decode,39,39,118.67,97.31,107.03,328.21,97.61,106.99,327.27
shuffled,4,353,decode,38,38,122.05,121.98,109.45,358.5,109.11,109.26,345.14
shuffled,4,354,decode,38,38,127.72,49.41,106.74,289.4,49.28,107.0,288.8
shuffled,4,355,decode,37,37,118.12,99.35,104.74,327.23,99.58,104.69,326.76
shuffled,4,356,decode,37,37,130.45,50.63,111.77,298.77,50.63,111.8,298.04
shuffled,4,357,decode,37,37,117.75,49.58,106.34,278.97,49.24,106.44,277.96
shuffled,4,358,decode,36,36,112.49,95.8,107.57,320.69,96.69,107.03,320.18
shuffled,4,359,decode,36,36,123.74,47.85,107.82,284.8,47.53,107.9,283.78
shuffled,4,360,decode,36,36,118.27,45.52,113.9,282.45,45.29,114.26,282.31
shuffled,4,361,decode,36,36,120.85,45.54,100.71,272.56,45.09,101.16,272.37
shuffled,4,362,decode,36,36,122.01,48.55,108.88,284.99,48.45,109.12,284.3
shuffled,4,363,decode,36,36,122.15,48.65,105.01,281.15,48.59,105.14,280.05
shuffled,4,364,decode,36,36,121.15,44.55,100.93,271.69,44.52,101.06,270.86
shuffled,4,365,decode,36,36,115.21,45.92,105.66,272.15,45.4,105.79,271.26
shuffled,4,366,decode,35,35,120.57,108.02,114.31,348.06,108.37,114.08,347.44
shuffled,4,367,decode,35,35,129.5,45.85,120.7,302.56,45.56,108.88,289.53
shuffled,4,368,decode,35,35,115.26,47.16,98.12,265.35,47.13,98.23,264.85
shuffled,4,369,decode,35,35,110.57,56.85,95.18,267.07,56.83,95.29,266.69
shuffled,4,370,decode,35,35,111.02,43.19,93.5,252.17,42.69,93.83,251.96
shuffled,4,371,decode,35,35,112.94,43.32,99.62,261.73,43.17,99.91,261.24
shuffled,4,372,decode,35,35,109.41,43.21,87.79,245.35,43.03,88.62,245.62
shuffled,4,373,decode,35,35,113.87,44.98,90.17,253.0,44.73,90.31,252.97
shuffled,4,374,decode,35,35,113.06,44.25,107.98,271.86,44.1,108.49,270.73
shuffled,4,375,decode,35,35,130.73,56.1,125.13,318.81,55.99,125.63,318.16
shuffled,4,376,decode,35,35,115.68,43.31,103.44,268.62,43.04,104.18,267.71
shuffled,4,377,decode,34,34,110.23,91.44,115.69,323.54,91.87,115.98,323.08
shuffled,4,378,decode,34,34,125.66,42.38,110.22,285.31,41.74,110.77,284.65
shuffled,4,379,decode,33,33,114.86,87.9,98.57,308.1,88.05,98.49,306.47
shuffled,4,380,decode,33,33,124.67,50.08,99.4,280.3,49.99,99.34,279.31
shuffled,4,381,decode,33,33,121.57,53.83,102.07,282.59,53.82,102.24,282.32
shuffled,4,382,decode,33,33,119.13,42.11,98.74,266.21,41.62,99.2,264.9
shuffled,4,383,decode,33,33,127.25,41.17,96.45,270.09,40.93,96.74,269.89
shuffled,4,384,decode,33,33,108.43,42.74,82.46,238.01,42.39,82.84,237.44
shuffled,4,385,decode,33,33,107.44,42.83,83.12,237.34,42.77,83.25,237.11
shuffled,4,386,decode,32,32,126.91,90.84,93.29,315.21,91.11,92.87,305.35
shuffled,4,387,decode,31,31,112.22,71.76,86.34,274.89,71.78,86.63,275.02
shuffled,4,388,decode,31,31,109.79,39.91,77.96,231.85,39.81,78.26,232.04
shuffled,4,389,decode,31,31,102.96,36.22,80.29,223.75,36.01,80.54,223.8
shuffled,4,390,decode,31,31,105.11,40.83,78.28,228.65,40.64,78.55,228.48
shuffled,4,391,decode,31,31,101.49,39.08,74.58,219.15,39.0,74.8,219.2
shuffled,4,392,decode,30,30,100.05,72.45,85.69,261.63,72.65,85.63,261.65
shuffled,4,393,decode,30,30,106.96,36.25,76.01,223.06,36.13,76.3,223.12
shuffled,4,394,decode,30,30,104.2,35.76,80.61,224.6,35.78,80.85,224.59
shuffled,4,395,decode,28,28,101.91,90.71,87.74,283.99,90.87,87.73,284.03
shuffled,4,396,decode,28,28,116.14,38.31,76.78,235.4,38.21,76.74,235.33
shuffled,4,397,decode,28,28,106.36,36.52,77.49,224.95,36.18,77.88,224.66
shuffled,4,398,decode,28,28,100.35,33.68,75.47,213.2,33.55,75.66,213.24
shuffled,4,399,decode,27,27,98.61,76.35,79.88,258.66,76.54,79.88,258.84
shuffled,4,400,decode,27,27,108.85,36.19,73.22,222.33,36.12,73.41,222.32
shuffled,4,401,decode,26,26,101.48,74.63,83.57,264.05,74.67,83.52,263.54
shuffled,4,402,decode,26,26,107.53,32.34,74.71,218.79,32.06,75.02,218.62
shuffled,4,403,decode,26,26,98.1,31.74,74.24,207.31,31.58,74.53,207.44
shuffled,4,404,decode,26,26,99.03,34.91,72.98,210.72,34.71,73.29,210.54
shuffled,4,405,decode,26,26,122.28,36.73,75.31,237.92,36.27,75.51,230.66
shuffled,4,406,decode,26,26,99.81,34.6,73.31,211.4,34.43,73.57,211.4
shuffled,4,407,decode,25,25,99.84,76.78,82.44,262.81,77.09,82.28,262.79
shuffled,4,408,decode,25,25,105.29,34.82,70.48,214.36,34.67,70.75,214.43
shuffled,4,409,decode,25,25,100.19,31.4,92.47,228.08,31.13,82.53,217.98
shuffled,4,410,decode,23,23,99.89,92.7,85.01,281.24,92.75,85.12,281.26
shuffled,4,411,decode,23,23,104.52,32.71,73.5,214.73,32.49,73.74,214.81
shuffled,4,412,decode,23,23,97.99,30.4,70.46,202.97,30.14,70.68,203.08
shuffled,4,413,decode,22,22,97.15,67.86,79.3,247.65,68.0,79.24,247.45
shuffled,4,414,decode,22,22,105.61,29.36,71.43,210.68,29.17,71.77,210.59
shuffled,4,415,decode,22,22,100.42,29.03,69.81,202.57,28.92,70.16,202.77
shuffled,4,416,decode,22,22,98.3,31.42,68.14,201.15,31.28,68.39,201.21
shuffled,4,417,decode,22,22,96.79,31.63,68.55,200.2,31.54,68.65,200.09
shuffled,4,418,decode,22,22,116.25,29.14,73.96,223.15,28.91,74.01,215.7
shuffled,4,419,decode,21,21,94.05,63.21,76.87,237.43,63.38,76.78,237.44
shuffled,4,420,decode,20,20,101.95,55.95,80.55,241.94,56.03,80.6,241.96
shuffled,4,421,decode,20,20,102.39,29.73,71.13,206.54,29.61,71.42,206.65
shuffled,4,422,decode,19,19,101.5,63.47,78.24,246.26,63.67,78.13,246.26
shuffled,4,423,decode,19,19,101.32,29.22,72.77,207.42,29.09,72.99,207.31
shuffled,4,424,decode,19,19,94.09,25.8,71.95,195.11,25.75,72.03,195.09
shuffled,4,425,decode,19,19,92.24,25.46,67.62,188.5,25.27,67.97,188.6
shuffled,4,426,decode,19,19,93.47,29.14,68.2,194.12,28.93,68.47,194.16
shuffled,4,427,decode,19,19,91.94,25.17,65.56,185.77,25.01,66.05,186.1
shuffled,4,428,decode,18,18,98.83,60.8,81.47,244.78,60.91,81.47,244.56
shuffled,4,429,decode,17,17,99.91,59.36,79.19,241.9,59.33,79.28,241.91
shuffled,4,430,decode,17,17,98.22,23.23,69.11,194.0,23.1,69.32,194.03
shuffled,4,431,decode,17,17,95.06,25.99,68.22,192.47,25.86,68.49,192.63
shuffled,4,432,decode,16,16,91.9,54.65,76.62,226.13,54.73,76.6,226.24
shuffled,4,433,decode,15,15,95.94,56.44,98.13,253.64,56.5,91.03,246.62
shuffled,4,434,decode,15,15,96.08,21.51,72.02,193.15,21.39,72.29,193.0
shuffled,4,435,decode,15,15,94.09,22.67,68.23,188.24,22.63,68.4,188.31
shuffled,4,436,decode,15,15,93.4,20.23,69.92,186.76,19.99,70.28,186.71
shuffled,4,437,decode,15,15,92.19,20.44,71.0,186.63,20.31,71.26,186.69
shuffled,4,438,decode,15,15,91.05,20.57,67.31,182.14,20.41,67.8,182.23
shuffled,4,439,decode,15,15,89.65,23.43,89.79,205.81,23.4,79.54,195.47
shuffled,4,440,decode,15,15,93.62,23.4,68.7,189.05,23.38,68.87,188.99
shuffled,4,441,decode,15,15,91.65,20.33,68.09,183.13,20.22,68.59,183.23
shuffled,4,442,decode,15,15,91.03,20.37,66.28,180.81,20.23,66.56,180.9
shuffled,4,443,decode,15,15,89.59,23.81,67.98,184.59,23.76,68.16,184.69
shuffled,4,444,decode,14,14,91.5,61.8,81.05,237.13,62.02,81.11,243.8
shuffled,4,445,decode,14,14,100.02,23.01,82.57,208.93,22.94,77.68,203.88
shuffled,4,446,decode,14,14,94.51,19.88,68.1,185.87,19.74,68.32,185.74
shuffled,4,447,decode,14,14,93.19,20.01,67.46,183.71,19.84,67.79,183.75
shuffled,4,448,decode,14,14,88.69,22.43,66.49,180.48,22.41,66.67,180.55
shuffled,4,449,decode,13,13,89.51,51.21,74.43,218.15,51.35,74.48,218.29
shuffled,4,450,decode,13,13,99.98,22.02,69.2,194.57,22.04,69.4,194.62
shuffled,4,451,decode,12,12,91.91,53.58,76.41,225.2,53.55,76.56,225.21
shuffled,4,452,decode,11,11,95.57,52.59,79.02,230.98,52.62,79.09,230.78
shuffled,4,453,decode,10,10,94.87,52.66,73.83,224.85,52.58,73.91,224.72
shuffled,4,454,decode,10,10,94.37,16.7,65.38,179.61,16.53,65.54,179.57
shuffled,4,455,decode,9,9,89.63,49.31,72.11,214.15,49.43,72.15,214.26
shuffled,4,456,decode,9,9,93.51,15.44,64.62,176.71,15.32,64.98,176.91
shuffled,4,457,decode,9,9,88.45,18.58,64.32,174.43,18.52,64.43,174.48
shuffled,4,458,decode,9,9,88.07,15.39,62.66,168.84,15.2,62.87,168.9
shuffled,4,459,decode,9,9,89.69,15.65,66.31,175.15,15.55,66.51,175.01
shuffled,4,460,decode,9,9,87.71,14.91,63.21,168.65,14.78,63.44,168.65
shuffled,4,461,decode,9,9,86.52,15.31,63.89,169.03,15.22,64.24,168.9
shuffled,4,462,decode,9,9,84.2,15.04,65.02,167.16,14.86,65.31,167.13
shuffled,4,463,decode,9,9,93.8,16.6,67.67,181.32,16.61,67.8,181.34
shuffled,4,464,decode,8,8,85.94,51.4,72.58,212.66,51.49,72.67,212.86
shuffled,4,465,decode,7,7,91.81,43.09,72.35,210.56,43.04,72.48,210.62
shuffled,4,466,decode,7,7,98.87,18.94,69.95,191.54,18.89,70.17,185.56
shuffled,4,467,decode,6,6,86.96,39.63,71.67,201.41,39.47,71.94,201.54
shuffled,4,468,decode,6,6,91.01,12.63,65.49,172.48,12.39,65.91,172.7
shuffled,4,469,decode,6,6,86.14,12.83,63.94,166.03,12.62,64.22,166.03
shuffled,4,470,decode,6,6,83.35,15.53,63.32,165.02,15.38,63.6,165.04
shuffled,4,471,decode,5,5,84.77,45.54,69.53,202.68,45.79,69.59,202.91
shuffled,4,472,decode,5,5,91.61,11.65,62.64,168.76,11.53,62.94,168.93
shuffled,4,473,decode,5,5,89.68,12.26,64.17,169.94,12.05,64.38,170.02
shuffled,4,474,decode,4,4,83.88,36.02,71.6,194.8,35.98,71.74,194.84
shuffled,4,475,decode,4,4,92.41,13.39,63.68,172.59,13.25,63.88,172.67
shuffled,4,476,decode,4,4,86.97,12.88,66.35,169.68,12.94,66.34,169.52
shuffled,4,477,decode,4,4,84.93,10.68,63.53,162.03,10.42,63.83,162.09
shuffled,4,478,decode,4,4,85.63,9.81,60.44,158.44,9.7,60.64,158.5
shuffled,4,479,decode,4,4,81.45,10.72,61.79,157.36,10.67,61.9,157.37
shuffled,4,480,decode,3,3,81.77,38.65,68.5,191.6,38.9,68.5,191.88
shuffled,4,481,decode,3,3,87.23,9.45,61.66,161.35,9.29,62.11,161.58
shuffled,4,482,decode,2,2,82.01,42.27,67.5,194.5,42.48,67.49,194.63
shuffled,4,483,decode,2,2,92.67,8.71,60.29,164.41,8.55,60.52,164.45
shuffled,4,484,decode,2,2,84.03,8.45,61.37,156.5,8.34,61.59,163.28
shuffled,4,485,decode,2,2,85.69,8.57,60.86,157.91,8.44,61.13,158.0
shuffled,4,486,decode,2,2,81.59,8.95,61.61,154.92,8.99,61.69,154.99
shuffled,4,487,decode,2,2,85.11,8.58,62.72,160.17,8.26,63.07,159.96
shuffled,4,488,decode,2,2,83.92,8.79,61.29,156.96,8.4,61.75,157.05
shuffled,4,489,decode,2,2,81.39,9.41,60.88,155.56,8.94,61.23,155.56
shuffled,4,490,decode,2,2,82.27,8.47,61.77,155.61,8.19,62.28,155.86
shuffled,4,491,decode,2,2,82.28,8.56,62.17,156.19,8.25,62.6,156.17
shuffled,4,492,decode,2,2,87.11,8.3,62.78,161.24,8.08,63.11,161.21
shuffled,4,493,decode,1,1,84.11,40.71,68.02,195.9,40.84,68.09,195.88
shuffled,4,494,decode,1,1,83.63,8.55,61.09,156.81,8.42,61.22,156.85
shuffled,4,495,decode,1,1,81.3,7.21,59.32,150.61,7.09,59.6,150.74
synth,0,0,prefill,1,4096,740.56,150.12,198.83,1098.46,148.78,198.93,1084.83
synth,0,1,decode,1,1,112.07,18.79,84.96,222.56,18.6,85.41,222.42
synth,0,2,decode,1,1,90.05,8.83,64.98,167.09,8.7,65.2,167.16
synth,0,3,decode,1,1,80.95,7.28,60.07,151.24,7.17,60.3,151.41
synth,0,4,mixed,2,4097,538.05,141.9,157.01,841.47,139.54,157.05,841.7
synth,0,5,decode,2,2,101.84,20.23,84.19,213.09,19.95,84.45,212.19
synth,0,6,mixed,3,4098,505.2,142.53,156.79,809.3,140.97,156.56,809.51
synth,0,7,mixed,4,2051,537.36,147.77,135.02,828.83,146.25,135.01,822.67
synth,0,8,decode,4,4,94.64,19.6,78.38,199.25,19.55,78.6,198.86
synth,0,9,decode,4,4,83.25,11.65,61.98,160.43,11.5,62.48,160.56
synth,0,10,mixed,5,2052,483.41,145.89,128.75,763.38,143.93,128.63,763.65
synth,0,11,mixed,6,2053,478.86,147.93,130.2,765.57,146.53,130.31,772.78
synth,0,12,decode,6,6,97.71,23.05,80.94,208.22,22.76,81.15,207.72
synth,0,13,decode,6,6,122.61,14.74,70.26,211.98,14.41,70.4,211.79
synth,0,14,decode,6,6,85.98,13.21,62.69,165.05,13.13,62.81,165.13
synth,0,15,decode,6,6,84.26,13.36,69.11,170.46,13.15,69.77,170.7
synth,0,16,mixed,7,4102,486.62,153.87,160.23,805.57,152.68,160.4,806.2
synth,0,17,decode,7,7,100.5,24.09,76.35,207.75,23.8,76.46,206.82
synth,0,18,mixed,8,4103,468.53,145.0,155.58,775.1,143.85,155.53,775.23
synth,0,19,decode,8,8,100.16,22.95,77.61,206.65,22.69,77.89,206.42
synth,0,20,mixed,9,2056,444.66,146.7,124.44,721.09,145.31,124.59,721.36
synth,0,21,decode,9,9,97.93,25.28,81.09,210.96,25.1,81.25,210.11
synth,0,22,decode,9,9,86.36,16.5,61.41,167.72,16.4,61.54,167.7
synth,0,23,mixed,10,2057,445.85,145.76,125.28,721.79,144.16,125.61,722.31
synth,0,24,decode,10,10,103.44,26.81,85.83,223.07,26.55,86.02,222.52
synth,0,25,decode,10,10,87.46,17.07,61.25,168.97,16.93,61.52,169.14
synth,0,26,decode,10,10,81.77,16.91,59.01,160.72,16.76,59.32,160.8
synth,0,27,decode,10,10,79.68,16.93,58.61,158.0,16.85,58.76,158.11
synth,0,28,decode,10,10,78.54,16.09,56.95,154.48,16.0,57.12,154.57
synth,0,29,decode,10,10,79.87,16.02,57.09,155.76,15.97,57.19,155.71
synth,0,30,mixed,11,4106,476.36,166.31,154.79,803.34,165.04,154.94,795.52
synth,0,31,decode,11,11,96.8,25.91,77.72,206.53,25.64,78.11,206.23
synth,0,32,decode,11,11,85.46,18.14,61.9,169.13,18.04,62.08,169.11
synth,0,33,mixed,12,2059,449.44,148.39,123.58,726.17,146.49,123.71,726.47
synth,0,34,mixed,13,4108,445.04,160.31,158.13,771.89,158.91,157.86,771.62
synth,0,35,decode,13,13,98.51,28.44,117.18,250.73,28.26,109.74,242.71
synth,0,36,decode,13,13,93.41,20.65,63.74,181.84,20.42,63.97,181.72
synth,0,37,decode,13,13,84.28,19.73,60.92,168.19,19.6,61.17,168.21
synth,0,38,decode,13,13,82.78,18.86,60.2,165.01,18.79,60.44,165.12
synth,0,39,mixed,14,2061,437.95,149.46,125.69,717.97,147.85,126.02,718.5
synth,0,40,decode,14,14,98.92,30.18,82.34,217.75,30.05,82.4,217.03
synth,0,41,decode,14,14,87.93,20.79,63.68,176.18,20.59,63.92,176.03
synth,0,42,mixed,15,2062,450.93,151.42,126.38,733.49,150.36,126.4,733.82
synth,0,43,mixed,16,4111,443.57,156.82,154.93,763.24,155.48,155.12,763.32
synth,0,44,decode,16,16,99.18,31.17,79.14,215.9,30.94,79.31,215.49
synth,0,45,decode,16,16,89.6,23.73,63.82,180.93,23.29,64.1,180.86
synth,0,46,decode,16,16,89.4,23.29,70.0,186.85,23.16,70.23,186.18
synth,0,47,decode,16,16,88.72,23.0,64.48,179.42,22.84,64.68,179.37
synth,0,48,decode,16,16,91.96,22.62,62.75,180.5,22.42,63.01,180.54
synth,0,49,decode,16,16,85.95,22.05,64.69,175.72,21.9,64.84,175.72
synth,0,50,decode,16,16,85.26,21.78,64.67,175.04,21.67,64.83,174.87
synth,0,51,mixed,17,2064,603.0,195.94,141.74,948.18,194.82,141.52,936.64
synth,0,52,decode,17,17,112.82,35.0,88.45,243.8,34.42,88.91,243.45
synth,0,53,decode,17,17,92.9,24.52,69.62,191.5,24.77,69.49,191.37
synth,0,54,decode,17,17,95.49,23.66,64.75,187.5,23.57,65.0,187.26
synth,0,55,decode,17,17,91.44,25.36,73.28,194.75,25.27,73.5,194.47
synth,0,56,decode,17,17,87.51,23.7,68.77,183.29,23.62,68.94,183.18
synth,0,57,decode,17,17,87.79,23.79,65.82,181.13,23.75,66.04,180.65
synth,0,58,decode,17,17,88.08,24.24,70.79,186.3,24.16,71.23,186.59
synth,0,59,decode,17,17,84.68,24.71,68.36,181.13,24.41,68.6,180.89
synth,0,60,decode,17,17,86.06,23.64,65.98,179.41,23.6,66.18,178.85
synth,0,61,decode,17,17,94.22,24.37,77.64,200.2,24.2,77.85,199.76
synth,0,62,decode,17,17,86.15,23.48,68.96,181.45,23.17,69.5,181.8
synth,0,63,decode,17,17,85.78,23.38,69.46,181.98,23.27,69.68,181.8
synth,0,64,mixed,18,4113,572.62,159.41,180.3,918.3,157.77,180.7,918.81
synth,0,65,decode,18,18,107.67,36.94,99.58,251.98,36.76,99.83,250.9
synth,0,66,decode,18,18,94.11,25.25,68.65,191.76,25.23,68.81,191.68
synth,0,67,decode,18,18,98.03,25.77,68.04,196.23,25.69,68.22,195.68
synth,0,68,decode,18,18,90.94,25.0,72.63,191.77,24.89,72.83,191.72
synth,0,69,decode,18,18,91.53,25.05,71.6,191.99,25.25,71.51,191.85
synth,0,70,mixed,19,4114,547.02,163.16,159.66,876.06,169.54,159.55,883.48
synth,0,71,decode,19,19,105.12,37.35,90.62,240.83,37.06,90.85,239.81
synth,0,72,decode,19,19,95.63,27.56,74.94,202.7,27.5,75.06,202.37
synth,0,73,decode,19,19,97.09,26.99,78.4,206.2,26.86,78.64,206.28
synth,0,74,decode,19,19,96.18,27.51,78.82,206.64,27.14,79.0,205.96
synth,0,75,decode,19,19,92.09,27.31,76.0,198.99,27.19,76.16,198.9
synth,0,76,decode,19,19,87.85,25.87,73.11,191.24,25.79,73.27,190.29
synth,0,77,mixed,20,2067,552.3,165.27,142.98,866.67,163.65,143.08,866.98
synth,0,78,decode,20,20,104.51,38.27,84.72,234.87,37.93,84.87,233.65
synth,0,79,mixed,21,2068,554.49,163.46,136.75,860.87,162.41,136.98,848.4
synth,0,80,decode,21,21,107.97,41.01,89.71,246.19,40.83,89.85,245.12
synth,0,81,decode,21,21,95.83,32.72,75.75,208.45,32.92,75.68,208.21
synth,0,82,decode,21,21,106.93,29.73,73.98,215.31,29.44,74.28,215.05
synth,0,83,mixed,22,4117,515.96,163.61,168.14,854.37,162.05,168.25,854.07
synth,0,84,decode,22,22,111.81,42.93,104.96,267.69,42.77,105.23,266.15
synth,0,85,decode,22,22,105.89,31.43,79.01,220.68,31.7,78.88,220.53
synth,0,86,decode,22,22,96.48,30.15,68.34,198.25,30.1,77.15,206.9
synth,0,87,decode,22,22,91.82,29.87,66.68,191.75,29.84,66.82,191.53
synth,0,88,decode,22,22,88.93,29.58,67.52,189.91,29.45,67.6,189.18
synth,0,89,decode,22,22,90.58,29.28,93.3,216.76,29.2,84.38,207.61
synth,0,90,mixed,23,4118,546.51,167.04,196.56,915.93,165.71,196.54,916.37
synth,0,91,decode,23,23,113.02,43.99,99.53,264.61,43.87,99.82,263.9
synth,0,92,decode,23,23,101.37,31.26,75.68,213.3,31.13,75.85,212.9
synth,0,93,decode,23,23,95.17,30.75,69.6,199.56,30.57,69.87,199.35
synth,0,94,mixed,24,2071,538.51,172.76,143.31,860.29,170.47,143.47,860.49
synth,0,95,decode,24,24,114.34,43.78,95.85,261.31,43.57,96.01,260.34
synth,0,96,mixed,25,2072,512.58,167.17,134.33,820.4,164.86,134.54,820.79
synth,0,97,mixed,26,2073,494.32,167.97,137.24,808.17,166.49,137.33,807.07
synth,0,98,decode,26,26,109.02,43.3,85.93,245.09,43.05,86.0,244.31
synth,0,99,mixed,27,2074,468.01,171.17,135.3,781.25,169.49,135.61,780.86
synth,0,100,decode,27,27,108.27,45.97,87.95,249.82,45.69,88.26,249.13
synth,0,101,decode,27,27,100.42,35.42,77.5,218.43,35.26,77.75,218.1
synth,0,102,mixed,28,2075,479.24,166.66,134.29,786.09,165.41,134.35,786.12
synth,0,103,decode,28,28,114.49,46.25,92.91,261.29,46.37,92.79,260.37
synth,0,104,decode,28,28,98.28,36.02,69.27,207.73,36.0,69.42,207.41
synth,0,105,decode,28,28,92.21,34.07,65.17,194.82,34.04,65.38,194.85
synth,0,106,decode,28,28,91.41,34.18,64.23,192.98,34.13,64.4,192.93
synth,0,107,decode,28,28,103.7,49.76,87.92,246.16,49.81,87.97,236.11
synth,0,108,decode,28,28,95.34,35.49,65.1,200.28,35.43,65.24,199.94
synth,0,109,decode,28,28,96.75,33.76,65.42,199.59,33.62,65.62,199.34
synth,0,110,mixed,29,2076,486.27,168.79,133.81,794.34,167.12,133.8,794.69
synth,0,111,decode,29,29,110.7,47.75,91.36,257.55,47.58,91.51,256.41
synth,0,112,decode,29,29,97.14,36.0,69.0,206.16,35.87,69.19,206.19
synth,0,113,decode,29,29,94.1,34.98,66.07,198.4,34.83,66.2,198.3
synth,0,114,decode,29,29,94.81,37.29,71.9,208.65,37.15,72.2,208.28
synth,0,115,decode,29,29,92.25,34.93,65.3,195.93,34.76,65.51,196.02
synth,0,116,decode,29,29,91.1,35.17,64.21,193.67,35.03,64.41,193.76
synth,0,117,decode,29,29,98.94,35.33,66.74,204.34,35.2,66.87,204.46
synth,0,118,decode,29,29,93.55,35.32,68.83,202.08,35.27,68.97,201.78
synth,0,119,decode,29,29,90.68,35.16,63.59,192.73,35.06,63.78,192.8
synth,0,120,decode,29,29,90.72,35.8,66.37,196.45,35.75,66.53,196.28
synth,0,121,mixed,30,2077,499.37,168.61,129.76,803.61,166.83,129.56,803.82
synth,0,122,decode,30,30,105.62,48.02,85.74,247.27,47.8,85.9,246.42
synth,0,123,mixed,31,2078,471.41,169.08,128.04,774.94,167.68,128.09,775.0
synth,0,124,decode,31,31,105.52,47.35,87.13,248.86,47.0,87.29,247.49
synth,0,125,decode,31,31,97.6,39.27,67.22,208.31,38.91,67.51,208.24
synth,0,126,decode,31,31,100.9,66.59,93.6,264.75,56.57,93.46,254.49
synth,0,127,decode,31,31,96.4,37.67,69.94,208.33,37.61,70.01,207.93
synth,0,128,decode,31,31,95.25,37.96,67.6,204.95,37.69,68.07,204.98
synth,0,129,decode,31,31,96.49,44.84,65.83,211.31,44.88,66.01,210.91
synth,0,130,mixed,32,2079,582.02,175.71,138.41,902.09,173.46,138.46,890.39
synth,0,131,mixed,33,2080,481.86,184.03,138.24,812.97,182.6,138.23,812.79
synth,0,132,decode,33,33,114.57,56.01,95.83,275.22,56.03,95.82,274.16
synth,0,133,decode,33,33,101.81,46.89,75.98,228.77,46.92,76.13,228.67
synth,0,134,decode,33,33,106.94,41.03,78.96,232.5,40.68,79.43,231.82
synth,0,135,decode,33,33,97.25,46.94,69.31,217.93,46.96,69.4,217.4
synth,0,136,mixed,34,2081,512.16,178.97,140.55,837.64,177.55,140.57,838.04
synth,0,137,decode,34,34,109.97,52.46,90.25,261.12,52.51,90.43,259.88
synth,0,138,decode,34,34,99.49,41.52,72.18,217.72,41.36,72.38,217.51
synth,0,139,mixed,36,4130,892.07,293.39,166.94,1358.06,291.91,167.12,1345.27
synth,0,140,decode,36,36,117.45,61.73,100.9,290.05,61.58,100.99,288.71
synth,0,141,decode,36,36,100.13,43.59,73.03,222.15,43.49,73.14,221.66
synth,0,142,decode,36,36,96.94,43.99,70.13,215.53,43.74,70.32,215.25
synth,0,143,mixed,37,4132,533.74,178.36,161.54,880.07,177.41,161.52,865.35
synth,0,144,decode,37,37,109.69,61.19,92.34,270.91,61.17,92.37,270.19
synth,0,145,mixed,38,4133,519.8,180.95,159.31,866.21,179.55,159.53,850.15
synth,0,146,decode,38,38,109.09,55.17,87.34,259.01,55.06,87.52,258.63
synth,0,147,decode,38,38,103.91,52.39,77.58,238.79,52.4,77.66,238.65
synth,0,148,decode,38,38,96.48,43.68,69.0,213.11,43.58,69.16,212.99
synth,0,149,decode,38,38,95.17,49.31,69.77,218.14,49.23,70.0,218.16
synth,0,150,decode,38,38,94.11,43.7,66.61,208.07,43.63,66.77,208.13
synth,0,151,mixed,39,4134,492.62,175.4,157.26,831.13,173.89,157.08,831.03
synth,0,152,decode,39,39,109.6,91.38,100.98,309.09,81.76,100.88,298.67
synth,0,153,decode,39,39,100.89,45.34,71.94,222.63,45.16,72.18,222.52
synth,0,154,mixed,41,6183,804.38,292.09,187.89,1289.9,290.43,188.43,1290.85
synth,0,155,decode,41,41,120.04,66.07,100.08,296.34,65.75,100.27,295.18
synth,0,156,decode,41,41,110.98,52.43,83.89,252.47,52.3,84.05,252.35
synth,0,157,mixed,42,4137,484.34,186.65,166.18,843.39,185.45,166.46,843.78
synth,0,158,decode,42,42,117.43,63.88,96.84,285.37,63.55,96.98,284.75
synth,0,159,decode,42,42,110.38,57.74,84.41,257.11,57.64,84.64,257.24
synth,0,160,decode,42,42,107.95,51.94,79.49,243.43,51.89,79.61,243.44
synth,0,161,decode,42,42,106.72,52.17,81.18,244.48,52.02,81.46,244.4
synth,0,162,decode,42,42,105.96,59.41,76.81,246.23,59.33,77.06,246.25
synth,0,163,mixed,43,2090,525.8,194.07,136.83,863.49,192.65,137.25,851.2
synth,0,164,mixed,44,2091,494.23,190.46,142.67,836.0,189.18,142.78,836.03
synth,0,165,decode,44,44,123.86,67.8,100.7,300.71,68.06,100.36,300.07
synth,0,166,mixed,45,4140,473.65,212.42,163.47,856.13,200.74,163.19,845.65
synth,0,167,decode,45,45,113.98,59.7,90.09,271.49,59.54,90.17,270.81
synth,0,168,decode,45,45,109.78,58.58,79.3,253.41,58.55,79.49,252.84
synth,0,169,decode,45,45,104.42,50.07,75.85,234.67,49.95,76.09,234.61
synth,0,170,decode,45,45,101.75,49.89,74.88,231.1,49.77,75.26,230.45
synth,0,171,decode,45,45,106.99,58.94,85.31,256.01,58.87,85.5,255.6
synth,0,172,mixed,46,4141,543.28,196.53,169.93,916.96,195.47,170.14,916.97
synth,0,173,mixed,47,4142,516.02,200.19,176.88,902.9,199.27,176.98,902.76
synth,0,174,decode,47,47,131.15,70.05,108.4,317.84,69.87,108.6,317.14
synth,0,175,decode,47,47,117.97,57.07,86.7,267.56,56.71,86.85,266.76
synth,0,176,mixed,48,2095,567.25,198.63,151.97,924.17,197.51,152.33,911.75
synth,0,177,mixed,49,4144,512.99,202.6,178.98,903.64,201.27,179.19,903.22
synth,0,178,decode,49,49,127.78,68.5,109.6,313.81,68.3,109.74,313.02
synth,0,179,decode,49,49,117.53,59.38,98.19,280.47,59.11,98.3,280.21
synth,0,180,decode,49,49,117.3,69.54,88.98,280.57,69.01,89.22,280.09
synth,0,181,decode,49,49,112.16,60.9,90.81,268.02,60.63,90.89,267.98
synth,0,182,decode,49,49,115.55,58.97,91.23,270.34,58.92,91.43,270.21
synth,0,183,decode,49,49,110.68,58.32,83.61,257.12,58.24,83.86,256.9
synth,0,184,decode,49,49,138.82,61.34,94.53,300.58,61.15,94.71,289.23
synth,0,185,decode,49,49,114.15,58.67,91.47,269.34,58.57,91.81,269.18
synth,0,186,decode,49,49,119.26,62.99,97.15,283.92,62.91,97.07,283.36
synth,0,187,decode,49,49,112.74,58.02,90.76,266.87,58.04,91.15,266.33
synth,0,188,mixed,50,4145,624.54,202.39,181.09,1014.11,201.24,180.96,1014.31
synth,0,189,decode,50,50,125.13,70.02,108.41,311.86,69.89,108.52,311.41
synth,0,190,decode,50,50,116.66,57.69,86.18,265.45,57.62,86.35,265.33
synth,0,191,decode,50,50,115.16,60.0,93.62,274.28,59.92,93.89,273.83
synth,0,192,decode,50,50,114.83,59.97,90.03,270.13,59.71,90.5,270.05
synth,0,193,mixed,51,2098,587.3,203.7,148.89,946.54,202.64,149.05,946.48
synth,0,194,decode,51,51,123.72,70.32,98.52,302.04,70.31,98.74,301.46
synth,0,195,mixed,52,4147,551.69,203.53,173.93,936.0,201.99,174.04,936.06
synth,0,196,mixed,53,4148,554.32,206.16,177.48,947.77,205.01,177.56,946.87
synth,0,197,mixed,54,4149,539.52,207.91,178.4,935.8,206.85,178.4,935.5
synth,0,198,decode,54,54,127.87,75.95,107.83,321.11,75.75,107.94,320.34
synth,0,199,mixed,55,4150,533.92,203.54,172.54,917.78,202.29,172.85,918.23
synth,0,200,decode,55,55,126.37,75.12,107.24,317.93,74.89,107.36,317.33
synth,0,201,decode,55,55,116.28,63.03,88.47,272.95,62.92,88.8,272.66
synth,0,202,decode,55,55,120.84,64.79,91.43,282.73,64.74,91.99,282.25
synth,0,203,decode,55,55,116.16,65.06,87.49,274.67,64.79,87.78,274.21
synth,0,204,decode,55,55,116.5,64.41,90.95,277.26,64.36,91.03,276.92
synth,0,205,decode,55,55,115.07,65.04,90.46,275.66,64.97,90.93,275.42
synth,0,206,decode,55,55,117.23,72.61,101.4,296.15,72.43,90.7,284.96
synth,0,207,decode,55,55,116.92,65.74,90.98,279.25,65.57,91.28,278.69
synth,0,208,mixed,56,4151,599.16,207.52,202.97,1016.97,205.87,190.48,1004.04
synth,0,209,mixed,57,2104,551.06,211.58,153.56,926.66,210.09,153.85,926.1
synth,0,210,decode,57,57,131.94,77.94,109.75,328.96,77.68,109.92,327.52
synth,0,211,mixed,58,2105,535.39,206.19,144.76,893.66,205.02,144.75,893.9
synth,0,212,decode,58,58,134.24,85.86,108.67,337.28,85.69,108.78,336.07
synth,0,213,decode,58,58,118.46,66.76,92.96,283.63,66.72,93.08,283.44
synth,0,214,decode,58,58,117.1,67.42,89.85,279.26,67.22,90.13,279.05
synth,0,215,mixed,59,4154,562.14,207.96,175.47,952.49,207.11,175.5,952.78
synth,0,216,decode,59,59,134.54,81.4,116.3,341.19,81.3,116.6,340.56
synth,0,217,decode,59,59,121.78,70.95,89.83,287.09,70.85,89.99,286.94
synth,0,218,mixed,60,2107,556.72,209.04,146.56,919.22,208.18,146.43,919.12
synth,0,219,decode,60,60,128.91,83.78,104.64,327.31,83.37,104.72,326.02
synth,0,220,decode,60,60,123.16,70.7,92.82,291.75,70.73,92.93,291.77
synth,0,221,decode,60,60,120.68,72.0,93.46,291.78,71.94,93.65,291.51
synth,0,222,decode,60,60,118.33,68.41,85.53,276.4,68.36,85.63,276.3
synth,0,223,decode,60,60,137.02,76.98,89.42,308.18,76.79,89.1,301.27
synth,0,224,mixed,61,2108,566.43,210.43,143.38,926.87,209.55,143.31,926.92
synth,0,225,decode,61,61,129.22,87.75,104.88,329.88,87.62,105.01,329.1
synth,0,226,mixed,62,4157,554.57,231.37,174.69,968.72,225.24,174.83,964.03
synth,0,227,decode,62,62,128.01,82.07,99.44,317.19,81.9,99.59,316.69
synth,0,228,decode,62,62,121.89,77.53,92.04,296.81,77.46,92.23,296.58
synth,0,229,decode,62,62,119.44,70.79,90.24,285.76,70.79,90.34,285.61
synth,0,230,decode,62,62,119.36,71.24,91.8,287.22,71.02,92.06,286.85
synth,0,231,decode,62,62,120.26,77.41,87.75,289.8,77.33,87.92,289.91
synth,0,232,decode,62,62,118.84,71.28,91.16,286.69,71.2,91.41,286.33
synth,0,233,decode,62,62,117.53,70.3,85.79,278.25,70.23,85.97,278.08
synth,0,234,decode,62,62,115.29,88.5,92.49,300.98,83.12,92.53,295.38
synth,0,235,decode,62,62,117.47,70.76,89.02,282.2,70.69,89.2,282.22
synth,0,236,decode,62,62,115.09,69.38,86.71,275.81,69.29,86.89,275.65
synth,0,237,mixed,63,4158,571.79,211.66,173.44,963.74,210.65,173.52,963.5
synth,0,238,decode,63,63,129.84,86.43,105.78,330.64,86.35,105.89,330.03
synth,0,239,decode,63,63,124.17,79.95,87.9,297.13,79.71,88.04,296.87
synth,0,240,mixed,64,4159,552.75,214.54,171.26,945.73,213.26,171.49,945.79
synth,0,241,decode,64,64,130.03,82.45,104.78,325.16,82.41,104.8,324.36
synth,0,242,decode,64,64,118.53,73.9,89.89,287.06,73.77,90.15,286.93
synth,0,243,decode,64,64,119.69,74.02,94.1,293.39,73.96,94.32,293.05
synth,0,244,decode,64,64,117.82,73.41,91.36,287.07,73.33,91.43,286.83
synth,0,245,decode,64,64,120.18,74.89,95.04,296.51,74.47,95.19,295.86
synth,0,246,decode,64,64,122.07,73.86,88.63,288.8,73.84,88.73,288.82
synth,0,247,decode,64,64,137.07,76.25,91.43,310.16,76.25,91.37,299.03
synth,0,248,decode,64,64,120.14,76.5,91.54,292.92,76.43,91.74,292.45
synth,0,249,decode,64,64,116.93,72.82,103.21,297.81,72.73,97.3,291.27
synth,0,250,decode,64,64,120.78,84.93,91.88,303.26,84.97,92.02,302.45
synth,0,251,decode,64,64,120.98,76.38,90.22,292.33,76.2,90.52,292.25
synth,0,252,decode,64,64,121.22,84.87,92.6,304.16,84.52,92.67,303.69
synth,0,253,decode,64,64,125.88,75.78,99.74,307.43,75.6,99.77,306.46
synth,0,254,decode,64,64,125.43,72.92,98.59,302.14,72.83,99.21,301.94
synth,0,255,decode,64,64,119.04,72.41,100.2,296.78,72.38,100.46,296.31
synth,0,256,decode,63,63,118.69,106.15,98.84,329.1,106.37,98.65,328.45
synth,0,257,decode,63,63,123.98,73.44,98.16,301.7,73.44,98.23,300.91
synth,0,258,decode,63,63,126.47,73.25,109.43,315.03,73.38,109.53,314.46
synth,0,259,decode,63,63,125.2,82.3,105.56,318.64,82.09,105.61,317.59
synth,0,260,decode,62,62,123.03,112.35,99.09,341.62,112.33,99.31,341.13
synth,0,261,decode,62,62,121.83,72.57,94.21,294.69,72.51,94.03,294.04
synth,0,262,decode,61,61,122.28,107.0,107.48,342.25,107.33,107.3,342.2
synth,0,263,decode,60,60,120.28,105.34,101.52,332.58,105.01,101.46,331.7
synth,0,264,decode,60,60,128.89,72.29,108.17,315.77,71.97,108.3,314.9
synth,0,265,decode,60,60,123.62,80.05,93.1,302.18,80.06,93.29,301.87
synth,0,266,decode,59,59,118.44,99.59,98.35,322.18,99.76,98.23,321.44
synth,0,267,decode,58,58,118.66,94.32,89.91,308.0,94.35,90.1,307.8
synth,0,268,decode,58,58,125.22,80.48,94.37,306.35,80.15,94.62,305.77
synth,0,269,decode,58,58,118.02,67.62,90.99,281.98,67.52,91.27,281.61
synth,0,270,decode,58,58,113.83,67.34,91.29,277.5,67.13,91.47,277.1
synth,0,271,decode,58,58,113.64,66.37,95.17,280.08,66.02,95.32,279.87
synth,0,272,decode,57,57,115.36,105.5,93.93,319.69,105.56,93.95,319.53
synth,0,273,decode,57,57,115.44,68.02,91.56,280.83,68.1,91.45,280.61
synth,0,274,decode,56,56,118.04,101.99,89.35,314.35,102.07,89.4,314.12
synth,0,275,decode,56,56,116.72,65.51,90.55,278.85,65.24,90.72,278.53
synth,0,276,decode,55,55,113.66,93.94,97.79,311.88,94.09,97.72,310.95
synth,0,277,decode,55,55,113.83,63.87,90.86,273.09,63.83,91.14,273.06
synth,0,278,decode,55,55,114.63,63.06,93.23,275.83,62.99,93.42,275.54
synth,0,279,decode,54,54,111.35,90.74,92.1,299.6,90.73,92.22,298.95
synth,0,280,decode,54,54,118.58,74.08,89.29,287.03,73.95,89.41,286.65
synth,0,281,decode,54,54,113.43,63.31,91.63,273.33,63.24,91.79,272.87
synth,0,282,decode,54,54,126.46,62.28,95.8,289.37,61.97,96.01,288.99
synth,0,283,decode,54,54,117.47,75.8,90.15,288.61,75.92,90.1,288.26
synth,0,284,decode,54,54,113.48,63.88,93.55,275.54,63.61,93.75,275.34
synth,0,285,decode,54,54,117.37,62.59,100.98,286.71,62.7,100.88,285.78
synth,0,286,decode,53,53,119.65,101.34,93.16,318.26,101.42,93.23,318.38
synth,0,287,decode,53,53,122.31,62.67,95.79,286.86,62.46,96.04,286.4
synth,0,288,decode,53,53,116.33,66.84,96.17,284.62,66.99,96.22,284.59
synth,0,289,decode,52,52,116.65,112.3,102.12,336.4,106.68,102.43,330.55
synth,0,290,decode,51,51,115.89,93.73,98.51,313.49,93.87,98.5,313.05
synth,0,291,decode,51,51,113.96,60.14,94.82,273.75,59.61,94.95,273.42
synth,0,292,decode,51,51,117.82,69.46,98.19,291.3,69.46,98.37,290.93
synth,0,293,decode,51,51,113.09,66.54,86.84,272.21,66.54,87.07,271.45
synth,0,294,decode,51,51,116.56,64.61,96.89,283.9,64.41,97.06,283.18
synth,0,295,decode,50,50,116.22,99.03,94.52,315.13,99.36,94.26,314.84
synth,0,296,decode,50,50,113.62,59.02,87.6,265.92,58.75,87.87,265.84
synth,0,297,decode,50,50,116.16,61.27,97.25,281.4,61.05,97.47,280.52
synth,0,298,decode,49,49,112.53,87.54,92.13,297.41,87.47,92.49,297.12
synth,0,299,decode,48,48,113.65,88.03,94.77,302.58,88.05,94.72,302.01
synth,0,300,decode,48,48,113.6,57.01,87.61,263.81,56.71,87.85,263.04
synth,0,301,decode,48,48,112.88,65.57,92.0,275.07,65.26,92.04,274.98
synth,0,302,decode,48,48,116.54,65.83,92.09,279.97,65.78,92.23,279.18
synth,0,303,decode,48,48,110.54,57.02,84.7,257.62,56.99,84.83,257.42
synth,0,304,decode,48,48,112.31,57.88,85.88,260.54,57.8,86.11,260.02
synth,0,305,decode,48,48,115.65,66.17,94.29,281.45,66.09,94.59,281.22
synth,0,306,decode,48,48,113.74,64.06,83.9,266.96,64.0,84.04,266.65
synth,0,307,decode,47,47,112.04,92.4,91.43,301.53,92.4,91.53,300.75
synth,0,308,decode,47,47,109.57,55.51,83.31,253.13,55.4,83.5,253.13
synth,0,309,decode,47,47,109.81,53.25,86.18,253.23,53.18,86.44,253.36
synth,0,310,decode,47,47,112.62,57.71,87.84,264.46,57.48,88.11,263.28
synth,0,311,decode,47,47,108.81,56.62,83.61,253.9,56.54,83.83,253.98
synth,0,312,decode,47,47,109.91,55.63,85.0,254.74,55.59,85.18,254.72
synth,0,313,decode,47,47,109.52,55.98,84.53,254.92,55.91,84.75,254.73
synth,0,314,decode,47,47,108.49,54.06,84.53,251.07,54.0,84.66,250.93
synth,0,315,decode,47,47,110.34,57.27,84.97,258.45,57.0,85.05,258.05
synth,0,316,decode,47,47,107.2,54.82,81.45,247.39,54.76,81.61,247.39
synth,0,317,decode,47,47,110.48,66.11,78.86,259.98,66.01,78.95,269.18
synth,0,318,decode,47,47,111.54,55.28,86.95,258.39,55.24,87.08,258.16
synth,0,319,decode,47,47,109.09,54.37,80.98,248.68,54.42,81.04,248.57
synth,0,320,decode,46,46,107.7,84.01,83.99,279.67,84.17,84.0,279.71
synth,0,321,decode,46,46,111.2,55.23,85.95,257.43,55.16,86.1,256.91
synth,0,322,decode,46,46,108.49,62.5,77.51,252.59,62.47,77.73,252.64
synth,0,323,decode,46,46,107.65,54.58,79.28,246.13,54.54,79.36,245.84
synth,0,324,decode,46,46,110.64,62.05,83.88,261.47,62.14,84.12,261.32
synth,0,325,decode,46,46,110.85,61.65,81.91,258.77,61.69,82.07,258.84
synth,0,326,decode,45,45,118.4,94.61,84.67,303.71,94.58,84.53,298.04
synth,0,327,decode,45,45,110.24,53.58,83.61,252.11,53.42,83.81,252.04
synth,0,328,decode,45,45,110.77,60.3,78.75,254.5,60.34,78.85,254.37
synth,0,329,decode,45,45,113.12,54.76,87.58,261.4,54.55,87.86,261.14
synth,0,330,decode,45,45,111.74,53.35,84.5,253.97,53.21,84.75,253.85
synth,0,331,decode,45,45,107.36,54.47,78.01,244.03,62.64,78.2,252.24
synth,0,332,decode,45,45,111.71,54.16,84.93,255.03,54.03,85.09,254.9
synth,0,333,decode,44,44,110.34,83.5,86.13,285.17,83.54,86.15,284.93
synth,0,334,decode,44,44,112.52,52.58,79.42,248.39,52.48,79.59,248.3
synth,0,335,decode,43,43,112.34,82.24,91.12,291.38,82.17,91.19,291.07
synth,0,336,decode,43,43,113.04,52.82,82.68,252.92,52.72,82.88,252.92
synth,0,337,decode,43,43,113.83,59.98,82.49,260.83,59.88,82.59,260.81
synth,0,338,decode,43,43,113.24,61.56,83.11,262.75,61.43,83.23,262.58
synth,0,339,decode,42,42,105.89,78.84,83.24,272.33,78.87,83.33,272.21
synth,0,340,decode,42,42,108.94,58.64,79.91,251.73,58.66,79.96,251.33
synth,0,341,decode,42,42,107.35,54.11,84.76,250.89,54.08,84.74,250.77
synth,0,342,decode,42,42,104.74,52.45,79.97,241.18,52.37,80.12,241.08
synth,0,343,decode,42,42,105.01,51.65,77.15,237.86,51.53,77.44,237.87
synth,0,344,decode,42,42,106.64,58.29,80.84,250.66,58.21,81.03,250.08
synth,0,345,decode,42,42,104.13,51.6,78.59,238.26,51.62,78.7,238.27
synth,0,346,decode,41,41,104.7,76.61,81.63,266.53,76.85,81.62,266.6
synth,0,347,decode,41,41,110.29,55.54,82.95,253.34,55.59,83.01,253.16
synth,0,348,decode,41,41,106.21,50.95,76.69,237.97,50.87,76.87,238.0
synth,0,349,decode,41,41,102.57,50.88,77.78,234.9,50.77,78.01,234.88
synth,0,350,decode,40,40,103.06,78.3,82.91,268.68,78.1,83.05,268.47
synth,0,351,decode,40,40,106.14,49.25,77.61,236.88,49.12,77.99,237.05
synth,0,352,decode,39,39,104.95,76.27,78.73,263.51,76.31,78.75,263.51
synth,0,353,decode,38,38,107.1,77.47,84.43,273.63,77.56,84.54,273.47
synth,0,354,decode,38,38,106.32,48.45,78.62,237.3,48.37,78.85,237.33
synth,0,355,decode,37,37,102.75,76.74,77.67,261.56,76.66,77.78,261.44
synth,0,356,decode,37,37,105.06,46.62,83.91,240.12,46.54,84.1,239.89
synth,0,357,decode,37,37,102.85,47.26,77.61,231.72,47.28,77.77,231.62
synth,0,358,decode,36,36,101.7,74.93,80.57,261.13,75.16,80.54,261.17
synth,0,359,decode,36,36,119.68,51.44,80.11,256.31,51.35,80.23,246.62
synth,0,360,decode,36,36,102.66,46.13,75.61,228.33,46.03,75.76,228.29
synth,0,361,decode,36,36,99.83,45.54,74.44,223.46,45.49,74.64,223.59
synth,0,362,decode,36,36,103.36,45.3,75.63,228.1,45.26,75.98,228.27
synth,0,363,decode,36,36,102.78,46.97,81.22,235.72,46.96,81.47,235.35
synth,0,364,decode,36,36,101.04,46.04,81.6,233.31,46.03,81.75,232.6
synth,0,365,decode,36,36,100.86,46.67,77.82,229.73,46.52,78.1,229.53
synth,0,366,decode,35,35,104.98,78.46,89.92,278.26,78.36,89.99,278.02
synth,0,367,decode,35,35,105.21,45.49,80.9,236.1,45.43,81.17,236.07
synth,0,368,decode,35,35,100.33,42.21,81.95,229.05,42.08,82.43,229.31
synth,0,369,decode,35,35,105.64,50.17,97.35,258.78,50.26,91.78,252.62
synth,0,370,decode,35,35,102.74,42.38,79.16,229.29,42.3,79.36,228.9
synth,0,371,decode,35,35,98.29,41.32,76.35,220.06,41.28,76.33,219.49
synth,0,372,decode,35,35,99.46,42.45,77.07,222.73,42.33,77.31,222.22
synth,0,373,decode,35,35,107.62,44.22,91.41,248.6,44.08,91.54,247.7
synth,0,374,decode,35,35,93.53,42.03,75.48,214.8,41.84,75.86,214.92
synth,0,375,decode,35,35,95.2,42.11,85.19,227.2,42.07,85.66,226.88
synth,0,376,decode,35,35,96.57,41.02,109.59,251.71,41.22,105.3,247.22
synth,0,377,decode,34,34,107.61,72.93,84.68,270.0,73.2,84.5,269.34
synth,0,378,decode,34,34,97.19,40.49,76.38,218.4,40.37,76.54,218.22
synth,0,379,decode,33,33,101.48,68.11,75.99,249.87,68.05,76.16,249.12
synth,0,380,decode,33,33,103.5,40.64,82.45,231.08,40.53,82.87,230.87
synth,0,381,decode,33,33,103.05,41.96,77.65,227.62,41.88,77.83,226.73
synth,0,382,decode,33,33,96.57,41.3,75.44,217.33,40.73,75.94,217.22
synth,0,383,decode,33,33,97.11,39.53,98.08,239.32,39.22,87.04,227.34
synth,0,384,decode,33,33,104.25,41.47,84.26,234.65,41.28,84.43,234.43
synth,0,385,decode,33,33,95.1,40.86,73.16,213.52,40.84,73.38,213.43
synth,0,386,decode,32,32,95.77,68.58,79.26,247.33,68.67,79.26,247.33
synth,0,387,decode,31,31,100.13,57.16,84.36,246.49,56.88,84.49,246.39
synth,0,388,decode,31,31,94.59,38.5,76.04,213.17,38.44,76.15,212.75
synth,0,389,decode,31,31,93.48,38.62,70.08,206.32,38.5,70.32,205.88
synth,0,390,decode,31,31,93.24,37.18,69.72,203.78,37.06,69.94,203.45
synth,0,391,decode,31,31,93.88,38.69,79.65,217.41,38.64,79.85,216.59
synth,0,392,decode,30,30,92.66,56.84,72.91,226.42,56.86,72.95,226.13
synth,0,393,decode,30,30,94.07,37.69,69.96,205.61,37.17,70.17,205.45
synth,0,394,decode,30,30,93.34,37.63,75.62,211.31,37.37,75.76,210.44
synth,0,395,decode,28,28,94.94,63.13,78.95,240.96,63.06,79.02,240.87
synth,0,396,decode,28,28,93.73,36.02,70.57,204.62,35.71,70.83,204.16
synth,0,397,decode,28,28,93.32,35.62,70.62,204.25,35.54,70.89,203.64
synth,0,398,decode,28,28,92.58,35.57,74.68,206.43,35.45,74.89,213.61
synth,0,399,decode,27,27,96.65,54.89,88.64,246.35,54.91,88.86,245.77
synth,0,400,decode,27,27,97.69,34.67,70.81,208.18,34.54,71.03,207.74
synth,0,401,decode,26,26,92.27,48.78,74.11,218.89,48.85,74.36,219.0
synth,0,402,decode,26,26,90.56,32.9,71.16,198.95,32.68,71.34,198.75
synth,0,403,decode,26,26,91.62,34.32,74.17,206.02,34.06,74.42,205.26
synth,0,404,decode,26,26,97.49,33.1,76.4,211.54,32.99,76.56,211.3
synth,0,405,decode,26,26,89.61,32.34,66.21,192.09,32.28,66.41,191.95
synth,0,406,decode,26,26,87.71,32.56,67.68,191.58,32.46,67.9,191.38
synth,0,407,decode,25,25,90.12,48.71,71.09,213.93,48.47,71.46,213.72
synth,0,408,decode,25,25,91.25,32.94,73.63,202.41,32.84,73.85,202.06
synth,0,409,decode,25,25,88.22,32.22,67.0,190.75,32.06,67.41,190.93
synth,0,410,decode,23,23,87.26,56.15,69.39,217.18,56.08,69.52,216.79
synth,0,411,decode,23,23,91.62,30.25,72.9,199.02,30.15,73.05,198.58
synth,0,412,decode,23,23,108.46,32.45,80.22,225.54,32.08,80.42,225.29
synth,0,413,decode,22,22,88.3,45.04,71.15,208.47,44.91,71.6,208.32
synth,0,414,decode,22,22,89.73,28.78,67.81,190.43,28.53,67.94,190.09
synth,0,415,decode,22,22,86.46,28.93,67.37,186.03,28.79,67.55,186.07
synth,0,416,decode,22,22,90.79,30.15,70.16,195.26,29.88,70.39,195.09
synth,0,417,decode,22,22,93.23,29.64,69.03,196.89,29.64,69.21,196.33
synth,0,418,decode,22,22,86.18,29.19,64.42,182.88,29.02,64.68,183.03
synth,0,419,decode,21,21,85.96,46.93,66.63,203.69,47.08,66.87,203.76
synth,0,420,decode,20,20,86.46,42.04,64.88,197.41,41.92,65.09,196.83
synth,0,421,decode,20,20,84.84,28.06,64.4,181.03,27.41,64.63,180.94
synth,0,422,decode,19,19,128.5,51.35,83.58,268.83,51.0,83.39,253.43
synth,0,423,decode,19,19,96.64,29.19,74.73,206.27,28.66,74.93,205.49
synth,0,424,decode,19,19,93.81,27.2,80.37,205.77,26.78,81.2,205.84
synth,0,425,decode,19,19,91.78,27.32,80.62,204.05,26.74,81.04,204.02
synth,0,426,decode,19,19,93.06,26.57,77.72,201.49,26.5,78.44,201.4
synth,0,427,decode,19,19,106.86,34.26,83.31,228.9,34.1,83.5,222.02
synth,0,428,decode,18,18,94.18,41.82,88.72,230.45,41.9,89.18,230.01
synth,0,429,decode,17,17,96.29,45.96,86.36,233.47,46.0,86.21,233.12
synth,0,430,decode,17,17,95.55,25.46,75.78,200.92,25.25,75.92,200.62
synth,0,431,decode,17,17,94.04,24.54,75.98,199.1,24.37,76.12,198.62
synth,0,432,decode,16,16,95.31,41.41,79.75,220.68,41.37,79.9,220.21
synth,0,433,decode,15,15,95.9,41.5,78.75,220.88,41.41,78.97,220.12
synth,0,434,decode,15,15,91.34,21.77,69.28,187.02,21.65,69.52,186.51
synth,0,435,decode,15,15,91.77,22.24,71.19,189.14,22.11,71.17,188.6
synth,0,436,decode,15,15,92.01,21.94,72.56,190.63,21.74,72.86,190.0
synth,0,437,decode,15,15,92.15,21.74,76.02,193.71,21.54,76.31,193.36
synth,0,438,decode,15,15,92.66,25.44,101.39,224.11,24.88,88.42,210.07
synth,0,439,decode,15,15,93.86,22.68,78.8,198.98,22.5,79.11,198.87
synth,0,440,decode,15,15,94.13,23.94,77.06,198.6,23.85,77.26,198.7
synth,0,441,decode,15,15,94.84,22.56,80.3,201.51,22.33,80.71,201.35
synth,0,442,decode,15,15,92.57,24.49,78.97,200.29,24.48,79.16,199.82
synth,0,443,decode,15,15,95.77,22.92,82.57,204.59,22.77,82.88,204.56
synth,0,444,decode,14,14,115.79,41.79,88.14,249.67,41.7,88.16,239.91
synth,0,445,decode,14,14,94.69,22.08,79.13,199.62,22.21,79.29,199.81
synth,0,446,decode,14,14,89.38,24.58,75.37,192.61,24.5,75.78,192.92
synth,0,447,decode,14,14,90.16,20.3,75.49,190.02,20.08,75.8,189.34
synth,0,448,decode,14,14,88.95,22.72,72.26,187.38,22.59,72.49,187.54
synth,0,449,decode,13,13,95.03,38.06,77.06,213.7,37.96,77.25,213.55
synth,0,450,decode,13,13,93.9,20.07,90.67,208.93,19.93,85.35,202.86
synth,0,451,decode,12,12,90.35,33.66,77.21,205.0,33.39,77.38,205.0
synth,0,452,decode,11,11,94.56,36.25,77.01,211.32,36.52,76.81,211.14
synth,0,453,decode,10,10,89.39,29.91,74.86,197.71,29.76,75.24,197.84
synth,0,454,decode,10,10,92.11,17.07,71.02,183.48,16.66,71.35,183.66
synth,0,455,decode,9,9,86.48,30.49,71.25,192.52,30.23,71.46,192.35
synth,0,456,decode,9,9,89.2,16.16,71.85,180.81,15.81,72.18,180.83
synth,0,457,decode,9,9,88.45,17.69,128.68,238.99,17.44,87.62,197.82
synth,0,458,decode,9,9,89.38,16.44,71.69,180.94,16.3,71.98,180.87
synth,0,459,decode,9,9,89.3,15.92,71.79,180.0,15.7,72.09,180.04
synth,0,460,decode,9,9,86.86,17.18,71.32,178.88,17.17,71.37,178.73
synth,0,461,decode,9,9,86.88,18.47,69.46,178.17,18.38,69.67,177.67
synth,0,462,decode,9,9,87.93,15.86,70.75,177.56,15.76,71.03,177.6
synth,0,463,decode,9,9,88.55,15.82,70.51,178.71,15.71,70.87,178.36
synth,0,464,decode,8,8,87.62,33.38,77.66,202.0,33.26,77.97,202.2
synth,0,465,decode,7,7,117.83,35.29,80.56,237.86,35.05,80.54,221.44
synth,0,466,decode,7,7,90.05,14.63,71.5,179.81,14.26,72.09,180.12
synth,0,467,decode,6,6,88.8,31.48,70.74,195.09,31.43,70.91,194.7
synth,0,468,decode,6,6,86.91,15.54,64.81,170.86,15.45,65.06,170.75
synth,0,469,decode,6,6,83.82,13.26,67.22,167.72,13.07,67.53,167.77
synth,0,470,decode,6,6,83.79,13.22,65.35,165.75,12.92,65.56,165.69
synth,0,471,decode,5,5,82.86,28.24,70.03,184.39,27.93,70.2,184.53
synth,0,472,decode,5,5,84.98,11.61,64.48,164.82,11.44,64.87,164.68
synth,0,473,decode,5,5,85.36,12.57,67.21,169.05,12.16,67.61,169.08
synth,0,474,decode,4,4,86.87,27.03,89.19,206.38,26.98,84.49,201.72
synth,0,475,decode,4,4,87.31,11.29,66.27,168.53,11.14,66.47,168.41
synth,0,476,decode,4,4,83.08,13.39,66.08,165.73,13.37,66.18,165.78
synth,0,477,decode,4,4,84.26,10.26,64.39,162.31,10.15,64.8,162.39
synth,0,478,decode,4,4,82.91,10.73,64.42,161.3,10.59,64.7,161.35
synth,0,479,decode,4,4,80.49,13.49,65.39,162.48,13.42,65.66,162.22
synth,0,480,decode,3,3,83.04,23.71,69.31,179.77,23.93,69.18,179.41
synth,0,481,decode,3,3,82.43,10.25,68.54,164.88,9.9,68.9,165.12
synth,0,482,decode,2,2,82.18,22.05,68.82,176.35,21.98,69.18,176.53
synth,0,483,decode,2,2,84.59,9.08,67.81,164.68,8.92,68.13,164.77
synth,0,484,decode,2,2,82.08,9.18,64.56,159.15,8.7,64.78,158.99
synth,0,485,decode,2,2,80.12,8.67,66.08,157.8,8.44,66.44,157.92
synth,0,486,decode,2,2,84.87,9.25,69.25,167.49,9.14,69.7,167.47
synth,0,487,decode,2,2,79.95,8.94,65.27,157.22,8.8,65.52,157.31
synth,0,488,decode,2,2,80.11,11.5,66.02,160.86,11.36,66.48,161.13
synth,0,489,decode,2,2,83.02,9.11,67.87,163.49,8.77,68.31,163.61
synth,0,490,decode,2,2,81.33,8.88,65.15,158.81,8.73,65.66,158.9
synth,0,491,decode,2,2,79.83,9.15,66.03,158.96,8.98,66.17,158.93
synth,0,492,decode,2,2,81.37,8.35,66.95,159.55,8.28,67.27,159.64
synth,0,493,decode,1,1,80.97,19.54,68.75,172.41,19.55,69.08,172.66
synth,0,494,decode,1,1,79.87,7.63,64.75,155.27,7.49,65.09,155.51
synth,0,495,decode,1,1,78.58,7.23,62.64,151.75,7.09,63.13,151.76
synth,1,0,prefill,1,4096,633.04,152.0,201.18,994.2,150.64,201.74,991.28
synth,1,1,decode,1,1,106.21,17.98,85.24,215.63,17.83,85.47,215.34
synth,1,2,decode,1,1,94.15,8.94,69.07,176.45,8.82,69.27,176.3
synth,1,3,decode,1,1,85.91,10.23,62.56,161.85,10.17,62.71,161.87
synth,1,4,mixed,2,4097,487.21,145.02,153.85,790.78,143.88,153.91,791.18
synth,1,5,decode,2,2,99.68,19.32,78.8,204.74,19.26,78.72,203.96
synth,1,6,mixed,3,4098,478.07,145.78,176.52,805.84,144.56,170.82,800.51
synth,1,7,mixed,4,2051,447.09,143.27,127.51,725.76,141.69,127.72,725.47
synth,1,8,decode,4,4,91.53,18.91,72.11,188.55,18.56,72.45,188.37
synth,1,9,decode,4,4,84.85,11.69,64.53,165.22,11.56,65.16,165.35
synth,1,10,mixed,5,2052,435.03,140.95,124.59,705.23,139.43,124.64,705.65
synth,1,11,mixed,6,2053,436.84,147.08,127.32,718.47,145.52,127.49,718.51
synth,1,12,decode,6,6,94.12,21.85,86.41,209.45,21.55,86.8,208.85
synth,1,13,decode,6,6,84.32,13.53,62.04,163.55,13.37,62.35,163.56
synth,1,14,decode,6,6,80.93,13.45,59.89,157.33,13.07,60.08,157.3
synth,1,15,decode,6,6,78.05,13.41,57.66,152.31,13.15,57.93,152.13
synth,1,16,mixed,7,4102,431.64,142.71,147.18,726.04,141.27,147.53,726.72
synth,1,17,decode,7,7,94.86,22.27,80.47,204.44,22.08,80.61,203.84
synth,1,18,mixed,8,4103,429.92,143.22,149.26,727.25,141.58,149.52,727.82
synth,1,19,decode,8,8,92.78,23.1,72.83,194.75,22.92,73.11,194.34
synth,1,20,mixed,9,2056,456.33,145.73,123.26,730.41,143.86,123.11,714.24
synth,1,21,decode,9,9,93.7,23.11,72.53,195.2,22.9,72.77,194.9
synth,1,22,decode,9,9,83.46,16.54,61.0,164.32,16.41,61.25,164.39
synth,1,23,mixed,10,2057,443.78,145.47,123.06,717.31,144.43,123.12,717.55
synth,1,24,decode,10,10,95.18,25.71,79.95,206.95,25.68,80.43,206.75
synth,1,25,decode,10,10,85.59,17.41,61.35,168.17,17.22,61.63,168.26
synth,1,26,decode,10,10,81.08,16.85,59.06,160.37,16.74,59.42,160.34
synth,1,27,decode,10,10,79.67,16.82,57.18,156.68,16.71,57.47,156.8
synth,1,28,decode,10,10,78.45,16.64,56.93,154.92,16.55,57.14,155.07
synth,1,29,decode,10,10,90.06,22.53,63.82,180.16,22.43,63.92,173.26
synth,1,30,mixed,11,4106,441.2,147.59,149.85,743.37,145.86,150.1,743.98
synth,1,31,decode,11,11,95.09,26.9,74.63,202.98,26.78,74.88,202.62
synth,1,32,decode,11,11,86.0,17.64,60.84,168.62,17.51,61.17,168.43
synth,1,33,mixed,12,2059,485.59,149.98,123.79,764.21,148.24,124.14,747.75
synth,1,34,mixed,13,4108,438.1,150.61,149.48,746.52,149.1,149.27,746.13
synth,1,35,decode,13,13,97.18,28.38,80.58,213.05,28.21,80.69,212.38
synth,1,36,decode,13,13,87.2,19.6,62.83,173.07,19.55,63.18,173.32
synth,1,37,decode,13,13,85.81,19.01,61.4,169.62,18.78,61.63,169.62
synth,1,38,decode,13,13,83.62,20.41,59.39,167.35,20.02,59.63,166.84
synth,1,39,mixed,14,2061,441.5,148.8,125.5,720.58,147.14,125.41,721.05
synth,1,40,decode,14,14,97.29,29.28,80.55,214.17,29.04,80.72,213.52
synth,1,41,decode,14,14,86.74,20.73,63.34,174.36,20.5,63.63,174.44
synth,1,42,mixed,15,2062,437.67,149.73,130.39,723.02,156.68,130.58,732.16
synth,1,43,mixed,16,4111,460.66,160.45,157.36,786.87,158.56,157.76,786.41
synth,1,44,decode,16,16,101.1,31.29,81.42,221.08,31.14,81.5,219.98
synth,1,45,decode,16,16,91.49,23.29,72.34,191.55,23.16,72.5,191.25
synth,1,46,decode,16,16,86.56,22.16,64.98,177.29,22.19,65.18,177.27
synth,1,47,decode,16,16,85.08,22.24,64.58,175.86,22.1,64.79,175.42
synth,1,48,decode,16,16,85.71,22.75,71.04,183.12,22.71,71.12,182.83
synth,1,49,decode,16,16,86.7,23.22,69.74,183.22,23.29,70.09,183.2
synth,1,50,decode,16,16,85.29,22.22,69.63,180.41,22.11,69.79,180.37
synth,1,51,mixed,17,2064,467.21,162.77,140.38,775.14,161.51,139.89,775.24
synth,1,52,decode,17,17,103.89,35.25,98.71,245.16,35.01,98.95,243.94
synth,1,53,decode,17,17,88.77,24.39,69.99,186.88,24.19,70.53,187.23
synth,1,54,decode,17,17,95.39,26.58,73.56,200.17,26.54,73.86,199.85
synth,1,55,decode,17,17,89.03,24.87,69.71,187.32,24.72,69.9,186.95
synth,1,56,decode,17,17,85.55,23.39,67.78,180.5,23.01,68.11,180.49
synth,1,57,decode,17,17,87.41,23.81,65.98,180.62,23.43,66.16,180.48
synth,1,58,decode,17,17,86.41,24.08,69.08,182.74,23.99,69.53,183.01
synth,1,59,decode,17,17,85.28,23.23,69.95,181.98,23.05,70.33,181.86
synth,1,60,decode,17,17,88.47,24.2,73.95,191.14,24.06,74.55,191.17
synth,1,61,decode,17,17,86.55,23.31,69.57,183.33,23.32,69.8,183.46
synth,1,62,decode,17,17,84.93,23.19,68.79,180.05,22.92,68.99,180.15
synth,1,63,decode,17,17,85.45,24.2,70.59,183.17,23.82,70.83,183.26
synth,1,64,mixed,18,4113,483.3,158.1,171.88,818.82,157.38,171.79,819.21
synth,1,65,decode,18,18,104.32,36.38,107.64,256.77,36.42,107.6,254.71
synth,1,66,decode,18,18,92.71,25.81,69.63,191.91,25.69,69.84,191.89
synth,1,67,decode,18,18,90.88,24.8,84.22,204.17,24.71,84.48,203.53
synth,1,68,decode,18,18,111.42,24.65,78.34,217.81,24.33,78.6,211.31
synth,1,69,decode,18,18,90.36,25.67,78.45,198.86,25.59,78.53,197.8
synth,1,70,mixed,19,4114,475.2,161.84,161.56,803.92,160.31,161.23,803.97
synth,1,71,decode,19,19,129.19,41.05,103.71,282.01,40.11,103.9,280.72
synth,1,72,decode,19,19,92.22,28.0,72.15,196.23,28.44,71.8,196.25
synth,1,73,decode,19,19,93.35,26.35,86.41,210.18,26.32,86.72,209.8
synth,1,74,decode,19,19,91.6,28.5,75.19,198.96,28.64,75.17,198.66
synth,1,75,decode,19,19,94.48,27.82,84.12,210.65,27.6,84.48,210.17
synth,1,76,decode,19,19,136.11,33.18,83.62,257.54,32.6,83.39,243.84
synth,1,77,mixed,20,2067,486.81,165.48,148.07,806.82,169.82,148.19,813.16
synth,1,78,decode,20,20,111.95,40.28,102.01,261.67,40.07,102.15,260.41
synth,1,79,mixed,21,2068,467.77,167.4,144.2,785.42,166.43,143.74,785.33
synth,1,80,decode,21,21,108.55,41.08,104.23,261.45,40.63,104.38,259.8
synth,1,81,decode,21,21,120.95,30.85,81.42,238.4,30.75,81.94,226.45
synth,1,82,decode,21,21,97.11,31.72,86.47,219.58,31.63,86.62,219.07
synth,1,83,mixed,22,4117,472.0,168.02,170.3,816.49,166.48,170.13,816.24
synth,1,84,decode,22,22,106.24,42.85,104.96,262.65,42.8,105.14,261.09
synth,1,85,decode,22,22,94.67,30.94,69.68,199.24,30.9,69.83,199.12
synth,1,86,decode,22,22,91.51,29.76,83.73,209.5,29.5,84.08,208.65
synth,1,87,decode,22,22,90.96,29.77,75.73,200.09,29.7,75.84,199.95
synth,1,88,decode,22,22,91.79,29.7,79.83,205.73,30.02,79.64,204.97
synth,1,89,decode,22,22,89.74,29.36,77.29,201.25,29.25,77.54,200.28
synth,1,90,mixed,23,4118,487.84,168.65,167.82,830.13,167.34,167.7,830.51
synth,1,91,decode,23,23,106.57,40.82,90.93,246.75,40.58,91.03,245.1
synth,1,92,decode,23,23,93.58,30.74,68.56,196.89,30.88,68.47,196.88
synth,1,93,decode,23,23,91.17,30.13,68.87,193.7,29.8,69.02,193.44
synth,1,94,mixed,24,2071,468.16,165.27,138.81,777.69,164.13,138.53,778.11
synth,1,95,decode,24,24,106.94,41.18,89.65,244.89,40.99,89.82,244.3
synth,1,96,mixed,25,2072,458.76,164.12,131.58,760.42,162.59,131.86,760.7
synth,1,97,mixed,26,2073,470.12,169.93,135.13,784.11,168.51,134.92,782.87
synth,1,98,decode,26,26,104.81,41.43,115.94,269.02,41.37,104.77,256.86
synth,1,99,mixed,27,2074,462.04,166.44,129.49,764.36,165.13,129.25,764.02
synth,1,100,decode,27,27,101.1,41.29,81.22,230.74,41.18,81.4,229.96
synth,1,101,decode,27,27,94.76,34.22,71.96,205.31,34.1,72.14,205.07
synth,1,102,mixed,28,2075,456.08,165.71,127.22,754.12,165.06,127.23,754.57
synth,1,103,decode,28,28,107.05,44.98,84.63,243.6,44.76,84.76,243.08
synth,1,104,decode,28,28,93.14,35.24,66.92,199.05,35.1,67.2,199.08
synth,1,105,decode,28,28,90.6,35.29,62.97,192.19,35.21,63.16,192.3
synth,1,106,decode,28,28,89.34,33.81,63.3,189.44,33.82,63.42,189.55
synth,1,107,decode,28,28,89.41,33.67,61.93,188.35,33.63,62.1,188.31
synth,1,108,decode,28,28,90.64,34.96,69.14,198.77,34.95,69.35,198.58
synth,1,109,decode,28,28,98.21,33.56,65.36,200.42,33.37,65.54,200.38
synth,1,110,mixed,29,2076,452.75,165.94,126.42,749.97,164.35,126.56,750.51
synth,1,111,decode,29,29,105.3,45.89,85.89,244.18,45.61,85.99,243.7
synth,1,112,decode,29,29,94.43,36.18,66.68,201.19,36.01,66.89,201.16
synth,1,113,decode,29,29,90.55,34.97,63.21,191.85,34.9,63.39,192.01
synth,1,114,decode,29,29,90.99,34.68,65.69,195.1,34.66,65.92,195.0
synth,1,115,decode,29,29,89.65,35.19,62.38,190.37,35.08,62.56,190.33
synth,1,116,decode,29,29,89.87,34.81,63.33,191.43,34.73,63.51,191.41
synth,1,117,decode,29,29,87.84,34.96,61.63,187.38,34.89,61.7,187.43
synth,1,118,decode,29,29,87.89,34.36,61.27,186.61,34.31,61.51,186.6
synth,1,119,decode,29,29,94.7,35.11,67.02,200.14,34.99,67.24,200.09
synth,1,120,decode,29,29,88.3,41.69,66.52,199.7,41.74,66.59,199.86
synth,1,121,mixed,30,2077,466.41,166.55,126.79,764.96,164.83,126.74,765.25
synth,1,122,decode,30,30,104.11,45.52,83.54,240.53,53.02,83.64,247.31
synth,1,123,mixed,31,2078,453.92,167.3,126.49,753.1,165.74,126.59,753.5
synth,1,124,decode,31,31,105.11,47.69,85.79,245.95,47.56,85.93,245.04
synth,1,125,decode,31,31,96.23,37.89,65.78,203.53,37.84,66.02,203.6
synth,1,126,decode,31,31,92.01,37.61,64.85,197.86,37.52,64.99,197.82
synth,1,127,decode,31,31,94.57,37.43,71.24,207.06,37.4,71.39,206.75
synth,1,128,decode,31,31,92.69,36.58,65.59,198.7,36.45,65.83,198.61
synth,1,129,decode,31,31,91.96,42.82,63.73,202.08,42.74,63.99,202.17
synth,1,130,mixed,32,2079,478.78,169.67,127.35,781.27,167.92,127.35,781.5
synth,1,131,mixed,33,2080,460.56,172.63,126.78,768.66,170.92,126.79,768.16
synth,1,132,decode,33,33,107.61,50.13,87.04,252.02,49.95,87.16,251.27
synth,1,133,decode,33,33,103.07,47.57,72.56,227.55,47.56,72.65,227.53
synth,1,134,decode,33,33,94.33,40.03,68.52,206.61,39.92,68.77,206.62
synth,1,135,decode,33,33,97.11,45.42,70.02,216.07,45.35,70.3,216.07
synth,1,136,mixed,34,2081,454.01,174.37,126.33,760.26,180.18,126.56,768.37
synth,1,137,decode,34,34,129.51,50.89,85.53,272.77,50.41,85.51,262.16
synth,1,138,decode,34,34,96.08,41.24,67.66,208.93,41.04,67.87,208.95
synth,1,139,mixed,36,4130,781.98,288.48,159.01,1234.81,286.91,159.06,1235.53
synth,1,140,decode,36,36,112.88,59.02,91.19,272.77,58.8,91.27,271.44
synth,1,141,decode,36,36,141.42,45.64,77.92,270.03,45.48,78.06,260.69
synth,1,142,decode,36,36,96.98,42.67,68.73,212.33,42.57,69.0,212.28
synth,1,143,mixed,37,4132,453.85,173.95,153.74,786.91,172.6,154.07,787.55
synth,1,144,decode,37,37,109.62,52.88,87.86,257.67,52.76,88.09,256.97
synth,1,145,mixed,38,4133,460.39,177.31,154.85,798.56,176.4,154.84,798.6
synth,1,146,decode,38,38,109.66,54.19,87.24,258.32,54.13,94.73,265.12
synth,1,147,decode,38,38,100.02,49.57,68.48,221.91,49.48,68.65,221.87
synth,1,148,decode,38,38,95.12,44.12,66.39,209.08,44.03,66.62,209.17
synth,1,149,decode,38,38,102.78,51.41,75.7,233.9,51.18,75.92,233.89
synth,1,150,decode,38,38,95.16,44.46,67.96,211.29,44.38,68.11,211.28
synth,1,151,mixed,39,4134,449.57,175.01,187.67,817.51,173.63,177.15,807.38
synth,1,152,decode,39,39,109.42,59.44,85.9,261.34,59.37,86.08,260.78
synth,1,153,decode,39,39,98.84,46.14,69.26,218.62,45.96,69.45,218.44
synth,1,154,mixed,41,6183,771.81,292.57,183.45,1252.97,291.07,183.64,1253.46
synth,1,155,decode,41,41,113.1,61.3,93.59,277.16,61.06,93.68,276.2
synth,1,156,decode,41,41,102.81,47.85,79.79,235.28,47.81,80.08,235.09
synth,1,157,mixed,42,4137,485.53,176.27,158.76,825.82,174.81,158.9,819.67
synth,1,158,decode,42,42,108.14,57.33,86.31,259.19,57.09,86.6,258.93
synth,1,159,decode,42,42,105.6,54.95,76.98,242.39,54.88,77.1,241.89
synth,1,160,decode,42,42,98.27,48.33,69.07,219.31,48.3,69.24,219.39
synth,1,161,decode,42,42,96.28,48.01,67.22,214.95,47.94,67.41,214.9
synth,1,162,decode,42,42,105.12,56.69,75.21,241.3,56.56,75.4,241.25
synth,1,163,mixed,43,2090,460.32,182.73,127.55,776.47,181.39,127.77,776.73
synth,1,164,mixed,44,2091,453.13,183.28,128.16,773.34,181.59,128.55,773.14
synth,1,165,decode,44,44,111.26,57.65,84.58,260.35,57.51,84.76,259.92
synth,1,166,mixed,45,4140,450.9,180.7,156.52,794.25,178.83,156.77,794.53
synth,1,167,decode,45,45,136.33,62.79,93.41,301.14,62.03,93.71,299.91
synth,1,168,decode,45,45,105.85,57.4,72.38,240.25,57.28,72.49,239.98
synth,1,169,decode,45,45,102.88,49.73,69.99,226.64,49.71,70.16,226.65
synth,1,170,decode,45,45,104.8,51.69,79.85,241.11,51.39,80.12,240.81
synth,1,171,decode,45,45,101.65,57.22,71.32,233.81,57.2,71.49,233.66
synth,1,172,mixed,46,4141,530.17,189.65,171.2,897.37,188.57,171.18,897.79
synth,1,173,mixed,47,4142,493.82,192.38,174.23,869.78,190.92,174.31,869.29
synth,1,174,decode,47,47,128.03,66.07,108.0,311.01,65.84,108.11,309.24
synth,1,175,decode,47,47,107.6,53.53,83.54,249.71,53.45,84.26,249.83
synth,1,176,mixed,48,2095,522.17,195.77,149.95,874.93,193.87,150.11,874.53
synth,1,177,mixed,49,4144,498.7,200.22,180.2,888.88,198.69,180.26,888.38
synth,1,178,decode,49,49,121.91,68.35,109.12,307.76,68.2,109.37,306.73
synth,1,179,decode,49,49,111.03,55.97,91.23,264.22,55.88,91.4,263.24
synth,1,180,decode,49,49,115.8,66.17,89.63,276.43,65.76,89.84,275.83
synth,1,181,decode,49,49,109.58,59.47,91.66,266.45,59.74,91.74,265.94
synth,1,182,decode,49,49,111.64,56.43,90.38,263.27,56.24,90.63,262.84
synth,1,183,decode,49,49,109.19,56.78,89.78,260.03,56.64,90.0,259.6
synth,1,184,decode,49,49,107.42,55.97,97.72,266.59,55.81,97.98,265.6
synth,1,185,decode,49,49,105.18,54.88,93.19,257.74,54.8,93.26,257.14
synth,1,186,decode,49,49,105.82,55.4,122.38,288.11,55.31,109.54,274.46
synth,1,187,decode,49,49,115.47,56.73,95.12,272.76,56.57,95.24,271.67
synth,1,188,mixed,50,4145,568.2,196.16,182.54,953.61,194.86,182.96,953.7
synth,1,189,decode,50,50,121.09,75.22,112.7,317.8,75.11,112.77,316.34
synth,1,190,decode,50,50,119.4,60.1,103.41,288.31,59.92,103.96,288.07
synth,1,191,decode,50,50,110.29,59.71,97.52,273.52,59.61,97.66,272.09
synth,1,192,decode,50,50,105.13,55.68,89.98,255.39,55.58,90.12,254.37
synth,1,193,mixed,51,2098,563.11,199.37,151.2,921.11,197.56,151.27,920.85
synth,1,194,decode,51,51,119.91,70.5,111.32,310.31,70.27,111.54,308.92
synth,1,195,mixed,52,4147,497.01,193.56,174.01,871.12,191.65,174.04,871.46
synth,1,196,mixed,53,4148,485.97,195.61,171.62,863.51,194.08,171.6,861.97
synth,1,197,mixed,54,4149,479.09,200.83,175.7,865.54,199.14,175.83,864.59
synth,1,198,decode,54,54,121.37,70.84,101.15,301.4,70.54,101.41,300.49
synth,1,199,mixed,55,4150,466.71,196.01,161.67,830.65,194.53,161.86,830.91
synth,1,200,decode,55,55,119.35,71.35,95.91,294.96,71.02,96.28,294.21
synth,1,201,decode,55,55,108.19,60.17,78.22,251.59,60.08,78.4,251.23
synth,1,202,decode,55,55,107.64,61.25,82.08,255.82,61.09,82.3,255.59
synth,1,203,decode,55,55,104.83,60.68,77.09,247.32,60.63,77.23,246.89
synth,1,204,decode,55,55,128.61,60.6,81.01,274.94,60.43,81.37,265.56
synth,1,205,decode,55,55,105.32,58.49,73.25,241.31,58.37,73.49,241.04
synth,1,206,decode,55,55,104.61,67.13,75.83,251.69,67.07,76.06,251.73
synth,1,207,decode,55,55,107.6,59.81,81.05,253.33,59.74,81.21,253.06
synth,1,208,mixed,56,4151,473.58,194.3,158.09,831.5,192.88,158.06,831.85
synth,1,209,mixed,57,2104,461.45,196.18,133.53,800.81,194.7,133.53,800.27
synth,1,210,decode,57,57,117.95,71.75,93.92,291.13,71.59,94.09,290.54
synth,1,211,mixed,58,2105,460.44,193.25,132.26,792.64,191.57,132.35,792.77
synth,1,212,decode,58,58,118.82,75.81,94.35,296.41,75.51,94.51,295.57
synth,1,213,decode,58,58,1266.84,82.4,122.66,1480.97,80.91,122.83,1466.86
synth,1,214,decode,58,58,119.91,66.66,82.04,274.34,66.6,81.95,274.18
synth,1,215,mixed,59,4154,538.03,206.1,203.77,954.51,204.69,203.98,954.72
synth,1,216,decode,59,59,125.78,73.71,94.39,301.65,73.33,94.68,300.98
synth,1,217,decode,59,59,113.26,64.1,76.13,257.97,64.13,76.21,257.78
synth,1,218,mixed,60,2107,479.31,226.46,139.53,851.07,212.56,139.46,838.48
synth,1,219,decode,60,60,122.66,77.85,94.03,301.34,77.69,94.17,300.82
synth,1,220,decode,60,60,116.17,65.94,82.2,269.48,65.8,82.42,269.1
synth,1,221,decode,60,60,111.91,63.47,74.08,253.27,63.35,74.26,253.26
synth,1,222,decode,60,60,114.33,65.37,85.31,270.04,65.1,85.52,269.58
synth,1,223,decode,60,60,111.55,71.13,74.44,261.18,71.12,74.51,261.07
synth,1,224,mixed,61,2108,521.29,204.7,133.56,866.41,203.83,133.36,854.22
synth,1,225,decode,61,61,121.92,77.3,90.62,297.27,77.11,90.79,296.77
synth,1,226,mixed,62,4157,501.89,207.99,165.56,881.96,206.61,165.7,882.05
synth,1,227,decode,62,62,126.43,77.18,97.75,309.79,77.12,97.91,308.63
synth,1,228,decode,62,62,119.92,73.36,81.67,279.61,73.18,81.83,279.44
synth,1,229,decode,62,62,119.9,66.79,82.95,274.77,66.35,83.12,274.4
synth,1,230,decode,62,62,112.92,66.9,76.57,260.83,66.76,76.79,260.85
synth,1,231,decode,62,62,112.41,72.15,74.57,263.06,72.02,74.7,263.01
synth,1,232,decode,62,62,109.2,65.7,79.44,259.26,65.56,79.74,259.28
synth,1,233,decode,62,62,110.93,71.93,84.57,271.44,71.98,84.71,271.31
synth,1,234,decode,62,62,113.19,67.17,80.63,265.77,67.1,80.79,265.49
synth,1,235,decode,62,62,110.32,66.18,75.1,255.79,66.07,75.21,255.61
synth,1,236,decode,62,62,112.42,66.29,80.7,264.17,66.11,80.94,263.78
synth,1,237,mixed,63,4158,512.4,204.42,159.01,881.85,202.82,159.2,882.21
synth,1,238,decode,63,63,124.41,77.88,99.94,310.56,77.62,100.05,309.6
synth,1,239,decode,63,63,115.55,73.5,82.12,275.62,73.44,82.23,275.4
synth,1,240,mixed,64,4159,496.81,208.07,158.86,870.87,206.93,159.11,870.89
synth,1,241,decode,64,64,124.5,80.41,96.4,308.76,80.08,96.7,308.07
synth,1,242,decode,64,64,110.25,68.66,75.75,259.0,68.53,75.98,258.98
synth,1,243,decode,64,64,115.87,69.28,86.38,276.51,69.21,86.58,276.19
synth,1,244,decode,64,64,111.31,68.48,76.0,259.72,68.27,76.24,259.5
synth,1,245,decode,64,64,110.47,67.4,118.52,300.06,67.31,107.07,288.5
synth,1,246,decode,64,64,115.24,69.35,79.77,268.78,69.29,79.87,268.6
synth,1,247,decode,64,64,108.52,67.64,74.99,255.36,67.6,75.16,255.33
synth,1,248,decode,64,64,111.85,67.41,81.75,265.42,67.31,82.11,265.28
synth,1,249,decode,64,64,111.97,68.82,79.1,263.82,68.66,79.32,263.7
synth,1,250,decode,64,64,115.32,75.46,80.14,275.81,75.36,80.41,275.46
synth,1,251,decode,64,64,111.74,68.44,75.21,259.31,68.28,75.45,259.32
synth,1,252,decode,64,64,115.21,74.93,81.43,275.93,74.8,81.73,275.88
synth,1,253,decode,64,64,112.89,67.72,81.32,266.75,67.57,81.56,266.2
synth,1,254,decode,64,64,114.41,72.46,130.52,322.07,72.36,117.67,308.6
synth,1,255,decode,64,64,122.4,70.55,98.73,298.64,70.43,98.95,297.03
synth,1,256,decode,63,63,112.98,102.09,88.59,308.65,102.67,88.54,308.46
synth,1,257,decode,63,63,123.92,72.23,91.9,293.86,71.61,92.36,293.59
synth,1,258,decode,63,63,127.9,73.57,94.8,302.56,73.42,94.92,301.41
synth,1,259,decode,63,63,136.61,80.15,115.6,338.77,79.81,115.75,337.22
synth,1,260,decode,62,62,130.65,109.26,109.3,355.86,108.87,109.38,354.34
synth,1,261,decode,62,62,131.08,70.21,109.04,316.71,70.46,108.9,315.96
synth,1,262,decode,61,61,121.4,96.86,91.35,315.41,96.9,91.35,314.15
synth,1,263,decode,60,60,118.23,96.87,95.46,316.71,96.7,95.5,315.48
synth,1,264,decode,60,60,122.85,69.63,90.83,288.74,69.44,91.29,288.0
synth,1,265,decode,60,60,130.76,77.58,108.9,323.39,77.37,109.62,323.1
synth,1,266,decode,59,59,115.18,100.68,100.89,322.35,100.61,101.08,321.75
synth,1,267,decode,58,58,120.32,96.32,101.98,324.33,96.6,101.88,323.84
synth,1,268,decode,58,58,124.54,77.16,89.79,296.71,76.89,90.38,296.43
synth,1,269,decode,58,58,163.59,68.25,98.95,336.61,67.4,99.22,326.39
synth,1,270,decode,58,58,120.47,63.49,97.34,286.89,63.43,97.76,286.19
synth,1,271,decode,58,58,124.32,65.57,102.26,298.68,65.49,102.43,296.84
synth,1,272,decode,57,57,126.49,106.5,101.53,340.54,106.52,101.49,339.84
synth,1,273,decode,57,57,123.89,63.03,98.99,291.98,62.87,99.42,291.21
synth,1,274,decode,56,56,118.69,97.39,99.81,322.15,97.38,99.69,320.99
synth,1,275,decode,56,56,130.77,64.29,105.47,307.05,64.64,105.39,305.98
synth,1,276,decode,55,55,124.38,106.8,118.93,356.42,106.59,119.13,355.84
synth,1,277,decode,55,55,126.47,66.87,113.02,313.22,66.73,113.17,312.42
synth,1,278,decode,55,55,130.27,68.22,112.27,316.99,68.23,112.43,316.33
synth,1,279,decode,54,54,136.08,101.16,106.24,350.03,101.26,106.03,348.79
synth,1,280,decode,54,54,134.96,71.7,101.06,313.63,71.68,101.18,313.28
synth,1,281,decode,54,54,117.11,62.45,97.19,282.76,62.71,97.3,282.53
synth,1,282,decode,54,54,121.76,64.79,94.83,286.61,65.06,94.66,286.25
synth,1,283,decode,54,54,121.11,74.0,89.48,289.99,74.01,89.76,289.9
synth,1,284,decode,54,54,119.87,64.13,87.53,276.11,64.12,87.74,276.07
synth,1,285,decode,54,54,117.65,62.25,90.15,274.93,62.16,90.59,274.57
synth,1,286,decode,53,53,120.7,95.43,89.32,310.0,95.34,89.26,309.95
synth,1,287,decode,53,53,122.79,71.41,91.65,292.96,71.31,92.01,285.05
synth,1,288,decode,53,53,117.16,61.34,87.73,271.02,61.08,87.89,270.72
synth,1,289,decode,52,52,112.9,88.89,85.13,291.26,89.07,85.14,291.37
synth,1,290,decode,51,51,118.19,87.78,90.23,301.91,87.83,90.26,301.3
synth,1,291,decode,51,51,115.71,59.38,82.68,262.33,59.22,82.87,262.26
synth,1,292,decode,51,51,134.61,73.62,85.29,298.87,73.58,85.32,286.08
synth,1,293,decode,51,51,117.74,66.88,82.43,272.11,66.7,82.57,271.87
synth,1,294,decode,51,51,111.81,59.99,82.63,259.0,59.91,82.77,258.65
synth,1,295,decode,50,50,115.0,92.35,88.5,300.51,92.4,88.48,300.3
synth,1,296,decode,50,50,115.6,57.5,84.95,262.36,57.41,85.11,262.37
synth,1,297,decode,50,50,116.11,57.89,84.32,262.63,57.86,84.51,262.36
synth,1,298,decode,49,49,110.24,85.94,85.37,286.15,86.03,85.4,285.96
synth,1,299,decode,48,48,111.88,84.35,83.19,283.66,84.06,83.33,283.56
synth,1,300,decode,48,48,109.38,56.66,81.44,252.49,56.69,81.8,252.51
synth,1,301,decode,48,48,108.21,63.84,79.08,255.67,63.83,79.27,255.51
synth,1,302,decode,48,48,112.19,64.18,79.38,260.81,63.96,79.58,260.88
synth,1,303,decode,48,48,110.99,57.05,83.89,256.9,56.99,84.23,256.78
synth,1,304,decode,48,48,110.3,56.18,81.95,252.61,56.09,82.17,252.7
synth,1,305,decode,48,48,112.01,62.65,81.95,260.64,62.58,82.2,260.61
synth,1,306,decode,48,48,114.04,62.19,85.41,266.54,62.13,85.61,266.4
synth,1,307,decode,47,47,111.35,82.62,86.54,284.9,82.69,86.54,284.69
synth,1,308,decode,47,47,119.2,56.06,84.42,264.39,56.0,84.54,264.24
synth,1,309,decode,47,47,111.77,55.25,80.8,251.83,55.26,80.91,251.88
synth,1,310,decode,47,47,112.28,55.85,84.13,256.74,55.7,84.23,256.65
synth,1,311,decode,47,47,110.52,55.79,82.28,253.09,55.7,82.43,252.98
synth,1,312,decode,47,47,106.93,55.47,77.61,244.08,55.31,77.75,243.92
synth,1,313,decode,47,47,109.24,54.33,79.82,247.14,54.23,80.05,247.09
synth,1,314,decode,47,47,108.9,54.96,82.52,250.88,54.88,82.52,250.63
synth,1,315,decode,47,47,106.62,55.54,77.83,243.79,55.48,78.09,243.89
synth,1,316,decode,47,47,109.56,54.65,79.41,247.52,54.63,79.68,247.64
synth,1,317,decode,47,47,112.52,63.21,80.62,261.67,63.14,80.7,261.52
synth,1,318,decode,47,47,111.38,55.65,80.41,251.88,55.62,80.69,251.95
synth,1,319,decode,47,47,128.82,63.33,87.14,284.24,63.18,87.14,275.72
synth,1,320,decode,46,46,110.16,83.37,86.53,284.52,83.36,86.57,284.33
synth,1,321,decode,46,46,108.26,54.19,77.73,244.23,54.07,77.89,244.13
synth,1,322,decode,46,46,112.17,59.33,79.85,255.57,59.23,79.87,255.24
synth,1,323,decode,46,46,108.25,50.94,80.12,245.32,50.8,80.25,244.81
synth,1,324,decode,46,46,108.84,60.34,79.07,252.26,60.29,79.28,252.1
synth,1,325,decode,46,46,109.64,59.81,83.24,257.53,59.82,83.27,257.15
synth,1,326,decode,45,45,110.48,87.16,85.75,287.66,87.21,85.84,287.53
synth,1,327,decode,45,45,107.38,50.21,80.51,243.69,50.18,80.53,243.44
synth,1,328,decode,45,45,110.62,60.24,78.75,253.98,60.14,78.88,253.64
synth,1,329,decode,45,45,110.18,53.8,80.24,248.44,53.74,80.38,248.31
synth,1,330,decode,45,45,105.88,51.33,80.03,242.46,51.04,80.24,242.18
synth,1,331,decode,45,45,109.33,53.82,80.29,247.85,53.71,80.52,247.58
synth,1,332,decode,45,45,109.53,52.71,79.7,245.8,52.66,80.05,246.03
synth,1,333,decode,44,44,107.65,80.06,83.01,274.71,80.06,83.1,274.68
synth,1,334,decode,44,44,108.76,53.56,80.31,247.32,53.29,80.45,247.01
synth,1,335,decode,43,43,107.73,77.28,83.55,272.5,77.21,83.68,272.55
synth,1,336,decode,43,43,106.11,48.37,78.54,237.9,48.32,81.19,240.46
synth,1,337,decode,43,43,109.03,60.0,78.73,252.1,60.0,78.88,251.96
synth,1,338,decode,43,43,105.76,58.07,77.83,246.19,58.03,78.01,246.2
synth,1,339,decode,42,42,105.35,77.63,104.33,291.64,77.68,94.17,281.37
synth,1,340,decode,42,42,104.86,58.69,76.43,245.16,58.56,76.65,244.92
synth,1,341,decode,42,42,106.21,49.2,78.98,239.04,49.0,79.2,238.99
synth,1,342,decode,42,42,103.35,51.02,79.42,237.57,51.03,79.5,237.56
synth,1,343,decode,42,42,102.29,48.17,80.72,236.4,47.91,80.92,236.07
synth,1,344,decode,42,42,106.26,58.23,75.63,244.61,58.13,75.81,244.41
synth,1,345,decode,42,42,105.35,51.28,78.77,239.69,51.17,78.91,239.66
synth,1,346,decode,41,41,103.45,87.24,83.42,278.12,87.3,83.46,277.88
synth,1,347,decode,41,41,106.28,55.94,78.55,244.63,55.97,78.66,244.63
synth,1,348,decode,41,41,103.21,50.14,77.1,234.58,50.08,77.26,234.52
synth,1,349,decode,41,41,105.51,47.8,80.6,239.2,47.71,80.67,238.82
synth,1,350,decode,40,40,101.69,84.28,79.58,269.15,84.33,79.91,269.36
synth,1,351,decode,40,40,103.53,48.99,75.89,232.85,49.02,76.04,232.86
synth,1,352,decode,39,39,103.43,84.38,83.55,275.6,84.43,83.55,275.39
synth,1,353,decode,38,38,104.38,87.37,78.0,274.89,87.28,78.2,274.65
synth,1,354,decode,38,38,104.43,46.76,76.46,231.68,46.7,76.78,231.84
synth,1,355,decode,37,37,105.6,79.1,79.1,268.17,79.17,79.14,267.98
synth,1,356,decode,37,37,102.4,44.03,78.0,229.72,43.72,78.24,229.51
synth,1,357,decode,37,37,105.34,46.58,74.56,230.64,46.44,74.88,230.83
synth,1,358,decode,36,36,102.01,70.64,82.35,258.93,70.63,82.37,258.71
synth,1,359,decode,36,36,101.58,45.83,75.02,226.13,45.73,75.17,226.22
synth,1,360,decode,36,36,104.75,45.46,74.79,228.81,45.34,74.92,228.64
synth,1,361,decode,36,36,98.55,43.66,74.21,220.43,43.69,74.42,220.53
synth,1,362,decode,36,36,104.12,42.94,80.02,231.78,42.84,80.24,231.24
synth,1,363,decode,36,36,99.27,45.77,74.42,223.95,45.71,74.52,223.97
synth,1,364,decode,36,36,104.41,46.08,75.15,229.51,46.0,75.35,229.14
synth,1,365,decode,36,36,105.63,45.51,84.38,239.72,45.43,84.54,239.54
synth,1,366,decode,35,35,102.72,77.03,80.34,263.79,77.05,80.52,263.8
synth,1,367,decode,35,35,102.95,41.07,77.39,225.45,40.95,77.7,225.49
synth,1,368,decode,35,35,119.16,45.32,79.91,247.95,45.0,80.12,241.97
synth,1,369,decode,35,35,105.52,47.94,77.18,235.68,47.83,77.31,235.51
synth,1,370,decode,35,35,103.49,45.26,75.63,228.21,45.22,75.79,228.04
synth,1,371,decode,35,35,105.45,45.51,78.92,233.98,45.46,79.43,234.28
synth,1,372,decode,35,35,102.99,44.76,84.81,237.41,44.62,84.99,236.96
synth,1,373,decode,35,35,102.35,45.81,84.36,236.48,46.02,84.24,236.36
synth,1,374,decode,35,35,104.76,44.43,85.38,238.16,44.44,85.38,237.87
synth,1,375,decode,35,35,107.12,46.22,82.52,241.04,46.34,82.48,240.53
synth,1,376,decode,35,35,106.5,41.01,80.27,231.87,40.89,80.5,231.86
synth,1,377,decode,34,34,108.42,71.52,82.94,267.02,71.65,82.88,266.66
synth,1,378,decode,34,34,107.69,64.97,90.58,267.45,57.99,90.75,260.17
synth,1,379,decode,33,33,107.28,73.84,84.72,270.13,73.66,84.97,270.14
synth,1,380,decode,33,33,110.17,46.61,91.4,252.59,46.54,91.79,252.38
synth,1,381,decode,33,33,102.77,45.14,83.89,235.74,45.04,84.03,235.75
synth,1,382,decode,33,33,107.38,41.64,91.88,245.7,41.19,92.2,245.36
synth,1,383,decode,33,33,108.08,46.42,86.12,244.71,46.23,86.39,244.6
synth,1,384,decode,33,33,107.46,43.55,92.24,247.71,43.3,92.53,247.0
synth,1,385,decode,33,33,107.36,41.26,87.84,242.22,40.98,88.05,241.93
synth,1,386,decode,32,32,105.64,69.52,84.58,263.88,69.55,84.66,263.4
synth,1,387,decode,31,31,110.73,60.84,85.06,261.79,60.6,85.28,261.84
synth,1,388,decode,31,31,106.07,43.36,80.94,234.62,43.25,81.4,234.49
synth,1,389,decode,31,31,108.85,40.14,89.57,243.04,40.09,89.82,243.08
synth,1,390,decode,31,31,106.42,42.3,89.0,241.85,42.4,89.0,241.83
synth,1,391,decode,31,31,105.75,42.66,91.42,243.79,42.28,91.83,243.68
synth,1,392,decode,30,30,111.11,59.09,97.15,272.21,59.16,97.15,272.0
synth,1,393,decode,30,30,105.72,42.64,84.52,237.67,42.55,84.71,237.05
synth,1,394,decode,30,30,111.78,40.49,98.47,255.6,40.35,98.64,255.46
synth,1,395,decode,28,28,110.4,81.24,131.98,327.47,81.18,123.48,318.86
synth,1,396,decode,28,28,109.23,37.78,85.49,238.04,37.66,85.96,237.64
synth,1,397,decode,28,28,101.19,38.07,86.72,230.82,37.61,87.39,230.54
synth,1,398,decode,28,28,99.14,36.6,78.55,218.34,36.57,78.73,218.04
synth,1,399,decode,27,27,125.52,63.08,95.79,288.39,62.58,95.93,279.71
synth,1,400,decode,27,27,99.53,35.53,79.62,219.61,35.5,79.76,218.9
synth,1,401,decode,26,26,98.8,64.74,93.86,261.14,64.62,93.81,260.89
synth,1,402,decode,26,26,102.65,34.0,75.39,216.1,33.47,75.68,216.16
synth,1,403,decode,26,26,103.52,35.24,94.79,237.5,34.6,94.96,237.41
synth,1,404,decode,26,26,97.46,35.45,77.7,214.44,35.54,77.7,214.27
synth,1,405,decode,26,26,111.74,34.37,91.15,241.52,33.9,91.48,241.02
synth,1,406,decode,26,26,95.74,33.55,76.53,209.91,33.48,76.68,209.68
synth,1,407,decode,25,25,123.82,66.16,98.16,293.1,65.83,98.1,285.5
synth,1,408,decode,25,25,105.2,34.28,77.79,221.29,34.05,78.27,221.45
synth,1,409,decode,25,25,93.74,32.0,83.74,213.65,31.82,84.01,212.95
synth,1,410,decode,23,23,92.53,55.28,79.88,231.08,55.48,79.77,231.0
synth,1,411,decode,23,23,94.9,29.22,80.39,208.49,29.12,80.55,208.0
synth,1,412,decode,23,23,93.6,32.68,81.7,212.56,32.3,81.94,211.95
synth,1,413,decode,22,22,97.79,56.06,74.79,233.02,55.83,74.78,232.32
synth,1,414,decode,22,22,92.11,30.16,67.78,194.06,29.59,68.22,194.01
synth,1,415,decode,22,22,96.31,30.29,75.24,206.46,30.19,75.41,205.76
synth,1,416,decode,22,22,115.86,31.16,77.63,229.05,30.96,77.77,228.77
synth,1,417,decode,22,22,93.01,29.54,71.21,198.79,29.35,71.81,198.12
synth,1,418,decode,22,22,92.17,29.32,71.41,196.68,29.29,71.54,196.6
synth,1,419,decode,21,21,98.81,55.29,78.67,236.89,55.56,79.04,237.13
synth,1,420,decode,20,20,89.59,53.22,72.4,220.19,53.16,72.57,219.79
synth,1,421,decode,20,20,94.53,27.97,76.22,203.16,27.65,76.51,202.98
synth,1,422,decode,19,19,88.11,42.11,73.14,207.23,42.31,73.11,206.92
synth,1,423,decode,19,19,91.98,27.45,70.36,193.18,27.21,70.8,193.2
synth,1,424,decode,19,19,87.28,26.18,67.57,184.15,26.09,67.87,184.16
synth,1,425,decode,19,19,91.14,26.14,72.38,192.77,26.12,72.53,192.53
synth,1,426,decode,19,19,89.19,40.8,102.53,236.22,33.75,102.72,229.23
synth,1,427,decode,19,19,88.75,25.59,67.41,185.15,25.5,67.82,185.1
synth,1,428,decode,18,18,85.13,38.91,65.79,192.95,38.75,65.91,192.74
synth,1,429,decode,17,17,87.03,38.88,67.22,196.02,39.08,67.15,196.09
synth,1,430,decode,17,17,86.39,23.01,66.01,178.63,22.86,66.26,178.66
synth,1,431,decode,17,17,84.46,22.79,65.76,176.27,22.77,65.89,176.27
synth,1,432,decode,16,16,87.3,35.83,77.18,204.74,35.89,77.21,204.46
synth,1,433,decode,15,15,83.67,34.8,66.35,188.78,34.7,66.49,188.35
synth,1,434,decode,15,15,83.61,20.28,64.07,171.01,20.22,64.21,171.03
synth,1,435,decode,15,15,84.04,20.89,63.2,171.05,20.69,63.42,171.12
synth,1,436,decode,15,15,82.17,21.18,68.5,175.08,21.1,68.73,174.87
synth,1,437,decode,15,15,80.77,20.14,64.86,168.99,20.04,65.07,168.8
synth,1,438,decode,15,15,113.89,29.17,71.29,218.33,28.34,71.34,210.8
synth,1,439,decode,15,15,83.13,20.99,64.63,172.35,20.88,64.87,172.27
synth,1,440,decode,15,15,84.23,21.25,63.33,171.64,21.17,63.53,171.7
synth,1,441,decode,15,15,81.95,20.8,64.66,170.65,20.72,64.79,170.57
synth,1,442,decode,15,15,81.18,20.58,62.56,167.23,20.51,62.74,167.3
synth,1,443,decode,15,15,80.43,20.3,60.71,164.42,20.19,60.94,164.57
synth,1,444,decode,14,14,81.82,33.54,62.26,180.51,33.57,62.34,180.55
synth,1,445,decode,14,14,84.48,20.09,64.83,173.55,19.99,65.01,173.16
synth,1,446,decode,14,14,80.6,19.86,60.87,164.18,19.74,61.01,164.34
synth,1,447,decode,14,14,80.74,19.25,59.79,162.7,19.21,59.97,162.82
synth,1,448,decode,14,14,80.11,19.26,59.57,161.79,19.17,59.76,161.81
synth,1,449,decode,13,13,80.17,32.4,60.47,176.18,32.45,60.54,176.24
synth,1,450,decode,13,13,80.24,18.56,57.72,159.11,18.46,57.9,159.17
synth,1,451,decode,12,12,78.16,31.3,59.01,171.68,31.23,59.12,171.55
synth,1,452,decode,11,11,83.05,31.26,67.26,184.65,31.16,67.52,184.63
synth,1,453,decode,10,10,80.48,29.22,63.1,175.78,29.11,63.32,175.84
synth,1,454,decode,10,10,79.51,16.03,57.53,156.14,15.92,57.67,156.14
synth,1,455,decode,9,9,76.2,36.64,60.64,176.17,36.66,60.71,176.24
synth,1,456,decode,9,9,77.42,15.03,55.89,151.07,14.91,56.1,151.16
synth,1,457,decode,9,9,78.16,14.96,56.22,151.9,14.92,56.43,152.1
synth,1,458,decode,9,9,78.24,14.55,56.55,152.34,14.45,56.68,152.41
synth,1,459,decode,9,9,77.84,15.34,61.02,157.41,15.25,61.21,157.42
synth,1,460,decode,9,9,83.73,15.73,62.66,165.9,15.48,62.97,165.67
synth,1,461,decode,9,9,77.12,14.85,56.82,151.57,14.73,57.02,151.49
synth,1,462,decode,9,9,77.76,15.14,59.32,154.88,15.07,59.56,154.93
synth,1,463,decode,9,9,76.61,14.91,56.43,150.52,14.69,56.67,150.57
synth,1,464,decode,8,8,77.83,36.04,61.41,178.25,35.96,61.58,178.28
synth,1,465,decode,7,7,76.82,34.71,59.92,174.34,34.59,60.08,174.43
synth,1,466,decode,7,7,77.89,13.34,55.39,149.56,13.26,55.56,149.65
synth,1,467,decode,6,6,74.75,31.49,58.86,167.91,31.48,59.01,167.9
synth,1,468,decode,6,6,75.78,12.14,54.98,145.59,11.99,55.27,145.76
synth,1,469,decode,6,6,116.17,15.85,61.73,197.15,15.41,61.81,187.88
synth,1,470,decode,6,6,76.2,12.32,56.19,147.63,12.13,56.39,147.63
synth,1,471,decode,5,5,74.21,22.88,60.12,160.17,22.81,60.32,160.26
synth,1,472,decode,5,5,74.94,11.06,54.33,142.97,11.01,54.48,143.02
synth,1,473,decode,5,5,72.65,11.13,54.44,140.74,11.11,54.63,140.87
synth,1,474,decode,4,4,75.53,21.64,59.98,159.76,21.58,60.15,159.87
synth,1,475,decode,4,4,73.15,10.24,55.98,142.22,10.21,56.18,141.86
synth,1,476,decode,4,4,72.55,10.01,54.47,139.64,9.86,54.63,139.62
synth,1,477,decode,4,4,72.74,9.99,57.52,142.73,9.92,56.0,141.15
synth,1,478,decode,4,4,73.25,10.07,54.5,140.23,10.02,54.73,140.38
synth,1,479,decode,4,4,72.96,9.96,53.6,138.97,9.9,53.81,139.11
synth,1,480,decode,3,3,73.36,20.86,72.91,169.75,20.86,64.46,161.18
synth,1,481,decode,3,3,84.75,9.31,58.69,155.52,9.25,59.16,155.8
synth,1,482,decode,2,2,72.81,20.36,56.41,152.38,20.46,56.48,152.47
synth,1,483,decode,2,2,72.65,7.99,54.56,137.7,7.9,54.77,137.83
synth,1,484,decode,2,2,72.23,8.13,52.94,135.91,8.04,53.07,135.96
synth,1,485,decode,2,2,76.49,8.06,53.65,140.66,7.94,53.88,140.83
synth,1,486,decode,2,2,73.32,8.06,56.01,140.3,8.03,56.13,140.03
synth,1,487,decode,2,2,71.28,7.99,54.26,136.09,7.9,54.46,136.19
synth,1,488,decode,2,2,71.78,8.05,53.49,135.85,7.98,53.69,135.93
synth,1,489,decode,2,2,76.67,8.17,54.23,141.68,8.07,54.4,141.77
synth,1,490,decode,2,2,71.89,7.78,52.62,134.88,7.66,52.85,134.93
synth,1,491,decode,2,2,72.95,7.83,53.31,136.48,7.94,53.36,136.56
synth,1,492,decode,2,2,71.81,7.81,52.8,134.86,7.66,53.02,134.94
synth,1,493,decode,1,1,71.2,18.76,57.8,150.14,18.7,57.89,150.2
synth,1,494,decode,1,1,71.74,7.02,52.94,134.22,6.94,53.12,134.3
synth,1,495,decode,1,1,74.27,7.21,58.02,142.51,7.11,58.14,142.27
synth,2,0,prefill,1,4096,692.72,158.28,213.53,1072.49,156.7,213.61,1069.66
synth,2,1,decode,1,1,100.35,17.35,80.2,204.23,17.2,83.38,206.91
synth,2,2,decode,1,1,85.78,8.66,62.66,160.5,8.43,62.83,160.61
synth,2,3,decode,1,1,83.36,8.9,65.91,162.21,8.81,66.2,161.77
synth,2,4,mixed,2,4097,524.44,139.58,152.38,821.12,138.57,152.31,821.4
synth,2,5,decode,2,2,91.87,18.14,79.01,195.24,17.83,79.18,194.79
synth,2,6,mixed,3,4098,469.12,141.21,151.89,767.32,139.66,152.14,767.61
synth,2,7,mixed,4,2051,472.02,145.82,125.28,751.08,144.27,125.35,750.71
synth,2,8,decode,4,4,91.8,19.06,75.71,192.25,19.22,75.61,192.02
synth,2,9,decode,4,4,82.54,11.49,60.63,157.88,11.26,60.87,157.89
synth,2,10,mixed,5,2052,464.84,144.56,124.26,738.8,143.15,124.22,738.79
synth,2,11,mixed,6,2053,465.5,148.2,125.9,746.51,146.44,126.1,746.5
synth,2,12,decode,6,6,95.76,22.58,80.9,206.11,22.54,81.15,205.77
synth,2,13,decode,6,6,84.69,14.31,63.21,166.19,13.99,63.39,166.28
synth,2,14,decode,6,6,80.49,13.32,59.35,156.67,13.07,59.82,156.69
synth,2,15,decode,6,6,79.34,12.56,60.02,155.24,12.48,60.26,155.2
synth,2,16,mixed,7,4102,481.28,145.75,152.72,784.08,144.65,152.77,784.43
synth,2,17,decode,7,7,97.32,24.23,83.98,211.92,24.1,84.21,211.39
synth,2,18,mixed,8,4103,468.28,146.05,154.31,773.98,144.27,154.86,774.67
synth,2,19,decode,8,8,99.58,24.06,78.55,208.48,23.99,78.66,207.82
synth,2,20,mixed,9,2056,511.54,147.28,136.44,801.05,145.55,136.64,793.95
synth,2,21,decode,9,9,97.29,24.82,78.25,206.92,24.7,78.35,206.44
synth,2,22,decode,9,9,87.56,16.92,63.29,171.47,16.77,63.52,171.57
synth,2,23,mixed,10,2057,478.81,146.88,163.81,794.12,145.67,153.08,783.73
synth,2,24,decode,10,10,98.49,26.77,79.56,211.51,26.6,79.83,210.97
synth,2,25,decode,10,10,89.21,18.7,64.44,176.85,18.43,64.67,176.71
synth,2,26,decode,10,10,87.97,17.57,62.9,172.62,17.32,63.08,172.07
synth,2,27,decode,10,10,82.5,16.63,61.92,164.54,16.55,62.13,164.33
synth,2,28,decode,10,10,82.23,18.36,62.56,166.51,17.43,62.74,166.56
synth,2,29,decode,10,10,88.75,18.26,76.9,188.42,18.31,76.92,187.82
synth,2,30,mixed,11,4106,497.71,155.0,163.75,821.79,153.46,163.98,822.41
synth,2,31,decode,11,11,101.24,28.78,95.47,233.52,28.61,95.7,232.31
synth,2,32,decode,11,11,127.6,26.92,80.94,240.68,26.28,81.06,226.85
synth,2,33,mixed,12,2059,480.43,153.47,134.28,774.22,151.86,134.45,774.34
synth,2,34,mixed,13,4108,476.94,155.8,166.43,807.71,154.59,166.41,806.82
synth,2,35,decode,13,13,98.52,31.56,98.89,237.49,31.17,98.96,235.54
synth,2,36,decode,13,13,91.49,20.22,71.9,187.38,20.07,72.11,187.48
synth,2,37,decode,13,13,90.58,22.38,75.11,191.75,22.36,75.88,192.33
synth,2,38,decode,13,13,88.43,20.23,79.72,191.63,20.09,80.0,191.46
synth,2,39,mixed,14,2061,511.61,155.28,151.31,825.79,154.02,151.66,825.96
synth,2,40,decode,14,14,103.08,32.65,101.14,244.27,32.48,101.24,243.1
synth,2,41,decode,14,14,90.05,20.91,68.59,183.48,20.77,68.81,183.54
synth,2,42,mixed,15,2062,528.78,155.12,137.38,827.07,153.2,137.51,815.55
synth,2,43,mixed,16,4111,492.56,161.76,164.91,828.03,160.19,165.23,827.21
synth,2,44,decode,16,16,107.02,33.88,93.91,243.17,33.74,94.17,241.78
synth,2,45,decode,16,16,93.79,23.53,71.85,193.14,23.37,72.08,192.83
synth,2,46,decode,16,16,94.1,24.59,72.19,194.45,24.14,72.39,194.27
synth,2,47,decode,16,16,87.92,22.76,84.15,198.8,22.68,84.39,198.63
synth,2,48,decode,16,16,89.28,23.42,95.42,211.94,23.06,82.59,198.37
synth,2,49,decode,16,16,92.79,22.73,79.81,200.53,22.45,80.24,199.85
synth,2,50,decode,16,16,87.57,22.68,72.25,185.69,22.85,72.0,185.66
synth,2,51,mixed,17,2064,506.11,157.79,140.64,810.92,156.08,140.79,810.71
synth,2,52,decode,17,17,111.02,36.45,94.62,250.0,36.03,94.97,248.67
synth,2,53,decode,17,17,90.14,24.34,68.65,187.78,24.24,68.91,187.48
synth,2,54,decode,17,17,90.89,24.33,72.29,191.93,24.24,72.56,191.36
synth,2,55,decode,17,17,94.4,23.88,75.97,198.28,23.73,76.28,198.15
synth,2,56,decode,17,17,91.09,23.82,70.49,189.05,23.76,70.65,188.64
synth,2,57,decode,17,17,102.36,24.55,75.16,206.68,24.23,75.38,205.79
synth,2,58,decode,17,17,96.98,24.97,74.46,200.05,24.99,74.52,200.09
synth,2,59,decode,17,17,89.4,24.12,72.03,188.86,24.07,72.24,188.55
synth,2,60,decode,17,17,86.19,23.37,72.5,185.15,23.01,72.7,185.22
synth,2,61,decode,17,17,85.61,23.39,73.86,186.52,23.61,73.75,186.09
synth,2,62,decode,17,17,87.41,22.97,72.97,186.62,22.87,73.16,186.64
synth,2,63,decode,17,17,91.22,24.19,80.43,200.31,24.07,81.16,199.9
synth,2,64,mixed,18,4113,542.01,161.06,167.52,876.0,159.38,167.67,876.51
synth,2,65,decode,18,18,105.36,36.05,88.59,237.03,35.67,88.77,236.46
synth,2,66,decode,18,18,92.33,25.06,73.08,195.55,24.96,73.26,195.22
synth,2,67,decode,18,18,90.16,25.44,69.59,188.88,25.41,69.92,188.85
synth,2,68,decode,18,18,87.93,24.55,70.34,186.81,24.51,70.52,186.11
synth,2,69,decode,18,18,86.82,24.81,71.76,186.61,24.71,71.93,186.64
synth,2,70,mixed,19,4114,515.99,210.89,167.46,900.03,196.63,166.88,886.56
synth,2,71,decode,19,19,103.49,39.75,99.08,249.98,39.59,99.27,248.69
synth,2,72,decode,19,19,102.04,27.98,73.46,207.74,27.83,73.69,207.7
synth,2,73,decode,19,19,90.59,27.74,68.6,190.56,27.6,69.05,190.88
synth,2,74,decode,19,19,92.28,28.41,89.16,214.49,28.02,89.45,214.08
synth,2,75,decode,19,19,89.84,27.38,72.41,193.15,27.31,72.92,193.4
synth,2,76,decode,19,19,87.18,26.81,66.65,183.9,26.7,66.88,184.04
synth,2,77,mixed,20,2067,511.94,163.25,130.45,811.34,161.62,130.62,811.18
synth,2,78,decode,20,20,103.16,38.59,84.49,234.1,38.48,84.91,233.62
synth,2,79,mixed,21,2068,485.0,158.2,129.55,778.73,156.51,129.67,779.11
synth,2,80,decode,21,21,101.58,39.33,91.68,239.3,39.16,91.73,238.58
synth,2,81,decode,21,21,91.34,29.1,67.79,192.47,28.98,67.95,192.07
synth,2,82,decode,21,21,87.27,28.63,62.37,181.56,28.61,62.77,181.86
synth,2,83,mixed,22,4117,464.74,159.41,155.95,785.56,157.87,156.01,785.76
synth,2,84,decode,22,22,106.16,39.31,85.13,238.08,39.09,85.29,237.4
synth,2,85,decode,22,22,90.86,28.9,64.74,188.35,28.85,64.87,188.05
synth,2,86,decode,22,22,87.56,28.56,63.75,183.39,28.47,63.91,183.05
synth,2,87,decode,22,22,89.21,29.37,67.44,190.29,29.24,67.65,189.88
synth,2,88,decode,22,22,86.99,28.98,62.25,181.54,28.91,62.52,181.69
synth,2,89,decode,22,22,85.94,29.41,64.41,182.84,29.32,64.62,182.82
synth,2,90,mixed,23,4118,458.45,171.71,160.5,796.14,170.47,160.64,796.72
synth,2,91,decode,23,23,102.81,41.58,87.49,239.36,41.5,87.64,238.68
synth,2,92,decode,23,23,92.18,30.12,65.73,191.88,30.02,65.93,191.9
synth,2,93,decode,23,23,91.55,30.73,63.86,189.22,30.67,64.09,189.22
synth,2,94,mixed,24,2071,512.98,163.22,128.92,810.66,161.41,129.05,803.09
synth,2,95,decode,24,24,100.82,40.9,80.81,229.2,40.79,80.99,228.55
synth,2,96,mixed,25,2072,458.55,163.22,145.06,772.66,161.53,132.96,760.65
synth,2,97,mixed,26,2073,461.56,167.27,129.31,765.86,165.48,129.48,765.63
synth,2,98,decode,26,26,102.75,43.74,85.25,239.62,43.63,85.43,238.93
synth,2,99,mixed,27,2074,474.95,166.66,129.09,776.6,164.69,129.01,776.54
synth,2,100,decode,27,27,109.95,44.91,90.91,252.92,44.7,91.09,252.17
synth,2,101,decode,27,27,92.48,34.46,66.95,197.91,34.19,67.22,197.47
synth,2,102,mixed,28,2075,478.31,167.9,127.14,778.79,166.24,127.17,778.99
synth,2,103,decode,28,28,117.75,49.51,103.3,278.4,49.26,103.54,277.21
synth,2,104,decode,28,28,98.26,36.5,76.06,214.95,36.36,76.57,215.2
synth,2,105,decode,28,28,103.55,37.81,89.31,234.91,37.67,89.56,234.34
synth,2,106,decode,28,28,103.16,35.79,76.31,220.05,35.45,76.74,219.77
synth,2,107,decode,28,28,102.49,36.14,79.6,222.56,36.08,79.8,222.16
synth,2,108,decode,28,28,92.97,35.75,71.72,204.2,35.64,71.96,203.98
synth,2,109,decode,28,28,96.6,35.43,75.69,212.12,35.32,75.65,211.28
synth,2,110,mixed,29,2076,542.74,170.65,144.6,864.06,168.94,144.6,863.97
synth,2,111,decode,29,29,117.63,50.7,109.07,285.11,50.72,109.31,284.0
synth,2,112,decode,29,29,107.85,38.78,87.1,238.66,38.34,87.27,238.36
synth,2,113,decode,29,29,98.72,36.6,77.28,217.36,36.24,77.78,216.55
synth,2,114,decode,29,29,98.61,35.47,79.96,217.86,35.4,80.48,217.9
synth,2,115,decode,29,29,96.63,36.85,77.84,214.68,36.76,77.99,214.48
synth,2,116,decode,29,29,97.69,36.16,78.26,216.66,36.03,78.53,215.76
synth,2,117,decode,29,29,95.45,37.01,77.22,214.07,36.91,77.91,214.03
synth,2,118,decode,29,29,93.62,36.2,78.85,212.5,35.82,79.22,212.42
synth,2,119,decode,29,29,96.64,37.66,79.35,218.05,37.62,79.49,217.63
synth,2,120,decode,29,29,100.33,37.48,82.5,226.2,37.36,82.63,224.58
synth,2,121,mixed,30,2077,633.02,185.07,154.95,980.3,183.41,154.91,980.23
synth,2,122,decode,30,30,120.44,53.5,109.18,291.57,53.43,109.32,290.35
synth,2,123,mixed,31,2078,570.11,176.2,140.26,892.91,174.57,140.45,893.32
synth,2,124,decode,31,31,117.05,50.7,98.54,274.22,50.6,98.56,273.3
synth,2,125,decode,31,31,103.49,40.42,77.26,225.89,40.33,77.5,225.49
synth,2,126,decode,31,31,103.9,39.79,82.52,230.43,39.78,82.34,230.1
synth,2,127,decode,31,31,103.49,42.3,85.35,235.7,42.12,85.78,235.73
synth,2,128,decode,31,31,97.27,37.38,81.47,220.54,37.32,81.66,219.56
synth,2,129,decode,31,31,102.03,46.37,82.26,234.63,46.22,82.2,234.19
synth,2,130,mixed,32,2079,576.91,238.56,143.37,965.18,228.84,143.48,957.15
synth,2,131,mixed,33,2080,495.31,178.67,140.54,823.35,177.08,140.9,823.28
synth,2,132,decode,33,33,117.01,54.13,103.62,283.28,54.01,103.74,282.33
synth,2,133,decode,33,33,99.51,45.6,70.54,219.56,45.59,70.7,219.43
synth,2,134,decode,33,33,101.95,40.79,79.56,226.74,40.57,79.78,226.46
synth,2,135,decode,33,33,101.6,48.44,83.98,238.8,48.43,84.38,238.15
synth,2,136,mixed,34,2081,527.78,175.47,134.07,843.11,173.6,134.12,843.16
synth,2,137,decode,34,34,108.25,50.73,89.47,256.0,50.6,89.6,255.17
synth,2,138,decode,34,34,99.64,42.42,74.46,221.07,42.36,74.62,220.75
synth,2,139,mixed,36,4130,865.1,346.3,161.91,1378.85,337.99,161.47,1371.53
synth,2,140,decode,36,36,112.18,58.39,128.92,307.99,58.36,117.58,295.98
synth,2,141,decode,36,36,101.97,43.64,75.99,226.19,43.56,76.14,226.04
synth,2,142,decode,36,36,96.08,42.53,68.84,211.03,42.4,68.92,211.01
synth,2,143,mixed,37,4132,494.79,174.74,203.37,878.12,173.83,186.87,861.8
synth,2,144,decode,37,37,114.04,55.06,88.47,264.65,54.96,88.62,264.03
synth,2,145,mixed,38,4133,481.77,241.68,157.59,886.89,233.34,157.09,879.3
synth,2,146,decode,38,38,108.83,54.3,88.48,259.3,54.05,88.67,258.48
synth,2,147,decode,38,38,99.16,50.66,70.35,224.31,50.58,70.48,224.11
synth,2,148,decode,38,38,97.77,45.18,77.6,225.32,45.46,77.41,224.94
synth,2,149,decode,38,38,96.74,49.5,73.96,224.05,49.47,74.1,224.06
synth,2,150,decode,38,38,98.58,44.44,70.52,217.56,44.32,70.73,217.23
synth,2,151,mixed,39,4134,531.96,178.54,159.27,876.11,176.94,159.5,875.83
synth,2,152,decode,39,39,110.66,58.87,87.26,263.83,58.68,87.34,263.45
synth,2,153,decode,39,39,101.91,47.25,79.12,233.3,47.15,79.3,232.8
synth,2,154,mixed,41,6183,862.57,298.16,197.3,1364.52,296.55,197.73,1364.91
synth,2,155,decode,41,41,119.47,62.55,98.38,289.69,62.17,98.68,288.96
synth,2,156,decode,41,41,107.29,50.69,84.05,247.95,50.27,84.22,247.52
synth,2,157,mixed,42,4137,555.33,183.87,160.9,906.11,182.51,161.02,906.27
synth,2,158,decode,42,42,115.96,60.51,94.71,278.78,60.37,94.91,278.2
synth,2,159,decode,42,42,106.31,54.23,75.31,240.65,54.29,75.41,240.37
synth,2,160,decode,42,42,106.83,49.09,75.6,235.81,48.87,75.82,235.66
synth,2,161,decode,42,42,106.54,50.18,84.13,246.43,49.86,84.33,245.34
synth,2,162,decode,42,42,100.29,55.02,70.67,230.82,55.07,70.73,230.42
synth,2,163,mixed,43,2090,605.88,266.87,143.59,1022.95,227.65,143.36,985.07
synth,2,164,mixed,44,2091,583.33,192.74,153.24,938.94,191.38,152.97,938.35
synth,2,165,decode,44,44,128.21,64.14,111.89,312.88,64.03,112.07,311.77
synth,2,166,mixed,45,4140,625.28,194.38,177.22,1006.27,196.65,177.2,999.45
synth,2,167,decode,45,45,119.88,63.42,100.1,291.86,62.79,100.64,291.51
synth,2,168,decode,45,45,114.68,59.42,85.21,265.06,59.26,85.4,264.63
synth,2,169,decode,45,45,119.23,51.28,85.14,260.93,51.05,85.56,260.51
synth,2,170,decode,45,45,110.07,53.0,81.57,248.74,53.12,81.5,248.62
synth,2,171,decode,45,45,110.8,59.2,85.36,260.53,59.2,85.39,259.62
synth,2,172,mixed,46,4141,592.31,190.74,182.2,972.03,189.41,182.34,971.87
synth,2,173,mixed,47,4142,525.95,187.62,175.53,898.97,186.51,175.51,898.12
synth,2,174,decode,47,47,118.24,64.54,114.72,305.45,64.44,115.22,305.11
synth,2,175,decode,47,47,114.22,54.87,79.41,253.84,54.64,79.49,253.35
synth,2,176,mixed,48,2095,566.37,186.96,140.81,900.6,189.02,140.69,896.21
synth,2,177,mixed,49,4144,530.37,191.8,185.56,917.44,190.23,177.41,908.83
synth,2,178,decode,49,49,124.0,66.83,101.53,301.09,66.68,102.02,300.28
synth,2,179,decode,49,49,115.89,55.59,85.32,262.4,55.35,85.59,262.04
synth,2,180,decode,49,49,111.69,60.65,76.99,254.03,60.89,76.87,253.55
synth,2,181,decode,49,49,106.59,54.42,76.3,241.21,54.34,76.49,241.11
synth,2,182,decode,49,49,109.02,54.17,83.69,251.93,54.06,83.83,251.43
synth,2,183,decode,49,49,102.65,53.85,73.0,233.35,53.75,73.26,233.35
synth,2,184,decode,49,49,113.51,54.29,77.05,249.21,54.09,77.34,249.35
synth,2,185,decode,49,49,108.73,55.71,82.59,251.42,55.61,82.91,251.41
synth,2,186,decode,49,49,105.66,53.57,78.0,241.86,53.41,78.23,241.51
synth,2,187,decode,49,49,105.82,52.9,89.49,252.54,52.76,83.92,246.72
synth,2,188,mixed,50,4145,576.81,190.1,167.92,941.51,188.51,168.04,941.35
synth,2,189,decode,50,50,121.1,65.49,97.14,292.53,65.29,97.28,291.39
synth,2,190,decode,50,50,110.33,56.76,81.97,253.89,56.62,82.24,253.51
synth,2,191,decode,50,50,106.49,54.99,94.74,260.91,54.94,89.52,254.73
synth,2,192,decode,50,50,109.13,55.51,82.57,251.7,55.01,82.74,251.45
synth,2,193,mixed,51,2098,552.62,191.32,135.45,886.21,190.13,135.56,886.69
synth,2,194,decode,51,51,123.18,65.52,96.7,293.97,65.51,96.95,293.14
synth,2,195,mixed,52,4147,617.53,192.69,168.67,985.49,191.5,169.23,977.65
synth,2,196,mixed,53,4148,555.11,243.49,182.45,990.93,231.86,182.16,980.25
synth,2,197,mixed,54,4149,562.95,203.11,177.92,954.42,201.13,178.25,953.76
synth,2,198,decode,54,54,141.15,74.97,121.22,347.36,74.82,121.42,346.13
synth,2,199,mixed,55,4150,623.74,208.73,190.51,1030.61,207.65,190.59,1030.33
synth,2,200,decode,55,55,144.7,79.93,130.57,364.16,79.84,130.64,362.62
synth,2,201,decode,55,55,138.13,70.97,100.06,315.16,70.52,100.24,313.9
synth,2,202,decode,55,55,159.39,65.97,108.19,340.58,65.73,108.41,321.75
synth,2,203,decode,55,55,137.52,63.34,105.75,312.9,62.98,106.11,311.47
synth,2,204,decode,55,55,128.16,68.32,105.14,307.66,68.05,105.31,306.31
synth,2,205,decode,55,55,131.82,63.39,117.36,319.12,63.13,117.74,317.67
synth,2,206,decode,55,55,131.13,72.65,105.81,314.89,72.41,106.13,314.23
synth,2,207,decode,55,55,123.43,63.92,99.36,291.95,63.67,99.53,291.22
synth,2,208,mixed,56,4151,663.44,213.41,184.48,1070.06,211.96,184.91,1069.54
synth,2,209,mixed,57,2104,612.76,216.14,161.11,1001.42,214.24,161.52,1000.28
synth,2,210,decode,57,57,141.77,79.87,120.52,352.41,79.51,121.04,351.29
synth,2,211,mixed,58,2105,607.72,208.28,160.58,984.08,206.66,160.67,983.46
synth,2,212,decode,58,58,140.31,84.21,108.13,341.93,83.93,112.56,345.03
synth,2,213,decode,58,58,118.6,66.37,97.58,288.65,65.98,97.74,287.86
synth,2,214,decode,58,58,141.11,66.14,104.38,317.73,65.75,104.55,310.85
synth,2,215,mixed,59,4154,597.08,214.81,188.84,1008.07,213.75,188.71,1008.23
synth,2,216,decode,59,59,129.59,82.09,108.93,330.19,81.88,109.04,328.47
synth,2,217,decode,59,59,120.63,74.79,91.5,291.86,74.47,91.63,291.62
synth,2,218,mixed,60,2107,564.43,208.17,156.66,937.0,206.18,156.66,936.36
synth,2,219,decode,60,60,128.33,84.07,115.75,336.96,83.92,116.25,336.11
synth,2,220,decode,60,60,116.5,67.19,84.95,274.09,67.05,85.38,273.98
synth,2,221,decode,60,60,113.94,65.47,88.17,273.21,65.35,88.27,272.43
synth,2,222,decode,60,60,112.24,64.65,84.95,266.91,64.55,85.1,266.23
synth,2,223,decode,60,60,112.73,73.48,84.83,276.17,73.5,84.88,275.56
synth,2,224,mixed,61,2108,552.62,207.46,138.72,907.41,205.73,138.47,907.34
synth,2,225,decode,61,61,126.11,81.35,101.85,318.59,81.19,102.39,317.57
synth,2,226,mixed,62,4157,568.91,204.15,169.62,950.15,202.96,169.58,936.74
synth,2,227,decode,62,62,126.63,78.68,96.54,310.85,78.23,96.88,310.26
synth,2,228,decode,62,62,121.59,76.56,91.66,295.55,76.51,92.14,295.55
synth,2,229,decode,62,62,113.25,70.42,85.87,274.71,70.37,86.09,274.33
synth,2,230,decode,62,62,113.99,68.31,89.64,277.52,68.2,89.82,277.16
synth,2,231,decode,62,62,113.38,75.42,83.42,277.14,75.3,83.49,276.83
synth,2,232,decode,62,62,114.45,69.68,88.65,279.08,69.55,88.67,278.63
synth,2,233,decode,62,62,109.38,74.44,82.64,271.09,74.54,82.71,271.12
synth,2,234,decode,62,62,113.86,69.43,105.34,293.74,69.55,100.06,287.9
synth,2,235,decode,62,62,112.4,69.61,81.63,267.94,69.44,81.83,267.99
synth,2,236,decode,62,62,111.67,66.41,80.81,263.24,66.3,80.98,263.13
synth,2,237,mixed,63,4158,572.36,206.22,170.44,956.72,204.63,170.11,956.5
synth,2,238,decode,63,63,127.73,80.98,101.32,319.67,80.86,101.47,318.63
synth,2,239,decode,63,63,117.77,74.62,82.62,280.74,74.58,82.71,280.17
synth,2,240,mixed,64,4159,549.88,206.17,170.2,933.79,204.69,170.21,937.52
synth,2,241,decode,64,64,129.6,87.41,104.35,330.8,87.26,104.51,329.26
synth,2,242,decode,64,64,125.87,70.28,90.17,291.45,70.09,90.33,291.36
synth,2,243,decode,64,64,117.65,70.22,93.31,286.39,70.04,93.49,285.8
synth,2,244,decode,64,64,114.39,71.59,83.22,274.17,71.52,83.44,273.65
synth,2,245,decode,64,64,115.56,70.46,112.45,303.99,70.4,99.09,289.46
synth,2,246,decode,64,64,114.1,69.68,87.96,276.81,69.35,88.24,276.1
synth,2,247,decode,64,64,112.02,68.86,82.99,268.78,68.56,83.09,268.32
synth,2,248,decode,64,64,114.79,70.42,98.16,289.01,70.63,98.07,288.46
synth,2,249,decode,64,64,114.43,69.99,87.55,277.22,69.66,87.94,276.89
synth,2,250,decode,64,64,117.51,80.93,91.49,295.51,81.05,91.53,294.9
synth,2,251,decode,64,64,115.7,69.44,88.58,279.48,69.27,88.78,278.73
synth,2,252,decode,64,64,115.72,79.06,93.35,294.33,78.99,93.58,293.24
synth,2,253,decode,64,64,118.07,70.16,88.06,281.59,69.94,88.34,281.37
synth,2,254,decode,64,64,115.75,71.35,93.19,285.88,71.09,93.51,284.85
synth,2,255,decode,64,64,116.02,71.55,83.94,275.95,71.76,83.82,275.49
synth,2,256,decode,63,63,115.27,105.28,96.24,323.26,105.25,96.37,322.46
synth,2,257,decode,63,63,113.82,68.1,84.79,271.92,68.25,84.67,271.49
synth,2,258,decode,63,63,110.68,79.91,86.82,300.18,78.36,86.84,283.36
synth,2,259,decode,63,63,117.15,76.93,89.81,289.08,76.93,90.02,288.76
synth,2,260,decode,62,62,117.97,102.56,89.88,316.88,102.62,89.78,315.9
synth,2,261,decode,62,62,117.83,68.32,92.4,285.0,68.22,92.67,284.53
synth,2,262,decode,61,61,114.38,96.67,87.05,303.17,96.95,86.82,302.62
synth,2,263,decode,60,60,116.22,99.4,89.27,310.92,99.4,89.73,310.5
synth,2,264,decode,60,60,112.49,72.39,83.95,274.22,72.36,83.99,273.52
synth,2,265,decode,60,60,113.73,74.97,88.69,283.31,74.81,88.87,282.47
synth,2,266,decode,59,59,111.02,92.98,80.45,289.58,92.85,80.42,289.17
synth,2,267,decode,58,58,111.94,91.63,84.77,293.03,91.53,84.8,292.87
synth,2,268,decode,58,58,115.45,75.47,84.91,280.97,75.47,84.96,280.79
synth,2,269,decode,58,58,110.02,63.74,86.5,265.51,63.7,86.73,265.05
synth,2,270,decode,58,58,112.08,65.21,90.42,273.47,65.02,90.59,272.68
synth,2,271,decode,58,58,108.32,63.55,84.37,261.03,63.48,84.67,260.93
synth,2,272,decode,57,57,111.28,99.17,86.07,301.3,100.54,85.94,302.14
synth,2,273,decode,57,57,111.78,62.55,87.35,266.7,62.49,87.48,266.54
synth,2,274,decode,56,56,128.14,96.66,84.52,315.27,96.42,84.53,314.18
synth,2,275,decode,56,56,109.27,61.74,79.59,255.36,61.53,79.86,255.15
synth,2,276,decode,55,55,110.15,89.51,85.07,289.67,89.66,85.05,289.29
synth,2,277,decode,55,55,109.21,60.17,82.26,256.7,60.1,82.71,256.73
synth,2,278,decode,55,55,105.2,60.47,76.8,246.17,60.3,77.16,246.19
synth,2,279,decode,54,54,108.12,88.23,87.28,288.38,88.28,87.32,288.17
synth,2,280,decode,54,54,106.47,66.27,77.04,253.9,66.23,77.18,253.9
synth,2,281,decode,54,54,108.1,58.46,77.07,248.44,58.36,77.24,247.66
synth,2,282,decode,54,54,107.66,60.39,89.64,262.81,60.34,89.84,262.48
synth,2,283,decode,54,54,108.27,68.58,81.97,263.41,68.63,82.06,263.11
synth,2,284,decode,54,54,110.84,59.79,85.29,261.95,59.51,85.5,261.39
synth,2,285,decode,54,54,104.51,59.8,80.18,249.07,59.73,80.39,248.5
synth,2,286,decode,53,53,107.28,94.47,86.38,292.59,94.57,86.45,292.15
synth,2,287,decode,53,53,109.33,58.97,86.23,259.38,58.79,86.1,259.24
synth,2,288,decode,53,53,107.99,59.84,86.51,258.76,59.8,86.7,258.52
synth,2,289,decode,52,52,126.94,91.79,100.08,324.57,91.78,100.18,323.89
synth,2,290,decode,51,51,110.89,88.92,84.12,289.13,88.93,84.88,289.61
synth,2,291,decode,51,51,114.64,60.0,85.4,264.82,59.71,85.58,264.48
synth,2,292,decode,51,51,115.18,65.87,92.32,278.75,65.58,92.49,278.02
synth,2,293,decode,51,51,110.93,64.85,87.23,267.93,64.78,87.38,267.01
synth,2,294,decode,51,51,126.23,59.18,91.39,282.98,58.82,91.54,281.86
synth,2,295,decode,50,50,111.8,93.82,93.68,304.49,93.57,93.84,304.02
synth,2,296,decode,50,50,111.87,56.45,91.15,264.61,56.04,91.34,263.59
synth,2,297,decode,50,50,105.76,57.19,88.48,256.92,59.81,88.52,258.86
synth,2,298,decode,49,49,107.91,87.06,86.94,287.22,87.05,87.04,286.4
synth,2,299,decode,48,48,107.17,93.91,89.47,311.17,93.64,89.92,297.77
synth,2,300,decode,48,48,106.47,54.05,83.4,248.47,53.96,83.54,247.99
synth,2,301,decode,48,48,126.69,68.04,96.36,296.23,68.04,96.51,295.62
synth,2,302,decode,48,48,118.19,64.66,92.09,280.57,64.39,92.21,280.04
synth,2,303,decode,48,48,105.17,53.97,87.81,252.22,53.94,87.97,251.11
synth,2,304,decode,48,48,106.47,56.84,81.72,249.55,56.56,81.84,248.8
synth,2,305,decode,48,48,108.25,62.37,85.9,262.02,62.29,86.11,261.34
synth,2,306,decode,48,48,105.86,59.09,77.64,247.16,59.02,77.9,246.94
synth,2,307,decode,47,47,126.08,87.62,88.8,308.69,87.52,89.08,296.0
synth,2,308,decode,47,47,113.2,52.3,81.38,251.64,52.14,81.81,251.55
synth,2,309,decode,47,47,108.61,54.89,90.2,258.18,54.78,90.32,257.34
synth,2,310,decode,47,47,107.69,53.61,86.69,253.23,53.53,86.88,252.62
synth,2,311,decode,47,47,108.91,52.75,82.73,249.08,52.57,82.88,248.84
synth,2,312,decode,47,47,105.02,54.51,86.15,250.7,54.14,86.37,250.03
synth,2,313,decode,47,47,107.03,54.21,88.24,254.42,54.31,88.13,253.77
synth,2,314,decode,47,47,103.87,53.73,79.15,240.83,53.95,79.05,240.57
synth,2,315,decode,47,47,104.21,52.01,86.51,247.29,51.63,86.74,246.87
synth,2,316,decode,47,47,106.22,51.98,84.46,247.71,51.8,84.64,247.2
synth,2,317,decode,47,47,103.2,58.99,73.55,239.8,58.54,73.63,239.42
synth,2,318,decode,47,47,102.47,62.41,83.2,269.23,62.13,83.29,254.49
synth,2,319,decode,47,47,103.66,50.22,77.54,235.72,50.11,77.75,235.64
synth,2,320,decode,46,46,104.57,80.51,82.22,272.13,80.56,82.2,271.89
synth,2,321,decode,46,46,104.62,50.91,79.87,240.44,50.59,80.19,240.35
synth,2,322,decode,46,46,108.05,58.64,79.09,250.32,58.51,79.21,249.74
synth,2,323,decode,46,46,101.84,51.12,74.35,231.17,51.28,74.38,231.0
synth,2,324,decode,46,46,104.2,57.55,75.78,241.85,57.56,75.9,241.71
synth,2,325,decode,46,46,101.71,56.76,70.17,232.76,56.78,70.29,232.8
synth,2,326,decode,45,45,102.94,80.78,75.89,263.89,80.82,75.87,263.63
synth,2,327,decode,45,45,105.62,50.4,80.37,241.68,50.12,80.51,241.37
synth,2,328,decode,45,45,101.5,55.54,71.14,232.31,55.52,71.3,232.08
synth,2,329,decode,45,45,100.31,57.26,73.46,234.64,57.47,73.46,234.61
synth,2,330,decode,45,45,105.42,51.1,79.45,241.52,50.98,79.62,240.89
synth,2,331,decode,45,45,106.69,50.18,73.37,234.06,50.14,73.59,234.04
synth,2,332,decode,45,45,99.82,49.19,71.85,224.53,49.05,71.95,224.5
synth,2,333,decode,44,44,103.27,77.19,80.62,266.31,77.29,80.77,266.15
synth,2,334,decode,44,44,101.65,48.38,71.23,225.23,48.25,71.45,225.08
synth,2,335,decode,43,43,102.56,75.19,77.66,259.63,75.17,77.69,259.55
synth,2,336,decode,43,43,102.66,48.4,75.46,230.53,48.18,75.58,230.38
synth,2,337,decode,43,43,103.98,56.21,76.5,241.22,56.14,76.6,241.06
synth,2,338,decode,43,43,103.58,53.95,73.7,235.17,53.95,73.79,235.07
synth,2,339,decode,42,42,101.5,74.39,80.68,261.3,74.49,80.73,260.71
synth,2,340,decode,42,42,100.19,53.88,70.15,227.83,53.85,70.27,227.89
synth,2,341,decode,42,42,106.3,48.89,76.48,235.74,48.78,76.49,235.56
synth,2,342,decode,42,42,101.8,48.65,76.82,231.25,48.64,77.0,231.29
synth,2,343,decode,42,42,98.74,47.82,71.7,222.54,47.78,71.87,222.36
synth,2,344,decode,42,42,98.78,53.46,70.19,225.66,53.5,70.28,225.72
synth,2,345,decode,42,42,129.99,49.89,84.33,269.49,49.42,84.34,269.19
synth,2,346,decode,41,41,98.41,72.71,72.4,246.99,72.84,72.44,247.04
synth,2,347,decode,41,41,98.52,51.6,69.91,223.38,51.65,70.05,223.38
synth,2,348,decode,41,41,95.67,46.16,87.67,233.45,46.09,79.78,225.03
synth,2,349,decode,41,41,101.23,47.59,75.64,228.58,47.5,75.87,228.33
synth,2,350,decode,40,40,101.66,75.72,79.71,261.44,75.76,79.72,261.23
synth,2,351,decode,40,40,103.01,46.81,75.52,229.97,46.73,75.63,229.6
synth,2,352,decode,39,39,104.01,72.91,81.11,262.77,72.92,81.25,262.14
synth,2,353,decode,38,38,102.63,73.7,80.33,261.0,73.7,80.47,260.94
synth,2,354,decode,38,38,100.41,45.05,70.76,220.68,44.97,70.91,220.08
synth,2,355,decode,37,37,101.61,75.08,76.36,257.16,74.77,76.42,257.04
synth,2,356,decode,37,37,99.92,43.76,71.11,219.16,43.68,71.35,219.2
synth,2,357,decode,37,37,98.78,45.26,77.17,225.25,45.32,77.24,225.05
synth,2,358,decode,36,36,102.2,73.24,81.92,262.49,73.31,82.01,261.66
synth,2,359,decode,36,36,102.02,44.18,75.68,226.56,44.2,75.81,226.69
synth,2,360,decode,36,36,97.83,42.33,74.69,219.08,42.21,74.86,218.79
synth,2,361,decode,36,36,102.18,44.0,91.89,243.7,43.54,94.54,245.37
synth,2,362,decode,36,36,103.57,43.34,86.04,237.85,43.37,86.0,237.57
synth,2,363,decode,36,36,96.79,42.21,79.97,224.46,42.02,80.5,224.0
synth,2,364,decode,36,36,99.07,42.52,72.6,218.34,42.49,73.01,218.05
synth,2,365,decode,36,36,100.3,43.51,81.46,230.04,43.48,81.73,229.81
synth,2,366,decode,35,35,97.66,73.79,76.55,252.66,73.97,76.49,251.92
synth,2,367,decode,35,35,95.09,42.37,73.52,215.34,42.13,73.76,215.1
synth,2,368,decode,35,35,129.42,43.59,83.34,270.36,43.1,83.47,259.09
synth,2,369,decode,35,35,99.06,50.48,78.76,232.65,50.4,78.93,232.03
synth,2,370,decode,35,35,104.62,45.97,94.83,250.51,45.83,95.13,250.17
synth,2,371,decode,35,35,103.92,42.12,80.57,230.08,42.07,80.8,229.83
synth,2,372,decode,35,35,100.22,43.22,92.94,240.7,43.18,93.37,240.48
synth,2,373,decode,35,35,97.76,42.63,75.67,219.86,42.38,76.24,220.05
synth,2,374,decode,35,35,98.44,45.44,79.96,229.23,45.16,80.15,227.94
synth,2,375,decode,35,35,103.73,41.6,86.52,236.99,41.49,86.57,236.1
synth,2,376,decode,35,35,93.33,41.45,74.52,213.26,41.3,74.55,213.07
synth,2,377,decode,34,34,94.88,68.34,78.67,245.26,68.08,78.9,245.31
synth,2,378,decode,34,34,101.1,42.83,84.87,233.58,42.55,85.08,232.91
synth,2,379,decode,33,33,96.35,70.8,87.0,259.58,70.97,87.0,258.73
synth,2,380,decode,33,33,96.87,40.39,79.44,220.35,40.3,80.02,220.74
synth,2,381,decode,33,33,99.69,40.54,82.08,226.37,40.46,82.26,225.94
synth,2,382,decode,33,33,107.47,42.13,86.27,240.55,42.09,86.47,247.12
synth,2,383,decode,33,33,96.16,41.39,71.17,213.62,41.06,71.38,212.79
synth,2,384,decode,33,33,94.75,39.15,79.05,216.8,39.41,79.21,217.04
synth,2,385,decode,33,33,93.26,40.74,73.0,211.15,40.52,73.16,210.67
synth,2,386,decode,32,32,98.73,71.13,83.32,258.02,71.25,84.1,258.44
synth,2,387,decode,31,31,129.68,58.74,82.68,277.27,58.55,82.8,276.91
synth,2,388,decode,31,31,97.27,40.45,83.95,226.84,40.22,84.53,226.38
synth,2,389,decode,31,31,124.95,51.24,80.09,261.72,50.9,80.04,252.75
synth,2,390,decode,31,31,95.21,38.14,77.55,215.23,37.77,77.99,214.99
synth,2,391,decode,31,31,96.85,37.4,79.32,217.46,37.28,79.54,217.31
synth,2,392,decode,30,30,93.92,57.17,79.73,234.69,57.44,79.59,234.42
synth,2,393,decode,30,30,95.1,37.39,76.42,214.2,37.27,76.68,213.48
synth,2,394,decode,30,30,92.35,36.27,71.68,203.57,35.89,71.91,203.55
synth,2,395,decode,28,28,90.84,63.56,74.95,233.01,63.93,74.73,232.93
synth,2,396,decode,28,28,91.62,34.39,74.2,203.35,34.51,74.17,203.45
synth,2,397,decode,28,28,97.73,37.03,79.54,218.65,36.81,79.74,218.04
synth,2,398,decode,28,28,93.49,35.89,75.7,209.01,35.86,76.08,208.99
synth,2,399,decode,27,27,94.34,53.4,78.39,230.35,53.42,78.42,229.85
synth,2,400,decode,27,27,91.28,33.07,72.93,200.9,33.13,73.14,200.79
synth,2,401,decode,26,26,110.36,66.49,89.49,271.26,66.79,88.85,262.96
synth,2,402,decode,26,26,96.2,34.38,75.8,210.25,34.29,76.02,210.23
synth,2,403,decode,26,26,94.18,33.19,67.35,198.35,33.11,67.6,198.06
synth,2,404,decode,26,26,91.04,33.26,69.34,197.58,33.11,69.52,197.11
synth,2,405,decode,26,26,91.64,32.62,67.68,195.44,32.59,67.8,195.13
synth,2,406,decode,26,26,92.96,33.83,74.56,205.68,33.99,74.37,205.22
synth,2,407,decode,25,25,86.9,46.86,68.92,206.42,46.75,69.18,206.23
synth,2,408,decode,25,25,90.86,33.12,70.81,198.62,33.06,70.95,198.46
synth,2,409,decode,25,25,87.86,31.89,70.98,194.55,31.86,71.59,195.0
synth,2,410,decode,23,23,117.05,56.82,76.57,254.57,56.53,76.66,254.24
synth,2,411,decode,23,23,93.38,29.6,69.16,195.84,29.51,69.23,195.87
synth,2,412,decode,23,23,86.79,29.85,64.97,184.7,29.88,65.07,184.74
synth,2,413,decode,22,22,86.02,52.65,68.04,209.74,52.78,68.09,209.86
synth,2,414,decode,22,22,86.49,29.19,62.8,182.09,29.06,62.98,181.87
synth,2,415,decode,22,22,86.94,29.39,66.3,185.77,29.34,66.47,185.81
synth,2,416,decode,22,22,85.35,28.46,62.45,179.38,28.41,62.54,179.41
synth,2,417,decode,22,22,83.79,28.35,61.92,177.44,28.25,62.12,177.47
synth,2,418,decode,22,22,85.12,28.57,62.17,179.19,28.45,62.36,179.14
synth,2,419,decode,21,21,83.62,43.98,64.05,194.63,43.94,64.5,195.02
synth,2,420,decode,20,20,104.48,56.1,83.48,248.24,56.24,83.38,243.84
synth,2,421,decode,20,20,88.84,26.95,64.31,183.73,26.83,64.44,183.53
synth,2,422,decode,19,19,84.78,40.92,62.86,191.72,40.85,63.0,191.67
synth,2,423,decode,19,19,84.7,26.26,60.66,174.5,26.27,60.85,174.67
synth,2,424,decode,19,19,83.81,25.69,60.8,173.02,25.56,60.99,173.11
synth,2,425,decode,19,19,81.42,24.88,61.39,170.86,24.84,61.61,170.94
synth,2,426,decode,19,19,85.44,26.57,68.44,184.17,26.35,68.61,183.89
synth,2,427,decode,19,19,84.2,26.29,65.31,179.41,26.19,65.65,179.39
synth,2,428,decode,18,18,84.46,38.83,69.88,196.35,38.8,70.04,196.17
synth,2,429,decode,17,17,84.97,36.93,65.86,190.65,36.86,66.07,190.8
synth,2,430,decode,17,17,85.88,24.26,64.98,179.39,24.13,65.25,179.09
synth,2,431,decode,17,17,85.47,23.37,61.36,173.33,23.22,61.58,173.07
synth,2,432,decode,16,16,85.2,36.92,70.73,196.6,36.97,70.76,196.26
synth,2,433,decode,15,15,85.28,36.09,65.39,190.15,36.04,65.6,190.02
synth,2,434,decode,15,15,84.73,20.81,69.81,178.64,20.43,70.14,178.49
synth,2,435,decode,15,15,85.38,21.04,66.86,176.55,20.94,67.01,176.26
synth,2,436,decode,15,15,83.05,20.64,63.45,170.42,20.54,63.6,170.23
synth,2,437,decode,15,15,81.56,21.92,66.63,172.79,21.61,66.84,172.93
synth,2,438,decode,15,15,86.36,21.61,78.35,190.52,21.54,78.63,190.04
synth,2,439,decode,15,15,85.65,20.42,68.04,177.65,20.31,68.32,177.04
synth,2,440,decode,15,15,84.82,20.93,62.3,171.03,20.88,62.77,171.38
synth,2,441,decode,15,15,90.2,20.43,64.61,178.65,20.39,64.79,178.36
synth,2,442,decode,15,15,88.26,20.86,69.17,181.57,20.7,69.43,181.27
synth,2,443,decode,15,15,84.38,20.79,72.76,181.13,20.72,72.99,180.94
synth,2,444,decode,14,14,94.6,34.96,76.41,210.62,34.86,76.51,209.49
synth,2,445,decode,14,14,85.49,21.66,69.44,179.79,21.53,69.63,179.6
synth,2,446,decode,14,14,83.47,19.74,69.11,175.3,19.7,69.3,175.25
synth,2,447,decode,14,14,86.45,20.05,65.23,174.92,19.94,65.12,174.99
synth,2,448,decode,14,14,87.26,20.27,70.4,181.39,20.18,70.64,181.05
synth,2,449,decode,13,13,84.15,34.9,69.42,191.35,35.11,69.61,191.63
synth,2,450,decode,13,13,82.73,19.55,68.76,174.68,19.46,69.14,174.58
synth,2,451,decode,12,12,86.32,33.79,79.96,204.68,33.76,80.12,203.7
synth,2,452,decode,11,11,86.25,32.03,68.38,190.24,32.21,68.27,190.01
synth,2,453,decode,10,10,83.32,30.68,66.74,183.8,30.83,67.27,184.44
synth,2,454,decode,10,10,83.97,16.31,66.75,170.52,16.16,66.97,170.31
synth,2,455,decode,9,9,79.15,29.23,68.04,179.52,29.27,68.15,179.52
synth,2,456,decode,9,9,82.24,15.0,64.96,165.24,14.87,65.16,165.27
synth,2,457,decode,9,9,80.75,15.51,69.77,169.77,15.44,70.02,169.36
synth,2,458,decode,9,9,92.14,15.68,76.59,188.69,15.46,76.81,188.0
synth,2,459,decode,9,9,84.85,16.86,71.31,175.89,16.63,71.53,175.99
synth,2,460,decode,9,9,80.47,15.78,67.56,167.36,15.8,67.89,167.33
synth,2,461,decode,9,9,90.29,16.28,75.82,185.63,15.97,76.1,185.51
synth,2,462,decode,9,9,82.95,15.14,70.94,172.07,15.04,71.11,172.11
synth,2,463,decode,9,9,83.07,16.07,72.87,175.5,15.94,73.09,175.31
synth,2,464,decode,8,8,83.67,31.21,75.52,194.02,30.96,76.0,194.44
synth,2,465,decode,7,7,79.21,28.12,72.17,182.98,28.08,72.19,182.69
synth,2,466,decode,7,7,85.89,14.02,76.07,179.33,13.94,76.28,179.32
synth,2,467,decode,6,6,80.81,25.45,71.16,180.84,25.42,71.26,180.6
synth,2,468,decode,6,6,78.89,13.64,60.63,156.92,13.42,60.81,156.75
synth,2,469,decode,6,6,78.4,12.38,59.47,153.46,12.3,59.71,153.53
synth,2,470,decode,6,6,78.62,12.27,61.96,155.49,12.18,62.41,155.84
synth,2,471,decode,5,5,84.65,27.08,76.1,191.31,26.91,76.21,190.8
synth,2,472,decode,5,5,79.84,12.38,66.05,162.15,12.27,66.08,161.78
synth,2,473,decode,5,5,78.02,11.4,63.07,155.19,11.27,63.45,155.37
synth,2,474,decode,4,4,76.47,23.13,64.24,167.12,23.14,64.64,167.19
synth,2,475,decode,4,4,80.21,11.13,65.87,159.92,11.04,66.07,160.03
synth,2,476,decode,4,4,86.79,11.07,73.76,175.63,10.83,73.97,175.25
synth,2,477,decode,4,4,80.72,10.35,65.83,160.0,10.25,65.94,159.77
synth,2,478,decode,4,4,78.32,10.82,62.09,154.28,10.75,62.25,154.02
synth,2,479,decode,4,4,78.04,10.25,64.22,155.28,10.22,64.72,155.69
synth,2,480,decode,3,3,77.54,23.68,65.13,169.19,23.74,65.4,169.25
synth,2,481,decode,3,3,83.19,10.34,63.03,159.49,9.98,63.15,159.52
synth,2,482,decode,2,2,75.8,20.96,63.9,163.42,20.98,63.83,163.44
synth,2,483,decode,2,2,75.41,8.27,61.82,148.72,8.22,62.29,149.1
synth,2,484,decode,2,2,78.25,9.53,70.02,161.31,9.43,70.21,160.79
synth,2,485,decode,2,2,78.34,8.5,64.61,154.11,8.09,64.94,154.3
synth,2,486,decode,2,2,74.88,8.04,60.69,146.57,7.98,61.24,147.02
synth,2,487,decode,2,2,78.36,8.51,63.91,153.77,8.37,64.14,153.89
synth,2,488,decode,2,2,79.01,9.32,66.42,158.33,9.23,66.71,158.29
synth,2,489,decode,2,2,77.21,8.93,65.04,154.56,8.27,65.52,154.89
synth,2,490,decode,2,2,77.77,8.86,66.02,155.69,8.8,66.16,155.39
synth,2,491,decode,2,2,83.87,9.28,63.52,161.08,8.97,63.66,160.65
synth,2,492,decode,2,2,77.69,8.45,62.68,152.14,8.33,62.88,152.27
synth,2,493,decode,1,1,77.08,20.38,65.16,165.56,20.69,64.91,165.65
synth,2,494,decode,1,1,76.09,6.99,62.23,148.06,6.88,62.96,148.62
synth,2,495,decode,1,1,73.2,6.95,64.23,147.1,6.7,64.43,147.22
synth,3,0,prefill,1,4096,617.85,149.47,190.77,966.58,147.6,190.85,963.51
synth,3,1,decode,1,1,111.07,18.85,85.5,222.04,18.61,85.72,221.75
synth,3,2,decode,1,1,122.49,12.27,75.95,214.83,12.1,75.8,197.58
synth,3,3,decode,1,1,83.34,7.39,59.04,152.51,7.31,59.19,152.56
synth,3,4,mixed,2,4097,522.8,141.5,155.6,824.7,139.91,155.75,825.24
synth,3,5,decode,2,2,94.39,17.81,73.5,192.2,17.62,73.74,191.85
synth,3,6,mixed,3,4098,470.51,140.23,153.07,768.76,138.42,153.22,769.13
synth,3,7,mixed,4,2051,475.33,145.61,130.67,759.78,143.9,130.81,759.79
synth,3,8,decode,4,4,94.51,19.82,75.94,195.94,19.38,76.09,195.65
synth,3,9,decode,4,4,109.01,12.84,64.47,190.93,12.43,65.04,190.81
synth,3,10,mixed,5,2052,452.48,143.43,128.74,729.95,142.09,128.52,730.14
synth,3,11,mixed,6,2053,460.74,148.91,127.05,743.46,147.88,127.09,743.58
synth,3,12,decode,6,6,96.69,23.03,82.19,208.88,22.71,82.36,208.19
synth,3,13,decode,6,6,85.55,13.1,62.17,164.51,12.98,62.93,164.85
synth,3,14,decode,6,6,81.98,13.11,61.17,159.8,12.8,61.33,159.26
synth,3,15,decode,6,6,78.94,12.69,58.82,153.42,12.55,59.0,153.46
synth,3,16,mixed,7,4102,458.23,145.99,157.5,766.94,144.54,157.32,767.32
synth,3,17,decode,7,7,98.22,27.23,85.89,217.79,26.27,86.06,217.1
synth,3,18,mixed,8,4103,456.14,145.29,155.6,763.06,143.81,155.71,763.0
synth,3,19,decode,8,8,112.18,25.76,84.95,230.87,25.4,85.26,229.94
synth,3,20,mixed,9,2056,474.1,149.87,133.87,764.06,148.55,133.92,763.7
synth,3,21,decode,9,9,102.26,25.04,76.7,211.17,24.85,77.04,213.95
synth,3,22,decode,9,9,87.02,17.25,62.16,171.38,16.7,62.46,170.46
synth,3,23,mixed,10,2057,503.91,159.92,130.15,800.51,158.44,130.14,784.47
synth,3,24,decode,10,10,98.84,24.63,76.1,206.1,24.24,76.38,205.62
synth,3,25,decode,10,10,87.9,17.48,63.64,173.43,17.18,64.04,173.08
synth,3,26,decode,10,10,84.76,17.12,62.63,167.78,16.67,62.83,167.46
synth,3,27,decode,10,10,81.57,16.6,60.5,161.66,16.57,60.61,161.63
synth,3,28,decode,10,10,108.37,17.77,67.91,197.81,17.44,68.07,197.49
synth,3,29,decode,10,10,81.85,16.38,61.65,162.77,16.21,61.82,162.81
synth,3,30,mixed,11,4106,454.16,149.07,157.01,765.09,147.81,157.06,765.5
synth,3,31,decode,11,11,100.16,28.14,83.9,218.45,27.73,84.02,217.81
synth,3,32,decode,11,11,112.54,19.28,69.02,205.51,18.86,69.4,205.24
synth,3,33,mixed,12,2059,441.5,149.74,124.54,720.43,148.46,124.49,720.97
synth,3,34,mixed,13,4108,441.73,153.06,155.07,757.85,151.94,154.99,757.82
synth,3,35,decode,13,13,102.26,30.19,83.83,223.88,30.1,83.77,223.3
synth,3,36,decode,13,13,90.65,20.18,64.88,179.71,20.01,65.16,179.52
synth,3,37,decode,13,13,86.25,19.49,62.27,171.76,19.37,62.6,171.48
synth,3,38,decode,13,13,85.33,19.33,67.77,175.3,19.25,68.06,175.41
synth,3,39,mixed,14,2061,489.49,151.29,131.29,777.24,149.86,131.13,764.61
synth,3,40,decode,14,14,101.86,30.3,83.74,223.46,29.9,84.05,222.72
synth,3,41,decode,14,14,89.37,21.03,66.27,181.18,20.86,66.42,180.73
synth,3,42,mixed,15,2062,456.1,218.83,137.16,816.96,208.47,136.9,808.14
synth,3,43,mixed,16,4111,464.0,160.73,170.01,803.18,159.39,169.8,802.55
synth,3,44,decode,16,16,106.42,33.15,92.31,239.93,32.89,92.61,238.48
synth,3,45,decode,16,16,89.84,22.96,67.8,184.58,22.82,68.08,184.48
synth,3,46,decode,16,16,87.49,23.32,66.91,181.52,23.06,67.5,181.62
synth,3,47,decode,16,16,85.5,22.89,78.2,190.55,22.79,78.54,190.24
synth,3,48,decode,16,16,89.89,22.91,71.97,188.45,22.8,72.19,188.34
synth,3,49,decode,16,16,114.66,23.68,70.55,224.17,23.71,70.36,210.98
synth,3,50,decode,16,16,87.99,22.88,64.98,179.22,22.76,65.16,179.2
synth,3,51,mixed,17,2064,448.3,158.52,132.52,744.47,156.77,132.47,744.6
synth,3,52,decode,17,17,100.88,32.14,114.43,254.03,32.01,103.34,241.94
synth,3,53,decode,17,17,93.8,25.12,72.97,196.33,24.96,73.26,195.88
synth,3,54,decode,17,17,88.63,23.39,68.09,183.51,23.6,67.97,183.58
synth,3,55,decode,17,17,86.54,23.37,68.64,181.79,23.17,69.07,181.79
synth,3,56,decode,17,17,85.67,23.59,72.41,185.3,23.41,72.64,185.0
synth,3,57,decode,17,17,87.6,23.62,71.71,186.45,23.32,71.91,186.18
synth,3,58,decode,17,17,117.02,23.95,74.04,219.06,23.55,74.31,218.77
synth,3,59,decode,17,17,86.85,22.94,72.45,186.02,22.84,72.88,186.03
synth,3,60,decode,17,17,85.41,22.93,69.86,181.97,22.81,70.07,181.77
synth,3,61,decode,17,17,89.08,23.54,71.18,187.38,23.45,71.38,187.28
synth,3,62,decode,17,17,84.89,24.17,65.41,177.66,24.06,66.07,180.85
synth,3,63,decode,17,17,86.29,24.42,66.42,180.39,24.33,66.96,180.48
synth,3,64,mixed,18,4113,477.6,159.62,165.48,808.51,158.33,165.51,808.78
synth,3,65,decode,18,18,103.36,34.03,83.09,227.29,33.8,83.23,226.59
synth,3,66,decode,18,18,90.37,24.4,69.65,188.72,24.23,69.82,188.08
synth,3,67,decode,18,18,92.44,24.8,71.91,193.51,24.7,72.29,193.08
synth,3,68,decode,18,18,91.96,24.4,65.08,184.83,24.31,65.27,184.86
synth,3,69,decode,18,18,89.52,23.79,69.24,186.82,23.71,69.42,186.21
synth,3,70,mixed,19,4114,459.25,160.53,164.63,789.17,158.9,165.3,790.22
synth,3,71,decode,19,19,104.11,37.94,85.96,234.85,37.85,86.11,234.18
synth,3,72,decode,19,19,91.16,27.06,66.79,188.89,27.05,67.19,189.19
synth,3,73,decode,19,19,87.61,27.42,63.77,182.22,27.32,63.98,182.09
synth,3,74,decode,19,19,87.76,27.73,66.84,185.83,27.63,67.02,185.72
synth,3,75,decode,19,19,84.11,25.83,65.57,178.97,25.8,65.78,178.71
synth,3,76,decode,19,19,88.65,27.96,75.16,195.84,27.79,75.44,195.54
synth,3,77,mixed,20,2067,454.46,163.17,130.78,754.93,161.22,130.9,754.96
synth,3,78,decode,20,20,102.41,45.08,84.02,238.28,45.13,84.32,238.51
synth,3,79,mixed,21,2068,455.36,159.16,136.25,756.82,158.22,136.53,756.97
synth,3,80,decode,21,21,104.62,39.15,86.8,237.24,39.01,87.03,236.59
synth,3,81,decode,21,21,113.04,29.6,74.77,222.3,29.2,75.03,221.82
synth,3,82,decode,21,21,92.44,28.82,68.69,193.83,28.79,68.8,193.52
synth,3,83,mixed,22,4117,455.48,162.27,156.46,779.23,160.45,156.76,779.72
synth,3,84,decode,22,22,107.1,41.64,92.12,248.78,41.43,92.28,247.53
synth,3,85,decode,22,22,94.78,29.39,69.01,197.17,29.37,69.14,197.14
synth,3,86,decode,22,22,92.3,28.66,67.34,191.9,28.58,67.49,191.81
synth,3,87,decode,22,22,90.62,28.23,66.71,189.18,28.18,66.81,188.97
synth,3,88,decode,22,22,92.32,29.14,69.93,195.07,29.58,69.58,194.72
synth,3,89,decode,22,22,91.26,29.65,71.21,196.55,29.58,71.32,196.17
synth,3,90,mixed,23,4118,488.88,163.31,158.84,816.26,161.83,158.92,816.78
synth,3,91,decode,23,23,102.7,57.58,111.03,278.46,50.51,111.15,271.19
synth,3,92,decode,23,23,95.54,31.72,66.61,198.49,31.58,66.65,198.19
synth,3,93,decode,23,23,90.32,30.16,64.97,189.2,29.89,65.18,188.9
synth,3,94,mixed,24,2071,471.27,164.92,133.98,775.85,163.16,133.93,775.84
synth,3,95,decode,24,24,112.39,41.91,95.36,257.68,41.65,95.68,256.78
synth,3,96,mixed,25,2072,461.96,164.27,129.59,761.8,162.84,129.74,762.05
synth,3,97,mixed,26,2073,465.03,169.5,133.7,776.82,168.16,133.63,776.34
synth,3,98,decode,26,26,104.4,40.64,80.15,232.54,40.19,80.23,231.89
synth,3,99,mixed,27,2074,460.7,164.0,132.01,763.84,162.59,132.18,763.38
synth,3,100,decode,27,27,112.06,46.63,86.69,252.81,46.36,86.98,252.03
synth,3,101,decode,27,27,102.09,35.22,78.13,220.47,35.21,78.13,219.85
synth,3,102,mixed,28,2075,461.3,169.06,133.33,770.15,167.77,133.49,770.22
synth,3,103,decode,28,28,111.91,60.47,123.39,302.9,50.62,123.48,292.06
synth,3,104,decode,28,28,99.15,35.61,77.35,216.5,35.52,77.55,216.02
synth,3,105,decode,28,28,96.57,35.75,71.4,207.12,35.67,71.58,207.12
synth,3,106,decode,28,28,97.5,38.52,76.94,217.17,38.34,77.06,217.08
synth,3,107,decode,28,28,92.96,34.88,76.55,208.29,34.9,77.27,208.67
synth,3,108,decode,28,28,96.36,36.9,86.38,224.58,36.82,86.61,223.95
synth,3,109,decode,28,28,96.45,34.89,75.67,211.96,34.77,75.86,211.49
synth,3,110,mixed,29,2076,479.16,171.33,142.7,799.24,169.35,142.95,802.68
synth,3,111,decode,29,29,110.13,46.27,90.89,254.76,46.19,91.05,253.52
synth,3,112,decode,29,29,96.22,36.08,68.93,205.37,36.01,69.21,205.43
synth,3,113,decode,29,29,93.39,35.47,66.25,199.03,35.43,66.44,198.77
synth,3,114,decode,29,29,95.27,35.95,73.54,209.33,35.69,73.81,209.0
synth,3,115,decode,29,29,99.49,35.31,71.8,210.55,35.12,72.16,210.47
synth,3,116,decode,29,29,92.78,35.37,74.09,205.7,35.55,74.27,206.09
synth,3,117,decode,29,29,95.42,41.51,74.96,215.69,41.17,75.05,215.74
synth,3,118,decode,29,29,94.38,36.85,77.19,212.78,36.78,77.39,212.4
synth,3,119,decode,29,29,91.96,35.77,69.35,200.88,35.72,69.6,200.6
synth,3,120,decode,29,29,90.46,35.0,71.61,200.36,34.89,72.08,200.7
synth,3,121,mixed,30,2077,495.8,171.16,182.05,855.56,169.79,170.11,843.95
synth,3,122,decode,30,30,105.5,46.15,82.33,240.75,45.94,82.44,240.06
synth,3,123,mixed,31,2078,471.79,170.68,131.89,780.97,169.41,132.25,781.51
synth,3,124,decode,31,31,111.02,48.59,88.71,256.28,48.39,88.82,254.87
synth,3,125,decode,31,31,97.78,39.09,69.26,210.29,39.0,69.44,210.24
synth,3,126,decode,31,31,98.18,38.55,73.11,214.48,38.32,73.38,214.28
synth,3,127,decode,31,31,96.4,37.15,69.92,207.34,37.02,70.06,207.24
synth,3,128,decode,31,31,93.83,37.4,71.08,206.33,37.26,70.96,206.05
synth,3,129,decode,31,31,96.37,44.87,73.9,218.67,44.81,74.09,218.68
synth,3,130,mixed,32,2079,484.63,173.6,132.14,796.57,171.92,132.22,796.74
synth,3,131,mixed,33,2080,473.49,184.21,132.58,798.33,183.39,132.92,798.71
synth,3,132,decode,33,33,110.41,49.36,90.1,257.46,49.23,90.3,256.7
synth,3,133,decode,33,33,100.66,46.03,73.12,223.96,45.95,73.19,223.78
synth,3,134,decode,33,33,98.52,40.61,75.69,219.75,40.33,75.98,219.49
synth,3,135,decode,33,33,99.98,44.72,67.22,215.51,44.54,67.4,215.39
synth,3,136,mixed,34,2081,458.84,174.46,128.73,767.98,172.77,128.89,768.38
synth,3,137,decode,34,34,108.88,51.04,93.59,260.68,50.7,93.78,259.91
synth,3,138,decode,34,34,98.98,40.92,71.41,215.23,40.81,71.63,215.24
synth,3,139,mixed,36,4130,830.52,290.11,163.8,1290.07,288.82,163.77,1278.35
synth,3,140,decode,36,36,113.28,59.55,92.76,274.48,59.36,93.02,273.82
synth,3,141,decode,36,36,99.73,42.92,70.63,217.92,42.8,70.92,217.95
synth,3,142,decode,36,36,95.53,42.25,68.91,210.51,42.08,69.15,210.45
synth,3,143,mixed,37,4132,480.6,174.47,155.6,816.78,173.42,155.81,810.87
synth,3,144,decode,37,37,110.4,53.66,86.24,257.29,53.5,86.43,256.78
synth,3,145,mixed,38,4133,500.0,179.35,156.22,841.35,177.92,156.57,828.25
synth,3,146,decode,38,38,110.06,53.08,86.18,256.58,52.91,86.37,256.14
synth,3,147,decode,38,38,144.76,52.44,82.45,285.09,52.02,82.64,275.49
synth,3,148,decode,38,38,101.33,45.06,70.81,221.67,44.93,70.91,221.25
synth,3,149,decode,38,38,99.6,48.83,71.16,223.83,48.79,71.25,223.46
synth,3,150,decode,38,38,96.7,43.99,68.89,213.05,43.87,69.05,212.97
synth,3,151,mixed,39,4134,509.93,175.25,155.93,847.59,173.61,156.03,847.56
synth,3,152,decode,39,39,109.25,57.07,108.9,282.22,56.85,98.84,271.61
synth,3,153,decode,39,39,103.74,46.85,75.96,231.54,46.66,76.14,231.23
synth,3,154,mixed,41,6183,824.3,291.97,183.84,1305.99,290.95,184.06,1306.71
synth,3,155,decode,41,41,114.22,61.77,93.2,278.54,61.48,93.4,277.54
synth,3,156,decode,41,41,105.7,48.95,77.3,237.04,48.77,77.59,236.72
synth,3,157,mixed,42,4137,462.61,178.36,156.1,802.46,176.79,156.34,802.82
synth,3,158,decode,42,42,111.86,58.37,92.07,269.53,58.24,92.39,269.26
synth,3,159,decode,42,42,104.92,54.1,74.22,237.36,54.12,74.32,237.22
synth,3,160,decode,42,42,98.81,47.93,70.16,220.6,47.88,70.35,220.71
synth,3,161,decode,42,42,101.1,54.8,80.35,240.91,54.92,80.35,240.25
synth,3,162,decode,42,42,102.42,53.92,71.31,231.44,53.9,71.51,231.37
synth,3,163,mixed,43,2090,475.2,184.79,131.28,797.75,183.25,131.5,797.82
synth,3,164,mixed,44,2091,473.7,184.51,145.16,812.35,183.13,145.3,811.48
synth,3,165,decode,44,44,121.08,62.14,100.16,291.8,61.98,100.23,290.36
synth,3,166,mixed,45,4140,479.58,182.63,164.86,833.09,181.21,165.16,833.69
synth,3,167,decode,45,45,118.34,63.2,102.41,292.64,62.97,102.62,290.91
synth,3,168,decode,45,45,109.4,56.82,78.47,249.53,56.72,78.78,249.29
synth,3,169,decode,45,45,109.68,51.47,100.51,268.27,51.71,100.48,267.02
synth,3,170,decode,45,45,108.38,53.12,84.98,251.51,52.81,85.3,251.37
synth,3,171,decode,45,45,106.03,77.7,110.46,298.77,71.57,110.58,292.36
synth,3,172,mixed,46,4141,497.92,187.97,165.28,858.05,186.41,165.01,857.77
synth,3,173,mixed,47,4142,481.17,190.88,170.81,852.92,189.32,171.03,851.81
synth,3,174,decode,47,47,143.09,69.1,110.32,331.1,69.07,110.3,319.61
synth,3,175,decode,47,47,109.33,53.31,80.58,248.53,53.21,80.84,247.81
synth,3,176,mixed,48,2095,480.98,187.45,141.15,816.27,185.82,141.3,816.11
synth,3,177,mixed,49,4144,482.44,192.72,168.51,854.29,190.97,168.68,852.66
synth,3,178,decode,49,49,119.96,64.91,97.76,290.99,64.68,97.92,289.99
synth,3,179,decode,49,49,108.55,54.66,81.63,249.92,56.59,81.89,251.88
synth,3,180,decode,49,49,108.91,61.12,85.42,260.99,61.06,85.76,260.64
synth,3,181,decode,49,49,103.48,52.69,76.69,237.44,52.59,76.84,237.33
synth,3,182,decode,49,49,104.16,53.08,73.81,235.19,53.02,74.02,235.12
synth,3,183,decode,49,49,107.35,54.37,80.95,247.21,54.22,81.18,246.77
synth,3,184,decode,49,49,101.14,53.25,73.11,232.14,53.11,73.33,231.77
synth,3,185,decode,49,49,117.73,74.55,91.7,289.05,74.59,91.47,281.67
synth,3,186,decode,49,49,106.06,53.93,76.84,241.21,53.52,77.06,241.17
synth,3,187,decode,49,49,102.93,52.62,72.19,231.76,52.48,72.45,231.77
synth,3,188,mixed,50,4145,497.09,188.8,163.81,856.32,187.06,163.95,856.17
synth,3,189,decode,50,50,114.28,64.47,89.1,275.56,64.31,89.18,275.14
synth,3,190,decode,50,50,109.32,55.69,81.98,252.27,55.53,82.19,251.99
synth,3,191,decode,50,50,105.42,54.88,77.42,242.37,54.77,77.69,242.24
synth,3,192,decode,50,50,106.4,55.47,78.23,245.03,55.4,78.46,244.59
synth,3,193,mixed,51,2098,496.94,188.98,131.47,824.43,187.81,131.55,824.08
synth,3,194,decode,51,51,115.73,67.72,93.14,284.53,67.56,93.24,283.83
synth,3,195,mixed,52,4147,474.4,188.67,157.11,827.38,187.56,157.04,827.4
synth,3,196,mixed,53,4148,478.48,194.54,159.97,842.04,193.05,160.11,841.63
synth,3,197,mixed,54,4149,478.17,195.17,163.48,846.62,193.71,163.55,846.08
synth,3,198,decode,54,54,123.84,68.95,96.28,296.86,68.6,96.4,296.02
synth,3,199,mixed,55,4150,477.17,198.12,161.0,842.71,196.6,160.94,842.96
synth,3,200,decode,55,55,120.57,74.5,99.14,302.73,74.36,99.32,301.9
synth,3,201,decode,55,55,108.75,60.77,76.94,250.91,60.94,76.88,250.76
synth,3,202,decode,55,55,110.2,60.13,85.96,261.59,59.97,86.28,261.02
synth,3,203,decode,55,55,106.02,58.91,75.83,244.83,58.76,76.02,244.67
synth,3,204,decode,55,55,116.0,60.41,82.64,263.71,60.21,82.91,263.54
synth,3,205,decode,55,55,116.76,59.58,76.03,256.65,59.37,76.21,256.5
synth,3,206,decode,55,55,106.96,67.64,74.61,252.96,67.48,74.87,252.98
synth,3,207,decode,55,55,106.2,60.66,82.51,254.73,60.51,82.65,254.2
synth,3,208,mixed,56,4151,538.64,196.69,164.86,906.99,194.75,164.76,906.74
synth,3,209,mixed,57,2104,520.87,198.09,140.69,869.35,196.85,140.89,868.86
synth,3,210,decode,57,57,176.21,97.28,149.03,432.16,97.05,149.57,431.67
synth,3,211,mixed,58,2105,701.92,197.55,139.33,1046.05,196.04,139.42,1046.1
synth,3,212,decode,58,58,146.05,77.68,95.56,328.08,77.21,96.19,327.46
synth,3,213,decode,58,58,113.85,64.74,80.07,263.74,64.57,80.58,263.71
synth,3,214,decode,58,58,108.71,63.27,77.02,253.72,63.06,77.21,253.65
synth,3,215,mixed,59,4154,518.52,194.48,162.1,882.49,193.07,162.26,882.39
synth,3,216,decode,59,59,123.21,75.08,98.42,305.0,74.9,98.58,304.3
synth,3,217,decode,59,59,113.79,64.52,88.15,271.9,64.44,88.54,271.7
synth,3,218,mixed,60,2107,502.83,196.07,134.13,839.72,194.67,134.32,840.0
synth,3,219,decode,60,60,120.51,77.34,114.77,320.31,76.78,103.24,307.85
synth,3,220,decode,60,60,113.15,66.01,83.74,267.95,65.84,84.05,267.61
synth,3,221,decode,60,60,110.12,65.14,75.55,255.0,64.93,75.72,254.76
synth,3,222,decode,60,60,113.4,65.83,89.04,273.67,65.69,89.23,273.08
synth,3,223,decode,60,60,109.81,72.21,75.23,261.66,72.0,75.48,261.4
synth,3,224,mixed,61,2108,539.03,200.28,134.06,880.11,198.2,134.29,880.28
synth,3,225,decode,61,61,146.51,81.55,97.57,333.46,81.14,97.82,326.27
synth,3,226,mixed,62,4157,533.23,201.9,162.29,904.02,200.68,162.56,904.44
synth,3,227,decode,62,62,124.63,79.4,97.18,309.59,79.21,97.57,308.84
synth,3,228,decode,62,62,114.32,73.76,77.62,270.69,73.63,77.71,270.23
synth,3,229,decode,62,62,113.14,67.04,83.75,269.24,66.89,84.11,268.89
synth,3,230,decode,62,62,109.17,64.35,74.8,252.59,64.25,75.01,252.38
synth,3,231,decode,62,62,113.24,73.19,83.19,274.56,73.12,83.24,273.97
synth,3,232,decode,62,62,109.28,66.73,81.01,261.48,66.58,81.3,261.42
synth,3,233,decode,62,62,131.3,89.72,84.69,311.04,89.54,84.63,295.69
synth,3,234,decode,62,62,108.8,65.91,76.75,256.04,65.69,76.99,255.69
synth,3,235,decode,62,62,113.44,66.06,75.26,258.67,65.92,75.47,258.59
synth,3,236,decode,62,62,110.37,67.09,83.83,266.23,67.07,84.15,266.02
synth,3,237,mixed,63,4158,543.81,199.61,163.72,913.86,199.16,164.07,915.39
synth,3,238,decode,63,63,127.71,81.81,103.18,322.77,81.34,103.53,322.11
synth,3,239,decode,63,63,131.75,77.05,91.33,306.58,77.03,91.44,306.08
synth,3,240,mixed,64,4159,620.17,209.18,166.11,1003.65,207.23,166.38,1004.03
synth,3,241,decode,64,64,128.72,78.53,93.89,309.73,78.22,94.24,308.79
synth,3,242,decode,64,64,115.76,102.03,97.15,320.11,90.72,96.99,308.12
synth,3,243,decode,64,64,114.06,69.45,75.01,263.15,69.26,75.21,262.93
synth,3,244,decode,64,64,109.83,68.36,74.23,256.1,68.23,74.46,256.17
synth,3,245,decode,64,64,119.64,69.78,81.07,275.37,69.54,81.37,275.11
synth,3,246,decode,64,64,111.62,69.89,77.17,263.57,69.78,77.1,263.39
synth,3,247,decode,64,64,112.34,67.47,77.97,262.65,67.39,78.15,262.13
synth,3,248,decode,64,64,111.17,69.13,76.8,261.12,69.08,76.96,261.1
synth,3,249,decode,64,64,112.28,69.31,80.36,266.59,69.14,80.99,266.68
synth,3,250,decode,64,64,112.51,75.69,74.04,266.88,75.53,74.26,266.44
synth,3,251,decode,64,64,108.82,68.31,103.94,285.59,68.14,96.36,277.57
synth,3,252,decode,64,64,113.01,75.61,77.92,271.59,75.48,78.11,271.29
synth,3,253,decode,64,64,109.53,69.07,75.96,259.61,68.93,76.12,258.96
synth,3,254,decode,64,64,115.64,70.9,83.07,275.54,70.67,83.25,274.56
synth,3,255,decode,64,64,119.5,69.21,82.15,275.52,68.66,82.41,275.11
synth,3,256,decode,63,63,115.08,127.91,87.91,336.3,127.9,88.04,335.93
synth,3,257,decode,63,63,114.98,66.52,76.96,263.89,66.34,77.28,263.35
synth,3,258,decode,63,63,117.99,69.62,87.22,280.45,69.51,88.01,280.14
synth,3,259,decode,63,63,118.79,74.5,82.85,280.92,74.57,83.12,280.65
synth,3,260,decode,62,62,114.43,124.87,84.69,329.64,124.9,84.79,328.76
synth,3,261,decode,62,62,114.67,67.46,79.63,266.88,67.04,79.91,266.27
synth,3,262,decode,61,61,151.1,122.92,87.0,366.24,122.55,87.13,357.14
synth,3,263,decode,60,60,114.1,123.27,83.43,326.31,123.22,83.56,325.78
synth,3,264,decode,60,60,114.81,64.98,82.8,267.62,64.87,82.94,266.91
synth,3,265,decode,60,60,116.75,71.78,84.84,279.18,71.63,85.05,278.23
synth,3,266,decode,59,59,110.76,116.74,79.49,312.05,116.68,79.56,311.3
synth,3,267,decode,58,58,121.58,113.66,85.51,326.69,113.68,85.63,326.1
synth,3,268,decode,58,58,128.22,74.35,84.31,292.34,74.34,84.44,291.57
synth,3,269,decode,58,58,117.88,63.8,87.68,275.63,63.34,87.96,274.57
synth,3,270,decode,58,58,116.65,65.37,92.65,279.68,65.23,92.85,278.98
synth,3,271,decode,58,58,126.76,63.82,96.38,293.75,63.16,96.56,292.11
synth,3,272,decode,57,57,112.14,124.81,92.22,334.86,124.82,92.29,333.78
synth,3,273,decode,57,57,112.52,63.28,91.96,272.8,63.18,92.24,272.24
synth,3,274,decode,56,56,112.98,132.09,99.54,350.42,132.31,99.3,349.12
synth,3,275,decode,56,56,126.66,63.02,102.77,298.63,62.52,103.03,297.47
synth,3,276,decode,55,55,122.94,131.98,105.8,366.9,131.96,105.86,365.74
synth,3,277,decode,55,55,117.95,60.91,86.87,271.43,60.75,87.41,270.98
synth,3,278,decode,55,55,114.72,60.95,87.19,268.71,60.86,87.44,268.15
synth,3,279,decode,54,54,109.58,109.33,88.99,313.15,109.27,89.18,312.51
synth,3,280,decode,54,54,110.49,65.94,88.25,269.22,69.48,88.43,272.66
synth,3,281,decode,54,54,110.38,59.0,92.59,268.04,58.57,92.9,266.88
synth,3,282,decode,54,54,108.08,58.31,80.43,252.35,58.17,80.6,251.42
synth,3,283,decode,54,54,112.58,67.8,84.19,270.35,67.48,84.33,269.45
synth,3,284,decode,54,54,105.92,58.73,74.24,243.33,58.67,74.47,243.08
synth,3,285,decode,54,54,109.62,58.11,75.88,247.73,58.13,75.96,247.45
synth,3,286,decode,53,53,112.16,128.71,79.87,326.1,128.75,80.04,325.63
synth,3,287,decode,53,53,112.83,58.64,76.62,253.19,58.54,76.79,252.49
synth,3,288,decode,53,53,112.12,58.22,79.47,254.84,58.09,79.7,254.15
synth,3,289,decode,52,52,106.61,117.2,74.88,303.25,117.12,74.95,302.99
synth,3,290,decode,51,51,107.16,105.53,76.88,294.33,105.68,77.01,293.89
synth,3,291,decode,51,51,111.57,56.18,80.41,253.89,55.98,80.98,253.52
synth,3,292,decode,51,51,108.04,64.13,77.85,254.49,63.54,77.92,254.2
synth,3,293,decode,51,51,110.69,63.13,80.45,259.42,63.01,80.61,259.04
synth,3,294,decode,51,51,107.56,54.86,78.34,245.84,54.8,78.51,244.99
synth,3,295,decode,50,50,110.68,106.4,76.57,298.15,106.43,76.58,297.65
synth,3,296,decode,50,50,106.88,55.05,79.0,245.91,54.91,79.23,245.18
synth,3,297,decode,50,50,103.5,54.2,71.51,233.58,54.16,71.68,233.2
synth,3,298,decode,49,49,102.62,126.35,108.0,341.38,114.79,108.21,329.54
synth,3,299,decode,48,48,106.89,110.58,74.5,296.75,110.59,74.54,296.24
synth,3,300,decode,48,48,104.91,52.99,73.38,236.02,52.73,73.59,235.85
synth,3,301,decode,48,48,106.77,59.73,77.24,248.63,59.57,77.42,248.06
synth,3,302,decode,48,48,103.97,57.23,70.05,235.18,57.27,70.17,235.32
synth,3,303,decode,48,48,100.92,52.44,67.83,225.31,52.36,68.04,225.04
synth,3,304,decode,48,48,104.13,52.64,77.06,238.85,52.52,77.32,237.89
synth,3,305,decode,48,48,105.01,59.1,74.68,243.63,59.04,74.8,243.32
synth,3,306,decode,48,48,105.06,57.64,72.98,240.19,57.64,73.15,239.85
synth,3,307,decode,47,47,105.74,104.09,77.68,292.55,104.39,77.54,292.05
synth,3,308,decode,47,47,104.89,52.09,73.3,234.2,52.0,73.53,234.12
synth,3,309,decode,47,47,100.48,51.2,70.77,226.29,51.19,71.11,226.26
synth,3,310,decode,47,47,104.71,51.08,74.26,234.85,50.95,74.45,234.39
synth,3,311,decode,47,47,101.08,51.14,69.86,226.26,51.11,70.02,226.0
synth,3,312,decode,47,47,98.05,51.01,67.48,220.35,50.93,67.65,220.3
synth,3,313,decode,47,47,102.14,51.64,75.57,234.24,51.48,75.71,233.93
synth,3,314,decode,47,47,101.22,51.27,72.41,229.18,51.18,72.61,229.13
synth,3,315,decode,47,47,104.34,51.04,68.65,228.02,50.86,68.93,227.84
synth,3,316,decode,47,47,100.91,51.0,73.29,230.3,50.84,73.46,229.76
synth,3,317,decode,47,47,102.09,56.65,69.59,232.16,56.65,69.68,232.1
synth,3,318,decode,47,47,99.74,62.43,98.42,264.31,55.11,98.81,257.27
synth,3,319,decode,47,47,105.36,50.68,71.59,231.64,50.49,71.72,231.44
synth,3,320,decode,46,46,98.97,106.26,76.15,285.05,106.39,76.1,285.05
synth,3,321,decode,46,46,138.4,59.71,77.12,280.07,59.2,77.13,269.54
synth,3,322,decode,46,46,101.52,55.93,68.43,229.67,55.95,68.54,229.67
synth,3,323,decode,46,46,104.22,52.96,73.95,235.63,52.7,74.3,235.56
synth,3,324,decode,46,46,109.31,60.91,82.51,257.98,60.52,82.82,257.44
synth,3,325,decode,46,46,111.45,57.37,74.03,247.8,57.56,74.01,246.94
synth,3,326,decode,45,45,101.94,104.7,71.43,282.23,104.87,71.37,282.13
synth,3,327,decode,45,45,102.14,49.05,70.86,226.8,48.94,71.08,226.64
synth,3,328,decode,45,45,101.18,54.49,71.56,231.22,54.52,71.65,231.11
synth,3,329,decode,45,45,100.55,49.54,70.33,224.75,49.47,70.49,224.51
synth,3,330,decode,45,45,99.93,49.59,72.97,226.63,49.41,73.37,226.63
synth,3,331,decode,45,45,97.4,48.95,68.4,218.31,48.89,68.87,218.56
synth,3,332,decode,45,45,97.13,49.6,67.45,217.7,49.5,67.71,217.78
synth,3,333,decode,44,44,100.5,101.35,75.72,282.05,101.41,75.68,281.59
synth,3,334,decode,44,44,101.24,48.32,71.56,225.19,48.24,71.75,225.08
synth,3,335,decode,43,43,108.06,95.74,74.16,281.91,95.67,74.16,281.7
synth,3,336,decode,43,43,103.64,47.85,74.95,231.22,47.72,75.11,230.88
synth,3,337,decode,43,43,99.89,53.22,67.46,224.21,53.2,67.55,224.14
synth,3,338,decode,43,43,99.69,52.48,68.36,224.76,52.41,68.56,224.65
synth,3,339,decode,42,42,117.78,98.31,71.93,291.84,98.19,72.23,286.63
synth,3,340,decode,42,42,98.91,51.8,67.83,222.36,51.72,67.96,222.1
synth,3,341,decode,42,42,95.38,47.23,66.2,212.44,47.17,66.4,212.5
synth,3,342,decode,42,42,95.23,45.87,65.0,209.31,45.83,65.23,209.36
synth,3,343,decode,42,42,99.42,47.36,72.72,223.26,47.22,72.93,223.27
synth,3,344,decode,42,42,99.22,51.96,68.52,223.09,51.93,68.7,223.1
synth,3,345,decode,42,42,96.13,46.37,65.82,211.72,46.27,66.04,211.78
synth,3,346,decode,41,41,97.2,96.47,74.48,272.16,96.46,74.52,271.7
synth,3,347,decode,41,41,98.82,51.31,66.01,219.46,51.31,66.02,219.47
synth,3,348,decode,41,41,94.34,46.42,65.44,209.82,46.29,65.71,209.92
synth,3,349,decode,41,41,97.69,46.29,71.42,219.56,46.19,71.58,219.1
synth,3,350,decode,40,40,96.62,94.27,71.28,265.71,94.38,71.18,265.61
synth,3,351,decode,40,40,103.18,45.78,68.83,221.54,45.6,69.05,221.59
synth,3,352,decode,39,39,99.8,93.46,74.12,271.77,93.44,73.97,271.2
synth,3,353,decode,38,38,97.69,93.96,68.34,263.62,93.98,68.43,263.61
synth,3,354,decode,38,38,97.87,44.11,67.32,213.25,43.97,67.54,213.12
synth,3,355,decode,37,37,95.37,94.99,66.09,259.78,94.99,66.21,259.75
synth,3,356,decode,37,37,96.13,42.59,67.79,210.33,42.5,67.93,210.17
synth,3,357,decode,37,37,96.04,41.96,67.37,208.69,41.91,67.55,208.62
synth,3,358,decode,36,36,94.81,87.89,68.79,254.93,87.9,68.86,254.86
synth,3,359,decode,36,36,96.56,41.31,68.78,210.85,41.25,68.97,210.55
synth,3,360,decode,36,36,95.57,41.67,67.38,208.71,41.5,67.61,208.43
synth,3,361,decode,36,36,92.06,41.07,63.54,199.71,40.92,63.77,199.83
synth,3,362,decode,36,36,94.33,42.08,68.48,209.19,41.86,68.61,208.59
synth,3,363,decode,36,36,95.77,42.92,68.71,211.35,42.72,68.88,211.08
synth,3,364,decode,36,36,92.25,40.77,63.27,199.24,40.72,63.48,199.27
synth,3,365,decode,36,36,91.35,40.66,62.46,198.02,40.59,62.66,197.88
synth,3,366,decode,35,35,96.57,93.24,73.97,267.8,93.17,73.99,267.28
synth,3,367,decode,35,35,94.56,40.93,72.47,211.69,40.78,72.77,211.48
synth,3,368,decode,35,35,94.04,41.68,65.1,204.21,41.51,65.34,204.14
synth,3,369,decode,35,35,94.97,45.49,66.55,210.63,45.29,66.62,210.41
synth,3,370,decode,35,35,94.89,39.99,66.37,205.19,39.82,66.55,204.97
synth,3,371,decode,35,35,91.6,40.94,63.27,198.84,40.94,63.42,198.85
synth,3,372,decode,35,35,92.67,40.28,65.93,202.31,40.16,66.2,202.33
synth,3,373,decode,35,35,91.56,39.85,63.04,197.59,39.74,63.25,197.61
synth,3,374,decode,35,35,93.46,40.5,68.82,206.67,40.39,69.0,206.33
synth,3,375,decode,35,35,91.6,39.83,63.39,198.33,39.72,63.52,198.4
synth,3,376,decode,35,35,90.72,40.27,62.86,196.69,40.19,63.01,196.65
synth,3,377,decode,34,34,129.37,91.55,71.23,296.2,90.95,71.3,289.5
synth,3,378,decode,34,34,96.75,39.51,68.12,208.2,39.4,68.32,208.2
synth,3,379,decode,33,33,91.21,89.48,67.25,251.45,89.5,67.35,251.11
synth,3,380,decode,33,33,92.53,37.97,65.14,199.63,37.84,65.53,199.37
synth,3,381,decode,33,33,94.43,39.33,73.23,211.51,39.29,73.44,211.17
synth,3,382,decode,33,33,90.77,38.54,67.17,199.41,38.47,67.3,199.39
synth,3,383,decode,33,33,90.97,38.85,68.23,201.25,38.83,68.44,201.11
synth,3,384,decode,33,33,89.06,37.99,68.89,200.95,37.95,69.02,199.63
synth,3,385,decode,33,33,103.01,41.19,83.53,232.94,41.11,83.69,232.28
synth,3,386,decode,32,32,101.3,100.58,82.08,288.91,100.37,82.05,288.26
synth,3,387,decode,31,31,111.91,87.67,82.83,288.29,87.7,83.09,287.95
synth,3,388,decode,31,31,110.52,39.02,82.18,237.23,38.77,82.47,239.83
synth,3,389,decode,31,31,94.66,36.64,70.53,205.6,36.57,70.69,205.56
synth,3,390,decode,31,31,96.38,37.66,71.86,211.01,37.38,72.25,210.45
synth,3,391,decode,31,31,93.75,37.01,70.35,205.53,36.95,70.47,205.07
synth,3,392,decode,30,30,95.45,54.12,77.34,231.1,53.87,77.44,230.5
synth,3,393,decode,30,30,94.3,37.57,69.81,205.58,37.47,70.0,205.34
synth,3,394,decode,30,30,94.2,35.93,78.16,211.92,35.56,78.96,212.22
synth,3,395,decode,28,28,99.41,80.28,82.91,266.56,80.39,82.76,265.68
synth,3,396,decode,28,28,101.25,36.69,88.05,230.58,36.56,88.24,230.24
synth,3,397,decode,28,28,98.36,35.04,86.23,223.95,34.96,86.4,223.1
synth,3,398,decode,28,28,94.41,35.02,72.77,205.6,34.97,73.02,205.55
synth,3,399,decode,27,27,95.23,51.24,76.16,226.95,51.21,76.33,226.26
synth,3,400,decode,27,27,100.28,34.54,83.47,222.85,34.17,83.7,222.25
synth,3,401,decode,26,26,94.18,50.58,80.78,229.62,50.69,80.94,228.97
synth,3,402,decode,26,26,95.71,33.76,80.39,213.29,33.76,80.76,213.61
synth,3,403,decode,26,26,94.43,34.7,77.03,210.16,34.61,77.26,209.56
synth,3,404,decode,26,26,97.42,33.18,87.83,222.71,33.44,87.94,222.37
synth,3,405,decode,26,26,104.37,33.5,80.67,222.86,33.35,80.8,222.32
synth,3,406,decode,26,26,95.2,34.3,87.45,220.79,34.0,87.72,220.76
synth,3,407,decode,25,25,95.59,50.13,84.37,234.39,50.14,84.24,233.4
synth,3,408,decode,25,25,135.36,34.12,87.68,262.23,33.7,91.29,258.74
synth,3,409,decode,25,25,94.86,33.3,78.06,210.37,32.87,78.24,209.96
synth,3,410,decode,23,23,102.57,62.91,79.79,249.0,63.21,79.55,248.75
synth,3,411,decode,23,23,96.89,30.9,71.61,203.87,30.77,71.52,202.94
synth,3,412,decode,23,23,91.17,30.74,74.42,199.98,30.62,74.63,199.49
synth,3,413,decode,22,22,96.67,47.25,78.87,228.13,46.92,79.02,226.93
synth,3,414,decode,22,22,95.36,30.12,69.27,198.46,29.97,69.32,198.14
synth,3,415,decode,22,22,97.18,28.98,77.02,207.63,28.8,77.22,206.66
synth,3,416,decode,22,22,90.97,28.88,69.45,192.62,28.77,69.62,192.47
synth,3,417,decode,22,22,89.79,29.29,79.16,202.07,29.14,79.34,201.69
synth,3,418,decode,22,22,91.85,30.44,86.88,213.35,30.2,87.11,212.84
synth,3,419,decode,21,21,89.11,44.86,76.67,214.6,44.67,76.83,214.43
synth,3,420,decode,20,20,91.95,42.42,79.8,217.8,42.36,79.91,217.61
synth,3,421,decode,20,20,96.73,28.87,77.31,206.89,28.77,77.54,206.35
synth,3,422,decode,19,19,91.67,54.36,114.21,263.81,47.86,114.46,257.24
synth,3,423,decode,19,19,93.08,26.79,77.47,201.05,26.61,77.65,200.78
synth,3,424,decode,19,19,90.65,27.11,82.24,203.65,27.32,82.27,203.48
synth,3,425,decode,19,19,87.31,27.05,79.14,196.93,27.04,79.22,196.9
synth,3,426,decode,19,19,88.77,25.3,75.0,193.02,25.05,75.15,192.28
synth,3,427,decode,19,19,95.68,26.23,75.29,200.46,26.12,75.74,200.65
synth,3,428,decode,18,18,93.24,43.74,91.77,233.76,43.82,91.91,233.18
synth,3,429,decode,17,17,100.4,42.92,83.52,230.59,42.72,83.71,230.44
synth,3,430,decode,17,17,101.69,25.6,89.42,221.79,25.34,89.63,220.71
synth,3,431,decode,17,17,95.58,23.41,79.81,202.48,23.36,80.02,202.28
synth,3,432,decode,16,16,97.17,40.72,94.69,236.89,40.71,94.86,236.45
synth,3,433,decode,15,15,92.94,36.88,79.09,213.53,36.73,79.27,212.86
synth,3,434,decode,15,15,93.26,22.43,80.17,200.25,22.38,80.39,199.67
synth,3,435,decode,15,15,89.23,21.41,81.2,195.19,21.35,81.37,194.98
synth,3,436,decode,15,15,89.25,21.22,80.41,194.57,21.29,80.84,194.66
synth,3,437,decode,15,15,86.34,20.95,76.07,187.26,20.86,76.29,186.67
synth,3,438,decode,15,15,88.78,22.65,78.48,193.49,22.65,78.65,193.12
synth,3,439,decode,15,15,92.35,21.91,82.13,200.76,21.65,82.31,199.84
synth,3,440,decode,15,15,86.22,21.18,73.25,183.94,20.97,73.51,183.83
synth,3,441,decode,15,15,84.85,20.82,76.98,186.09,21.02,77.03,185.77
synth,3,442,decode,15,15,87.35,20.97,77.13,189.16,20.87,77.59,189.27
synth,3,443,decode,15,15,83.8,20.94,72.52,180.46,21.12,72.68,180.65
synth,3,444,decode,14,14,86.79,33.74,75.38,199.59,33.7,75.51,199.02
synth,3,445,decode,14,14,89.8,19.76,76.63,189.83,19.39,76.81,189.24
synth,3,446,decode,14,14,86.06,20.26,68.72,178.13,20.26,68.85,178.24
synth,3,447,decode,14,14,85.67,20.47,69.96,179.06,20.38,70.22,178.99
synth,3,448,decode,14,14,84.24,20.22,65.5,173.03,20.21,65.74,172.96
synth,3,449,decode,13,13,83.76,32.67,68.57,188.31,32.64,68.65,187.92
synth,3,450,decode,13,13,84.03,19.54,66.73,174.05,19.42,66.76,173.61
synth,3,451,decode,12,12,102.11,32.96,73.48,212.77,32.73,73.79,212.08
synth,3,452,decode,11,11,85.8,30.17,70.87,190.86,30.11,71.03,190.39
synth,3,453,decode,10,10,82.7,29.98,66.81,182.43,29.98,66.83,182.54
synth,3,454,decode,10,10,83.09,16.72,66.0,169.02,16.4,66.28,168.89
synth,3,455,decode,9,9,81.45,27.38,69.8,181.52,27.34,69.94,181.3
synth,3,456,decode,9,9,80.81,15.41,61.93,161.0,15.5,62.0,161.16
synth,3,457,decode,9,9,78.54,15.06,62.24,159.07,15.22,62.36,158.9
synth,3,458,decode,9,9,80.49,15.35,60.81,159.68,15.46,60.96,159.65
synth,3,459,decode,9,9,82.21,15.76,69.04,170.68,15.47,69.46,170.43
synth,3,460,decode,9,9,79.22,14.59,64.22,161.19,14.48,64.52,161.02
synth,3,461,decode,9,9,79.16,14.95,63.84,161.1,14.94,63.92,161.01
synth,3,462,decode,9,9,83.09,15.57,64.13,166.05,15.43,64.29,165.81
synth,3,463,decode,9,9,80.7,14.8,61.35,160.04,14.61,61.58,160.17
synth,3,464,decode,8,8,83.22,27.21,65.85,178.94,27.34,66.0,179.24
synth,3,465,decode,7,7,86.67,25.69,66.9,182.25,25.65,67.06,182.23
synth,3,466,decode,7,7,85.94,14.12,67.79,171.06,13.96,68.04,171.02
synth,3,467,decode,6,6,96.04,34.58,82.83,217.13,34.73,82.88,210.56
synth,3,468,decode,6,6,81.71,12.54,58.28,155.53,12.36,58.43,155.58
synth,3,469,decode,6,6,78.49,12.38,59.12,152.98,12.27,59.49,153.0
synth,3,470,decode,6,6,76.08,12.24,58.64,149.71,12.09,58.85,149.49
synth,3,471,decode,5,5,75.84,23.21,59.09,160.89,23.14,59.21,160.71
synth,3,472,decode,5,5,77.8,11.22,58.16,149.98,11.07,58.36,150.01
synth,3,473,decode,5,5,79.04,11.28,61.26,154.52,11.2,61.43,154.29
synth,3,474,decode,4,4,77.96,21.99,59.69,162.41,21.93,59.82,162.45
synth,3,475,decode,4,4,85.49,10.71,61.18,160.38,10.39,61.42,160.46
synth,3,476,decode,4,4,77.48,9.86,61.63,151.6,9.74,61.86,151.66
synth,3,477,decode,4,4,75.76,9.54,60.12,148.29,9.42,60.51,148.5
synth,3,478,decode,4,4,78.96,10.56,65.13,158.05,10.24,65.34,157.83
synth,3,479,decode,4,4,75.33,10.01,58.51,146.37,9.94,58.72,146.45
synth,3,480,decode,3,3,74.7,21.84,60.69,159.88,21.81,60.84,160.0
synth,3,481,decode,3,3,75.56,9.06,59.09,146.54,9.0,59.26,146.61
synth,3,482,decode,2,2,75.12,21.42,59.87,159.28,21.36,59.98,159.34
synth,3,483,decode,2,2,75.49,8.01,57.92,144.2,7.92,58.14,144.33
synth,3,484,decode,2,2,75.11,8.36,58.11,144.33,8.12,58.3,144.31
synth,3,485,decode,2,2,86.76,8.01,59.18,156.59,7.87,59.37,156.57
synth,3,486,decode,2,2,73.84,8.01,59.78,144.1,7.83,60.16,144.27
synth,3,487,decode,2,2,75.45,8.13,59.16,145.26,7.97,59.31,145.36
synth,3,488,decode,2,2,76.03,8.52,59.47,146.64,8.4,59.66,146.47
synth,3,489,decode,2,2,74.67,7.88,57.22,142.21,7.78,57.42,142.31
synth,3,490,decode,2,2,74.23,7.99,57.34,141.84,7.81,57.57,141.89
synth,3,491,decode,2,2,80.15,8.1,62.96,154.83,7.99,63.26,154.47
synth,3,492,decode,2,2,75.0,8.33,58.65,144.69,8.19,58.82,144.59
synth,3,493,decode,1,1,74.53,18.79,60.43,156.37,18.85,60.68,156.54
synth,3,494,decode,1,1,74.57,6.84,57.21,141.08,6.79,57.36,141.2
synth,3,495,decode,1,1,78.42,7.16,56.69,144.67,7.03,56.82,144.73
synth,4,0,prefill,1,4096,775.98,173.88,235.81,1194.01,172.02,236.22,1191.47
synth,4,1,decode,1,1,140.86,23.92,122.57,296.2,23.76,122.98,295.47
synth,4,2,decode,1,1,94.49,8.28,70.23,176.66,8.15,70.58,176.83
synth,4,3,decode,1,1,91.92,8.37,87.92,191.27,7.84,74.5,177.73
synth,4,4,mixed,2,4097,625.65,166.32,204.27,1002.71,164.28,204.13,1002.85
synth,4,5,decode,2,2,124.7,23.03,120.27,276.19,22.92,120.4,275.11
synth,4,6,mixed,3,4098,655.97,196.77,193.73,1052.72,187.36,194.34,1046.36
synth,4,7,mixed,4,2051,633.58,178.91,178.12,1000.41,176.77,178.54,999.88
synth,4,8,decode,4,4,125.48,28.16,124.21,285.95,27.69,124.4,284.68
synth,4,9,decode,4,4,95.53,13.06,74.46,186.77,12.76,74.62,186.82
synth,4,10,mixed,5,2052,657.4,171.85,167.57,1002.08,170.52,167.69,1002.86
synth,4,11,mixed,6,2053,642.02,174.87,172.95,999.0,173.15,173.69,998.7
synth,4,12,decode,6,6,126.13,27.76,120.03,283.05,27.38,120.18,281.47
synth,4,13,decode,6,6,96.85,15.03,80.32,196.25,15.02,80.41,196.1
synth,4,14,decode,6,6,98.76,15.2,88.5,206.69,14.94,88.65,206.56
synth,4,15,decode,6,6,90.62,13.75,83.28,192.15,13.43,83.5,191.1
synth,4,16,mixed,7,4102,661.79,170.69,193.08,1032.08,168.31,193.35,1032.48
synth,4,17,decode,7,7,122.68,29.38,136.27,296.35,29.3,129.11,287.66
synth,4,18,mixed,8,4103,624.18,168.73,194.26,993.13,167.85,194.46,993.52
synth,4,19,decode,8,8,120.28,30.26,118.22,278.0,30.07,118.52,276.91
synth,4,20,mixed,9,2056,620.15,168.71,151.57,946.67,167.41,151.59,938.84
synth,4,21,decode,9,9,111.95,27.2,99.81,246.86,27.07,100.0,245.15
synth,4,22,decode,9,9,97.12,17.05,71.96,189.86,16.93,72.27,189.99
synth,4,23,mixed,10,2057,609.23,235.12,157.65,1007.86,219.05,157.5,994.42
synth,4,24,decode,10,10,121.49,30.55,100.56,260.26,30.13,100.87,259.25
synth,4,25,decode,10,10,96.52,18.11,75.84,194.5,17.98,76.22,194.71
synth,4,26,decode,10,10,89.95,18.16,65.96,177.09,18.26,66.14,177.39
synth,4,27,decode,10,10,93.57,20.03,74.67,191.61,19.63,74.83,191.72
synth,4,28,decode,10,10,93.56,18.69,82.85,199.59,18.54,83.05,198.89
synth,4,29,decode,10,10,86.81,17.42,77.54,185.14,17.28,77.84,185.02
synth,4,30,mixed,11,4106,629.97,171.31,178.8,985.66,168.77,179.07,986.53
synth,4,31,decode,11,11,120.76,32.39,108.29,269.85,32.2,108.45,267.95
synth,4,32,decode,11,11,94.07,19.27,69.25,186.47,19.2,69.5,186.54
synth,4,33,mixed,12,2059,611.12,171.32,137.57,925.44,169.61,137.73,925.61
synth,4,34,mixed,13,4108,634.38,172.85,188.11,1004.35,171.55,188.38,990.59
synth,4,35,decode,13,13,114.95,33.01,96.27,250.86,32.9,96.54,250.56
synth,4,36,decode,13,13,91.94,20.81,68.54,185.75,20.54,68.77,185.05
synth,4,37,decode,13,13,86.47,19.84,100.64,210.08,19.66,92.27,201.55
synth,4,38,decode,13,13,91.58,19.81,67.35,182.56,19.53,67.61,182.36
synth,4,39,mixed,14,2061,601.52,168.71,143.89,919.21,166.93,144.23,919.77
synth,4,40,decode,14,14,101.5,30.67,84.44,222.58,30.56,84.62,222.28
synth,4,41,decode,14,14,95.26,21.72,71.8,192.8,21.58,72.11,192.57
synth,4,42,mixed,15,2062,564.31,166.83,134.23,870.48,164.88,134.41,870.63
synth,4,43,mixed,16,4111,597.04,171.06,173.12,950.07,169.4,173.59,943.0
synth,4,44,decode,16,16,108.05,33.08,85.89,233.83,32.98,86.05,233.27
synth,4,45,decode,16,16,90.69,22.95,64.21,181.23,22.89,64.38,181.3
synth,4,46,decode,16,16,86.64,26.98,70.13,186.85,27.18,70.09,186.96
synth,4,47,decode,16,16,88.88,22.97,67.03,182.51,22.8,67.15,182.38
synth,4,48,decode,16,16,84.52,22.46,62.29,172.01,22.38,62.51,172.09
synth,4,49,decode,16,16,84.29,22.31,60.34,169.79,22.21,60.53,169.9
synth,4,50,decode,16,16,83.34,21.65,59.95,167.86,21.48,60.17,168.01
synth,4,51,mixed,17,2064,579.6,170.81,137.59,893.06,168.83,137.45,893.48
synth,4,52,decode,17,17,109.29,35.2,88.08,239.35,35.01,88.37,239.02
synth,4,53,decode,17,17,92.52,23.86,65.23,185.24,23.78,65.44,185.32
synth,4,54,decode,17,17,90.02,24.03,65.62,183.07,23.92,65.82,182.93
synth,4,55,decode,17,17,86.86,22.73,61.14,173.65,22.7,61.31,173.74
synth,4,56,decode,17,17,97.22,23.79,67.11,191.65,23.59,67.35,191.43
synth,4,57,decode,17,17,87.23,22.79,61.05,173.86,29.34,61.24,180.56
synth,4,58,decode,17,17,84.1,22.81,60.37,170.13,22.72,60.48,170.13
synth,4,59,decode,17,17,83.82,22.7,57.58,166.8,22.59,57.77,166.85
synth,4,60,decode,17,17,82.55,22.83,59.2,167.36,22.72,59.41,167.34
synth,4,61,decode,17,17,81.69,22.78,59.44,166.85,22.7,59.61,166.93
synth,4,62,decode,17,17,82.58,22.94,86.77,195.3,22.86,81.7,190.15
synth,4,63,decode,17,17,87.97,24.42,63.98,179.97,24.38,64.13,179.73
synth,4,64,mixed,18,4113,595.46,170.99,161.24,933.13,169.29,161.41,933.46
synth,4,65,decode,18,18,129.55,36.69,88.22,261.71,36.38,88.45,252.0
synth,4,66,decode,18,18,94.34,25.98,68.08,192.24,25.68,68.41,192.38
synth,4,67,decode,18,18,88.25,24.69,62.26,178.34,24.56,62.47,178.34
synth,4,68,decode,18,18,86.58,24.41,60.91,174.81,24.31,61.03,174.83
synth,4,69,decode,18,18,84.99,23.94,59.56,171.22,23.85,59.69,171.25
synth,4,70,mixed,19,4114,586.45,218.42,163.27,973.04,212.0,163.09,968.21
synth,4,71,decode,19,19,109.28,36.93,81.1,234.1,36.82,81.31,233.83
synth,4,72,decode,19,19,90.76,27.11,64.49,185.74,27.01,64.74,185.8
synth,4,73,decode,19,19,87.55,26.68,63.49,180.89,26.58,63.81,180.96
synth,4,74,decode,19,19,96.48,27.35,69.31,197.19,27.25,69.58,196.93
synth,4,75,decode,19,19,88.82,26.71,64.17,182.98,26.62,64.36,182.86
synth,4,76,decode,19,19,86.36,26.1,60.72,176.02,26.01,60.89,176.07
synth,4,77,mixed,20,2067,625.1,176.2,137.8,944.68,174.11,138.12,945.09
synth,4,78,decode,20,20,109.83,38.87,85.77,241.45,38.63,86.14,241.0
synth,4,79,mixed,21,2068,559.75,174.2,134.14,873.76,172.47,133.94,873.9
synth,4,80,decode,21,21,119.17,42.41,97.3,266.26,42.34,97.35,265.73
synth,4,81,decode,21,21,98.63,29.43,68.11,199.74,29.26,68.33,199.72
synth,4,82,decode,21,21,91.41,29.05,63.57,186.99,28.9,63.73,186.97
synth,4,83,mixed,22,4117,611.84,197.12,186.23,1000.96,185.42,186.15,990.7
synth,4,84,decode,22,22,112.08,42.15,87.43,249.21,41.9,87.65,248.73
synth,4,85,decode,22,22,95.42,29.94,65.94,195.01,29.84,66.1,194.98
synth,4,86,decode,22,22,99.27,30.23,66.2,199.34,30.01,66.45,199.39
synth,4,87,decode,22,22,93.43,29.64,67.22,194.25,29.55,67.38,193.93
synth,4,88,decode,22,22,89.56,29.26,62.47,184.54,29.07,62.69,184.59
synth,4,89,decode,22,22,86.3,28.95,61.3,179.75,28.87,61.47,179.86
synth,4,90,mixed,23,4118,602.77,173.04,159.46,940.22,171.62,159.33,940.48
synth,4,91,decode,23,23,110.06,41.38,91.51,250.22,41.21,91.69,249.85
synth,4,92,decode,23,23,94.43,30.29,72.55,200.71,30.14,72.83,200.8
synth,4,93,decode,23,23,94.08,30.89,65.8,193.9,30.78,65.97,193.86
synth,4,94,mixed,24,2071,538.41,173.44,135.75,852.74,171.75,139.94,857.01
synth,4,95,decode,24,24,103.85,40.11,79.86,229.98,39.97,80.04,229.58
synth,4,96,mixed,25,2072,548.65,174.07,128.91,857.1,172.33,129.1,843.05
synth,4,97,mixed,26,2073,511.5,174.87,130.52,824.68,173.85,130.57,824.68
synth,4,98,decode,26,26,107.07,43.06,87.81,244.96,42.97,87.93,244.4
synth,4,99,mixed,27,2074,490.51,175.15,131.72,802.98,173.44,132.02,803.35
synth,4,100,decode,27,27,109.11,45.75,88.43,249.94,45.59,88.62,249.43
synth,4,101,decode,27,27,95.05,33.93,67.38,200.1,33.78,67.59,200.08
synth,4,102,mixed,28,2075,494.87,177.36,135.25,812.36,175.64,135.24,812.73
synth,4,103,decode,28,28,108.7,46.33,86.17,248.11,46.19,86.31,247.46
synth,4,104,decode,28,28,95.15,35.24,68.63,202.54,35.07,68.78,202.61
synth,4,105,decode,28,28,94.74,34.86,68.65,202.02,34.71,68.86,201.86
synth,4,106,decode,28,28,96.38,35.06,71.91,207.4,34.94,72.06,207.13
synth,4,107,decode,28,28,95.85,33.53,64.7,197.47,33.51,64.89,197.49
synth,4,108,decode,28,28,88.75,34.1,63.6,189.49,34.06,63.74,189.55
synth,4,109,decode,28,28,89.24,33.22,62.49,187.95,33.12,62.69,188.02
synth,4,110,mixed,29,2076,552.77,177.08,133.49,869.07,175.7,133.72,869.31
synth,4,111,decode,29,29,106.02,53.16,86.25,252.15,53.21,86.26,251.95
synth,4,112,decode,29,29,97.15,44.19,98.22,243.34,38.4,98.4,237.65
synth,4,113,decode,29,29,95.88,36.24,67.27,203.22,36.18,67.34,202.98
synth,4,114,decode,29,29,91.8,34.84,63.75,193.75,34.76,63.92,193.77
synth,4,115,decode,29,29,91.13,35.01,64.78,194.01,34.9,64.97,194.08
synth,4,116,decode,29,29,90.8,34.85,62.79,191.73,34.75,62.91,191.72
synth,4,117,decode,29,29,99.43,35.92,70.92,209.74,35.74,71.1,209.64
synth,4,118,decode,29,29,90.02,35.01,63.4,191.91,34.85,63.59,191.84
synth,4,119,decode,29,29,88.73,34.68,62.68,189.13,34.68,62.79,189.19
synth,4,120,decode,29,29,88.78,34.84,61.62,188.37,34.79,61.8,188.5
synth,4,121,mixed,30,2077,556.53,187.14,136.14,885.86,185.71,136.23,886.01
synth,4,122,decode,30,30,108.54,47.35,85.33,247.96,47.28,85.44,247.61
synth,4,123,mixed,31,2078,548.8,180.97,133.69,869.95,178.88,140.14,876.43
synth,4,124,decode,31,31,108.52,46.71,82.97,244.64,46.59,82.97,244.25
synth,4,125,decode,31,31,103.02,39.05,73.83,220.59,38.97,73.96,220.14
synth,4,126,decode,31,31,96.55,38.31,66.24,204.56,38.18,66.38,204.54
synth,4,127,decode,31,31,100.32,37.21,65.13,205.99,37.09,65.37,206.03
synth,4,128,decode,31,31,93.93,37.6,68.35,203.22,37.52,68.59,203.22
synth,4,129,decode,31,31,103.97,44.52,74.2,226.7,44.49,74.24,226.47
synth,4,130,mixed,32,2079,612.84,187.03,138.89,945.73,185.05,139.08,945.66
synth,4,131,mixed,33,2080,558.71,184.37,135.29,887.1,182.49,135.41,886.87
synth,4,132,decode,33,33,113.01,49.53,85.82,255.31,49.41,86.04,255.12
synth,4,133,decode,33,33,107.41,48.63,82.23,243.51,48.49,82.43,242.82
synth,4,134,decode,33,33,107.88,40.09,75.54,228.71,40.06,75.68,228.02
synth,4,135,decode,33,33,103.05,45.8,72.72,225.44,45.78,72.84,225.16
synth,4,136,mixed,34,2081,613.64,193.95,141.33,954.93,192.14,141.54,946.19
synth,4,137,decode,34,34,117.02,56.1,90.47,270.9,56.08,90.51,270.07
synth,4,138,decode,34,34,134.76,45.38,83.23,267.74,45.11,83.58,252.51
synth,4,139,mixed,36,4130,947.42,330.45,184.23,1469.73,328.49,184.14,1469.47
synth,4,140,decode,36,36,134.43,67.77,116.33,328.55,67.52,116.41,327.0
synth,4,141,decode,36,36,112.99,47.74,88.01,254.69,47.41,88.69,254.26
synth,4,142,decode,36,36,114.31,47.9,103.14,270.44,47.61,103.25,269.5
synth,4,143,mixed,37,4132,591.09,196.5,198.96,993.86,195.09,199.22,993.54
synth,4,144,decode,37,37,124.29,59.74,119.17,311.49,59.44,119.18,310.68
synth,4,145,mixed,38,4133,561.71,200.98,187.65,958.03,199.16,187.71,957.47
synth,4,146,decode,38,38,125.61,64.39,116.03,314.87,64.35,116.11,312.97
synth,4,147,decode,38,38,115.17,63.06,98.9,282.73,62.79,99.17,281.77
synth,4,148,decode,38,38,114.08,52.55,105.39,277.65,52.25,105.64,276.64
synth,4,149,decode,38,38,113.0,56.66,97.18,272.08,56.64,97.67,271.39
synth,4,150,decode,38,38,112.02,47.94,101.57,266.91,47.64,102.02,266.16
synth,4,151,mixed,39,4134,614.35,202.33,202.0,1026.42,200.47,201.77,1025.25
synth,4,152,decode,39,39,125.18,67.97,112.26,313.85,67.72,113.05,313.33
synth,4,153,decode,39,39,110.58,50.52,94.12,260.87,50.33,94.55,260.39
synth,4,154,mixed,41,6183,965.8,330.31,241.34,1545.52,328.96,241.3,1533.63
synth,4,155,decode,41,41,146.01,72.78,128.92,360.27,72.61,129.3,358.95
synth,4,156,decode,41,41,112.07,51.25,83.83,252.24,50.85,84.04,251.78
synth,4,157,mixed,42,4137,619.59,236.61,204.61,1067.37,220.92,204.59,1053.25
synth,4,158,decode,42,42,121.33,64.51,105.96,300.65,64.5,106.09,299.18
synth,4,159,decode,42,42,144.0,60.94,90.39,300.81,60.67,90.58,300.2
synth,4,160,decode,42,42,111.11,50.96,88.95,255.82,50.81,89.14,255.3
synth,4,161,decode,42,42,108.34,51.24,84.4,248.98,50.69,84.63,248.3
synth,4,162,decode,42,42,120.76,58.42,91.48,276.23,58.36,91.6,275.61
synth,4,163,mixed,43,2090,617.41,205.75,155.48,985.69,204.58,155.55,985.46
synth,4,164,mixed,44,2091,554.79,212.05,147.37,924.21,210.27,147.22,923.17
synth,4,165,decode,44,44,133.35,63.17,101.97,307.47,63.06,102.04,306.41
synth,4,166,mixed,45,4140,590.02,202.1,174.25,973.42,200.7,174.4,973.54
synth,4,167,decode,45,45,121.82,64.25,100.28,295.1,64.03,100.5,294.24
synth,4,168,decode,45,45,110.88,57.9,78.17,251.31,57.86,78.42,251.23
synth,4,169,decode,45,45,110.66,51.5,80.03,247.06,51.37,80.22,246.77
synth,4,170,decode,45,45,105.84,52.22,81.16,244.03,52.15,81.28,243.72
synth,4,171,decode,45,45,106.15,57.41,77.21,245.04,57.42,77.37,244.77
synth,4,172,mixed,46,4141,605.47,204.64,168.04,984.92,203.41,168.1,975.43
synth,4,173,mixed,47,4142,559.76,202.92,166.91,939.01,201.46,166.91,938.68
synth,4,174,decode,47,47,121.11,64.55,101.74,295.69,64.31,101.91,294.75
synth,4,175,decode,47,47,111.71,71.27,111.91,299.38,64.69,112.12,292.87
synth,4,176,mixed,48,2095,573.69,198.34,139.94,918.06,196.72,140.06,924.62
synth,4,177,mixed,49,4144,558.27,204.82,173.07,945.81,203.35,173.14,945.85
synth,4,178,decode,49,49,140.08,71.41,110.31,331.22,71.25,110.54,330.1
synth,4,179,decode,49,49,115.35,55.21,84.0,259.91,54.97,84.21,259.7
synth,4,180,decode,49,49,113.1,61.55,77.32,256.95,61.38,77.54,256.4
synth,4,181,decode,49,49,112.22,55.4,87.38,260.29,55.29,87.85,260.2
synth,4,182,decode,49,49,111.32,54.05,75.16,244.97,53.79,75.53,244.85
synth,4,183,decode,49,49,103.98,53.63,74.45,235.58,53.53,74.64,235.64
synth,4,184,decode,49,49,110.89,54.54,81.42,251.89,54.37,81.67,251.57
synth,4,185,decode,49,49,115.79,54.26,79.79,254.16,54.05,80.05,254.04
synth,4,186,decode,49,49,152.19,57.52,82.27,298.23,56.88,82.52,285.97
synth,4,187,decode,49,49,105.37,54.33,73.76,237.52,54.13,74.01,237.54
synth,4,188,mixed,50,4145,620.79,203.06,167.53,997.05,201.45,167.88,997.71
synth,4,189,decode,50,50,125.06,67.06,99.66,299.35,66.73,99.89,298.83
synth,4,190,decode,50,50,110.43,77.67,103.69,295.96,67.21,103.84,285.46
synth,4,191,decode,50,50,108.64,55.82,77.85,247.07,55.72,78.14,246.81
synth,4,192,decode,50,50,109.69,55.61,76.56,246.35,55.43,76.79,246.13
synth,4,193,mixed,51,2098,598.45,203.64,139.43,948.73,201.76,139.72,948.66
synth,4,194,decode,51,51,120.77,66.11,117.87,312.38,65.78,111.79,305.79
synth,4,195,mixed,52,4147,587.63,201.03,171.77,967.79,200.14,171.75,967.76
synth,4,196,mixed,53,4148,558.75,203.84,174.75,946.23,210.2,174.72,953.78
synth,4,197,mixed,54,4149,544.43,216.76,185.69,956.33,215.29,185.78,955.98
synth,4,198,decode,54,54,123.32,75.46,126.03,333.13,75.29,120.19,326.53
synth,4,199,mixed,55,4150,558.71,204.11,185.82,954.78,203.25,186.3,955.23
synth,4,200,decode,55,55,122.16,71.93,96.22,297.71,71.8,96.4,297.25
synth,4,201,decode,55,55,111.64,60.78,77.37,254.26,60.68,77.54,254.26
synth,4,202,decode,55,55,115.02,61.01,81.91,263.59,60.85,82.19,262.98
synth,4,203,decode,55,55,110.57,59.52,73.5,247.56,59.34,73.59,247.41
synth,4,204,decode,55,55,107.98,59.77,78.7,250.51,59.62,78.98,250.39
synth,4,205,decode,55,55,113.95,60.69,82.22,261.21,60.55,82.44,260.8
synth,4,206,decode,55,55,110.33,66.47,74.31,254.91,66.36,74.49,254.96
synth,4,207,decode,55,55,152.69,66.38,81.72,305.7,65.87,81.67,293.28
synth,4,208,mixed,56,4151,569.92,209.54,184.87,970.87,208.3,184.95,971.16
synth,4,209,mixed,57,2104,545.34,223.12,142.8,921.08,221.63,142.64,920.62
synth,4,210,decode,57,57,128.86,72.94,97.53,307.5,72.72,97.82,306.82
synth,4,211,mixed,58,2105,558.37,209.63,137.66,912.06,208.3,137.69,912.28
synth,4,212,decode,58,58,126.75,84.6,101.0,320.77,84.56,100.97,319.98
synth,4,213,decode,58,58,119.77,62.43,79.83,266.9,62.38,80.03,266.85
synth,4,214,decode,58,58,115.75,63.27,86.43,270.51,63.15,86.66,270.08
synth,4,215,mixed,59,4154,572.04,206.75,165.55,950.83,205.2,165.83,951.19
synth,4,216,decode,59,59,125.58,74.95,101.28,309.86,74.85,101.44,309.23
synth,4,217,decode,59,59,122.53,70.99,93.32,292.0,70.96,93.48,291.81
synth,4,218,mixed,60,2107,558.07,217.01,146.04,928.23,216.19,146.1,928.11
synth,4,219,decode,60,60,132.85,81.53,100.82,323.58,81.48,100.98,323.12
synth,4,220,decode,60,60,124.49,70.09,113.2,312.74,69.96,102.63,301.96
synth,4,221,decode,60,60,124.23,70.42,92.12,292.21,70.27,92.35,291.24
synth,4,222,decode,60,60,119.63,69.24,90.93,284.45,69.4,91.03,284.39
synth,4,223,decode,60,60,125.38,76.66,95.51,302.62,76.49,95.72,302.31
synth,4,224,mixed,61,2108,596.14,224.42,187.63,1016.6,223.56,175.45,1004.18
synth,4,225,decode,61,61,138.28,86.53,117.24,350.9,86.6,117.36,350.03
synth,4,226,mixed,62,4157,572.41,229.6,194.25,1004.01,228.25,194.41,1003.78
synth,4,227,decode,62,62,152.46,94.32,130.91,387.56,94.12,131.39,386.34
synth,4,228,decode,62,62,143.64,90.22,115.17,355.26,89.96,115.55,354.32
synth,4,229,decode,62,62,123.17,76.34,114.29,320.11,75.78,114.69,319.12
synth,4,230,decode,62,62,121.48,71.01,111.05,309.16,70.9,111.38,308.05
synth,4,231,decode,62,62,134.54,81.52,108.32,330.84,81.45,108.45,329.99
synth,4,232,decode,62,62,124.3,71.77,116.21,317.8,71.27,116.62,316.9
synth,4,233,decode,62,62,145.41,73.14,121.86,346.51,72.57,122.24,345.22
synth,4,234,decode,62,62,133.42,76.23,105.3,320.32,75.95,105.58,319.61
synth,4,235,decode,62,62,127.68,71.16,108.59,313.23,71.05,108.8,312.3
synth,4,236,decode,62,62,120.84,71.35,106.18,303.84,71.21,106.52,303.24
synth,4,237,mixed,63,4158,602.81,220.25,188.36,1019.33,218.78,188.79,1018.91
synth,4,238,decode,63,63,129.62,84.82,125.09,348.51,84.64,125.26,347.3
synth,4,239,decode,63,63,131.98,81.2,108.42,327.65,81.1,108.52,326.41
synth,4,240,mixed,64,4159,548.53,217.81,182.23,955.7,216.03,190.49,963.25
synth,4,241,decode,64,64,143.63,87.35,131.44,371.73,87.3,131.7,370.38
synth,4,242,decode,64,64,122.64,72.39,99.62,300.03,72.14,100.09,299.53
synth,4,243,decode,64,64,121.94,73.36,105.05,306.17,73.06,105.18,304.98
synth,4,244,decode,64,64,116.82,68.51,97.26,287.87,68.37,97.49,286.7
synth,4,245,decode,64,64,118.81,72.21,100.7,297.2,72.04,100.94,296.46
synth,4,246,decode,64,64,114.39,68.2,93.51,280.83,68.08,93.9,280.59
synth,4,247,decode,64,64,111.97,68.35,88.46,274.01,68.05,88.65,273.0
synth,4,248,decode,64,64,113.25,69.16,79.68,266.3,69.03,79.88,266.29
synth,4,249,decode,64,64,110.09,69.82,120.46,304.96,69.72,114.57,298.42
synth,4,250,decode,64,64,113.45,77.22,77.03,272.4,77.19,81.57,276.55
synth,4,251,decode,64,64,108.24,66.43,75.88,254.69,66.27,76.13,254.4
synth,4,252,decode,64,64,112.51,75.25,82.11,274.66,75.18,82.23,274.28
synth,4,253,decode,64,64,107.94,66.32,77.23,255.63,66.19,77.4,255.54
synth,4,254,decode,64,64,192.91,124.82,150.62,478.97,124.74,150.83,477.77
synth,4,255,decode,64,64,197.04,128.93,156.96,493.52,129.03,156.99,491.87
synth,4,256,decode,63,63,204.94,181.66,176.71,574.05,181.81,169.8,565.86
synth,4,257,decode,63,63,211.17,119.86,168.16,511.4,119.85,168.1,509.68
synth,4,258,decode,63,63,209.27,117.57,163.98,501.76,124.09,164.37,507.15
synth,4,259,decode,63,63,221.13,133.99,162.59,529.36,133.37,162.93,528.12
synth,4,260,decode,62,62,219.26,189.35,168.45,589.82,181.22,168.81,580.39
synth,4,261,decode,62,62,214.41,120.85,158.56,505.03,120.11,158.85,503.97
synth,4,262,decode,61,61,218.47,174.31,167.94,571.89,173.87,168.59,571.29
synth,4,263,decode,60,60,220.29,164.18,155.0,552.61,163.43,154.94,550.51
synth,4,264,decode,60,60,204.7,117.07,185.42,518.64,116.62,173.66,505.46
synth,4,265,decode,60,60,200.39,123.7,153.09,487.38,123.48,153.3,485.88
synth,4,266,decode,59,59,204.57,166.3,159.11,541.82,166.73,159.72,541.13
synth,4,267,decode,58,58,210.93,151.55,155.2,528.65,151.24,155.28,527.26
synth,4,268,decode,58,58,184.18,124.77,143.54,461.75,124.66,143.7,461.22
synth,4,269,decode,58,58,186.46,103.2,148.08,447.78,102.95,148.68,446.89
synth,4,270,decode,58,58,202.11,110.47,161.29,484.1,110.22,161.64,482.77
synth,4,271,decode,58,58,198.77,104.61,157.38,472.46,104.45,157.48,470.63
synth,4,272,decode,57,57,190.85,152.86,139.98,493.57,152.74,140.21,491.96
synth,4,273,decode,57,57,191.86,105.01,156.45,462.63,104.7,157.08,461.73
synth,4,274,decode,56,56,202.99,139.21,157.13,509.94,139.31,157.54,509.08
synth,4,275,decode,56,56,212.21,114.78,159.19,497.55,114.68,159.63,496.38
synth,4,276,decode,55,55,192.47,146.44,149.88,499.95,146.48,150.03,498.45
synth,4,277,decode,55,55,207.71,112.03,165.08,495.62,111.61,165.4,494.33
synth,4,278,decode,55,55,202.75,109.43,160.61,482.65,109.45,161.36,481.71
synth,4,279,decode,54,54,212.08,165.72,151.94,541.7,165.43,152.22,540.72
synth,4,280,decode,54,54,210.23,125.65,156.75,504.0,125.31,156.91,502.4
synth,4,281,decode,54,54,205.47,104.78,169.18,491.57,104.38,169.63,490.04
synth,4,282,decode,54,54,212.9,106.16,158.94,489.73,106.07,159.39,488.53
synth,4,283,decode,54,54,191.47,113.71,159.77,475.28,113.51,160.05,473.78
synth,4,284,decode,54,54,197.14,101.43,153.49,461.83,101.2,153.67,461.11
synth,4,285,decode,54,54,207.84,100.11,168.29,487.57,99.41,168.73,475.49
synth,4,286,decode,53,53,196.76,150.06,150.35,506.8,149.72,150.64,505.49
synth,4,287,decode,53,53,206.63,96.69,165.13,480.03,96.51,165.32,478.09
synth,4,288,decode,53,53,192.8,96.23,158.83,456.45,96.02,141.6,437.88
synth,4,289,decode,52,52,207.92,145.48,158.98,523.42,145.37,159.29,522.12
synth,4,290,decode,51,51,207.21,142.04,159.06,520.49,141.89,159.42,519.42
synth,4,291,decode,51,51,198.79,86.47,149.88,447.35,86.03,150.22,445.58
synth,4,292,decode,51,51,130.53,69.03,101.21,307.12,68.91,101.38,306.56
synth,4,293,decode,51,51,117.84,63.5,80.04,265.69,63.25,80.15,265.56
synth,4,294,decode,51,51,119.0,57.41,92.75,275.26,57.37,92.83,273.94
synth,4,295,decode,50,50,111.25,87.59,80.53,283.87,87.62,80.53,283.62
synth,4,296,decode,50,50,108.67,54.71,76.47,244.44,54.55,76.81,244.53
synth,4,297,decode,50,50,111.8,57.86,86.59,261.09,57.54,86.82,260.7
synth,4,298,decode,49,49,105.17,84.18,80.66,275.35,83.76,80.99,281.94
synth,4,299,decode,48,48,115.19,84.17,113.78,318.45,84.26,99.14,303.27
synth,4,300,decode,48,48,121.2,59.42,96.53,283.02,59.06,96.48,282.36
synth,4,301,decode,48,48,106.8,61.38,78.59,251.17,61.34,78.95,251.42
synth,4,302,decode,48,48,112.47,61.27,91.74,270.84,61.21,91.89,270.17
synth,4,303,decode,48,48,110.74,54.57,88.07,257.73,54.39,88.49,257.89
synth,4,304,decode,48,48,116.89,55.03,99.99,276.6,54.52,100.15,275.81
synth,4,305,decode,48,48,119.46,65.68,101.74,292.37,65.67,101.83,291.25
synth,4,306,decode,48,48,112.88,62.85,84.33,265.22,62.9,84.42,264.39
synth,4,307,decode,47,47,155.78,96.83,96.34,355.51,96.82,95.93,342.75
synth,4,308,decode,47,47,113.62,56.23,90.13,264.86,55.8,90.33,264.26
synth,4,309,decode,47,47,114.86,54.33,88.47,262.92,54.22,89.06,262.66
synth,4,310,decode,47,47,109.78,55.04,99.98,270.22,54.98,100.15,269.28
synth,4,311,decode,47,47,123.68,56.56,102.24,288.6,56.28,102.51,287.07
synth,4,312,decode,47,47,116.6,56.09,99.27,277.31,56.08,98.92,276.48
synth,4,313,decode,47,47,117.77,57.66,109.73,291.24,57.29,110.0,290.04
synth,4,314,decode,47,47,108.79,53.74,98.79,267.32,53.85,98.99,266.74
synth,4,315,decode,47,47,115.24,56.08,104.48,282.5,55.95,104.7,281.21
synth,4,316,decode,47,47,121.83,57.52,103.08,288.07,57.23,103.56,287.46
synth,4,317,decode,47,47,131.79,68.91,100.98,307.28,68.82,101.04,306.41
synth,4,318,decode,47,47,134.83,59.08,108.69,309.0,58.97,108.98,307.82
synth,4,319,decode,47,47,130.02,57.78,103.68,297.02,57.62,103.85,295.81
synth,4,320,decode,46,46,126.94,89.35,111.85,334.06,89.17,111.89,333.04
synth,4,321,decode,46,46,122.2,54.66,100.06,283.23,54.43,100.29,281.92
synth,4,322,decode,46,46,122.73,64.27,96.84,288.97,64.2,96.78,288.1
synth,4,323,decode,46,46,122.2,54.76,106.38,288.42,54.79,106.14,287.58
synth,4,324,decode,46,46,121.86,62.51,101.18,290.47,62.14,101.52,290.1
synth,4,325,decode,46,46,118.48,62.89,101.36,288.5,62.79,101.6,287.63
synth,4,326,decode,45,45,118.79,97.81,102.68,325.21,97.58,102.72,324.18
synth,4,327,decode,45,45,120.3,51.59,95.8,272.75,51.45,95.88,271.96
synth,4,328,decode,45,45,112.01,59.82,94.69,271.99,59.84,94.77,270.68
synth,4,329,decode,45,45,107.2,52.94,84.65,249.95,52.61,84.9,248.98
synth,4,330,decode,45,45,106.41,50.2,120.85,281.95,50.04,109.78,270.26
synth,4,331,decode,45,45,124.56,54.8,92.81,278.27,54.62,93.07,277.48
synth,4,332,decode,45,45,114.03,52.23,83.78,255.08,51.82,83.96,254.47
synth,4,333,decode,44,44,110.79,81.32,87.45,284.67,81.32,87.38,284.15
synth,4,334,decode,44,44,104.37,48.65,77.09,234.7,48.49,77.23,234.04
synth,4,335,decode,43,43,107.29,78.26,85.16,274.8,78.21,85.22,274.58
synth,4,336,decode,43,43,116.11,49.93,89.28,260.1,49.81,89.68,259.97
synth,4,337,decode,43,43,109.15,58.27,75.68,247.06,58.08,75.81,246.72
synth,4,338,decode,43,43,104.92,56.01,75.58,241.9,55.98,75.77,241.13
synth,4,339,decode,42,42,99.61,76.86,85.19,266.6,76.86,85.28,266.2
synth,4,340,decode,42,42,100.03,54.87,73.52,232.24,54.58,73.6,232.15
synth,4,341,decode,42,42,102.42,48.15,72.53,227.49,48.1,72.71,226.62
synth,4,342,decode,42,42,100.35,48.97,79.16,233.14,48.83,79.42,232.73
synth,4,343,decode,42,42,96.27,48.38,72.69,221.37,48.15,81.32,229.63
synth,4,344,decode,42,42,101.04,55.67,72.52,232.99,55.72,72.64,233.02
synth,4,345,decode,42,42,105.25,48.38,83.29,242.16,48.36,83.37,241.45
synth,4,346,decode,41,41,97.26,72.07,74.03,247.73,72.17,74.02,247.61
synth,4,347,decode,41,41,105.53,52.24,70.34,232.52,52.15,70.54,232.14
synth,4,348,decode,41,41,125.27,57.19,78.9,266.64,56.83,78.75,259.34
synth,4,349,decode,41,41,100.54,45.49,68.86,218.75,45.38,69.07,218.59
synth,4,350,decode,40,40,92.78,69.77,68.78,234.58,69.82,68.84,234.65
synth,4,351,decode,40,40,95.41,44.82,69.5,213.2,44.67,69.64,213.11
synth,4,352,decode,39,39,97.74,68.9,78.53,249.58,68.86,78.63,249.3
synth,4,353,decode,38,38,96.1,69.6,68.66,238.14,69.6,68.89,238.02
synth,4,354,decode,38,38,94.02,43.35,65.88,206.98,43.12,66.06,206.89
synth,4,355,decode,37,37,97.93,72.78,76.11,250.84,72.82,76.24,250.62
synth,4,356,decode,37,37,93.78,42.85,67.47,208.79,42.68,67.64,208.64
synth,4,357,decode,37,37,103.51,42.63,67.83,217.46,42.53,68.05,217.57
synth,4,358,decode,36,36,93.06,77.14,95.62,269.51,68.72,95.9,261.29
synth,4,359,decode,36,36,96.33,41.88,66.6,208.7,41.76,66.78,208.6
synth,4,360,decode,36,36,94.11,40.55,65.81,203.9,40.45,65.99,203.94
synth,4,361,decode,36,36,90.87,40.69,65.11,199.59,40.62,65.36,199.69
synth,4,362,decode,36,36,97.29,41.82,71.89,214.74,41.67,72.26,214.9
synth,4,363,decode,36,36,91.66,41.86,64.72,202.48,41.58,64.92,202.03
synth,4,364,decode,36,36,94.35,41.56,65.78,204.85,41.59,65.84,204.77
synth,4,365,decode,36,36,90.39,41.15,64.38,199.34,41.08,64.53,199.33
synth,4,366,decode,35,35,95.13,71.55,76.05,247.55,71.6,76.18,247.22
synth,4,367,decode,35,35,102.99,41.03,65.78,213.62,40.94,65.94,213.53
synth,4,368,decode,35,35,90.99,40.7,65.93,200.83,40.63,66.07,200.84
synth,4,369,decode,35,35,118.21,64.62,77.06,263.74,64.63,76.82,250.6
synth,4,370,decode,35,35,93.88,40.59,66.1,204.15,40.55,66.25,204.21
synth,4,371,decode,35,35,95.51,40.37,65.12,204.11,40.25,65.38,204.09
synth,4,372,decode,35,35,91.23,39.74,64.63,199.36,39.75,64.72,199.26
synth,4,373,decode,35,35,95.13,42.29,74.07,215.41,42.13,74.32,215.25
synth,4,374,decode,35,35,93.24,40.57,65.92,203.2,40.46,66.12,203.33
synth,4,375,decode,35,35,91.58,40.03,64.16,199.25,39.94,64.3,199.08
synth,4,376,decode,35,35,93.71,39.95,64.13,200.91,39.82,64.3,201.02
synth,4,377,decode,34,34,93.64,71.58,75.08,244.11,69.83,75.22,242.1
synth,4,378,decode,34,34,96.88,39.46,66.59,206.46,39.31,66.75,206.38
synth,4,379,decode,33,33,90.91,63.23,65.93,223.78,63.28,66.02,223.69
synth,4,380,decode,33,33,94.31,38.67,64.76,201.14,38.35,64.97,200.91
synth,4,381,decode,33,33,92.58,39.25,71.52,207.22,39.21,71.65,206.8
synth,4,382,decode,33,33,90.73,38.47,64.46,196.59,38.48,64.61,196.67
synth,4,383,decode,33,33,91.23,38.35,64.49,197.05,38.24,64.66,197.14
synth,4,384,decode,33,33,88.9,62.95,73.37,228.15,48.16,73.33,213.25
synth,4,385,decode,33,33,94.14,38.95,64.87,201.61,38.92,65.01,201.51
synth,4,386,decode,32,32,90.23,61.35,66.74,221.63,61.44,66.77,221.53
synth,4,387,decode,31,31,93.32,53.53,66.22,216.51,53.51,66.4,216.64
synth,4,388,decode,31,31,124.41,45.98,68.42,242.9,45.45,68.47,233.05
synth,4,389,decode,31,31,92.95,36.72,63.7,196.46,36.65,63.88,196.55
synth,4,390,decode,31,31,87.69,36.63,62.66,190.1,36.48,62.83,190.12
synth,4,391,decode,31,31,87.26,36.79,63.2,190.07,36.75,63.43,190.21
synth,4,392,decode,30,30,90.82,73.46,93.73,261.27,62.11,93.93,249.91
synth,4,393,decode,30,30,91.05,36.61,63.92,195.4,36.49,64.2,195.47
synth,4,394,decode,30,30,92.13,36.1,65.36,197.35,35.98,65.7,197.43
synth,4,395,decode,28,28,89.79,61.14,67.61,221.99,61.29,67.53,221.98
synth,4,396,decode,28,28,90.7,34.3,62.04,190.73,34.2,62.26,190.83
synth,4,397,decode,28,28,89.93,35.15,69.55,198.45,35.09,69.71,198.18
synth,4,398,decode,28,28,88.74,33.73,62.5,188.23,33.66,62.59,188.24
synth,4,399,decode,27,27,86.34,50.11,63.3,202.63,50.15,63.3,202.65
synth,4,400,decode,27,27,87.55,32.97,60.48,184.03,32.85,60.71,184.1
synth,4,401,decode,26,26,90.25,50.52,73.05,218.0,50.47,73.17,217.68
synth,4,402,decode,26,26,87.85,32.25,63.02,186.89,32.19,63.19,186.92
synth,4,403,decode,26,26,88.0,32.36,62.48,186.36,32.26,62.72,186.38
synth,4,404,decode,26,26,85.45,31.84,60.52,181.18,31.74,60.74,181.12
synth,4,405,decode,26,26,87.2,32.1,60.93,183.79,31.89,61.17,183.74
synth,4,406,decode,26,26,88.6,32.78,69.06,194.49,32.61,69.22,194.17
synth,4,407,decode,25,25,86.64,48.34,64.58,202.85,48.32,64.78,202.86
synth,4,408,decode,25,25,89.32,31.55,60.31,184.59,31.47,60.5,184.4
synth,4,409,decode,25,25,86.02,31.01,60.41,180.3,30.96,60.6,180.42
synth,4,410,decode,23,23,117.44,63.78,71.33,256.11,63.38,71.34,249.73
synth,4,411,decode,23,23,88.09,29.81,61.73,183.38,29.72,61.93,183.26
synth,4,412,decode,23,23,85.97,29.72,60.47,179.13,29.64,60.59,179.21
synth,4,413,decode,22,22,87.1,43.41,63.69,197.22,43.34,63.85,197.27
synth,4,414,decode,22,22,84.74,28.31,59.48,175.66,28.25,59.67,175.76
synth,4,415,decode,22,22,101.11,40.67,84.26,229.75,40.84,84.18,219.63
synth,4,416,decode,22,22,85.67,28.48,61.44,179.25,28.43,61.57,179.12
synth,4,417,decode,22,22,84.41,28.72,60.5,176.52,28.61,60.66,176.56
synth,4,418,decode,22,22,87.27,28.76,61.46,180.35,28.68,61.68,180.4
synth,4,419,decode,21,21,83.73,44.45,62.14,193.04,44.46,62.28,193.18
synth,4,420,decode,20,20,84.64,40.71,59.64,188.19,40.59,59.71,188.14
synth,4,421,decode,20,20,86.11,27.49,65.22,183.49,27.36,65.41,182.85
synth,4,422,decode,19,19,83.24,40.65,62.14,189.01,40.61,62.47,189.12
synth,4,423,decode,19,19,83.41,25.97,58.52,170.95,25.78,58.68,170.78
synth,4,424,decode,19,19,82.73,25.91,59.28,170.68,25.81,59.44,170.69
synth,4,425,decode,19,19,81.5,25.83,59.51,169.5,25.8,59.62,169.54
synth,4,426,decode,19,19,117.2,32.03,64.42,217.17,31.69,64.35,209.19
synth,4,427,decode,19,19,83.16,26.03,59.69,171.94,25.9,59.93,171.9
synth,4,428,decode,18,18,81.47,39.14,63.26,186.6,39.17,63.37,186.63
synth,4,429,decode,17,17,83.06,36.99,59.82,182.76,36.98,59.96,182.81
synth,4,430,decode,17,17,82.4,22.79,58.09,166.43,22.71,58.27,166.35
synth,4,431,decode,17,17,81.49,22.8,58.44,165.67,22.62,58.62,165.7
synth,4,432,decode,16,16,111.45,37.89,66.99,228.81,37.52,67.14,217.81
synth,4,433,decode,15,15,82.02,34.47,61.2,180.45,34.36,61.45,180.6
synth,4,434,decode,15,15,81.67,20.44,58.23,163.17,20.45,58.37,163.24
synth,4,435,decode,15,15,79.52,20.36,57.24,159.79,20.25,57.48,159.81
synth,4,436,decode,15,15,79.44,20.32,57.36,159.79,20.17,57.67,159.93
synth,4,437,decode,15,15,78.64,20.05,57.3,158.68,19.92,57.51,158.75
synth,4,438,decode,15,15,79.26,20.13,57.81,159.9,20.07,58.04,159.93
synth,4,439,decode,15,15,81.8,21.2,62.35,168.26,21.15,62.54,168.14
synth,4,440,decode,15,15,79.89,20.79,58.06,161.24,20.65,58.29,161.32
synth,4,441,decode,15,15,78.63,20.51,57.06,158.77,20.45,57.28,158.78
synth,4,442,decode,15,15,78.49,20.24,57.26,158.61,20.15,57.43,158.61
synth,4,443,decode,15,15,78.78,20.42,57.75,159.55,20.34,57.94,159.64
synth,4,444,decode,14,14,79.74,33.71,62.0,178.24,33.73,62.08,178.25
synth,4,445,decode,14,14,79.15,19.4,56.65,157.74,19.32,56.84,157.87
synth,4,446,decode,14,14,81.26,19.68,62.32,166.58,19.59,62.49,166.3
synth,4,447,decode,14,14,79.2,19.44,57.57,158.75,19.39,57.74,158.89
synth,4,448,decode,14,14,81.03,19.15,56.07,158.75,19.06,56.27,158.84
synth,4,449,decode,13,13,78.15,32.04,59.25,172.04,32.02,59.31,172.01
synth,4,450,decode,13,13,78.25,18.38,56.22,155.46,18.33,56.39,155.56
synth,4,451,decode,12,12,76.96,31.7,58.65,170.04,31.67,58.84,170.06
synth,4,452,decode,11,11,78.3,30.88,59.11,170.86,30.79,59.29,170.96
synth,4,453,decode,10,10,80.94,30.84,65.41,180.97,30.12,65.56,180.42
synth,4,454,decode,10,10,79.46,15.78,57.81,155.63,15.67,57.97,155.77
synth,4,455,decode,9,9,79.54,29.02,61.71,172.94,29.03,61.79,173.13
synth,4,456,decode,9,9,76.79,15.08,58.53,153.64,14.93,58.72,153.13
synth,4,457,decode,9,9,77.72,14.82,60.78,155.87,14.68,60.96,155.95
synth,4,458,decode,9,9,75.1,14.65,60.08,152.28,14.54,60.31,152.43
synth,4,459,decode,9,9,75.19,14.86,59.56,152.1,14.79,59.81,152.28
synth,4,460,decode,9,9,75.94,14.96,59.25,152.73,14.84,59.46,152.79
synth,4,461,decode,9,9,105.93,21.83,75.8,206.78,21.22,75.96,198.68
synth,4,462,decode,9,9,77.52,15.16,61.25,156.49,15.04,61.44,156.56
synth,4,463,decode,9,9,76.08,14.65,58.65,152.0,14.54,58.84,152.09
synth,4,464,decode,8,8,75.78,27.95,64.64,171.4,27.91,64.84,171.1
synth,4,465,decode,7,7,75.53,28.12,65.3,171.94,28.11,65.5,171.81
synth,4,466,decode,7,7,76.99,13.99,61.66,155.36,13.61,61.85,155.4
synth,4,467,decode,6,6,74.46,26.45,62.01,165.5,26.5,62.28,165.75
synth,4,468,decode,6,6,76.57,12.6,58.05,150.1,12.53,58.26,150.03
synth,4,469,decode,6,6,75.48,12.29,58.8,149.17,12.2,58.69,149.23
synth,4,470,decode,6,6,76.07,12.16,76.1,166.84,11.94,66.56,157.37
synth,4,471,decode,5,5,84.9,25.86,73.67,187.78,25.7,74.13,187.87
synth,4,472,decode,5,5,77.85,11.69,60.01,152.22,11.51,60.24,152.26
synth,4,473,decode,5,5,76.96,11.01,59.96,151.09,10.92,60.15,150.88
synth,4,474,decode,4,4,74.68,23.39,62.55,163.4,23.1,62.67,163.42
synth,4,475,decode,4,4,75.05,10.1,60.65,148.66,10.05,60.81,148.71
synth,4,476,decode,4,4,73.97,9.74,59.21,145.59,9.65,59.54,145.84
synth,4,477,decode,4,4,73.73,10.14,59.36,146.03,10.31,59.28,145.87
synth,4,478,decode,4,4,73.42,10.02,60.2,145.97,9.93,60.34,146.05
synth,4,479,decode,4,4,73.24,9.91,59.26,145.12,9.79,59.45,145.16
synth,4,480,decode,3,3,72.39,23.24,63.35,161.85,23.25,63.44,161.69
synth,4,481,decode,3,3,76.03,9.18,58.02,145.75,9.1,58.21,145.81
synth,4,482,decode,2,2,76.41,21.25,65.39,166.54,21.19,65.55,166.29
synth,4,483,decode,2,2,73.47,8.63,56.08,140.95,8.48,56.21,140.96
synth,4,484,decode,2,2,75.36,8.35,56.6,143.3,8.23,56.75,143.16
synth,4,485,decode,2,2,78.89,8.44,56.87,146.85,8.25,57.1,146.76
synth,4,486,decode,2,2,72.53,8.04,57.08,140.31,7.97,57.36,140.29
synth,4,487,decode,2,2,71.91,7.87,56.01,138.52,7.77,56.2,138.57
synth,4,488,decode,2,2,76.74,8.54,57.87,145.91,8.21,58.28,146.15
synth,4,489,decode,2,2,71.8,8.13,57.68,140.91,7.87,58.01,140.94
synth,4,490,decode,2,2,72.17,8.32,56.25,139.34,7.98,56.65,139.45
synth,4,491,decode,2,2,73.39,8.2,57.14,142.16,8.12,57.36,146.91
synth,4,492,decode,2,2,74.24,8.71,63.48,149.47,8.44,63.87,149.6
synth,4,493,decode,1,1,72.01,19.56,65.6,160.52,19.49,65.8,160.19
synth,4,494,decode,1,1,78.93,8.03,57.82,148.11,7.76,58.0,147.91
synth,4,495,decode,1,1,75.09,7.64,109.77,195.34,7.66,87.64,173.27
