group,run,step_idx,phase,num_reqs,total_num_scheduled_tokens,update_states_us,prepare_inputs_us,total_us,update_states_cpu_us,prepare_inputs_cpu_us,total_cpu_us,triton_launch_us
shuffled,0,0,prefill,1,2048,410.53001768887043,851.2400090694427,1354.5,415.19,855.67,1350.88,0.0
shuffled,0,1,spec-decode,1,3,40.32999277114868,726.6699685715139,810.71,42.87,730.89,810.47,0.0
shuffled,0,2,spec-decode,1,3,35.770004615187645,679.9100083298981,758.65,38.14,683.98,758.49,0.0
shuffled,0,3,spec-decode,1,3,35.23001214489341,734.4299810938537,811.19,37.57,729.31,801.48,0.0
shuffled,0,4,spec-decode,1,3,37.030025850981474,677.9200048185885,755.32,39.29,682.26,755.39,0.0
shuffled,0,5,spec-decode,1,3,34.18995765969157,662.6499816775322,737.37,36.53,667.02,737.33,0.0
shuffled,0,6,spec-decode,2,2051,342.8999916650355,797.1699815243483,1196.05,346.02,802.02,1193.29,0.0
shuffled,0,7,spec-decode,2,6,49.03000080958009,677.6999798603356,771.97,51.66,681.76,771.75,0.0
shuffled,0,8,spec-decode,3,2054,351.6900469549,784.1299520805478,1191.51,354.58,788.62,1188.94,0.0
shuffled,0,9,spec-decode,4,1161,325.9700024500489,804.6799921430647,1186.72,328.98,801.64,1176.51,0.0
shuffled,0,10,spec-decode,4,12,57.19001637771726,659.3599682673812,756.84,59.58,663.27,756.84,0.0
shuffled,0,11,spec-decode,4,12,53.57997724786401,641.4499948732555,731.99,56.01,645.38,732.04,0.0
shuffled,0,12,spec-decode,5,1164,310.8099917881191,730.7300111278892,1094.55,313.85,735.33,1099.97,0.0
shuffled,0,13,spec-decode,5,15,64.0900107100606,698.6100343056023,803.07,66.47,692.28,792.44,0.0
shuffled,0,14,spec-decode,6,1167,313.0799741484225,723.1399649754167,1087.03,316.22,727.94,1084.99,0.0
shuffled,0,15,spec-decode,6,18,68.23998410254717,633.7999948300421,739.8,70.49,637.67,741.58,0.0
shuffled,0,16,spec-decode,6,18,65.43000927194953,626.170018222183,727.84,67.66,629.95,727.97,0.0
shuffled,0,17,spec-decode,6,18,73.65003693848848,639.7800170816481,755.61,76.62,643.69,754.94,0.0
shuffled,0,18,spec-decode,6,18,66.0600489936769,626.909954007715,729.19,68.52,630.47,729.11,0.0
shuffled,0,19,spec-decode,6,18,66.80004298686981,632.5799622572958,739.91,69.2,636.6,739.81,0.0
shuffled,0,20,spec-decode,7,2066,359.61996763944626,807.840027846396,1220.21,362.6,800.94,1206.46,0.0
shuffled,0,21,spec-decode,7,21,76.06000872328877,647.920009214431,762.13,78.47,651.87,762.09,0.0
shuffled,0,22,spec-decode,8,2069,359.6900496631861,761.6099901497364,1173.32,362.69,766.5,1171.46,0.0
shuffled,0,23,spec-decode,8,24,80.5400195531547,645.6800037994981,764.77,82.89,649.54,764.85,0.0
shuffled,0,24,spec-decode,9,1176,320.66996209323406,716.8000447563827,1087.4,323.89,721.28,1086.05,0.0
shuffled,0,25,spec-decode,9,27,87.73000445216894,639.2999785020947,765.75,90.01,643.3,765.71,0.0
shuffled,0,26,spec-decode,9,27,84.40000237897038,632.2300177998841,754.31,86.71,635.84,754.31,0.0
shuffled,0,27,spec-decode,9,27,84.80995893478394,630.0400127656758,752.18,87.25,633.87,752.12,0.0
shuffled,0,28,spec-decode,10,1179,331.2999615445733,726.6599568538368,1109.82,334.57,731.06,1107.84,0.0
shuffled,0,29,spec-decode,10,30,92.31001604348421,647.5800182670355,778.12,94.77,651.31,778.05,0.0
shuffled,0,30,spec-decode,10,30,91.91996650770307,643.510022200644,772.59,94.25,647.39,778.58,0.0
shuffled,0,31,spec-decode,10,30,91.14004205912352,698.0499601922929,826.77,93.44,693.3,817.56,0.0
shuffled,0,32,spec-decode,10,30,92.889997176826,672.2600082866848,803.66,95.17,671.18,798.76,0.0
shuffled,0,33,spec-decode,10,30,91.58998727798462,636.3600259646773,765.54,94.14,640.32,765.38,0.0
shuffled,0,34,spec-decode,10,30,90.5499910004437,637.2600328177214,764.5,92.93,641.05,764.49,0.0
shuffled,0,35,spec-decode,10,30,91.1300303414464,629.379996098578,757.32,93.52,633.13,757.31,0.0
shuffled,0,36,spec-decode,10,30,93.50996697321534,647.0400257967412,780.56,96.1,651.21,780.23,0.0
shuffled,0,37,spec-decode,11,2078,368.66997834295034,760.2699915878475,1180.92,371.92,764.64,1179.19,0.0
shuffled,0,38,spec-decode,11,33,102.30997577309608,648.2600001618266,790.42,104.77,652.41,790.15,0.0
shuffled,0,39,spec-decode,11,33,98.85994950309396,695.6600118428469,832.73,101.24,691.66,824.34,0.0
shuffled,0,40,spec-decode,12,1185,352.13999217376113,726.4100131578743,1130.29,355.21,730.84,1128.3,0.0
shuffled,0,41,spec-decode,13,2084,392.0999588444829,763.8899842277169,1209.37,395.25,768.37,1207.34,0.0
shuffled,0,42,spec-decode,13,39,162.7600286155939,667.2499584965408,872.15,153.22,671.54,859.66,0.0
shuffled,0,43,spec-decode,13,39,111.04001896455884,642.0899881049991,791.11,113.61,645.93,790.84,0.0
shuffled,0,44,spec-decode,13,39,109.50997238978744,637.2099742293358,785.36,112.03,641.03,785.05,0.0
shuffled,0,45,spec-decode,13,39,108.6099655367434,631.7199440672994,778.21,111.09,635.62,777.95,0.0
shuffled,0,46,spec-decode,13,39,110.66999286413193,690.8299983479083,839.95,113.0,685.28,830.22,0.0
shuffled,0,47,spec-decode,14,1191,359.82998088002205,727.2500079125166,1138.44,362.69,731.84,1136.66,0.0
shuffled,0,48,spec-decode,14,42,118.9099857583642,654.3300114572048,813.6,121.3,658.38,813.22,0.0
shuffled,0,49,spec-decode,14,42,117.98995546996593,685.4500388726592,847.63,120.34,677.72,835.3,0.0
shuffled,0,50,spec-decode,14,42,116.67999206110835,653.6099826917052,809.84,119.32,657.51,809.8,0.0
shuffled,0,51,spec-decode,14,1191,385.2000227198005,734.9899969995022,1171.94,388.11,739.36,1169.92,0.0
shuffled,0,52,spec-decode,15,2090,393.3300031349063,781.9999591447413,1227.51,396.5,779.69,1218.64,0.0
shuffled,0,53,spec-decode,15,45,126.30998389795423,653.8499728776515,823.22,128.64,657.77,823.22,0.0
shuffled,0,54,spec-decode,15,45,124.64000610634685,648.2700118795037,814.45,127.06,651.96,814.34,0.0
shuffled,0,55,spec-decode,15,45,123.0700290761888,639.4099909812212,800.25,125.38,643.25,800.18,0.0
shuffled,0,56,spec-decode,15,45,123.20996029302478,683.640013448894,844.83,125.51,677.24,834.42,0.0
shuffled,0,57,spec-decode,15,45,122.43998935446143,647.7800197899342,807.82,124.94,651.66,807.73,0.0
shuffled,0,58,spec-decode,13,39,200.44995471835136,646.6000340878963,891.87,202.94,650.6,891.99,0.0
shuffled,0,59,spec-decode,12,36,170.26998102664948,640.139973256737,848.55,172.54,643.97,848.65,0.0
shuffled,0,60,spec-decode,12,36,104.33001443743706,694.0499879419804,837.05,106.58,684.72,823.71,0.0
shuffled,0,61,spec-decode,12,36,105.17996270209551,650.910020340234,795.01,107.79,654.99,795.07,0.0
shuffled,0,62,spec-decode,11,33,163.209973834455,634.5199653878808,836.49,165.54,638.85,836.49,0.0
shuffled,0,63,spec-decode,11,33,96.84998076409101,635.1600168272853,769.35,99.28,638.93,769.22,0.0
shuffled,0,64,spec-decode,11,33,97.15004125609994,631.9899694062769,767.48,99.56,635.63,767.53,0.0
shuffled,0,65,spec-decode,10,30,184.85001055523753,639.1899660229683,863.08,176.96,643.04,852.63,0.0
shuffled,0,66,spec-decode,10,30,91.08002996072173,633.6499936878681,762.02,93.41,637.35,762.01,0.0
shuffled,0,67,spec-decode,10,30,90.88002843782306,632.8700110316277,760.33,93.35,636.42,760.19,0.0
shuffled,0,68,spec-decode,10,30,91.59999899566174,634.8799797706306,763.71,93.87,638.61,770.19,0.0
shuffled,0,69,spec-decode,10,30,91.1399838514626,669.2800088785589,798.13,93.48,666.81,791.57,0.0
shuffled,0,70,spec-decode,9,27,152.71001029759645,636.1500127241015,826.62,155.17,640.09,826.7,0.0
shuffled,0,71,spec-decode,9,27,84.72002809867263,635.1500051096082,756.96,87.16,638.92,756.99,0.0
shuffled,0,72,spec-decode,8,24,129.77002188563347,631.9499807432294,799.81,132.07,636.0,799.71,0.0
shuffled,0,73,spec-decode,8,24,78.62999336794019,632.4099958874285,748.15,80.87,636.25,748.1,0.0
shuffled,0,74,spec-decode,8,24,81.22000144794583,644.700019620359,766.45,83.78,648.77,765.98,0.0
shuffled,0,75,spec-decode,7,21,123.41997353360057,626.8199649639428,788.32,125.66,630.61,788.2,0.0
shuffled,0,76,spec-decode,7,21,71.42999675124884,626.9000004976988,735.01,73.8,630.6,735.09,0.0
shuffled,0,77,spec-decode,6,18,115.57998368516564,624.9899743124843,778.3,117.84,628.8,778.3,0.0
shuffled,0,78,spec-decode,6,18,67.14998744428158,681.6799868829548,786.14,69.68,678.42,778.56,0.0
shuffled,0,79,spec-decode,6,18,66.32000440731645,631.8200030364096,735.28,68.8,635.69,735.34,0.0
shuffled,0,80,spec-decode,6,18,65.87000098079443,629.4799968600273,732.73,68.25,633.38,732.65,0.0
shuffled,0,81,spec-decode,5,15,110.17994256690145,625.9700166992843,773.85,112.33,629.82,773.73,0.0
shuffled,0,82,spec-decode,5,15,59.29998587816954,640.4999876394868,737.94,61.68,644.27,737.86,0.0
shuffled,0,83,spec-decode,5,15,70.70996798574924,642.7800399251282,764.82,73.85,646.61,754.2,0.0
shuffled,0,84,spec-decode,5,15,59.86000178381801,626.2600072659552,723.59,62.19,630.23,723.49,0.0
shuffled,0,85,spec-decode,5,15,59.14998473599553,627.6200292631984,722.87,61.44,631.34,722.91,0.0
shuffled,0,86,spec-decode,5,15,58.74998169019818,623.8700007088482,718.17,60.92,627.51,718.27,0.0
shuffled,0,87,spec-decode,5,15,58.439967688173056,677.7000380679965,772.45,60.69,664.44,755.18,0.0
shuffled,0,88,spec-decode,4,12,105.14003224670887,624.6900302357972,767.22,107.48,628.66,767.24,0.0
shuffled,0,89,spec-decode,4,12,52.189978305250406,621.9600327312946,709.65,54.48,625.59,709.63,0.0
shuffled,0,90,spec-decode,4,12,52.419956773519516,617.4599984660745,706.15,54.77,621.05,706.06,0.0
shuffled,0,91,spec-decode,3,9,97.4200083874166,622.8699930943549,757.59,99.58,626.6,763.16,0.0
shuffled,0,92,spec-decode,3,9,46.67998291552067,657.2200218215585,740.32,48.98,651.01,730.09,0.0
shuffled,0,93,spec-decode,3,9,47.49000072479248,623.4900210984051,707.96,49.86,627.33,707.78,0.0
shuffled,0,94,spec-decode,3,9,45.34999607130885,622.799969278276,703.99,47.64,626.65,703.99,0.0
shuffled,0,95,spec-decode,3,9,45.57997453957796,623.2300074771047,705.05,47.97,626.93,705.03,0.0
shuffled,0,96,spec-decode,3,9,46.17997910827398,621.6000183485448,703.49,48.5,625.35,703.48,0.0
shuffled,0,97,spec-decode,3,9,46.15000216290355,676.8300081603229,760.18,48.52,673.56,752.85,0.0
shuffled,0,98,spec-decode,2,6,90.34998947754502,618.6700193211436,746.56,92.67,622.35,746.52,0.0
shuffled,0,99,spec-decode,2,6,38.950005546212196,621.1000145412982,695.56,41.34,624.86,695.49,0.0
shuffled,0,100,spec-decode,2,6,39.18999573215842,618.7100079841912,693.75,41.4,622.41,693.61,0.0
shuffled,0,101,spec-decode,2,6,38.2900470867753,614.1100311651826,687.75,40.53,617.84,687.66,0.0
shuffled,0,102,spec-decode,2,6,38.510013837367296,652.1299947053194,726.44,40.77,642.28,712.7,0.0
shuffled,0,103,spec-decode,1,3,81.71005174517632,614.7199892438948,733.16,83.91,618.55,733.05,0.0
shuffled,0,104,spec-decode,1,3,30.509952921420336,616.0599878057837,682.46,32.92,619.85,682.38,0.0
shuffled,0,105,drain,0,0,72.18,0.0,75.86,71.41,0.0,75.51,0.0
shuffled,1,0,prefill,1,2048,378.53996036574244,846.8199521303177,1304.82,382.49,838.95,1287.97,0.0
shuffled,1,1,spec-decode,1,3,36.89998993650079,679.1400373913348,756.38,39.47,683.3,756.16,0.0
shuffled,1,2,spec-decode,1,3,31.37002931907773,629.6200444921851,697.13,33.83,633.64,697.09,0.0
shuffled,1,3,spec-decode,1,3,30.17997369170189,610.3499908931553,676.18,32.35,614.16,676.33,0.0
shuffled,1,4,spec-decode,1,3,29.729970265179873,614.4499639049172,679.9,32.03,618.31,679.39,0.0
shuffled,1,5,spec-decode,1,3,30.039984267205,651.1199753731489,716.16,32.33,641.8,702.82,0.0
shuffled,1,6,spec-decode,2,2051,304.6700148843229,741.1199621856213,1097.47,307.73,745.83,1095.29,0.0
shuffled,1,7,spec-decode,2,6,41.71999171376228,637.0400078594685,716.65,44.1,641.04,716.68,0.0
shuffled,1,8,spec-decode,3,2054,314.30000672116876,803.0399912968278,1171.39,317.56,796.61,1157.71,0.0
shuffled,1,9,spec-decode,4,1161,285.34000739455223,719.6399965323508,1058.83,288.33,724.26,1056.61,0.0
shuffled,1,10,spec-decode,4,12,54.8100215382874,639.9599951691926,733.65,57.68,644.1,733.6,0.0
shuffled,1,11,spec-decode,4,12,54.56001963466406,633.7999948300421,725.82,57.14,637.73,725.59,0.0
shuffled,1,12,spec-decode,5,1164,291.600008495152,712.399953044951,1055.63,295.07,717.19,1053.49,0.0
shuffled,1,13,spec-decode,5,15,62.12998414412141,635.1900519803166,736.08,64.68,639.41,735.97,0.0
shuffled,1,14,spec-decode,6,1167,296.5599996969104,705.8000192046165,1051.24,299.66,710.5,1049.39,0.0
shuffled,1,15,spec-decode,6,18,70.13004506006837,648.2999888248742,756.99,72.68,652.35,756.95,0.0
shuffled,1,16,spec-decode,6,18,66.08001422137022,635.0100156851113,738.39,68.45,639.12,738.21,0.0
shuffled,1,17,spec-decode,6,18,65.56999869644642,625.8899811655283,728.39,68.02,629.93,728.36,0.0
shuffled,1,18,spec-decode,6,18,65.03000622615218,633.1199547275901,734.92,67.38,637.11,734.94,0.0
shuffled,1,19,spec-decode,6,18,64.9699941277504,664.3400411121547,766.48,67.25,656.52,754.22,0.0
shuffled,1,20,spec-decode,7,2066,347.9300066828728,755.299988668412,1155.94,350.98,760.06,1153.93,0.0
shuffled,1,21,spec-decode,7,21,75.01000072807074,640.8800254575908,754.85,77.4,644.8,754.85,0.0
shuffled,1,22,spec-decode,8,2069,358.86000841856,796.029984485358,1206.48,362.23,793.16,1196.55,0.0
shuffled,1,23,spec-decode,8,24,81.6300162114203,637.7599784173071,759.15,84.2,641.61,758.95,0.0
shuffled,1,24,spec-decode,9,1176,317.21004052087665,713.7100328691304,1081.69,320.66,718.3,1079.64,0.0
shuffled,1,25,spec-decode,9,27,88.04001845419407,647.0499793067575,774.46,90.62,651.13,780.37,0.0
shuffled,1,26,spec-decode,9,27,99.94005085900426,658.3400536328554,802.49,103.21,663.11,801.93,0.0
shuffled,1,27,spec-decode,9,27,84.75000504404306,635.0700277835131,757.48,87.17,639.22,757.41,0.0
shuffled,1,28,spec-decode,10,1179,329.4000052846968,726.8700283020735,1108.05,332.85,731.45,1105.8,0.0
shuffled,1,29,spec-decode,10,30,93.13999908044934,705.3699810057878,837.99,95.67,701.09,829.23,0.0
shuffled,1,30,spec-decode,10,30,93.1799877434969,643.8699783757329,776.44,95.55,648.19,776.37,0.0
shuffled,1,31,spec-decode,10,30,90.39998985826969,633.8299717754126,761.55,92.84,637.88,761.48,0.0
shuffled,1,32,spec-decode,10,30,90.82001633942127,631.7599909380078,760.05,93.29,635.62,759.93,0.0
shuffled,1,33,spec-decode,10,30,91.28998499363661,628.4700357355177,757.22,93.62,632.41,757.13,0.0
shuffled,1,34,spec-decode,10,30,96.09002154320478,640.8999906852841,778.96,98.99,645.01,778.76,0.0
shuffled,1,35,spec-decode,10,30,90.12001100927591,631.9800158962607,759.49,92.62,635.95,759.43,0.0
shuffled,1,36,spec-decode,10,30,89.76995013654232,631.0400203801692,757.32,91.98,634.83,757.16,0.0
shuffled,1,37,spec-decode,11,2078,366.78003380075097,808.1900305114686,1227.56,370.05,801.16,1213.82,0.0
shuffled,1,38,spec-decode,11,33,100.97003541886806,657.9600158147514,798.21,103.4,661.96,798.11,0.0
shuffled,1,39,spec-decode,11,33,98.43002771958709,642.4500024877489,779.8,100.93,646.76,779.75,0.0
shuffled,1,40,spec-decode,12,1185,342.4599999561906,725.8800324052572,1121.29,345.58,730.58,1119.01,0.0
shuffled,1,41,spec-decode,13,2084,382.1099526248872,752.9399590566754,1187.77,385.39,757.55,1186.24,0.0
shuffled,1,42,spec-decode,13,39,112.75999713689089,649.6600108221173,801.68,115.24,653.45,801.6,0.0
shuffled,1,43,spec-decode,13,39,110.51999172195792,641.8499979190528,791.31,113.01,646.02,798.62,0.0
shuffled,1,44,spec-decode,13,39,110.23000115528703,669.3699979223311,817.96,112.59,664.62,809.0,0.0
shuffled,1,45,spec-decode,13,39,110.93000648543239,644.4599712267518,794.12,113.38,648.29,794.04,0.0
shuffled,1,46,spec-decode,13,39,110.11998867616057,643.12998438254,791.33,112.48,647.16,791.21,0.0
shuffled,1,47,spec-decode,14,1191,348.26999763026834,731.4500398933887,1130.9,351.5,736.05,1129.08,0.0
shuffled,1,48,spec-decode,14,42,147.4999589845538,669.5399642921984,857.41,139.27,673.73,846.7,0.0
shuffled,1,49,spec-decode,14,42,116.91002873703837,650.0199669972062,805.98,119.42,654.21,805.9,0.0
shuffled,1,50,spec-decode,14,42,117.14000720530748,639.8600526154041,795.0,119.49,643.85,794.83,0.0
shuffled,1,51,spec-decode,14,1191,365.30999932438135,774.9900105409324,1191.31,368.37,765.77,1175.9,0.0
shuffled,1,52,spec-decode,15,2090,385.5800023302436,754.8099965788424,1192.67,388.71,759.61,1190.46,0.0
shuffled,1,53,spec-decode,15,45,126.97000056505203,656.7899836227298,824.61,129.52,660.83,824.44,0.0
shuffled,1,54,spec-decode,15,45,123.70001059025526,650.4399934783578,813.04,126.05,654.49,812.98,0.0
shuffled,1,55,spec-decode,15,45,126.83001114055514,659.5499580726027,827.58,129.46,663.67,827.39,0.0
shuffled,1,56,spec-decode,15,45,123.26001888141036,651.580048725009,820.91,125.69,655.85,820.79,0.0
shuffled,1,57,spec-decode,15,45,122.36996553838253,648.7399805337191,808.96,124.81,652.77,808.89,0.0
shuffled,1,58,spec-decode,13,39,199.42002836614847,646.8900246545672,886.65,201.89,651.03,886.65,0.0
shuffled,1,59,spec-decode,12,36,195.59997599571943,651.4400010928512,887.55,192.37,655.71,881.68,0.0
shuffled,1,60,spec-decode,12,36,105.8200141415,635.7600213959813,779.33,108.14,639.51,779.19,0.0
shuffled,1,61,spec-decode,12,36,102.79996786266565,633.1999902613461,774.22,105.23,637.29,774.22,0.0
shuffled,1,62,spec-decode,11,33,161.8099631741643,629.3299957178533,829.93,164.02,633.44,836.36,0.0
shuffled,1,63,spec-decode,11,33,97.48002048581839,663.5099998675287,799.66,99.8,661.03,792.83,0.0
shuffled,1,64,spec-decode,11,33,98.08997856453061,630.8599840849638,765.99,100.56,634.63,765.86,0.0
shuffled,1,65,spec-decode,10,30,153.56001676991582,632.589973974973,824.59,155.83,636.81,824.49,0.0
shuffled,1,66,spec-decode,10,30,90.97997099161148,633.7500526569784,762.37,93.4,637.52,762.13,0.0
shuffled,1,67,spec-decode,10,30,90.49999061971903,681.6600216552615,810.61,92.96,676.38,800.89,0.0
shuffled,1,68,spec-decode,10,30,93.04995182901621,644.4399477913976,776.46,95.53,648.76,776.35,0.0
shuffled,1,69,spec-decode,10,30,90.74999252334237,636.9099719449878,765.67,93.09,640.92,765.66,0.0
shuffled,1,70,spec-decode,9,27,150.2500381320715,636.1699779517949,824.17,152.51,640.08,824.08,0.0
shuffled,1,71,spec-decode,9,27,85.37998655810952,629.5600323937833,752.0,87.93,633.42,751.94,0.0
shuffled,1,72,spec-decode,8,24,148.38000060990453,653.7599838338792,844.99,142.9,658.3,836.63,0.0
shuffled,1,73,spec-decode,8,24,79.26998659968376,630.9099844656885,747.81,81.7,634.82,747.77,0.0
shuffled,1,74,spec-decode,8,24,77.62998575344682,630.3199916146696,744.42,80.12,634.13,744.25,0.0
shuffled,1,75,spec-decode,7,21,125.27004582807422,629.0000164881349,792.4,127.5,632.89,792.57,0.0
shuffled,1,76,spec-decode,7,21,72.78996054083109,683.709979057312,793.56,75.07,679.5,785.28,0.0
shuffled,1,77,spec-decode,6,18,119.40998956561089,636.849959846586,794.79,121.78,640.85,794.81,0.0
shuffled,1,78,spec-decode,6,18,66.47000554949045,634.2800334095955,737.75,68.92,638.06,737.56,0.0
shuffled,1,79,spec-decode,6,18,66.24998059123755,635.3399949148297,741.14,68.85,639.57,741.01,0.0
shuffled,1,80,spec-decode,6,18,66.84998515993357,649.5199631899595,754.72,69.17,653.46,754.76,0.0
shuffled,1,81,spec-decode,5,15,140.29000885784626,662.3700028285384,843.85,130.1,666.58,831.16,0.0
shuffled,1,82,spec-decode,5,15,62.15000757947564,653.150025755167,754.1,64.51,657.17,753.99,0.0
shuffled,1,83,spec-decode,5,15,62.000006437301636,647.5200061686337,748.35,64.39,651.56,748.37,0.0
shuffled,1,84,spec-decode,5,15,62.63999966904521,645.9299474954605,745.98,65.08,650.0,745.83,0.0
shuffled,1,85,spec-decode,5,15,60.79004378989339,703.3600122667849,803.56,63.22,698.5,794.2,0.0
shuffled,1,86,spec-decode,5,15,63.67999594658613,653.1199906021357,755.07,66.0,656.88,754.93,0.0
shuffled,1,87,spec-decode,5,15,62.51002196222544,655.1499827764928,756.57,64.8,659.04,756.53,0.0
shuffled,1,88,spec-decode,4,12,112.35999409109354,650.3000040538609,803.25,114.82,654.72,803.25,0.0
shuffled,1,89,spec-decode,4,12,53.800002206116915,654.2199989780784,746.23,56.07,658.52,746.2,0.0
shuffled,1,90,spec-decode,4,12,80.05998097360134,679.5900408178568,802.8,73.85,684.56,793.51,0.0
shuffled,1,91,spec-decode,3,9,103.6200555972755,648.9499937742949,793.3,105.85,652.96,793.07,0.0
shuffled,1,92,spec-decode,3,9,49.41999213770032,647.5000409409404,735.79,51.72,651.57,735.76,0.0
shuffled,1,93,spec-decode,3,9,47.52003587782383,651.429989375174,737.86,49.93,655.62,737.68,0.0
shuffled,1,94,spec-decode,3,9,47.84995689988136,683.0499623902142,769.55,50.27,680.4,762.68,0.0
shuffled,1,95,spec-decode,3,9,49.3300030939281,646.2900200858712,735.72,51.63,650.54,735.72,0.0
shuffled,1,96,spec-decode,3,9,47.18999844044447,641.7499971576035,727.59,49.5,645.91,727.7,0.0
shuffled,1,97,spec-decode,3,9,48.47004311159253,649.6600108221173,737.44,50.78,654.1,737.59,0.0
shuffled,1,98,spec-decode,2,6,99.45995407178998,644.7699852287769,782.69,101.76,648.99,782.64,0.0
shuffled,1,99,spec-decode,2,6,39.71997648477554,676.1800032109022,756.21,42.3,670.17,745.66,0.0
shuffled,1,100,spec-decode,2,6,41.69996827840805,650.4199700430036,731.89,44.06,654.74,731.85,0.0
shuffled,1,101,spec-decode,2,6,43.24002657085657,640.4099985957146,723.01,45.52,644.49,723.07,0.0
shuffled,1,102,spec-decode,2,6,41.25002305954695,642.229977529496,721.73,44.0,646.44,721.58,0.0
shuffled,1,103,spec-decode,1,3,89.95999814942479,648.6799684353173,782.15,92.28,645.73,775.2,0.0
shuffled,1,104,spec-decode,1,3,35.34002462401986,655.459996778518,730.83,37.74,659.55,730.51,0.0
shuffled,1,105,drain,0,0,79.39,0.0,82.66,78.57,0.0,82.14,0.0
shuffled,2,0,prefill,1,2048,377.38995160907507,805.7900122366846,1261.64,381.31,801.68,1249.0,0.0
shuffled,2,1,spec-decode,1,3,37.16995706781745,669.6700002066791,747.34,39.73,673.89,753.82,0.0
shuffled,2,2,spec-decode,1,3,32.739946618676186,622.6400146260858,691.68,35.05,626.47,691.44,0.0
shuffled,2,3,spec-decode,1,3,31.65996167808771,617.2500434331596,684.31,33.98,621.18,684.16,0.0
shuffled,2,4,spec-decode,1,3,30.669965781271458,619.2700238898396,685.42,32.97,623.15,685.32,0.0
shuffled,2,5,spec-decode,1,3,30.519964639097452,680.130033288151,747.91,32.84,669.73,733.01,0.0
shuffled,2,6,spec-decode,2,2051,311.0500401817262,750.5499524995685,1112.63,314.02,755.11,1110.66,0.0
shuffled,2,7,spec-decode,2,6,41.71999171376228,642.010010778904,721.91,44.15,645.87,721.74,0.0
shuffled,2,8,spec-decode,3,2054,318.74002888798714,795.1100124046206,1165.82,321.87,792.52,1156.21,0.0
shuffled,2,9,spec-decode,4,1161,293.11998514458537,714.7900178097188,1060.84,296.05,719.61,1058.25,0.0
shuffled,2,10,spec-decode,4,12,54.42003021016717,631.7399675026536,723.9,56.9,635.9,723.92,0.0
shuffled,2,11,spec-decode,4,12,52.449991926550865,624.970009084791,714.64,54.83,629.26,714.53,0.0
shuffled,2,12,spec-decode,5,1164,294.35002943500876,709.420011844486,1054.64,297.32,714.4,1052.68,0.0
shuffled,2,13,spec-decode,5,15,60.62001921236515,633.3499914035201,733.54,63.11,637.63,733.32,0.0
shuffled,2,14,spec-decode,6,1167,305.3399850614369,717.420014552772,1072.68,308.23,721.9,1070.79,0.0
shuffled,2,15,spec-decode,6,18,79.10002022981644,656.6399824805558,784.87,82.7,660.64,778.0,0.0
shuffled,2,16,spec-decode,6,18,65.87000098079443,635.1899937726557,739.59,68.38,639.44,739.49,0.0
shuffled,2,17,spec-decode,6,18,67.4500479362905,652.400020044297,759.58,70.02,656.49,759.48,0.0
shuffled,2,18,spec-decode,6,18,66.67000707238913,661.1799472011626,767.26,69.04,665.46,767.13,0.0
shuffled,2,19,spec-decode,6,18,68.34999658167362,721.8599785119295,831.19,70.75,706.86,811.57,0.0
shuffled,2,20,spec-decode,7,2066,372.03996907919645,782.5500215403736,1211.85,375.29,787.64,1209.6,0.0
shuffled,2,21,spec-decode,7,21,76.00995013490319,665.8199708908796,783.84,78.45,670.35,783.56,0.0
shuffled,2,22,spec-decode,8,2069,389.9100120179355,812.3799925670028,1266.46,386.06,818.38,1256.1,0.0
shuffled,2,23,spec-decode,8,24,85.01001866534352,679.2899803258479,806.37,87.4,683.51,806.09,0.0
shuffled,2,24,spec-decode,9,1176,358.4199585020542,767.1599742025137,1182.65,361.56,772.06,1180.16,0.0
shuffled,2,25,spec-decode,9,27,89.62996071204543,735.5900015681982,867.58,92.14,728.79,856.12,0.0
shuffled,2,26,spec-decode,9,27,88.5800109244883,672.1600075252354,802.61,91.17,676.82,802.36,0.0
shuffled,2,27,spec-decode,9,27,88.89997843652964,671.2399772368371,800.98,91.48,675.81,800.81,0.0
shuffled,2,28,spec-decode,10,1179,373.7600054591894,799.8400251381099,1231.43,376.95,795.05,1219.18,0.0
shuffled,2,29,spec-decode,10,30,96.77995694801211,676.7099839635193,817.95,99.54,681.16,817.86,0.0
shuffled,2,30,spec-decode,10,30,95.20997991785407,672.0300298184156,808.24,97.73,676.73,808.11,0.0
shuffled,2,31,spec-decode,10,30,93.1799877434969,667.2399467788637,800.66,95.7,671.44,800.68,0.0
shuffled,2,32,spec-decode,10,30,92.55000622943044,720.4000139608979,854.88,95.08,710.6,840.42,0.0
shuffled,2,33,spec-decode,10,30,96.25998791307211,681.2399951741099,818.17,98.76,685.51,817.97,0.0
shuffled,2,34,spec-decode,10,30,94.4999628700316,667.5199838355184,802.6,96.95,672.12,802.67,0.0
shuffled,2,35,spec-decode,10,30,92.25000394508243,663.2099975831807,795.44,94.71,667.57,795.32,0.0
shuffled,2,36,spec-decode,10,30,93.62999117001891,664.6999972872436,798.04,95.98,668.86,797.99,0.0
shuffled,2,37,spec-decode,11,2078,405.7699698023498,798.9099831320345,1262.47,409.04,803.6,1266.54,0.0
shuffled,2,38,spec-decode,11,33,102.17999806627631,683.2799990661442,827.31,104.61,687.7,827.36,0.0
shuffled,2,39,spec-decode,11,33,99.47997750714421,668.5699918307364,807.36,101.85,672.81,807.6,0.0
shuffled,2,40,spec-decode,12,1185,398.609961848706,770.9100027568638,1229.79,401.86,775.88,1227.1,0.0
shuffled,2,41,spec-decode,13,2084,409.08996015787125,797.5699845701456,1264.66,412.36,802.63,1261.61,0.0
shuffled,2,42,spec-decode,13,39,115.77998520806432,723.1800118461251,881.48,118.23,717.59,871.61,0.0
shuffled,2,43,spec-decode,13,39,112.80999751761556,674.5299906469882,829.01,115.35,678.91,829.03,0.0
shuffled,2,44,spec-decode,13,39,112.43001790717244,675.2699846401811,829.68,114.98,679.43,829.35,0.0
shuffled,2,45,spec-decode,13,39,113.47001418471336,669.4999756291509,823.81,115.93,673.67,823.65,0.0
shuffled,2,46,spec-decode,13,39,113.36000170558691,745.9999760612845,900.3,115.97,739.45,889.05,0.0
shuffled,2,47,spec-decode,14,1191,410.27000406756997,777.800043579191,1245.79,413.41,782.85,1243.7,0.0
shuffled,2,48,spec-decode,14,42,124.71998343244195,702.6699604466558,870.64,127.28,707.16,870.53,0.0
shuffled,2,49,spec-decode,14,42,123.0700290761888,758.8100270368159,925.29,125.47,750.15,911.67,0.0
shuffled,2,50,spec-decode,14,42,123.03999392315745,697.9499594308436,863.23,125.42,702.0,862.93,0.0
shuffled,2,51,spec-decode,14,1191,428.8699710741639,795.1899897307158,1282.32,432.22,799.8,1280.61,0.0
shuffled,2,52,spec-decode,15,2090,452.79995538294315,833.3399891853333,1345.71,445.57,838.74,1339.04,0.0
shuffled,2,53,spec-decode,15,45,128.79999121651053,718.6000002548099,891.45,131.64,723.38,891.21,0.0
shuffled,2,54,spec-decode,15,45,129.31000674143434,722.5600420497358,895.33,132.13,726.74,895.4,0.0
shuffled,2,55,spec-decode,15,45,132.76003301143646,738.5400240309536,915.57,136.13,729.06,901.08,0.0
shuffled,2,56,spec-decode,15,45,126.59997446462512,704.0800410322845,879.29,129.06,708.56,879.05,0.0
shuffled,2,57,spec-decode,15,45,131.1800442636013,706.5900135785341,878.18,133.62,711.05,878.06,0.0
shuffled,2,58,spec-decode,13,39,217.2800013795495,704.1500066407025,963.3,219.96,708.24,963.29,0.0
shuffled,2,59,spec-decode,12,36,178.12004080042243,738.409988116473,959.8,180.61,733.31,949.17,0.0
shuffled,2,60,spec-decode,12,36,107.2800369001925,687.8899876028299,835.37,109.96,691.95,835.29,0.0
shuffled,2,61,spec-decode,12,36,106.81996354833245,695.2600087970495,841.31,109.35,699.23,844.11,0.0
shuffled,2,62,spec-decode,11,33,174.28997671231627,694.5999921299517,910.97,176.64,699.08,910.4,0.0
shuffled,2,63,spec-decode,11,33,103.28000644221902,746.709993109107,892.57,105.69,738.41,879.37,0.0
shuffled,2,64,spec-decode,11,33,102.08005551248789,689.15996234864,830.98,104.54,693.09,830.87,0.0
shuffled,2,65,spec-decode,10,30,173.27000387012959,689.1899975016713,902.13,175.66,693.94,902.02,0.0
shuffled,2,66,spec-decode,10,30,103.54002006351948,687.7399864606559,833.48,106.02,692.65,833.41,0.0
shuffled,2,67,spec-decode,10,30,93.1799877434969,703.289988450706,836.82,95.45,700.57,829.44,0.0
shuffled,2,68,spec-decode,10,30,99.73999112844467,668.8599823974073,808.74,102.11,673.03,808.54,0.0
shuffled,2,69,spec-decode,10,30,98.08002505451441,684.4099843874574,822.46,100.62,689.02,822.43,0.0
shuffled,2,70,spec-decode,9,27,157.6300128363073,684.5599855296314,881.76,160.29,688.61,881.47,0.0
shuffled,2,71,spec-decode,9,27,88.82000111043453,723.1300114654005,851.1,91.29,717.0,840.75,0.0
shuffled,2,72,spec-decode,8,24,136.05999993160367,680.9099577367306,856.32,138.41,684.84,862.41,0.0
shuffled,2,73,spec-decode,8,24,82.39998714998364,680.4500008001924,801.37,84.68,684.9,801.21,0.0
shuffled,2,74,spec-decode,8,24,83.29004049301147,685.1200014352798,808.12,85.78,689.09,807.91,0.0
shuffled,2,75,spec-decode,7,21,132.10996985435486,721.1100310087204,892.95,134.65,714.28,881.76,0.0
shuffled,2,76,spec-decode,7,21,76.6600132919848,674.0799872204661,789.96,79.16,678.17,789.95,0.0
shuffled,2,77,spec-decode,6,18,125.39001181721687,665.6599580310285,830.45,127.9,669.84,830.29,0.0
shuffled,2,78,spec-decode,6,18,67.24003469571471,661.9099876843393,766.12,69.73,665.87,766.15,0.0
shuffled,2,79,spec-decode,6,18,67.49999010935426,667.5100303255022,772.23,69.95,671.6,772.13,0.0
shuffled,2,80,spec-decode,6,18,88.58996443450451,680.2899879403412,812.78,92.26,684.34,812.49,0.0
shuffled,2,81,spec-decode,5,15,118.3900167234242,663.4099991060793,820.7,120.59,667.32,820.85,0.0
shuffled,2,82,spec-decode,5,15,63.07999137789011,650.7799844257534,751.33,65.72,654.94,751.29,0.0
shuffled,2,83,spec-decode,5,15,60.41000597178936,650.0899908132851,748.55,62.91,653.97,748.35,0.0
shuffled,2,84,spec-decode,5,15,59.99003769829869,690.1500164531171,788.13,62.61,685.05,778.73,0.0
shuffled,2,85,spec-decode,5,15,59.6300233155489,650.1200259663165,747.92,61.9,654.39,747.83,0.0
shuffled,2,86,spec-decode,5,15,60.60005398467183,637.7900135703385,735.71,63.0,641.6,735.68,0.0
shuffled,2,87,spec-decode,5,15,59.50999911874533,639.5499804057181,736.42,61.89,643.39,736.24,0.0
shuffled,2,88,spec-decode,4,12,106.52001947164536,633.2400371320546,776.84,108.81,637.22,776.96,0.0
shuffled,2,89,spec-decode,4,12,57.74997407570481,641.490041743964,740.03,60.55,645.46,739.72,0.0
shuffled,2,90,spec-decode,4,12,52.42996849119663,625.3999890759587,714.45,54.82,629.2,714.4,0.0
shuffled,2,91,spec-decode,3,9,100.91002332046628,624.4799587875605,763.43,103.42,628.33,763.26,0.0
shuffled,2,92,spec-decode,3,9,45.32997263595462,622.0799987204373,703.07,47.72,625.81,702.93,0.0
shuffled,2,93,spec-decode,3,9,45.01000512391329,674.7500156052411,756.42,47.42,665.53,743.16,0.0
shuffled,2,94,spec-decode,3,9,45.810011215507984,627.8600194491446,709.62,48.14,631.82,717.69,0.0
shuffled,2,95,spec-decode,3,9,46.27002635970712,621.5000175870955,703.34,48.57,625.42,703.28,0.0
shuffled,2,96,spec-decode,3,9,47.10000939667225,628.8400036282837,711.92,49.52,632.79,711.87,0.0
shuffled,2,97,spec-decode,3,9,46.37998063117266,623.5199980437756,706.38,48.64,627.47,706.4,0.0
shuffled,2,98,spec-decode,2,6,93.88994658365846,671.5799681842327,803.99,96.04,669.72,797.52,0.0
shuffled,2,99,spec-decode,2,6,39.790000300854445,627.6000058278441,704.84,42.14,631.71,704.76,0.0
shuffled,2,100,spec-decode,2,6,38.77998096868396,621.829996816814,697.02,41.04,625.67,696.97,0.0
shuffled,2,101,spec-decode,2,6,40.07999086752534,627.4300394579768,704.26,42.41,631.59,704.33,0.0
shuffled,2,102,spec-decode,2,6,38.560014218091965,619.8399933055043,694.17,41.04,623.81,694.04,0.0
shuffled,2,103,spec-decode,1,3,82.76000153273344,654.7499797306955,775.05,85.14,646.1,762.09,0.0
shuffled,2,104,spec-decode,1,3,30.329974833875895,616.6599923744798,682.29,32.77,620.59,682.2,0.0
shuffled,2,105,drain,0,0,73.45,0.0,76.67,72.71,0.0,76.2,0.0
shuffled,3,0,prefill,1,2048,368.0699737742543,773.7000123597682,1220.45,372.34,778.78,1216.28,0.0
shuffled,3,1,spec-decode,1,3,36.65999975055456,669.8200013488531,746.69,39.09,673.7,746.56,0.0
shuffled,3,2,spec-decode,1,3,33.51998748257756,691.780005581677,763.31,35.86,658.12,725.61,0.0
shuffled,3,3,spec-decode,1,3,33.71003549546003,628.7299911491573,699.58,36.13,632.65,699.45,0.0
shuffled,3,4,spec-decode,1,3,31.21001645922661,626.9100122153759,693.99,33.52,630.74,693.89,0.0
shuffled,3,5,spec-decode,1,3,29.939983505755663,622.8500278666615,688.39,32.44,626.54,688.45,0.0
shuffled,3,6,spec-decode,2,2051,308.75002266839147,811.7100223898888,1170.59,311.79,786.72,1138.72,0.0
shuffled,3,7,spec-decode,2,6,42.140018194913864,642.5599567592144,723.45,44.59,646.53,729.05,0.0
shuffled,3,8,spec-decode,3,2054,320.37001801654696,749.0399875678122,1122.2,323.69,753.74,1120.24,0.0
shuffled,3,9,spec-decode,4,1161,285.41998472064734,774.0299915894866,1109.97,288.72,742.37,1071.44,0.0
shuffled,3,10,spec-decode,4,12,55.47999171540141,633.4300269372761,726.77,57.87,637.4,726.74,0.0
shuffled,3,11,spec-decode,4,12,52.63002822175622,621.690007392317,710.58,55.13,625.56,710.57,0.0
shuffled,3,12,spec-decode,5,1164,293.0099726654589,716.5599963627756,1059.57,296.01,721.07,1057.88,0.0
shuffled,3,13,spec-decode,5,15,61.929982621222734,698.5099753364921,799.32,64.36,667.05,763.55,0.0
shuffled,3,14,spec-decode,6,1167,307.1500104852021,722.0800034701824,1081.81,310.56,726.94,1079.89,0.0
shuffled,3,15,spec-decode,6,18,68.15994856879115,640.6300235539675,748.45,70.72,644.65,820.98,0.0
shuffled,3,16,spec-decode,6,18,66.75999611616135,630.7199946604669,736.63,69.31,634.69,736.27,0.0
shuffled,3,17,spec-decode,6,18,118.0200488306582,645.6900155171752,803.36,89.75,649.8,772.24,0.0
shuffled,3,18,spec-decode,6,18,64.4599786028266,625.8100038394332,726.82,66.8,629.76,726.84,0.0
shuffled,3,19,spec-decode,6,18,64.79001604020596,622.1699877642095,722.69,67.34,625.89,722.62,0.0
shuffled,3,20,spec-decode,7,2066,338.2399445399642,799.3099861778319,1190.12,341.4,772.83,1156.88,0.0
shuffled,3,21,spec-decode,7,21,76.32002234458923,641.7999975383282,757.24,78.85,645.85,756.91,0.0
shuffled,3,22,spec-decode,8,2069,348.9800146780908,751.640007365495,1151.1,352.27,756.27,1149.25,0.0
shuffled,3,23,spec-decode,8,24,81.64002792909741,640.6999891623855,760.76,84.11,644.65,760.69,0.0
shuffled,3,24,spec-decode,9,1176,333.1099869683385,731.3300156965852,1117.19,336.31,736.12,1121.5,0.0
shuffled,3,25,spec-decode,9,27,88.26004341244698,656.360003631562,784.87,90.83,660.39,784.9,0.0
shuffled,3,26,spec-decode,9,27,85.46997560188174,641.6700198315084,764.07,87.86,645.46,764.0,0.0
shuffled,3,27,spec-decode,9,27,84.07002314925194,632.6800212264061,754.26,86.53,636.61,754.2,0.0
shuffled,3,28,spec-decode,10,1179,321.4799799025059,714.6199932321906,1087.65,324.83,719.01,1085.36,0.0
shuffled,3,29,spec-decode,10,30,93.08999869972467,639.5100499503314,772.21,95.71,643.42,772.04,0.0
shuffled,3,30,spec-decode,10,30,90.5499910004437,633.3899800665677,761.29,93.15,637.29,761.18,0.0
shuffled,3,31,spec-decode,10,30,91.56996384263039,700.0199984759092,829.47,94.11,673.22,798.27,0.0
shuffled,3,32,spec-decode,10,30,91.83998918160796,639.7799588739872,770.28,94.36,643.63,770.19,0.0
shuffled,3,33,spec-decode,10,30,90.24998871609569,635.4000070132315,763.49,92.66,639.25,763.71,0.0
shuffled,3,34,spec-decode,10,30,91.51000995188951,639.4800147973001,769.3,93.92,643.23,769.12,0.0
shuffled,3,35,spec-decode,10,30,93.06002175435424,647.4200054071844,778.67,95.52,651.2,778.45,0.0
shuffled,3,36,spec-decode,10,30,94.74996477365494,655.6599983014166,790.96,97.46,659.87,790.57,0.0
shuffled,3,37,spec-decode,11,2078,389.0100051648915,758.1699755974114,1199.9,392.23,763.08,1198.02,0.0
shuffled,3,38,spec-decode,11,33,100.2000062726438,652.9200472868979,792.47,102.9,656.86,792.66,0.0
shuffled,3,39,spec-decode,11,33,103.5599852912128,744.5900118909776,890.3,106.39,718.49,859.36,0.0
shuffled,3,40,spec-decode,12,1185,350.1600003801286,761.3800116814673,1163.29,353.15,766.11,1161.24,0.0
shuffled,3,41,spec-decode,13,2084,407.510029617697,794.7700214572251,1304.44,410.7,799.54,1272.31,0.0
shuffled,3,42,spec-decode,13,39,116.47999053820968,699.7300079092383,858.04,118.97,704.05,863.35,0.0
shuffled,3,43,spec-decode,13,39,115.1799806393683,691.410037688911,847.19,117.73,695.81,846.94,0.0
shuffled,3,44,spec-decode,13,39,115.36001693457365,693.0200033821166,849.06,117.85,697.78,848.92,0.0
shuffled,3,45,spec-decode,13,39,118.51004092022777,680.8600155636668,838.43,120.95,684.75,838.3,0.0
shuffled,3,46,spec-decode,13,39,115.75000826269388,714.0400120988488,873.34,118.35,718.16,872.86,0.0
shuffled,3,47,spec-decode,14,1191,365.81000313162804,790.649966802448,1210.08,368.88,794.98,1207.83,0.0
shuffled,3,48,spec-decode,14,42,126.38996122404933,691.9699953868985,861.66,129.38,697.18,861.54,0.0
shuffled,3,49,spec-decode,14,42,172.09001816809177,695.8299782127142,911.76,145.26,700.6,881.55,0.0
shuffled,3,50,spec-decode,14,42,121.00004823878407,699.9199977144599,861.85,123.46,704.43,861.58,0.0
shuffled,3,51,spec-decode,14,1191,389.0100051648915,782.5600332580507,1226.27,392.08,787.37,1224.02,0.0
shuffled,3,52,spec-decode,15,2090,410.9499859623611,828.7600358016789,1292.72,413.96,833.5,1291.19,0.0
shuffled,3,53,spec-decode,15,45,130.95996109768748,709.7800262272358,884.55,133.43,714.38,884.53,0.0
shuffled,3,54,spec-decode,15,45,132.22999405115843,717.570015694946,898.03,134.84,721.92,897.95,0.0
shuffled,3,55,spec-decode,15,45,125.07999781519175,752.2699888795614,918.07,127.45,726.06,887.34,0.0
shuffled,3,56,spec-decode,15,45,131.6100242547691,694.8299705982208,867.68,134.38,699.09,867.37,0.0
shuffled,3,57,spec-decode,15,45,126.54002057388425,684.0199930593371,849.71,128.83,687.9,849.52,0.0
shuffled,3,58,spec-decode,13,39,208.78005307167768,685.0200006738305,937.64,211.29,689.5,937.31,0.0
shuffled,3,59,spec-decode,12,36,177.25001089274883,744.0500194206834,963.4,179.54,717.99,933.08,0.0
shuffled,3,60,spec-decode,12,36,107.17997793108225,679.5200170017779,826.83,109.61,683.44,833.28,0.0
shuffled,3,61,spec-decode,12,36,106.35005310177803,687.9800348542631,834.52,108.65,692.6,834.26,0.0
shuffled,3,62,spec-decode,11,33,171.2400116957724,676.0000251233578,888.17,173.63,679.98,887.97,0.0
shuffled,3,63,spec-decode,11,33,101.60997044295073,750.8400012739003,893.68,104.01,720.96,859.68,0.0
shuffled,3,64,spec-decode,11,33,100.65000969916582,682.0799899287522,822.84,103.2,685.9,822.84,0.0
shuffled,3,65,spec-decode,10,30,162.3100251890719,666.2800442427397,869.06,164.79,670.41,868.94,0.0
shuffled,3,66,spec-decode,10,30,93.70001498609781,656.0899782925844,788.27,96.21,659.91,788.22,0.0
shuffled,3,67,spec-decode,10,30,91.32002014666796,723.170000128448,854.36,93.73,695.72,822.46,0.0
shuffled,3,68,spec-decode,10,30,97.60999819263816,676.3599812984467,811.66,100.08,680.07,811.54,0.0
shuffled,3,69,spec-decode,10,30,96.3200000114739,665.5700271949172,802.05,98.79,669.45,802.01,0.0
shuffled,3,70,spec-decode,9,27,153.7000061944127,662.5400274060667,855.9,156.16,666.85,855.86,0.0
shuffled,3,71,spec-decode,9,27,86.27999341115355,715.4899649322033,841.73,88.91,690.03,811.25,0.0
shuffled,3,72,spec-decode,8,24,132.16002844274044,648.3400356955826,819.8,134.73,652.39,819.79,0.0
shuffled,3,73,spec-decode,8,24,79.86999116837978,649.9200244434178,768.38,82.34,653.79,768.06,0.0
shuffled,3,74,spec-decode,8,24,80.94002259895205,645.8300049416721,765.06,83.48,649.8,764.91,0.0
shuffled,3,75,spec-decode,7,21,124.54995885491371,640.9300258383155,804.6,126.94,644.96,804.62,0.0
shuffled,3,76,spec-decode,7,21,74.09002864733338,645.219988655299,758.51,76.47,649.19,758.17,0.0
shuffled,3,77,spec-decode,6,18,117.37999739125371,626.5100091695786,781.62,119.79,630.44,781.64,0.0
shuffled,3,78,spec-decode,6,18,65.90998964384198,629.7200452536345,732.91,68.31,633.6,732.97,0.0
shuffled,3,79,spec-decode,6,18,64.85998164862394,620.8699778653681,722.15,67.44,624.7,721.98,0.0
shuffled,3,80,spec-decode,6,18,64.43000165745616,682.440004311502,783.25,66.71,657.38,753.96,0.0
shuffled,3,81,spec-decode,5,15,111.79997818544507,620.2299846336246,769.64,114.11,624.1,774.75,0.0
shuffled,3,82,spec-decode,5,15,60.44004112482071,625.3800238482654,722.72,62.89,629.17,722.55,0.0
shuffled,3,83,spec-decode,5,15,59.77996625006199,631.3199992291629,728.14,62.3,635.16,727.89,0.0
shuffled,3,84,spec-decode,5,15,60.120015405118465,621.0999563336372,716.87,62.6,624.91,716.65,0.0
shuffled,3,85,spec-decode,5,15,59.40999835729599,682.9799967817962,779.03,61.8,657.41,749.02,0.0
shuffled,3,86,spec-decode,5,15,58.67995787411928,624.750042334199,719.71,61.08,628.87,719.43,0.0
shuffled,3,87,spec-decode,5,15,59.330021031200886,625.0099977478385,720.72,61.74,628.79,720.79,0.0
shuffled,3,88,spec-decode,4,12,104.17000157758594,625.3300234675407,766.93,106.44,629.11,767.0,0.0
shuffled,3,89,spec-decode,4,12,51.75999831408262,672.950001899153,761.39,54.16,641.08,725.51,0.0
shuffled,3,90,spec-decode,4,12,52.660005167126656,624.1599912755191,713.56,55.11,628.12,713.39,0.0
shuffled,3,91,spec-decode,3,9,95.79001925885677,616.9400294311345,749.39,98.12,620.83,749.09,0.0
shuffled,3,92,spec-decode,3,9,45.670021791011095,616.5800150483847,697.9,48.09,620.35,697.49,0.0
shuffled,3,93,spec-decode,3,9,45.740045607089996,618.5200181789696,700.63,48.24,622.37,700.42,0.0
shuffled,3,94,spec-decode,3,9,45.09999416768551,670.0599915347993,751.31,47.75,641.67,718.95,0.0
shuffled,3,95,spec-decode,3,9,45.72002217173576,620.1100186444819,701.64,48.12,623.86,701.54,0.0
shuffled,3,96,spec-decode,3,9,45.64999835565686,619.289989117533,700.01,48.11,622.89,699.76,0.0
shuffled,3,97,spec-decode,3,9,45.03002855926752,620.3099619597197,700.52,47.44,624.18,700.47,0.0
shuffled,3,98,spec-decode,2,6,91.14004205912352,616.3499783724546,743.96,93.46,620.33,743.95,0.0
shuffled,3,99,spec-decode,2,6,39.190053939819336,674.2000114172697,750.38,41.6,644.45,716.44,0.0
shuffled,3,100,spec-decode,2,6,38.97002898156643,619.0499989315867,694.22,41.51,623.04,694.06,0.0
shuffled,3,101,spec-decode,2,6,38.85000478476286,623.9700014702976,698.8,41.08,627.87,698.59,0.0
shuffled,3,102,spec-decode,2,6,37.22001565620303,615.5300070531666,687.82,39.67,619.25,687.74,0.0
shuffled,3,103,spec-decode,1,3,82.52001134678721,617.1000422909856,737.04,84.96,621.05,736.88,0.0
shuffled,3,104,spec-decode,1,3,30.220020562410355,668.5800035484135,735.44,32.58,642.94,705.58,0.0
shuffled,3,105,drain,0,0,73.02,0.0,76.94,72.29,0.0,76.57,0.0
shuffled,4,0,prefill,1,2048,414.6600258536637,920.3999652527273,1419.92,419.09,895.36,1384.75,0.0
shuffled,4,1,spec-decode,1,3,37.43002889677882,742.9899997077882,825.96,40.08,747.08,826.01,0.0
shuffled,4,2,spec-decode,1,3,33.60002301633358,720.5500151030719,795.83,35.98,724.69,796.02,0.0
shuffled,4,3,spec-decode,1,3,34.29001662880182,693.049980327487,768.68,36.66,697.03,768.62,0.0
shuffled,4,4,spec-decode,1,3,33.0399489030242,768.1899587623775,842.91,35.51,742.44,812.37,0.0
shuffled,4,5,spec-decode,1,3,33.04000711068511,694.4399792701006,767.24,35.41,698.42,767.18,0.0
shuffled,4,6,spec-decode,2,2051,336.6399905644357,827.4299907498062,1220.62,339.76,832.49,1218.85,0.0
shuffled,4,7,spec-decode,2,6,45.3800312243402,767.560035455972,854.12,47.76,740.26,822.63,0.0
shuffled,4,8,spec-decode,3,2054,327.38997833803296,815.1400252245367,1199.49,330.59,819.76,1197.49,0.0
shuffled,4,9,spec-decode,4,1161,317.4699959345162,771.8799752183259,1144.85,320.51,776.44,1143.04,0.0
shuffled,4,10,spec-decode,4,12,56.14000838249922,735.4900008067489,834.05,58.59,705.79,799.82,0.0
shuffled,4,11,spec-decode,4,12,57.259981986135244,683.409976772964,781.84,59.77,687.43,781.87,0.0
shuffled,4,12,spec-decode,5,1164,304.8399812541902,763.4200155735016,1122.81,308.01,767.98,1121.05,0.0
shuffled,4,13,spec-decode,5,15,61.669968999922276,738.490023650229,840.88,64.22,711.11,808.89,0.0
shuffled,4,14,spec-decode,6,1167,307.13999876752496,766.3500146009028,1127.48,310.18,770.8,1125.31,0.0
shuffled,4,15,spec-decode,6,18,68.19999543949962,688.2800371386111,797.02,70.73,692.09,802.55,0.0
shuffled,4,16,spec-decode,6,18,67.32001202180982,677.740026731044,784.48,69.74,682.21,784.27,0.0
shuffled,4,17,spec-decode,6,18,68.5499981045723,749.3899902328849,860.06,71.01,719.49,825.2,0.0
shuffled,4,18,spec-decode,6,18,66.27995753660798,669.5899646729231,775.6,68.68,673.67,775.46,0.0
shuffled,4,19,spec-decode,6,18,69.30000381544232,684.3300070613623,794.39,72.29,688.46,794.4,0.0
shuffled,4,20,spec-decode,7,2066,358.4700170904398,861.7599960416555,1272.87,361.78,832.01,1236.44,0.0
shuffled,4,21,spec-decode,7,21,74.23001807183027,678.1899719499052,791.84,76.73,681.93,791.7,0.0
shuffled,4,22,spec-decode,8,2069,358.06000232696533,787.3100112192333,1198.25,361.15,791.8,1196.39,0.0
shuffled,4,23,spec-decode,8,24,80.9800112619996,677.2400229237974,797.95,83.49,681.24,797.84,0.0
shuffled,4,24,spec-decode,9,1176,337.96002389863133,744.390010368079,1133.58,341.2,748.69,1131.88,0.0
shuffled,4,25,spec-decode,9,27,86.71003160998225,663.6399775743484,790.6,89.2,667.48,790.46,0.0
shuffled,4,26,spec-decode,9,27,85.95996769145131,653.1699909828603,777.43,88.36,657.17,777.39,0.0
shuffled,4,27,spec-decode,9,27,85.2899975143373,702.4800288490951,825.87,87.72,671.81,791.39,0.0
shuffled,4,28,spec-decode,10,1179,335.2999920025468,730.0300057977438,1117.02,338.39,734.63,1114.98,0.0
shuffled,4,29,spec-decode,10,30,93.20996468886733,648.8300277851522,780.72,95.73,652.69,780.65,0.0
shuffled,4,30,spec-decode,10,30,90.29998909682035,629.2200414463878,756.45,92.85,633.07,756.41,0.0
shuffled,4,31,spec-decode,10,30,89.27995804697275,685.7800181023777,811.34,91.67,658.97,780.42,0.0
shuffled,4,32,spec-decode,10,30,89.97996337711811,625.9300280362368,753.0,92.47,629.86,752.9,0.0
shuffled,4,33,spec-decode,10,30,89.8200087249279,626.8599536269903,753.65,92.15,630.65,761.98,0.0
shuffled,4,34,spec-decode,10,30,89.68997281044722,627.589994110167,755.16,92.13,632.45,754.92,0.0
shuffled,4,35,spec-decode,10,30,91.37002052739263,688.3099558763206,816.98,93.82,661.2,785.99,0.0
shuffled,4,36,spec-decode,10,30,92.46001718565822,637.1500203385949,766.82,94.93,641.09,766.68,0.0
shuffled,4,37,spec-decode,11,2078,404.3899825774133,782.2000188753009,1241.27,407.53,786.82,1239.0,0.0
shuffled,4,38,spec-decode,11,33,102.58000111207366,682.2699797339737,826.41,105.18,686.15,826.29,0.0
shuffled,4,39,spec-decode,11,33,152.61000953614712,678.1200063414872,873.44,124.55,682.56,842.43,0.0
shuffled,4,40,spec-decode,12,1185,376.5199799090624,748.2200162485242,1179.3,379.83,752.47,1177.34,0.0
shuffled,4,41,spec-decode,13,2084,407.3700401932001,857.6599648222327,1320.83,410.48,831.49,1287.54,0.0
shuffled,4,42,spec-decode,13,39,114.87997835502028,686.0599969513714,843.15,117.52,690.14,842.95,0.0
shuffled,4,43,spec-decode,13,39,113.11995331197977,673.3899936079979,826.51,115.59,677.4,826.47,0.0
shuffled,4,44,spec-decode,13,39,111.89997894689441,668.1700469926,819.6,114.38,672.11,819.69,0.0
shuffled,4,45,spec-decode,13,39,113.33997827023268,728.0900026671588,881.99,115.82,698.37,847.65,0.0
shuffled,4,46,spec-decode,13,39,114.12997264415026,666.0199724137783,819.99,116.71,670.03,819.63,0.0
shuffled,4,47,spec-decode,14,1191,410.92000901699066,767.0399500057101,1234.49,414.36,771.7,1232.12,0.0
shuffled,4,48,spec-decode,14,42,120.96000136807561,732.9700165428221,896.49,123.42,704.6,863.53,0.0
shuffled,4,49,spec-decode,14,42,119.24002319574356,678.10999462381,837.56,121.84,682.13,837.49,0.0
shuffled,4,50,spec-decode,14,42,118.21999214589596,668.9300062134862,827.49,120.55,672.96,827.23,0.0
shuffled,4,51,spec-decode,14,1191,422.8099714964628,764.5900477655232,1243.18,426.09,769.36,1240.99,0.0
shuffled,4,52,spec-decode,15,2090,450.0399809330702,802.1900430321693,1309.44,453.51,806.58,1307.59,0.0
shuffled,4,53,spec-decode,15,45,129.5800320804119,693.7599973753095,866.3,132.42,697.79,866.11,0.0
shuffled,4,54,spec-decode,15,45,126.48000847548246,675.4000205546618,843.0,129.08,679.49,842.95,0.0
shuffled,4,55,spec-decode,15,45,174.90994650870562,690.6500202603638,907.88,143.77,694.89,873.58,0.0
shuffled,4,56,spec-decode,15,45,124.80997247621417,675.8800009265542,840.73,127.22,679.81,840.73,0.0
shuffled,4,57,spec-decode,15,45,124.81003068387508,672.7899890393019,837.16,127.37,676.84,837.03,0.0
shuffled,4,58,spec-decode,13,39,210.60003200545907,671.7000505886972,924.0,213.23,675.65,923.8,0.0
shuffled,4,59,spec-decode,12,36,184.1000048443675,676.240015309304,903.43,186.83,680.41,903.07,0.0
shuffled,4,60,spec-decode,12,36,107.86001803353429,663.5700119659305,811.36,110.41,667.64,811.28,0.0
shuffled,4,61,spec-decode,12,36,107.15995449572802,662.4200032092631,809.59,109.66,666.72,809.34,0.0
shuffled,4,62,spec-decode,11,33,170.1499568298459,658.1700290553272,869.63,172.64,662.3,869.53,0.0
shuffled,4,63,spec-decode,11,33,106.61000851541758,671.0200104862452,864.53,109.88,675.36,829.95,0.0
shuffled,4,64,spec-decode,11,33,99.93999265134335,665.1199655607343,803.41,102.42,669.07,803.11,0.0
shuffled,4,65,spec-decode,10,30,166.49998724460602,664.3499946221709,873.05,169.39,668.56,872.95,0.0
shuffled,4,66,spec-decode,10,30,93.13004557043314,660.2299981750548,792.96,95.56,664.1,792.99,0.0
shuffled,4,67,spec-decode,10,30,92.46001718565822,721.6400117613375,854.01,94.94,692.02,820.03,0.0
shuffled,4,68,spec-decode,10,30,93.17003423348069,661.3400182686746,794.45,95.83,665.59,794.13,0.0
shuffled,4,69,spec-decode,10,30,93.54000212624669,656.7399832420051,789.29,96.18,660.89,795.38,0.0
shuffled,4,70,spec-decode,9,27,158.63997396081686,649.6800342574716,847.2,161.08,653.68,847.18,0.0
shuffled,4,71,spec-decode,9,27,86.71998511999846,723.7599929794669,848.45,89.27,689.79,810.14,0.0
shuffled,4,72,spec-decode,8,24,136.84999430552125,649.9099545180798,826.97,139.35,653.88,826.45,0.0
shuffled,4,73,spec-decode,8,24,80.99997648969293,650.7699727080762,769.95,83.42,654.55,769.96,0.0
shuffled,4,74,spec-decode,8,24,81.45003812387586,651.4800479635596,769.56,83.96,655.14,769.42,0.0
shuffled,4,75,spec-decode,7,21,129.62002074345946,698.6299995332956,866.89,132.04,668.99,832.98,0.0
shuffled,4,76,spec-decode,7,21,75.26000263169408,645.5300026573241,759.12,77.61,649.63,758.97,0.0
shuffled,4,77,spec-decode,6,18,122.78003850951791,633.7199592962861,794.69,125.1,637.45,794.46,0.0
shuffled,4,78,spec-decode,6,18,66.67000707238913,635.3500066325068,739.08,69.02,639.2,738.92,0.0
shuffled,4,79,spec-decode,6,18,66.65999535471201,625.6100023165345,728.53,69.04,629.46,728.58,0.0
shuffled,4,80,spec-decode,6,18,64.79996955022216,686.330022290349,787.5,67.19,659.77,756.66,0.0
shuffled,4,81,spec-decode,5,15,112.9800220951438,625.2300227060914,776.09,115.28,629.11,776.04,0.0
shuffled,4,82,spec-decode,5,15,59.2700089327991,623.3900203369558,718.84,61.53,627.1,718.83,0.0
shuffled,4,83,spec-decode,5,15,59.81000140309334,626.1499947868288,722.26,62.39,629.91,722.05,0.0
shuffled,4,84,spec-decode,5,15,59.209996834397316,674.0099634043872,771.28,61.64,646.48,739.58,0.0
shuffled,4,85,spec-decode,5,15,62.7799890935421,641.8200209736824,742.21,65.46,646.07,742.1,0.0
shuffled,4,86,spec-decode,5,15,60.79999729990959,627.4299812503159,724.12,63.34,631.17,723.99,0.0
shuffled,4,87,spec-decode,5,15,61.489990912377834,633.5500511340797,731.84,63.96,637.24,731.72,0.0
shuffled,4,88,spec-decode,4,12,105.78002547845244,626.7100106924772,771.27,108.22,630.7,771.02,0.0
shuffled,4,89,spec-decode,4,12,53.270021453499794,694.2200125195086,785.89,56.22,668.8,755.99,0.0
shuffled,4,90,spec-decode,4,12,53.17002069205046,622.6500263437629,712.83,55.66,626.56,712.68,0.0
shuffled,4,91,spec-decode,3,9,98.06995512917638,618.1999924592674,754.91,100.76,622.39,754.87,0.0
shuffled,4,92,spec-decode,3,9,45.779976062476635,620.0500065460801,702.95,48.32,624.39,709.28,0.0
shuffled,4,93,spec-decode,3,9,44.83998054638505,618.6600076034665,700.53,47.54,622.79,700.34,0.0
shuffled,4,94,spec-decode,3,9,45.17001798376441,677.0299514755607,758.48,47.55,646.62,723.62,0.0
shuffled,4,95,spec-decode,3,9,46.1800373159349,619.8500050231814,702.26,48.7,623.61,702.09,0.0
shuffled,4,96,spec-decode,3,9,45.8200229331851,620.7000114955008,701.74,48.26,624.37,701.75,0.0
shuffled,4,97,spec-decode,3,9,45.47002026811242,625.9099463932216,706.79,47.79,629.61,706.73,0.0
shuffled,4,98,spec-decode,2,6,92.82998507842422,620.4600213095546,749.59,95.07,624.25,749.51,0.0
shuffled,4,99,spec-decode,2,6,41.899969801306725,632.4200076051056,713.2,44.87,636.32,712.81,0.0
shuffled,4,100,spec-decode,2,6,39.3899972550571,620.8099657669663,696.87,41.82,624.57,696.71,0.0
shuffled,4,101,spec-decode,2,6,39.23999611288309,624.2900271899998,700.9,42.16,628.28,762.05,0.0
shuffled,4,102,spec-decode,2,6,39.15000706911087,617.7699542604387,692.66,41.57,621.48,692.31,0.0
shuffled,4,103,spec-decode,1,3,82.32996333390474,664.8499984294176,784.32,84.62,638.53,754.04,0.0
shuffled,4,104,spec-decode,1,3,30.889990739524364,618.6800310388207,685.13,33.42,622.39,686.51,0.0
shuffled,4,105,drain,0,0,72.72,0.0,75.82,71.82,0.0,75.32,0.0
shuffled,5,0,prefill,1,2048,464.149983599782,980.4699802771211,1542.01,469.04,985.71,1537.89,0.0
shuffled,5,1,spec-decode,1,3,44.970016460865736,806.9900213740766,905.86,47.55,812.22,905.51,0.0
shuffled,5,2,spec-decode,1,3,38.139987736940384,810.9699701890349,897.45,41.3,805.37,887.17,0.0
shuffled,5,3,spec-decode,1,3,38.46996696665883,747.9100022464991,832.88,41.03,752.53,832.99,0.0
shuffled,5,4,spec-decode,1,3,36.02000651881099,745.9900225512683,826.62,38.57,750.12,826.62,0.0
shuffled,5,5,spec-decode,1,3,37.2799695469439,728.7500193342566,810.95,40.09,733.01,810.62,0.0
shuffled,5,6,spec-decode,2,2051,408.5400141775608,878.4299716353416,1352.56,404.22,883.34,1341.99,0.0
shuffled,5,7,spec-decode,2,6,48.17004082724452,730.6799525395036,824.94,50.63,735.12,825.12,0.0
shuffled,5,8,spec-decode,3,2054,375.1499461941421,895.2200296334922,1332.24,378.72,888.85,1318.64,0.0
shuffled,5,9,spec-decode,4,1161,351.41000989824533,809.640041552484,1218.9,354.57,814.2,1217.3,0.0
shuffled,5,10,spec-decode,4,12,58.65999264642596,688.4699687361717,789.13,61.1,692.26,796.97,0.0
shuffled,5,11,spec-decode,4,12,55.09995389729738,675.2699846401811,772.42,57.52,679.48,771.99,0.0
shuffled,5,12,spec-decode,5,1164,323.2600283809006,767.0899503864348,1148.24,326.42,772.01,1146.37,0.0
shuffled,5,13,spec-decode,5,15,62.94000195339322,667.6899502053857,770.46,65.41,671.68,770.46,0.0
shuffled,5,14,spec-decode,6,1167,321.4399912394583,783.9699974283576,1159.84,324.4,777.25,1146.42,0.0
shuffled,5,15,spec-decode,6,18,68.76996485516429,660.6699898838997,769.95,71.17,664.59,769.99,0.0
shuffled,5,16,spec-decode,6,18,67.50004831701517,637.8699908964336,743.07,69.87,641.76,742.97,0.0
shuffled,5,17,spec-decode,6,18,66.83997344225645,633.120012935251,737.8,69.09,637.24,737.73,0.0
shuffled,5,18,spec-decode,6,18,66.509994212538,636.2199783325195,739.69,68.81,640.15,739.53,0.0
shuffled,5,19,spec-decode,6,18,66.53001764789224,692.2699976712465,796.6,68.77,686.19,786.07,0.0
shuffled,5,20,spec-decode,7,2066,360.93994276598096,782.9400128684938,1199.26,363.84,788.0,1196.92,0.0
shuffled,5,21,spec-decode,7,21,77.40000728517771,654.0999747812748,770.88,79.71,658.39,770.83,0.0
shuffled,5,22,spec-decode,8,2069,415.89996544644237,755.7100034318864,1227.45,413.08,760.43,1218.52,0.0
shuffled,5,23,spec-decode,8,24,81.89998334273696,649.1400417871773,770.58,84.39,653.2,770.54,0.0
shuffled,5,24,spec-decode,9,1176,329.0800377726555,728.9200439117849,1109.41,332.38,733.64,1107.34,0.0
shuffled,5,25,spec-decode,9,27,88.04001845419407,677.9099931009114,806.27,90.45,675.97,799.88,0.0
shuffled,5,26,spec-decode,9,27,86.74996206536889,636.5000153891742,761.82,89.16,640.64,761.76,0.0
shuffled,5,27,spec-decode,9,27,85.8000130392611,636.4200380630791,760.02,88.32,640.46,765.67,0.0
shuffled,5,28,spec-decode,10,1179,336.1199633218348,770.920014474541,1165.01,339.24,764.76,1150.81,0.0
shuffled,5,29,spec-decode,10,30,96.28001134842634,660.8400144614279,796.05,98.69,664.62,796.04,0.0
shuffled,5,30,spec-decode,10,30,92.47998241335154,646.3300087489188,776.6,94.75,650.4,776.68,0.0
shuffled,5,31,spec-decode,10,30,90.97001748159528,644.8599742725492,774.24,93.33,649.06,774.4,0.0
shuffled,5,32,spec-decode,10,30,90.59999138116837,633.639981970191,761.75,92.99,637.58,761.79,0.0
shuffled,5,33,spec-decode,10,30,90.48002539202571,669.5599877275527,798.67,92.87,664.29,789.0,0.0
shuffled,5,34,spec-decode,10,30,90.93998232856393,632.139970548451,760.28,93.28,636.01,760.13,0.0
shuffled,5,35,spec-decode,10,30,90.96000576391816,631.6499784588814,759.76,93.44,635.47,759.8,0.0
shuffled,5,36,spec-decode,10,30,90.04003368318081,631.480012089014,758.84,92.38,635.56,758.92,0.0
shuffled,5,37,spec-decode,11,2078,387.180014513433,755.7999924756587,1196.57,373.93,760.43,1178.2,0.0
shuffled,5,38,spec-decode,11,33,102.00001997873187,658.5199735127389,799.9,104.39,662.33,799.65,0.0
shuffled,5,39,spec-decode,11,33,98.94999675452709,641.0100031644106,778.56,101.24,645.34,778.58,0.0
shuffled,5,40,spec-decode,12,1185,349.89998675882816,766.3199794478714,1168.87,353.2,763.82,1159.84,0.0
shuffled,5,41,spec-decode,13,2084,387.32000393792987,761.0999746248126,1201.46,390.44,765.58,1199.71,0.0
shuffled,5,42,spec-decode,13,39,113.84004028514028,659.7699830308557,813.92,116.56,663.82,813.66,0.0
shuffled,5,43,spec-decode,13,39,109.2599704861641,698.8699897192419,848.22,111.85,691.77,836.3,0.0
shuffled,5,44,spec-decode,13,39,110.56999210268259,643.3700327761471,793.28,112.99,647.68,793.01,0.0
shuffled,5,45,spec-decode,13,39,109.57004269585013,642.1700236387551,789.55,111.89,646.39,789.54,0.0
shuffled,5,46,spec-decode,13,39,109.72999734804034,639.9099947884679,787.97,112.17,644.04,794.04,0.0
shuffled,5,47,spec-decode,14,1191,405.7500045746565,734.6399943344295,1195.13,397.58,739.48,1181.38,0.0
shuffled,5,48,spec-decode,14,42,118.69997251778841,658.5399969480932,817.73,121.32,662.83,817.6,0.0
shuffled,5,49,spec-decode,14,42,117.64001101255417,649.2399843409657,805.2,119.96,653.22,805.33,0.0
shuffled,5,50,spec-decode,14,42,114.83998969197273,647.4600522778928,801.7,117.35,651.68,801.7,0.0
shuffled,5,51,spec-decode,14,1191,375.8599632419646,729.3800008483231,1156.44,379.05,733.82,1154.74,0.0
shuffled,5,52,spec-decode,15,2090,390.1300369761884,752.0000217482448,1194.66,393.04,756.59,1192.28,0.0
shuffled,5,53,spec-decode,15,45,126.93996541202068,682.0000126026571,849.17,129.3,678.64,841.78,0.0
shuffled,5,54,spec-decode,15,45,123.42998525127769,647.8900322690606,810.32,125.75,651.9,810.43,0.0
shuffled,5,55,spec-decode,15,45,123.48999734967947,648.8999933935702,811.02,125.95,652.8,810.87,0.0
shuffled,5,56,spec-decode,15,45,122.560013551265,642.8399938158691,803.98,124.89,646.8,803.85,0.0
shuffled,5,57,spec-decode,15,45,122.26001126691699,643.6399999074638,803.68,124.69,647.7,803.51,0.0
shuffled,5,58,spec-decode,13,39,213.74004427343607,654.5299547724426,913.64,216.7,658.71,913.18,0.0
shuffled,5,59,spec-decode,12,36,170.07999122142792,643.5699760913849,853.21,172.48,647.65,853.23,0.0
shuffled,5,60,spec-decode,12,36,105.6100009009242,638.7000321410596,782.81,107.99,642.71,782.71,0.0
shuffled,5,61,spec-decode,12,36,105.54998880252242,639.1999777406454,782.08,107.91,643.04,782.01,0.0
shuffled,5,62,spec-decode,11,33,191.88999431207776,643.4800452552736,875.05,184.9,647.61,865.72,0.0
shuffled,5,63,spec-decode,11,33,99.81996845453978,636.4800501614809,774.36,102.19,640.45,774.37,0.0
shuffled,5,64,spec-decode,11,33,97.53997437655926,633.1499898806214,767.64,99.97,636.74,774.94,0.0
shuffled,5,65,spec-decode,10,30,155.41003085672855,631.8700034171343,826.64,157.65,635.91,826.62,0.0
shuffled,5,66,spec-decode,10,30,92.42998203262687,670.0599915347993,800.24,94.79,662.95,789.0,0.0
shuffled,5,67,spec-decode,10,30,91.92002471536398,640.3800216503441,769.65,94.32,644.05,769.64,0.0
shuffled,5,68,spec-decode,10,30,91.0600065253675,638.2099818438292,767.17,93.42,641.88,767.04,0.0
shuffled,5,69,spec-decode,10,30,91.52002166956663,645.9100404754281,774.82,93.88,649.65,774.79,0.0
shuffled,5,70,spec-decode,9,27,149.85998859629035,670.8899745717645,858.84,152.01,661.84,845.62,0.0
shuffled,5,71,spec-decode,9,27,85.4399986565113,644.3099700845778,767.12,87.74,648.19,767.31,0.0
shuffled,5,72,spec-decode,8,24,130.77998301014304,633.270014077425,802.13,133.18,637.34,802.18,0.0
shuffled,5,73,spec-decode,8,24,78.55001604184508,630.4099806584418,746.14,80.93,634.18,746.04,0.0
shuffled,5,74,spec-decode,8,24,79.590012319386,627.4000043049455,743.34,81.86,631.32,743.25,0.0
shuffled,5,75,spec-decode,7,21,122.52997839823365,677.7099915780127,838.63,124.68,675.82,832.5,0.0
shuffled,5,76,spec-decode,7,21,74.12995910272002,630.5500282905996,741.81,76.43,634.32,741.68,0.0
shuffled,5,77,spec-decode,6,18,115.81002036109567,624.3599927984178,777.62,118.04,628.36,777.58,0.0
shuffled,5,78,spec-decode,6,18,66.83001993224025,632.9500465653837,736.71,69.22,637.14,736.71,0.0
shuffled,5,79,spec-decode,6,18,67.24998820573092,681.2899955548346,786.08,69.69,679.48,779.81,0.0
shuffled,5,80,spec-decode,6,18,68.14999505877495,637.7800018526614,743.29,70.55,641.76,743.38,0.0
shuffled,5,81,spec-decode,5,15,113.08002285659313,633.870018646121,784.19,115.32,637.45,784.11,0.0
shuffled,5,82,spec-decode,5,15,60.61996100470424,631.4900238066912,728.12,63.01,635.33,728.17,0.0
shuffled,5,83,spec-decode,5,15,59.6399768255651,626.5700212679803,723.93,61.85,630.68,723.86,0.0
shuffled,5,84,spec-decode,5,15,59.07996091991663,658.1199704669416,754.87,61.48,652.52,744.99,0.0
shuffled,5,85,spec-decode,5,15,60.91996328905225,627.6300409808755,725.01,63.15,631.24,724.91,0.0
shuffled,5,86,spec-decode,5,15,59.09003084525466,622.1900111995637,717.56,61.53,625.82,717.43,0.0
shuffled,5,87,spec-decode,5,15,58.80999378859997,621.6699839569628,716.28,61.1,625.62,722.84,0.0
shuffled,5,88,spec-decode,4,12,103.14001701772213,617.9100018925965,757.93,105.42,621.95,757.94,0.0
shuffled,5,89,spec-decode,4,12,76.48998871445656,637.3899523168802,751.19,69.32,641.22,741.76,0.0
shuffled,5,90,spec-decode,4,12,53.60000068321824,625.6400374695659,715.52,55.83,629.5,715.44,0.0
shuffled,5,91,spec-decode,3,9,98.35005039349198,627.3699691519141,763.37,100.52,631.5,763.39,0.0
shuffled,5,92,spec-decode,3,9,46.689994633197784,620.5099634826183,703.55,48.91,624.49,703.38,0.0
shuffled,5,93,spec-decode,3,9,46.43999272957444,668.169988784939,755.76,48.81,660.89,743.74,0.0
shuffled,5,94,spec-decode,3,9,47.44000034406781,636.0699771903455,720.08,49.71,639.85,719.96,0.0
shuffled,5,95,spec-decode,3,9,46.289991587400436,627.289991825819,709.76,48.54,631.02,709.73,0.0
shuffled,5,96,spec-decode,3,9,46.629982534796,621.8500202521682,704.11,49.04,625.67,704.26,0.0
shuffled,5,97,spec-decode,3,9,45.8200229331851,625.1599988900125,707.09,48.11,629.1,707.06,0.0
shuffled,5,98,spec-decode,2,6,88.3599859662354,644.929998088628,770.44,90.66,642.79,764.22,0.0
shuffled,5,99,spec-decode,2,6,39.33999687433243,621.7500194907188,696.5,41.64,625.7,696.51,0.0
shuffled,5,100,spec-decode,2,6,38.80000440403819,613.090000115335,687.86,41.13,617.21,688.19,0.0
shuffled,5,101,spec-decode,2,6,38.52002555504441,618.320016656071,691.98,40.77,622.17,692.01,0.0
shuffled,5,102,spec-decode,2,6,38.439990021288395,618.689984548837,692.62,40.67,622.7,692.71,0.0
shuffled,5,103,spec-decode,1,3,83.319959230721,657.329976093024,777.64,85.5,649.84,765.78,0.0
shuffled,5,104,spec-decode,1,3,31.65996167808771,620.4699748195708,688.01,33.98,624.36,687.88,0.0
shuffled,5,105,drain,0,0,76.02,0.0,78.91,75.25,0.0,78.5,0.0
shuffled,6,0,prefill,1,2048,371.64002424106,791.5800088085234,1239.85,375.89,789.96,1229.18,0.0
shuffled,6,1,spec-decode,1,3,35.540026146918535,676.09001416713,751.4,38.0,679.92,751.42,0.0
shuffled,6,2,spec-decode,1,3,32.87999425083399,648.0200099758804,717.08,35.26,651.96,716.94,0.0
shuffled,6,3,spec-decode,1,3,31.47998359054327,633.0899777822196,701.04,33.84,636.95,701.07,0.0
shuffled,6,4,spec-decode,1,3,31.100003980100155,638.7100438587368,704.9,33.43,627.81,697.09,0.0
shuffled,6,5,spec-decode,1,3,31.11001569777727,615.930010098964,682.16,33.39,619.77,682.14,0.0
shuffled,6,6,spec-decode,2,2051,300.92999804764986,757.4599585495889,1109.17,303.98,762.59,1107.25,0.0
shuffled,6,7,spec-decode,2,6,42.13000647723675,635.7600213959813,716.02,44.55,639.6,716.01,0.0
shuffled,6,8,spec-decode,3,2054,338.1400019861758,748.5100068151951,1138.83,335.99,753.36,1130.66,0.0
shuffled,6,9,spec-decode,4,1161,302.82000079751015,747.0400305464864,1101.09,305.72,751.6,1099.0,0.0
shuffled,6,10,spec-decode,4,12,55.66998152062297,643.1300425902009,736.28,58.05,646.95,736.24,0.0
shuffled,6,11,spec-decode,4,12,52.69999383017421,652.3100310005248,741.37,55.04,650.1,735.3,0.0
shuffled,6,12,spec-decode,5,1164,299.75996585562825,713.0699814297259,1063.74,302.74,717.49,1061.37,0.0
shuffled,6,13,spec-decode,5,15,60.5199602432549,649.9200244434178,748.58,63.03,653.98,748.56,0.0
shuffled,6,14,spec-decode,6,1167,298.07997634634376,731.02000169456,1080.01,301.3,726.88,1069.25,0.0
shuffled,6,15,spec-decode,6,18,68.02001735195518,636.3799911923707,742.8,70.52,640.4,742.61,0.0
shuffled,6,16,spec-decode,6,18,65.80003537237644,630.9000309556723,734.17,68.18,634.84,734.09,0.0
shuffled,6,17,spec-decode,6,18,65.53996354341507,652.1499599330127,755.15,67.93,656.15,754.95,0.0
shuffled,6,18,spec-decode,6,18,65.69997640326619,630.5599818006158,733.73,67.95,634.35,733.56,0.0
shuffled,6,19,spec-decode,6,18,65.9999786876142,647.3700050264597,766.91,68.47,651.46,752.6,0.0
shuffled,6,20,spec-decode,7,2066,344.0900472924113,754.8899739049375,1149.72,346.93,759.32,1147.67,0.0
shuffled,6,21,spec-decode,7,21,74.68997500836849,663.1300202570856,777.32,77.15,667.2,777.19,0.0
shuffled,6,22,spec-decode,8,2069,367.43003875017166,744.1400084644556,1162.75,364.87,748.95,1154.68,0.0
shuffled,6,23,spec-decode,8,24,80.73996286839247,639.550038613379,758.64,83.21,643.45,758.52,0.0
shuffled,6,24,spec-decode,9,1176,330.24000003933907,720.0699765235186,1102.2,333.51,724.59,1100.07,0.0
shuffled,6,25,spec-decode,9,27,87.96004112809896,667.7699857391417,795.92,90.38,662.76,786.68,0.0
shuffled,6,26,spec-decode,9,27,84.88004095852375,640.9499910660088,763.95,87.35,644.84,763.76,0.0
shuffled,6,27,spec-decode,9,27,84.28998989984393,632.589973974973,754.57,86.69,636.74,754.53,0.0
shuffled,6,28,spec-decode,10,1179,346.53994953259826,735.4099652729928,1134.72,349.69,740.03,1132.68,0.0
shuffled,6,29,spec-decode,10,30,93.30001194030046,669.5800111629069,803.06,95.83,664.32,793.39,0.0
shuffled,6,30,spec-decode,10,30,91.48998651653528,640.3399747796357,769.85,94.0,644.24,769.6,0.0
shuffled,6,31,spec-decode,10,30,90.93002881854773,631.0699973255396,759.01,93.31,635.01,758.96,0.0
shuffled,6,32,spec-decode,10,30,89.68001930043101,645.900028757751,773.47,91.94,649.95,773.36,0.0
shuffled,6,33,spec-decode,10,30,89.27000453695655,648.2600001618266,775.09,91.62,640.6,763.43,0.0
shuffled,6,34,spec-decode,10,30,89.72000796347857,627.9799854382873,754.75,92.16,631.76,754.68,0.0
shuffled,6,35,spec-decode,10,30,90.08997585624456,633.500050753355,761.01,92.58,637.45,760.98,0.0
shuffled,6,36,spec-decode,10,30,88.9400253072381,653.3099804073572,779.15,91.39,657.27,779.06,0.0
shuffled,6,37,spec-decode,11,2078,360.5799865908921,769.580015912652,1182.35,363.7,768.5,1174.8,0.0
shuffled,6,38,spec-decode,11,33,99.85000360757113,653.8000307045877,792.21,102.34,657.61,792.07,0.0
shuffled,6,39,spec-decode,11,33,98.83003076538444,645.0500222854316,781.54,101.27,648.86,781.54,0.0
shuffled,6,40,spec-decode,12,1185,343.0399810895324,749.6000034734607,1143.46,346.28,743.52,1136.33,0.0
shuffled,6,41,spec-decode,13,2084,375.26001688092947,753.209984395653,1181.84,378.77,757.8,1179.43,0.0
shuffled,6,42,spec-decode,13,39,112.79998579993844,646.950036752969,798.73,115.15,651.0,798.65,0.0
shuffled,6,43,spec-decode,13,39,110.05997657775879,646.339962258935,795.48,112.51,650.24,795.19,0.0
shuffled,6,44,spec-decode,13,39,109.32004079222679,653.4499698318541,800.64,111.7,648.47,791.32,0.0
shuffled,6,45,spec-decode,13,39,110.19996600225568,638.7400208041072,786.3,112.58,642.66,786.26,0.0
shuffled,6,46,spec-decode,13,39,109.27999392151833,640.2499857358634,787.18,111.66,644.16,787.01,0.0
shuffled,6,47,spec-decode,14,1191,385.98995888605714,776.2599852867424,1215.39,389.33,769.11,1201.84,0.0
shuffled,6,48,spec-decode,14,42,122.55995534360409,682.8500190749764,848.53,125.11,687.11,847.92,0.0
shuffled,6,49,spec-decode,14,42,117.71998833864927,676.0699907317758,834.07,120.15,680.15,833.97,0.0
shuffled,6,50,spec-decode,14,42,117.80002387240529,682.959973346442,841.09,120.29,687.07,841.07,0.0
shuffled,6,51,spec-decode,14,1191,415.3900081291795,758.740003220737,1230.35,410.16,763.44,1219.36,0.0
shuffled,6,52,spec-decode,15,2090,420.810014475137,797.0299920998514,1275.59,423.95,801.92,1273.18,0.0
shuffled,6,53,spec-decode,15,45,143.29003170132637,695.2800322324038,883.55,145.99,699.76,883.54,0.0
shuffled,6,54,spec-decode,15,45,144.01000225916505,682.22003756091,868.47,136.03,686.7,857.59,0.0
shuffled,6,55,spec-decode,15,45,127.18996731564403,674.450013320893,842.85,129.73,678.61,842.73,0.0
shuffled,6,56,spec-decode,15,45,125.7800031453371,668.6400156468153,835.46,128.11,672.54,835.34,0.0
shuffled,6,57,spec-decode,15,45,141.81004371494055,682.6400058344007,865.12,144.41,686.97,865.0,0.0
shuffled,6,58,spec-decode,13,39,229.60000205785036,681.2899955548346,953.92,218.88,685.67,940.63,0.0
shuffled,6,59,spec-decode,12,36,177.13999841362238,669.4500334560871,888.1,179.55,673.81,888.03,0.0
shuffled,6,60,spec-decode,12,36,106.58998508006334,667.500018607825,813.86,109.04,671.58,813.77,0.0
shuffled,6,61,spec-decode,12,36,120.77001156285405,676.4400168322027,837.81,123.46,681.03,837.94,0.0
shuffled,6,62,spec-decode,11,33,187.28000577539206,673.0799796059728,903.63,183.07,677.91,896.68,0.0
shuffled,6,63,spec-decode,11,33,100.47998512163758,671.230023726821,811.79,102.89,675.73,811.75,0.0
shuffled,6,64,spec-decode,11,33,100.7100217975676,666.8699788860977,807.36,103.23,671.06,807.3,0.0
shuffled,6,65,spec-decode,10,30,164.64001964777708,687.1400400996208,893.05,166.97,691.74,892.88,0.0
shuffled,6,66,spec-decode,10,30,94.54000974074006,687.2700178064406,821.59,96.95,682.97,812.77,0.0
shuffled,6,67,spec-decode,10,30,93.35001232102513,662.3999797739089,795.78,95.71,666.72,795.66,0.0
shuffled,6,68,spec-decode,10,30,95.6699950620532,665.2300362475216,800.78,98.2,669.38,800.69,0.0
shuffled,6,69,spec-decode,10,30,93.12998736277223,688.419968355447,821.91,95.54,692.98,821.88,0.0
shuffled,6,70,spec-decode,9,27,165.08996486663818,696.0000027902424,903.32,167.46,691.9,894.67,0.0
shuffled,6,71,spec-decode,9,27,87.00002217665315,679.7100068069994,806.64,89.43,683.7,806.61,0.0
shuffled,6,72,spec-decode,8,24,145.32997738569975,677.8899696655571,864.29,147.83,682.29,864.28,0.0
shuffled,6,73,spec-decode,8,24,84.44004924967885,713.5600317269564,839.02,86.8,718.0,838.98,0.0
shuffled,6,74,spec-decode,8,24,83.08002725243568,708.4000390022993,831.71,85.46,697.33,816.25,0.0
shuffled,6,75,spec-decode,7,21,135.14002785086632,685.2300139144063,862.24,137.46,689.53,862.17,0.0
shuffled,6,76,spec-decode,7,21,77.30000652372837,673.4600174240768,790.38,79.96,678.03,790.24,0.0
shuffled,6,77,spec-decode,6,18,125.98000466823578,684.6699980087578,854.52,128.3,689.2,854.62,0.0
shuffled,6,78,spec-decode,6,18,68.82997695356607,722.8800095617771,833.25,71.45,717.87,829.38,0.0
shuffled,6,79,spec-decode,6,18,70.9699816070497,697.1500115469098,809.53,73.5,701.11,809.27,0.0
shuffled,6,80,spec-decode,6,18,69.85000800341368,705.0400017760694,815.89,72.27,709.55,815.75,0.0
shuffled,6,81,spec-decode,5,15,130.86001854389906,728.5199826583266,902.8,133.24,732.65,902.66,0.0
shuffled,6,82,spec-decode,5,15,72.70002970471978,750.8699782192707,872.38,75.49,744.17,860.49,0.0
shuffled,6,83,spec-decode,5,15,66.140026319772,720.0100226327777,829.92,68.61,724.78,829.46,0.0
shuffled,6,84,spec-decode,5,15,64.84996993094683,703.3200236037374,809.79,67.25,707.91,809.79,0.0
shuffled,6,85,spec-decode,5,15,62.579987570643425,702.7600076980889,805.87,65.05,707.48,805.93,0.0
shuffled,6,86,spec-decode,5,15,64.73995745182037,722.719996701926,828.84,67.22,727.54,828.8,0.0
shuffled,6,87,spec-decode,5,15,66.9499859213829,699.1099799051881,824.83,70.57,703.51,811.91,0.0
shuffled,6,88,spec-decode,4,12,117.5199868157506,686.9499920867383,847.04,119.75,691.61,846.96,0.0
shuffled,6,89,spec-decode,4,12,56.920049246400595,676.9800093024969,773.34,59.11,681.34,773.2,0.0
shuffled,6,90,spec-decode,4,12,54.32002944871783,695.6399884074926,790.98,56.81,699.79,790.82,0.0
shuffled,6,91,spec-decode,3,9,111.35998647660017,709.6499903127551,863.12,113.74,704.74,853.76,0.0
shuffled,6,92,spec-decode,3,9,49.830006901174784,688.2399902679026,777.67,52.25,692.59,777.44,0.0
shuffled,6,93,spec-decode,3,9,48.600020818412304,687.2399826534092,775.4,51.08,691.43,775.29,0.0
shuffled,6,94,spec-decode,3,9,45.78003427013755,681.100005749613,764.51,48.23,685.17,764.38,0.0
shuffled,6,95,spec-decode,3,9,51.29002965986729,706.0500211082399,798.15,53.81,698.88,785.95,0.0
shuffled,6,96,spec-decode,3,9,48.009969759732485,670.4599945805967,757.58,50.48,674.37,757.36,0.0
shuffled,6,97,spec-decode,3,9,48.44000795856118,667.4500182271004,754.28,50.83,671.36,754.23,0.0
shuffled,6,98,spec-decode,2,6,98.18002581596375,662.3099907301366,800.08,100.73,666.83,799.95,0.0
shuffled,6,99,spec-decode,2,6,40.790007915347815,698.359974194318,779.43,43.19,702.65,779.0,0.0
shuffled,6,100,spec-decode,2,6,41.30997695028782,696.4800413697958,777.64,43.57,694.31,776.31,0.0
shuffled,6,101,spec-decode,2,6,40.89000867679715,679.1900377720594,757.48,43.31,683.35,757.39,0.0
shuffled,6,102,spec-decode,2,6,40.740007534623146,670.1899692416191,750.36,43.12,674.82,750.19,0.0
shuffled,6,103,spec-decode,1,3,94.88000068813562,662.2299551963806,795.66,97.21,666.11,795.48,0.0
shuffled,6,104,spec-decode,1,3,33.57999958097935,690.0699809193611,766.2,36.33,689.31,760.78,0.0
shuffled,6,105,drain,0,0,81.25,0.0,84.55,80.17,0.0,83.97,0.0
shuffled,7,0,prefill,1,2048,369.2199825309217,779.0699601173401,1227.75,373.42,784.27,1224.1,0.0
shuffled,7,1,spec-decode,1,3,36.949990317225456,683.0500205978751,761.53,39.24,687.43,761.43,0.0
shuffled,7,2,spec-decode,1,3,33.04000711068511,657.1800331585109,730.47,35.4,661.5,730.47,0.0
shuffled,7,3,spec-decode,1,3,34.83000909909606,705.5400055833161,780.56,37.14,697.09,767.78,0.0
shuffled,7,4,spec-decode,1,3,33.069984056055546,651.5100249089301,725.31,35.49,655.68,725.23,0.0
shuffled,7,5,spec-decode,1,3,33.100019209086895,655.7399756275117,728.17,35.49,660.09,728.34,0.0
shuffled,7,6,spec-decode,2,2051,332.9699975438416,806.5600413829088,1194.32,335.96,802.05,1189.39,0.0
shuffled,7,7,spec-decode,2,6,43.72000694274902,668.1400118395686,754.15,46.17,672.07,753.96,0.0
shuffled,7,8,spec-decode,3,2054,346.87999868765473,783.099967520684,1188.15,350.34,788.17,1186.01,0.0
shuffled,7,9,spec-decode,4,1161,343.02996937185526,817.8100106306374,1217.92,346.02,813.02,1205.78,0.0
shuffled,7,10,spec-decode,4,12,56.89996760338545,676.240015309304,774.34,59.37,680.44,774.32,0.0
shuffled,7,11,spec-decode,4,12,56.61998875439167,666.6600238531828,764.73,59.14,671.15,764.86,0.0
shuffled,7,12,spec-decode,5,1164,341.8099950067699,803.6199724301696,1204.18,344.83,798.25,1191.59,0.0
shuffled,7,13,spec-decode,5,15,66.83001993224025,681.7099638283253,791.17,69.54,686.14,790.94,0.0
shuffled,7,14,spec-decode,6,1167,344.92998383939266,758.139998652041,1159.61,347.95,763.11,1157.31,0.0
shuffled,7,15,spec-decode,6,18,69.62998304516077,678.0499825254083,789.79,72.01,682.33,789.51,0.0
shuffled,7,16,spec-decode,6,18,69.5700291544199,724.2799620144069,834.29,72.02,715.54,820.8,0.0
shuffled,7,17,spec-decode,6,18,69.4299815222621,661.6099853999913,772.73,72.03,666.1,772.6,0.0
shuffled,7,18,spec-decode,6,18,68.39999696239829,663.3200100623071,773.14,70.93,667.57,772.92,0.0
shuffled,7,19,spec-decode,6,18,68.24999582022429,662.2299551963806,771.19,70.96,666.47,771.27,0.0
shuffled,7,20,spec-decode,7,2066,384.9300555884838,800.6899734027684,1249.74,388.61,805.73,1247.25,0.0
shuffled,7,21,spec-decode,7,21,79.12999717518687,681.9400005042553,802.49,81.49,686.49,802.56,0.0
shuffled,7,22,spec-decode,8,2069,392.3200420103967,828.8800017908216,1279.05,395.52,826.69,1276.31,0.0
shuffled,7,23,spec-decode,8,24,84.2600129544735,689.2899982631207,817.05,86.72,693.47,816.84,0.0
shuffled,7,24,spec-decode,9,1176,369.62999729439616,762.1099939569831,1188.45,372.84,766.64,1186.37,0.0
shuffled,7,25,spec-decode,9,27,89.98997509479523,674.5000137016177,806.04,92.54,678.54,806.09,0.0
shuffled,7,26,spec-decode,9,27,124.85001934692264,696.3199703022838,867.29,121.78,701.16,860.93,0.0
shuffled,7,27,spec-decode,9,27,88.45998672768474,667.6299963146448,796.98,90.97,671.72,797.08,0.0
shuffled,7,28,spec-decode,10,1179,357.54998680204153,759.5699862577021,1173.15,360.47,764.35,1170.81,0.0
shuffled,7,29,spec-decode,10,30,97.48002048581839,713.5400082916021,853.42,99.9,706.46,841.76,0.0
shuffled,7,30,spec-decode,10,30,95.33995762467384,670.5900304950774,807.23,97.79,674.73,807.21,0.0
shuffled,7,31,spec-decode,10,30,94.09995982423425,665.1399889960885,799.8,96.59,669.35,799.85,0.0
shuffled,7,32,spec-decode,10,30,93.87999307364225,665.4799799434841,799.01,96.2,669.43,799.04,0.0
shuffled,7,33,spec-decode,10,30,92.84995030611753,724.439974874258,858.72,95.29,719.1,849.04,0.0
shuffled,7,34,spec-decode,10,30,95.20002640783787,670.2700047753751,806.77,97.62,674.56,806.43,0.0
shuffled,7,35,spec-decode,10,30,94.07004108652472,654.8099918290973,788.4,96.53,658.88,788.36,0.0
shuffled,7,36,spec-decode,10,30,93.18999946117401,657.2799757122993,789.5,95.57,661.35,789.52,0.0
shuffled,7,37,spec-decode,11,2078,431.00002221763134,792.5300160422921,1280.38,426.91,797.1,1271.42,0.0
shuffled,7,38,spec-decode,11,33,102.29996405541897,666.2899977527559,810.71,104.79,670.38,810.48,0.0
shuffled,7,39,spec-decode,11,33,97.14998304843903,650.0500021502376,785.89,99.48,654.13,785.95,0.0
shuffled,7,40,spec-decode,12,1185,371.50998832657933,790.9100386314094,1218.13,374.63,785.93,1212.02,0.0
shuffled,7,41,spec-decode,13,2084,391.9699811376631,777.1500386297703,1226.56,395.02,782.43,1224.99,0.0
shuffled,7,42,spec-decode,13,39,114.80000102892518,654.1400216519833,809.53,117.3,658.09,809.48,0.0
shuffled,7,43,spec-decode,13,39,111.62995360791683,692.4300105310977,843.59,114.0,688.81,835.37,0.0
shuffled,7,44,spec-decode,13,39,111.95999104529619,647.2000386565924,799.24,114.41,651.34,799.08,0.0
shuffled,7,45,spec-decode,13,39,112.17000428587198,643.5899995267391,794.12,114.57,647.6,794.17,0.0
shuffled,7,46,spec-decode,13,39,110.8699943870306,650.2000032924116,800.41,113.32,654.06,800.38,0.0
shuffled,7,47,spec-decode,14,1191,425.9999841451645,742.669973988086,1223.76,418.02,747.55,1210.5,0.0
shuffled,7,48,spec-decode,14,42,120.13001833111048,660.4200461879373,820.9,122.68,664.51,820.81,0.0
shuffled,7,49,spec-decode,14,42,117.26003140211105,648.2299650087953,803.64,119.75,652.18,803.65,0.0
shuffled,7,50,spec-decode,14,42,116.01997539401054,641.710008494556,796.17,118.45,645.43,796.1,0.0
shuffled,7,51,spec-decode,14,1191,378.39001743122935,727.5499519892037,1158.03,381.46,732.3,1156.23,0.0
shuffled,7,52,spec-decode,15,2090,396.6399817727506,765.8699760213494,1214.96,399.61,770.64,1213.22,0.0
shuffled,7,53,spec-decode,15,45,126.60003267228603,716.4700073190033,883.78,129.08,709.82,872.4,0.0
shuffled,7,54,spec-decode,15,45,126.61004438996315,654.5800133608282,821.51,129.19,658.54,821.49,0.0
shuffled,7,55,spec-decode,15,45,123.41997353360057,656.5800285898149,818.91,126.0,660.37,818.71,0.0
shuffled,7,56,spec-decode,15,45,123.96002421155572,648.810004349798,810.3,126.47,652.67,810.37,0.0
shuffled,7,57,spec-decode,15,45,123.21001850068569,680.9700280427933,843.64,125.62,677.92,842.26,0.0
shuffled,7,58,spec-decode,13,39,202.46003987267613,644.7400082834065,886.97,205.05,648.67,886.75,0.0
shuffled,7,59,spec-decode,12,36,167.98998694866896,640.1499849744141,848.07,170.36,643.94,848.03,0.0
shuffled,7,60,spec-decode,12,36,104.39002653583884,637.4900112859905,779.49,106.79,641.36,779.5,0.0
shuffled,7,61,spec-decode,12,36,104.02000043541193,646.4099860750139,788.5,106.46,650.32,788.47,0.0
shuffled,7,62,spec-decode,11,33,168.65000361576676,641.8400444090366,849.6,171.11,645.62,849.47,0.0
shuffled,7,63,spec-decode,11,33,98.59004057943821,635.4900542646646,771.47,100.79,639.46,771.44,0.0
shuffled,7,64,spec-decode,11,33,97.83002315089107,644.0699798986316,779.86,100.29,647.96,779.84,0.0
shuffled,7,65,spec-decode,10,30,158.27000606805086,637.5699886120856,835.28,160.6,641.44,835.21,0.0
shuffled,7,66,spec-decode,10,30,92.0100137591362,678.8800237700343,809.65,94.49,674.13,800.8,0.0
shuffled,7,67,spec-decode,10,30,92.0199672691524,640.9300258383155,770.81,94.33,644.8,770.73,0.0
shuffled,7,68,spec-decode,10,30,92.13003795593977,642.7100161090493,772.59,94.62,646.88,772.42,0.0
shuffled,7,69,spec-decode,10,30,92.67998393625021,642.5899919122458,772.79,95.18,646.22,772.73,0.0
shuffled,7,70,spec-decode,9,27,150.58001736178994,682.6300523243845,872.32,152.88,680.46,865.99,0.0
shuffled,7,71,spec-decode,9,27,85.5799880810082,636.1599662341177,760.08,88.07,640.42,760.18,0.0
shuffled,7,72,spec-decode,8,24,130.80995995551348,639.2499781213701,808.05,132.99,643.09,808.1,0.0
shuffled,7,73,spec-decode,8,24,80.20998211577535,642.37997867167,762.02,82.89,646.76,761.8,0.0
shuffled,7,74,spec-decode,8,24,80.6099851615727,638.3099826052785,757.62,82.97,642.65,757.4,0.0
shuffled,7,75,spec-decode,7,21,145.0600102543831,657.7299791388214,847.46,148.04,661.79,846.85,0.0
shuffled,7,76,spec-decode,7,21,76.60000119358301,643.9999560825527,757.26,79.01,648.01,757.05,0.0
shuffled,7,77,spec-decode,6,18,120.28997298330069,642.7899934351444,802.32,122.67,647.01,802.2,0.0
shuffled,7,78,spec-decode,6,18,68.1899837218225,659.9599728360772,767.09,70.55,664.02,766.86,0.0
shuffled,7,79,spec-decode,6,18,67.5299670547247,701.1600537225604,807.56,69.96,693.15,802.42,0.0
shuffled,7,80,spec-decode,6,18,69.73004201427102,673.8599622622132,782.98,72.18,677.8,782.75,0.0
shuffled,7,81,spec-decode,5,15,116.2000116892159,663.6399775743484,818.22,118.54,667.49,818.12,0.0
shuffled,7,82,spec-decode,5,15,62.579987570643425,665.6299810856581,765.38,65.1,669.42,765.3,0.0
shuffled,7,83,spec-decode,5,15,61.80000491440296,696.2099578231573,797.27,64.27,692.92,789.77,0.0
shuffled,7,84,spec-decode,5,15,63.55997174978256,667.6599732600152,771.81,66.0,671.65,771.84,0.0
shuffled,7,85,spec-decode,5,15,62.650011386722326,675.3000197932124,778.01,65.12,679.7,777.81,0.0
shuffled,7,86,spec-decode,5,15,61.58003816381097,668.9399597235024,771.15,63.99,672.97,771.26,0.0
shuffled,7,87,spec-decode,5,15,61.61996861919761,666.069972794503,766.1,64.05,670.26,766.03,0.0
shuffled,7,88,spec-decode,4,12,113.12001151964068,731.7400304600596,884.38,115.41,723.7,871.92,0.0
shuffled,7,89,spec-decode,4,12,56.30002124235034,680.5100128985941,777.06,58.83,684.91,776.85,0.0
shuffled,7,90,spec-decode,4,12,55.84000609815121,677.9400282539427,774.5,58.66,682.18,774.26,0.0
shuffled,7,91,spec-decode,3,9,103.53996185585856,672.2499965690076,815.29,105.77,676.04,815.16,0.0
shuffled,7,92,spec-decode,3,9,47.429988626390696,715.8100488595665,801.35,50.08,708.55,789.78,0.0
shuffled,7,93,spec-decode,3,9,47.5099659524858,683.790014591068,770.2,50.05,688.18,770.33,0.0
shuffled,7,94,spec-decode,3,9,47.670037019997835,674.4400016032159,760.01,50.11,678.47,759.87,0.0
shuffled,7,95,spec-decode,3,9,48.49000833928585,674.7699808329344,764.55,50.99,679.72,764.66,0.0
shuffled,7,96,spec-decode,3,9,46.90996138378978,667.7100318484008,753.59,49.49,671.63,753.39,0.0
shuffled,7,97,spec-decode,3,9,52.28002555668354,680.5500015616417,775.81,55.22,684.91,775.4,0.0
shuffled,7,98,spec-decode,2,6,97.50999743118882,667.9699872620404,805.22,100.01,672.11,805.21,0.0
shuffled,7,99,spec-decode,2,6,39.829988963902,670.5499836243689,748.5,42.19,675.05,748.45,0.0
shuffled,7,100,spec-decode,2,6,41.93995846435428,660.8400144614279,741.51,44.21,665.42,741.44,0.0
shuffled,7,101,spec-decode,2,6,40.71998409926891,712.029985152185,792.37,43.09,706.03,788.08,0.0
shuffled,7,102,spec-decode,2,6,41.90002800896764,665.2000010944903,745.02,44.23,669.45,745.07,0.0
shuffled,7,103,spec-decode,1,3,90.6999921426177,670.5700070597231,802.01,92.9,675.13,801.72,0.0
shuffled,7,104,spec-decode,1,3,32.909971196204424,671.8200165778399,744.42,35.25,675.97,744.16,0.0
shuffled,7,105,drain,0,0,81.37,0.0,84.77,80.69,0.0,84.18,0.0
synth,0,0,prefill,1,2048,241.74002464860678,775.7000275887549,1094.34,245.59,780.6,1090.84,0.0
synth,0,1,spec-decode,1,3,37.74004289880395,674.000009894371,753.1,40.26,678.4,752.98,0.0
synth,0,2,spec-decode,1,3,32.47003769502044,633.8899838738143,703.99,34.73,637.94,704.05,0.0
synth,0,3,spec-decode,1,3,32.04995300620794,680.7299796491861,750.33,34.35,673.84,739.31,0.0
synth,0,4,spec-decode,1,3,32.03999949619174,620.420032646507,689.05,34.33,624.14,689.02,0.0
synth,0,5,spec-decode,1,3,29.929971788078547,614.1900084912777,679.3,32.18,617.95,679.31,0.0
synth,0,6,spec-decode,2,2051,175.37001986056566,731.0799555853009,955.41,178.24,735.54,953.19,0.0
synth,0,7,spec-decode,2,6,40.76998447999358,671.7800279147923,750.77,43.07,667.41,741.64,0.0
synth,0,8,spec-decode,3,2054,183.309952262789,737.1899555437267,968.78,186.28,741.67,966.63,0.0
synth,0,9,spec-decode,4,1161,191.66001584380865,715.4300110414624,955.59,194.51,720.06,953.98,0.0
synth,0,10,spec-decode,4,12,55.710028391331434,696.1000035516918,790.34,58.09,690.99,780.62,0.0
synth,0,11,spec-decode,4,12,54.559961427003145,639.3599906004965,730.4,56.96,643.24,730.29,0.0
synth,0,12,spec-decode,5,1164,201.7100341618061,717.4999918788671,969.75,204.59,721.84,967.52,0.0
synth,0,13,spec-decode,5,15,62.74000043049455,641.9699639081955,743.18,65.12,646.04,743.12,0.0
synth,0,14,spec-decode,6,1167,246.32998974993825,715.2099860832095,1012.59,237.43,719.78,998.64,0.0
synth,0,15,spec-decode,6,18,66.97996286675334,634.0999971143901,738.14,69.35,637.89,738.07,0.0
synth,0,16,spec-decode,6,18,65.75003499165177,625.8100038394332,728.08,68.21,629.72,728.04,0.0
synth,0,17,spec-decode,6,18,65.21999603137374,626.1499947868288,727.0,67.52,629.95,726.97,0.0
synth,0,18,spec-decode,6,18,65.6399643048644,676.60998320207,779.05,67.9,670.78,768.99,0.0
synth,0,19,spec-decode,6,18,66.98002107441425,628.8200384005904,733.46,69.32,632.68,739.35,0.0
synth,0,20,spec-decode,7,2066,214.66001635417342,746.1200002580881,1011.37,217.53,750.76,1009.31,0.0
synth,0,21,spec-decode,7,21,77.43004243820906,652.2199837490916,768.03,79.85,656.37,768.16,0.0
synth,0,22,spec-decode,8,2069,221.4399864897132,752.1400111727417,1023.24,224.66,756.84,1021.32,0.0
synth,0,23,spec-decode,8,24,81.77995914593339,641.2199581973255,760.92,84.15,645.23,760.91,0.0
synth,0,24,spec-decode,9,1176,224.0699832327664,716.670008841902,989.71,226.96,721.11,987.78,0.0
synth,0,25,spec-decode,9,27,87.68000407144427,674.6400031261146,801.02,90.1,668.59,790.74,0.0
synth,0,26,spec-decode,9,27,85.27998579666018,634.389987681061,756.81,87.7,638.29,756.73,0.0
synth,0,27,spec-decode,9,27,84.73999332636595,629.2400066740811,750.13,87.09,633.21,750.13,0.0
synth,0,28,spec-decode,10,1179,232.8400150872767,717.6100043579936,1001.62,235.69,722.38,999.67,0.0
synth,0,29,spec-decode,10,30,94.01998249813914,684.2699949629605,818.48,96.48,678.4,808.3,0.0
synth,0,30,spec-decode,10,30,94.1200414672494,640.6999891623855,773.25,96.58,644.64,773.27,0.0
synth,0,31,spec-decode,10,30,94.41998554393649,642.9000059142709,775.91,96.86,646.98,775.8,0.0
synth,0,32,spec-decode,10,30,91.82002395391464,635.510019492358,764.64,94.18,639.38,764.64,0.0
synth,0,33,spec-decode,10,30,91.84004738926888,669.879955239594,799.43,94.17,662.54,788.14,0.0
synth,0,34,spec-decode,10,30,91.90995479002595,633.8999955914915,763.87,94.36,637.89,763.73,0.0
synth,0,35,spec-decode,10,30,91.6499993763864,626.6700220294297,755.55,93.95,630.57,755.55,0.0
synth,0,36,spec-decode,10,30,89.98002158477902,627.0600133575499,752.58,92.21,630.78,752.45,0.0
synth,0,37,spec-decode,11,2078,236.39004211872816,792.2700024209917,1079.5,239.26,787.77,1068.31,0.0
synth,0,38,spec-decode,11,33,101.57999349758029,650.979985948652,791.79,103.94,654.94,791.74,0.0
synth,0,39,spec-decode,11,33,98.53002848103642,642.8200285881758,779.59,101.01,646.78,779.59,0.0
synth,0,40,spec-decode,12,1185,246.01002223789692,723.6600504256785,1020.45,248.85,728.3,1018.46,0.0
synth,0,41,spec-decode,13,2084,251.5600062906742,761.2900226376951,1065.28,254.43,766.12,1063.24,0.0
synth,0,42,spec-decode,13,39,113.62001532688737,655.4899737238884,809.68,116.08,659.8,809.56,0.0
synth,0,43,spec-decode,13,39,110.8600408770144,642.2700244002044,791.42,113.23,646.31,791.21,0.0
synth,0,44,spec-decode,13,39,110.38995580747724,672.5499988533556,821.16,112.75,667.17,811.65,0.0
synth,0,45,spec-decode,13,39,111.56999971717596,639.8599944077432,788.63,113.96,643.77,788.6,0.0
synth,0,46,spec-decode,13,39,109.42999506369233,631.4999773167074,777.75,111.83,635.34,777.76,0.0
synth,0,47,spec-decode,14,1191,254.610029514879,720.7200396806002,1026.52,257.49,725.16,1024.61,0.0
synth,0,48,spec-decode,14,42,119.19002281501889,683.9300040155649,843.04,121.61,681.74,836.28,0.0
synth,0,49,spec-decode,14,42,118.08000272139907,647.7599963545799,804.52,120.46,651.69,804.16,0.0
synth,0,50,spec-decode,14,42,116.02998711168766,642.6500040106475,796.72,118.38,646.79,796.52,0.0
synth,0,51,spec-decode,14,1191,278.9600403048098,725.6499957293272,1059.97,281.8,730.69,1057.73,0.0
synth,0,52,spec-decode,15,2090,267.82997883856297,767.9099799133837,1089.73,271.0,772.4,1087.48,0.0
synth,0,53,spec-decode,15,45,127.13001342490315,672.2300313413143,845.78,129.8,676.33,845.78,0.0
synth,0,54,spec-decode,15,45,124.86998457461596,663.5499885305762,827.87,127.19,667.54,827.85,0.0
synth,0,55,spec-decode,15,45,127.7499832212925,702.1600031293929,870.47,130.13,695.08,859.11,0.0
synth,0,56,spec-decode,15,45,126.1499710381031,660.5700473301113,825.82,128.79,664.75,825.71,0.0
synth,0,57,spec-decode,15,45,128.7700142711401,693.2599935680628,862.64,131.05,697.66,862.6,0.0
synth,0,58,spec-decode,13,39,220.26000078767538,712.8799916245043,975.51,222.82,717.12,975.65,0.0
synth,0,59,spec-decode,12,36,189.23002062365413,752.6999688707292,986.57,191.89,750.32,979.17,0.0
synth,0,60,spec-decode,12,36,110.45997962355614,720.5099682323635,872.4,112.96,724.57,872.25,0.0
synth,0,61,spec-decode,12,36,110.16998905688524,716.1700050346553,870.05,112.55,720.57,869.91,0.0
synth,0,62,spec-decode,11,33,181.93997675552964,699.099968187511,925.11,184.19,703.55,924.97,0.0
synth,0,63,spec-decode,11,33,121.69999536126852,727.5600219145417,895.03,113.98,732.49,884.15,0.0
synth,0,64,spec-decode,11,33,108.8999561034143,716.3900299929082,868.45,111.31,720.59,868.46,0.0
synth,0,65,spec-decode,10,30,174.0899751894176,718.9599564298987,937.54,176.66,724.09,937.43,0.0
synth,0,66,spec-decode,10,30,97.14002953842282,724.5700107887387,864.2,99.72,728.74,864.04,0.0
synth,0,67,spec-decode,10,30,145.96997061744332,719.9799874797463,910.39,142.54,724.88,903.92,0.0
synth,0,68,spec-decode,10,30,98.2299679890275,697.3500130698085,837.9,100.57,701.94,837.88,0.0
synth,0,69,spec-decode,10,30,98.8100073300302,713.0400044843554,854.94,101.28,717.42,854.69,0.0
synth,0,70,spec-decode,9,27,172.35998529940844,707.5599860399961,921.47,174.76,711.79,921.62,0.0
synth,0,71,spec-decode,9,27,106.58003157004714,743.1099656969309,899.65,109.95,747.51,899.0,0.0
synth,0,72,spec-decode,8,24,152.27997209876776,704.0699711069465,899.79,155.15,708.2,899.49,0.0
synth,0,73,spec-decode,8,24,85.5799880810082,711.0299775376916,838.6,88.27,716.09,838.63,0.0
synth,0,74,spec-decode,8,24,84.19004734605551,699.330004863441,824.09,86.76,703.47,824.01,0.0
synth,0,75,spec-decode,7,21,154.16997484862804,718.1299733929336,922.41,157.37,722.5,928.05,0.0
synth,0,76,spec-decode,7,21,79.01998469606042,697.3199779167771,817.94,81.65,702.33,817.97,0.0
synth,0,77,spec-decode,6,18,133.58000433072448,700.1399644650519,876.07,135.83,704.53,875.96,0.0
synth,0,78,spec-decode,6,18,72.07004819065332,691.7099817655981,805.87,74.53,695.98,805.9,0.0
synth,0,79,spec-decode,6,18,72.70998321473598,715.8900261856616,833.07,75.65,720.22,832.73,0.0
synth,0,80,spec-decode,6,18,69.08999057486653,698.2699851505458,806.31,71.57,702.46,806.24,0.0
synth,0,81,spec-decode,5,15,132.10996985435486,697.3600247874856,872.16,134.35,701.69,872.16,0.0
synth,0,82,spec-decode,5,15,63.15001519396901,683.6800021119416,786.68,65.45,687.87,786.67,0.0
synth,0,83,spec-decode,5,15,63.39000537991524,740.0900358334184,845.5,65.72,737.54,837.92,0.0
synth,0,84,spec-decode,5,15,63.170038629323244,673.6799841746688,778.47,65.69,678.2,778.25,0.0
synth,0,85,spec-decode,5,15,62.28999700397253,664.949999190867,765.94,64.67,668.96,766.02,0.0
synth,0,86,spec-decode,5,15,62.4199747107923,671.679968945682,773.75,64.74,675.86,773.73,0.0
synth,0,87,spec-decode,5,15,63.000014051795006,713.9699882827699,817.29,65.42,708.99,808.05,0.0
synth,0,88,spec-decode,4,12,121.99999764561653,664.8899870924652,827.65,124.38,669.07,827.58,0.0
synth,0,89,spec-decode,4,12,55.47999171540141,668.7500281259418,763.81,57.9,673.1,763.62,0.0
synth,0,90,spec-decode,4,12,55.56998075917363,661.1099815927446,755.4,57.92,665.27,755.37,0.0
synth,0,91,spec-decode,3,9,111.0199955292046,669.4499752484262,821.05,113.28,673.73,820.92,0.0
synth,0,92,spec-decode,3,9,51.5900319442153,677.8399692848325,770.58,54.1,682.31,770.4,0.0
synth,0,93,spec-decode,3,9,49.06998947262764,662.3300141654909,750.19,51.56,666.4,750.06,0.0
synth,0,94,spec-decode,3,9,49.040012527257204,665.8700294792652,753.29,51.32,669.99,753.36,0.0
synth,0,95,spec-decode,3,9,48.18005254492164,661.1300050280988,748.04,50.46,665.45,748.04,0.0
synth,0,96,spec-decode,3,9,49.60998194292188,689.4500111229718,778.65,52.08,687.08,771.73,0.0
synth,0,97,spec-decode,3,9,49.70002919435501,656.1300251632929,745.55,52.09,660.47,752.22,0.0
synth,0,98,spec-decode,2,6,101.68994776904583,646.1500306613743,787.47,104.0,650.53,787.38,0.0
synth,0,99,spec-decode,2,6,41.78000381216407,650.610018055886,731.14,44.19,654.8,731.14,0.0
synth,0,100,spec-decode,2,6,40.06002563983202,647.920009214431,725.2,42.36,652.09,725.08,0.0
synth,0,101,spec-decode,2,6,51.309994887560606,688.1000008434057,780.99,48.25,692.75,775.14,0.0
synth,0,102,spec-decode,2,6,41.880004573613405,637.529999949038,716.67,44.18,641.43,716.55,0.0
synth,0,103,spec-decode,1,3,92.32998127117753,627.4899933487177,757.77,94.67,631.36,757.85,0.0
synth,0,104,spec-decode,1,3,32.800016924738884,626.6700220294297,695.78,35.08,630.7,695.64,0.0
synth,0,105,drain,0,0,78.64,0.0,81.65,77.74,0.0,81.41,0.0
synth,1,0,prefill,1,2048,275.63999174162745,856.8000048398972,1217.59,279.3,861.55,1213.82,0.0
synth,1,1,spec-decode,1,3,43.72000694274902,809.2699572443962,900.87,46.48,802.5,889.31,0.0
synth,1,2,spec-decode,1,3,39.790000300854445,747.1499848179519,832.75,42.49,751.39,832.81,0.0
synth,1,3,spec-decode,1,3,37.13002661243081,742.000003810972,822.94,39.57,746.61,823.02,0.0
synth,1,4,spec-decode,1,3,36.62996459752321,748.9399868063629,831.49,39.14,753.2,831.63,0.0
synth,1,5,spec-decode,1,3,36.43002128228545,743.1000121869147,823.67,38.82,747.59,823.89,0.0
synth,1,6,spec-decode,2,2051,235.51000049337745,884.1499802656472,1185.22,238.61,889.19,1182.91,0.0
synth,1,7,spec-decode,2,6,48.54000872001052,744.83995558694,836.68,50.97,749.23,836.44,0.0
synth,1,8,spec-decode,3,2054,234.25999097526073,903.9900032803416,1201.41,237.22,899.51,1188.94,0.0
synth,1,9,spec-decode,4,1161,234.05003594234586,836.4300010725856,1133.3,237.03,841.36,1130.7,0.0
synth,1,10,spec-decode,4,12,60.019956436008215,741.6799780912697,847.44,62.57,746.19,847.46,0.0
synth,1,11,spec-decode,4,12,60.62001921236515,793.6700130812824,898.95,63.05,787.52,888.64,0.0
synth,1,12,spec-decode,5,1164,246.49000260978937,828.5900112241507,1138.31,250.14,834.19,1136.17,0.0
synth,1,13,spec-decode,5,15,67.66000296920538,740.7800294458866,853.6,70.13,744.97,853.78,0.0
synth,1,14,spec-decode,6,1167,278.0900103971362,838.3399690501392,1183.38,281.55,841.76,1179.61,0.0
synth,1,15,spec-decode,6,18,74.13997082039714,743.8399479724467,862.34,76.6,743.74,864.15,0.0
synth,1,16,spec-decode,6,18,72.18995597213507,727.5399984791875,842.45,74.48,731.86,842.33,0.0
synth,1,17,spec-decode,6,18,70.98005153238773,790.5999664217234,906.34,73.43,783.14,893.81,0.0
synth,1,18,spec-decode,6,18,73.73001426458359,744.0500194206834,862.53,76.1,748.51,862.66,0.0
synth,1,19,spec-decode,6,18,73.60999006778002,725.5999953486025,843.51,75.98,730.16,843.69,0.0
synth,1,20,spec-decode,7,2066,262.679997831583,879.3700253590941,1211.08,265.79,876.82,1201.2,0.0
synth,1,21,spec-decode,7,21,83.39999476447701,757.9000084660947,886.02,85.77,762.42,885.97,0.0
synth,1,22,spec-decode,8,2069,261.52998907491565,853.8499823771417,1176.79,264.77,858.76,1174.49,0.0
synth,1,23,spec-decode,8,24,87.60002674534917,716.3499831221998,848.71,90.08,720.62,848.71,0.0
synth,1,24,spec-decode,9,1176,258.789979852736,802.7500007301569,1121.42,261.73,807.6,1119.48,0.0
synth,1,25,spec-decode,9,27,95.49001697450876,718.0999964475632,857.01,97.98,722.32,857.04,0.0
synth,1,26,spec-decode,9,27,90.119952801615,706.9800049066544,839.54,92.76,711.34,839.66,0.0
synth,1,27,spec-decode,9,27,90.3399777598679,730.8300118893385,863.58,93.19,725.93,854.42,0.0
synth,1,28,spec-decode,10,1179,257.15999072417617,779.0400413796306,1092.45,260.01,783.51,1090.78,0.0
synth,1,29,spec-decode,10,30,98.84999599307775,694.249989464879,835.54,101.2,698.38,835.65,0.0
synth,1,30,spec-decode,10,30,96.38001210987568,737.7500296570361,875.17,98.69,734.93,868.17,0.0
synth,1,31,spec-decode,10,30,94.7999651543796,660.2199864573777,796.02,97.4,664.4,795.83,0.0
synth,1,32,spec-decode,10,30,94.70997611060739,652.700022328645,788.5,97.03,656.69,796.56,0.0
synth,1,33,spec-decode,10,30,92.12997974827886,643.6900002881885,773.36,94.41,647.53,773.31,0.0
synth,1,34,spec-decode,10,30,91.54999861493707,639.9099947884679,769.74,93.96,643.63,769.68,0.0
synth,1,35,spec-decode,10,30,94.57999840378761,655.4300198331475,789.85,97.05,659.62,789.65,0.0
synth,1,36,spec-decode,10,30,92.32998127117753,642.3200247809291,774.17,94.84,646.37,774.21,0.0
synth,1,37,spec-decode,11,2078,249.95999410748482,768.9300109632313,1073.6,253.08,773.86,1071.31,0.0
synth,1,38,spec-decode,11,33,102.51003550365567,718.5899885371327,862.16,105.02,708.95,848.21,0.0
synth,1,39,spec-decode,11,33,102.63995500281453,654.3099880218506,797.98,105.23,658.68,797.84,0.0
synth,1,40,spec-decode,12,1185,253.13999503850937,727.879989426583,1034.71,256.3,732.69,1032.49,0.0
synth,1,41,spec-decode,13,2084,255.74996834620833,789.1199784353375,1098.25,258.71,786.55,1088.58,0.0
synth,1,42,spec-decode,13,39,114.41000970080495,654.1900220327079,807.79,116.75,658.31,807.85,0.0
synth,1,43,spec-decode,13,39,113.2100005634129,644.4099708460271,796.19,115.56,648.56,796.16,0.0
synth,1,44,spec-decode,13,39,110.41999096050858,642.0899881049991,790.11,112.87,646.18,790.15,0.0
synth,1,45,spec-decode,13,39,111.46999895572662,705.1499560475349,855.0,113.87,691.27,836.96,0.0
synth,1,46,spec-decode,13,39,113.54999151080847,651.8100271932781,804.24,115.9,655.76,804.04,0.0
synth,1,47,spec-decode,14,1191,260.5299814604223,730.1800069399178,1041.99,263.53,734.74,1039.91,0.0
synth,1,48,spec-decode,14,42,120.99003652110696,657.7000021934509,817.96,123.53,661.49,817.96,0.0
synth,1,49,spec-decode,14,42,118.7599846161902,699.2299458943307,869.97,121.25,704.36,862.85,0.0
synth,1,50,spec-decode,14,42,121.18002632632852,652.5199860334396,814.49,123.86,656.7,814.22,0.0
synth,1,51,spec-decode,14,1191,277.8099733404815,726.0999991558492,1057.63,281.3,730.45,1055.53,0.0
synth,1,52,spec-decode,15,2090,299.37998624518514,760.7900188304484,1118.24,289.94,765.68,1102.87,0.0
synth,1,53,spec-decode,15,45,126.66999828070402,662.0700005441904,828.44,129.24,666.02,828.51,0.0
synth,1,54,spec-decode,15,45,126.18000619113445,652.1700415760279,817.63,128.53,656.22,817.68,0.0
synth,1,55,spec-decode,15,45,125.40002353489399,648.7600039690733,813.17,128.02,652.98,813.23,0.0
synth,1,56,spec-decode,15,45,136.5899806842208,667.5200420431793,846.71,129.92,672.25,837.23,0.0
synth,1,57,spec-decode,15,45,124.70001820474863,652.0400056615472,815.56,127.17,655.96,815.47,0.0
synth,1,58,spec-decode,13,39,204.02995869517326,650.4000048153102,893.71,206.42,654.63,893.52,0.0
synth,1,59,spec-decode,12,36,171.91999359056354,649.6200221590698,861.64,174.21,653.89,861.69,0.0
synth,1,60,spec-decode,12,36,105.0999853760004,692.4500339664519,835.99,107.53,688.28,827.4,0.0
synth,1,61,spec-decode,12,36,106.14999337121844,640.439975541085,784.58,108.56,644.28,784.6,0.0
synth,1,62,spec-decode,11,33,162.66998136416078,636.4999571815133,838.27,164.98,640.6,838.26,0.0
synth,1,63,spec-decode,11,33,97.8600000962615,635.9299877658486,770.67,100.12,639.93,770.64,0.0
synth,1,64,spec-decode,11,33,97.24998380988836,666.2699743174016,800.83,99.63,662.19,792.57,0.0
synth,1,65,spec-decode,10,30,158.2999830134213,640.9100024029613,838.68,160.51,644.99,838.66,0.0
synth,1,66,spec-decode,10,30,95.13000259175897,703.7799805402756,842.97,97.95,708.68,953.15,0.0
synth,1,67,spec-decode,10,30,92.9600209929049,641.2900402210653,772.85,95.27,645.33,772.86,0.0
synth,1,68,spec-decode,10,30,91.36996231973171,652.1400064229965,785.43,93.76,645.81,774.79,0.0
synth,1,69,spec-decode,10,30,95.61999468132854,651.7400033771992,786.36,98.24,655.73,786.26,0.0
synth,1,70,spec-decode,9,27,151.04998601600528,643.8099662773311,834.82,153.33,647.89,834.76,0.0
synth,1,71,spec-decode,9,27,85.90996731072664,636.7600290104747,760.71,88.24,640.84,767.83,0.0
synth,1,72,spec-decode,8,24,129.96996520087123,630.4600392468274,798.93,132.32,634.54,798.71,0.0
synth,1,73,spec-decode,8,24,80.26004070416093,666.7299894616008,785.06,82.7,664.63,778.88,0.0
synth,1,74,spec-decode,8,24,79.68000136315823,634.4299763441086,752.06,82.24,638.5,752.11,0.0
synth,1,75,spec-decode,7,21,125.59001334011555,628.6099669523537,792.28,127.68,632.55,792.28,0.0
synth,1,76,spec-decode,7,21,72.94997340068221,630.8900192379951,742.24,75.47,634.86,742.21,0.0
synth,1,77,spec-decode,6,18,117.83000081777573,684.0300047770143,841.87,119.98,679.04,832.69,0.0
synth,1,78,spec-decode,6,18,66.57000631093979,638.2300052791834,742.75,69.05,642.44,742.69,0.0
synth,1,79,spec-decode,6,18,66.77000783383846,632.7800219878554,737.08,69.22,636.74,737.1,0.0
synth,1,80,spec-decode,6,18,65.21004252135754,630.7900184765458,733.26,67.67,634.77,733.36,0.0
synth,1,81,spec-decode,5,15,112.89003305137157,630.0900131464005,781.28,115.13,634.18,781.28,0.0
synth,1,82,spec-decode,5,15,59.789977967739105,690.5400077812374,789.33,62.23,683.35,777.59,0.0
synth,1,83,spec-decode,5,15,60.980033595114946,631.8399682641029,731.01,63.38,635.77,730.81,0.0
synth,1,84,spec-decode,5,15,60.69004302844405,628.9099692367017,725.82,63.0,632.76,725.83,0.0
synth,1,85,spec-decode,5,15,59.58997644484043,627.2500031627715,723.97,61.92,631.4,723.84,0.0
synth,1,86,spec-decode,5,15,59.58002293482423,624.6700068004429,720.48,61.88,628.52,720.47,0.0
synth,1,87,spec-decode,5,15,62.08004197105765,632.9900352284312,734.14,64.48,637.02,733.95,0.0
synth,1,88,spec-decode,4,12,105.37996422499418,624.4500400498509,767.62,107.65,628.52,767.62,0.0
synth,1,89,spec-decode,4,12,52.74004070088267,626.320019364357,715.94,55.02,630.45,716.0,0.0
synth,1,90,spec-decode,4,12,53.37002221494913,624.5099939405918,713.97,55.66,628.53,713.84,0.0
synth,1,91,spec-decode,3,9,97.98002429306507,651.9900052808225,787.53,100.22,649.51,781.03,0.0
synth,1,92,spec-decode,3,9,48.10001701116562,632.8399758785963,718.26,50.34,636.86,718.29,0.0
synth,1,93,spec-decode,3,9,46.3300384581089,629.9199885688722,713.02,48.69,633.81,712.99,0.0
synth,1,94,spec-decode,3,9,47.08999767899513,626.9699661061168,711.26,49.57,631.08,717.55,0.0
synth,1,95,spec-decode,3,9,46.71001806855202,626.1999951675534,709.5,48.95,630.14,709.44,0.0
synth,1,96,spec-decode,3,9,46.10000178217888,680.0300325267017,763.22,48.42,668.58,747.49,0.0
synth,1,97,spec-decode,3,9,46.29004979506135,622.9800055734813,706.62,48.75,627.02,706.36,0.0
synth,1,98,spec-decode,2,6,90.63998004421592,615.699973423034,743.16,92.76,619.51,743.16,0.0
synth,1,99,spec-decode,2,6,38.6600149795413,615.9899639897048,690.53,41.01,619.92,690.56,0.0
synth,1,100,spec-decode,2,6,38.37002441287041,615.0699919089675,689.08,40.67,619.02,689.0,0.0
synth,1,101,spec-decode,2,6,38.420024793595076,670.47995980829,745.48,40.74,662.34,732.93,0.0
synth,1,102,spec-decode,2,6,38.82998134940863,629.149959422648,704.96,41.4,633.08,704.8,0.0
synth,1,103,spec-decode,1,3,86.28005161881447,622.3900127224624,746.21,88.57,626.43,746.24,0.0
synth,1,104,spec-decode,1,3,31.360017601400614,622.7199919521809,690.53,33.63,626.76,690.64,0.0
synth,1,105,drain,0,0,74.32,0.0,77.34,73.53,0.0,76.88,0.0
synth,2,0,prefill,1,2048,255.55997854098678,841.9699734076858,1179.31,259.46,847.06,1175.31,0.0
synth,2,1,spec-decode,1,3,39.139995351433754,736.5699857473373,818.52,41.51,741.0,818.81,0.0
synth,2,2,spec-decode,1,3,34.469994716346264,1682.2000034153461,1764.88,37.28,1676.18,1753.3,0.0
synth,2,3,spec-decode,1,3,46.78999539464712,748.5700189135969,839.61,49.38,752.61,839.31,0.0
synth,2,4,spec-decode,1,3,33.24996214359999,685.1499783806503,758.96,35.6,689.53,759.04,0.0
synth,2,5,spec-decode,1,3,35.23001214489341,682.2800496593118,757.92,37.51,686.14,757.97,0.0
synth,2,6,spec-decode,2,2051,196.85004372149706,829.2599814012647,1081.46,200.06,833.84,1079.72,0.0
synth,2,7,spec-decode,2,6,45.34004256129265,696.189992595464,782.37,47.74,700.16,782.43,0.0
synth,2,8,spec-decode,3,2054,196.48997113108635,813.5399548336864,1064.76,199.28,818.15,1062.54,0.0
synth,2,9,spec-decode,4,1161,203.59002519398928,780.4100168868899,1039.57,206.68,784.79,1037.68,0.0
synth,2,10,spec-decode,4,12,58.53996844962239,695.2100084163249,794.61,61.05,699.02,801.94,0.0
synth,2,11,spec-decode,4,12,55.79000571742654,695.9299789741635,793.28,58.2,700.23,793.14,0.0
synth,2,12,spec-decode,5,1164,256.2900190241635,773.2000085525215,1086.39,251.97,777.87,1076.08,0.0
synth,2,13,spec-decode,5,15,66.85999687761068,694.4200140424073,802.97,69.21,698.84,802.57,0.0
synth,2,14,spec-decode,6,1167,209.26998695358634,757.5700292363763,1021.87,212.54,761.93,1019.68,0.0
synth,2,15,spec-decode,6,18,71.46998541429639,738.340022508055,851.6,73.89,734.97,843.22,0.0
synth,2,16,spec-decode,6,18,71.12999446690083,690.8299983479083,803.68,73.57,694.94,803.69,0.0
synth,2,17,spec-decode,6,18,70.21997589617968,680.6399906054139,791.52,72.73,685.45,791.44,0.0
synth,2,18,spec-decode,6,18,69.75000724196434,675.2900080755353,784.65,72.1,679.19,784.52,0.0
synth,2,19,spec-decode,6,18,65.97000174224377,738.0599854514003,844.15,68.25,731.82,833.83,0.0
synth,2,20,spec-decode,7,2066,225.33000446856022,788.629986345768,1068.46,228.18,793.31,1066.28,0.0
synth,2,21,spec-decode,7,21,77.05000462010503,683.3199877291918,801.0,79.72,687.63,801.11,0.0
synth,2,22,spec-decode,8,2069,230.05000548437238,852.6500314474106,1138.54,233.22,850.77,1129.35,0.0
synth,2,23,spec-decode,8,24,86.35997073724866,691.2500248290598,818.61,88.86,695.36,818.56,0.0
synth,2,24,spec-decode,9,1176,225.7499727420509,753.4300093539059,1033.85,228.73,757.91,1031.57,0.0
synth,2,25,spec-decode,9,27,88.73001206666231,669.1399612464011,798.12,91.19,673.18,797.99,0.0
synth,2,26,spec-decode,9,27,132.200017105788,675.0799948349595,848.76,121.39,679.11,834.84,0.0
synth,2,27,spec-decode,9,27,86.30997035652399,663.8600025326014,789.77,88.75,667.73,789.65,0.0
synth,2,28,spec-decode,10,1179,235.87001487612724,746.5300150215626,1037.35,238.81,750.98,1035.2,0.0
synth,2,29,spec-decode,10,30,95.56999430060387,723.1300114654005,860.25,97.99,715.05,847.69,0.0
synth,2,30,spec-decode,10,30,94.68995267525315,668.7199929729104,802.37,97.17,672.92,804.14,0.0
synth,2,31,spec-decode,10,30,92.13999146595597,659.8899490199983,790.64,94.59,663.72,790.67,0.0
synth,2,32,spec-decode,10,30,92.13003795593977,649.5700217783451,780.11,94.34,653.59,780.14,0.0
synth,2,33,spec-decode,10,30,92.35000470653176,644.9199863709509,775.25,94.74,648.84,775.22,0.0
synth,2,34,spec-decode,10,30,105.04998499527574,654.4300122186542,803.45,108.25,658.69,802.87,0.0
synth,2,35,spec-decode,10,30,91.11000690609217,634.5199653878808,763.39,93.57,638.21,763.24,0.0
synth,2,36,spec-decode,10,30,91.9399899430573,628.2799877226353,756.46,94.16,632.3,756.33,0.0
synth,2,37,spec-decode,11,2078,236.76996352151036,794.2300289869308,1080.71,239.68,787.89,1068.18,0.0
synth,2,38,spec-decode,11,33,100.9299885481596,647.8299619629979,787.91,103.31,651.92,787.61,0.0
synth,2,39,spec-decode,11,33,98.84999599307775,642.2399892471731,780.05,101.22,646.32,779.99,0.0
synth,2,40,spec-decode,12,1185,247.3199856467545,727.5600219145417,1027.5,250.52,732.03,1025.42,0.0
synth,2,41,spec-decode,13,2084,258.97001614794135,757.8000077046454,1067.39,262.05,762.46,1066.02,0.0
synth,2,42,spec-decode,13,39,114.34999760240316,655.7200103998184,808.88,116.93,659.58,808.95,0.0
synth,2,43,spec-decode,13,39,112.0399683713913,642.760016489774,792.66,114.4,646.66,792.54,0.0
synth,2,44,spec-decode,13,39,110.37004878744483,637.3700452968478,785.57,112.7,641.55,785.48,0.0
synth,2,45,spec-decode,13,39,112.100038677454,645.6900155171752,796.88,114.46,649.58,796.48,0.0
synth,2,46,spec-decode,13,39,110.5000264942646,635.0399926304817,783.34,113.03,639.06,783.25,0.0
synth,2,47,spec-decode,14,1191,253.06001771241426,715.4399645514786,1019.79,256.02,719.87,1017.58,0.0
synth,2,48,spec-decode,14,42,118.21999214589596,706.880004145205,864.93,120.72,704.8,858.47,0.0
synth,2,49,spec-decode,14,42,118.9099857583642,657.3499995283782,814.63,121.38,661.29,814.46,0.0
synth,2,50,spec-decode,14,42,117.49996338039637,644.1500154323876,801.44,119.77,648.11,801.28,0.0
synth,2,51,spec-decode,14,1191,277.4299937300384,723.9499827846885,1053.03,280.34,728.8,1051.18,0.0
synth,2,52,spec-decode,15,2090,267.08003133535385,760.4900165461004,1079.36,269.95,765.47,1077.57,0.0
synth,2,53,spec-decode,15,45,125.01998571678996,660.7300019823015,825.33,127.64,664.85,825.4,0.0
synth,2,54,spec-decode,15,45,124.36002725735307,641.5700190700591,805.7,126.9,645.66,805.51,0.0
synth,2,55,spec-decode,15,45,124.02998981997371,691.4699915796518,854.32,126.4,683.21,841.8,0.0
synth,2,56,spec-decode,15,45,125.05002086982131,639.7900287993252,802.55,127.39,643.49,802.27,0.0
synth,2,57,spec-decode,15,45,123.56002116575837,638.3600411936641,799.63,125.91,642.28,799.49,0.0
synth,2,58,spec-decode,13,39,199.3600162677467,641.6799733415246,880.09,201.66,645.46,880.12,0.0
synth,2,59,spec-decode,12,36,169.25000818446279,691.6800048202276,900.5,171.7,687.67,892.07,0.0
synth,2,60,spec-decode,12,36,106.08002776280046,643.2500085793436,786.92,108.54,647.13,786.68,0.0
synth,2,61,spec-decode,12,36,106.66996240615845,647.5099944509566,791.99,108.99,651.41,791.86,0.0
synth,2,62,spec-decode,11,33,166.5599993430078,638.2099818438292,844.37,168.94,642.52,844.36,0.0
synth,2,63,spec-decode,11,33,99.58998998627067,637.5599768944085,775.3,102.02,641.65,775.21,0.0
synth,2,64,spec-decode,11,33,117.39000910893083,650.4399934783578,811.06,120.56,654.37,810.55,0.0
synth,2,65,spec-decode,10,30,155.70997493341565,626.2700189836323,820.37,158.07,630.24,820.26,0.0
synth,2,66,spec-decode,10,30,91.75995364785194,627.0500016398728,755.6,94.14,630.88,762.11,0.0
synth,2,67,spec-decode,10,30,90.43002501130104,627.3500039242208,754.76,92.89,631.1,754.67,0.0
synth,2,68,spec-decode,10,30,90.88002843782306,693.5099954716861,823.53,93.19,687.82,813.64,0.0
synth,2,69,spec-decode,10,30,93.44000136479735,635.9000108204782,768.14,95.93,640.14,767.98,0.0
synth,2,70,spec-decode,9,27,150.50004003569484,633.4800273180008,822.38,152.86,637.39,822.37,0.0
synth,2,71,spec-decode,9,27,84.95000656694174,630.730006378144,753.15,87.27,634.75,753.03,0.0
synth,2,72,spec-decode,8,24,130.50995767116547,689.1000084578991,862.01,132.76,683.77,852.25,0.0
synth,2,73,spec-decode,8,24,81.69998181983829,638.8399633578956,758.85,84.25,642.84,758.34,0.0
synth,2,74,spec-decode,8,24,79.11998545750976,632.2700064629316,748.52,81.52,636.07,748.38,0.0
synth,2,75,spec-decode,7,21,126.25998351722956,632.6699513010681,798.07,128.8,636.73,797.91,0.0
synth,2,76,spec-decode,7,21,72.99002027139068,630.6999712251127,740.85,75.4,634.7,740.69,0.0
synth,2,77,spec-decode,6,18,115.55000673979521,679.9400434829295,834.65,117.85,667.97,818.35,0.0
synth,2,78,spec-decode,6,18,66.24002708122134,629.5599741861224,732.89,68.61,633.53,732.82,0.0
synth,2,79,spec-decode,6,18,65.35998545587063,623.1900188140571,724.35,67.7,626.96,724.16,0.0
synth,2,80,spec-decode,6,18,64.48995554819703,624.1700029931962,724.88,66.76,628.14,724.87,0.0
synth,2,81,spec-decode,5,15,109.97999925166368,651.5399436466396,803.76,112.34,648.2,795.86,0.0
synth,2,82,spec-decode,5,15,62.019971664994955,635.9299877658486,736.31,64.44,639.96,736.07,0.0
synth,2,83,spec-decode,5,15,59.680023696273565,625.1300219446421,721.55,62.08,629.01,721.51,0.0
synth,2,84,spec-decode,5,15,59.38997492194176,628.7299911491573,724.44,61.63,632.74,724.17,0.0
synth,2,85,spec-decode,5,15,60.81996252760291,629.6900101006031,727.25,63.21,633.41,727.12,0.0
synth,2,86,spec-decode,5,15,59.579964727163315,680.5100128985941,777.13,62.04,672.57,764.82,0.0
synth,2,87,spec-decode,5,15,60.380029026418924,629.7400104813278,727.25,62.79,633.57,727.07,0.0
synth,2,88,spec-decode,4,12,102.45997691527009,625.9200163185596,765.06,104.74,629.84,765.18,0.0
synth,2,89,spec-decode,4,12,52.589981351047754,615.5099836178124,703.54,54.8,619.41,710.76,0.0
synth,2,90,spec-decode,4,12,51.749986596405506,614.9500259198248,703.03,54.12,618.87,702.82,0.0
synth,2,91,spec-decode,3,9,95.34001583233476,672.0999954268336,805.05,97.68,661.86,790.38,0.0
synth,2,92,spec-decode,3,9,45.57002102956176,617.0700071379542,698.46,47.91,620.87,698.15,0.0
synth,2,93,spec-decode,3,9,45.97997758537531,616.3700018078089,697.94,48.44,620.3,697.87,0.0
synth,2,94,spec-decode,3,9,45.48003198578954,619.5500027388334,700.36,47.72,623.19,700.41,0.0
synth,2,95,spec-decode,3,9,45.549997594207525,625.7499917410314,706.81,47.83,629.39,706.64,0.0
synth,2,96,spec-decode,3,9,63.10001481324434,639.9299600161612,755.19,67.17,644.7,748.07,0.0
synth,2,97,spec-decode,3,9,47.49000072479248,645.7899580709636,732.03,49.79,649.89,731.95,0.0
synth,2,98,spec-decode,2,6,95.39001621305943,641.2999937310815,776.09,97.74,645.34,776.09,0.0
synth,2,99,spec-decode,2,6,40.809973143041134,645.4900139942765,725.77,43.19,649.66,725.74,0.0
synth,2,100,spec-decode,2,6,42.019993998110294,696.5699722059071,778.48,44.32,688.79,765.85,0.0
synth,2,101,spec-decode,2,6,41.15997580811381,643.729988951236,722.98,43.73,647.62,722.83,0.0
synth,2,102,spec-decode,2,6,40.38994666188955,636.1499545164406,713.0,42.76,639.93,713.09,0.0
synth,2,103,spec-decode,1,3,86.81998588144779,631.9899694062769,757.39,89.25,636.23,757.38,0.0
synth,2,104,spec-decode,1,3,33.52999920025468,643.3999515138566,716.55,35.92,647.62,716.27,0.0
synth,2,105,drain,0,0,78.31,0.0,81.7,77.45,0.0,81.08,0.0
synth,3,0,prefill,1,2048,245.80996250733733,781.5600256435573,1159.35,250.56,787.3,1116.61,0.0
synth,3,1,spec-decode,1,3,37.35005157068372,676.3800047338009,755.13,39.85,680.61,755.06,0.0
synth,3,2,spec-decode,1,3,34.51999509707093,634.910014923662,707.06,37.09,638.52,707.04,0.0
synth,3,3,spec-decode,1,3,32.01997606083751,631.8700034171343,700.55,34.37,635.76,700.38,0.0
synth,3,4,spec-decode,1,3,30.920025892555714,679.3700158596039,745.59,33.11,647.15,709.29,0.0
synth,3,5,spec-decode,1,3,30.570023227483034,617.9300253279507,683.52,32.85,621.71,683.35,0.0
synth,3,6,spec-decode,2,2051,176.60000594332814,737.6900175586343,963.03,179.36,742.28,961.14,0.0
synth,3,7,spec-decode,2,6,40.94000905752182,629.4099730439484,707.2,43.26,633.36,707.08,0.0
synth,3,8,spec-decode,3,2054,184.66002075001597,739.390030503273,973.26,187.3,744.14,971.66,0.0
synth,3,9,spec-decode,4,1161,193.57999553903937,716.1999819800258,962.18,196.56,720.8,960.21,0.0
synth,3,10,spec-decode,4,12,55.96998380497098,636.5400040522218,731.57,58.42,640.51,731.46,0.0
synth,3,11,spec-decode,4,12,53.72002488002181,690.6500202603638,781.91,56.01,664.0,750.93,0.0
synth,3,12,spec-decode,5,1164,202.669994905591,717.2800251282752,971.25,205.69,721.97,969.02,0.0
synth,3,13,spec-decode,5,15,61.590049881488085,635.9100225381553,736.11,64.08,639.78,735.64,0.0
synth,3,14,spec-decode,6,1167,203.37000023573637,764.0899857506156,1017.86,206.56,736.37,989.83,0.0
synth,3,15,spec-decode,6,18,68.6200219206512,640.589976683259,747.34,71.01,644.44,747.3,0.0
synth,3,16,spec-decode,6,18,66.70999573543668,627.3000035434961,730.91,69.05,631.25,730.75,0.0
synth,3,17,spec-decode,6,18,66.37000478804111,623.4399625100195,727.19,68.88,627.17,727.19,0.0
synth,3,18,spec-decode,6,18,65.10998355224729,624.6499833650887,727.1,67.6,628.31,727.05,0.0
synth,3,19,spec-decode,6,18,65.77000021934509,691.0800002515316,792.89,68.07,658.3,756.11,0.0
synth,3,20,spec-decode,7,2066,216.51998395100236,752.5800028815866,1018.65,219.42,757.02,1016.84,0.0
synth,3,21,spec-decode,7,21,78.40996840968728,651.060021482408,767.64,80.84,655.07,767.59,0.0
synth,3,22,spec-decode,8,2069,221.5999993495643,818.4700272977352,1092.75,224.71,791.31,1058.78,0.0
synth,3,23,spec-decode,8,24,82.1499852463603,640.289974398911,760.52,84.62,644.25,760.32,0.0
synth,3,24,spec-decode,9,1176,221.78998915478587,712.5900010578334,985.79,224.79,717.12,983.66,0.0
synth,3,25,spec-decode,9,27,88.18000787869096,637.8400139510632,764.35,90.64,641.78,764.32,0.0
synth,3,26,spec-decode,9,27,135.50999574363232,641.5900425054133,815.18,108.83,645.58,786.1,0.0
synth,3,27,spec-decode,9,27,86.11002704128623,650.9500090032816,776.33,88.43,655.18,776.3,0.0
synth,3,28,spec-decode,10,1179,245.53999537602067,753.9899670518935,1055.88,248.65,758.82,1053.52,0.0
synth,3,29,spec-decode,10,30,95.78000754117966,727.0800415426493,865.67,98.42,699.01,833.04,0.0
synth,3,30,spec-decode,10,30,95.11999087408185,668.990018311888,804.09,97.48,673.1,803.98,0.0
synth,3,31,spec-decode,10,30,95.16999125480652,662.4599918723106,796.43,97.64,666.59,796.41,0.0
synth,3,32,spec-decode,10,30,93.39000098407269,659.130048006773,792.29,95.78,663.13,792.31,0.0
synth,3,33,spec-decode,10,30,93.7699805945158,660.2699868381023,793.64,96.25,664.35,800.32,0.0
synth,3,34,spec-decode,10,30,99.96996959671378,682.7799952588975,824.69,102.65,687.0,824.42,0.0
synth,3,35,spec-decode,10,30,94.39996210858226,667.6100310869515,802.9,96.82,671.87,802.86,0.0
synth,3,36,spec-decode,10,30,95.04996705800295,669.7099888697267,805.52,97.42,673.79,805.31,0.0
synth,3,37,spec-decode,11,2078,264.88996809348464,859.8500280641019,1182.99,268.08,830.44,1146.62,0.0
synth,3,38,spec-decode,11,33,105.4699532687664,687.5600083731115,836.6,108.11,691.79,836.37,0.0
synth,3,39,spec-decode,11,33,101.32999159395695,669.5500342175364,811.36,103.72,673.58,811.29,0.0
synth,3,40,spec-decode,12,1185,266.19003619998693,828.7300006486475,1152.09,269.45,800.5,1116.91,0.0
synth,3,41,spec-decode,13,2084,272.57000328972936,804.1100227274001,1135.71,275.86,808.88,1133.47,0.0
synth,3,42,spec-decode,13,39,117.90002463385463,690.1699816808105,850.78,120.47,694.37,850.79,0.0
synth,3,43,spec-decode,13,39,115.2500044554472,673.8199735991657,831.2,117.73,678.21,830.97,0.0
synth,3,44,spec-decode,13,39,116.08999921008945,693.5199489817023,853.16,118.71,697.88,852.84,0.0
synth,3,45,spec-decode,13,39,116.7199807241559,677.3099885322154,834.93,119.22,681.52,834.69,0.0
synth,3,46,spec-decode,13,39,113.47996769472957,670.8800210617483,826.77,116.14,674.9,827.07,0.0
synth,3,47,spec-decode,14,1191,280.8700082823634,828.4800569526851,1166.8,283.91,801.67,1132.56,0.0
synth,3,48,spec-decode,14,42,123.21001850068569,681.9599657319486,848.87,125.74,686.28,848.71,0.0
synth,3,49,spec-decode,14,42,121.5399825014174,672.0999954268336,835.44,123.98,676.26,835.55,0.0
synth,3,50,spec-decode,14,42,120.04998279735446,676.3599812984467,837.85,122.46,680.55,843.77,0.0
synth,3,51,spec-decode,14,1191,298.4799793921411,766.140001360327,1121.41,301.48,770.85,1119.33,0.0
synth,3,52,spec-decode,15,2090,281.42001247033477,799.770001322031,1139.31,284.38,804.43,1137.62,0.0
synth,3,53,spec-decode,15,45,129.62002074345946,746.2800131179392,921.05,132.15,711.19,881.32,0.0
synth,3,54,spec-decode,15,45,127.3099915124476,682.7799952588975,853.91,129.84,686.85,853.61,0.0
synth,3,55,spec-decode,15,45,127.88001913577318,683.3600345999002,852.8,130.54,687.47,852.6,0.0
synth,3,56,spec-decode,15,45,126.13995932042599,677.4700013920665,846.53,128.61,681.39,846.25,0.0
synth,3,57,spec-decode,15,45,125.42004697024822,733.5499976761639,899.85,127.99,704.43,866.31,0.0
synth,3,58,spec-decode,13,39,213.82997510954738,678.2599957659841,935.62,216.21,682.58,935.68,0.0
synth,3,59,spec-decode,12,36,181.1099937185645,671.5400377288461,894.6,183.54,675.63,894.65,0.0
synth,3,60,spec-decode,12,36,107.89005318656564,666.0600192844868,814.36,110.27,670.07,814.38,0.0
synth,3,61,spec-decode,12,36,108.40996401384473,724.7899775393307,874.22,111.09,687.9,833.02,0.0
synth,3,62,spec-decode,11,33,174.77001529186964,661.2000288441777,878.01,177.31,665.11,877.91,0.0
synth,3,63,spec-decode,11,33,101.45001579076052,655.0499820150435,796.12,104.05,658.79,795.97,0.0
synth,3,64,spec-decode,11,33,99.98999303206801,643.5599643737078,781.73,102.41,647.37,781.67,0.0
synth,3,65,spec-decode,10,30,163.94001431763172,704.6199752949178,908.27,166.4,674.84,873.94,0.0
synth,3,66,spec-decode,10,30,93.64000288769603,649.6799760498106,781.95,96.21,653.68,781.72,0.0
synth,3,67,spec-decode,10,30,93.41002441942692,643.1599613279104,774.67,95.78,647.2,774.61,0.0
synth,3,68,spec-decode,10,30,91.7899888008833,643.7099655158818,772.98,94.17,647.49,772.92,0.0
synth,3,69,spec-decode,10,30,94.01002898812294,642.5600149668753,774.81,96.54,646.36,782.1,0.0
synth,3,70,spec-decode,9,27,208.0799895338714,649.2799730040133,897.46,178.72,653.35,865.35,0.0
synth,3,71,spec-decode,9,27,86.69996168464422,638.8500332832336,763.55,89.1,642.63,763.4,0.0
synth,3,72,spec-decode,8,24,132.74000957608223,630.9900199994445,802.02,135.17,634.9,801.79,0.0
synth,3,73,spec-decode,8,24,80.32005280256271,630.9900199994445,748.58,82.68,634.72,748.48,0.0
synth,3,74,spec-decode,8,24,79.0799967944622,690.0499574840069,806.47,81.52,656.44,768.73,0.0
synth,3,75,spec-decode,7,21,127.22000246867537,636.2500134855509,801.95,129.64,640.17,801.99,0.0
synth,3,76,spec-decode,7,21,74.0300165489316,635.7200327329338,746.71,76.36,639.43,746.71,0.0
synth,3,77,spec-decode,6,18,121.63998326286674,638.5300075635314,798.51,123.92,642.23,798.46,0.0
synth,3,78,spec-decode,6,18,66.86995038762689,637.3299984261394,741.14,69.51,641.05,741.17,0.0
synth,3,79,spec-decode,6,18,69.22002648934722,650.5000055767596,759.62,71.83,654.47,759.33,0.0
synth,3,80,spec-decode,6,18,66.63997191935778,633.4999925456941,736.87,69.14,637.16,736.89,0.0
synth,3,81,spec-decode,5,15,113.01005724817514,632.1400287561119,782.57,115.46,635.93,782.57,0.0
synth,3,82,spec-decode,5,15,59.940037317574024,627.1000020205975,723.52,62.33,630.83,723.34,0.0
synth,3,83,spec-decode,5,15,58.86005237698555,689.8699793964624,785.08,61.2,663.31,754.5,0.0
synth,3,84,spec-decode,5,15,60.19999273121357,627.0200246945024,722.97,62.43,630.77,723.02,0.0
synth,3,85,spec-decode,5,15,59.44003351032734,622.7199919521809,718.48,61.76,626.39,718.55,0.0
synth,3,86,spec-decode,5,15,60.06000330671668,622.7399571798742,718.67,62.37,626.41,718.63,0.0
synth,3,87,spec-decode,5,15,58.909994550049305,623.4199972823262,718.31,61.32,627.08,718.3,0.0
synth,3,88,spec-decode,4,12,108.07998478412628,687.4899845570326,834.19,110.45,661.2,803.56,0.0
synth,3,89,spec-decode,4,12,54.27998257800937,632.7600567601621,724.26,56.72,636.6,724.23,0.0
synth,3,90,spec-decode,4,12,53.55000030249357,630.8400188572705,720.63,55.95,634.52,720.58,0.0
synth,3,91,spec-decode,3,9,99.37997674569488,625.0900332815945,761.91,101.64,628.77,761.84,0.0
synth,3,92,spec-decode,3,9,47.200010158121586,627.5000050663948,710.22,49.63,631.24,716.3,0.0
synth,3,93,spec-decode,3,9,48.59996261075139,638.2400169968605,724.69,51.27,642.25,724.38,0.0
synth,3,94,spec-decode,3,9,47.52998938784003,628.7500145845115,712.5,49.9,632.69,712.37,0.0
synth,3,95,spec-decode,3,9,45.44999683275819,624.1300143301487,705.83,47.86,627.89,705.7,0.0
synth,3,96,spec-decode,3,9,45.8299764432013,621.9599745236337,703.58,48.38,625.74,703.46,0.0
synth,3,97,spec-decode,3,9,46.200002543628216,677.7899689041078,760.6,48.45,651.46,730.18,0.0
synth,3,98,spec-decode,2,6,93.07998698204756,622.6899567991495,752.81,95.26,626.51,752.32,0.0
synth,3,99,spec-decode,2,6,40.59000639244914,626.8899887800217,704.21,43.1,630.86,704.12,0.0
synth,3,100,spec-decode,2,6,39.80001201853156,621.6699839569628,698.27,42.18,625.45,698.24,0.0
synth,3,101,spec-decode,2,6,40.55001772940159,629.0900055319071,706.03,42.85,633.17,705.88,0.0
synth,3,102,spec-decode,2,6,39.96002487838268,695.0600072741508,772.77,42.36,665.0,738.82,0.0
synth,3,103,spec-decode,1,3,89.20999243855476,636.5500157698989,764.05,91.58,640.3,764.0,0.0
synth,3,104,spec-decode,1,3,32.01997606083751,625.8999928832054,694.66,34.42,629.69,694.64,0.0
synth,3,105,drain,0,0,76.58,0.0,79.69,75.55,0.0,79.25,0.0
synth,4,0,prefill,1,2048,255.84001559764147,809.1899799183011,1147.55,260.5,814.43,1143.17,0.0
synth,4,1,spec-decode,1,3,39.61002221331,773.2000085525215,859.22,42.21,747.64,829.04,0.0
synth,4,2,spec-decode,1,3,35.67000385373831,684.7300101071596,762.0,38.17,689.13,762.09,0.0
synth,4,3,spec-decode,1,3,35.69002728909254,670.1000384055078,746.49,38.13,674.31,746.62,0.0
synth,4,4,spec-decode,1,3,36.030018236488104,670.3099934384227,745.75,38.5,674.42,746.09,0.0
synth,4,5,spec-decode,1,3,34.5699954777956,661.1099815927446,736.55,37.07,665.2,736.6,0.0
synth,4,6,spec-decode,2,2051,200.55996719747782,789.0500128269196,1045.44,203.52,793.98,1043.15,0.0
synth,4,7,spec-decode,2,6,44.13997521623969,669.6399650536478,755.62,46.42,674.1,755.84,0.0
synth,4,8,spec-decode,3,2054,206.81001478806138,782.799965236336,1046.47,210.04,787.65,1051.48,0.0
synth,4,9,spec-decode,4,1161,209.319987334311,752.759980969131,1017.59,212.29,757.39,1015.08,0.0
synth,4,10,spec-decode,4,12,57.909986935555935,664.9899878539145,762.45,60.22,669.2,762.4,0.0
synth,4,11,spec-decode,4,12,55.96003029495478,654.7599914483726,749.22,58.36,658.76,749.14,0.0
synth,4,12,spec-decode,5,1164,258.46000062301755,743.4500148519874,1056.38,231.32,748.27,1023.73,0.0
synth,4,13,spec-decode,5,15,63.09995660558343,652.9500242322683,755.41,65.58,657.08,755.32,0.0
synth,4,14,spec-decode,6,1167,210.98001161590219,727.060018107295,991.28,213.99,731.54,988.89,0.0
synth,4,15,spec-decode,6,18,69.28999209776521,687.380030285567,795.69,71.82,661.84,765.86,0.0
synth,4,16,spec-decode,6,18,67.93998181819916,636.1400010064244,740.92,70.44,640.04,740.68,0.0
synth,4,17,spec-decode,6,18,68.52997466921806,633.6899823509157,740.32,70.97,637.68,740.34,0.0
synth,4,18,spec-decode,6,18,67.12001049891114,628.4500123001635,733.35,69.57,632.52,733.27,0.0
synth,4,19,spec-decode,6,18,66.15003803744912,634.0600084513426,738.36,68.39,638.64,738.33,0.0
synth,4,20,spec-decode,7,2066,221.05994867160916,756.6100102849305,1030.08,223.77,761.02,1028.27,0.0
synth,4,21,spec-decode,7,21,77.06001633778214,653.5000284202397,769.64,79.59,657.44,769.51,0.0
synth,4,22,spec-decode,8,2069,227.23997244611382,760.4900165461004,1041.5,230.49,765.0,1039.15,0.0
synth,4,23,spec-decode,8,24,82.84999057650566,707.2299486026168,830.4,85.35,680.75,799.46,0.0
synth,4,24,spec-decode,9,1176,226.44002456218004,720.7900052890182,1000.31,229.53,725.22,997.91,0.0
synth,4,25,spec-decode,9,27,87.51003770157695,640.6299653463066,767.42,89.98,644.53,767.46,0.0
synth,4,26,spec-decode,9,27,85.8799903653562,631.6499784588814,756.1,88.38,635.62,762.24,0.0
synth,4,27,spec-decode,9,27,88.44002149999142,641.7700205929577,769.84,91.06,645.52,769.68,0.0
synth,4,28,spec-decode,10,1179,232.709979172796,724.4099979288876,1009.21,235.73,729.01,1007.46,0.0
synth,4,29,spec-decode,10,30,94.45997420698404,651.2699765153229,785.15,96.98,655.2,784.97,0.0
synth,4,30,spec-decode,10,30,93.06997526437044,698.5400104895234,829.92,95.53,671.91,799.18,0.0
synth,4,31,spec-decode,10,30,94.4200437515974,641.3200171664357,773.78,96.74,645.18,773.65,0.0
synth,4,32,spec-decode,10,30,92.56001794710755,633.9799729175866,764.45,94.92,637.95,764.4,0.0
synth,4,33,spec-decode,10,30,91.96996688842773,644.0499564632773,773.16,94.36,648.12,773.05,0.0
synth,4,34,spec-decode,10,30,91.58998727798462,632.8099989332259,761.94,94.03,636.75,761.87,0.0
synth,4,35,spec-decode,10,30,91.61001071333885,694.699992891401,824.22,94.04,668.43,793.83,0.0
synth,4,36,spec-decode,10,30,92.9600209929049,635.2600175887346,766.32,95.47,639.07,766.48,0.0
synth,4,37,spec-decode,11,2078,238.389999140054,746.8399708159268,1036.74,241.29,751.65,1034.5,0.0
synth,4,38,spec-decode,11,33,101.92999616265297,698.7800006754696,841.45,104.4,672.97,811.38,0.0
synth,4,39,spec-decode,11,33,100.2700300887227,646.7299535870552,786.41,102.78,650.59,786.24,0.0
synth,4,40,spec-decode,12,1185,249.92000544443727,726.9099587574601,1028.98,252.69,731.58,1026.84,0.0
synth,4,41,spec-decode,13,2084,253.79995349794626,821.4500267058611,1128.44,256.91,795.99,1096.61,0.0
synth,4,42,spec-decode,13,39,114.2299734055996,661.29001788795,816.23,116.83,665.42,816.09,0.0
synth,4,43,spec-decode,13,39,110.91999476775527,638.9400223270059,788.06,113.52,642.76,788.02,0.0
synth,4,44,spec-decode,13,39,112.00999142602086,636.2900021485984,786.09,114.29,640.12,785.99,0.0
synth,4,45,spec-decode,13,39,111.04001896455884,635.4500073939562,784.33,113.37,639.34,791.78,0.0
synth,4,46,spec-decode,13,39,114.12997264415026,639.2599898390472,792.79,116.85,643.19,792.67,0.0
synth,4,47,spec-decode,14,1191,256.2900190241635,720.0700347311795,1027.58,259.07,724.81,1026.02,0.0
synth,4,48,spec-decode,14,42,119.7000383399427,654.2300106957555,813.99,122.04,658.24,813.96,0.0
synth,4,49,spec-decode,14,42,119.44997822865844,714.2400136217475,872.74,122.02,688.76,843.19,0.0
synth,4,50,spec-decode,14,42,118.88996232300997,650.9500090032816,808.89,121.44,654.99,808.8,0.0
synth,4,51,spec-decode,14,1191,278.9499703794718,736.7500220425427,1068.29,281.9,741.39,1066.24,0.0
synth,4,52,spec-decode,15,2090,270.0200420804322,819.7000133804977,1143.29,272.96,794.47,1110.99,0.0
synth,4,53,spec-decode,15,45,127.94003123417497,655.8700115419924,825.5,130.55,659.9,825.36,0.0
synth,4,54,spec-decode,15,45,124.05996676534414,640.4799642041326,802.86,126.49,644.26,802.69,0.0
synth,4,55,spec-decode,15,45,123.97998943924904,638.869998510927,800.87,126.33,642.79,800.8,0.0
synth,4,56,spec-decode,15,45,123.86997696012259,697.4799907766283,860.05,126.31,667.88,826.37,0.0
synth,4,57,spec-decode,15,45,124.59000572562218,645.6300034187734,809.02,126.89,649.47,808.97,0.0
synth,4,58,spec-decode,13,39,201.03994756937027,640.6200118362904,881.48,203.36,644.55,881.26,0.0
synth,4,59,spec-decode,12,36,170.17999198287725,639.1399656422436,848.97,172.46,643.0,848.97,0.0
synth,4,60,spec-decode,12,36,104.28996756672859,699.3199931457639,842.23,106.57,673.53,812.2,0.0
synth,4,61,spec-decode,12,36,106.19004024192691,648.5599442385137,793.51,108.59,652.44,793.43,0.0
synth,4,62,spec-decode,11,33,164.40998297184706,640.7200125977397,844.47,166.66,644.62,844.34,0.0
synth,4,63,spec-decode,11,33,99.77997979149222,640.2700091712177,777.99,102.14,644.11,777.95,0.0
synth,4,64,spec-decode,11,33,98.34999218583107,636.1600244417787,773.03,100.65,639.98,778.75,0.0
synth,4,65,spec-decode,10,30,201.16998348385096,637.6500241458416,877.98,173.58,641.64,847.92,0.0
synth,4,66,spec-decode,10,30,92.63999527320266,632.9799653030932,763.93,95.11,637.06,763.74,0.0
synth,4,67,spec-decode,10,30,91.41000919044018,628.710025921464,757.28,93.69,632.75,757.11,0.0
synth,4,68,spec-decode,10,30,90.82001633942127,633.0499891191721,761.34,93.21,636.78,761.26,0.0
synth,4,69,spec-decode,10,30,92.16996841132641,691.4900150150061,820.76,94.44,662.63,788.09,0.0
synth,4,70,spec-decode,9,27,150.88997315615416,630.4099806584418,819.64,153.15,634.69,819.55,0.0
synth,4,71,spec-decode,9,27,86.77999721840024,637.4500226229429,761.72,89.22,641.19,761.65,0.0
synth,4,72,spec-decode,8,24,129.73998673260212,632.1999826468527,800.1,132.08,636.14,800.15,0.0
synth,4,73,spec-decode,8,24,80.23995906114578,684.6600444987416,802.05,82.85,656.56,770.4,0.0
synth,4,74,spec-decode,8,24,80.99997648969293,643.0899957194924,761.54,83.5,646.98,761.25,0.0
synth,4,75,spec-decode,7,21,124.34995733201504,629.2400066740811,792.09,126.61,632.89,792.09,0.0
synth,4,76,spec-decode,7,21,72.61999417096376,626.2200186029077,735.44,75.0,629.95,735.28,0.0
synth,4,77,spec-decode,6,18,115.26996968314052,619.670026935637,772.82,117.6,623.51,772.64,0.0
synth,4,78,spec-decode,6,18,65.64002251252532,678.7799648009241,781.94,68.09,652.84,751.91,0.0
synth,4,79,spec-decode,6,18,66.78997306153178,627.2799801081419,731.54,69.22,631.03,731.68,0.0
synth,4,80,spec-decode,6,18,66.89998554065824,627.5000050663948,731.18,69.33,631.32,731.27,0.0
synth,4,81,spec-decode,5,15,112.50999523326755,631.6599901765585,782.2,114.83,635.68,782.41,0.0
synth,4,82,spec-decode,5,15,60.43002940714359,625.2400344237685,721.65,62.71,628.86,721.57,0.0
synth,4,83,spec-decode,5,15,62.050006818026304,638.9300106093287,739.99,64.72,643.02,739.72,0.0
synth,4,84,spec-decode,5,15,60.18998101353645,630.2300025708973,726.88,62.75,633.97,726.61,0.0
synth,4,85,spec-decode,5,15,59.929967392235994,627.820030786097,723.9,62.24,631.65,723.85,0.0
synth,4,86,spec-decode,5,15,59.730024076998234,628.9100274443626,725.91,62.14,632.84,725.94,0.0
synth,4,87,spec-decode,5,15,59.910002164542675,684.9700002931058,781.78,62.3,653.65,751.89,0.0
synth,4,88,spec-decode,4,12,106.2600058503449,621.829996816814,765.55,108.54,625.71,765.5,0.0
synth,4,89,spec-decode,4,12,52.69999383017421,619.3399894982576,707.37,55.21,623.03,707.36,0.0
synth,4,90,spec-decode,4,12,53.63998934626579,619.6200265549123,709.13,55.93,623.45,708.99,0.0
synth,4,91,spec-decode,3,9,98.28998008742929,628.2100221142173,764.06,100.58,632.29,763.95,0.0
synth,4,92,spec-decode,3,9,47.5000124424696,685.9399727545679,771.29,49.81,660.17,741.34,0.0
synth,4,93,spec-decode,3,9,46.079978346824646,626.620021648705,709.18,48.45,630.43,709.15,0.0
synth,4,94,spec-decode,3,9,47.07003245130181,624.2399686016142,707.81,49.3,628.23,707.68,0.0
synth,4,95,spec-decode,3,9,46.01001273840666,623.0099825188518,705.84,48.46,626.95,705.66,0.0
synth,4,96,spec-decode,3,9,46.52998177334666,633.2100019790232,715.35,48.87,637.13,715.29,0.0
synth,4,97,spec-decode,3,9,91.14999556913972,642.0199642889202,770.64,64.11,646.08,740.83,0.0
synth,4,98,spec-decode,2,6,92.41997031494975,632.8700110316277,763.4,94.64,637.09,763.38,0.0
synth,4,99,spec-decode,2,6,40.420040022581816,639.5300151780248,716.43,42.8,643.46,716.3,0.0
synth,4,100,spec-decode,2,6,38.7300387956202,639.6999815478921,716.31,41.07,643.72,716.32,0.0
synth,4,101,spec-decode,2,6,40.67999543622136,720.1299886219203,800.54,43.33,688.65,764.7,0.0
synth,4,102,spec-decode,2,6,42.319996282458305,672.4899867549539,753.33,44.69,676.38,753.48,0.0
synth,4,103,spec-decode,1,3,90.15999967232347,654.5400246977806,783.29,92.47,658.69,783.26,0.0
synth,4,104,spec-decode,1,3,31.889998354017735,646.9300133176148,716.04,34.16,650.76,715.96,0.0
synth,4,105,drain,0,0,78.15,0.0,81.2,77.24,0.0,80.74,0.0
synth,5,0,prefill,1,2048,245.40995946153998,836.8599810637534,1161.92,249.63,834.24,1149.51,0.0
synth,5,1,spec-decode,1,3,35.99002957344055,668.6199922114611,745.08,38.43,672.71,751.34,0.0
synth,5,2,spec-decode,1,3,32.7400048263371,631.7599909380078,700.94,35.08,635.79,700.48,0.0
synth,5,3,spec-decode,1,3,31.4299832098186,619.1599532030523,686.76,33.64,623.55,686.67,0.0
synth,5,4,spec-decode,1,3,30.690047424286604,615.8800097182393,681.47,32.88,619.76,681.62,0.0
synth,5,5,spec-decode,1,3,30.629977118223906,653.3200503326952,720.23,32.84,649.31,711.94,0.0
synth,5,6,spec-decode,2,2051,178.30001888796687,747.1700082533062,975.36,180.96,752.0,973.16,0.0
synth,5,7,spec-decode,2,6,41.99001705273986,635.4600191116333,716.49,44.19,639.64,716.36,0.0
synth,5,8,spec-decode,3,2054,188.7899707071483,800.959998741746,1041.91,192.15,794.16,1028.07,0.0
synth,5,9,spec-decode,4,1161,196.19998056441545,715.2300095185637,961.71,199.22,719.82,959.53,0.0
synth,5,10,spec-decode,4,12,56.00997246801853,637.8399557434022,732.52,58.32,641.82,732.51,0.0
synth,5,11,spec-decode,4,12,53.87997953221202,623.4299507923424,713.6,56.17,627.4,713.59,0.0
synth,5,12,spec-decode,5,1164,197.07996398210526,709.1599982231855,955.01,200.05,713.46,953.17,0.0
synth,5,13,spec-decode,5,15,62.470033299177885,632.9399766400456,733.44,64.75,636.72,733.24,0.0
synth,5,14,spec-decode,6,1167,201.51003263890743,706.6100370138884,957.2,204.61,711.19,955.5,0.0
synth,5,15,spec-decode,6,18,67.13997572660446,690.3000175952911,796.23,69.51,682.73,784.48,0.0
synth,5,16,spec-decode,6,18,67.83002754673362,635.5399964377284,740.0,69.99,639.35,739.85,0.0
synth,5,17,spec-decode,6,18,65.9200013615191,628.9699813351035,730.89,68.27,632.94,730.92,0.0
synth,5,18,spec-decode,6,18,66.47000554949045,633.6300284601748,739.27,68.92,637.35,739.2,0.0
synth,5,19,spec-decode,6,18,65.79997716471553,627.9000081121922,730.05,68.22,631.64,730.07,0.0
synth,5,20,spec-decode,7,2066,214.40000273287296,749.5899917557836,1014.28,217.22,753.98,1018.37,0.0
synth,5,21,spec-decode,7,21,75.38998033851385,640.7600012607872,755.91,77.81,644.73,755.77,0.0
synth,5,22,spec-decode,8,2069,217.87005243822932,741.3499988615513,1009.16,220.99,746.17,1007.31,0.0
synth,5,23,spec-decode,8,24,80.34997154027224,666.1100196652114,785.36,82.7,662.23,776.85,0.0
synth,5,24,spec-decode,9,1176,221.38998610898852,709.0599974617362,980.63,224.59,713.79,978.43,0.0
synth,5,25,spec-decode,9,27,87.71999273449183,646.2099845521152,772.43,89.99,650.25,772.26,0.0
synth,5,26,spec-decode,9,27,85.92999074608088,638.3800064213574,761.97,88.25,642.3,761.8,0.0
synth,5,27,spec-decode,9,27,89.78997357189655,650.9500090032816,779.06,92.16,655.01,778.95,0.0
synth,5,28,spec-decode,10,1179,233.37005404755473,724.0599952638149,1011.37,236.35,728.97,1008.29,0.0
synth,5,29,spec-decode,10,30,95.53000563755631,648.0099982582033,781.32,97.91,652.02,781.15,0.0
synth,5,30,spec-decode,10,30,93.59000250697136,692.4699991941452,824.08,95.88,689.53,816.79,0.0
synth,5,31,spec-decode,10,30,91.61996422335505,637.379998806864,766.38,94.02,641.21,766.3,0.0
synth,5,32,spec-decode,10,30,91.87002433463931,627.889996394515,757.58,94.22,631.68,757.56,0.0
synth,5,33,spec-decode,10,30,91.90000128000975,627.370027359575,756.12,94.25,631.26,756.04,0.0
synth,5,34,spec-decode,10,30,91.85995440930128,627.0899903029203,756.17,94.16,630.92,756.06,0.0
synth,5,35,spec-decode,10,30,90.31995432451367,684.2600414529443,811.75,92.5,679.08,805.22,0.0
synth,5,36,spec-decode,10,30,92.68999565392733,628.5400013439357,757.43,95.04,632.17,757.31,0.0
synth,5,37,spec-decode,11,2078,241.87000235542655,750.5299872718751,1041.76,244.72,754.78,1040.3,0.0
synth,5,38,spec-decode,11,33,102.51003550365567,655.9899775311351,808.46,104.88,659.65,802.44,0.0
synth,5,39,spec-decode,11,33,104.74998271092772,658.5199735127389,803.78,107.34,662.26,811.43,0.0
synth,5,40,spec-decode,12,1185,248.5599834471941,730.0000288523734,1030.15,251.6,734.43,1028.53,0.0
synth,5,41,spec-decode,13,2084,249.42995514720678,792.2499789856374,1097.08,252.26,786.14,1084.04,0.0
synth,5,42,spec-decode,13,39,114.56001084297895,651.9000162370503,805.56,117.04,655.51,805.43,0.0
synth,5,43,spec-decode,13,39,111.85003677383065,644.2000158131123,793.32,114.37,647.92,793.18,0.0
synth,5,44,spec-decode,13,39,109.41002983599901,636.7699825204909,783.8,111.73,640.47,783.64,0.0
synth,5,45,spec-decode,13,39,109.57999620586634,641.7800323106349,788.04,111.89,645.61,787.9,0.0
synth,5,46,spec-decode,13,39,143.13001884147525,682.5500167906284,870.08,140.18,687.52,863.68,0.0
synth,5,47,spec-decode,14,1191,265.25004068389535,754.780019633472,1075.08,268.28,759.76,1073.32,0.0
synth,5,48,spec-decode,14,42,125.14000991359353,708.2599913701415,878.24,127.58,712.52,877.86,0.0
synth,5,49,spec-decode,14,42,122.68999125808477,735.3000110015273,901.14,125.25,730.07,891.16,0.0
synth,5,50,spec-decode,14,42,124.1600257344544,704.2100187391043,869.39,126.85,708.21,869.26,0.0
synth,5,51,spec-decode,14,1191,300.32999347895384,802.1100074984133,1161.91,303.03,806.59,1159.99,0.0
synth,5,52,spec-decode,15,2090,303.6000416614115,840.9500005654991,1204.2,296.15,846.35,1191.57,0.0
synth,5,53,spec-decode,15,45,135.59998478740454,740.6299700960517,923.29,137.9,744.91,923.48,0.0
synth,5,54,spec-decode,15,45,135.61995001509786,732.3000463657081,912.09,138.37,736.48,912.22,0.0
synth,5,55,spec-decode,15,45,130.4600154981017,784.6300140954554,961.65,133.21,778.53,950.98,0.0
synth,5,56,spec-decode,15,45,133.41003796085715,737.7800066024065,918.0,136.39,742.2,924.26,0.0
synth,5,57,spec-decode,15,45,136.1500471830368,736.7299986071885,916.66,138.41,741.06,916.51,0.0
synth,5,58,spec-decode,13,39,227.77001140639186,724.7100002132356,996.97,230.27,729.07,996.83,0.0
synth,5,59,spec-decode,12,36,182.10004782304168,783.6800068616867,1008.95,184.42,775.68,995.87,0.0
synth,5,60,spec-decode,12,36,111.58001143485308,702.92002055794,856.27,114.16,706.84,856.33,0.0
synth,5,61,spec-decode,12,36,110.41999096050858,720.4199791885912,873.81,112.95,724.73,873.66,0.0
synth,5,62,spec-decode,11,33,181.88002286478877,711.7799832485616,937.91,184.26,716.5,937.75,0.0
synth,5,63,spec-decode,11,33,103.56999700888991,744.5699884556234,891.73,106.12,739.67,882.32,0.0
synth,5,64,spec-decode,11,33,106.43998393788934,712.2899987734854,862.27,109.16,716.13,862.34,0.0
synth,5,65,spec-decode,10,30,174.76000357419252,710.4100077413023,927.56,177.07,714.43,927.37,0.0
synth,5,66,spec-decode,10,30,97.94998914003372,707.3800079524517,847.35,100.82,711.37,847.37,0.0
synth,5,67,spec-decode,10,30,97.58002124726772,732.5800252147019,873.26,99.99,730.44,866.45,0.0
synth,5,68,spec-decode,10,30,96.97995847091079,705.4799934849143,843.99,99.35,709.72,843.88,0.0
synth,5,69,spec-decode,10,30,95.90998524799943,707.8100461512804,844.8,98.55,711.65,844.93,0.0
synth,5,70,spec-decode,9,27,168.85000513866544,705.610029399395,917.91,171.35,709.61,917.69,0.0
synth,5,71,spec-decode,9,27,89.53001815825701,736.4299963228405,867.84,91.9,734.23,861.4,0.0
synth,5,72,spec-decode,8,24,146.27003110945225,695.5399876460433,884.48,148.54,699.82,884.51,0.0
synth,5,73,spec-decode,8,24,87.9900180734694,704.779988154769,834.73,90.55,709.27,834.8,0.0
synth,5,74,spec-decode,8,24,85.05000732839108,693.280017003417,819.32,87.38,697.48,819.31,0.0
synth,5,75,spec-decode,7,21,140.62999980524182,750.1200307160616,933.89,142.89,744.46,923.43,0.0
synth,5,76,spec-decode,7,21,80.5399613454938,695.9899910725653,817.39,82.93,700.0,821.64,0.0
synth,5,77,spec-decode,6,18,127.87000741809607,670.9200097247958,840.44,130.13,674.95,840.38,0.0
synth,5,78,spec-decode,6,18,70.12003334239125,670.5999840050936,780.51,72.58,674.69,780.36,0.0
synth,5,79,spec-decode,6,18,68.74999962747097,709.0300205163658,819.51,71.12,700.74,806.82,0.0
synth,5,80,spec-decode,6,18,71.4799971319735,670.6900312565267,782.52,73.73,674.82,782.61,0.0
synth,5,81,spec-decode,5,15,119.3499774672091,658.1299821846187,817.32,121.44,662.28,817.26,0.0
synth,5,82,spec-decode,5,15,62.67003482207656,659.0900011360645,761.17,65.01,662.87,760.96,0.0
synth,5,83,spec-decode,5,15,62.489998526871204,687.1299701742828,794.33,64.82,684.15,786.48,0.0
synth,5,84,spec-decode,5,15,63.93995136022568,668.9300062134862,772.09,66.47,672.87,771.9,0.0
synth,5,85,spec-decode,5,15,61.9000056758523,657.5799779966474,758.47,64.25,661.31,758.41,0.0
synth,5,86,spec-decode,5,15,61.11001130193472,650.8899969048798,749.2,63.47,654.78,749.17,0.0
synth,5,87,spec-decode,5,15,61.030033975839615,645.3400128521025,745.01,63.42,649.35,745.06,0.0
synth,5,88,spec-decode,4,12,111.48996418341994,693.3399708941579,845.5,113.73,690.3,838.0,0.0
synth,5,89,spec-decode,4,12,54.92998752743006,644.8900094255805,737.65,57.33,648.95,737.61,0.0
synth,5,90,spec-decode,4,12,55.559969041496515,640.6900356523693,734.51,57.88,644.78,734.53,0.0
synth,5,91,spec-decode,3,9,105.22996308282018,633.9200190268457,777.81,107.4,637.77,777.43,0.0
synth,5,92,spec-decode,3,9,48.10001701116562,630.6599825620651,734.98,50.48,640.99,722.0,0.0
synth,5,93,spec-decode,3,9,51.87996430322528,639.0700000338256,729.03,54.32,643.05,728.98,0.0
synth,5,94,spec-decode,3,9,47.959969379007816,625.9700166992843,709.8,50.23,629.77,709.6,0.0
synth,5,95,spec-decode,3,9,46.92998481914401,624.3900279514492,707.33,49.36,628.22,707.36,0.0
synth,5,96,spec-decode,3,9,45.580032747238874,619.889993686229,700.71,47.89,623.61,700.66,0.0
synth,5,97,spec-decode,3,9,45.51000893115997,673.8299853168428,755.72,47.85,665.02,742.81,0.0
synth,5,98,spec-decode,2,6,95.48000525683165,623.9400245249271,757.66,97.81,628.25,757.63,0.0
synth,5,99,spec-decode,2,6,39.910024497658014,622.7399571798742,699.18,42.24,626.69,699.04,0.0
synth,5,100,spec-decode,2,6,39.000005926936865,621.4400054886937,697.22,41.31,625.42,696.67,0.0
synth,5,101,spec-decode,2,6,39.58999877795577,621.3699816726148,697.48,41.84,625.53,697.41,0.0
synth,5,102,spec-decode,2,6,41.000021155923605,657.329976093024,735.19,43.45,654.65,728.18,0.0
synth,5,103,spec-decode,1,3,87.1199881657958,626.6999989748001,751.02,89.26,630.58,750.91,0.0
synth,5,104,spec-decode,1,3,30.95000283792615,618.1800272315741,684.13,33.27,621.7,684.2,0.0
synth,5,105,drain,0,0,74.92,0.0,78.1,74.02,0.0,77.64,0.0
synth,6,0,prefill,1,2048,250.6800228729844,794.0700161270797,1124.55,255.34,799.1,1129.58,0.0
synth,6,1,spec-decode,1,3,39.89000106230378,718.8399904407561,803.01,42.27,722.85,803.17,0.0
synth,6,2,spec-decode,1,3,35.30998947098851,684.979953803122,762.5,37.72,689.31,762.57,0.0
synth,6,3,spec-decode,1,3,35.960052628070116,724.9100017361343,803.3,38.33,723.24,797.09,0.0
synth,6,4,spec-decode,1,3,35.23001214489341,673.5000060871243,750.34,37.58,677.76,750.55,0.0
synth,6,5,spec-decode,1,3,34.509983379393816,663.5700119659305,739.01,36.92,667.87,738.82,0.0
synth,6,6,spec-decode,2,2051,205.16995573416352,796.3499519973993,1060.35,208.33,800.92,1057.93,0.0
synth,6,7,spec-decode,2,6,60.560007113963366,715.3699989430606,824.36,56.01,720.32,816.64,0.0
synth,6,8,spec-decode,3,2054,206.2499988824129,790.3199875727296,1055.23,209.43,795.08,1052.91,0.0
synth,6,9,spec-decode,4,1161,214.84005264937878,785.2200069464743,1064.95,217.91,783.61,1055.22,0.0
synth,6,10,spec-decode,4,12,59.72996586933732,681.8799884058535,784.58,62.31,686.14,784.31,0.0
synth,6,11,spec-decode,4,12,56.95002619177103,663.5199533775449,761.54,59.41,667.62,761.63,0.0
synth,6,12,spec-decode,5,1164,219.49002984911203,757.2900503873825,1033.17,222.44,761.66,1031.13,0.0
synth,6,13,spec-decode,5,15,65.39997411891818,709.8399801179767,818.55,67.91,707.89,812.26,0.0
synth,6,14,spec-decode,6,1167,224.32999685406685,761.799979954958,1043.71,227.26,766.58,1041.31,0.0
synth,6,15,spec-decode,6,18,71.9900126568973,673.0799796059728,787.71,74.49,677.15,787.63,0.0
synth,6,16,spec-decode,6,18,71.10997103154659,662.5899695791304,772.38,73.43,666.8,772.63,0.0
synth,6,17,spec-decode,6,18,74.55999730154872,686.5800241939723,804.02,77.02,690.74,803.82,0.0
synth,6,18,spec-decode,6,18,70.0800446793437,663.2200093008578,772.54,72.5,667.42,778.48,0.0
synth,6,19,spec-decode,6,18,69.88999666646123,660.5900125578046,771.5,72.34,664.73,771.44,0.0
synth,6,20,spec-decode,7,2066,231.80997231975198,825.8599555119872,1113.45,234.71,824.23,1105.2,0.0
synth,6,21,spec-decode,7,21,78.5600277595222,676.990021020174,796.74,80.97,681.12,796.72,0.0
synth,6,22,spec-decode,8,2069,234.47995772585273,782.8199886716902,1072.38,237.63,787.6,1069.74,0.0
synth,6,23,spec-decode,8,24,84.95996007695794,673.7499497830868,799.55,87.33,677.81,799.38,0.0
synth,6,24,spec-decode,9,1176,243.31000167876482,753.5000331699848,1052.81,246.44,758.15,1050.76,0.0
synth,6,25,spec-decode,9,27,90.82001633942127,665.8899947069585,798.36,93.48,669.97,798.58,0.0
synth,6,26,spec-decode,9,27,89.48997128754854,657.2899874299765,786.56,91.94,661.12,786.38,0.0
synth,6,27,spec-decode,9,27,88.1400192156434,699.3000279180706,826.62,90.66,692.75,815.5,0.0
synth,6,28,spec-decode,10,1179,248.46999440342188,762.8299645148218,1065.38,251.44,767.5,1063.04,0.0
synth,6,29,spec-decode,10,30,101.85997234657407,680.6400488130748,824.12,104.43,684.58,824.01,0.0
synth,6,30,spec-decode,10,30,97.07995923236012,665.469968225807,801.63,99.43,669.35,801.44,0.0
synth,6,31,spec-decode,10,30,99.86001532524824,691.2199896760285,833.89,102.67,695.4,833.44,0.0
synth,6,32,spec-decode,10,30,96.45998943597078,667.2900053672493,804.43,98.83,671.67,804.33,0.0
synth,6,33,spec-decode,10,30,99.99005123972893,687.2399826534092,827.28,102.39,691.48,827.33,0.0
synth,6,34,spec-decode,10,30,100.28999531641603,683.5400126874447,825.19,102.72,688.01,825.38,0.0
synth,6,35,spec-decode,10,30,144.54004121944308,708.9099963195622,896.81,136.97,713.11,885.88,0.0
synth,6,36,spec-decode,10,30,102.19000978395343,690.6399503350258,834.5,104.68,694.95,840.73,0.0
synth,6,37,spec-decode,11,2078,277.89996238425374,822.2699980251491,1158.28,281.09,827.07,1219.58,0.0
synth,6,38,spec-decode,11,33,104.42000348120928,778.6999922245741,927.3,106.98,775.73,919.68,0.0
synth,6,39,spec-decode,11,33,107.98999574035406,708.3300151862204,859.71,110.71,712.53,859.48,0.0
synth,6,40,spec-decode,12,1185,257.15003721415997,794.529973063618,1107.68,260.24,798.76,1104.96,0.0
synth,6,41,spec-decode,13,2084,278.60002592206,820.3299948945642,1168.45,282.77,825.04,1156.84,0.0
synth,6,42,spec-decode,13,39,117.41998605430126,718.3199631981552,878.71,120.05,722.51,878.51,0.0
synth,6,43,spec-decode,13,39,115.55000673979521,712.4600233510137,870.64,118.5,716.79,870.59,0.0
synth,6,44,spec-decode,13,39,116.74000415951014,743.269978556782,901.29,119.06,735.68,889.46,0.0
synth,6,45,spec-decode,13,39,116.34000111371279,700.8200045675039,856.56,118.7,704.61,856.44,0.0
synth,6,46,spec-decode,13,39,116.25001206994057,701.130018569529,858.11,118.61,705.56,858.03,0.0
synth,6,47,spec-decode,14,1191,271.9599870033562,789.379992056638,1118.11,275.21,794.03,1116.06,0.0
synth,6,48,spec-decode,14,42,124.72999515011907,694.0200109966099,863.79,127.43,698.47,863.41,0.0
synth,6,49,spec-decode,14,42,123.92003554850817,700.680015143007,865.35,126.39,704.4,865.36,0.0
synth,6,50,spec-decode,14,42,122.83999240025878,691.7699938639998,857.21,125.38,695.64,857.1,0.0
synth,6,51,spec-decode,14,1191,293.8699908554554,847.1200126223266,1195.37,296.89,835.99,1177.1,0.0
synth,6,52,spec-decode,15,2090,272.1599885262549,811.9400008581579,1140.19,275.07,816.54,1137.68,0.0
synth,6,53,spec-decode,15,45,132.55997328087687,709.9099457263947,884.04,135.26,713.8,883.98,0.0
synth,6,54,spec-decode,15,45,128.82001465186477,733.0200169235468,903.13,131.42,729.54,895.05,0.0
synth,6,55,spec-decode,15,45,131.43999967724085,703.9099582470953,879.14,133.97,708.08,879.17,0.0
synth,6,56,spec-decode,15,45,129.729975014925,697.7199809625745,868.91,132.11,702.19,868.83,0.0
synth,6,57,spec-decode,15,45,128.38997645303607,687.9499997012317,856.72,130.82,691.96,856.62,0.0
synth,6,58,spec-decode,13,39,209.41998809576035,737.7699948847294,988.49,211.87,736.26,982.61,0.0
synth,6,59,spec-decode,12,36,177.8000150807202,675.8699892088771,895.22,180.35,679.82,895.07,0.0
synth,6,60,spec-decode,12,36,104.24997890368104,665.6399928033352,808.95,106.89,669.43,808.88,0.0
synth,6,61,spec-decode,12,36,106.06995783746243,668.5000262223184,813.55,108.57,672.2,813.41,0.0
synth,6,62,spec-decode,11,33,167.91000962257385,691.9199950061738,900.64,170.34,689.84,894.31,0.0
synth,6,63,spec-decode,11,33,100.77003389596939,661.6699974983931,802.57,103.29,665.72,802.5,0.0
synth,6,64,spec-decode,11,33,99.33998808264732,653.4099811688066,792.07,101.83,657.33,792.06,0.0
synth,6,65,spec-decode,10,30,160.0499963387847,653.0999671667814,852.71,162.52,657.12,852.64,0.0
synth,6,66,spec-decode,10,30,93.1100221350789,698.880001436919,830.47,95.6,692.67,820.16,0.0
synth,6,67,spec-decode,10,30,92.889997176826,642.9299828596413,774.02,95.39,646.82,773.98,0.0
synth,6,68,spec-decode,10,30,93.02998660132289,634.3100103549659,765.58,95.46,638.43,765.73,0.0
synth,6,69,spec-decode,10,30,91.55995212495327,635.1499469019473,764.54,94.03,639.08,764.44,0.0
synth,6,70,spec-decode,9,27,150.4700048826635,634.9199684336782,824.29,152.95,638.64,824.35,0.0
synth,6,71,spec-decode,9,27,116.13999959081411,648.8899816758931,804.17,106.96,652.99,792.24,0.0
synth,6,72,spec-decode,8,24,133.2999672740698,639.2899667844176,811.95,135.66,643.65,817.74,0.0
synth,6,73,spec-decode,8,24,81.44002640619874,640.2900326065719,758.64,83.88,644.1,758.55,0.0
synth,6,74,spec-decode,8,24,80.26999421417713,637.6700475811958,754.79,82.76,641.67,754.74,0.0
synth,6,75,spec-decode,7,21,125.61999028548598,670.3199469484389,835.51,127.97,667.64,828.39,0.0
synth,6,76,spec-decode,7,21,74.9099999666214,639.7900287993252,751.96,77.45,643.7,751.82,0.0
synth,6,77,spec-decode,6,18,121.6800301335752,636.4599685184658,796.15,124.12,640.41,796.06,0.0
synth,6,78,spec-decode,6,18,66.8700085952878,631.8900268524885,735.03,69.17,635.65,734.96,0.0
synth,6,79,spec-decode,6,18,65.39002060890198,625.7300265133381,728.23,67.76,629.54,728.09,0.0
synth,6,80,spec-decode,6,18,75.56000491604209,637.6999663189054,767.8,78.95,641.56,754.12,0.0
synth,6,81,spec-decode,5,15,111.10998457297683,622.5000252015889,771.47,113.36,626.22,771.35,0.0
synth,6,82,spec-decode,5,15,60.11995719745755,627.3899925872684,723.97,62.34,631.28,723.97,0.0
synth,6,83,spec-decode,5,15,60.43002940714359,624.4899705052376,722.09,62.8,628.44,721.97,0.0
synth,6,84,spec-decode,5,15,59.94999082759023,681.3399959355593,778.53,62.26,674.38,767.5,0.0
synth,6,85,spec-decode,5,15,60.91996328905225,629.2400066740811,727.05,63.29,633.29,726.93,0.0
synth,6,86,spec-decode,5,15,60.49999501556158,632.820010650903,730.74,62.95,636.74,730.65,0.0
synth,6,87,spec-decode,5,15,61.28998938947916,638.7099856510758,736.65,63.7,642.5,736.72,0.0
synth,6,88,spec-decode,4,12,104.09002425149083,629.2400066740811,771.38,106.36,633.32,771.48,0.0
synth,6,89,spec-decode,4,12,53.7899904884398,694.7399815544486,785.87,56.15,683.61,770.56,0.0
synth,6,90,spec-decode,4,12,54.769974667578936,628.4900009632111,720.12,57.15,632.38,719.93,0.0
synth,6,91,spec-decode,3,9,98.19999104365706,621.4199820533395,757.46,100.52,625.42,757.4,0.0
synth,6,92,spec-decode,3,9,46.45000444725156,620.9200364537537,704.79,48.93,625.19,704.67,0.0
synth,6,93,spec-decode,3,9,47.039997298270464,618.8600091263652,701.76,49.52,622.72,703.45,0.0
synth,6,94,spec-decode,3,9,63.95002128556371,639.8900295607746,747.46,67.43,644.22,747.08,0.0
synth,6,95,spec-decode,3,9,47.16997500509024,624.1900264285505,707.65,49.48,628.27,712.15,0.0
synth,6,96,spec-decode,3,9,46.26001464203,625.0399746932089,707.46,48.74,628.89,707.34,0.0
synth,6,97,spec-decode,3,9,46.88999615609646,629.2400066740811,712.5,49.29,633.2,712.36,0.0
synth,6,98,spec-decode,2,6,92.38999336957932,671.7600044794381,801.64,94.63,665.73,791.55,0.0
synth,6,99,spec-decode,2,6,40.82999657839537,632.2399713099003,710.07,43.43,636.03,709.88,0.0
synth,6,100,spec-decode,2,6,39.55001011490822,625.5199550651014,701.27,41.89,629.45,701.19,0.0
synth,6,101,spec-decode,2,6,39.439997635781765,626.239983830601,701.73,41.76,630.08,701.65,0.0
synth,6,102,spec-decode,2,6,39.929989725351334,626.020017080009,702.12,42.34,629.9,701.99,0.0
synth,6,103,spec-decode,1,3,83.72997399419546,666.980049572885,787.65,86.01,663.39,780.09,0.0
synth,6,104,spec-decode,1,3,32.07998815923929,619.2800356075168,688.32,34.32,623.01,688.43,0.0
synth,6,105,drain,0,0,73.66,0.0,76.84,73.01,0.0,76.33,0.0
synth,7,0,prefill,1,2048,261.7000136524439,885.5899795889854,1233.01,266.37,880.35,1217.99,0.0
synth,7,1,spec-decode,1,3,39.33999687433243,744.9699915014207,831.1,41.79,749.38,830.56,0.0
synth,7,2,spec-decode,1,3,33.890013583004475,710.689986590296,785.3,36.47,715.06,785.2,0.0
synth,7,3,spec-decode,1,3,32.979995012283325,690.1299930177629,764.32,35.31,694.6,764.12,0.0
synth,7,4,spec-decode,1,3,32.679992727935314,722.7499736472964,795.84,35.02,715.8,784.03,0.0
synth,7,5,spec-decode,1,3,34.75998528301716,670.3500403091311,744.27,37.04,674.49,744.15,0.0
synth,7,6,spec-decode,2,2051,186.079996638,773.3500096946955,1014.4,189.03,778.01,1012.16,0.0
synth,7,7,spec-decode,2,6,43.050036765635014,645.6999690271914,728.07,45.46,649.56,727.98,0.0
synth,7,8,spec-decode,3,2054,186.89001444727182,770.8099437877536,1009.06,190.23,775.45,1007.46,0.0
synth,7,9,spec-decode,4,1161,195.8599896170199,737.3099797405303,985.71,198.79,741.92,990.07,0.0
synth,7,10,spec-decode,4,12,57.30998236685991,661.1099815927446,759.57,59.7,665.2,759.39,0.0
synth,7,11,spec-decode,4,12,54.999953135848045,700.0799523666501,794.5,57.54,696.85,786.81,0.0
synth,7,12,spec-decode,5,1164,204.58002109080553,728.0199788510799,987.39,207.69,732.55,985.6,0.0
synth,7,13,spec-decode,5,15,62.30996223166585,654.1099864989519,756.28,64.83,658.34,756.33,0.0
synth,7,14,spec-decode,6,1167,210.7099862769246,776.7799543216825,1041.99,213.81,774.7,1032.96,0.0
synth,7,15,spec-decode,6,18,67.72996857762337,648.2199532911181,754.77,70.43,652.31,754.71,0.0
synth,7,16,spec-decode,6,18,65.9999786876142,633.1299664452672,736.13,68.36,636.82,736.1,0.0
synth,7,17,spec-decode,6,18,65.68001117557287,624.7099954634905,727.2,68.11,628.84,727.18,0.0
synth,7,18,spec-decode,6,18,65.23000774905086,622.649968136102,723.75,67.59,626.41,723.6,0.0
synth,7,19,spec-decode,6,18,65.74997678399086,657.260010484606,760.73,68.23,649.93,749.15,0.0
synth,7,20,spec-decode,7,2066,212.72996673360467,743.4500148519874,1006.56,215.51,748.06,1005.02,0.0
synth,7,21,spec-decode,7,21,75.92001929879189,641.4600065909326,756.79,78.45,645.62,756.76,0.0
synth,7,22,spec-decode,8,2069,220.75994638726115,779.7900470905006,1052.52,223.66,775.72,1041.19,0.0
synth,7,23,spec-decode,8,24,83.28002877533436,651.1100218631327,774.59,85.8,655.22,774.71,0.0
synth,7,24,spec-decode,9,1176,229.4799778610468,723.9599945023656,1006.43,232.38,728.41,1004.23,0.0
synth,7,25,spec-decode,9,27,88.23000825941563,643.2000081986189,770.16,90.86,647.13,770.13,0.0
synth,7,26,spec-decode,9,27,90.46995546668768,642.6399922929704,773.57,93.27,646.52,773.46,0.0
synth,7,27,spec-decode,9,27,85.87003685534,627.6399944908917,750.61,88.6,631.73,750.64,0.0
synth,7,28,spec-decode,10,1179,229.22002244740725,711.9299843907356,992.29,232.2,716.5,996.68,0.0
synth,7,29,spec-decode,10,30,93.43004785478115,677.809992339462,814.85,96.04,674.88,807.22,0.0
synth,7,30,spec-decode,10,30,92.739996034652,648.3200122602284,779.8,95.3,652.47,779.61,0.0
synth,7,31,spec-decode,10,30,92.27002738043666,641.0200148820877,770.78,94.71,645.03,770.82,0.0
synth,7,32,spec-decode,10,30,92.10995631292462,640.4699524864554,769.47,94.57,644.64,769.5,0.0
synth,7,33,spec-decode,10,30,92.80000813305378,640.820013359189,771.4,95.24,644.83,771.42,0.0
synth,7,34,spec-decode,10,30,91.36996231973171,664.7799746133387,794.11,93.84,660.18,785.19,0.0
synth,7,35,spec-decode,10,30,92.83999679610133,636.6699817590415,768.29,95.31,640.9,768.26,0.0
synth,7,36,spec-decode,10,30,91.69999975711107,629.6499632298946,758.27,94.05,633.62,758.24,0.0
synth,7,37,spec-decode,11,2078,234.5300163142383,744.1299967467785,1029.31,237.58,748.73,1027.51,0.0
synth,7,38,spec-decode,11,33,102.63000149279833,656.3100032508373,799.76,105.29,660.45,799.79,0.0
synth,7,39,spec-decode,11,33,98.26000314205885,634.9300383590162,770.38,100.64,638.98,770.29,0.0
synth,7,40,spec-decode,12,1185,243.3600020594895,723.019998986274,1017.92,246.29,727.23,1015.73,0.0
synth,7,41,spec-decode,13,2084,291.9700345955789,769.2700019106269,1117.92,281.91,774.58,1102.27,0.0
synth,7,42,spec-decode,13,39,115.0300377048552,655.6500447914004,809.58,117.48,659.64,809.52,0.0
synth,7,43,spec-decode,13,39,111.5900231525302,644.9900101870298,794.08,114.02,649.08,794.01,0.0
synth,7,44,spec-decode,13,39,111.04001896455884,645.3800015151501,794.02,113.45,649.3,793.87,0.0
synth,7,45,spec-decode,13,39,111.1500314436853,694.9499947950244,844.55,113.43,688.99,834.38,0.0
synth,7,46,spec-decode,13,39,111.77000124007463,638.500030618161,788.12,114.12,642.32,788.09,0.0
synth,7,47,spec-decode,14,1191,252.56001390516758,716.5499846450984,1018.05,255.37,721.12,1023.18,0.0
synth,7,48,spec-decode,14,42,118.28000424429774,664.1100044362247,823.75,120.76,658.71,813.84,0.0
synth,7,49,spec-decode,14,42,117.76003520935774,653.3799460157752,809.35,120.19,657.18,809.4,0.0
synth,7,50,spec-decode,14,42,116.07003398239613,643.7199772335589,798.09,118.49,647.75,797.9,0.0
synth,7,51,spec-decode,14,1191,277.7299960143864,727.6500109583139,1056.47,280.76,731.98,1054.46,0.0
synth,7,52,spec-decode,15,2090,277.0500141195953,761.8200033903122,1103.83,281.34,766.6,1093.85,0.0
synth,7,53,spec-decode,15,45,124.76003030315042,660.6800016015768,826.91,127.28,664.64,826.76,0.0
synth,7,54,spec-decode,15,45,124.17999096214771,646.5800106525421,809.86,126.68,650.65,809.6,0.0
synth,7,55,spec-decode,15,45,123.71002230793238,641.3300288841128,803.06,126.13,645.1,802.98,0.0
synth,7,56,spec-decode,15,45,126.16999447345734,655.1400292664766,821.17,128.57,659.29,822.96,0.0
synth,7,57,spec-decode,15,45,123.42003174126148,642.6699692383409,803.85,125.84,646.48,803.85,0.0
synth,7,58,spec-decode,13,39,197.6100029423833,636.2400017678738,873.11,200.12,640.12,873.0,0.0
synth,7,59,spec-decode,12,36,166.02000687271357,642.0899881049991,846.37,168.36,646.03,846.22,0.0
synth,7,60,spec-decode,12,36,125.71003753691912,672.499998472631,841.78,121.95,677.55,834.7,0.0
synth,7,61,spec-decode,12,36,105.03997327759862,641.789985820651,785.2,107.45,645.52,785.19,0.0
synth,7,62,spec-decode,11,33,161.63999680429697,633.039977401495,832.83,163.92,637.07,832.73,0.0
synth,7,63,spec-decode,11,33,97.88002353161573,637.9699916578829,774.87,100.32,641.94,774.7,0.0
synth,7,64,spec-decode,11,33,100.10000551119447,694.6499925106764,833.35,102.65,688.14,822.51,0.0
synth,7,65,spec-decode,10,30,158.01005065441132,640.3099978342652,837.43,160.4,644.24,837.41,0.0
synth,7,66,spec-decode,10,30,92.77998469769955,631.2099867500365,761.25,95.25,635.25,761.22,0.0
synth,7,67,spec-decode,10,30,91.48003300651908,627.4300394579768,755.41,93.89,631.29,761.76,0.0
synth,7,68,spec-decode,10,30,91.37002052739263,657.8200263902545,791.01,93.9,652.95,781.54,0.0
synth,7,69,spec-decode,10,30,92.16996841132641,637.8899561241269,768.08,94.68,641.75,767.81,0.0
synth,7,70,spec-decode,9,27,150.27000335976481,630.3800037130713,818.51,152.75,634.39,818.5,0.0
synth,7,71,spec-decode,9,27,87.43000216782093,635.8399987220764,760.91,90.03,639.73,760.83,0.0
synth,7,72,spec-decode,8,24,129.68998635187745,640.3699517250061,809.78,132.15,644.7,809.68,0.0
synth,7,73,spec-decode,8,24,81.75999391824007,700.010044965893,821.2,84.19,695.23,812.25,0.0
synth,7,74,spec-decode,8,24,81.68001659214497,661.5099846385419,782.96,84.2,665.71,782.75,0.0
synth,7,75,spec-decode,7,21,130.28999092057347,655.9400353580713,826.62,132.64,659.94,826.57,0.0
synth,7,76,spec-decode,7,21,75.56000491604209,650.2699689008296,765.12,78.06,654.13,765.0,0.0
synth,7,77,spec-decode,6,18,121.42001651227474,699.1699920035899,859.86,123.77,695.45,851.6,0.0
synth,7,78,spec-decode,6,18,69.67002991586924,648.9299703389406,756.97,72.29,653.05,757.01,0.0
synth,7,79,spec-decode,6,18,67.27996515110135,656.2399794347584,761.98,69.71,660.28,761.92,0.0
synth,7,80,spec-decode,6,18,69.25000343471766,652.6100332848728,760.33,71.68,656.74,760.4,0.0
synth,7,81,spec-decode,5,15,121.0299669764936,652.3000192828476,812.62,123.41,656.46,812.64,0.0
synth,7,82,spec-decode,5,15,67.17996438965201,670.1200036332011,777.65,69.64,674.02,777.46,0.0
synth,7,83,spec-decode,5,15,61.8299818597734,654.3199997395277,755.02,64.25,658.44,755.0,0.0
synth,7,84,spec-decode,5,15,61.51996785774827,652.1999603137374,752.29,63.92,656.42,752.18,0.0
synth,7,85,spec-decode,5,15,61.72998109832406,651.8400041386485,751.54,63.96,655.86,751.37,0.0
synth,7,86,spec-decode,5,15,62.55001062527299,694.1900355741382,796.28,64.92,689.78,787.27,0.0
synth,7,87,spec-decode,5,15,63.949963077902794,651.9599701277912,756.01,66.3,656.05,755.98,0.0
synth,7,88,spec-decode,4,12,113.84999379515648,655.6800217367709,809.65,116.25,659.85,809.66,0.0
synth,7,89,spec-decode,4,12,55.07998866960406,648.51000206545,743.25,57.62,652.65,748.98,0.0
synth,7,90,spec-decode,4,12,55.379990953952074,647.239969111979,742.09,57.91,651.23,741.89,0.0
synth,7,91,spec-decode,3,9,112.95999865978956,663.2099975831807,817.99,115.38,667.51,817.91,0.0
synth,7,92,spec-decode,3,9,47.760026063770056,654.1699985973537,741.0,50.19,658.19,740.81,0.0
synth,7,93,spec-decode,3,9,49.19001366943121,648.7999926321208,736.77,51.64,652.82,736.77,0.0
synth,7,94,spec-decode,3,9,48.4599731862545,647.4499823525548,735.84,50.8,651.91,735.76,0.0
synth,7,95,spec-decode,3,9,48.11998223885894,699.3199931457639,786.47,50.44,693.58,776.2,0.0
synth,7,96,spec-decode,3,9,49.099966417998075,652.0100287161767,740.58,51.52,656.09,740.48,0.0
synth,7,97,spec-decode,3,9,48.810034058988094,651.4699780382216,739.37,51.13,655.64,739.16,0.0
synth,7,98,spec-decode,2,6,99.75000284612179,642.37997867167,781.17,102.18,646.47,781.11,0.0
synth,7,99,spec-decode,2,6,40.260027162730694,639.6499811671674,717.43,42.7,643.73,717.46,0.0
synth,7,100,spec-decode,2,6,63.95997479557991,652.1400064229965,755.68,55.46,656.34,744.74,0.0
synth,7,101,spec-decode,2,6,42.530009523034096,654.6899676322937,736.87,44.83,658.81,737.03,0.0
synth,7,102,spec-decode,2,6,41.059975046664476,643.1599613279104,722.9,43.49,647.13,722.95,0.0
synth,7,103,spec-decode,1,3,94.07999459654093,636.0900006256998,768.02,96.38,640.3,768.01,0.0
synth,7,104,spec-decode,1,3,33.11003092676401,683.2799990661442,753.63,35.48,671.87,738.06,0.0
synth,7,105,drain,0,0,84.94,0.0,88.31,84.15,0.0,87.7,0.0
