preset,dim,value,repeat,step,phase,num_reqs,total_scheduled_tokens,n_prefill,n_decode,logits_indices_len,has_spec_decode,update_states_us,prepare_inputs_us,triton_cpu_us,triton_launches,pi_net_us,scope_total_us,block_size,max_model_len,max_num_reqs,max_num_batched_tokens,slot_mapping_mode,use_async,chunk_size
realmachine,batch,1,0,0,decode,1,1,0,1,1,0,19.870,379.970,0.570,1,379.400,399.950,128,2048,8,2048,noop,1,2048
realmachine,batch,1,0,1,decode,1,1,0,1,1,0,19.940,379.930,0.450,1,379.480,400.020,128,2048,8,2048,noop,1,2048
realmachine,batch,1,0,2,decode,1,1,0,1,1,0,18.650,371.400,0.550,1,370.850,390.160,128,2048,8,2048,noop,1,2048
realmachine,batch,1,0,3,decode,1,1,0,1,1,0,17.850,370.830,0.510,1,370.320,388.780,128,2048,8,2048,noop,1,2048
realmachine,batch,1,0,4,decode,1,1,0,1,1,0,17.630,369.860,0.520,1,369.340,387.600,128,2048,8,2048,noop,1,2048
realmachine,batch,1,0,5,decode,1,1,0,1,1,0,17.370,367.340,0.500,1,366.840,384.820,128,2048,8,2048,noop,1,2048
realmachine,batch,1,0,6,decode,1,1,0,1,1,0,17.490,369.060,0.540,1,368.520,386.660,128,2048,8,2048,noop,1,2048
realmachine,batch,1,0,7,decode,1,1,0,1,1,0,16.480,366.440,0.480,1,365.960,383.020,128,2048,8,2048,noop,1,2048
realmachine,batch,1,0,8,decode,1,1,0,1,1,0,18.210,386.410,0.490,1,385.920,404.730,128,2048,8,2048,noop,1,2048
realmachine,batch,1,0,9,decode,1,1,0,1,1,0,17.670,370.520,0.460,1,370.060,388.290,128,2048,8,2048,noop,1,2048
realmachine,batch,1,0,10,decode,1,1,0,1,1,0,17.150,366.910,0.450,1,366.460,384.140,128,2048,8,2048,noop,1,2048
realmachine,batch,1,0,11,decode,1,1,0,1,1,0,16.690,363.310,0.470,1,362.840,380.110,128,2048,8,2048,noop,1,2048
realmachine,batch,1,0,12,decode,1,1,0,1,1,0,16.690,366.440,0.510,1,365.930,383.240,128,2048,8,2048,noop,1,2048
realmachine,batch,1,0,13,decode,1,1,0,1,1,0,17.090,364.910,0.550,1,364.360,382.120,128,2048,8,2048,noop,1,2048
realmachine,batch,1,0,14,decode,1,1,0,1,1,0,16.980,366.220,0.490,1,365.730,383.340,128,2048,8,2048,noop,1,2048
realmachine,batch,1,0,15,decode,1,1,0,1,1,0,16.870,363.000,0.520,1,362.480,379.990,128,2048,8,2048,noop,1,2048
realmachine,batch,1,0,16,decode,1,1,0,1,1,0,16.490,363.450,0.490,1,362.960,380.050,128,2048,8,2048,noop,1,2048
realmachine,batch,1,0,17,decode,1,1,0,1,1,0,16.410,360.630,0.520,1,360.110,377.160,128,2048,8,2048,noop,1,2048
realmachine,batch,1,0,18,decode,1,1,0,1,1,0,16.640,382.360,0.520,1,381.840,399.120,128,2048,8,2048,noop,1,2048
realmachine,batch,1,0,19,decode,1,1,0,1,1,0,17.430,363.360,0.490,1,362.870,380.900,128,2048,8,2048,noop,1,2048
realmachine,batch,1,0,20,decode,1,1,0,1,1,0,16.840,359.920,0.520,1,359.400,376.840,128,2048,8,2048,noop,1,2048
realmachine,batch,1,0,21,decode,1,1,0,1,1,0,16.550,363.620,0.470,1,363.150,380.260,128,2048,8,2048,noop,1,2048
realmachine,batch,1,0,22,decode,1,1,0,1,1,0,16.600,360.260,0.490,1,359.770,376.970,128,2048,8,2048,noop,1,2048
realmachine,batch,1,0,23,decode,1,1,0,1,1,0,17.580,370.010,0.520,1,369.490,387.730,128,2048,8,2048,noop,1,2048
realmachine,batch,1,0,24,decode,1,1,0,1,1,0,16.910,364.660,0.520,1,364.140,381.680,128,2048,8,2048,noop,1,2048
realmachine,batch,1,0,25,decode,1,1,0,1,1,0,17.100,366.410,0.500,1,365.910,383.610,128,2048,8,2048,noop,1,2048
realmachine,batch,1,0,26,decode,1,1,0,1,1,0,17.090,363.570,0.460,1,363.110,380.770,128,2048,8,2048,noop,1,2048
realmachine,batch,1,0,27,decode,1,1,0,1,1,0,16.700,581.280,0.520,1,580.760,598.060,128,2048,8,2048,noop,1,2048
realmachine,batch,1,0,28,decode,1,1,0,1,1,0,20.190,384.800,0.480,1,384.320,405.090,128,2048,8,2048,noop,1,2048
realmachine,batch,1,0,29,decode,1,1,0,1,1,0,17.620,365.220,0.440,1,364.780,382.950,128,2048,8,2048,noop,1,2048
realmachine,batch,1,0,30,decode,1,1,0,1,1,0,17.190,364.070,0.500,1,363.570,381.350,128,2048,8,2048,noop,1,2048
realmachine,batch,1,0,31,decode,1,1,0,1,1,0,16.930,364.580,0.470,1,364.110,381.610,128,2048,8,2048,noop,1,2048
realmachine,batch,1,0,32,decode,1,1,0,1,1,0,17.280,363.030,0.470,1,362.560,380.400,128,2048,8,2048,noop,1,2048
realmachine,batch,1,0,33,decode,1,1,0,1,1,0,16.820,359.810,0.420,1,359.390,376.750,128,2048,8,2048,noop,1,2048
realmachine,batch,1,0,34,decode,1,1,0,1,1,0,17.500,363.110,0.570,1,362.540,380.730,128,2048,8,2048,noop,1,2048
realmachine,batch,1,0,35,decode,1,1,0,1,1,0,16.630,363.320,0.470,1,362.850,380.070,128,2048,8,2048,noop,1,2048
realmachine,batch,1,0,36,decode,1,1,0,1,1,0,17.000,375.180,0.510,1,374.670,392.270,128,2048,8,2048,noop,1,2048
realmachine,batch,1,0,37,decode,1,1,0,1,1,0,17.470,367.030,0.470,1,366.560,384.620,128,2048,8,2048,noop,1,2048
realmachine,batch,1,0,38,decode,1,1,0,1,1,0,17.340,362.900,0.530,1,362.370,380.320,128,2048,8,2048,noop,1,2048
realmachine,batch,1,0,39,decode,1,1,0,1,1,0,17.190,362.620,0.510,1,362.110,379.920,128,2048,8,2048,noop,1,2048
realmachine,batch,1,0,40,decode,1,1,0,1,1,0,16.430,362.700,0.530,1,362.170,379.250,128,2048,8,2048,noop,1,2048
realmachine,batch,1,0,41,decode,1,1,0,1,1,0,16.790,361.510,0.560,1,360.950,378.420,128,2048,8,2048,noop,1,2048
realmachine,batch,1,0,42,decode,1,1,0,1,1,0,16.680,360.810,0.480,1,360.330,377.600,128,2048,8,2048,noop,1,2048
realmachine,batch,1,0,43,decode,1,1,0,1,1,0,16.610,363.130,0.420,1,362.710,379.850,128,2048,8,2048,noop,1,2048
realmachine,batch,1,0,44,decode,1,1,0,1,1,0,16.660,361.790,0.450,1,361.340,378.560,128,2048,8,2048,noop,1,2048
realmachine,batch,1,0,45,decode,1,1,0,1,1,0,16.390,365.030,0.410,1,364.620,381.540,128,2048,8,2048,noop,1,2048
realmachine,batch,1,0,46,decode,1,1,0,1,1,0,16.570,376.420,0.460,1,375.960,393.100,128,2048,8,2048,noop,1,2048
realmachine,batch,1,0,47,decode,1,1,0,1,1,0,17.020,366.910,0.420,1,366.490,384.070,128,2048,8,2048,noop,1,2048
realmachine,batch,1,0,48,decode,1,1,0,1,1,0,16.800,363.940,0.460,1,363.480,380.840,128,2048,8,2048,noop,1,2048
realmachine,batch,1,0,49,decode,1,1,0,1,1,0,16.510,362.310,0.420,1,361.890,378.920,128,2048,8,2048,noop,1,2048
realmachine,batch,1,0,50,decode,1,1,0,1,1,0,16.720,361.760,0.520,1,361.240,378.620,128,2048,8,2048,noop,1,2048
realmachine,batch,1,0,51,decode,1,1,0,1,1,0,16.910,363.410,0.490,1,362.920,380.430,128,2048,8,2048,noop,1,2048
realmachine,batch,1,0,52,decode,1,1,0,1,1,0,16.920,365.270,0.450,1,364.820,382.290,128,2048,8,2048,noop,1,2048
realmachine,batch,1,0,53,decode,1,1,0,1,1,0,16.650,364.360,0.490,1,363.870,381.120,128,2048,8,2048,noop,1,2048
realmachine,batch,1,0,54,decode,1,1,0,1,1,0,17.630,370.340,0.500,1,369.840,388.100,128,2048,8,2048,noop,1,2048
realmachine,batch,1,0,55,decode,1,1,0,1,1,0,16.780,367.740,0.500,1,367.240,384.630,128,2048,8,2048,noop,1,2048
realmachine,batch,1,0,56,decode,1,1,0,1,1,0,17.750,375.540,0.420,1,375.120,393.430,128,2048,8,2048,noop,1,2048
realmachine,batch,1,0,57,decode,1,1,0,1,1,0,17.060,363.770,0.510,1,363.260,380.940,128,2048,8,2048,noop,1,2048
realmachine,batch,1,0,58,decode,1,1,0,1,1,0,16.940,361.250,0.530,1,360.720,378.300,128,2048,8,2048,noop,1,2048
realmachine,batch,1,0,59,decode,1,1,0,1,1,0,16.530,361.230,0.520,1,360.710,377.860,128,2048,8,2048,noop,1,2048
realmachine,batch,1,0,60,decode,1,1,0,1,1,0,16.990,429.600,0.560,1,429.040,446.710,128,2048,8,2048,noop,1,2048
realmachine,batch,1,0,61,decode,1,1,0,1,1,0,17.910,388.620,0.460,1,388.160,406.660,128,2048,8,2048,noop,1,2048
realmachine,batch,1,1,0,decode,1,1,0,1,1,0,20.240,375.430,0.480,1,374.950,395.760,128,2048,8,2048,noop,1,2048
realmachine,batch,1,1,1,decode,1,1,0,1,1,0,19.690,375.850,0.510,1,375.340,395.640,128,2048,8,2048,noop,1,2048
realmachine,batch,1,1,2,decode,1,1,0,1,1,0,19.260,372.170,0.480,1,371.690,391.550,128,2048,8,2048,noop,1,2048
realmachine,batch,1,1,3,decode,1,1,0,1,1,0,18.980,373.340,0.440,1,372.900,392.430,128,2048,8,2048,noop,1,2048
realmachine,batch,1,1,4,decode,1,1,0,1,1,0,18.230,387.780,0.470,1,387.310,406.150,128,2048,8,2048,noop,1,2048
realmachine,batch,1,1,5,decode,1,1,0,1,1,0,19.150,373.490,0.440,1,373.050,392.760,128,2048,8,2048,noop,1,2048
realmachine,batch,1,1,6,decode,1,1,0,1,1,0,18.620,370.370,0.430,1,369.940,389.100,128,2048,8,2048,noop,1,2048
realmachine,batch,1,1,7,decode,1,1,0,1,1,0,18.260,370.740,0.410,1,370.330,389.080,128,2048,8,2048,noop,1,2048
realmachine,batch,1,1,8,decode,1,1,0,1,1,0,18.220,370.570,0.380,1,370.190,388.920,128,2048,8,2048,noop,1,2048
realmachine,batch,1,1,9,decode,1,1,0,1,1,0,18.090,369.540,0.380,1,369.160,387.770,128,2048,8,2048,noop,1,2048
realmachine,batch,1,1,10,decode,1,1,0,1,1,0,18.140,370.060,0.430,1,369.630,388.310,128,2048,8,2048,noop,1,2048
realmachine,batch,1,1,11,decode,1,1,0,1,1,0,18.230,368.310,0.450,1,367.860,386.650,128,2048,8,2048,noop,1,2048
realmachine,batch,1,1,12,decode,1,1,0,1,1,0,18.420,369.070,0.430,1,368.640,387.590,128,2048,8,2048,noop,1,2048
realmachine,batch,1,1,13,decode,1,1,0,1,1,0,18.370,370.890,0.470,1,370.420,389.370,128,2048,8,2048,noop,1,2048
realmachine,batch,1,1,14,decode,1,1,0,1,1,0,227.420,411.460,0.540,1,410.920,639.000,128,2048,8,2048,noop,1,2048
realmachine,batch,1,1,15,decode,1,1,0,1,1,0,20.270,377.500,0.480,1,377.020,397.910,128,2048,8,2048,noop,1,2048
realmachine,batch,1,1,16,decode,1,1,0,1,1,0,19.140,371.100,0.470,1,370.630,390.370,128,2048,8,2048,noop,1,2048
realmachine,batch,1,1,17,decode,1,1,0,1,1,0,18.750,370.110,0.440,1,369.670,388.990,128,2048,8,2048,noop,1,2048
realmachine,batch,1,1,18,decode,1,1,0,1,1,0,18.680,369.680,0.430,1,369.250,388.480,128,2048,8,2048,noop,1,2048
realmachine,batch,1,1,19,decode,1,1,0,1,1,0,18.960,369.960,0.450,1,369.510,389.050,128,2048,8,2048,noop,1,2048
realmachine,batch,1,1,20,decode,1,1,0,1,1,0,18.660,369.400,0.420,1,368.980,388.180,128,2048,8,2048,noop,1,2048
realmachine,batch,1,1,21,decode,1,1,0,1,1,0,18.550,370.160,0.420,1,369.740,388.820,128,2048,8,2048,noop,1,2048
realmachine,batch,1,1,22,decode,1,1,0,1,1,0,18.330,371.910,0.380,1,371.530,390.340,128,2048,8,2048,noop,1,2048
realmachine,batch,1,1,23,decode,1,1,0,1,1,0,18.820,375.590,0.490,1,375.100,394.510,128,2048,8,2048,noop,1,2048
realmachine,batch,1,1,24,decode,1,1,0,1,1,0,18.660,371.850,0.390,1,371.460,390.630,128,2048,8,2048,noop,1,2048
realmachine,batch,1,1,25,decode,1,1,0,1,1,0,18.750,374.750,0.460,1,374.290,393.630,128,2048,8,2048,noop,1,2048
realmachine,batch,1,1,26,decode,1,1,0,1,1,0,18.520,368.510,0.420,1,368.090,387.130,128,2048,8,2048,noop,1,2048
realmachine,batch,1,1,27,decode,1,1,0,1,1,0,18.180,371.400,0.390,1,371.010,389.690,128,2048,8,2048,noop,1,2048
realmachine,batch,1,1,28,decode,1,1,0,1,1,0,19.260,383.250,0.500,1,382.750,402.610,128,2048,8,2048,noop,1,2048
realmachine,batch,1,1,29,decode,1,1,0,1,1,0,18.820,370.220,0.380,1,369.840,389.170,128,2048,8,2048,noop,1,2048
realmachine,batch,1,1,30,decode,1,1,0,1,1,0,18.260,368.720,0.440,1,368.280,387.110,128,2048,8,2048,noop,1,2048
realmachine,batch,1,1,31,decode,1,1,0,1,1,0,17.780,368.320,0.440,1,367.880,386.200,128,2048,8,2048,noop,1,2048
realmachine,batch,1,1,32,decode,1,1,0,1,1,0,18.440,384.260,0.440,1,383.820,402.820,128,2048,8,2048,noop,1,2048
realmachine,batch,1,1,33,decode,1,1,0,1,1,0,18.800,377.380,0.480,1,376.900,396.290,128,2048,8,2048,noop,1,2048
realmachine,batch,1,1,34,decode,1,1,0,1,1,0,18.720,371.660,0.450,1,371.210,390.500,128,2048,8,2048,noop,1,2048
realmachine,batch,1,1,35,decode,1,1,0,1,1,0,18.770,374.710,0.460,1,374.250,393.580,128,2048,8,2048,noop,1,2048
realmachine,batch,1,1,36,decode,1,1,0,1,1,0,18.710,367.810,0.450,1,367.360,386.620,128,2048,8,2048,noop,1,2048
realmachine,batch,1,1,37,decode,1,1,0,1,1,0,18.540,375.530,0.430,1,375.100,394.160,128,2048,8,2048,noop,1,2048
realmachine,batch,1,1,38,decode,1,1,0,1,1,0,19.170,372.590,0.440,1,372.150,391.870,128,2048,8,2048,noop,1,2048
realmachine,batch,1,1,39,decode,1,1,0,1,1,0,18.970,369.820,0.390,1,369.430,388.900,128,2048,8,2048,noop,1,2048
realmachine,batch,1,1,40,decode,1,1,0,1,1,0,18.690,367.060,0.430,1,366.630,385.870,128,2048,8,2048,noop,1,2048
realmachine,batch,1,1,41,decode,1,1,0,1,1,0,18.670,381.920,0.450,1,381.470,400.720,128,2048,8,2048,noop,1,2048
realmachine,batch,1,1,42,decode,1,1,0,1,1,0,18.520,374.950,0.510,1,374.440,393.560,128,2048,8,2048,noop,1,2048
realmachine,batch,1,1,43,decode,1,1,0,1,1,0,18.070,377.760,0.470,1,377.290,395.960,128,2048,8,2048,noop,1,2048
realmachine,batch,1,1,44,decode,1,1,0,1,1,0,18.770,371.010,0.460,1,370.550,389.870,128,2048,8,2048,noop,1,2048
realmachine,batch,1,1,45,decode,1,1,0,1,1,0,18.800,374.120,0.480,1,373.640,393.040,128,2048,8,2048,noop,1,2048
realmachine,batch,1,1,46,decode,1,1,0,1,1,0,18.410,369.440,0.370,1,369.070,387.960,128,2048,8,2048,noop,1,2048
realmachine,batch,1,1,47,decode,1,1,0,1,1,0,18.430,370.550,0.390,1,370.160,389.090,128,2048,8,2048,noop,1,2048
realmachine,batch,1,1,48,decode,1,1,0,1,1,0,18.570,369.720,0.480,1,369.240,388.390,128,2048,8,2048,noop,1,2048
realmachine,batch,1,1,49,decode,1,1,0,1,1,0,18.690,369.820,0.460,1,369.360,388.630,128,2048,8,2048,noop,1,2048
realmachine,batch,1,1,50,decode,1,1,0,1,1,0,18.180,362.520,0.490,1,362.030,380.810,128,2048,8,2048,noop,1,2048
realmachine,batch,1,1,51,decode,1,1,0,1,1,0,17.340,386.100,0.470,1,385.630,403.550,128,2048,8,2048,noop,1,2048
realmachine,batch,1,1,52,decode,1,1,0,1,1,0,18.760,375.940,0.440,1,375.500,394.840,128,2048,8,2048,noop,1,2048
realmachine,batch,1,1,53,decode,1,1,0,1,1,0,17.780,363.660,0.440,1,363.220,381.550,128,2048,8,2048,noop,1,2048
realmachine,batch,1,1,54,decode,1,1,0,1,1,0,17.840,361.560,0.440,1,361.120,379.500,128,2048,8,2048,noop,1,2048
realmachine,batch,1,1,55,decode,1,1,0,1,1,0,16.870,360.250,0.400,1,359.850,377.250,128,2048,8,2048,noop,1,2048
realmachine,batch,1,1,56,decode,1,1,0,1,1,0,17.120,360.470,0.450,1,360.020,377.720,128,2048,8,2048,noop,1,2048
realmachine,batch,1,1,57,decode,1,1,0,1,1,0,17.170,363.180,0.390,1,362.790,380.440,128,2048,8,2048,noop,1,2048
realmachine,batch,1,1,58,decode,1,1,0,1,1,0,17.860,361.420,0.420,1,361.000,379.400,128,2048,8,2048,noop,1,2048
realmachine,batch,1,1,59,decode,1,1,0,1,1,0,17.210,370.140,0.410,1,369.730,387.460,128,2048,8,2048,noop,1,2048
realmachine,batch,1,1,60,decode,1,1,0,1,1,0,17.420,372.610,0.450,1,372.160,390.170,128,2048,8,2048,noop,1,2048
realmachine,batch,1,1,61,decode,1,1,0,1,1,0,17.570,369.260,0.400,1,368.860,386.970,128,2048,8,2048,noop,1,2048
realmachine,batch,1,2,0,decode,1,1,0,1,1,0,19.340,379.370,0.480,1,378.890,398.830,128,2048,8,2048,noop,1,2048
realmachine,batch,1,2,1,decode,1,1,0,1,1,0,19.010,375.600,0.540,1,375.060,394.730,128,2048,8,2048,noop,1,2048
realmachine,batch,1,2,2,decode,1,1,0,1,1,0,18.290,373.630,0.460,1,373.170,392.060,128,2048,8,2048,noop,1,2048
realmachine,batch,1,2,3,decode,1,1,0,1,1,0,18.230,404.370,0.550,1,403.820,422.730,128,2048,8,2048,noop,1,2048
realmachine,batch,1,2,4,decode,1,1,0,1,1,0,18.910,375.620,0.440,1,375.180,394.650,128,2048,8,2048,noop,1,2048
realmachine,batch,1,2,5,decode,1,1,0,1,1,0,18.220,373.300,0.510,1,372.790,391.640,128,2048,8,2048,noop,1,2048
realmachine,batch,1,2,6,decode,1,1,0,1,1,0,18.350,373.030,0.450,1,372.580,391.480,128,2048,8,2048,noop,1,2048
realmachine,batch,1,2,7,decode,1,1,0,1,1,0,18.220,371.770,0.480,1,371.290,390.110,128,2048,8,2048,noop,1,2048
realmachine,batch,1,2,8,decode,1,1,0,1,1,0,18.070,373.470,0.440,1,373.030,391.660,128,2048,8,2048,noop,1,2048
realmachine,batch,1,2,9,decode,1,1,0,1,1,0,17.920,370.920,0.490,1,370.430,388.970,128,2048,8,2048,noop,1,2048
realmachine,batch,1,2,10,decode,1,1,0,1,1,0,18.100,373.130,0.450,1,372.680,391.330,128,2048,8,2048,noop,1,2048
realmachine,batch,1,2,11,decode,1,1,0,1,1,0,18.050,370.940,0.420,1,370.520,389.110,128,2048,8,2048,noop,1,2048
realmachine,batch,1,2,12,decode,1,1,0,1,1,0,18.460,389.170,0.530,1,388.640,407.740,128,2048,8,2048,noop,1,2048
realmachine,batch,1,2,13,decode,1,1,0,1,1,0,18.670,377.540,0.420,1,377.120,396.330,128,2048,8,2048,noop,1,2048
realmachine,batch,1,2,14,decode,1,1,0,1,1,0,18.500,371.700,0.480,1,371.220,390.300,128,2048,8,2048,noop,1,2048
realmachine,batch,1,2,15,decode,1,1,0,1,1,0,17.730,371.710,0.420,1,371.290,389.590,128,2048,8,2048,noop,1,2048
realmachine,batch,1,2,16,decode,1,1,0,1,1,0,17.930,371.850,0.480,1,371.370,389.890,128,2048,8,2048,noop,1,2048
realmachine,batch,1,2,17,decode,1,1,0,1,1,0,18.210,374.160,0.580,1,373.580,392.470,128,2048,8,2048,noop,1,2048
realmachine,batch,1,2,18,decode,1,1,0,1,1,0,17.960,369.680,0.460,1,369.220,387.730,128,2048,8,2048,noop,1,2048
realmachine,batch,1,2,19,decode,1,1,0,1,1,0,18.340,369.700,0.430,1,369.270,388.140,128,2048,8,2048,noop,1,2048
realmachine,batch,1,2,20,decode,1,1,0,1,1,0,18.550,370.870,0.450,1,370.420,389.530,128,2048,8,2048,noop,1,2048
realmachine,batch,1,2,21,decode,1,1,0,1,1,0,17.520,370.050,0.440,1,369.610,387.660,128,2048,8,2048,noop,1,2048
realmachine,batch,1,2,22,decode,1,1,0,1,1,0,18.910,382.010,0.460,1,381.550,401.080,128,2048,8,2048,noop,1,2048
realmachine,batch,1,2,23,decode,1,1,0,1,1,0,17.990,370.910,0.510,1,370.400,389.000,128,2048,8,2048,noop,1,2048
realmachine,batch,1,2,24,decode,1,1,0,1,1,0,18.120,370.890,0.450,1,370.440,389.110,128,2048,8,2048,noop,1,2048
realmachine,batch,1,2,25,decode,1,1,0,1,1,0,17.830,370.670,0.380,1,370.290,388.610,128,2048,8,2048,noop,1,2048
realmachine,batch,1,2,26,decode,1,1,0,1,1,0,18.170,372.200,0.430,1,371.770,390.490,128,2048,8,2048,noop,1,2048
realmachine,batch,1,2,27,decode,1,1,0,1,1,0,18.150,370.190,0.450,1,369.740,388.420,128,2048,8,2048,noop,1,2048
realmachine,batch,1,2,28,decode,1,1,0,1,1,0,18.260,372.390,0.460,1,371.930,390.740,128,2048,8,2048,noop,1,2048
realmachine,batch,1,2,29,decode,1,1,0,1,1,0,17.820,368.860,0.430,1,368.430,386.790,128,2048,8,2048,noop,1,2048
realmachine,batch,1,2,30,decode,1,1,0,1,1,0,17.960,368.720,0.470,1,368.250,386.800,128,2048,8,2048,noop,1,2048
realmachine,batch,1,2,31,decode,1,1,0,1,1,0,17.970,387.170,0.430,1,386.740,405.240,128,2048,8,2048,noop,1,2048
realmachine,batch,1,2,32,decode,1,1,0,1,1,0,18.400,374.140,0.420,1,373.720,392.660,128,2048,8,2048,noop,1,2048
realmachine,batch,1,2,33,decode,1,1,0,1,1,0,17.760,369.310,0.420,1,368.890,387.200,128,2048,8,2048,noop,1,2048
realmachine,batch,1,2,34,decode,1,1,0,1,1,0,17.590,369.550,0.440,1,369.110,387.270,128,2048,8,2048,noop,1,2048
realmachine,batch,1,2,35,decode,1,1,0,1,1,0,17.640,369.450,0.420,1,369.030,387.200,128,2048,8,2048,noop,1,2048
realmachine,batch,1,2,36,decode,1,1,0,1,1,0,17.480,368.430,0.450,1,367.980,386.030,128,2048,8,2048,noop,1,2048
realmachine,batch,1,2,37,decode,1,1,0,1,1,0,17.640,368.290,0.450,1,367.840,386.050,128,2048,8,2048,noop,1,2048
realmachine,batch,1,2,38,decode,1,1,0,1,1,0,18.000,369.850,0.460,1,369.390,387.980,128,2048,8,2048,noop,1,2048
realmachine,batch,1,2,39,decode,1,1,0,1,1,0,18.480,369.790,0.480,1,369.310,388.390,128,2048,8,2048,noop,1,2048
realmachine,batch,1,2,40,decode,1,1,0,1,1,0,17.970,371.930,0.470,1,371.460,390.020,128,2048,8,2048,noop,1,2048
realmachine,batch,1,2,41,decode,1,1,0,1,1,0,18.710,375.670,0.480,1,375.190,394.480,128,2048,8,2048,noop,1,2048
realmachine,batch,1,2,42,decode,1,1,0,1,1,0,17.580,368.330,0.490,1,367.840,386.030,128,2048,8,2048,noop,1,2048
realmachine,batch,1,2,43,decode,1,1,0,1,1,0,17.930,368.410,0.510,1,367.900,386.470,128,2048,8,2048,noop,1,2048
realmachine,batch,1,2,44,decode,1,1,0,1,1,0,17.760,368.830,0.450,1,368.380,386.730,128,2048,8,2048,noop,1,2048
realmachine,batch,1,2,45,decode,1,1,0,1,1,0,17.380,368.120,0.510,1,367.610,385.650,128,2048,8,2048,noop,1,2048
realmachine,batch,1,2,46,decode,1,1,0,1,1,0,18.090,370.440,0.500,1,369.940,388.640,128,2048,8,2048,noop,1,2048
realmachine,batch,1,2,47,decode,1,1,0,1,1,0,18.170,374.400,0.470,1,373.930,392.690,128,2048,8,2048,noop,1,2048
realmachine,batch,1,2,48,decode,1,1,0,1,1,0,17.920,372.990,0.410,1,372.580,391.020,128,2048,8,2048,noop,1,2048
realmachine,batch,1,2,49,decode,1,1,0,1,1,0,18.370,370.980,0.400,1,370.580,389.470,128,2048,8,2048,noop,1,2048
realmachine,batch,1,2,50,decode,1,1,0,1,1,0,17.640,377.050,0.440,1,376.610,394.810,128,2048,8,2048,noop,1,2048
realmachine,batch,1,2,51,decode,1,1,0,1,1,0,18.220,365.770,0.430,1,365.340,384.080,128,2048,8,2048,noop,1,2048
realmachine,batch,1,2,52,decode,1,1,0,1,1,0,17.800,364.980,0.470,1,364.510,382.900,128,2048,8,2048,noop,1,2048
realmachine,batch,1,2,53,decode,1,1,0,1,1,0,17.320,361.850,0.450,1,361.400,379.320,128,2048,8,2048,noop,1,2048
realmachine,batch,1,2,54,decode,1,1,0,1,1,0,17.330,365.380,0.410,1,364.970,382.800,128,2048,8,2048,noop,1,2048
realmachine,batch,1,2,55,decode,1,1,0,1,1,0,17.540,361.190,0.500,1,360.690,378.810,128,2048,8,2048,noop,1,2048
realmachine,batch,1,2,56,decode,1,1,0,1,1,0,17.200,363.610,0.530,1,363.080,380.910,128,2048,8,2048,noop,1,2048
realmachine,batch,1,2,57,decode,1,1,0,1,1,0,17.370,366.080,0.460,1,365.620,383.570,128,2048,8,2048,noop,1,2048
realmachine,batch,1,2,58,decode,1,1,0,1,1,0,17.480,363.870,0.460,1,363.410,381.480,128,2048,8,2048,noop,1,2048
realmachine,batch,1,2,59,decode,1,1,0,1,1,0,17.650,361.990,0.390,1,361.600,379.750,128,2048,8,2048,noop,1,2048
realmachine,batch,1,2,60,decode,1,1,0,1,1,0,17.460,382.440,0.530,1,381.910,400.020,128,2048,8,2048,noop,1,2048
realmachine,batch,1,2,61,decode,1,1,0,1,1,0,17.470,520.090,0.630,1,519.460,537.830,128,2048,8,2048,noop,1,2048
realmachine,batch,2,0,0,decode,2,2,0,2,2,0,22.520,381.150,0.530,1,380.620,403.870,128,2048,8,2048,noop,1,2048
realmachine,batch,2,0,1,decode,2,2,0,2,2,0,21.390,378.070,0.500,1,377.570,399.610,128,2048,8,2048,noop,1,2048
realmachine,batch,2,0,2,decode,2,2,0,2,2,0,21.050,409.330,0.520,1,408.810,430.540,128,2048,8,2048,noop,1,2048
realmachine,batch,2,0,3,decode,2,2,0,2,2,0,21.100,379.400,0.380,1,379.020,400.690,128,2048,8,2048,noop,1,2048
realmachine,batch,2,0,4,decode,2,2,0,2,2,0,20.740,376.510,0.480,1,376.030,397.410,128,2048,8,2048,noop,1,2048
realmachine,batch,2,0,5,decode,2,2,0,2,2,0,20.830,377.420,0.510,1,376.910,398.430,128,2048,8,2048,noop,1,2048
realmachine,batch,2,0,6,decode,2,2,0,2,2,0,20.720,375.360,0.500,1,374.860,396.250,128,2048,8,2048,noop,1,2048
realmachine,batch,2,0,7,decode,2,2,0,2,2,0,20.640,374.040,0.410,1,373.630,394.860,128,2048,8,2048,noop,1,2048
realmachine,batch,2,0,8,decode,2,2,0,2,2,0,20.810,376.270,0.510,1,375.760,397.260,128,2048,8,2048,noop,1,2048
realmachine,batch,2,0,9,decode,2,2,0,2,2,0,20.480,375.690,0.400,1,375.290,396.350,128,2048,8,2048,noop,1,2048
realmachine,batch,2,0,10,decode,2,2,0,2,2,0,20.660,375.160,0.510,1,374.650,395.950,128,2048,8,2048,noop,1,2048
realmachine,batch,2,0,11,decode,2,2,0,2,2,0,20.700,395.380,0.440,1,394.940,416.270,128,2048,8,2048,noop,1,2048
realmachine,batch,2,0,12,decode,2,2,0,2,2,0,21.040,376.790,0.460,1,376.330,397.970,128,2048,8,2048,noop,1,2048
realmachine,batch,2,0,13,decode,2,2,0,2,2,0,20.410,373.360,0.440,1,372.920,393.870,128,2048,8,2048,noop,1,2048
realmachine,batch,2,0,14,decode,2,2,0,2,2,0,20.230,372.420,0.470,1,371.950,392.830,128,2048,8,2048,noop,1,2048
realmachine,batch,2,0,15,decode,2,2,0,2,2,0,20.140,375.900,0.390,1,375.510,396.190,128,2048,8,2048,noop,1,2048
realmachine,batch,2,0,16,decode,2,2,0,2,2,0,20.270,372.580,0.410,1,372.170,393.010,128,2048,8,2048,noop,1,2048
realmachine,batch,2,0,17,decode,2,2,0,2,2,0,20.360,374.650,0.410,1,374.240,395.170,128,2048,8,2048,noop,1,2048
realmachine,batch,2,0,18,decode,2,2,0,2,2,0,20.260,371.660,0.420,1,371.240,392.110,128,2048,8,2048,noop,1,2048
realmachine,batch,2,0,19,decode,2,2,0,2,2,0,20.630,373.020,0.490,1,372.530,393.830,128,2048,8,2048,noop,1,2048
realmachine,batch,2,0,20,decode,2,2,0,2,2,0,20.080,385.200,0.470,1,384.730,405.420,128,2048,8,2048,noop,1,2048
realmachine,batch,2,0,21,decode,2,2,0,2,2,0,20.620,377.650,0.450,1,377.200,398.460,128,2048,8,2048,noop,1,2048
realmachine,batch,2,0,22,decode,2,2,0,2,2,0,20.550,374.820,0.440,1,374.380,395.510,128,2048,8,2048,noop,1,2048
realmachine,batch,2,0,23,decode,2,2,0,2,2,0,20.110,373.700,0.440,1,373.260,393.950,128,2048,8,2048,noop,1,2048
realmachine,batch,2,0,24,decode,2,2,0,2,2,0,20.740,374.420,0.410,1,374.010,395.330,128,2048,8,2048,noop,1,2048
realmachine,batch,2,0,25,decode,2,2,0,2,2,0,20.330,374.250,0.410,1,373.840,394.720,128,2048,8,2048,noop,1,2048
realmachine,batch,2,0,26,decode,2,2,0,2,2,0,20.090,372.280,0.510,1,371.770,392.540,128,2048,8,2048,noop,1,2048
realmachine,batch,2,0,27,decode,2,2,0,2,2,0,19.900,377.100,0.470,1,376.630,397.150,128,2048,8,2048,noop,1,2048
realmachine,batch,2,0,28,decode,2,2,0,2,2,0,20.200,374.370,0.450,1,373.920,394.750,128,2048,8,2048,noop,1,2048
realmachine,batch,2,0,29,decode,2,2,0,2,2,0,19.760,374.890,0.450,1,374.440,394.800,128,2048,8,2048,noop,1,2048
realmachine,batch,2,0,30,decode,2,2,0,2,2,0,33.360,378.560,0.420,1,378.140,412.030,128,2048,8,2048,noop,1,2048
realmachine,batch,2,0,31,decode,2,2,0,2,2,0,20.080,373.480,0.490,1,372.990,393.740,128,2048,8,2048,noop,1,2048
realmachine,batch,2,0,32,decode,2,2,0,2,2,0,20.160,374.420,0.490,1,373.930,394.750,128,2048,8,2048,noop,1,2048
realmachine,batch,2,0,33,decode,2,2,0,2,2,0,20.380,375.760,0.460,1,375.300,396.270,128,2048,8,2048,noop,1,2048
realmachine,batch,2,0,34,decode,2,2,0,2,2,0,20.470,375.980,0.520,1,375.460,396.580,128,2048,8,2048,noop,1,2048
realmachine,batch,2,0,35,decode,2,2,0,2,2,0,20.300,373.980,0.480,1,373.500,394.430,128,2048,8,2048,noop,1,2048
realmachine,batch,2,0,36,decode,2,2,0,2,2,0,20.650,373.640,0.510,1,373.130,394.400,128,2048,8,2048,noop,1,2048
realmachine,batch,2,0,37,decode,2,2,0,2,2,0,20.040,375.490,0.440,1,375.050,395.670,128,2048,8,2048,noop,1,2048
realmachine,batch,2,0,38,decode,2,2,0,2,2,0,20.050,372.910,0.470,1,372.440,393.150,128,2048,8,2048,noop,1,2048
realmachine,batch,2,0,39,decode,2,2,0,2,2,0,19.710,387.760,0.510,1,387.250,407.630,128,2048,8,2048,noop,1,2048
realmachine,batch,2,0,40,decode,2,2,0,2,2,0,20.660,375.540,0.460,1,375.080,396.310,128,2048,8,2048,noop,1,2048
realmachine,batch,2,0,41,decode,2,2,0,2,2,0,20.190,374.440,0.460,1,373.980,394.810,128,2048,8,2048,noop,1,2048
realmachine,batch,2,0,42,decode,2,2,0,2,2,0,20.100,377.050,0.440,1,376.610,397.310,128,2048,8,2048,noop,1,2048
realmachine,batch,2,0,43,decode,2,2,0,2,2,0,19.980,375.990,0.420,1,375.570,396.140,128,2048,8,2048,noop,1,2048
realmachine,batch,2,0,44,decode,2,2,0,2,2,0,20.000,374.990,0.520,1,374.470,395.200,128,2048,8,2048,noop,1,2048
realmachine,batch,2,0,45,decode,2,2,0,2,2,0,19.930,374.670,0.480,1,374.190,394.730,128,2048,8,2048,noop,1,2048
realmachine,batch,2,0,46,decode,2,2,0,2,2,0,20.360,375.270,0.520,1,374.750,395.830,128,2048,8,2048,noop,1,2048
realmachine,batch,2,0,47,decode,2,2,0,2,2,0,20.680,374.850,0.510,1,374.340,395.750,128,2048,8,2048,noop,1,2048
realmachine,batch,2,0,48,decode,2,2,0,2,2,0,20.090,511.380,0.520,1,510.860,531.600,128,2048,8,2048,noop,1,2048
realmachine,batch,2,0,49,decode,2,2,0,2,2,0,22.940,394.560,0.490,1,394.070,417.660,128,2048,8,2048,noop,1,2048
realmachine,batch,2,0,50,decode,2,2,0,2,2,0,20.410,369.550,0.480,1,369.070,390.130,128,2048,8,2048,noop,1,2048
realmachine,batch,2,0,51,decode,2,2,0,2,2,0,19.840,362.950,0.470,1,362.480,382.970,128,2048,8,2048,noop,1,2048
realmachine,batch,2,0,52,decode,2,2,0,2,2,0,20.280,362.860,0.460,1,362.400,383.320,128,2048,8,2048,noop,1,2048
realmachine,batch,2,0,53,decode,2,2,0,2,2,0,19.580,370.000,0.470,1,369.530,389.770,128,2048,8,2048,noop,1,2048
realmachine,batch,2,0,54,decode,2,2,0,2,2,0,19.600,366.450,0.510,1,365.940,386.230,128,2048,8,2048,noop,1,2048
realmachine,batch,2,0,55,decode,2,2,0,2,2,0,19.410,366.230,0.550,1,365.680,385.800,128,2048,8,2048,noop,1,2048
realmachine,batch,2,0,56,decode,2,2,0,2,2,0,19.660,363.880,0.500,1,363.380,383.730,128,2048,8,2048,noop,1,2048
realmachine,batch,2,0,57,decode,2,2,0,2,2,0,19.610,375.790,0.410,1,375.380,395.550,128,2048,8,2048,noop,1,2048
realmachine,batch,2,0,58,decode,2,2,0,2,2,0,19.970,369.230,0.450,1,368.780,389.380,128,2048,8,2048,noop,1,2048
realmachine,batch,2,0,59,decode,2,2,0,2,2,0,19.710,368.610,0.460,1,368.150,388.500,128,2048,8,2048,noop,1,2048
realmachine,batch,2,0,60,decode,2,2,0,2,2,0,19.600,366.210,0.440,1,365.770,385.960,128,2048,8,2048,noop,1,2048
realmachine,batch,2,0,61,decode,2,2,0,2,2,0,19.980,365.020,0.420,1,364.600,385.180,128,2048,8,2048,noop,1,2048
realmachine,batch,2,1,0,decode,2,2,0,2,2,0,23.650,393.850,0.470,1,393.380,417.690,128,2048,8,2048,noop,1,2048
realmachine,batch,2,1,1,decode,2,2,0,2,2,0,21.950,381.300,0.530,1,380.770,403.440,128,2048,8,2048,noop,1,2048
realmachine,batch,2,1,2,decode,2,2,0,2,2,0,21.400,377.870,0.460,1,377.410,399.430,128,2048,8,2048,noop,1,2048
realmachine,batch,2,1,3,decode,2,2,0,2,2,0,21.990,374.980,0.450,1,374.530,397.110,128,2048,8,2048,noop,1,2048
realmachine,batch,2,1,4,decode,2,2,0,2,2,0,21.360,379.520,0.420,1,379.100,401.020,128,2048,8,2048,noop,1,2048
realmachine,batch,2,1,5,decode,2,2,0,2,2,0,20.850,373.310,0.440,1,372.870,394.340,128,2048,8,2048,noop,1,2048
realmachine,batch,2,1,6,decode,2,2,0,2,2,0,20.770,376.080,0.410,1,375.670,396.990,128,2048,8,2048,noop,1,2048
realmachine,batch,2,1,7,decode,2,2,0,2,2,0,20.870,374.320,0.450,1,373.870,395.300,128,2048,8,2048,noop,1,2048
realmachine,batch,2,1,8,decode,2,2,0,2,2,0,21.290,373.470,0.480,1,372.990,394.950,128,2048,8,2048,noop,1,2048
realmachine,batch,2,1,9,decode,2,2,0,2,2,0,21.130,396.210,0.430,1,395.780,417.520,128,2048,8,2048,noop,1,2048
realmachine,batch,2,1,10,decode,2,2,0,2,2,0,21.350,375.170,0.480,1,374.690,396.690,128,2048,8,2048,noop,1,2048
realmachine,batch,2,1,11,decode,2,2,0,2,2,0,21.100,371.710,0.530,1,371.180,392.980,128,2048,8,2048,noop,1,2048
realmachine,batch,2,1,12,decode,2,2,0,2,2,0,21.090,373.910,0.460,1,373.450,395.170,128,2048,8,2048,noop,1,2048
realmachine,batch,2,1,13,decode,2,2,0,2,2,0,21.270,372.930,0.500,1,372.430,394.370,128,2048,8,2048,noop,1,2048
realmachine,batch,2,1,14,decode,2,2,0,2,2,0,21.060,372.640,0.560,1,372.080,393.890,128,2048,8,2048,noop,1,2048
realmachine,batch,2,1,15,decode,2,2,0,2,2,0,21.080,373.260,0.490,1,372.770,394.510,128,2048,8,2048,noop,1,2048
realmachine,batch,2,1,16,decode,2,2,0,2,2,0,21.200,373.440,0.460,1,372.980,394.830,128,2048,8,2048,noop,1,2048
realmachine,batch,2,1,17,decode,2,2,0,2,2,0,20.950,371.610,0.420,1,371.190,392.720,128,2048,8,2048,noop,1,2048
realmachine,batch,2,1,18,decode,2,2,0,2,2,0,21.160,385.000,0.510,1,384.490,406.340,128,2048,8,2048,noop,1,2048
realmachine,batch,2,1,19,decode,2,2,0,2,2,0,21.590,376.880,0.480,1,376.400,398.650,128,2048,8,2048,noop,1,2048
realmachine,batch,2,1,20,decode,2,2,0,2,2,0,21.240,373.690,0.450,1,373.240,395.090,128,2048,8,2048,noop,1,2048
realmachine,batch,2,1,21,decode,2,2,0,2,2,0,21.380,373.910,0.490,1,373.420,395.440,128,2048,8,2048,noop,1,2048
realmachine,batch,2,1,22,decode,2,2,0,2,2,0,21.230,372.970,0.510,1,372.460,394.380,128,2048,8,2048,noop,1,2048
realmachine,batch,2,1,23,decode,2,2,0,2,2,0,20.940,373.190,0.430,1,372.760,394.290,128,2048,8,2048,noop,1,2048
realmachine,batch,2,1,24,decode,2,2,0,2,2,0,21.400,376.600,0.470,1,376.130,398.140,128,2048,8,2048,noop,1,2048
realmachine,batch,2,1,25,decode,2,2,0,2,2,0,20.870,372.480,0.480,1,372.000,393.490,128,2048,8,2048,noop,1,2048
realmachine,batch,2,1,26,decode,2,2,0,2,2,0,20.180,372.650,0.490,1,372.160,392.990,128,2048,8,2048,noop,1,2048
realmachine,batch,2,1,27,decode,2,2,0,2,2,0,20.600,385.740,0.480,1,385.260,406.490,128,2048,8,2048,noop,1,2048
realmachine,batch,2,1,28,decode,2,2,0,2,2,0,21.270,377.900,0.470,1,377.430,399.340,128,2048,8,2048,noop,1,2048
realmachine,batch,2,1,29,decode,2,2,0,2,2,0,20.810,377.360,0.570,1,376.790,398.330,128,2048,8,2048,noop,1,2048
realmachine,batch,2,1,30,decode,2,2,0,2,2,0,20.550,372.690,0.480,1,372.210,393.410,128,2048,8,2048,noop,1,2048
realmachine,batch,2,1,31,decode,2,2,0,2,2,0,20.600,374.460,0.430,1,374.030,395.220,128,2048,8,2048,noop,1,2048
realmachine,batch,2,1,32,decode,2,2,0,2,2,0,20.500,374.390,0.400,1,373.990,395.050,128,2048,8,2048,noop,1,2048
realmachine,batch,2,1,33,decode,2,2,0,2,2,0,20.640,374.640,0.490,1,374.150,395.420,128,2048,8,2048,noop,1,2048
realmachine,batch,2,1,34,decode,2,2,0,2,2,0,20.650,374.000,0.460,1,373.540,394.810,128,2048,8,2048,noop,1,2048
realmachine,batch,2,1,35,decode,2,2,0,2,2,0,20.580,374.060,0.480,1,373.580,394.780,128,2048,8,2048,noop,1,2048
realmachine,batch,2,1,36,decode,2,2,0,2,2,0,20.470,373.120,0.470,1,372.650,393.760,128,2048,8,2048,noop,1,2048
realmachine,batch,2,1,37,decode,2,2,0,2,2,0,20.930,387.050,0.430,1,386.620,408.130,128,2048,8,2048,noop,1,2048
realmachine,batch,2,1,38,decode,2,2,0,2,2,0,21.310,373.960,0.520,1,373.440,395.410,128,2048,8,2048,noop,1,2048
realmachine,batch,2,1,39,decode,2,2,0,2,2,0,20.530,371.170,0.410,1,370.760,391.850,128,2048,8,2048,noop,1,2048
realmachine,batch,2,1,40,decode,2,2,0,2,2,0,20.830,373.110,0.470,1,372.640,394.140,128,2048,8,2048,noop,1,2048
realmachine,batch,2,1,41,decode,2,2,0,2,2,0,21.070,374.950,0.420,1,374.530,396.210,128,2048,8,2048,noop,1,2048
realmachine,batch,2,1,42,decode,2,2,0,2,2,0,20.710,372.070,0.470,1,371.600,392.920,128,2048,8,2048,noop,1,2048
realmachine,batch,2,1,43,decode,2,2,0,2,2,0,21.040,372.560,0.420,1,372.140,393.690,128,2048,8,2048,noop,1,2048
realmachine,batch,2,1,44,decode,2,2,0,2,2,0,20.570,371.330,0.500,1,370.830,392.090,128,2048,8,2048,noop,1,2048
realmachine,batch,2,1,45,decode,2,2,0,2,2,0,20.540,373.290,0.430,1,372.860,393.970,128,2048,8,2048,noop,1,2048
realmachine,batch,2,1,46,decode,2,2,0,2,2,0,19.900,385.290,0.480,1,384.810,405.330,128,2048,8,2048,noop,1,2048
realmachine,batch,2,1,47,decode,2,2,0,2,2,0,20.840,376.120,0.480,1,375.640,397.100,128,2048,8,2048,noop,1,2048
realmachine,batch,2,1,48,decode,2,2,0,2,2,0,20.780,375.540,0.450,1,375.090,396.480,128,2048,8,2048,noop,1,2048
realmachine,batch,2,1,49,decode,2,2,0,2,2,0,21.040,374.680,0.510,1,374.170,395.870,128,2048,8,2048,noop,1,2048
realmachine,batch,2,1,50,decode,2,2,0,2,2,0,20.270,366.260,0.460,1,365.800,386.710,128,2048,8,2048,noop,1,2048
realmachine,batch,2,1,51,decode,2,2,0,2,2,0,20.110,365.570,0.460,1,365.110,385.870,128,2048,8,2048,noop,1,2048
realmachine,batch,2,1,52,decode,2,2,0,2,2,0,20.180,367.210,0.500,1,366.710,387.590,128,2048,8,2048,noop,1,2048
realmachine,batch,2,1,53,decode,2,2,0,2,2,0,19.970,365.510,0.440,1,365.070,385.670,128,2048,8,2048,noop,1,2048
realmachine,batch,2,1,54,decode,2,2,0,2,2,0,20.100,366.230,0.490,1,365.740,386.470,128,2048,8,2048,noop,1,2048
realmachine,batch,2,1,55,decode,2,2,0,2,2,0,20.000,378.850,0.510,1,378.340,399.000,128,2048,8,2048,noop,1,2048
realmachine,batch,2,1,56,decode,2,2,0,2,2,0,20.350,371.950,0.430,1,371.520,392.420,128,2048,8,2048,noop,1,2048
realmachine,batch,2,1,57,decode,2,2,0,2,2,0,20.230,366.130,0.480,1,365.650,386.540,128,2048,8,2048,noop,1,2048
realmachine,batch,2,1,58,decode,2,2,0,2,2,0,20.150,364.710,0.490,1,364.220,384.990,128,2048,8,2048,noop,1,2048
realmachine,batch,2,1,59,decode,2,2,0,2,2,0,20.100,365.020,0.440,1,364.580,385.260,128,2048,8,2048,noop,1,2048
realmachine,batch,2,1,60,decode,2,2,0,2,2,0,19.920,369.060,0.470,1,368.590,389.180,128,2048,8,2048,noop,1,2048
realmachine,batch,2,1,61,decode,2,2,0,2,2,0,20.090,364.680,0.500,1,364.180,384.970,128,2048,8,2048,noop,1,2048
realmachine,batch,2,2,0,decode,2,2,0,2,2,0,22.910,381.880,0.480,1,381.400,404.960,128,2048,8,2048,noop,1,2048
realmachine,batch,2,2,1,decode,2,2,0,2,2,0,22.210,379.600,0.480,1,379.120,402.000,128,2048,8,2048,noop,1,2048
realmachine,batch,2,2,2,decode,2,2,0,2,2,0,21.620,374.700,0.450,1,374.250,396.490,128,2048,8,2048,noop,1,2048
realmachine,batch,2,2,3,decode,2,2,0,2,2,0,21.350,373.580,0.460,1,373.120,395.120,128,2048,8,2048,noop,1,2048
realmachine,batch,2,2,4,decode,2,2,0,2,2,0,21.240,373.800,0.470,1,373.330,395.180,128,2048,8,2048,noop,1,2048
realmachine,batch,2,2,5,decode,2,2,0,2,2,0,20.500,374.330,0.450,1,373.880,395.010,128,2048,8,2048,noop,1,2048
realmachine,batch,2,2,6,decode,2,2,0,2,2,0,21.280,372.960,0.440,1,372.520,394.380,128,2048,8,2048,noop,1,2048
realmachine,batch,2,2,7,decode,2,2,0,2,2,0,21.060,387.910,0.460,1,387.450,409.140,128,2048,8,2048,noop,1,2048
realmachine,batch,2,2,8,decode,2,2,0,2,2,0,22.150,377.800,0.470,1,377.330,400.160,128,2048,8,2048,noop,1,2048
realmachine,batch,2,2,9,decode,2,2,0,2,2,0,21.840,374.360,0.560,1,373.800,396.360,128,2048,8,2048,noop,1,2048
realmachine,batch,2,2,10,decode,2,2,0,2,2,0,21.090,375.040,0.460,1,374.580,396.300,128,2048,8,2048,noop,1,2048
realmachine,batch,2,2,11,decode,2,2,0,2,2,0,20.930,373.700,0.440,1,373.260,394.780,128,2048,8,2048,noop,1,2048
realmachine,batch,2,2,12,decode,2,2,0,2,2,0,20.950,371.720,0.490,1,371.230,392.850,128,2048,8,2048,noop,1,2048
realmachine,batch,2,2,13,decode,2,2,0,2,2,0,21.130,374.220,0.490,1,373.730,395.520,128,2048,8,2048,noop,1,2048
realmachine,batch,2,2,14,decode,2,2,0,2,2,0,21.050,375.170,0.430,1,374.740,396.340,128,2048,8,2048,noop,1,2048
realmachine,batch,2,2,15,decode,2,2,0,2,2,0,21.620,372.800,0.440,1,372.360,394.560,128,2048,8,2048,noop,1,2048
realmachine,batch,2,2,16,decode,2,2,0,2,2,0,21.570,394.120,0.510,1,393.610,415.870,128,2048,8,2048,noop,1,2048
realmachine,batch,2,2,17,decode,2,2,0,2,2,0,21.360,380.750,0.420,1,380.330,402.310,128,2048,8,2048,noop,1,2048
realmachine,batch,2,2,18,decode,2,2,0,2,2,0,21.300,374.140,0.400,1,373.740,395.620,128,2048,8,2048,noop,1,2048
realmachine,batch,2,2,19,decode,2,2,0,2,2,0,21.750,374.310,0.440,1,373.870,396.240,128,2048,8,2048,noop,1,2048
realmachine,batch,2,2,20,decode,2,2,0,2,2,0,20.910,372.890,0.460,1,372.430,393.980,128,2048,8,2048,noop,1,2048
realmachine,batch,2,2,21,decode,2,2,0,2,2,0,21.430,373.410,0.430,1,372.980,395.010,128,2048,8,2048,noop,1,2048
realmachine,batch,2,2,22,decode,2,2,0,2,2,0,20.890,371.980,0.460,1,371.520,393.040,128,2048,8,2048,noop,1,2048
realmachine,batch,2,2,23,decode,2,2,0,2,2,0,20.750,374.290,0.480,1,373.810,395.250,128,2048,8,2048,noop,1,2048
realmachine,batch,2,2,24,decode,2,2,0,2,2,0,21.140,374.910,0.430,1,374.480,396.180,128,2048,8,2048,noop,1,2048
realmachine,batch,2,2,25,decode,2,2,0,2,2,0,21.530,372.470,0.440,1,372.030,394.180,128,2048,8,2048,noop,1,2048
realmachine,batch,2,2,26,decode,2,2,0,2,2,0,20.560,390.960,0.480,1,390.480,411.700,128,2048,8,2048,noop,1,2048
realmachine,batch,2,2,27,decode,2,2,0,2,2,0,21.260,372.770,0.660,1,372.110,394.160,128,2048,8,2048,noop,1,2048
realmachine,batch,2,2,28,decode,2,2,0,2,2,0,21.370,567.990,0.600,1,567.390,589.560,128,2048,8,2048,noop,1,2048
realmachine,batch,2,2,29,decode,2,2,0,2,2,0,24.550,407.230,0.580,1,406.650,431.960,128,2048,8,2048,noop,1,2048
realmachine,batch,2,2,30,decode,2,2,0,2,2,0,22.850,379.770,0.540,1,379.230,402.790,128,2048,8,2048,noop,1,2048
realmachine,batch,2,2,31,decode,2,2,0,2,2,0,21.500,377.740,0.460,1,377.280,399.420,128,2048,8,2048,noop,1,2048
realmachine,batch,2,2,32,decode,2,2,0,2,2,0,21.060,375.830,0.440,1,375.390,397.020,128,2048,8,2048,noop,1,2048
realmachine,batch,2,2,33,decode,2,2,0,2,2,0,20.930,376.400,0.460,1,375.940,397.510,128,2048,8,2048,noop,1,2048
realmachine,batch,2,2,34,decode,2,2,0,2,2,0,20.500,384.820,0.480,1,384.340,405.520,128,2048,8,2048,noop,1,2048
realmachine,batch,2,2,35,decode,2,2,0,2,2,0,21.570,380.520,0.450,1,380.070,402.280,128,2048,8,2048,noop,1,2048
realmachine,batch,2,2,36,decode,2,2,0,2,2,0,20.900,374.730,0.460,1,374.270,395.770,128,2048,8,2048,noop,1,2048
realmachine,batch,2,2,37,decode,2,2,0,2,2,0,21.410,373.980,0.470,1,373.510,395.570,128,2048,8,2048,noop,1,2048
realmachine,batch,2,2,38,decode,2,2,0,2,2,0,20.640,374.730,0.460,1,374.270,395.550,128,2048,8,2048,noop,1,2048
realmachine,batch,2,2,39,decode,2,2,0,2,2,0,20.910,371.390,0.410,1,370.980,392.430,128,2048,8,2048,noop,1,2048
realmachine,batch,2,2,40,decode,2,2,0,2,2,0,20.730,372.490,0.450,1,372.040,393.380,128,2048,8,2048,noop,1,2048
realmachine,batch,2,2,41,decode,2,2,0,2,2,0,20.510,374.240,0.410,1,373.830,394.910,128,2048,8,2048,noop,1,2048
realmachine,batch,2,2,42,decode,2,2,0,2,2,0,20.150,370.680,0.480,1,370.200,391.010,128,2048,8,2048,noop,1,2048
realmachine,batch,2,2,43,decode,2,2,0,2,2,0,20.330,374.110,0.470,1,373.640,394.590,128,2048,8,2048,noop,1,2048
realmachine,batch,2,2,44,decode,2,2,0,2,2,0,20.360,396.860,0.450,1,396.410,417.390,128,2048,8,2048,noop,1,2048
realmachine,batch,2,2,45,decode,2,2,0,2,2,0,21.420,373.740,0.450,1,373.290,395.300,128,2048,8,2048,noop,1,2048
realmachine,batch,2,2,46,decode,2,2,0,2,2,0,21.350,373.300,0.440,1,372.860,394.830,128,2048,8,2048,noop,1,2048
realmachine,batch,2,2,47,decode,2,2,0,2,2,0,21.390,381.810,0.500,1,381.310,403.360,128,2048,8,2048,noop,1,2048
realmachine,batch,2,2,48,decode,2,2,0,2,2,0,21.060,372.880,0.450,1,372.430,394.100,128,2048,8,2048,noop,1,2048
realmachine,batch,2,2,49,decode,2,2,0,2,2,0,20.740,373.220,0.420,1,372.800,394.110,128,2048,8,2048,noop,1,2048
realmachine,batch,2,2,50,decode,2,2,0,2,2,0,20.300,365.560,0.520,1,365.040,386.010,128,2048,8,2048,noop,1,2048
realmachine,batch,2,2,51,decode,2,2,0,2,2,0,20.510,367.910,0.430,1,367.480,388.600,128,2048,8,2048,noop,1,2048
realmachine,batch,2,2,52,decode,2,2,0,2,2,0,20.070,368.120,0.440,1,367.680,388.370,128,2048,8,2048,noop,1,2048
realmachine,batch,2,2,53,decode,2,2,0,2,2,0,19.820,380.690,0.490,1,380.200,400.670,128,2048,8,2048,noop,1,2048
realmachine,batch,2,2,54,decode,2,2,0,2,2,0,20.660,367.790,0.520,1,367.270,388.630,128,2048,8,2048,noop,1,2048
realmachine,batch,2,2,55,decode,2,2,0,2,2,0,20.330,363.990,0.540,1,363.450,384.490,128,2048,8,2048,noop,1,2048
realmachine,batch,2,2,56,decode,2,2,0,2,2,0,19.530,365.960,0.440,1,365.520,385.640,128,2048,8,2048,noop,1,2048
realmachine,batch,2,2,57,decode,2,2,0,2,2,0,20.130,367.850,0.480,1,367.370,388.130,128,2048,8,2048,noop,1,2048
realmachine,batch,2,2,58,decode,2,2,0,2,2,0,20.200,365.240,0.430,1,364.810,385.590,128,2048,8,2048,noop,1,2048
realmachine,batch,2,2,59,decode,2,2,0,2,2,0,19.270,366.080,0.450,1,365.630,385.490,128,2048,8,2048,noop,1,2048
realmachine,batch,2,2,60,decode,2,2,0,2,2,0,20.000,365.360,0.480,1,364.880,385.530,128,2048,8,2048,noop,1,2048
realmachine,batch,2,2,61,decode,2,2,0,2,2,0,20.170,366.300,0.520,1,365.780,386.630,128,2048,8,2048,noop,1,2048
realmachine,batch,4,0,0,decode,4,4,0,4,4,0,26.790,384.790,0.420,1,384.370,411.710,128,2048,8,2048,noop,1,2048
realmachine,batch,4,0,1,decode,4,4,0,4,4,0,25.990,377.330,0.390,1,376.940,403.520,128,2048,8,2048,noop,1,2048
realmachine,batch,4,0,2,decode,4,4,0,4,4,0,25.860,379.190,0.420,1,378.770,405.230,128,2048,8,2048,noop,1,2048
realmachine,batch,4,0,3,decode,4,4,0,4,4,0,25.940,379.170,0.500,1,378.670,405.270,128,2048,8,2048,noop,1,2048
realmachine,batch,4,0,4,decode,4,4,0,4,4,0,25.560,388.420,0.460,1,387.960,414.150,128,2048,8,2048,noop,1,2048
realmachine,batch,4,0,5,decode,4,4,0,4,4,0,26.020,382.150,0.430,1,381.720,408.340,128,2048,8,2048,noop,1,2048
realmachine,batch,4,0,6,decode,4,4,0,4,4,0,25.730,375.730,0.450,1,375.280,401.660,128,2048,8,2048,noop,1,2048
realmachine,batch,4,0,7,decode,4,4,0,4,4,0,24.780,377.320,0.440,1,376.880,402.260,128,2048,8,2048,noop,1,2048
realmachine,batch,4,0,8,decode,4,4,0,4,4,0,25.360,376.820,0.450,1,376.370,402.350,128,2048,8,2048,noop,1,2048
realmachine,batch,4,0,9,decode,4,4,0,4,4,0,24.930,377.450,0.480,1,376.970,402.550,128,2048,8,2048,noop,1,2048
realmachine,batch,4,0,10,decode,4,4,0,4,4,0,24.650,377.860,0.490,1,377.370,402.690,128,2048,8,2048,noop,1,2048
realmachine,batch,4,0,11,decode,4,4,0,4,4,0,25.270,373.670,0.390,1,373.280,399.100,128,2048,8,2048,noop,1,2048
realmachine,batch,4,0,12,decode,4,4,0,4,4,0,24.370,375.640,0.460,1,375.180,400.200,128,2048,8,2048,noop,1,2048
realmachine,batch,4,0,13,decode,4,4,0,4,4,0,24.270,388.580,0.460,1,388.120,413.040,128,2048,8,2048,noop,1,2048
realmachine,batch,4,0,14,decode,4,4,0,4,4,0,25.050,380.150,0.440,1,379.710,405.360,128,2048,8,2048,noop,1,2048
realmachine,batch,4,0,15,decode,4,4,0,4,4,0,24.340,375.320,0.390,1,374.930,399.880,128,2048,8,2048,noop,1,2048
realmachine,batch,4,0,16,decode,4,4,0,4,4,0,24.150,376.500,0.440,1,376.060,400.830,128,2048,8,2048,noop,1,2048
realmachine,batch,4,0,17,decode,4,4,0,4,4,0,23.770,376.890,0.490,1,376.400,400.820,128,2048,8,2048,noop,1,2048
realmachine,batch,4,0,18,decode,4,4,0,4,4,0,24.370,376.010,0.460,1,375.550,400.580,128,2048,8,2048,noop,1,2048
realmachine,batch,4,0,19,decode,4,4,0,4,4,0,24.230,376.470,0.560,1,375.910,400.850,128,2048,8,2048,noop,1,2048
realmachine,batch,4,0,20,decode,4,4,0,4,4,0,24.330,372.170,0.490,1,371.680,396.670,128,2048,8,2048,noop,1,2048
realmachine,batch,4,0,21,decode,4,4,0,4,4,0,23.900,374.270,0.440,1,373.830,398.360,128,2048,8,2048,noop,1,2048
realmachine,batch,4,0,22,decode,4,4,0,4,4,0,23.880,375.660,0.410,1,375.250,399.720,128,2048,8,2048,noop,1,2048
realmachine,batch,4,0,23,decode,4,4,0,4,4,0,36.630,379.530,0.450,1,379.080,416.340,128,2048,8,2048,noop,1,2048
realmachine,batch,4,0,24,decode,4,4,0,4,4,0,24.150,377.320,0.440,1,376.880,401.660,128,2048,8,2048,noop,1,2048
realmachine,batch,4,0,25,decode,4,4,0,4,4,0,23.890,373.450,0.440,1,373.010,397.510,128,2048,8,2048,noop,1,2048
realmachine,batch,4,0,26,decode,4,4,0,4,4,0,24.280,375.690,0.390,1,375.300,400.150,128,2048,8,2048,noop,1,2048
realmachine,batch,4,0,27,decode,4,4,0,4,4,0,23.740,374.020,0.480,1,373.540,397.980,128,2048,8,2048,noop,1,2048
realmachine,batch,4,0,28,decode,4,4,0,4,4,0,24.190,373.300,0.450,1,372.850,397.650,128,2048,8,2048,noop,1,2048
realmachine,batch,4,0,29,decode,4,4,0,4,4,0,24.070,374.320,0.480,1,373.840,398.580,128,2048,8,2048,noop,1,2048
realmachine,batch,4,0,30,decode,4,4,0,4,4,0,24.110,374.180,0.480,1,373.700,398.470,128,2048,8,2048,noop,1,2048
realmachine,batch,4,0,31,decode,4,4,0,4,4,0,24.160,374.660,0.470,1,374.190,399.000,128,2048,8,2048,noop,1,2048
realmachine,batch,4,0,32,decode,4,4,0,4,4,0,25.230,496.060,0.510,1,495.550,521.470,128,2048,8,2048,noop,1,2048
realmachine,batch,4,0,33,decode,4,4,0,4,4,0,25.790,378.760,0.490,1,378.270,404.690,128,2048,8,2048,noop,1,2048
realmachine,batch,4,0,34,decode,4,4,0,4,4,0,25.090,377.440,0.490,1,376.950,402.710,128,2048,8,2048,noop,1,2048
realmachine,batch,4,0,35,decode,4,4,0,4,4,0,24.390,375.270,0.500,1,374.770,399.790,128,2048,8,2048,noop,1,2048
realmachine,batch,4,0,36,decode,4,4,0,4,4,0,24.300,376.140,0.520,1,375.620,400.580,128,2048,8,2048,noop,1,2048
realmachine,batch,4,0,37,decode,4,4,0,4,4,0,24.200,375.050,0.510,1,374.540,399.440,128,2048,8,2048,noop,1,2048
realmachine,batch,4,0,38,decode,4,4,0,4,4,0,24.390,376.340,0.440,1,375.900,400.880,128,2048,8,2048,noop,1,2048
realmachine,batch,4,0,39,decode,4,4,0,4,4,0,24.680,374.790,0.430,1,374.360,399.650,128,2048,8,2048,noop,1,2048
realmachine,batch,4,0,40,decode,4,4,0,4,4,0,24.300,374.630,0.510,1,374.120,399.070,128,2048,8,2048,noop,1,2048
realmachine,batch,4,0,41,decode,4,4,0,4,4,0,24.280,386.010,0.490,1,385.520,410.470,128,2048,8,2048,noop,1,2048
realmachine,batch,4,0,42,decode,4,4,0,4,4,0,24.840,372.390,0.430,1,371.960,397.360,128,2048,8,2048,noop,1,2048
realmachine,batch,4,0,43,decode,4,4,0,4,4,0,24.590,376.280,0.450,1,375.830,401.040,128,2048,8,2048,noop,1,2048
realmachine,batch,4,0,44,decode,4,4,0,4,4,0,24.090,372.430,0.460,1,371.970,396.660,128,2048,8,2048,noop,1,2048
realmachine,batch,4,0,45,decode,4,4,0,4,4,0,24.760,373.830,0.470,1,373.360,398.760,128,2048,8,2048,noop,1,2048
realmachine,batch,4,0,46,decode,4,4,0,4,4,0,24.050,375.690,0.490,1,375.200,399.890,128,2048,8,2048,noop,1,2048
realmachine,batch,4,0,47,decode,4,4,0,4,4,0,23.990,375.430,0.410,1,375.020,399.570,128,2048,8,2048,noop,1,2048
realmachine,batch,4,0,48,decode,4,4,0,4,4,0,24.090,374.060,0.420,1,373.640,398.320,128,2048,8,2048,noop,1,2048
realmachine,batch,4,0,49,decode,4,4,0,4,4,0,24.380,375.510,0.490,1,375.020,400.080,128,2048,8,2048,noop,1,2048
realmachine,batch,4,0,50,decode,4,4,0,4,4,0,23.650,382.470,0.540,1,381.930,406.280,128,2048,8,2048,noop,1,2048
realmachine,batch,4,0,51,decode,4,4,0,4,4,0,23.640,370.990,0.580,1,370.410,394.830,128,2048,8,2048,noop,1,2048
realmachine,batch,4,0,52,decode,4,4,0,4,4,0,23.460,369.750,0.480,1,369.270,393.370,128,2048,8,2048,noop,1,2048
realmachine,batch,4,0,53,decode,4,4,0,4,4,0,23.320,367.100,0.450,1,366.650,390.590,128,2048,8,2048,noop,1,2048
realmachine,batch,4,0,54,decode,4,4,0,4,4,0,22.940,367.550,0.500,1,367.050,390.670,128,2048,8,2048,noop,1,2048
realmachine,batch,4,0,55,decode,4,4,0,4,4,0,23.240,366.070,0.460,1,365.610,389.490,128,2048,8,2048,noop,1,2048
realmachine,batch,4,0,56,decode,4,4,0,4,4,0,23.690,368.320,0.420,1,367.900,392.180,128,2048,8,2048,noop,1,2048
realmachine,batch,4,0,57,decode,4,4,0,4,4,0,23.510,367.710,0.370,1,367.340,391.400,128,2048,8,2048,noop,1,2048
realmachine,batch,4,0,58,decode,4,4,0,4,4,0,23.730,367.870,0.450,1,367.420,391.770,128,2048,8,2048,noop,1,2048
realmachine,batch,4,0,59,decode,4,4,0,4,4,0,23.870,386.210,0.470,1,385.740,410.250,128,2048,8,2048,noop,1,2048
realmachine,batch,4,0,60,decode,4,4,0,4,4,0,24.350,374.970,0.500,1,374.470,399.460,128,2048,8,2048,noop,1,2048
realmachine,batch,4,0,61,decode,4,4,0,4,4,0,23.110,367.830,0.420,1,367.410,391.070,128,2048,8,2048,noop,1,2048
realmachine,batch,4,1,0,decode,4,4,0,4,4,0,26.640,384.410,0.430,1,383.980,411.250,128,2048,8,2048,noop,1,2048
realmachine,batch,4,1,1,decode,4,4,0,4,4,0,26.250,400.990,0.500,1,400.490,427.410,128,2048,8,2048,noop,1,2048
realmachine,batch,4,1,2,decode,4,4,0,4,4,0,26.340,385.780,0.480,1,385.300,412.290,128,2048,8,2048,noop,1,2048
realmachine,batch,4,1,3,decode,4,4,0,4,4,0,26.140,378.860,0.540,1,378.320,405.150,128,2048,8,2048,noop,1,2048
realmachine,batch,4,1,4,decode,4,4,0,4,4,0,25.750,378.750,0.500,1,378.250,404.690,128,2048,8,2048,noop,1,2048
realmachine,batch,4,1,5,decode,4,4,0,4,4,0,25.740,378.610,0.490,1,378.120,404.520,128,2048,8,2048,noop,1,2048
realmachine,batch,4,1,6,decode,4,4,0,4,4,0,25.780,378.950,0.490,1,378.460,404.890,128,2048,8,2048,noop,1,2048
realmachine,batch,4,1,7,decode,4,4,0,4,4,0,25.540,378.840,0.470,1,378.370,404.570,128,2048,8,2048,noop,1,2048
realmachine,batch,4,1,8,decode,4,4,0,4,4,0,25.030,376.780,0.450,1,376.330,401.980,128,2048,8,2048,noop,1,2048
realmachine,batch,4,1,9,decode,4,4,0,4,4,0,25.130,376.160,0.410,1,375.750,401.460,128,2048,8,2048,noop,1,2048
realmachine,batch,4,1,10,decode,4,4,0,4,4,0,25.260,402.490,0.500,1,401.990,427.900,128,2048,8,2048,noop,1,2048
realmachine,batch,4,1,11,decode,4,4,0,4,4,0,26.140,380.070,0.410,1,379.660,406.370,128,2048,8,2048,noop,1,2048
realmachine,batch,4,1,12,decode,4,4,0,4,4,0,25.200,374.790,0.490,1,374.300,400.140,128,2048,8,2048,noop,1,2048
realmachine,batch,4,1,13,decode,4,4,0,4,4,0,24.720,376.410,0.480,1,375.930,401.310,128,2048,8,2048,noop,1,2048
realmachine,batch,4,1,14,decode,4,4,0,4,4,0,24.490,376.430,0.450,1,375.980,401.090,128,2048,8,2048,noop,1,2048
realmachine,batch,4,1,15,decode,4,4,0,4,4,0,24.690,374.470,0.480,1,373.990,399.370,128,2048,8,2048,noop,1,2048
realmachine,batch,4,1,16,decode,4,4,0,4,4,0,24.720,375.910,0.480,1,375.430,400.800,128,2048,8,2048,noop,1,2048
realmachine,batch,4,1,17,decode,4,4,0,4,4,0,24.160,375.960,0.470,1,375.490,400.260,128,2048,8,2048,noop,1,2048
realmachine,batch,4,1,18,decode,4,4,0,4,4,0,24.530,374.380,0.520,1,373.860,399.090,128,2048,8,2048,noop,1,2048
realmachine,batch,4,1,19,decode,4,4,0,4,4,0,24.920,395.250,0.500,1,394.750,420.340,128,2048,8,2048,noop,1,2048
realmachine,batch,4,1,20,decode,4,4,0,4,4,0,25.140,378.680,0.490,1,378.190,403.990,128,2048,8,2048,noop,1,2048
realmachine,batch,4,1,21,decode,4,4,0,4,4,0,24.820,375.420,0.470,1,374.950,400.390,128,2048,8,2048,noop,1,2048
realmachine,batch,4,1,22,decode,4,4,0,4,4,0,24.650,376.690,0.430,1,376.260,401.510,128,2048,8,2048,noop,1,2048
realmachine,batch,4,1,23,decode,4,4,0,4,4,0,24.550,375.840,0.450,1,375.390,400.570,128,2048,8,2048,noop,1,2048
realmachine,batch,4,1,24,decode,4,4,0,4,4,0,24.240,375.670,0.500,1,375.170,400.080,128,2048,8,2048,noop,1,2048
realmachine,batch,4,1,25,decode,4,4,0,4,4,0,24.320,376.320,0.430,1,375.890,400.820,128,2048,8,2048,noop,1,2048
realmachine,batch,4,1,26,decode,4,4,0,4,4,0,24.390,375.280,0.480,1,374.800,399.820,128,2048,8,2048,noop,1,2048
realmachine,batch,4,1,27,decode,4,4,0,4,4,0,24.330,374.840,0.470,1,374.370,399.360,128,2048,8,2048,noop,1,2048
realmachine,batch,4,1,28,decode,4,4,0,4,4,0,24.720,384.770,0.450,1,384.320,409.680,128,2048,8,2048,noop,1,2048
realmachine,batch,4,1,29,decode,4,4,0,4,4,0,25.050,379.110,0.470,1,378.640,404.310,128,2048,8,2048,noop,1,2048
realmachine,batch,4,1,30,decode,4,4,0,4,4,0,24.300,376.600,0.460,1,376.140,401.090,128,2048,8,2048,noop,1,2048
realmachine,batch,4,1,31,decode,4,4,0,4,4,0,24.710,375.420,0.520,1,374.900,400.270,128,2048,8,2048,noop,1,2048
realmachine,batch,4,1,32,decode,4,4,0,4,4,0,24.600,373.630,0.430,1,373.200,398.430,128,2048,8,2048,noop,1,2048
realmachine,batch,4,1,33,decode,4,4,0,4,4,0,24.130,375.320,0.460,1,374.860,399.620,128,2048,8,2048,noop,1,2048
realmachine,batch,4,1,34,decode,4,4,0,4,4,0,24.240,376.250,0.470,1,375.780,400.640,128,2048,8,2048,noop,1,2048
realmachine,batch,4,1,35,decode,4,4,0,4,4,0,24.190,376.510,0.400,1,376.110,400.870,128,2048,8,2048,noop,1,2048
realmachine,batch,4,1,36,decode,4,4,0,4,4,0,24.910,378.970,0.450,1,378.520,404.030,128,2048,8,2048,noop,1,2048
realmachine,batch,4,1,37,decode,4,4,0,4,4,0,24.750,391.670,0.490,1,391.180,416.580,128,2048,8,2048,noop,1,2048
realmachine,batch,4,1,38,decode,4,4,0,4,4,0,25.230,383.080,0.460,1,382.620,408.460,128,2048,8,2048,noop,1,2048
realmachine,batch,4,1,39,decode,4,4,0,4,4,0,25.150,376.110,0.480,1,375.630,401.450,128,2048,8,2048,noop,1,2048
realmachine,batch,4,1,40,decode,4,4,0,4,4,0,24.250,376.530,0.430,1,376.100,400.950,128,2048,8,2048,noop,1,2048
realmachine,batch,4,1,41,decode,4,4,0,4,4,0,24.940,376.100,0.410,1,375.690,401.190,128,2048,8,2048,noop,1,2048
realmachine,batch,4,1,42,decode,4,4,0,4,4,0,24.580,375.970,0.450,1,375.520,400.690,128,2048,8,2048,noop,1,2048
realmachine,batch,4,1,43,decode,4,4,0,4,4,0,24.370,374.370,0.470,1,373.900,398.900,128,2048,8,2048,noop,1,2048
realmachine,batch,4,1,44,decode,4,4,0,4,4,0,25.690,380.460,0.510,1,379.950,406.340,128,2048,8,2048,noop,1,2048
realmachine,batch,4,1,45,decode,4,4,0,4,4,0,24.190,375.710,0.450,1,375.260,400.040,128,2048,8,2048,noop,1,2048
realmachine,batch,4,1,46,decode,4,4,0,4,4,0,24.390,375.230,0.500,1,374.730,399.750,128,2048,8,2048,noop,1,2048
realmachine,batch,4,1,47,decode,4,4,0,4,4,0,25.110,387.240,0.530,1,386.710,412.530,128,2048,8,2048,noop,1,2048
realmachine,batch,4,1,48,decode,4,4,0,4,4,0,24.970,378.180,0.520,1,377.660,403.300,128,2048,8,2048,noop,1,2048
realmachine,batch,4,1,49,decode,4,4,0,4,4,0,24.690,376.850,0.540,1,376.310,401.700,128,2048,8,2048,noop,1,2048
realmachine,batch,4,1,50,decode,4,4,0,4,4,0,24.380,369.360,0.440,1,368.920,393.880,128,2048,8,2048,noop,1,2048
realmachine,batch,4,1,51,decode,4,4,0,4,4,0,23.750,367.840,0.510,1,367.330,391.770,128,2048,8,2048,noop,1,2048
realmachine,batch,4,1,52,decode,4,4,0,4,4,0,23.590,366.460,0.510,1,365.950,390.230,128,2048,8,2048,noop,1,2048
realmachine,batch,4,1,53,decode,4,4,0,4,4,0,23.060,364.310,0.500,1,363.810,387.540,128,2048,8,2048,noop,1,2048
realmachine,batch,4,1,54,decode,4,4,0,4,4,0,23.210,365.850,0.480,1,365.370,389.200,128,2048,8,2048,noop,1,2048
realmachine,batch,4,1,55,decode,4,4,0,4,4,0,23.690,365.500,0.420,1,365.080,389.320,128,2048,8,2048,noop,1,2048
realmachine,batch,4,1,56,decode,4,4,0,4,4,0,23.790,377.440,0.490,1,376.950,401.370,128,2048,8,2048,noop,1,2048
realmachine,batch,4,1,57,decode,4,4,0,4,4,0,24.170,373.490,0.480,1,373.010,397.770,128,2048,8,2048,noop,1,2048
realmachine,batch,4,1,58,decode,4,4,0,4,4,0,24.220,369.710,0.480,1,369.230,394.080,128,2048,8,2048,noop,1,2048
realmachine,batch,4,1,59,decode,4,4,0,4,4,0,23.410,367.360,0.410,1,366.950,390.980,128,2048,8,2048,noop,1,2048
realmachine,batch,4,1,60,decode,4,4,0,4,4,0,24.110,364.120,0.470,1,363.650,388.350,128,2048,8,2048,noop,1,2048
realmachine,batch,4,1,61,decode,4,4,0,4,4,0,23.910,367.830,0.410,1,367.420,391.850,128,2048,8,2048,noop,1,2048
realmachine,batch,4,2,0,decode,4,4,0,4,4,0,27.030,386.410,0.490,1,385.920,413.580,128,2048,8,2048,noop,1,2048
realmachine,batch,4,2,1,decode,4,4,0,4,4,0,26.730,382.110,0.510,1,381.600,408.980,128,2048,8,2048,noop,1,2048
realmachine,batch,4,2,2,decode,4,4,0,4,4,0,25.470,380.180,0.430,1,379.750,405.840,128,2048,8,2048,noop,1,2048
realmachine,batch,4,2,3,decode,4,4,0,4,4,0,25.860,379.880,0.500,1,379.380,405.900,128,2048,8,2048,noop,1,2048
realmachine,batch,4,2,4,decode,4,4,0,4,4,0,25.330,379.070,0.440,1,378.630,404.540,128,2048,8,2048,noop,1,2048
realmachine,batch,4,2,5,decode,4,4,0,4,4,0,26.400,379.940,0.520,1,379.420,406.500,128,2048,8,2048,noop,1,2048
realmachine,batch,4,2,6,decode,4,4,0,4,4,0,25.720,379.010,0.460,1,378.550,404.890,128,2048,8,2048,noop,1,2048
realmachine,batch,4,2,7,decode,4,4,0,4,4,0,25.150,376.130,0.440,1,375.690,401.460,128,2048,8,2048,noop,1,2048
realmachine,batch,4,2,8,decode,4,4,0,4,4,0,25.300,387.390,0.530,1,386.860,412.830,128,2048,8,2048,noop,1,2048
realmachine,batch,4,2,9,decode,4,4,0,4,4,0,25.490,379.660,0.540,1,379.120,405.320,128,2048,8,2048,noop,1,2048
realmachine,batch,4,2,10,decode,4,4,0,4,4,0,25.730,381.990,0.510,1,381.480,407.870,128,2048,8,2048,noop,1,2048
realmachine,batch,4,2,11,decode,4,4,0,4,4,0,25.000,378.530,0.460,1,378.070,403.690,128,2048,8,2048,noop,1,2048
realmachine,batch,4,2,12,decode,4,4,0,4,4,0,24.800,379.620,0.500,1,379.120,404.600,128,2048,8,2048,noop,1,2048
realmachine,batch,4,2,13,decode,4,4,0,4,4,0,25.260,379.230,0.450,1,378.780,404.680,128,2048,8,2048,noop,1,2048
realmachine,batch,4,2,14,decode,4,4,0,4,4,0,24.520,377.240,0.570,1,376.670,401.910,128,2048,8,2048,noop,1,2048
realmachine,batch,4,2,15,decode,4,4,0,4,4,0,24.500,377.490,0.510,1,376.980,402.150,128,2048,8,2048,noop,1,2048
realmachine,batch,4,2,16,decode,4,4,0,4,4,0,24.660,377.000,0.450,1,376.550,401.840,128,2048,8,2048,noop,1,2048
realmachine,batch,4,2,17,decode,4,4,0,4,4,0,39.140,384.940,0.480,1,384.460,424.240,128,2048,8,2048,noop,1,2048
realmachine,batch,4,2,18,decode,4,4,0,4,4,0,24.230,376.980,0.470,1,376.510,401.380,128,2048,8,2048,noop,1,2048
realmachine,batch,4,2,19,decode,4,4,0,4,4,0,24.110,376.990,0.450,1,376.540,401.270,128,2048,8,2048,noop,1,2048
realmachine,batch,4,2,20,decode,4,4,0,4,4,0,24.250,376.440,0.440,1,376.000,400.830,128,2048,8,2048,noop,1,2048
realmachine,batch,4,2,21,decode,4,4,0,4,4,0,24.560,376.320,0.490,1,375.830,401.040,128,2048,8,2048,noop,1,2048
realmachine,batch,4,2,22,decode,4,4,0,4,4,0,23.710,376.040,0.400,1,375.640,399.900,128,2048,8,2048,noop,1,2048
realmachine,batch,4,2,23,decode,4,4,0,4,4,0,23.810,374.930,0.440,1,374.490,398.910,128,2048,8,2048,noop,1,2048
realmachine,batch,4,2,24,decode,4,4,0,4,4,0,24.610,375.080,0.480,1,374.600,399.840,128,2048,8,2048,noop,1,2048
realmachine,batch,4,2,25,decode,4,4,0,4,4,0,23.750,374.870,0.540,1,374.330,398.810,128,2048,8,2048,noop,1,2048
realmachine,batch,4,2,26,decode,4,4,0,4,4,0,24.340,395.950,0.550,1,395.400,420.480,128,2048,8,2048,noop,1,2048
realmachine,batch,4,2,27,decode,4,4,0,4,4,0,220.050,434.060,0.560,1,433.500,654.270,128,2048,8,2048,noop,1,2048
realmachine,batch,4,2,28,decode,4,4,0,4,4,0,27.270,388.510,0.530,1,387.980,415.930,128,2048,8,2048,noop,1,2048
realmachine,batch,4,2,29,decode,4,4,0,4,4,0,25.630,384.010,0.450,1,383.560,409.810,128,2048,8,2048,noop,1,2048
realmachine,batch,4,2,30,decode,4,4,0,4,4,0,25.380,383.210,0.470,1,382.740,408.730,128,2048,8,2048,noop,1,2048
realmachine,batch,4,2,31,decode,4,4,0,4,4,0,25.200,382.030,0.430,1,381.600,407.370,128,2048,8,2048,noop,1,2048
realmachine,batch,4,2,32,decode,4,4,0,4,4,0,24.770,380.300,0.450,1,379.850,405.240,128,2048,8,2048,noop,1,2048
realmachine,batch,4,2,33,decode,4,4,0,4,4,0,24.880,381.390,0.490,1,380.900,406.410,128,2048,8,2048,noop,1,2048
realmachine,batch,4,2,34,decode,4,4,0,4,4,0,24.220,394.900,0.410,1,394.490,419.310,128,2048,8,2048,noop,1,2048
realmachine,batch,4,2,35,decode,4,4,0,4,4,0,25.240,382.900,0.420,1,382.480,408.290,128,2048,8,2048,noop,1,2048
realmachine,batch,4,2,36,decode,4,4,0,4,4,0,24.960,380.170,0.510,1,379.660,405.280,128,2048,8,2048,noop,1,2048
realmachine,batch,4,2,37,decode,4,4,0,4,4,0,24.540,378.030,0.440,1,377.590,402.740,128,2048,8,2048,noop,1,2048
realmachine,batch,4,2,38,decode,4,4,0,4,4,0,23.960,380.360,0.450,1,379.910,404.500,128,2048,8,2048,noop,1,2048
realmachine,batch,4,2,39,decode,4,4,0,4,4,0,23.860,379.300,0.430,1,378.870,403.300,128,2048,8,2048,noop,1,2048
realmachine,batch,4,2,40,decode,4,4,0,4,4,0,24.400,379.830,0.490,1,379.340,404.400,128,2048,8,2048,noop,1,2048
realmachine,batch,4,2,41,decode,4,4,0,4,4,0,24.320,379.440,0.430,1,379.010,403.920,128,2048,8,2048,noop,1,2048
realmachine,batch,4,2,42,decode,4,4,0,4,4,0,24.640,378.790,0.450,1,378.340,403.600,128,2048,8,2048,noop,1,2048
realmachine,batch,4,2,43,decode,4,4,0,4,4,0,24.370,398.320,0.490,1,397.830,422.870,128,2048,8,2048,noop,1,2048
realmachine,batch,4,2,44,decode,4,4,0,4,4,0,24.940,380.360,0.480,1,379.880,405.490,128,2048,8,2048,noop,1,2048
realmachine,batch,4,2,45,decode,4,4,0,4,4,0,24.470,380.260,0.480,1,379.780,404.890,128,2048,8,2048,noop,1,2048
realmachine,batch,4,2,46,decode,4,4,0,4,4,0,24.350,382.090,0.500,1,381.590,406.610,128,2048,8,2048,noop,1,2048
realmachine,batch,4,2,47,decode,4,4,0,4,4,0,24.640,382.780,0.440,1,382.340,407.570,128,2048,8,2048,noop,1,2048
realmachine,batch,4,2,48,decode,4,4,0,4,4,0,24.440,378.230,0.450,1,377.780,402.820,128,2048,8,2048,noop,1,2048
realmachine,batch,4,2,49,decode,4,4,0,4,4,0,24.830,381.190,0.450,1,380.740,406.210,128,2048,8,2048,noop,1,2048
realmachine,batch,4,2,50,decode,4,4,0,4,4,0,24.600,372.440,0.440,1,372.000,397.240,128,2048,8,2048,noop,1,2048
realmachine,batch,4,2,51,decode,4,4,0,4,4,0,24.190,370.110,0.490,1,369.620,394.490,128,2048,8,2048,noop,1,2048
realmachine,batch,4,2,52,decode,4,4,0,4,4,0,24.100,391.230,0.560,1,390.670,415.470,128,2048,8,2048,noop,1,2048
realmachine,batch,4,2,53,decode,4,4,0,4,4,0,24.930,375.170,0.450,1,374.720,400.300,128,2048,8,2048,noop,1,2048
realmachine,batch,4,2,54,decode,4,4,0,4,4,0,23.880,372.850,0.480,1,372.370,396.860,128,2048,8,2048,noop,1,2048
realmachine,batch,4,2,55,decode,4,4,0,4,4,0,24.270,371.810,0.420,1,371.390,396.220,128,2048,8,2048,noop,1,2048
realmachine,batch,4,2,56,decode,4,4,0,4,4,0,24.150,369.140,0.480,1,368.660,393.480,128,2048,8,2048,noop,1,2048
realmachine,batch,4,2,57,decode,4,4,0,4,4,0,23.760,366.850,0.460,1,366.390,390.730,128,2048,8,2048,noop,1,2048
realmachine,batch,4,2,58,decode,4,4,0,4,4,0,23.700,368.730,0.470,1,368.260,392.570,128,2048,8,2048,noop,1,2048
realmachine,batch,4,2,59,decode,4,4,0,4,4,0,23.950,368.690,0.410,1,368.280,392.810,128,2048,8,2048,noop,1,2048
realmachine,batch,4,2,60,decode,4,4,0,4,4,0,23.650,372.230,0.480,1,371.750,396.080,128,2048,8,2048,noop,1,2048
realmachine,batch,4,2,61,decode,4,4,0,4,4,0,24.000,369.360,0.440,1,368.920,393.510,128,2048,8,2048,noop,1,2048
realmachine,batch,8,0,0,decode,8,8,0,8,8,0,34.370,385.390,0.500,1,384.890,419.950,128,2048,8,2048,noop,1,2048
realmachine,batch,8,0,1,decode,8,8,0,8,8,0,33.320,382.170,0.510,1,381.660,415.630,128,2048,8,2048,noop,1,2048
realmachine,batch,8,0,2,decode,8,8,0,8,8,0,32.940,380.800,0.530,1,380.270,413.890,128,2048,8,2048,noop,1,2048
realmachine,batch,8,0,3,decode,8,8,0,8,8,0,32.670,399.190,0.500,1,398.690,432.020,128,2048,8,2048,noop,1,2048
realmachine,batch,8,0,4,decode,8,8,0,8,8,0,32.990,382.190,0.490,1,381.700,415.360,128,2048,8,2048,noop,1,2048
realmachine,batch,8,0,5,decode,8,8,0,8,8,0,32.140,379.160,0.500,1,378.660,411.450,128,2048,8,2048,noop,1,2048
realmachine,batch,8,0,6,decode,8,8,0,8,8,0,31.720,378.080,0.550,1,377.530,409.940,128,2048,8,2048,noop,1,2048
realmachine,batch,8,0,7,decode,8,8,0,8,8,0,30.830,378.030,0.490,1,377.540,409.010,128,2048,8,2048,noop,1,2048
realmachine,batch,8,0,8,decode,8,8,0,8,8,0,30.650,378.000,0.560,1,377.440,408.830,128,2048,8,2048,noop,1,2048
realmachine,batch,8,0,9,decode,8,8,0,8,8,0,31.020,379.470,0.560,1,378.910,410.640,128,2048,8,2048,noop,1,2048
realmachine,batch,8,0,10,decode,8,8,0,8,8,0,30.630,377.410,0.470,1,376.940,408.220,128,2048,8,2048,noop,1,2048
realmachine,batch,8,0,11,decode,8,8,0,8,8,0,30.750,378.560,0.470,1,378.090,409.470,128,2048,8,2048,noop,1,2048
realmachine,batch,8,0,12,decode,8,8,0,8,8,0,30.910,490.050,0.470,1,489.580,521.100,128,2048,8,2048,noop,1,2048
realmachine,batch,8,0,13,decode,8,8,0,8,8,0,32.720,381.750,0.450,1,381.300,414.650,128,2048,8,2048,noop,1,2048
realmachine,batch,8,0,14,decode,8,8,0,8,8,0,30.740,378.080,0.520,1,377.560,408.960,128,2048,8,2048,noop,1,2048
realmachine,batch,8,0,15,decode,8,8,0,8,8,0,30.940,377.550,0.550,1,377.000,408.640,128,2048,8,2048,noop,1,2048
realmachine,batch,8,0,16,decode,8,8,0,8,8,0,31.710,377.870,0.440,1,377.430,409.760,128,2048,8,2048,noop,1,2048
realmachine,batch,8,0,17,decode,8,8,0,8,8,0,31.430,377.680,0.510,1,377.170,409.280,128,2048,8,2048,noop,1,2048
realmachine,batch,8,0,18,decode,8,8,0,8,8,0,31.320,378.040,0.550,1,377.490,409.500,128,2048,8,2048,noop,1,2048
realmachine,batch,8,0,19,decode,8,8,0,8,8,0,31.290,379.360,0.470,1,378.890,410.820,128,2048,8,2048,noop,1,2048
realmachine,batch,8,0,20,decode,8,8,0,8,8,0,31.220,389.300,0.520,1,388.780,420.670,128,2048,8,2048,noop,1,2048
realmachine,batch,8,0,21,decode,8,8,0,8,8,0,32.020,382.730,0.500,1,382.230,414.900,128,2048,8,2048,noop,1,2048
realmachine,batch,8,0,22,decode,8,8,0,8,8,0,31.030,378.120,0.430,1,377.690,409.280,128,2048,8,2048,noop,1,2048
realmachine,batch,8,0,23,decode,8,8,0,8,8,0,31.260,375.550,0.480,1,375.070,406.990,128,2048,8,2048,noop,1,2048
realmachine,batch,8,0,24,decode,8,8,0,8,8,0,30.800,376.290,0.470,1,375.820,407.270,128,2048,8,2048,noop,1,2048
realmachine,batch,8,0,25,decode,8,8,0,8,8,0,30.740,376.590,0.500,1,376.090,407.500,128,2048,8,2048,noop,1,2048
realmachine,batch,8,0,26,decode,8,8,0,8,8,0,30.680,375.720,0.420,1,375.300,406.590,128,2048,8,2048,noop,1,2048
realmachine,batch,8,0,27,decode,8,8,0,8,8,0,30.620,373.750,0.490,1,373.260,404.510,128,2048,8,2048,noop,1,2048
realmachine,batch,8,0,28,decode,8,8,0,8,8,0,31.000,375.400,0.490,1,374.910,406.590,128,2048,8,2048,noop,1,2048
realmachine,batch,8,0,29,decode,8,8,0,8,8,0,30.690,389.560,0.500,1,389.060,420.390,128,2048,8,2048,noop,1,2048
realmachine,batch,8,0,30,decode,8,8,0,8,8,0,31.490,377.630,0.500,1,377.130,409.280,128,2048,8,2048,noop,1,2048
realmachine,batch,8,0,31,decode,8,8,0,8,8,0,30.870,374.440,0.480,1,373.960,405.490,128,2048,8,2048,noop,1,2048
realmachine,batch,8,0,32,decode,8,8,0,8,8,0,30.520,375.090,0.490,1,374.600,405.760,128,2048,8,2048,noop,1,2048
realmachine,batch,8,0,33,decode,8,8,0,8,8,0,30.860,378.300,0.520,1,377.780,409.300,128,2048,8,2048,noop,1,2048
realmachine,batch,8,0,34,decode,8,8,0,8,8,0,30.970,375.150,0.480,1,374.670,406.300,128,2048,8,2048,noop,1,2048
realmachine,batch,8,0,35,decode,8,8,0,8,8,0,31.240,373.270,0.520,1,372.750,404.650,128,2048,8,2048,noop,1,2048
realmachine,batch,8,0,36,decode,8,8,0,8,8,0,30.350,376.730,0.450,1,376.280,407.250,128,2048,8,2048,noop,1,2048
realmachine,batch,8,0,37,decode,8,8,0,8,8,0,31.420,378.780,0.490,1,378.290,410.380,128,2048,8,2048,noop,1,2048
realmachine,batch,8,0,38,decode,8,8,0,8,8,0,31.380,390.710,0.460,1,390.250,422.270,128,2048,8,2048,noop,1,2048
realmachine,batch,8,0,39,decode,8,8,0,8,8,0,30.890,377.980,0.510,1,377.470,409.020,128,2048,8,2048,noop,1,2048
realmachine,batch,8,0,40,decode,8,8,0,8,8,0,30.910,372.910,0.510,1,372.400,403.980,128,2048,8,2048,noop,1,2048
realmachine,batch,8,0,41,decode,8,8,0,8,8,0,30.240,378.170,0.520,1,377.650,408.590,128,2048,8,2048,noop,1,2048
realmachine,batch,8,0,42,decode,8,8,0,8,8,0,30.680,373.350,0.440,1,372.910,404.150,128,2048,8,2048,noop,1,2048
realmachine,batch,8,0,43,decode,8,8,0,8,8,0,30.720,374.360,0.400,1,373.960,405.190,128,2048,8,2048,noop,1,2048
realmachine,batch,8,0,44,decode,8,8,0,8,8,0,31.070,376.960,0.480,1,376.480,408.180,128,2048,8,2048,noop,1,2048
realmachine,batch,8,0,45,decode,8,8,0,8,8,0,31.010,375.370,0.480,1,374.890,406.520,128,2048,8,2048,noop,1,2048
realmachine,batch,8,0,46,decode,8,8,0,8,8,0,31.000,373.970,0.490,1,373.480,405.120,128,2048,8,2048,noop,1,2048
realmachine,batch,8,0,47,decode,8,8,0,8,8,0,31.370,394.300,0.530,1,393.770,425.800,128,2048,8,2048,noop,1,2048
realmachine,batch,8,0,48,decode,8,8,0,8,8,0,31.430,377.990,0.490,1,377.500,409.550,128,2048,8,2048,noop,1,2048
realmachine,batch,8,0,49,decode,8,8,0,8,8,0,31.150,377.010,0.460,1,376.550,408.300,128,2048,8,2048,noop,1,2048
realmachine,batch,8,0,50,decode,8,8,0,8,8,0,29.930,368.170,0.500,1,367.670,398.260,128,2048,8,2048,noop,1,2048
realmachine,batch,8,0,51,decode,8,8,0,8,8,0,30.290,368.480,0.540,1,367.940,398.950,128,2048,8,2048,noop,1,2048
realmachine,batch,8,0,52,decode,8,8,0,8,8,0,29.940,367.150,0.480,1,366.670,397.240,128,2048,8,2048,noop,1,2048
realmachine,batch,8,0,53,decode,8,8,0,8,8,0,30.940,367.000,0.410,1,366.590,398.070,128,2048,8,2048,noop,1,2048
realmachine,batch,8,0,54,decode,8,8,0,8,8,0,30.900,369.390,0.460,1,368.930,400.450,128,2048,8,2048,noop,1,2048
realmachine,batch,8,0,55,decode,8,8,0,8,8,0,30.060,365.930,0.370,1,365.560,396.130,128,2048,8,2048,noop,1,2048
realmachine,batch,8,0,56,decode,8,8,0,8,8,0,29.860,380.260,0.490,1,379.770,410.270,128,2048,8,2048,noop,1,2048
realmachine,batch,8,0,57,decode,8,8,0,8,8,0,30.520,376.110,0.490,1,375.620,406.780,128,2048,8,2048,noop,1,2048
realmachine,batch,8,0,58,decode,8,8,0,8,8,0,30.730,367.030,0.380,1,366.650,397.900,128,2048,8,2048,noop,1,2048
realmachine,batch,8,0,59,decode,8,8,0,8,8,0,30.480,367.820,0.460,1,367.360,398.470,128,2048,8,2048,noop,1,2048
realmachine,batch,8,0,60,decode,8,8,0,8,8,0,30.300,368.540,0.550,1,367.990,399.040,128,2048,8,2048,noop,1,2048
realmachine,batch,8,0,61,decode,8,8,0,8,8,0,30.340,368.920,0.500,1,368.420,399.440,128,2048,8,2048,noop,1,2048
realmachine,batch,8,1,0,decode,8,8,0,8,8,0,34.170,383.170,0.490,1,382.680,417.510,128,2048,8,2048,noop,1,2048
realmachine,batch,8,1,1,decode,8,8,0,8,8,0,33.870,382.470,0.530,1,381.940,416.480,128,2048,8,2048,noop,1,2048
realmachine,batch,8,1,2,decode,8,8,0,8,8,0,33.350,382.140,0.460,1,381.680,415.670,128,2048,8,2048,noop,1,2048
realmachine,batch,8,1,3,decode,8,8,0,8,8,0,32.080,378.910,0.470,1,378.440,411.180,128,2048,8,2048,noop,1,2048
realmachine,batch,8,1,4,decode,8,8,0,8,8,0,32.960,380.290,0.440,1,379.850,413.430,128,2048,8,2048,noop,1,2048
realmachine,batch,8,1,5,decode,8,8,0,8,8,0,31.170,381.120,0.460,1,380.660,412.440,128,2048,8,2048,noop,1,2048
realmachine,batch,8,1,6,decode,8,8,0,8,8,0,30.810,380.480,0.530,1,379.950,411.440,128,2048,8,2048,noop,1,2048
realmachine,batch,8,1,7,decode,8,8,0,8,8,0,32.110,386.120,0.440,1,385.680,418.370,128,2048,8,2048,noop,1,2048
realmachine,batch,8,1,8,decode,8,8,0,8,8,0,30.980,381.600,0.460,1,381.140,412.720,128,2048,8,2048,noop,1,2048
realmachine,batch,8,1,9,decode,8,8,0,8,8,0,31.440,378.660,0.440,1,378.220,410.240,128,2048,8,2048,noop,1,2048
realmachine,batch,8,1,10,decode,8,8,0,8,8,0,30.620,377.590,0.480,1,377.110,408.360,128,2048,8,2048,noop,1,2048
realmachine,batch,8,1,11,decode,8,8,0,8,8,0,30.460,376.510,0.520,1,375.990,407.120,128,2048,8,2048,noop,1,2048
realmachine,batch,8,1,12,decode,8,8,0,8,8,0,30.500,377.980,0.470,1,377.510,408.630,128,2048,8,2048,noop,1,2048
realmachine,batch,8,1,13,decode,8,8,0,8,8,0,31.050,376.480,0.490,1,375.990,407.670,128,2048,8,2048,noop,1,2048
realmachine,batch,8,1,14,decode,8,8,0,8,8,0,31.020,379.250,0.440,1,378.810,410.460,128,2048,8,2048,noop,1,2048
realmachine,batch,8,1,15,decode,8,8,0,8,8,0,31.610,395.250,0.550,1,394.700,427.030,128,2048,8,2048,noop,1,2048
realmachine,batch,8,1,16,decode,8,8,0,8,8,0,31.390,384.780,0.450,1,384.330,416.360,128,2048,8,2048,noop,1,2048
realmachine,batch,8,1,17,decode,8,8,0,8,8,0,30.970,380.930,0.440,1,380.490,412.060,128,2048,8,2048,noop,1,2048
realmachine,batch,8,1,18,decode,8,8,0,8,8,0,31.090,379.200,0.410,1,378.790,410.440,128,2048,8,2048,noop,1,2048
realmachine,batch,8,1,19,decode,8,8,0,8,8,0,30.840,378.340,0.440,1,377.900,409.320,128,2048,8,2048,noop,1,2048
realmachine,batch,8,1,20,decode,8,8,0,8,8,0,31.880,376.010,0.440,1,375.570,408.030,128,2048,8,2048,noop,1,2048
realmachine,batch,8,1,21,decode,8,8,0,8,8,0,30.560,379.250,0.420,1,378.830,409.960,128,2048,8,2048,noop,1,2048
realmachine,batch,8,1,22,decode,8,8,0,8,8,0,30.890,380.700,0.460,1,380.240,411.780,128,2048,8,2048,noop,1,2048
realmachine,batch,8,1,23,decode,8,8,0,8,8,0,30.530,377.520,0.440,1,377.080,408.220,128,2048,8,2048,noop,1,2048
realmachine,batch,8,1,24,decode,8,8,0,8,8,0,30.770,397.990,0.500,1,397.490,428.930,128,2048,8,2048,noop,1,2048
realmachine,batch,8,1,25,decode,8,8,0,8,8,0,31.500,382.770,0.500,1,382.270,414.460,128,2048,8,2048,noop,1,2048
realmachine,batch,8,1,26,decode,8,8,0,8,8,0,31.130,377.850,0.450,1,377.400,409.150,128,2048,8,2048,noop,1,2048
realmachine,batch,8,1,27,decode,8,8,0,8,8,0,30.700,378.000,0.450,1,377.550,408.850,128,2048,8,2048,noop,1,2048
realmachine,batch,8,1,28,decode,8,8,0,8,8,0,30.760,379.150,0.470,1,378.680,410.060,128,2048,8,2048,noop,1,2048
realmachine,batch,8,1,29,decode,8,8,0,8,8,0,30.740,381.560,0.470,1,381.090,412.500,128,2048,8,2048,noop,1,2048
realmachine,batch,8,1,30,decode,8,8,0,8,8,0,30.200,378.010,0.450,1,377.560,408.400,128,2048,8,2048,noop,1,2048
realmachine,batch,8,1,31,decode,8,8,0,8,8,0,30.350,377.770,0.470,1,377.300,408.280,128,2048,8,2048,noop,1,2048
realmachine,batch,8,1,32,decode,8,8,0,8,8,0,30.530,379.090,0.460,1,378.630,409.790,128,2048,8,2048,noop,1,2048
realmachine,batch,8,1,33,decode,8,8,0,8,8,0,30.910,392.170,0.500,1,391.670,423.250,128,2048,8,2048,noop,1,2048
realmachine,batch,8,1,34,decode,8,8,0,8,8,0,31.390,380.940,0.450,1,380.490,412.500,128,2048,8,2048,noop,1,2048
realmachine,batch,8,1,35,decode,8,8,0,8,8,0,31.320,380.070,0.460,1,379.610,411.570,128,2048,8,2048,noop,1,2048
realmachine,batch,8,1,36,decode,8,8,0,8,8,0,31.200,378.100,0.460,1,377.640,409.470,128,2048,8,2048,noop,1,2048
realmachine,batch,8,1,37,decode,8,8,0,8,8,0,31.510,378.380,0.430,1,377.950,410.030,128,2048,8,2048,noop,1,2048
realmachine,batch,8,1,38,decode,8,8,0,8,8,0,31.000,379.410,0.440,1,378.970,410.560,128,2048,8,2048,noop,1,2048
realmachine,batch,8,1,39,decode,8,8,0,8,8,0,31.150,378.400,0.370,1,378.030,409.710,128,2048,8,2048,noop,1,2048
realmachine,batch,8,1,40,decode,8,8,0,8,8,0,30.650,378.190,0.430,1,377.760,409.030,128,2048,8,2048,noop,1,2048
realmachine,batch,8,1,41,decode,8,8,0,8,8,0,30.930,379.780,0.420,1,379.360,410.870,128,2048,8,2048,noop,1,2048
realmachine,batch,8,1,42,decode,8,8,0,8,8,0,30.650,390.660,0.460,1,390.200,421.490,128,2048,8,2048,noop,1,2048
realmachine,batch,8,1,43,decode,8,8,0,8,8,0,31.400,380.890,0.540,1,380.350,412.480,128,2048,8,2048,noop,1,2048
realmachine,batch,8,1,44,decode,8,8,0,8,8,0,31.600,376.550,0.520,1,376.030,408.330,128,2048,8,2048,noop,1,2048
realmachine,batch,8,1,45,decode,8,8,0,8,8,0,30.760,380.300,0.510,1,379.790,411.210,128,2048,8,2048,noop,1,2048
realmachine,batch,8,1,46,decode,8,8,0,8,8,0,30.200,377.990,0.510,1,377.480,408.340,128,2048,8,2048,noop,1,2048
realmachine,batch,8,1,47,decode,8,8,0,8,8,0,30.570,377.500,0.490,1,377.010,408.210,128,2048,8,2048,noop,1,2048
realmachine,batch,8,1,48,decode,8,8,0,8,8,0,30.450,377.460,0.480,1,376.980,408.080,128,2048,8,2048,noop,1,2048
realmachine,batch,8,1,49,decode,8,8,0,8,8,0,31.060,377.250,0.520,1,376.730,408.460,128,2048,8,2048,noop,1,2048
realmachine,batch,8,1,50,decode,8,8,0,8,8,0,30.110,372.030,0.460,1,371.570,402.340,128,2048,8,2048,noop,1,2048
realmachine,batch,8,1,51,decode,8,8,0,8,8,0,29.680,390.730,0.520,1,390.210,420.570,128,2048,8,2048,noop,1,2048
realmachine,batch,8,1,52,decode,8,8,0,8,8,0,30.760,371.600,0.440,1,371.160,402.530,128,2048,8,2048,noop,1,2048
realmachine,batch,8,1,53,decode,8,8,0,8,8,0,30.410,370.330,0.380,1,369.950,400.940,128,2048,8,2048,noop,1,2048
realmachine,batch,8,1,54,decode,8,8,0,8,8,0,30.300,367.140,0.440,1,366.700,397.600,128,2048,8,2048,noop,1,2048
realmachine,batch,8,1,55,decode,8,8,0,8,8,0,29.690,366.810,0.440,1,366.370,396.680,128,2048,8,2048,noop,1,2048
realmachine,batch,8,1,56,decode,8,8,0,8,8,0,29.720,369.120,0.500,1,368.620,399.020,128,2048,8,2048,noop,1,2048
realmachine,batch,8,1,57,decode,8,8,0,8,8,0,30.270,368.850,0.480,1,368.370,399.270,128,2048,8,2048,noop,1,2048
realmachine,batch,8,1,58,decode,8,8,0,8,8,0,29.750,371.380,0.510,1,370.870,401.280,128,2048,8,2048,noop,1,2048
realmachine,batch,8,1,59,decode,8,8,0,8,8,0,29.340,373.450,0.510,1,372.940,402.950,128,2048,8,2048,noop,1,2048
realmachine,batch,8,1,60,decode,8,8,0,8,8,0,30.220,388.120,0.510,1,387.610,418.490,128,2048,8,2048,noop,1,2048
realmachine,batch,8,1,61,decode,8,8,0,8,8,0,30.840,568.050,0.530,1,567.520,599.050,128,2048,8,2048,noop,1,2048
realmachine,batch,8,2,0,decode,8,8,0,8,8,0,34.170,411.080,0.550,1,410.530,445.400,128,2048,8,2048,noop,1,2048
realmachine,batch,8,2,1,decode,8,8,0,8,8,0,34.280,389.720,0.530,1,389.190,424.190,128,2048,8,2048,noop,1,2048
realmachine,batch,8,2,2,decode,8,8,0,8,8,0,32.990,381.170,0.550,1,380.620,414.310,128,2048,8,2048,noop,1,2048
realmachine,batch,8,2,3,decode,8,8,0,8,8,0,32.300,379.870,0.490,1,379.380,412.320,128,2048,8,2048,noop,1,2048
realmachine,batch,8,2,4,decode,8,8,0,8,8,0,32.390,380.310,0.440,1,379.870,412.890,128,2048,8,2048,noop,1,2048
realmachine,batch,8,2,5,decode,8,8,0,8,8,0,31.690,380.960,0.510,1,380.450,412.790,128,2048,8,2048,noop,1,2048
realmachine,batch,8,2,6,decode,8,8,0,8,8,0,30.920,379.300,0.430,1,378.870,410.380,128,2048,8,2048,noop,1,2048
realmachine,batch,8,2,7,decode,8,8,0,8,8,0,30.390,377.830,0.480,1,377.350,408.390,128,2048,8,2048,noop,1,2048
realmachine,batch,8,2,8,decode,8,8,0,8,8,0,31.300,380.720,0.490,1,380.230,412.200,128,2048,8,2048,noop,1,2048
realmachine,batch,8,2,9,decode,8,8,0,8,8,0,30.670,400.480,0.530,1,399.950,431.340,128,2048,8,2048,noop,1,2048
realmachine,batch,8,2,10,decode,8,8,0,8,8,0,31.200,381.820,0.530,1,381.290,413.180,128,2048,8,2048,noop,1,2048
realmachine,batch,8,2,11,decode,8,8,0,8,8,0,31.330,377.400,0.520,1,376.880,408.870,128,2048,8,2048,noop,1,2048
realmachine,batch,8,2,12,decode,8,8,0,8,8,0,30.770,379.110,0.470,1,378.640,410.030,128,2048,8,2048,noop,1,2048
realmachine,batch,8,2,13,decode,8,8,0,8,8,0,30.880,378.190,0.500,1,377.690,409.210,128,2048,8,2048,noop,1,2048
realmachine,batch,8,2,14,decode,8,8,0,8,8,0,30.940,376.170,0.440,1,375.730,407.260,128,2048,8,2048,noop,1,2048
realmachine,batch,8,2,15,decode,8,8,0,8,8,0,30.460,376.380,0.420,1,375.960,406.990,128,2048,8,2048,noop,1,2048
realmachine,batch,8,2,16,decode,8,8,0,8,8,0,30.990,374.850,0.500,1,374.350,406.010,128,2048,8,2048,noop,1,2048
realmachine,batch,8,2,17,decode,8,8,0,8,8,0,30.880,376.300,0.460,1,375.840,407.370,128,2048,8,2048,noop,1,2048
realmachine,batch,8,2,18,decode,8,8,0,8,8,0,30.790,410.050,0.530,1,409.520,441.020,128,2048,8,2048,noop,1,2048
realmachine,batch,8,2,19,decode,8,8,0,8,8,0,33.320,391.580,0.580,1,391.000,425.080,128,2048,8,2048,noop,1,2048
realmachine,batch,8,2,20,decode,8,8,0,8,8,0,30.680,379.250,0.500,1,378.750,410.100,128,2048,8,2048,noop,1,2048
realmachine,batch,8,2,21,decode,8,8,0,8,8,0,31.200,375.800,0.490,1,375.310,407.150,128,2048,8,2048,noop,1,2048
realmachine,batch,8,2,22,decode,8,8,0,8,8,0,30.620,376.310,0.500,1,375.810,407.080,128,2048,8,2048,noop,1,2048
realmachine,batch,8,2,23,decode,8,8,0,8,8,0,31.350,377.100,0.460,1,376.640,408.600,128,2048,8,2048,noop,1,2048
realmachine,batch,8,2,24,decode,8,8,0,8,8,0,30.420,377.680,0.550,1,377.130,408.290,128,2048,8,2048,noop,1,2048
realmachine,batch,8,2,25,decode,8,8,0,8,8,0,30.440,375.920,0.490,1,375.430,406.530,128,2048,8,2048,noop,1,2048
realmachine,batch,8,2,26,decode,8,8,0,8,8,0,30.980,377.330,0.540,1,376.790,408.440,128,2048,8,2048,noop,1,2048
realmachine,batch,8,2,27,decode,8,8,0,8,8,0,31.420,402.870,0.500,1,402.370,434.460,128,2048,8,2048,noop,1,2048
realmachine,batch,8,2,28,decode,8,8,0,8,8,0,31.640,377.470,0.450,1,377.020,409.280,128,2048,8,2048,noop,1,2048
realmachine,batch,8,2,29,decode,8,8,0,8,8,0,31.180,377.910,0.560,1,377.350,409.270,128,2048,8,2048,noop,1,2048
realmachine,batch,8,2,30,decode,8,8,0,8,8,0,31.440,377.260,0.550,1,376.710,408.840,128,2048,8,2048,noop,1,2048
realmachine,batch,8,2,31,decode,8,8,0,8,8,0,31.010,378.830,0.540,1,378.290,410.020,128,2048,8,2048,noop,1,2048
realmachine,batch,8,2,32,decode,8,8,0,8,8,0,30.710,376.360,0.460,1,375.900,407.260,128,2048,8,2048,noop,1,2048
realmachine,batch,8,2,33,decode,8,8,0,8,8,0,31.130,379.100,0.430,1,378.670,410.440,128,2048,8,2048,noop,1,2048
realmachine,batch,8,2,34,decode,8,8,0,8,8,0,31.090,374.290,0.530,1,373.760,405.550,128,2048,8,2048,noop,1,2048
realmachine,batch,8,2,35,decode,8,8,0,8,8,0,30.760,378.360,0.540,1,377.820,409.300,128,2048,8,2048,noop,1,2048
realmachine,batch,8,2,36,decode,8,8,0,8,8,0,31.880,386.600,0.500,1,386.100,418.660,128,2048,8,2048,noop,1,2048
realmachine,batch,8,2,37,decode,8,8,0,8,8,0,31.060,377.120,0.470,1,376.650,408.340,128,2048,8,2048,noop,1,2048
realmachine,batch,8,2,38,decode,8,8,0,8,8,0,30.500,377.450,0.490,1,376.960,408.130,128,2048,8,2048,noop,1,2048
realmachine,batch,8,2,39,decode,8,8,0,8,8,0,30.860,380.060,0.530,1,379.530,411.090,128,2048,8,2048,noop,1,2048
realmachine,batch,8,2,40,decode,8,8,0,8,8,0,30.310,377.370,0.490,1,376.880,407.850,128,2048,8,2048,noop,1,2048
realmachine,batch,8,2,41,decode,8,8,0,8,8,0,30.890,377.270,0.480,1,376.790,408.330,128,2048,8,2048,noop,1,2048
realmachine,batch,8,2,42,decode,8,8,0,8,8,0,31.110,379.160,0.500,1,378.660,410.410,128,2048,8,2048,noop,1,2048
realmachine,batch,8,2,43,decode,8,8,0,8,8,0,30.690,376.580,0.520,1,376.060,407.450,128,2048,8,2048,noop,1,2048
realmachine,batch,8,2,44,decode,8,8,0,8,8,0,30.620,395.120,0.500,1,394.620,425.880,128,2048,8,2048,noop,1,2048
realmachine,batch,8,2,45,decode,8,8,0,8,8,0,31.980,384.750,0.510,1,384.240,416.900,128,2048,8,2048,noop,1,2048
realmachine,batch,8,2,46,decode,8,8,0,8,8,0,31.150,381.670,0.460,1,381.210,412.970,128,2048,8,2048,noop,1,2048
realmachine,batch,8,2,47,decode,8,8,0,8,8,0,30.670,381.340,0.460,1,380.880,412.190,128,2048,8,2048,noop,1,2048
realmachine,batch,8,2,48,decode,8,8,0,8,8,0,31.440,380.740,0.490,1,380.250,412.370,128,2048,8,2048,noop,1,2048
realmachine,batch,8,2,49,decode,8,8,0,8,8,0,31.660,375.270,0.430,1,374.840,407.110,128,2048,8,2048,noop,1,2048
realmachine,batch,8,2,50,decode,8,8,0,8,8,0,30.810,370.070,0.470,1,369.600,401.060,128,2048,8,2048,noop,1,2048
realmachine,batch,8,2,51,decode,8,8,0,8,8,0,31.080,369.390,0.510,1,368.880,400.640,128,2048,8,2048,noop,1,2048
realmachine,batch,8,2,52,decode,8,8,0,8,8,0,30.690,367.390,0.500,1,366.890,398.210,128,2048,8,2048,noop,1,2048
realmachine,batch,8,2,53,decode,8,8,0,8,8,0,30.620,381.250,0.540,1,380.710,412.020,128,2048,8,2048,noop,1,2048
realmachine,batch,8,2,54,decode,8,8,0,8,8,0,30.110,375.520,0.470,1,375.050,405.770,128,2048,8,2048,noop,1,2048
realmachine,batch,8,2,55,decode,8,8,0,8,8,0,30.000,371.850,0.500,1,371.350,402.000,128,2048,8,2048,noop,1,2048
realmachine,batch,8,2,56,decode,8,8,0,8,8,0,30.270,370.050,0.480,1,369.570,400.500,128,2048,8,2048,noop,1,2048
realmachine,batch,8,2,57,decode,8,8,0,8,8,0,29.790,366.860,0.450,1,366.410,396.790,128,2048,8,2048,noop,1,2048
realmachine,batch,8,2,58,decode,8,8,0,8,8,0,30.380,366.840,0.500,1,366.340,397.370,128,2048,8,2048,noop,1,2048
realmachine,batch,8,2,59,decode,8,8,0,8,8,0,30.550,369.460,0.510,1,368.950,400.180,128,2048,8,2048,noop,1,2048
realmachine,batch,8,2,60,decode,8,8,0,8,8,0,30.200,367.140,0.440,1,366.700,397.490,128,2048,8,2048,noop,1,2048
realmachine,batch,8,2,61,decode,8,8,0,8,8,0,29.810,368.180,0.480,1,367.700,398.140,128,2048,8,2048,noop,1,2048
realmachine,isl,64,0,0,decode,1,1,0,1,1,0,21.090,394.770,0.460,1,394.310,415.960,128,2048,8,2048,noop,1,2048
realmachine,isl,64,0,1,decode,1,1,0,1,1,0,20.770,436.740,0.590,1,436.150,457.710,128,2048,8,2048,noop,1,2048
realmachine,isl,64,0,2,decode,1,1,0,1,1,0,19.180,392.610,0.680,1,391.930,411.990,128,2048,8,2048,noop,1,2048
realmachine,isl,64,0,3,decode,1,1,0,1,1,0,18.470,380.460,0.580,1,379.880,399.150,128,2048,8,2048,noop,1,2048
realmachine,isl,64,0,4,decode,1,1,0,1,1,0,17.070,375.420,0.470,1,374.950,392.610,128,2048,8,2048,noop,1,2048
realmachine,isl,64,0,5,decode,1,1,0,1,1,0,17.120,374.820,0.540,1,374.280,392.050,128,2048,8,2048,noop,1,2048
realmachine,isl,64,0,6,decode,1,1,0,1,1,0,16.710,374.330,0.560,1,373.770,391.210,128,2048,8,2048,noop,1,2048
realmachine,isl,64,0,7,decode,1,1,0,1,1,0,16.470,370.020,0.480,1,369.540,386.590,128,2048,8,2048,noop,1,2048
realmachine,isl,64,0,8,decode,1,1,0,1,1,0,17.710,378.850,0.560,1,378.290,396.670,128,2048,8,2048,noop,1,2048
realmachine,isl,64,0,9,decode,1,1,0,1,1,0,17.370,373.740,0.520,1,373.220,391.240,128,2048,8,2048,noop,1,2048
realmachine,isl,64,0,10,decode,1,1,0,1,1,0,16.940,390.530,0.480,1,390.050,407.580,128,2048,8,2048,noop,1,2048
realmachine,isl,64,0,11,decode,1,1,0,1,1,0,16.800,377.280,0.550,1,376.730,394.200,128,2048,8,2048,noop,1,2048
realmachine,isl,64,0,12,decode,1,1,0,1,1,0,16.890,371.600,0.550,1,371.050,388.610,128,2048,8,2048,noop,1,2048
realmachine,isl,64,0,13,decode,1,1,0,1,1,0,17.020,372.960,0.560,1,372.400,390.070,128,2048,8,2048,noop,1,2048
realmachine,isl,64,0,14,decode,1,1,0,1,1,0,17.060,377.160,0.520,1,376.640,394.310,128,2048,8,2048,noop,1,2048
realmachine,isl,64,0,15,decode,1,1,0,1,1,0,16.640,383.050,0.530,1,382.520,399.790,128,2048,8,2048,noop,1,2048
realmachine,isl,64,0,16,decode,1,1,0,1,1,0,17.040,373.200,0.490,1,372.710,390.340,128,2048,8,2048,noop,1,2048
realmachine,isl,64,0,17,decode,1,1,0,1,1,0,16.680,374.180,0.490,1,373.690,390.930,128,2048,8,2048,noop,1,2048
realmachine,isl,64,0,18,decode,1,1,0,1,1,0,17.330,370.180,0.490,1,369.690,387.620,128,2048,8,2048,noop,1,2048
realmachine,isl,64,0,19,decode,1,1,0,1,1,0,16.450,374.360,0.520,1,373.840,390.920,128,2048,8,2048,noop,1,2048
realmachine,isl,64,0,20,decode,1,1,0,1,1,0,17.960,383.360,0.890,1,382.470,401.420,128,2048,8,2048,noop,1,2048
realmachine,isl,64,0,21,decode,1,1,0,1,1,0,20.550,388.860,0.510,1,388.350,409.540,128,2048,8,2048,noop,1,2048
realmachine,isl,64,0,22,decode,1,1,0,1,1,0,17.650,373.080,0.490,1,372.590,390.860,128,2048,8,2048,noop,1,2048
realmachine,isl,64,0,23,decode,1,1,0,1,1,0,17.880,377.580,0.540,1,377.040,395.570,128,2048,8,2048,noop,1,2048
realmachine,isl,64,0,24,decode,1,1,0,1,1,0,17.390,378.830,0.530,1,378.300,396.330,128,2048,8,2048,noop,1,2048
realmachine,isl,64,0,25,decode,1,1,0,1,1,0,16.940,374.360,0.490,1,373.870,391.390,128,2048,8,2048,noop,1,2048
realmachine,isl,64,0,26,decode,1,1,0,1,1,0,17.360,373.790,0.500,1,373.290,391.240,128,2048,8,2048,noop,1,2048
realmachine,isl,64,0,27,decode,1,1,0,1,1,0,16.880,371.030,0.470,1,370.560,388.010,128,2048,8,2048,noop,1,2048
realmachine,isl,64,0,28,decode,1,1,0,1,1,0,17.080,370.760,0.490,1,370.270,387.970,128,2048,8,2048,noop,1,2048
realmachine,isl,64,0,29,decode,1,1,0,1,1,0,17.160,651.450,0.610,1,650.840,668.710,128,2048,8,2048,noop,1,2048
realmachine,isl,64,0,30,decode,1,1,0,1,1,0,20.010,394.250,0.530,1,393.720,414.330,128,2048,8,2048,noop,1,2048
realmachine,isl,64,0,31,decode,1,1,0,1,1,0,18.510,381.450,0.510,1,380.940,400.060,128,2048,8,2048,noop,1,2048
realmachine,isl,64,0,32,decode,1,1,0,1,1,0,18.020,383.670,0.600,1,383.070,401.780,128,2048,8,2048,noop,1,2048
realmachine,isl,64,0,33,decode,1,1,0,1,1,0,17.620,374.470,0.610,1,373.860,392.180,128,2048,8,2048,noop,1,2048
realmachine,isl,64,0,34,decode,1,1,0,1,1,0,17.280,371.580,0.550,1,371.030,388.960,128,2048,8,2048,noop,1,2048
realmachine,isl,64,0,35,decode,1,1,0,1,1,0,17.050,371.690,0.500,1,371.190,388.840,128,2048,8,2048,noop,1,2048
realmachine,isl,64,0,36,decode,1,1,0,1,1,0,17.720,372.910,0.560,1,372.350,390.740,128,2048,8,2048,noop,1,2048
realmachine,isl,64,0,37,decode,1,1,0,1,1,0,17.300,385.740,0.600,1,385.140,403.130,128,2048,8,2048,noop,1,2048
realmachine,isl,64,0,38,decode,1,1,0,1,1,0,17.430,379.460,0.460,1,379.000,397.000,128,2048,8,2048,noop,1,2048
realmachine,isl,64,0,39,decode,1,1,0,1,1,0,16.950,373.280,0.570,1,372.710,390.330,128,2048,8,2048,noop,1,2048
realmachine,isl,64,0,40,decode,1,1,0,1,1,0,17.300,372.560,0.540,1,372.020,389.960,128,2048,8,2048,noop,1,2048
realmachine,isl,64,0,41,decode,1,1,0,1,1,0,17.640,372.400,0.540,1,371.860,390.110,128,2048,8,2048,noop,1,2048
realmachine,isl,64,0,42,decode,1,1,0,1,1,0,17.180,372.280,0.570,1,371.710,389.570,128,2048,8,2048,noop,1,2048
realmachine,isl,64,0,43,decode,1,1,0,1,1,0,17.350,386.190,0.590,1,385.600,403.660,128,2048,8,2048,noop,1,2048
realmachine,isl,64,0,44,decode,1,1,0,1,1,0,18.370,379.750,0.570,1,379.180,398.220,128,2048,8,2048,noop,1,2048
realmachine,isl,64,0,45,decode,1,1,0,1,1,0,17.490,379.490,0.550,1,378.940,397.080,128,2048,8,2048,noop,1,2048
realmachine,isl,64,0,46,decode,1,1,0,1,1,0,17.530,372.150,0.520,1,371.630,389.780,128,2048,8,2048,noop,1,2048
realmachine,isl,64,0,47,decode,1,1,0,1,1,0,17.340,399.640,0.560,1,399.080,417.080,128,2048,8,2048,noop,1,2048
realmachine,isl,64,0,48,decode,1,1,0,1,1,0,18.320,389.710,0.510,1,389.200,408.140,128,2048,8,2048,noop,1,2048
realmachine,isl,64,0,49,decode,1,1,0,1,1,0,16.650,371.970,0.470,1,371.500,388.720,128,2048,8,2048,noop,1,2048
realmachine,isl,64,0,50,decode,1,1,0,1,1,0,17.210,370.870,0.620,1,370.250,388.180,128,2048,8,2048,noop,1,2048
realmachine,isl,64,0,51,decode,1,1,0,1,1,0,17.120,372.070,0.590,1,371.480,389.290,128,2048,8,2048,noop,1,2048
realmachine,isl,64,0,52,decode,1,1,0,1,1,0,17.160,368.710,0.570,1,368.140,385.940,128,2048,8,2048,noop,1,2048
realmachine,isl,64,0,53,decode,1,1,0,1,1,0,16.810,366.230,0.600,1,365.630,383.140,128,2048,8,2048,noop,1,2048
realmachine,isl,64,0,54,decode,1,1,0,1,1,0,17.490,375.720,0.590,1,375.130,393.330,128,2048,8,2048,noop,1,2048
realmachine,isl,64,0,55,decode,1,1,0,1,1,0,17.330,371.950,0.570,1,371.380,389.410,128,2048,8,2048,noop,1,2048
realmachine,isl,64,0,56,decode,1,1,0,1,1,0,17.220,392.340,0.630,1,391.710,409.670,128,2048,8,2048,noop,1,2048
realmachine,isl,64,0,57,decode,1,1,0,1,1,0,17.650,373.130,0.580,1,372.550,390.910,128,2048,8,2048,noop,1,2048
realmachine,isl,64,0,58,decode,1,1,0,1,1,0,16.450,370.310,0.580,1,369.730,386.830,128,2048,8,2048,noop,1,2048
realmachine,isl,64,0,59,decode,1,1,0,1,1,0,17.210,369.400,0.560,1,368.840,386.720,128,2048,8,2048,noop,1,2048
realmachine,isl,64,0,60,decode,1,1,0,1,1,0,17.330,446.360,0.700,1,445.660,463.780,128,2048,8,2048,noop,1,2048
realmachine,isl,64,0,61,decode,1,1,0,1,1,0,18.020,392.140,0.620,1,391.520,410.240,128,2048,8,2048,noop,1,2048
realmachine,isl,64,1,0,decode,1,1,0,1,1,0,19.210,388.630,0.520,1,388.110,407.930,128,2048,8,2048,noop,1,2048
realmachine,isl,64,1,1,decode,1,1,0,1,1,0,18.670,404.540,0.630,1,403.910,423.310,128,2048,8,2048,noop,1,2048
realmachine,isl,64,1,2,decode,1,1,0,1,1,0,20.530,387.590,0.570,1,387.020,408.220,128,2048,8,2048,noop,1,2048
realmachine,isl,64,1,3,decode,1,1,0,1,1,0,18.960,384.820,0.470,1,384.350,403.890,128,2048,8,2048,noop,1,2048
realmachine,isl,64,1,4,decode,1,1,0,1,1,0,18.590,404.790,0.680,1,404.110,423.520,128,2048,8,2048,noop,1,2048
realmachine,isl,64,1,5,decode,1,1,0,1,1,0,18.710,384.090,0.500,1,383.590,402.900,128,2048,8,2048,noop,1,2048
realmachine,isl,64,1,6,decode,1,1,0,1,1,0,18.730,378.480,0.640,1,377.840,397.340,128,2048,8,2048,noop,1,2048
realmachine,isl,64,1,7,decode,1,1,0,1,1,0,17.860,378.490,0.490,1,378.000,396.450,128,2048,8,2048,noop,1,2048
realmachine,isl,64,1,8,decode,1,1,0,1,1,0,17.820,374.350,0.490,1,373.860,392.260,128,2048,8,2048,noop,1,2048
realmachine,isl,64,1,9,decode,1,1,0,1,1,0,18.080,377.750,0.460,1,377.290,395.920,128,2048,8,2048,noop,1,2048
realmachine,isl,64,1,10,decode,1,1,0,1,1,0,18.030,375.610,0.440,1,375.170,393.750,128,2048,8,2048,noop,1,2048
realmachine,isl,64,1,11,decode,1,1,0,1,1,0,18.480,384.200,0.450,1,383.750,402.790,128,2048,8,2048,noop,1,2048
realmachine,isl,64,1,12,decode,1,1,0,1,1,0,18.090,384.400,0.420,1,383.980,402.550,128,2048,8,2048,noop,1,2048
realmachine,isl,64,1,13,decode,1,1,0,1,1,0,17.880,407.120,0.590,1,406.530,425.100,128,2048,8,2048,noop,1,2048
realmachine,isl,64,1,14,decode,1,1,0,1,1,0,18.220,383.810,0.470,1,383.340,402.130,128,2048,8,2048,noop,1,2048
realmachine,isl,64,1,15,decode,1,1,0,1,1,0,18.690,386.620,0.550,1,386.070,405.430,128,2048,8,2048,noop,1,2048
realmachine,isl,64,1,16,decode,1,1,0,1,1,0,17.990,381.050,0.500,1,380.550,399.140,128,2048,8,2048,noop,1,2048
realmachine,isl,64,1,17,decode,1,1,0,1,1,0,18.640,385.960,0.480,1,385.480,404.700,128,2048,8,2048,noop,1,2048
realmachine,isl,64,1,18,decode,1,1,0,1,1,0,18.910,382.840,0.500,1,382.340,401.870,128,2048,8,2048,noop,1,2048
realmachine,isl,64,1,19,decode,1,1,0,1,1,0,17.710,378.460,0.450,1,378.010,396.330,128,2048,8,2048,noop,1,2048
realmachine,isl,64,1,20,decode,1,1,0,1,1,0,17.710,378.280,0.520,1,377.760,396.130,128,2048,8,2048,noop,1,2048
realmachine,isl,64,1,21,decode,1,1,0,1,1,0,17.660,378.720,0.450,1,378.270,396.520,128,2048,8,2048,noop,1,2048
realmachine,isl,64,1,22,decode,1,1,0,1,1,0,17.410,387.610,0.400,1,387.210,405.130,128,2048,8,2048,noop,1,2048
realmachine,isl,64,1,23,decode,1,1,0,1,1,0,18.480,381.960,0.480,1,381.480,400.560,128,2048,8,2048,noop,1,2048
realmachine,isl,64,1,24,decode,1,1,0,1,1,0,17.900,395.180,0.590,1,394.590,413.180,128,2048,8,2048,noop,1,2048
realmachine,isl,64,1,25,decode,1,1,0,1,1,0,19.700,389.020,0.540,1,388.480,408.840,128,2048,8,2048,noop,1,2048
realmachine,isl,64,1,26,decode,1,1,0,1,1,0,18.780,376.410,0.420,1,375.990,395.350,128,2048,8,2048,noop,1,2048
realmachine,isl,64,1,27,decode,1,1,0,1,1,0,18.200,380.640,0.440,1,380.200,398.950,128,2048,8,2048,noop,1,2048
realmachine,isl,64,1,28,decode,1,1,0,1,1,0,17.850,376.610,0.490,1,376.120,394.600,128,2048,8,2048,noop,1,2048
realmachine,isl,64,1,29,decode,1,1,0,1,1,0,18.170,377.250,0.440,1,376.810,395.540,128,2048,8,2048,noop,1,2048
realmachine,isl,64,1,30,decode,1,1,0,1,1,0,18.030,382.530,0.520,1,382.010,400.640,128,2048,8,2048,noop,1,2048
realmachine,isl,64,1,31,decode,1,1,0,1,1,0,18.130,376.940,0.520,1,376.420,395.200,128,2048,8,2048,noop,1,2048
realmachine,isl,64,1,32,decode,1,1,0,1,1,0,17.820,453.820,0.600,1,453.220,471.740,128,2048,8,2048,noop,1,2048
realmachine,isl,64,1,33,decode,1,1,0,1,1,0,19.800,382.270,0.470,1,381.800,402.150,128,2048,8,2048,noop,1,2048
realmachine,isl,64,1,34,decode,1,1,0,1,1,0,18.930,378.700,0.540,1,378.160,397.730,128,2048,8,2048,noop,1,2048
realmachine,isl,64,1,35,decode,1,1,0,1,1,0,18.550,381.140,0.520,1,380.620,399.820,128,2048,8,2048,noop,1,2048
realmachine,isl,64,1,36,decode,1,1,0,1,1,0,18.370,378.830,0.530,1,378.300,397.330,128,2048,8,2048,noop,1,2048
realmachine,isl,64,1,37,decode,1,1,0,1,1,0,18.240,374.530,0.520,1,374.010,392.860,128,2048,8,2048,noop,1,2048
realmachine,isl,64,1,38,decode,1,1,0,1,1,0,18.210,372.690,0.470,1,372.220,390.990,128,2048,8,2048,noop,1,2048
realmachine,isl,64,1,39,decode,1,1,0,1,1,0,17.760,376.190,0.460,1,375.730,394.070,128,2048,8,2048,noop,1,2048
realmachine,isl,64,1,40,decode,1,1,0,1,1,0,17.750,373.910,0.520,1,373.390,391.790,128,2048,8,2048,noop,1,2048
realmachine,isl,64,1,41,decode,1,1,0,1,1,0,17.710,391.900,0.570,1,391.330,409.710,128,2048,8,2048,noop,1,2048
realmachine,isl,64,1,42,decode,1,1,0,1,1,0,18.790,386.090,0.550,1,385.540,405.010,128,2048,8,2048,noop,1,2048
realmachine,isl,64,1,43,decode,1,1,0,1,1,0,18.260,374.180,0.510,1,373.670,392.530,128,2048,8,2048,noop,1,2048
realmachine,isl,64,1,44,decode,1,1,0,1,1,0,18.700,377.550,0.460,1,377.090,396.370,128,2048,8,2048,noop,1,2048
realmachine,isl,64,1,45,decode,1,1,0,1,1,0,18.450,381.850,0.470,1,381.380,400.420,128,2048,8,2048,noop,1,2048
realmachine,isl,64,1,46,decode,1,1,0,1,1,0,18.330,374.300,0.440,1,373.860,392.750,128,2048,8,2048,noop,1,2048
realmachine,isl,64,1,47,decode,1,1,0,1,1,0,18.100,386.060,0.500,1,385.560,404.270,128,2048,8,2048,noop,1,2048
realmachine,isl,64,1,48,decode,1,1,0,1,1,0,19.110,386.000,0.420,1,385.580,405.260,128,2048,8,2048,noop,1,2048
realmachine,isl,64,1,49,decode,1,1,0,1,1,0,19.080,375.820,0.450,1,375.370,394.990,128,2048,8,2048,noop,1,2048
realmachine,isl,64,1,50,decode,1,1,0,1,1,0,18.040,389.260,0.540,1,388.720,407.380,128,2048,8,2048,noop,1,2048
realmachine,isl,64,1,51,decode,1,1,0,1,1,0,18.060,370.740,0.440,1,370.300,388.890,128,2048,8,2048,noop,1,2048
realmachine,isl,64,1,52,decode,1,1,0,1,1,0,18.810,370.230,0.490,1,369.740,389.190,128,2048,8,2048,noop,1,2048
realmachine,isl,64,1,53,decode,1,1,0,1,1,0,17.420,366.360,0.490,1,365.870,383.880,128,2048,8,2048,noop,1,2048
realmachine,isl,64,1,54,decode,1,1,0,1,1,0,17.500,363.190,0.430,1,362.760,380.830,128,2048,8,2048,noop,1,2048
realmachine,isl,64,1,55,decode,1,1,0,1,1,0,17.020,365.830,0.410,1,365.420,382.970,128,2048,8,2048,noop,1,2048
realmachine,isl,64,1,56,decode,1,1,0,1,1,0,17.290,372.590,0.450,1,372.140,390.010,128,2048,8,2048,noop,1,2048
realmachine,isl,64,1,57,decode,1,1,0,1,1,0,16.780,366.470,0.450,1,366.020,383.360,128,2048,8,2048,noop,1,2048
realmachine,isl,64,1,58,decode,1,1,0,1,1,0,17.160,372.210,0.420,1,371.790,389.470,128,2048,8,2048,noop,1,2048
realmachine,isl,64,1,59,decode,1,1,0,1,1,0,17.030,363.020,0.440,1,362.580,380.170,128,2048,8,2048,noop,1,2048
realmachine,isl,64,1,60,decode,1,1,0,1,1,0,16.960,380.140,0.470,1,379.670,397.180,128,2048,8,2048,noop,1,2048
realmachine,isl,64,1,61,decode,1,1,0,1,1,0,17.570,363.870,0.470,1,363.400,381.550,128,2048,8,2048,noop,1,2048
realmachine,isl,64,2,0,decode,1,1,0,1,1,0,19.420,380.190,0.490,1,379.700,399.690,128,2048,8,2048,noop,1,2048
realmachine,isl,64,2,1,decode,1,1,0,1,1,0,18.510,378.430,0.460,1,377.970,397.040,128,2048,8,2048,noop,1,2048
realmachine,isl,64,2,2,decode,1,1,0,1,1,0,18.670,378.760,0.470,1,378.290,397.530,128,2048,8,2048,noop,1,2048
realmachine,isl,64,2,3,decode,1,1,0,1,1,0,19.670,387.140,0.460,1,386.680,406.930,128,2048,8,2048,noop,1,2048
realmachine,isl,64,2,4,decode,1,1,0,1,1,0,18.750,378.430,0.430,1,378.000,397.300,128,2048,8,2048,noop,1,2048
realmachine,isl,64,2,5,decode,1,1,0,1,1,0,18.350,378.500,0.490,1,378.010,396.970,128,2048,8,2048,noop,1,2048
realmachine,isl,64,2,6,decode,1,1,0,1,1,0,18.210,375.880,0.410,1,375.470,394.180,128,2048,8,2048,noop,1,2048
realmachine,isl,64,2,7,decode,1,1,0,1,1,0,17.870,374.720,0.440,1,374.280,392.700,128,2048,8,2048,noop,1,2048
realmachine,isl,64,2,8,decode,1,1,0,1,1,0,18.030,375.340,0.440,1,374.900,393.460,128,2048,8,2048,noop,1,2048
realmachine,isl,64,2,9,decode,1,1,0,1,1,0,17.650,388.600,0.590,1,388.010,406.380,128,2048,8,2048,noop,1,2048
realmachine,isl,64,2,10,decode,1,1,0,1,1,0,18.590,385.360,0.490,1,384.870,404.050,128,2048,8,2048,noop,1,2048
realmachine,isl,64,2,11,decode,1,1,0,1,1,0,18.420,376.800,0.460,1,376.340,395.320,128,2048,8,2048,noop,1,2048
realmachine,isl,64,2,12,decode,1,1,0,1,1,0,18.380,392.940,0.530,1,392.410,411.440,128,2048,8,2048,noop,1,2048
realmachine,isl,64,2,13,decode,1,1,0,1,1,0,18.940,377.090,0.520,1,376.570,396.130,128,2048,8,2048,noop,1,2048
realmachine,isl,64,2,14,decode,1,1,0,1,1,0,18.500,382.970,0.450,1,382.520,401.570,128,2048,8,2048,noop,1,2048
realmachine,isl,64,2,15,decode,1,1,0,1,1,0,18.580,375.900,0.470,1,375.430,394.620,128,2048,8,2048,noop,1,2048
realmachine,isl,64,2,16,decode,1,1,0,1,1,0,18.680,376.450,0.490,1,375.960,395.260,128,2048,8,2048,noop,1,2048
realmachine,isl,64,2,17,decode,1,1,0,1,1,0,17.990,375.310,0.500,1,374.810,393.400,128,2048,8,2048,noop,1,2048
realmachine,isl,64,2,18,decode,1,1,0,1,1,0,18.070,376.600,0.470,1,376.130,394.770,128,2048,8,2048,noop,1,2048
realmachine,isl,64,2,19,decode,1,1,0,1,1,0,18.340,376.160,0.490,1,375.670,394.610,128,2048,8,2048,noop,1,2048
realmachine,isl,64,2,20,decode,1,1,0,1,1,0,18.220,374.850,0.470,1,374.380,393.230,128,2048,8,2048,noop,1,2048
realmachine,isl,64,2,21,decode,1,1,0,1,1,0,18.290,403.260,0.490,1,402.770,421.650,128,2048,8,2048,noop,1,2048
realmachine,isl,64,2,22,decode,1,1,0,1,1,0,18.590,380.330,0.530,1,379.800,399.040,128,2048,8,2048,noop,1,2048
realmachine,isl,64,2,23,decode,1,1,0,1,1,0,18.160,375.750,0.430,1,375.320,394.050,128,2048,8,2048,noop,1,2048
realmachine,isl,64,2,24,decode,1,1,0,1,1,0,18.000,372.740,0.480,1,372.260,390.840,128,2048,8,2048,noop,1,2048
realmachine,isl,64,2,25,decode,1,1,0,1,1,0,18.080,375.100,0.560,1,374.540,393.290,128,2048,8,2048,noop,1,2048
realmachine,isl,64,2,26,decode,1,1,0,1,1,0,18.000,374.090,0.460,1,373.630,392.210,128,2048,8,2048,noop,1,2048
realmachine,isl,64,2,27,decode,1,1,0,1,1,0,18.070,375.860,0.550,1,375.310,394.040,128,2048,8,2048,noop,1,2048
realmachine,isl,64,2,28,decode,1,1,0,1,1,0,18.080,375.550,0.550,1,375.000,393.730,128,2048,8,2048,noop,1,2048
realmachine,isl,64,2,29,decode,1,1,0,1,1,0,18.270,373.960,0.460,1,373.500,392.330,128,2048,8,2048,noop,1,2048
realmachine,isl,64,2,30,decode,1,1,0,1,1,0,17.330,374.760,0.450,1,374.310,392.190,128,2048,8,2048,noop,1,2048
realmachine,isl,64,2,31,decode,1,1,0,1,1,0,18.820,379.660,0.480,1,379.180,398.570,128,2048,8,2048,noop,1,2048
realmachine,isl,64,2,32,decode,1,1,0,1,1,0,17.930,375.090,0.410,1,374.680,393.150,128,2048,8,2048,noop,1,2048
realmachine,isl,64,2,33,decode,1,1,0,1,1,0,17.540,393.680,0.570,1,393.110,411.360,128,2048,8,2048,noop,1,2048
realmachine,isl,64,2,34,decode,1,1,0,1,1,0,19.160,379.090,0.500,1,378.590,398.360,128,2048,8,2048,noop,1,2048
realmachine,isl,64,2,35,decode,1,1,0,1,1,0,18.810,375.960,0.500,1,375.460,394.900,128,2048,8,2048,noop,1,2048
realmachine,isl,64,2,36,decode,1,1,0,1,1,0,18.630,377.090,0.510,1,376.580,395.820,128,2048,8,2048,noop,1,2048
realmachine,isl,64,2,37,decode,1,1,0,1,1,0,17.730,375.710,0.530,1,375.180,393.550,128,2048,8,2048,noop,1,2048
realmachine,isl,64,2,38,decode,1,1,0,1,1,0,17.890,375.680,0.570,1,375.110,393.650,128,2048,8,2048,noop,1,2048
realmachine,isl,64,2,39,decode,1,1,0,1,1,0,18.120,374.480,0.500,1,373.980,392.690,128,2048,8,2048,noop,1,2048
realmachine,isl,64,2,40,decode,1,1,0,1,1,0,17.750,395.650,0.610,1,395.040,413.500,128,2048,8,2048,noop,1,2048
realmachine,isl,64,2,41,decode,1,1,0,1,1,0,18.900,379.640,0.470,1,379.170,398.680,128,2048,8,2048,noop,1,2048
realmachine,isl,64,2,42,decode,1,1,0,1,1,0,18.240,375.540,0.500,1,375.040,393.880,128,2048,8,2048,noop,1,2048
realmachine,isl,64,2,43,decode,1,1,0,1,1,0,17.760,372.380,0.460,1,371.920,390.250,128,2048,8,2048,noop,1,2048
realmachine,isl,64,2,44,decode,1,1,0,1,1,0,18.070,373.900,0.490,1,373.410,392.080,128,2048,8,2048,noop,1,2048
realmachine,isl,64,2,45,decode,1,1,0,1,1,0,17.780,375.240,0.450,1,374.790,393.120,128,2048,8,2048,noop,1,2048
realmachine,isl,64,2,46,decode,1,1,0,1,1,0,17.930,376.060,0.500,1,375.560,394.090,128,2048,8,2048,noop,1,2048
realmachine,isl,64,2,47,decode,1,1,0,1,1,0,18.480,378.920,0.510,1,378.410,397.520,128,2048,8,2048,noop,1,2048
realmachine,isl,64,2,48,decode,1,1,0,1,1,0,18.130,374.690,0.480,1,374.210,392.910,128,2048,8,2048,noop,1,2048
realmachine,isl,64,2,49,decode,1,1,0,1,1,0,18.330,384.960,0.480,1,384.480,403.410,128,2048,8,2048,noop,1,2048
realmachine,isl,64,2,50,decode,1,1,0,1,1,0,18.370,369.210,0.430,1,368.780,387.680,128,2048,8,2048,noop,1,2048
realmachine,isl,64,2,51,decode,1,1,0,1,1,0,18.600,365.910,0.400,1,365.510,384.610,128,2048,8,2048,noop,1,2048
realmachine,isl,64,2,52,decode,1,1,0,1,1,0,17.710,368.270,0.450,1,367.820,386.110,128,2048,8,2048,noop,1,2048
realmachine,isl,64,2,53,decode,1,1,0,1,1,0,17.530,365.260,0.510,1,364.750,382.890,128,2048,8,2048,noop,1,2048
realmachine,isl,64,2,54,decode,1,1,0,1,1,0,17.800,364.680,0.460,1,364.220,382.600,128,2048,8,2048,noop,1,2048
realmachine,isl,64,2,55,decode,1,1,0,1,1,0,17.780,366.190,0.460,1,365.730,384.060,128,2048,8,2048,noop,1,2048
realmachine,isl,64,2,56,decode,1,1,0,1,1,0,18.210,363.460,0.420,1,363.040,381.790,128,2048,8,2048,noop,1,2048
realmachine,isl,64,2,57,decode,1,1,0,1,1,0,25.560,379.590,0.540,1,379.050,405.290,128,2048,8,2048,noop,1,2048
realmachine,isl,64,2,58,decode,1,1,0,1,1,0,18.530,365.840,0.430,1,365.410,384.460,128,2048,8,2048,noop,1,2048
realmachine,isl,64,2,59,decode,1,1,0,1,1,0,18.150,386.140,0.560,1,385.580,404.390,128,2048,8,2048,noop,1,2048
realmachine,isl,64,2,60,decode,1,1,0,1,1,0,18.420,365.320,0.410,1,364.910,383.820,128,2048,8,2048,noop,1,2048
realmachine,isl,64,2,61,decode,1,1,0,1,1,0,18.010,520.050,0.530,1,519.520,538.150,128,2048,8,2048,noop,1,2048
realmachine,isl,128,0,0,decode,1,1,0,1,1,0,19.690,380.600,0.440,1,380.160,400.420,128,2048,8,2048,noop,1,2048
realmachine,isl,128,0,1,decode,1,1,0,1,1,0,19.310,377.490,0.490,1,377.000,396.950,128,2048,8,2048,noop,1,2048
realmachine,isl,128,0,2,decode,1,1,0,1,1,0,18.910,398.660,0.590,1,398.070,417.680,128,2048,8,2048,noop,1,2048
realmachine,isl,128,0,3,decode,1,1,0,1,1,0,19.170,379.690,0.460,1,379.230,398.970,128,2048,8,2048,noop,1,2048
realmachine,isl,128,0,4,decode,1,1,0,1,1,0,18.730,376.920,0.500,1,376.420,395.760,128,2048,8,2048,noop,1,2048
realmachine,isl,128,0,5,decode,1,1,0,1,1,0,18.880,377.960,0.570,1,377.390,396.980,128,2048,8,2048,noop,1,2048
realmachine,isl,128,0,6,decode,1,1,0,1,1,0,18.560,375.910,0.490,1,375.420,394.570,128,2048,8,2048,noop,1,2048
realmachine,isl,128,0,7,decode,1,1,0,1,1,0,18.330,373.470,0.510,1,372.960,391.900,128,2048,8,2048,noop,1,2048
realmachine,isl,128,0,8,decode,1,1,0,1,1,0,18.080,374.300,0.490,1,373.810,392.510,128,2048,8,2048,noop,1,2048
realmachine,isl,128,0,9,decode,1,1,0,1,1,0,18.190,374.660,0.470,1,374.190,392.950,128,2048,8,2048,noop,1,2048
realmachine,isl,128,0,10,decode,1,1,0,1,1,0,18.260,373.890,0.540,1,373.350,392.260,128,2048,8,2048,noop,1,2048
realmachine,isl,128,0,11,decode,1,1,0,1,1,0,18.190,394.810,0.550,1,394.260,413.130,128,2048,8,2048,noop,1,2048
realmachine,isl,128,0,12,decode,1,1,0,1,1,0,18.120,376.130,0.540,1,375.590,394.360,128,2048,8,2048,noop,1,2048
realmachine,isl,128,0,13,decode,1,1,0,1,1,0,18.510,374.150,0.500,1,373.650,392.750,128,2048,8,2048,noop,1,2048
realmachine,isl,128,0,14,decode,1,1,0,1,1,0,18.130,372.620,0.590,1,372.030,390.870,128,2048,8,2048,noop,1,2048
realmachine,isl,128,0,15,decode,1,1,0,1,1,0,17.960,371.020,0.470,1,370.550,389.070,128,2048,8,2048,noop,1,2048
realmachine,isl,128,0,16,decode,1,1,0,1,1,0,18.070,370.790,0.480,1,370.310,388.950,128,2048,8,2048,noop,1,2048
realmachine,isl,128,0,17,decode,1,1,0,1,1,0,17.980,371.990,0.450,1,371.540,390.070,128,2048,8,2048,noop,1,2048
realmachine,isl,128,0,18,decode,1,1,0,1,1,0,17.810,372.320,0.480,1,371.840,390.230,128,2048,8,2048,noop,1,2048
realmachine,isl,128,0,19,decode,1,1,0,1,1,0,17.800,394.080,0.590,1,393.490,411.990,128,2048,8,2048,noop,1,2048
realmachine,isl,128,0,20,decode,1,1,0,1,1,0,19.020,378.070,0.460,1,377.610,397.220,128,2048,8,2048,noop,1,2048
realmachine,isl,128,0,21,decode,1,1,0,1,1,0,36.850,387.950,0.580,1,387.370,424.940,128,2048,8,2048,noop,1,2048
realmachine,isl,128,0,22,decode,1,1,0,1,1,0,18.450,378.620,0.500,1,378.120,397.170,128,2048,8,2048,noop,1,2048
realmachine,isl,128,0,23,decode,1,1,0,1,1,0,18.260,376.160,0.460,1,375.700,394.520,128,2048,8,2048,noop,1,2048
realmachine,isl,128,0,24,decode,1,1,0,1,1,0,18.060,373.860,0.470,1,373.390,392.040,128,2048,8,2048,noop,1,2048
realmachine,isl,128,0,25,decode,1,1,0,1,1,0,18.240,373.870,0.480,1,373.390,392.230,128,2048,8,2048,noop,1,2048
realmachine,isl,128,0,26,decode,1,1,0,1,1,0,18.140,373.950,0.530,1,373.420,392.190,128,2048,8,2048,noop,1,2048
realmachine,isl,128,0,27,decode,1,1,0,1,1,0,18.980,379.380,0.510,1,378.870,398.480,128,2048,8,2048,noop,1,2048
realmachine,isl,128,0,28,decode,1,1,0,1,1,0,18.270,376.880,0.480,1,376.400,395.280,128,2048,8,2048,noop,1,2048
realmachine,isl,128,0,29,decode,1,1,0,1,1,0,17.970,376.170,0.510,1,375.660,394.260,128,2048,8,2048,noop,1,2048
realmachine,isl,128,0,30,decode,1,1,0,1,1,0,18.040,386.110,0.470,1,385.640,404.260,128,2048,8,2048,noop,1,2048
realmachine,isl,128,0,31,decode,1,1,0,1,1,0,18.660,376.870,0.470,1,376.400,395.630,128,2048,8,2048,noop,1,2048
realmachine,isl,128,0,32,decode,1,1,0,1,1,0,18.300,371.890,0.390,1,371.500,390.310,128,2048,8,2048,noop,1,2048
realmachine,isl,128,0,33,decode,1,1,0,1,1,0,18.090,376.830,0.480,1,376.350,395.060,128,2048,8,2048,noop,1,2048
realmachine,isl,128,0,34,decode,1,1,0,1,1,0,17.890,374.280,0.450,1,373.830,392.300,128,2048,8,2048,noop,1,2048
realmachine,isl,128,0,35,decode,1,1,0,1,1,0,17.930,372.760,0.420,1,372.340,390.760,128,2048,8,2048,noop,1,2048
realmachine,isl,128,0,36,decode,1,1,0,1,1,0,17.500,374.100,0.410,1,373.690,391.680,128,2048,8,2048,noop,1,2048
realmachine,isl,128,0,37,decode,1,1,0,1,1,0,17.890,373.630,0.490,1,373.140,391.640,128,2048,8,2048,noop,1,2048
realmachine,isl,128,0,38,decode,1,1,0,1,1,0,18.030,375.490,0.470,1,375.020,393.620,128,2048,8,2048,noop,1,2048
realmachine,isl,128,0,39,decode,1,1,0,1,1,0,17.990,387.850,0.530,1,387.320,405.960,128,2048,8,2048,noop,1,2048
realmachine,isl,128,0,40,decode,1,1,0,1,1,0,18.360,377.630,0.490,1,377.140,396.100,128,2048,8,2048,noop,1,2048
realmachine,isl,128,0,41,decode,1,1,0,1,1,0,18.290,377.690,0.520,1,377.170,396.080,128,2048,8,2048,noop,1,2048
realmachine,isl,128,0,42,decode,1,1,0,1,1,0,17.990,392.760,0.520,1,392.240,410.860,128,2048,8,2048,noop,1,2048
realmachine,isl,128,0,43,decode,1,1,0,1,1,0,18.590,382.980,0.500,1,382.480,401.680,128,2048,8,2048,noop,1,2048
realmachine,isl,128,0,44,decode,1,1,0,1,1,0,18.340,376.380,0.420,1,375.960,394.820,128,2048,8,2048,noop,1,2048
realmachine,isl,128,0,45,decode,1,1,0,1,1,0,17.820,376.690,0.390,1,376.300,394.630,128,2048,8,2048,noop,1,2048
realmachine,isl,128,0,46,decode,1,1,0,1,1,0,17.910,374.440,0.400,1,374.040,392.450,128,2048,8,2048,noop,1,2048
realmachine,isl,128,0,47,decode,1,1,0,1,1,0,18.000,375.200,0.410,1,374.790,393.290,128,2048,8,2048,noop,1,2048
realmachine,isl,128,0,48,decode,1,1,0,1,1,0,18.290,374.800,0.460,1,374.340,393.190,128,2048,8,2048,noop,1,2048
realmachine,isl,128,0,49,decode,1,1,0,1,1,0,19.490,481.310,0.650,1,480.660,500.930,128,2048,8,2048,noop,1,2048
realmachine,isl,128,0,50,decode,1,1,0,1,1,0,20.040,370.350,0.480,1,369.870,390.480,128,2048,8,2048,noop,1,2048
realmachine,isl,128,0,51,decode,1,1,0,1,1,0,17.730,370.340,0.500,1,369.840,388.190,128,2048,8,2048,noop,1,2048
realmachine,isl,128,0,52,decode,1,1,0,1,1,0,17.260,367.780,0.530,1,367.250,385.130,128,2048,8,2048,noop,1,2048
realmachine,isl,128,0,53,decode,1,1,0,1,1,0,17.450,372.260,0.520,1,371.740,389.820,128,2048,8,2048,noop,1,2048
realmachine,isl,128,0,54,decode,1,1,0,1,1,0,17.340,365.150,0.510,1,364.640,382.620,128,2048,8,2048,noop,1,2048
realmachine,isl,128,0,55,decode,1,1,0,1,1,0,17.280,367.280,0.460,1,366.820,384.650,128,2048,8,2048,noop,1,2048
realmachine,isl,128,0,56,decode,1,1,0,1,1,0,17.040,368.340,0.460,1,367.880,385.470,128,2048,8,2048,noop,1,2048
realmachine,isl,128,0,57,decode,1,1,0,1,1,0,17.140,365.420,0.440,1,364.980,382.660,128,2048,8,2048,noop,1,2048
realmachine,isl,128,0,58,decode,1,1,0,1,1,0,17.120,387.090,0.490,1,386.600,404.350,128,2048,8,2048,noop,1,2048
realmachine,isl,128,0,59,decode,1,1,0,1,1,0,18.360,369.540,0.470,1,369.070,388.010,128,2048,8,2048,noop,1,2048
realmachine,isl,128,0,60,decode,1,1,0,1,1,0,17.300,367.120,0.470,1,366.650,384.530,128,2048,8,2048,noop,1,2048
realmachine,isl,128,0,61,decode,1,1,0,1,1,0,16.860,366.280,0.480,1,365.800,383.270,128,2048,8,2048,noop,1,2048
realmachine,isl,128,1,0,decode,1,1,0,1,1,0,18.790,381.760,0.560,1,381.200,400.690,128,2048,8,2048,noop,1,2048
realmachine,isl,128,1,1,decode,1,1,0,1,1,0,19.320,405.050,0.550,1,404.500,424.510,128,2048,8,2048,noop,1,2048
realmachine,isl,128,1,2,decode,1,1,0,1,1,0,19.870,384.200,0.560,1,383.640,404.200,128,2048,8,2048,noop,1,2048
realmachine,isl,128,1,3,decode,1,1,0,1,1,0,18.310,379.530,0.660,1,378.870,397.960,128,2048,8,2048,noop,1,2048
realmachine,isl,128,1,4,decode,1,1,0,1,1,0,18.670,394.300,0.670,1,393.630,413.100,128,2048,8,2048,noop,1,2048
realmachine,isl,128,1,5,decode,1,1,0,1,1,0,19.390,386.070,0.520,1,385.550,405.570,128,2048,8,2048,noop,1,2048
realmachine,isl,128,1,6,decode,1,1,0,1,1,0,19.160,377.130,0.560,1,376.570,396.450,128,2048,8,2048,noop,1,2048
realmachine,isl,128,1,7,decode,1,1,0,1,1,0,18.860,376.780,0.490,1,376.290,395.740,128,2048,8,2048,noop,1,2048
realmachine,isl,128,1,8,decode,1,1,0,1,1,0,18.350,374.500,0.520,1,373.980,392.970,128,2048,8,2048,noop,1,2048
realmachine,isl,128,1,9,decode,1,1,0,1,1,0,18.360,373.590,0.540,1,373.050,392.020,128,2048,8,2048,noop,1,2048
realmachine,isl,128,1,10,decode,1,1,0,1,1,0,18.800,400.580,0.560,1,400.020,419.540,128,2048,8,2048,noop,1,2048
realmachine,isl,128,1,11,decode,1,1,0,1,1,0,19.040,381.000,0.550,1,380.450,400.140,128,2048,8,2048,noop,1,2048
realmachine,isl,128,1,12,decode,1,1,0,1,1,0,18.770,375.770,0.490,1,375.280,394.670,128,2048,8,2048,noop,1,2048
realmachine,isl,128,1,13,decode,1,1,0,1,1,0,18.160,376.710,0.500,1,376.210,395.020,128,2048,8,2048,noop,1,2048
realmachine,isl,128,1,14,decode,1,1,0,1,1,0,17.830,374.580,0.520,1,374.060,392.540,128,2048,8,2048,noop,1,2048
realmachine,isl,128,1,15,decode,1,1,0,1,1,0,18.240,376.560,0.470,1,376.090,394.950,128,2048,8,2048,noop,1,2048
realmachine,isl,128,1,16,decode,1,1,0,1,1,0,18.550,374.550,0.490,1,374.060,393.240,128,2048,8,2048,noop,1,2048
realmachine,isl,128,1,17,decode,1,1,0,1,1,0,18.430,375.040,0.530,1,374.510,393.600,128,2048,8,2048,noop,1,2048
realmachine,isl,128,1,18,decode,1,1,0,1,1,0,18.070,375.780,0.530,1,375.250,393.990,128,2048,8,2048,noop,1,2048
realmachine,isl,128,1,19,decode,1,1,0,1,1,0,18.450,389.660,0.540,1,389.120,408.200,128,2048,8,2048,noop,1,2048
realmachine,isl,128,1,20,decode,1,1,0,1,1,0,18.130,384.530,0.540,1,383.990,402.760,128,2048,8,2048,noop,1,2048
realmachine,isl,128,1,21,decode,1,1,0,1,1,0,18.250,373.030,0.540,1,372.490,391.380,128,2048,8,2048,noop,1,2048
realmachine,isl,128,1,22,decode,1,1,0,1,1,0,18.630,374.270,0.470,1,373.800,393.010,128,2048,8,2048,noop,1,2048
realmachine,isl,128,1,23,decode,1,1,0,1,1,0,18.530,377.130,0.560,1,376.570,395.800,128,2048,8,2048,noop,1,2048
realmachine,isl,128,1,24,decode,1,1,0,1,1,0,18.300,376.340,0.630,1,375.710,394.770,128,2048,8,2048,noop,1,2048
realmachine,isl,128,1,25,decode,1,1,0,1,1,0,18.870,374.800,0.510,1,374.290,393.770,128,2048,8,2048,noop,1,2048
realmachine,isl,128,1,26,decode,1,1,0,1,1,0,18.580,374.060,0.490,1,373.570,392.730,128,2048,8,2048,noop,1,2048
realmachine,isl,128,1,27,decode,1,1,0,1,1,0,18.490,375.130,0.450,1,374.680,393.750,128,2048,8,2048,noop,1,2048
realmachine,isl,128,1,28,decode,1,1,0,1,1,0,25.740,390.860,0.550,1,390.310,416.750,128,2048,8,2048,noop,1,2048
realmachine,isl,128,1,29,decode,1,1,0,1,1,0,18.820,408.850,0.570,1,408.280,427.810,128,2048,8,2048,noop,1,2048
realmachine,isl,128,1,30,decode,1,1,0,1,1,0,19.140,378.700,0.450,1,378.250,397.970,128,2048,8,2048,noop,1,2048
realmachine,isl,128,1,31,decode,1,1,0,1,1,0,18.300,376.950,0.500,1,376.450,395.390,128,2048,8,2048,noop,1,2048
realmachine,isl,128,1,32,decode,1,1,0,1,1,0,18.580,377.530,0.530,1,377.000,396.210,128,2048,8,2048,noop,1,2048
realmachine,isl,128,1,33,decode,1,1,0,1,1,0,18.750,377.200,0.500,1,376.700,396.100,128,2048,8,2048,noop,1,2048
realmachine,isl,128,1,34,decode,1,1,0,1,1,0,18.420,373.280,0.490,1,372.790,391.820,128,2048,8,2048,noop,1,2048
realmachine,isl,128,1,35,decode,1,1,0,1,1,0,18.180,374.120,0.470,1,373.650,392.400,128,2048,8,2048,noop,1,2048
realmachine,isl,128,1,36,decode,1,1,0,1,1,0,18.400,377.410,0.470,1,376.940,395.900,128,2048,8,2048,noop,1,2048
realmachine,isl,128,1,37,decode,1,1,0,1,1,0,18.370,374.410,0.430,1,373.980,392.910,128,2048,8,2048,noop,1,2048
realmachine,isl,128,1,38,decode,1,1,0,1,1,0,18.470,390.270,0.500,1,389.770,408.830,128,2048,8,2048,noop,1,2048
realmachine,isl,128,1,39,decode,1,1,0,1,1,0,18.420,376.190,0.470,1,375.720,394.710,128,2048,8,2048,noop,1,2048
realmachine,isl,128,1,40,decode,1,1,0,1,1,0,18.160,375.850,0.460,1,375.390,394.140,128,2048,8,2048,noop,1,2048
realmachine,isl,128,1,41,decode,1,1,0,1,1,0,18.500,375.310,0.490,1,374.820,393.950,128,2048,8,2048,noop,1,2048
realmachine,isl,128,1,42,decode,1,1,0,1,1,0,18.630,375.070,0.540,1,374.530,393.820,128,2048,8,2048,noop,1,2048
realmachine,isl,128,1,43,decode,1,1,0,1,1,0,18.270,376.450,0.520,1,375.930,394.840,128,2048,8,2048,noop,1,2048
realmachine,isl,128,1,44,decode,1,1,0,1,1,0,18.520,376.090,0.510,1,375.580,394.710,128,2048,8,2048,noop,1,2048
realmachine,isl,128,1,45,decode,1,1,0,1,1,0,18.120,375.140,0.470,1,374.670,393.390,128,2048,8,2048,noop,1,2048
realmachine,isl,128,1,46,decode,1,1,0,1,1,0,18.470,374.550,0.520,1,374.030,393.140,128,2048,8,2048,noop,1,2048
realmachine,isl,128,1,47,decode,1,1,0,1,1,0,18.370,388.130,0.560,1,387.570,406.630,128,2048,8,2048,noop,1,2048
realmachine,isl,128,1,48,decode,1,1,0,1,1,0,19.600,383.290,0.490,1,382.800,403.040,128,2048,8,2048,noop,1,2048
realmachine,isl,128,1,49,decode,1,1,0,1,1,0,19.100,375.530,0.520,1,375.010,394.770,128,2048,8,2048,noop,1,2048
realmachine,isl,128,1,50,decode,1,1,0,1,1,0,18.360,367.370,0.490,1,366.880,385.870,128,2048,8,2048,noop,1,2048
realmachine,isl,128,1,51,decode,1,1,0,1,1,0,17.880,382.550,0.570,1,381.980,400.560,128,2048,8,2048,noop,1,2048
realmachine,isl,128,1,52,decode,1,1,0,1,1,0,18.410,374.010,0.550,1,373.460,392.560,128,2048,8,2048,noop,1,2048
realmachine,isl,128,1,53,decode,1,1,0,1,1,0,18.450,368.810,0.550,1,368.260,387.400,128,2048,8,2048,noop,1,2048
realmachine,isl,128,1,54,decode,1,1,0,1,1,0,18.080,366.400,0.480,1,365.920,384.620,128,2048,8,2048,noop,1,2048
realmachine,isl,128,1,55,decode,1,1,0,1,1,0,17.900,367.960,0.500,1,367.460,385.990,128,2048,8,2048,noop,1,2048
realmachine,isl,128,1,56,decode,1,1,0,1,1,0,17.690,366.390,0.520,1,365.870,384.190,128,2048,8,2048,noop,1,2048
realmachine,isl,128,1,57,decode,1,1,0,1,1,0,17.400,389.110,0.560,1,388.550,406.640,128,2048,8,2048,noop,1,2048
realmachine,isl,128,1,58,decode,1,1,0,1,1,0,18.170,368.490,0.450,1,368.040,386.790,128,2048,8,2048,noop,1,2048
realmachine,isl,128,1,59,decode,1,1,0,1,1,0,17.630,365.580,0.510,1,365.070,383.340,128,2048,8,2048,noop,1,2048
realmachine,isl,128,1,60,decode,1,1,0,1,1,0,17.340,366.610,0.550,1,366.060,384.070,128,2048,8,2048,noop,1,2048
realmachine,isl,128,1,61,decode,1,1,0,1,1,0,17.340,363.620,0.470,1,363.150,381.100,128,2048,8,2048,noop,1,2048
realmachine,isl,128,2,0,decode,1,1,0,1,1,0,19.680,396.970,0.590,1,396.380,416.740,128,2048,8,2048,noop,1,2048
realmachine,isl,128,2,1,decode,1,1,0,1,1,0,19.210,385.140,0.640,1,384.500,404.460,128,2048,8,2048,noop,1,2048
realmachine,isl,128,2,2,decode,1,1,0,1,1,0,19.350,377.700,0.490,1,377.210,397.160,128,2048,8,2048,noop,1,2048
realmachine,isl,128,2,3,decode,1,1,0,1,1,0,18.980,377.630,0.490,1,377.140,396.710,128,2048,8,2048,noop,1,2048
realmachine,isl,128,2,4,decode,1,1,0,1,1,0,18.300,375.930,0.520,1,375.410,394.340,128,2048,8,2048,noop,1,2048
realmachine,isl,128,2,5,decode,1,1,0,1,1,0,18.920,375.510,0.590,1,374.920,394.530,128,2048,8,2048,noop,1,2048
realmachine,isl,128,2,6,decode,1,1,0,1,1,0,18.290,378.180,0.510,1,377.670,396.600,128,2048,8,2048,noop,1,2048
realmachine,isl,128,2,7,decode,1,1,0,1,1,0,18.590,375.250,0.550,1,374.700,393.960,128,2048,8,2048,noop,1,2048
realmachine,isl,128,2,8,decode,1,1,0,1,1,0,18.490,377.750,0.500,1,377.250,396.340,128,2048,8,2048,noop,1,2048
realmachine,isl,128,2,9,decode,1,1,0,1,1,0,19.090,375.720,0.500,1,375.220,394.910,128,2048,8,2048,noop,1,2048
realmachine,isl,128,2,10,decode,1,1,0,1,1,0,18.090,403.560,0.620,1,402.940,421.770,128,2048,8,2048,noop,1,2048
realmachine,isl,128,2,11,decode,1,1,0,1,1,0,18.890,378.920,0.520,1,378.400,397.890,128,2048,8,2048,noop,1,2048
realmachine,isl,128,2,12,decode,1,1,0,1,1,0,18.030,374.650,0.490,1,374.160,392.780,128,2048,8,2048,noop,1,2048
realmachine,isl,128,2,13,decode,1,1,0,1,1,0,18.670,374.570,0.510,1,374.060,393.370,128,2048,8,2048,noop,1,2048
realmachine,isl,128,2,14,decode,1,1,0,1,1,0,18.270,400.370,0.630,1,399.740,418.770,128,2048,8,2048,noop,1,2048
realmachine,isl,128,2,15,decode,1,1,0,1,1,0,20.350,376.070,0.490,1,375.580,396.530,128,2048,8,2048,noop,1,2048
realmachine,isl,128,2,16,decode,1,1,0,1,1,0,18.690,375.760,0.470,1,375.290,394.540,128,2048,8,2048,noop,1,2048
realmachine,isl,128,2,17,decode,1,1,0,1,1,0,18.810,374.840,0.500,1,374.340,393.720,128,2048,8,2048,noop,1,2048
realmachine,isl,128,2,18,decode,1,1,0,1,1,0,18.480,376.000,0.460,1,375.540,394.590,128,2048,8,2048,noop,1,2048
realmachine,isl,128,2,19,decode,1,1,0,1,1,0,18.150,396.500,0.550,1,395.950,414.730,128,2048,8,2048,noop,1,2048
realmachine,isl,128,2,20,decode,1,1,0,1,1,0,19.340,379.670,0.480,1,379.190,399.120,128,2048,8,2048,noop,1,2048
realmachine,isl,128,2,21,decode,1,1,0,1,1,0,18.360,376.420,0.580,1,375.840,394.890,128,2048,8,2048,noop,1,2048
realmachine,isl,128,2,22,decode,1,1,0,1,1,0,18.020,373.920,0.530,1,373.390,392.070,128,2048,8,2048,noop,1,2048
realmachine,isl,128,2,23,decode,1,1,0,1,1,0,18.190,375.470,0.510,1,374.960,393.800,128,2048,8,2048,noop,1,2048
realmachine,isl,128,2,24,decode,1,1,0,1,1,0,18.730,376.350,0.490,1,375.860,395.230,128,2048,8,2048,noop,1,2048
realmachine,isl,128,2,25,decode,1,1,0,1,1,0,18.340,375.040,0.510,1,374.530,393.490,128,2048,8,2048,noop,1,2048
realmachine,isl,128,2,26,decode,1,1,0,1,1,0,18.370,375.260,0.480,1,374.780,393.760,128,2048,8,2048,noop,1,2048
realmachine,isl,128,2,27,decode,1,1,0,1,1,0,18.440,375.050,0.510,1,374.540,393.620,128,2048,8,2048,noop,1,2048
realmachine,isl,128,2,28,decode,1,1,0,1,1,0,18.020,392.360,0.570,1,391.790,410.510,128,2048,8,2048,noop,1,2048
realmachine,isl,128,2,29,decode,1,1,0,1,1,0,19.210,380.680,0.470,1,380.210,400.010,128,2048,8,2048,noop,1,2048
realmachine,isl,128,2,30,decode,1,1,0,1,1,0,18.870,375.490,0.500,1,374.990,394.490,128,2048,8,2048,noop,1,2048
realmachine,isl,128,2,31,decode,1,1,0,1,1,0,199.920,427.960,0.610,1,427.350,628.040,128,2048,8,2048,noop,1,2048
realmachine,isl,128,2,32,decode,1,1,0,1,1,0,21.200,387.230,0.580,1,386.650,408.550,128,2048,8,2048,noop,1,2048
realmachine,isl,128,2,33,decode,1,1,0,1,1,0,19.740,380.720,0.480,1,380.240,400.560,128,2048,8,2048,noop,1,2048
realmachine,isl,128,2,34,decode,1,1,0,1,1,0,18.760,378.940,0.480,1,378.460,397.790,128,2048,8,2048,noop,1,2048
realmachine,isl,128,2,35,decode,1,1,0,1,1,0,18.960,380.140,0.580,1,379.560,399.200,128,2048,8,2048,noop,1,2048
realmachine,isl,128,2,36,decode,1,1,0,1,1,0,18.680,383.970,0.520,1,383.450,402.810,128,2048,8,2048,noop,1,2048
realmachine,isl,128,2,37,decode,1,1,0,1,1,0,20.330,415.760,0.600,1,415.160,436.210,128,2048,8,2048,noop,1,2048
realmachine,isl,128,2,38,decode,1,1,0,1,1,0,19.740,383.730,0.530,1,383.200,403.570,128,2048,8,2048,noop,1,2048
realmachine,isl,128,2,39,decode,1,1,0,1,1,0,19.180,380.270,0.480,1,379.790,399.570,128,2048,8,2048,noop,1,2048
realmachine,isl,128,2,40,decode,1,1,0,1,1,0,18.600,378.100,0.550,1,377.550,396.850,128,2048,8,2048,noop,1,2048
realmachine,isl,128,2,41,decode,1,1,0,1,1,0,18.270,377.810,0.500,1,377.310,396.240,128,2048,8,2048,noop,1,2048
realmachine,isl,128,2,42,decode,1,1,0,1,1,0,17.990,376.760,0.540,1,376.220,394.850,128,2048,8,2048,noop,1,2048
realmachine,isl,128,2,43,decode,1,1,0,1,1,0,18.520,375.660,0.550,1,375.110,394.280,128,2048,8,2048,noop,1,2048
realmachine,isl,128,2,44,decode,1,1,0,1,1,0,18.300,377.940,0.510,1,377.430,396.370,128,2048,8,2048,noop,1,2048
realmachine,isl,128,2,45,decode,1,1,0,1,1,0,18.110,375.820,0.540,1,375.280,394.060,128,2048,8,2048,noop,1,2048
realmachine,isl,128,2,46,decode,1,1,0,1,1,0,18.010,393.080,0.600,1,392.480,411.230,128,2048,8,2048,noop,1,2048
realmachine,isl,128,2,47,decode,1,1,0,1,1,0,18.690,382.480,0.510,1,381.970,401.290,128,2048,8,2048,noop,1,2048
realmachine,isl,128,2,48,decode,1,1,0,1,1,0,18.480,378.190,0.540,1,377.650,396.790,128,2048,8,2048,noop,1,2048
realmachine,isl,128,2,49,decode,1,1,0,1,1,0,18.630,378.340,0.500,1,377.840,397.090,128,2048,8,2048,noop,1,2048
realmachine,isl,128,2,50,decode,1,1,0,1,1,0,18.080,370.150,0.470,1,369.680,388.350,128,2048,8,2048,noop,1,2048
realmachine,isl,128,2,51,decode,1,1,0,1,1,0,17.820,366.350,0.530,1,365.820,384.290,128,2048,8,2048,noop,1,2048
realmachine,isl,128,2,52,decode,1,1,0,1,1,0,17.580,365.480,0.530,1,364.950,383.200,128,2048,8,2048,noop,1,2048
realmachine,isl,128,2,53,decode,1,1,0,1,1,0,18.050,370.910,0.490,1,370.420,389.110,128,2048,8,2048,noop,1,2048
realmachine,isl,128,2,54,decode,1,1,0,1,1,0,17.120,364.760,0.550,1,364.210,381.980,128,2048,8,2048,noop,1,2048
realmachine,isl,128,2,55,decode,1,1,0,1,1,0,17.540,367.180,0.480,1,366.700,384.820,128,2048,8,2048,noop,1,2048
realmachine,isl,128,2,56,decode,1,1,0,1,1,0,17.660,379.750,0.500,1,379.250,397.520,128,2048,8,2048,noop,1,2048
realmachine,isl,128,2,57,decode,1,1,0,1,1,0,17.640,366.730,0.440,1,366.290,384.480,128,2048,8,2048,noop,1,2048
realmachine,isl,128,2,58,decode,1,1,0,1,1,0,17.440,367.380,0.510,1,366.870,384.940,128,2048,8,2048,noop,1,2048
realmachine,isl,128,2,59,decode,1,1,0,1,1,0,17.920,368.350,0.510,1,367.840,386.380,128,2048,8,2048,noop,1,2048
realmachine,isl,128,2,60,decode,1,1,0,1,1,0,17.440,382.980,0.530,1,382.450,400.530,128,2048,8,2048,noop,1,2048
realmachine,isl,128,2,61,decode,1,1,0,1,1,0,18.660,373.520,0.450,1,373.070,392.270,128,2048,8,2048,noop,1,2048
realmachine,isl,256,0,0,decode,1,1,0,1,1,0,21.350,391.440,0.610,1,390.830,412.930,128,2048,8,2048,noop,1,2048
realmachine,isl,256,0,1,decode,1,1,0,1,1,0,19.640,382.500,0.470,1,382.030,402.270,128,2048,8,2048,noop,1,2048
realmachine,isl,256,0,2,decode,1,1,0,1,1,0,19.050,379.980,0.590,1,379.390,399.130,128,2048,8,2048,noop,1,2048
realmachine,isl,256,0,3,decode,1,1,0,1,1,0,19.020,377.400,0.560,1,376.840,396.540,128,2048,8,2048,noop,1,2048
realmachine,isl,256,0,4,decode,1,1,0,1,1,0,18.780,375.240,0.560,1,374.680,394.150,128,2048,8,2048,noop,1,2048
realmachine,isl,256,0,5,decode,1,1,0,1,1,0,18.990,377.960,0.490,1,377.470,397.050,128,2048,8,2048,noop,1,2048
realmachine,isl,256,0,6,decode,1,1,0,1,1,0,18.780,375.760,0.520,1,375.240,394.640,128,2048,8,2048,noop,1,2048
realmachine,isl,256,0,7,decode,1,1,0,1,1,0,18.900,377.700,0.480,1,377.220,396.700,128,2048,8,2048,noop,1,2048
realmachine,isl,256,0,8,decode,1,1,0,1,1,0,18.520,394.110,0.510,1,393.600,412.720,128,2048,8,2048,noop,1,2048
realmachine,isl,256,0,9,decode,1,1,0,1,1,0,19.270,382.320,0.530,1,381.790,401.720,128,2048,8,2048,noop,1,2048
realmachine,isl,256,0,10,decode,1,1,0,1,1,0,18.490,376.960,0.520,1,376.440,395.590,128,2048,8,2048,noop,1,2048
realmachine,isl,256,0,11,decode,1,1,0,1,1,0,18.830,374.850,0.580,1,374.270,393.780,128,2048,8,2048,noop,1,2048
realmachine,isl,256,0,12,decode,1,1,0,1,1,0,18.590,376.040,0.520,1,375.520,394.740,128,2048,8,2048,noop,1,2048
realmachine,isl,256,0,13,decode,1,1,0,1,1,0,18.480,374.410,0.470,1,373.940,393.000,128,2048,8,2048,noop,1,2048
realmachine,isl,256,0,14,decode,1,1,0,1,1,0,18.830,373.650,0.460,1,373.190,392.570,128,2048,8,2048,noop,1,2048
realmachine,isl,256,0,15,decode,1,1,0,1,1,0,18.940,375.720,0.460,1,375.260,394.780,128,2048,8,2048,noop,1,2048
realmachine,isl,256,0,16,decode,1,1,0,1,1,0,18.920,374.090,0.590,1,373.500,393.140,128,2048,8,2048,noop,1,2048
realmachine,isl,256,0,17,decode,1,1,0,1,1,0,18.590,376.080,0.470,1,375.610,394.810,128,2048,8,2048,noop,1,2048
realmachine,isl,256,0,18,decode,1,1,0,1,1,0,19.110,395.200,0.550,1,394.650,414.460,128,2048,8,2048,noop,1,2048
realmachine,isl,256,0,19,decode,1,1,0,1,1,0,19.250,378.090,0.490,1,377.600,397.480,128,2048,8,2048,noop,1,2048
realmachine,isl,256,0,20,decode,1,1,0,1,1,0,18.820,376.750,0.470,1,376.280,395.680,128,2048,8,2048,noop,1,2048
realmachine,isl,256,0,21,decode,1,1,0,1,1,0,19.260,376.350,0.470,1,375.880,395.730,128,2048,8,2048,noop,1,2048
realmachine,isl,256,0,22,decode,1,1,0,1,1,0,18.570,386.480,0.470,1,386.010,405.210,128,2048,8,2048,noop,1,2048
realmachine,isl,256,0,23,decode,1,1,0,1,1,0,19.530,386.120,0.480,1,385.640,405.790,128,2048,8,2048,noop,1,2048
realmachine,isl,256,0,24,decode,1,1,0,1,1,0,19.140,376.520,0.480,1,376.040,395.790,128,2048,8,2048,noop,1,2048
realmachine,isl,256,0,25,decode,1,1,0,1,1,0,18.600,377.160,0.470,1,376.690,395.880,128,2048,8,2048,noop,1,2048
realmachine,isl,256,0,26,decode,1,1,0,1,1,0,18.470,375.360,0.480,1,374.880,393.940,128,2048,8,2048,noop,1,2048
realmachine,isl,256,0,27,decode,1,1,0,1,1,0,18.810,398.910,0.500,1,398.410,417.840,128,2048,8,2048,noop,1,2048
realmachine,isl,256,0,28,decode,1,1,0,1,1,0,19.360,383.990,0.510,1,383.480,403.460,128,2048,8,2048,noop,1,2048
realmachine,isl,256,0,29,decode,1,1,0,1,1,0,18.440,378.110,0.470,1,377.640,396.670,128,2048,8,2048,noop,1,2048
realmachine,isl,256,0,30,decode,1,1,0,1,1,0,18.170,376.090,0.510,1,375.580,394.370,128,2048,8,2048,noop,1,2048
realmachine,isl,256,0,31,decode,1,1,0,1,1,0,18.470,376.700,0.430,1,376.270,395.270,128,2048,8,2048,noop,1,2048
realmachine,isl,256,0,32,decode,1,1,0,1,1,0,18.580,374.100,0.460,1,373.640,392.820,128,2048,8,2048,noop,1,2048
realmachine,isl,256,0,33,decode,1,1,0,1,1,0,18.450,378.550,0.480,1,378.070,397.120,128,2048,8,2048,noop,1,2048
realmachine,isl,256,0,34,decode,1,1,0,1,1,0,18.510,375.650,0.490,1,375.160,394.290,128,2048,8,2048,noop,1,2048
realmachine,isl,256,0,35,decode,1,1,0,1,1,0,18.880,374.280,0.480,1,373.800,393.270,128,2048,8,2048,noop,1,2048
realmachine,isl,256,0,36,decode,1,1,0,1,1,0,18.370,443.100,0.610,1,442.490,461.600,128,2048,8,2048,noop,1,2048
realmachine,isl,256,0,37,decode,1,1,0,1,1,0,20.000,388.320,0.540,1,387.780,408.450,128,2048,8,2048,noop,1,2048
realmachine,isl,256,0,38,decode,1,1,0,1,1,0,19.090,378.500,0.490,1,378.010,397.720,128,2048,8,2048,noop,1,2048
realmachine,isl,256,0,39,decode,1,1,0,1,1,0,18.520,376.960,0.490,1,376.470,395.580,128,2048,8,2048,noop,1,2048
realmachine,isl,256,0,40,decode,1,1,0,1,1,0,19.080,374.280,0.570,1,373.710,393.510,128,2048,8,2048,noop,1,2048
realmachine,isl,256,0,41,decode,1,1,0,1,1,0,18.520,374.700,0.450,1,374.250,393.300,128,2048,8,2048,noop,1,2048
realmachine,isl,256,0,42,decode,1,1,0,1,1,0,18.730,376.030,0.520,1,375.510,394.900,128,2048,8,2048,noop,1,2048
realmachine,isl,256,0,43,decode,1,1,0,1,1,0,18.280,377.170,0.500,1,376.670,395.590,128,2048,8,2048,noop,1,2048
realmachine,isl,256,0,44,decode,1,1,0,1,1,0,18.490,375.600,0.490,1,375.110,394.230,128,2048,8,2048,noop,1,2048
realmachine,isl,256,0,45,decode,1,1,0,1,1,0,18.850,376.460,0.520,1,375.940,395.420,128,2048,8,2048,noop,1,2048
realmachine,isl,256,0,46,decode,1,1,0,1,1,0,23.490,394.330,0.520,1,393.810,417.950,128,2048,8,2048,noop,1,2048
realmachine,isl,256,0,47,decode,1,1,0,1,1,0,18.730,377.600,0.530,1,377.070,396.470,128,2048,8,2048,noop,1,2048
realmachine,isl,256,0,48,decode,1,1,0,1,1,0,19.000,377.570,0.450,1,377.120,396.700,128,2048,8,2048,noop,1,2048
realmachine,isl,256,0,49,decode,1,1,0,1,1,0,19.270,374.560,0.470,1,374.090,393.920,128,2048,8,2048,noop,1,2048
realmachine,isl,256,0,50,decode,1,1,0,1,1,0,18.330,368.930,0.560,1,368.370,387.400,128,2048,8,2048,noop,1,2048
realmachine,isl,256,0,51,decode,1,1,0,1,1,0,17.800,367.330,0.520,1,366.810,385.260,128,2048,8,2048,noop,1,2048
realmachine,isl,256,0,52,decode,1,1,0,1,1,0,17.400,367.880,0.560,1,367.320,385.370,128,2048,8,2048,noop,1,2048
realmachine,isl,256,0,53,decode,1,1,0,1,1,0,18.020,366.890,0.520,1,366.370,385.020,128,2048,8,2048,noop,1,2048
realmachine,isl,256,0,54,decode,1,1,0,1,1,0,17.650,366.900,0.520,1,366.380,384.650,128,2048,8,2048,noop,1,2048
realmachine,isl,256,0,55,decode,1,1,0,1,1,0,16.940,393.330,0.590,1,392.740,410.400,128,2048,8,2048,noop,1,2048
realmachine,isl,256,0,56,decode,1,1,0,1,1,0,18.220,372.100,0.490,1,371.610,390.450,128,2048,8,2048,noop,1,2048
realmachine,isl,256,0,57,decode,1,1,0,1,1,0,18.210,366.640,0.440,1,366.200,384.990,128,2048,8,2048,noop,1,2048
realmachine,isl,256,0,58,decode,1,1,0,1,1,0,17.990,367.040,0.460,1,366.580,385.140,128,2048,8,2048,noop,1,2048
realmachine,isl,256,0,59,decode,1,1,0,1,1,0,18.320,368.400,0.530,1,367.870,386.860,128,2048,8,2048,noop,1,2048
realmachine,isl,256,0,60,decode,1,1,0,1,1,0,18.210,368.680,0.540,1,368.140,387.000,128,2048,8,2048,noop,1,2048
realmachine,isl,256,0,61,decode,1,1,0,1,1,0,17.610,367.810,0.520,1,367.290,385.560,128,2048,8,2048,noop,1,2048
realmachine,isl,256,1,0,decode,1,1,0,1,1,0,20.270,382.460,0.440,1,382.020,402.860,128,2048,8,2048,noop,1,2048
realmachine,isl,256,1,1,decode,1,1,0,1,1,0,20.220,382.330,0.510,1,381.820,402.680,128,2048,8,2048,noop,1,2048
realmachine,isl,256,1,2,decode,1,1,0,1,1,0,19.430,378.780,0.510,1,378.270,398.320,128,2048,8,2048,noop,1,2048
realmachine,isl,256,1,3,decode,1,1,0,1,1,0,19.340,377.790,0.510,1,377.280,397.260,128,2048,8,2048,noop,1,2048
realmachine,isl,256,1,4,decode,1,1,0,1,1,0,19.180,378.800,0.510,1,378.290,398.080,128,2048,8,2048,noop,1,2048
realmachine,isl,256,1,5,decode,1,1,0,1,1,0,19.000,377.440,0.520,1,376.920,396.550,128,2048,8,2048,noop,1,2048
realmachine,isl,256,1,6,decode,1,1,0,1,1,0,19.050,378.400,0.450,1,377.950,397.600,128,2048,8,2048,noop,1,2048
realmachine,isl,256,1,7,decode,1,1,0,1,1,0,18.720,373.370,0.500,1,372.870,392.200,128,2048,8,2048,noop,1,2048
realmachine,isl,256,1,8,decode,1,1,0,1,1,0,18.710,410.640,0.610,1,410.030,429.480,128,2048,8,2048,noop,1,2048
realmachine,isl,256,1,9,decode,1,1,0,1,1,0,19.710,382.350,0.480,1,381.870,402.220,128,2048,8,2048,noop,1,2048
realmachine,isl,256,1,10,decode,1,1,0,1,1,0,19.510,377.880,0.520,1,377.360,397.480,128,2048,8,2048,noop,1,2048
realmachine,isl,256,1,11,decode,1,1,0,1,1,0,18.510,376.510,0.500,1,376.010,395.160,128,2048,8,2048,noop,1,2048
realmachine,isl,256,1,12,decode,1,1,0,1,1,0,19.200,376.620,0.540,1,376.080,395.970,128,2048,8,2048,noop,1,2048
realmachine,isl,256,1,13,decode,1,1,0,1,1,0,18.600,376.210,0.470,1,375.740,394.910,128,2048,8,2048,noop,1,2048
realmachine,isl,256,1,14,decode,1,1,0,1,1,0,19.040,375.090,0.570,1,374.520,394.250,128,2048,8,2048,noop,1,2048
realmachine,isl,256,1,15,decode,1,1,0,1,1,0,18.860,378.780,0.530,1,378.250,397.760,128,2048,8,2048,noop,1,2048
realmachine,isl,256,1,16,decode,1,1,0,1,1,0,19.260,374.500,0.570,1,373.930,393.880,128,2048,8,2048,noop,1,2048
realmachine,isl,256,1,17,decode,1,1,0,1,1,0,18.500,397.790,0.630,1,397.160,416.400,128,2048,8,2048,noop,1,2048
realmachine,isl,256,1,18,decode,1,1,0,1,1,0,19.210,383.570,0.490,1,383.080,402.890,128,2048,8,2048,noop,1,2048
realmachine,isl,256,1,19,decode,1,1,0,1,1,0,18.920,376.890,0.480,1,376.410,395.900,128,2048,8,2048,noop,1,2048
realmachine,isl,256,1,20,decode,1,1,0,1,1,0,19.590,378.660,0.500,1,378.160,398.390,128,2048,8,2048,noop,1,2048
realmachine,isl,256,1,21,decode,1,1,0,1,1,0,18.810,374.950,0.490,1,374.460,393.870,128,2048,8,2048,noop,1,2048
realmachine,isl,256,1,22,decode,1,1,0,1,1,0,18.660,375.380,0.510,1,374.870,394.180,128,2048,8,2048,noop,1,2048
realmachine,isl,256,1,23,decode,1,1,0,1,1,0,18.570,373.300,0.490,1,372.810,392.030,128,2048,8,2048,noop,1,2048
realmachine,isl,256,1,24,decode,1,1,0,1,1,0,19.100,373.360,0.520,1,372.840,392.590,128,2048,8,2048,noop,1,2048
realmachine,isl,256,1,25,decode,1,1,0,1,1,0,18.810,376.370,0.510,1,375.860,395.280,128,2048,8,2048,noop,1,2048
realmachine,isl,256,1,26,decode,1,1,0,1,1,0,18.510,397.740,0.560,1,397.180,416.360,128,2048,8,2048,noop,1,2048
realmachine,isl,256,1,27,decode,1,1,0,1,1,0,19.160,380.880,0.510,1,380.370,400.130,128,2048,8,2048,noop,1,2048
realmachine,isl,256,1,28,decode,1,1,0,1,1,0,18.970,376.850,0.570,1,376.280,395.960,128,2048,8,2048,noop,1,2048
realmachine,isl,256,1,29,decode,1,1,0,1,1,0,19.060,374.340,0.510,1,373.830,393.520,128,2048,8,2048,noop,1,2048
realmachine,isl,256,1,30,decode,1,1,0,1,1,0,18.850,373.710,0.500,1,373.210,392.720,128,2048,8,2048,noop,1,2048
realmachine,isl,256,1,31,decode,1,1,0,1,1,0,18.930,388.100,0.580,1,387.520,407.160,128,2048,8,2048,noop,1,2048
realmachine,isl,256,1,32,decode,1,1,0,1,1,0,19.400,386.980,0.500,1,386.480,406.500,128,2048,8,2048,noop,1,2048
realmachine,isl,256,1,33,decode,1,1,0,1,1,0,19.260,375.850,0.540,1,375.310,395.210,128,2048,8,2048,noop,1,2048
realmachine,isl,256,1,34,decode,1,1,0,1,1,0,18.980,374.120,0.500,1,373.620,393.200,128,2048,8,2048,noop,1,2048
realmachine,isl,256,1,35,decode,1,1,0,1,1,0,18.730,376.990,0.540,1,376.450,395.820,128,2048,8,2048,noop,1,2048
realmachine,isl,256,1,36,decode,1,1,0,1,1,0,19.690,386.310,0.490,1,385.820,406.100,128,2048,8,2048,noop,1,2048
realmachine,isl,256,1,37,decode,1,1,0,1,1,0,19.330,381.530,0.490,1,381.040,401.000,128,2048,8,2048,noop,1,2048
realmachine,isl,256,1,38,decode,1,1,0,1,1,0,19.000,374.930,0.590,1,374.340,394.050,128,2048,8,2048,noop,1,2048
realmachine,isl,256,1,39,decode,1,1,0,1,1,0,18.850,376.530,0.470,1,376.060,395.490,128,2048,8,2048,noop,1,2048
realmachine,isl,256,1,40,decode,1,1,0,1,1,0,19.190,377.030,0.500,1,376.530,396.340,128,2048,8,2048,noop,1,2048
realmachine,isl,256,1,41,decode,1,1,0,1,1,0,19.150,377.100,0.540,1,376.560,396.350,128,2048,8,2048,noop,1,2048
realmachine,isl,256,1,42,decode,1,1,0,1,1,0,19.220,376.600,0.510,1,376.090,395.930,128,2048,8,2048,noop,1,2048
realmachine,isl,256,1,43,decode,1,1,0,1,1,0,18.930,376.850,0.530,1,376.320,395.910,128,2048,8,2048,noop,1,2048
realmachine,isl,256,1,44,decode,1,1,0,1,1,0,19.800,382.640,0.590,1,382.050,402.550,128,2048,8,2048,noop,1,2048
realmachine,isl,256,1,45,decode,1,1,0,1,1,0,18.880,397.970,0.560,1,397.410,416.990,128,2048,8,2048,noop,1,2048
realmachine,isl,256,1,46,decode,1,1,0,1,1,0,18.500,377.440,0.440,1,377.000,396.090,128,2048,8,2048,noop,1,2048
realmachine,isl,256,1,47,decode,1,1,0,1,1,0,18.340,379.850,0.490,1,379.360,398.280,128,2048,8,2048,noop,1,2048
realmachine,isl,256,1,48,decode,1,1,0,1,1,0,18.720,377.150,0.460,1,376.690,396.010,128,2048,8,2048,noop,1,2048
realmachine,isl,256,1,49,decode,1,1,0,1,1,0,19.150,378.560,0.530,1,378.030,397.840,128,2048,8,2048,noop,1,2048
realmachine,isl,256,1,50,decode,1,1,0,1,1,0,18.780,368.310,0.530,1,367.780,387.210,128,2048,8,2048,noop,1,2048
realmachine,isl,256,1,51,decode,1,1,0,1,1,0,17.870,367.180,0.550,1,366.630,385.160,128,2048,8,2048,noop,1,2048
realmachine,isl,256,1,52,decode,1,1,0,1,1,0,18.020,365.650,0.510,1,365.140,383.810,128,2048,8,2048,noop,1,2048
realmachine,isl,256,1,53,decode,1,1,0,1,1,0,17.480,366.080,0.570,1,365.510,383.660,128,2048,8,2048,noop,1,2048
realmachine,isl,256,1,54,decode,1,1,0,1,1,0,17.500,388.390,0.530,1,387.860,406.000,128,2048,8,2048,noop,1,2048
realmachine,isl,256,1,55,decode,1,1,0,1,1,0,17.850,383.740,0.520,1,383.220,401.700,128,2048,8,2048,noop,1,2048
realmachine,isl,256,1,56,decode,1,1,0,1,1,0,18.730,371.290,0.510,1,370.780,390.150,128,2048,8,2048,noop,1,2048
realmachine,isl,256,1,57,decode,1,1,0,1,1,0,18.000,374.980,0.480,1,374.500,393.100,128,2048,8,2048,noop,1,2048
realmachine,isl,256,1,58,decode,1,1,0,1,1,0,17.810,366.700,0.510,1,366.190,384.630,128,2048,8,2048,noop,1,2048
realmachine,isl,256,1,59,decode,1,1,0,1,1,0,17.710,366.870,0.500,1,366.370,384.700,128,2048,8,2048,noop,1,2048
realmachine,isl,256,1,60,decode,1,1,0,1,1,0,17.970,364.230,0.540,1,363.690,382.300,128,2048,8,2048,noop,1,2048
realmachine,isl,256,1,61,decode,1,1,0,1,1,0,17.540,365.280,0.460,1,364.820,382.950,128,2048,8,2048,noop,1,2048
realmachine,isl,256,2,0,decode,1,1,0,1,1,0,20.500,390.630,0.510,1,390.120,411.220,128,2048,8,2048,noop,1,2048
realmachine,isl,256,2,1,decode,1,1,0,1,1,0,19.280,387.300,0.540,1,386.760,406.690,128,2048,8,2048,noop,1,2048
realmachine,isl,256,2,2,decode,1,1,0,1,1,0,19.660,385.440,0.560,1,384.880,405.190,128,2048,8,2048,noop,1,2048
realmachine,isl,256,2,3,decode,1,1,0,1,1,0,19.400,391.020,0.500,1,390.520,410.520,128,2048,8,2048,noop,1,2048
realmachine,isl,256,2,4,decode,1,1,0,1,1,0,19.600,390.590,0.500,1,390.090,410.290,128,2048,8,2048,noop,1,2048
realmachine,isl,256,2,5,decode,1,1,0,1,1,0,18.730,398.070,0.490,1,397.580,416.920,128,2048,8,2048,noop,1,2048
realmachine,isl,256,2,6,decode,1,1,0,1,1,0,19.230,418.430,0.460,1,417.970,437.770,128,2048,8,2048,noop,1,2048
realmachine,isl,256,2,7,decode,1,1,0,1,1,0,19.610,410.400,0.480,1,409.920,430.110,128,2048,8,2048,noop,1,2048
realmachine,isl,256,2,8,decode,1,1,0,1,1,0,18.670,394.630,0.530,1,394.100,413.420,128,2048,8,2048,noop,1,2048
realmachine,isl,256,2,9,decode,1,1,0,1,1,0,19.950,400.520,0.560,1,399.960,420.580,128,2048,8,2048,noop,1,2048
realmachine,isl,256,2,10,decode,1,1,0,1,1,0,18.860,391.930,0.460,1,391.470,410.920,128,2048,8,2048,noop,1,2048
realmachine,isl,256,2,11,decode,1,1,0,1,1,0,18.530,396.340,0.460,1,395.880,414.980,128,2048,8,2048,noop,1,2048
realmachine,isl,256,2,12,decode,1,1,0,1,1,0,18.710,388.650,0.470,1,388.180,407.450,128,2048,8,2048,noop,1,2048
realmachine,isl,256,2,13,decode,1,1,0,1,1,0,18.660,387.910,0.530,1,387.380,406.660,128,2048,8,2048,noop,1,2048
realmachine,isl,256,2,14,decode,1,1,0,1,1,0,18.780,393.680,0.520,1,393.160,412.560,128,2048,8,2048,noop,1,2048
realmachine,isl,256,2,15,decode,1,1,0,1,1,0,18.920,404.740,0.610,1,404.130,423.770,128,2048,8,2048,noop,1,2048
realmachine,isl,256,2,16,decode,1,1,0,1,1,0,19.780,412.190,0.550,1,411.640,432.110,128,2048,8,2048,noop,1,2048
realmachine,isl,256,2,17,decode,1,1,0,1,1,0,20.390,396.680,0.480,1,396.200,417.210,128,2048,8,2048,noop,1,2048
realmachine,isl,256,2,18,decode,1,1,0,1,1,0,19.190,391.070,0.530,1,390.540,410.370,128,2048,8,2048,noop,1,2048
realmachine,isl,256,2,19,decode,1,1,0,1,1,0,19.240,394.990,0.530,1,394.460,414.370,128,2048,8,2048,noop,1,2048
realmachine,isl,256,2,20,decode,1,1,0,1,1,0,18.840,385.270,0.480,1,384.790,404.240,128,2048,8,2048,noop,1,2048
realmachine,isl,256,2,21,decode,1,1,0,1,1,0,18.310,388.280,0.500,1,387.780,406.670,128,2048,8,2048,noop,1,2048
realmachine,isl,256,2,22,decode,1,1,0,1,1,0,18.650,384.510,0.470,1,384.040,403.270,128,2048,8,2048,noop,1,2048
realmachine,isl,256,2,23,decode,1,1,0,1,1,0,18.150,386.480,0.510,1,385.970,404.750,128,2048,8,2048,noop,1,2048
realmachine,isl,256,2,24,decode,1,1,0,1,1,0,18.370,412.540,0.590,1,411.950,431.030,128,2048,8,2048,noop,1,2048
realmachine,isl,256,2,25,decode,1,1,0,1,1,0,19.630,399.150,0.470,1,398.680,418.880,128,2048,8,2048,noop,1,2048
realmachine,isl,256,2,26,decode,1,1,0,1,1,0,19.340,399.690,0.540,1,399.150,419.130,128,2048,8,2048,noop,1,2048
realmachine,isl,256,2,27,decode,1,1,0,1,1,0,18.580,402.990,0.510,1,402.480,421.700,128,2048,8,2048,noop,1,2048
realmachine,isl,256,2,28,decode,1,1,0,1,1,0,18.540,395.800,0.480,1,395.320,414.450,128,2048,8,2048,noop,1,2048
realmachine,isl,256,2,29,decode,1,1,0,1,1,0,18.660,402.040,0.550,1,401.490,420.820,128,2048,8,2048,noop,1,2048
realmachine,isl,256,2,30,decode,1,1,0,1,1,0,18.930,402.190,0.480,1,401.710,421.230,128,2048,8,2048,noop,1,2048
realmachine,isl,256,2,31,decode,1,1,0,1,1,0,19.280,417.620,0.480,1,417.140,437.000,128,2048,8,2048,noop,1,2048
realmachine,isl,256,2,32,decode,1,1,0,1,1,0,19.540,615.730,0.600,1,615.130,635.360,128,2048,8,2048,noop,1,2048
realmachine,isl,256,2,33,decode,1,1,0,1,1,0,24.110,443.330,0.470,1,442.860,467.590,128,2048,8,2048,noop,1,2048
realmachine,isl,256,2,34,decode,1,1,0,1,1,0,21.130,412.070,0.470,1,411.600,433.310,128,2048,8,2048,noop,1,2048
realmachine,isl,256,2,35,decode,1,1,0,1,1,0,20.580,407.770,0.480,1,407.290,428.460,128,2048,8,2048,noop,1,2048
realmachine,isl,256,2,36,decode,1,1,0,1,1,0,19.470,401.910,0.570,1,401.340,421.470,128,2048,8,2048,noop,1,2048
realmachine,isl,256,2,37,decode,1,1,0,1,1,0,19.670,406.930,0.510,1,406.420,426.720,128,2048,8,2048,noop,1,2048
realmachine,isl,256,2,38,decode,1,1,0,1,1,0,19.790,430.940,0.570,1,430.370,450.860,128,2048,8,2048,noop,1,2048
realmachine,isl,256,2,39,decode,1,1,0,1,1,0,20.840,416.030,0.430,1,415.600,436.970,128,2048,8,2048,noop,1,2048
realmachine,isl,256,2,40,decode,1,1,0,1,1,0,20.250,408.990,0.450,1,408.540,429.320,128,2048,8,2048,noop,1,2048
realmachine,isl,256,2,41,decode,1,1,0,1,1,0,19.270,434.870,0.530,1,434.340,454.270,128,2048,8,2048,noop,1,2048
realmachine,isl,256,2,42,decode,1,1,0,1,1,0,20.400,401.370,0.530,1,400.840,421.850,128,2048,8,2048,noop,1,2048
realmachine,isl,256,2,43,decode,1,1,0,1,1,0,19.310,398.980,0.650,1,398.330,418.400,128,2048,8,2048,noop,1,2048
realmachine,isl,256,2,44,decode,1,1,0,1,1,0,19.210,408.210,0.510,1,407.700,427.530,128,2048,8,2048,noop,1,2048
realmachine,isl,256,2,45,decode,1,1,0,1,1,0,19.340,408.490,0.520,1,407.970,427.960,128,2048,8,2048,noop,1,2048
realmachine,isl,256,2,46,decode,1,1,0,1,1,0,19.020,404.860,0.450,1,404.410,423.980,128,2048,8,2048,noop,1,2048
realmachine,isl,256,2,47,decode,1,1,0,1,1,0,19.180,400.040,0.470,1,399.570,419.390,128,2048,8,2048,noop,1,2048
realmachine,isl,256,2,48,decode,1,1,0,1,1,0,18.940,405.600,0.590,1,405.010,424.650,128,2048,8,2048,noop,1,2048
realmachine,isl,256,2,49,decode,1,1,0,1,1,0,18.990,396.630,0.560,1,396.070,415.760,128,2048,8,2048,noop,1,2048
realmachine,isl,256,2,50,decode,1,1,0,1,1,0,18.520,419.800,0.560,1,419.240,438.460,128,2048,8,2048,noop,1,2048
realmachine,isl,256,2,51,decode,1,1,0,1,1,0,19.950,398.880,0.530,1,398.350,418.970,128,2048,8,2048,noop,1,2048
realmachine,isl,256,2,52,decode,1,1,0,1,1,0,18.700,395.260,0.440,1,394.820,414.100,128,2048,8,2048,noop,1,2048
realmachine,isl,256,2,53,decode,1,1,0,1,1,0,17.900,392.890,0.510,1,392.380,410.910,128,2048,8,2048,noop,1,2048
realmachine,isl,256,2,54,decode,1,1,0,1,1,0,18.580,397.430,0.490,1,396.940,416.130,128,2048,8,2048,noop,1,2048
realmachine,isl,256,2,55,decode,1,1,0,1,1,0,18.470,400.040,0.540,1,399.500,418.620,128,2048,8,2048,noop,1,2048
realmachine,isl,256,2,56,decode,1,1,0,1,1,0,18.240,398.670,0.520,1,398.150,417.030,128,2048,8,2048,noop,1,2048
realmachine,isl,256,2,57,decode,1,1,0,1,1,0,18.270,390.750,0.460,1,390.290,409.140,128,2048,8,2048,noop,1,2048
realmachine,isl,256,2,58,decode,1,1,0,1,1,0,18.680,396.750,0.790,1,395.960,415.530,128,2048,8,2048,noop,1,2048
realmachine,isl,256,2,59,decode,1,1,0,1,1,0,25.490,399.260,0.860,1,398.400,424.880,128,2048,8,2048,noop,1,2048
realmachine,isl,256,2,60,decode,1,1,0,1,1,0,19.030,448.460,0.580,1,447.880,467.590,128,2048,8,2048,noop,1,2048
realmachine,isl,256,2,61,decode,1,1,0,1,1,0,19.170,402.380,0.490,1,401.890,421.640,128,2048,8,2048,noop,1,2048
realmachine,isl,512,0,0,decode,1,1,0,1,1,0,20.560,441.100,0.550,1,440.550,461.810,128,2048,8,2048,noop,1,2048
realmachine,isl,512,0,1,decode,1,1,0,1,1,0,20.390,405.180,0.550,1,404.630,425.680,128,2048,8,2048,noop,1,2048
realmachine,isl,512,0,2,decode,1,1,0,1,1,0,21.290,410.970,0.510,1,410.460,432.360,128,2048,8,2048,noop,1,2048
realmachine,isl,512,0,3,decode,1,1,0,1,1,0,20.370,410.970,0.480,1,410.490,431.480,128,2048,8,2048,noop,1,2048
realmachine,isl,512,0,4,decode,1,1,0,1,1,0,19.780,403.680,0.550,1,403.130,423.560,128,2048,8,2048,noop,1,2048
realmachine,isl,512,0,5,decode,1,1,0,1,1,0,19.640,412.320,0.550,1,411.770,432.100,128,2048,8,2048,noop,1,2048
realmachine,isl,512,0,6,decode,1,1,0,1,1,0,19.160,400.060,0.570,1,399.490,419.360,128,2048,8,2048,noop,1,2048
realmachine,isl,512,0,7,decode,1,1,0,1,1,0,19.570,399.870,0.490,1,399.380,419.570,128,2048,8,2048,noop,1,2048
realmachine,isl,512,0,8,decode,1,1,0,1,1,0,19.400,395.700,0.490,1,395.210,415.230,128,2048,8,2048,noop,1,2048
realmachine,isl,512,0,9,decode,1,1,0,1,1,0,33.450,411.090,0.510,1,410.580,444.650,128,2048,8,2048,noop,1,2048
realmachine,isl,512,0,10,decode,1,1,0,1,1,0,19.930,398.600,0.420,1,398.180,418.640,128,2048,8,2048,noop,1,2048
realmachine,isl,512,0,11,decode,1,1,0,1,1,0,20.880,398.620,0.410,1,398.210,419.630,128,2048,8,2048,noop,1,2048
realmachine,isl,512,0,12,decode,1,1,0,1,1,0,18.880,401.340,0.480,1,400.860,420.310,128,2048,8,2048,noop,1,2048
realmachine,isl,512,0,13,decode,1,1,0,1,1,0,19.680,406.440,0.500,1,405.940,426.210,128,2048,8,2048,noop,1,2048
realmachine,isl,512,0,14,decode,1,1,0,1,1,0,19.120,406.230,0.490,1,405.740,425.490,128,2048,8,2048,noop,1,2048
realmachine,isl,512,0,15,decode,1,1,0,1,1,0,20.320,418.930,0.480,1,418.450,439.380,128,2048,8,2048,noop,1,2048
realmachine,isl,512,0,16,decode,1,1,0,1,1,0,19.910,410.450,0.500,1,409.950,430.480,128,2048,8,2048,noop,1,2048
realmachine,isl,512,0,17,decode,1,1,0,1,1,0,18.950,489.040,0.550,1,488.490,508.100,128,2048,8,2048,noop,1,2048
realmachine,isl,512,0,18,decode,1,1,0,1,1,0,21.540,413.450,0.510,1,412.940,435.070,128,2048,8,2048,noop,1,2048
realmachine,isl,512,0,19,decode,1,1,0,1,1,0,29.390,421.700,1.020,1,420.680,451.240,128,2048,8,2048,noop,1,2048
realmachine,isl,512,0,20,decode,1,1,0,1,1,0,20.440,408.620,0.770,1,407.850,429.190,128,2048,8,2048,noop,1,2048
realmachine,isl,512,0,21,decode,1,1,0,1,1,0,19.570,405.450,0.530,1,404.920,425.150,128,2048,8,2048,noop,1,2048
realmachine,isl,512,0,22,decode,1,1,0,1,1,0,19.050,404.640,0.520,1,404.120,423.790,128,2048,8,2048,noop,1,2048
realmachine,isl,512,0,23,decode,1,1,0,1,1,0,19.370,401.400,0.530,1,400.870,420.900,128,2048,8,2048,noop,1,2048
realmachine,isl,512,0,24,decode,1,1,0,1,1,0,19.350,399.390,0.580,1,398.810,418.860,128,2048,8,2048,noop,1,2048
realmachine,isl,512,0,25,decode,1,1,0,1,1,0,19.320,400.070,0.480,1,399.590,419.540,128,2048,8,2048,noop,1,2048
realmachine,isl,512,0,26,decode,1,1,0,1,1,0,18.590,423.410,0.590,1,422.820,442.160,128,2048,8,2048,noop,1,2048
realmachine,isl,512,0,27,decode,1,1,0,1,1,0,20.550,407.800,0.450,1,407.350,428.500,128,2048,8,2048,noop,1,2048
realmachine,isl,512,0,28,decode,1,1,0,1,1,0,19.470,401.020,0.520,1,400.500,420.580,128,2048,8,2048,noop,1,2048
realmachine,isl,512,0,29,decode,1,1,0,1,1,0,18.840,403.820,0.560,1,403.260,422.770,128,2048,8,2048,noop,1,2048
realmachine,isl,512,0,30,decode,1,1,0,1,1,0,18.820,407.900,0.520,1,407.380,426.860,128,2048,8,2048,noop,1,2048
realmachine,isl,512,0,31,decode,1,1,0,1,1,0,18.340,411.480,0.510,1,410.970,429.940,128,2048,8,2048,noop,1,2048
realmachine,isl,512,0,32,decode,1,1,0,1,1,0,19.190,411.630,0.550,1,411.080,430.960,128,2048,8,2048,noop,1,2048
realmachine,isl,512,0,33,decode,1,1,0,1,1,0,19.260,407.750,0.490,1,407.260,427.100,128,2048,8,2048,noop,1,2048
realmachine,isl,512,0,34,decode,1,1,0,1,1,0,19.930,422.820,0.510,1,422.310,442.840,128,2048,8,2048,noop,1,2048
realmachine,isl,512,0,35,decode,1,1,0,1,1,0,19.590,418.960,0.520,1,418.440,438.650,128,2048,8,2048,noop,1,2048
realmachine,isl,512,0,36,decode,1,1,0,1,1,0,19.070,403.590,0.490,1,403.100,422.780,128,2048,8,2048,noop,1,2048
realmachine,isl,512,0,37,decode,1,1,0,1,1,0,18.710,399.760,0.530,1,399.230,418.570,128,2048,8,2048,noop,1,2048
realmachine,isl,512,0,38,decode,1,1,0,1,1,0,19.060,399.710,0.520,1,399.190,418.880,128,2048,8,2048,noop,1,2048
realmachine,isl,512,0,39,decode,1,1,0,1,1,0,19.050,399.500,0.550,1,398.950,418.690,128,2048,8,2048,noop,1,2048
realmachine,isl,512,0,40,decode,1,1,0,1,1,0,20.200,414.110,0.500,1,413.610,434.430,128,2048,8,2048,noop,1,2048
realmachine,isl,512,0,41,decode,1,1,0,1,1,0,20.080,416.300,0.560,1,415.740,436.490,128,2048,8,2048,noop,1,2048
realmachine,isl,512,0,42,decode,1,1,0,1,1,0,19.830,408.820,0.510,1,408.310,428.780,128,2048,8,2048,noop,1,2048
realmachine,isl,512,0,43,decode,1,1,0,1,1,0,19.390,424.200,0.450,1,423.750,443.710,128,2048,8,2048,noop,1,2048
realmachine,isl,512,0,44,decode,1,1,0,1,1,0,19.620,415.420,0.510,1,414.910,435.150,128,2048,8,2048,noop,1,2048
realmachine,isl,512,0,45,decode,1,1,0,1,1,0,19.460,404.640,0.450,1,404.190,424.170,128,2048,8,2048,noop,1,2048
realmachine,isl,512,0,46,decode,1,1,0,1,1,0,20.140,405.520,0.530,1,404.990,425.770,128,2048,8,2048,noop,1,2048
realmachine,isl,512,0,47,decode,1,1,0,1,1,0,19.760,407.660,0.480,1,407.180,427.540,128,2048,8,2048,noop,1,2048
realmachine,isl,512,0,48,decode,1,1,0,1,1,0,19.520,401.740,0.450,1,401.290,421.410,128,2048,8,2048,noop,1,2048
realmachine,isl,512,0,49,decode,1,1,0,1,1,0,19.690,401.050,0.460,1,400.590,420.850,128,2048,8,2048,noop,1,2048
realmachine,isl,512,0,50,decode,1,1,0,1,1,0,19.910,399.500,0.560,1,398.940,419.550,128,2048,8,2048,noop,1,2048
realmachine,isl,512,0,51,decode,1,1,0,1,1,0,19.200,397.090,0.510,1,396.580,416.390,128,2048,8,2048,noop,1,2048
realmachine,isl,512,0,52,decode,1,1,0,1,1,0,18.550,403.540,0.580,1,402.960,422.210,128,2048,8,2048,noop,1,2048
realmachine,isl,512,0,53,decode,1,1,0,1,1,0,18.560,391.310,0.540,1,390.770,410.000,128,2048,8,2048,noop,1,2048
realmachine,isl,512,0,54,decode,1,1,0,1,1,0,18.880,384.400,0.550,1,383.850,403.390,128,2048,8,2048,noop,1,2048
realmachine,isl,512,0,55,decode,1,1,0,1,1,0,18.820,388.840,0.560,1,388.280,407.780,128,2048,8,2048,noop,1,2048
realmachine,isl,512,0,56,decode,1,1,0,1,1,0,17.960,385.580,0.440,1,385.140,403.670,128,2048,8,2048,noop,1,2048
realmachine,isl,512,0,57,decode,1,1,0,1,1,0,17.720,379.580,0.510,1,379.070,397.450,128,2048,8,2048,noop,1,2048
realmachine,isl,512,0,58,decode,1,1,0,1,1,0,18.260,372.400,0.510,1,371.890,390.760,128,2048,8,2048,noop,1,2048
realmachine,isl,512,0,59,decode,1,1,0,1,1,0,18.190,376.880,0.490,1,376.390,395.190,128,2048,8,2048,noop,1,2048
realmachine,isl,512,0,60,decode,1,1,0,1,1,0,17.650,379.130,0.470,1,378.660,396.910,128,2048,8,2048,noop,1,2048
realmachine,isl,512,0,61,decode,1,1,0,1,1,0,18.970,404.410,0.490,1,403.920,423.510,128,2048,8,2048,noop,1,2048
realmachine,isl,512,1,0,decode,1,1,0,1,1,0,20.930,426.320,0.560,1,425.760,447.380,128,2048,8,2048,noop,1,2048
realmachine,isl,512,1,1,decode,1,1,0,1,1,0,21.260,408.410,0.520,1,407.890,429.780,128,2048,8,2048,noop,1,2048
realmachine,isl,512,1,2,decode,1,1,0,1,1,0,20.050,402.770,0.540,1,402.230,422.930,128,2048,8,2048,noop,1,2048
realmachine,isl,512,1,3,decode,1,1,0,1,1,0,20.070,410.920,0.590,1,410.330,431.120,128,2048,8,2048,noop,1,2048
realmachine,isl,512,1,4,decode,1,1,0,1,1,0,19.640,409.510,0.550,1,408.960,429.260,128,2048,8,2048,noop,1,2048
realmachine,isl,512,1,5,decode,1,1,0,1,1,0,19.520,407.070,0.440,1,406.630,426.700,128,2048,8,2048,noop,1,2048
realmachine,isl,512,1,6,decode,1,1,0,1,1,0,19.600,407.580,0.450,1,407.130,427.300,128,2048,8,2048,noop,1,2048
realmachine,isl,512,1,7,decode,1,1,0,1,1,0,19.930,416.070,0.540,1,415.530,436.120,128,2048,8,2048,noop,1,2048
realmachine,isl,512,1,8,decode,1,1,0,1,1,0,19.160,401.930,0.570,1,401.360,421.230,128,2048,8,2048,noop,1,2048
realmachine,isl,512,1,9,decode,1,1,0,1,1,0,18.930,407.200,0.510,1,406.690,426.260,128,2048,8,2048,noop,1,2048
realmachine,isl,512,1,10,decode,1,1,0,1,1,0,19.250,401.710,0.520,1,401.190,421.080,128,2048,8,2048,noop,1,2048
realmachine,isl,512,1,11,decode,1,1,0,1,1,0,18.560,424.560,0.570,1,423.990,443.220,128,2048,8,2048,noop,1,2048
realmachine,isl,512,1,12,decode,1,1,0,1,1,0,19.550,412.550,0.530,1,412.020,432.200,128,2048,8,2048,noop,1,2048
realmachine,isl,512,1,13,decode,1,1,0,1,1,0,19.360,401.710,0.550,1,401.160,421.210,128,2048,8,2048,noop,1,2048
realmachine,isl,512,1,14,decode,1,1,0,1,1,0,19.980,404.640,0.850,1,403.790,424.770,128,2048,8,2048,noop,1,2048
realmachine,isl,512,1,15,decode,1,1,0,1,1,0,19.180,406.230,0.480,1,405.750,425.540,128,2048,8,2048,noop,1,2048
realmachine,isl,512,1,16,decode,1,1,0,1,1,0,19.330,405.040,0.510,1,404.530,424.460,128,2048,8,2048,noop,1,2048
realmachine,isl,512,1,17,decode,1,1,0,1,1,0,18.830,404.360,0.520,1,403.840,423.310,128,2048,8,2048,noop,1,2048
realmachine,isl,512,1,18,decode,1,1,0,1,1,0,18.920,408.530,0.580,1,407.950,427.540,128,2048,8,2048,noop,1,2048
realmachine,isl,512,1,19,decode,1,1,0,1,1,0,18.990,393.440,0.540,1,392.900,412.550,128,2048,8,2048,noop,1,2048
realmachine,isl,512,1,20,decode,1,1,0,1,1,0,18.830,415.430,0.530,1,414.900,434.380,128,2048,8,2048,noop,1,2048
realmachine,isl,512,1,21,decode,1,1,0,1,1,0,19.560,406.040,0.510,1,405.530,425.730,128,2048,8,2048,noop,1,2048
realmachine,isl,512,1,22,decode,1,1,0,1,1,0,20.110,416.190,0.520,1,415.670,436.410,128,2048,8,2048,noop,1,2048
realmachine,isl,512,1,23,decode,1,1,0,1,1,0,19.970,405.660,0.540,1,405.120,425.750,128,2048,8,2048,noop,1,2048
realmachine,isl,512,1,24,decode,1,1,0,1,1,0,19.980,394.810,0.510,1,394.300,414.890,128,2048,8,2048,noop,1,2048
realmachine,isl,512,1,25,decode,1,1,0,1,1,0,18.980,393.690,0.450,1,393.240,412.780,128,2048,8,2048,noop,1,2048
realmachine,isl,512,1,26,decode,1,1,0,1,1,0,19.270,390.580,0.500,1,390.080,409.950,128,2048,8,2048,noop,1,2048
realmachine,isl,512,1,27,decode,1,1,0,1,1,0,18.830,394.360,0.480,1,393.880,413.300,128,2048,8,2048,noop,1,2048
realmachine,isl,512,1,28,decode,1,1,0,1,1,0,18.800,388.940,0.490,1,388.450,407.850,128,2048,8,2048,noop,1,2048
realmachine,isl,512,1,29,decode,1,1,0,1,1,0,18.650,411.810,0.460,1,411.350,430.580,128,2048,8,2048,noop,1,2048
realmachine,isl,512,1,30,decode,1,1,0,1,1,0,19.730,388.420,0.530,1,387.890,408.240,128,2048,8,2048,noop,1,2048
realmachine,isl,512,1,31,decode,1,1,0,1,1,0,19.350,387.620,0.510,1,387.110,407.070,128,2048,8,2048,noop,1,2048
realmachine,isl,512,1,32,decode,1,1,0,1,1,0,18.750,388.820,0.530,1,388.290,407.690,128,2048,8,2048,noop,1,2048
realmachine,isl,512,1,33,decode,1,1,0,1,1,0,19.000,387.370,0.550,1,386.820,406.510,128,2048,8,2048,noop,1,2048
realmachine,isl,512,1,34,decode,1,1,0,1,1,0,18.390,391.900,0.570,1,391.330,410.420,128,2048,8,2048,noop,1,2048
realmachine,isl,512,1,35,decode,1,1,0,1,1,0,19.430,391.860,0.500,1,391.360,411.410,128,2048,8,2048,noop,1,2048
realmachine,isl,512,1,36,decode,1,1,0,1,1,0,18.870,394.010,0.480,1,393.530,413.010,128,2048,8,2048,noop,1,2048
realmachine,isl,512,1,37,decode,1,1,0,1,1,0,18.930,390.440,0.510,1,389.930,409.500,128,2048,8,2048,noop,1,2048
realmachine,isl,512,1,38,decode,1,1,0,1,1,0,18.680,411.180,0.520,1,410.660,429.980,128,2048,8,2048,noop,1,2048
realmachine,isl,512,1,39,decode,1,1,0,1,1,0,18.970,388.610,0.480,1,388.130,407.710,128,2048,8,2048,noop,1,2048
realmachine,isl,512,1,40,decode,1,1,0,1,1,0,18.900,390.410,0.550,1,389.860,409.440,128,2048,8,2048,noop,1,2048
realmachine,isl,512,1,41,decode,1,1,0,1,1,0,18.860,387.110,0.490,1,386.620,406.110,128,2048,8,2048,noop,1,2048
realmachine,isl,512,1,42,decode,1,1,0,1,1,0,18.990,390.630,0.480,1,390.150,409.730,128,2048,8,2048,noop,1,2048
realmachine,isl,512,1,43,decode,1,1,0,1,1,0,19.180,393.750,0.490,1,393.260,413.060,128,2048,8,2048,noop,1,2048
realmachine,isl,512,1,44,decode,1,1,0,1,1,0,18.350,392.200,0.470,1,391.730,410.700,128,2048,8,2048,noop,1,2048
realmachine,isl,512,1,45,decode,1,1,0,1,1,0,26.090,403.080,0.570,1,402.510,429.300,128,2048,8,2048,noop,1,2048
realmachine,isl,512,1,46,decode,1,1,0,1,1,0,19.140,392.680,0.510,1,392.170,411.940,128,2048,8,2048,noop,1,2048
realmachine,isl,512,1,47,decode,1,1,0,1,1,0,18.590,412.170,0.630,1,411.540,430.920,128,2048,8,2048,noop,1,2048
realmachine,isl,512,1,48,decode,1,1,0,1,1,0,19.030,391.420,0.500,1,390.920,410.570,128,2048,8,2048,noop,1,2048
realmachine,isl,512,1,49,decode,1,1,0,1,1,0,19.700,384.970,0.450,1,384.520,404.800,128,2048,8,2048,noop,1,2048
realmachine,isl,512,1,50,decode,1,1,0,1,1,0,18.280,376.770,0.520,1,376.250,395.190,128,2048,8,2048,noop,1,2048
realmachine,isl,512,1,51,decode,1,1,0,1,1,0,17.820,377.580,0.510,1,377.070,395.540,128,2048,8,2048,noop,1,2048
realmachine,isl,512,1,52,decode,1,1,0,1,1,0,18.450,376.300,0.540,1,375.760,394.830,128,2048,8,2048,noop,1,2048
realmachine,isl,512,1,53,decode,1,1,0,1,1,0,18.350,378.130,0.580,1,377.550,396.580,128,2048,8,2048,noop,1,2048
realmachine,isl,512,1,54,decode,1,1,0,1,1,0,18.580,371.840,0.580,1,371.260,390.540,128,2048,8,2048,noop,1,2048
realmachine,isl,512,1,55,decode,1,1,0,1,1,0,17.860,370.610,0.590,1,370.020,388.630,128,2048,8,2048,noop,1,2048
realmachine,isl,512,1,56,decode,1,1,0,1,1,0,17.580,380.510,0.560,1,379.950,398.230,128,2048,8,2048,noop,1,2048
realmachine,isl,512,1,57,decode,1,1,0,1,1,0,18.220,373.130,0.530,1,372.600,391.460,128,2048,8,2048,noop,1,2048
realmachine,isl,512,1,58,decode,1,1,0,1,1,0,17.620,370.840,0.540,1,370.300,388.590,128,2048,8,2048,noop,1,2048
realmachine,isl,512,1,59,decode,1,1,0,1,1,0,17.880,369.690,0.500,1,369.190,387.710,128,2048,8,2048,noop,1,2048
realmachine,isl,512,1,60,decode,1,1,0,1,1,0,17.830,367.100,0.530,1,366.570,385.080,128,2048,8,2048,noop,1,2048
realmachine,isl,512,1,61,decode,1,1,0,1,1,0,17.490,367.200,0.510,1,366.690,384.800,128,2048,8,2048,noop,1,2048
realmachine,isl,512,2,0,decode,1,1,0,1,1,0,19.840,385.730,0.510,1,385.220,405.750,128,2048,8,2048,noop,1,2048
realmachine,isl,512,2,1,decode,1,1,0,1,1,0,20.110,378.790,0.510,1,378.280,399.020,128,2048,8,2048,noop,1,2048
realmachine,isl,512,2,2,decode,1,1,0,1,1,0,19.260,380.580,0.500,1,380.080,399.970,128,2048,8,2048,noop,1,2048
realmachine,isl,512,2,3,decode,1,1,0,1,1,0,19.060,379.100,0.440,1,378.660,398.270,128,2048,8,2048,noop,1,2048
realmachine,isl,512,2,4,decode,1,1,0,1,1,0,18.780,378.230,0.490,1,377.740,397.130,128,2048,8,2048,noop,1,2048
realmachine,isl,512,2,5,decode,1,1,0,1,1,0,19.550,378.170,0.580,1,377.590,397.830,128,2048,8,2048,noop,1,2048
realmachine,isl,512,2,6,decode,1,1,0,1,1,0,19.260,395.080,0.630,1,394.450,414.430,128,2048,8,2048,noop,1,2048
realmachine,isl,512,2,7,decode,1,1,0,1,1,0,20.130,384.900,0.460,1,384.440,405.140,128,2048,8,2048,noop,1,2048
realmachine,isl,512,2,8,decode,1,1,0,1,1,0,19.360,396.750,0.590,1,396.160,416.220,128,2048,8,2048,noop,1,2048
realmachine,isl,512,2,9,decode,1,1,0,1,1,0,19.240,382.550,0.560,1,381.990,401.890,128,2048,8,2048,noop,1,2048
realmachine,isl,512,2,10,decode,1,1,0,1,1,0,18.790,378.670,0.490,1,378.180,397.560,128,2048,8,2048,noop,1,2048
realmachine,isl,512,2,11,decode,1,1,0,1,1,0,18.830,376.780,0.500,1,376.280,395.750,128,2048,8,2048,noop,1,2048
realmachine,isl,512,2,12,decode,1,1,0,1,1,0,19.130,377.570,0.530,1,377.040,396.820,128,2048,8,2048,noop,1,2048
realmachine,isl,512,2,13,decode,1,1,0,1,1,0,18.700,379.040,0.500,1,378.540,397.860,128,2048,8,2048,noop,1,2048
realmachine,isl,512,2,14,decode,1,1,0,1,1,0,18.730,376.610,0.490,1,376.120,395.450,128,2048,8,2048,noop,1,2048
realmachine,isl,512,2,15,decode,1,1,0,1,1,0,18.510,374.990,0.450,1,374.540,393.610,128,2048,8,2048,noop,1,2048
realmachine,isl,512,2,16,decode,1,1,0,1,1,0,18.590,376.760,0.520,1,376.240,395.460,128,2048,8,2048,noop,1,2048
realmachine,isl,512,2,17,decode,1,1,0,1,1,0,18.680,391.130,0.520,1,390.610,409.900,128,2048,8,2048,noop,1,2048
realmachine,isl,512,2,18,decode,1,1,0,1,1,0,19.170,381.370,0.500,1,380.870,400.660,128,2048,8,2048,noop,1,2048
realmachine,isl,512,2,19,decode,1,1,0,1,1,0,18.910,377.790,0.460,1,377.330,396.810,128,2048,8,2048,noop,1,2048
realmachine,isl,512,2,20,decode,1,1,0,1,1,0,19.160,375.770,0.420,1,375.350,395.040,128,2048,8,2048,noop,1,2048
realmachine,isl,512,2,21,decode,1,1,0,1,1,0,18.600,378.290,0.500,1,377.790,397.020,128,2048,8,2048,noop,1,2048
realmachine,isl,512,2,22,decode,1,1,0,1,1,0,18.590,375.430,0.460,1,374.970,394.130,128,2048,8,2048,noop,1,2048
realmachine,isl,512,2,23,decode,1,1,0,1,1,0,18.380,374.720,0.430,1,374.290,393.220,128,2048,8,2048,noop,1,2048
realmachine,isl,512,2,24,decode,1,1,0,1,1,0,18.780,373.700,0.520,1,373.180,392.590,128,2048,8,2048,noop,1,2048
realmachine,isl,512,2,25,decode,1,1,0,1,1,0,19.260,377.090,0.510,1,376.580,396.470,128,2048,8,2048,noop,1,2048
realmachine,isl,512,2,26,decode,1,1,0,1,1,0,19.040,376.880,0.510,1,376.370,396.020,128,2048,8,2048,noop,1,2048
realmachine,isl,512,2,27,decode,1,1,0,1,1,0,18.610,399.600,0.470,1,399.130,418.330,128,2048,8,2048,noop,1,2048
realmachine,isl,512,2,28,decode,1,1,0,1,1,0,19.350,376.650,0.430,1,376.220,396.090,128,2048,8,2048,noop,1,2048
realmachine,isl,512,2,29,decode,1,1,0,1,1,0,18.860,377.690,0.490,1,377.200,396.700,128,2048,8,2048,noop,1,2048
realmachine,isl,512,2,30,decode,1,1,0,1,1,0,19.680,389.640,0.440,1,389.200,409.450,128,2048,8,2048,noop,1,2048
realmachine,isl,512,2,31,decode,1,1,0,1,1,0,19.090,377.440,0.520,1,376.920,396.670,128,2048,8,2048,noop,1,2048
realmachine,isl,512,2,32,decode,1,1,0,1,1,0,19.160,584.360,0.720,1,583.640,603.750,128,2048,8,2048,noop,1,2048
realmachine,isl,512,2,33,decode,1,1,0,1,1,0,22.010,413.580,0.530,1,413.050,435.710,128,2048,8,2048,noop,1,2048
realmachine,isl,512,2,34,decode,1,1,0,1,1,0,20.860,387.230,0.520,1,386.710,408.220,128,2048,8,2048,noop,1,2048
realmachine,isl,512,2,35,decode,1,1,0,1,1,0,19.880,402.100,0.590,1,401.510,422.080,128,2048,8,2048,noop,1,2048
realmachine,isl,512,2,36,decode,1,1,0,1,1,0,20.980,389.000,0.540,1,388.460,410.070,128,2048,8,2048,noop,1,2048
realmachine,isl,512,2,37,decode,1,1,0,1,1,0,19.510,382.740,0.490,1,382.250,402.360,128,2048,8,2048,noop,1,2048
realmachine,isl,512,2,38,decode,1,1,0,1,1,0,19.520,380.130,0.470,1,379.660,399.730,128,2048,8,2048,noop,1,2048
realmachine,isl,512,2,39,decode,1,1,0,1,1,0,19.570,378.890,0.440,1,378.450,398.580,128,2048,8,2048,noop,1,2048
realmachine,isl,512,2,40,decode,1,1,0,1,1,0,19.070,378.370,0.440,1,377.930,397.560,128,2048,8,2048,noop,1,2048
realmachine,isl,512,2,41,decode,1,1,0,1,1,0,18.550,379.910,0.480,1,379.430,398.550,128,2048,8,2048,noop,1,2048
realmachine,isl,512,2,42,decode,1,1,0,1,1,0,18.790,379.240,0.490,1,378.750,398.130,128,2048,8,2048,noop,1,2048
realmachine,isl,512,2,43,decode,1,1,0,1,1,0,18.730,377.670,0.570,1,377.100,396.490,128,2048,8,2048,noop,1,2048
realmachine,isl,512,2,44,decode,1,1,0,1,1,0,18.700,377.760,0.580,1,377.180,396.570,128,2048,8,2048,noop,1,2048
realmachine,isl,512,2,45,decode,1,1,0,1,1,0,19.250,382.690,0.520,1,382.170,402.060,128,2048,8,2048,noop,1,2048
realmachine,isl,512,2,46,decode,1,1,0,1,1,0,18.640,378.240,0.540,1,377.700,396.980,128,2048,8,2048,noop,1,2048
realmachine,isl,512,2,47,decode,1,1,0,1,1,0,18.520,376.740,0.560,1,376.180,395.380,128,2048,8,2048,noop,1,2048
realmachine,isl,512,2,48,decode,1,1,0,1,1,0,18.920,375.610,0.460,1,375.150,394.630,128,2048,8,2048,noop,1,2048
realmachine,isl,512,2,49,decode,1,1,0,1,1,0,18.690,376.600,0.470,1,376.130,395.400,128,2048,8,2048,noop,1,2048
realmachine,isl,512,2,50,decode,1,1,0,1,1,0,18.640,369.780,0.510,1,369.270,388.550,128,2048,8,2048,noop,1,2048
realmachine,isl,512,2,51,decode,1,1,0,1,1,0,17.840,368.030,0.620,1,367.410,386.000,128,2048,8,2048,noop,1,2048
realmachine,isl,512,2,52,decode,1,1,0,1,1,0,17.840,378.330,0.610,1,377.720,396.300,128,2048,8,2048,noop,1,2048
realmachine,isl,512,2,53,decode,1,1,0,1,1,0,18.660,375.800,0.500,1,375.300,394.580,128,2048,8,2048,noop,1,2048
realmachine,isl,512,2,54,decode,1,1,0,1,1,0,18.660,391.590,0.600,1,390.990,410.380,128,2048,8,2048,noop,1,2048
realmachine,isl,512,2,55,decode,1,1,0,1,1,0,18.650,371.360,0.490,1,370.870,390.120,128,2048,8,2048,noop,1,2048
realmachine,isl,512,2,56,decode,1,1,0,1,1,0,18.150,370.740,0.440,1,370.300,388.990,128,2048,8,2048,noop,1,2048
realmachine,isl,512,2,57,decode,1,1,0,1,1,0,18.020,371.160,0.440,1,370.720,389.270,128,2048,8,2048,noop,1,2048
realmachine,isl,512,2,58,decode,1,1,0,1,1,0,18.100,367.320,0.470,1,366.850,385.550,128,2048,8,2048,noop,1,2048
realmachine,isl,512,2,59,decode,1,1,0,1,1,0,18.230,367.820,0.570,1,367.250,386.160,128,2048,8,2048,noop,1,2048
realmachine,isl,512,2,60,decode,1,1,0,1,1,0,17.740,366.490,0.470,1,366.020,384.340,128,2048,8,2048,noop,1,2048
realmachine,isl,512,2,61,decode,1,1,0,1,1,0,17.900,366.130,0.560,1,365.570,384.170,128,2048,8,2048,noop,1,2048
realmachine,isl,1024,0,0,decode,1,1,0,1,1,0,20.420,385.050,0.670,1,384.380,405.590,128,2048,8,2048,noop,1,2048
realmachine,isl,1024,0,1,decode,1,1,0,1,1,0,19.460,381.270,0.520,1,380.750,400.820,128,2048,8,2048,noop,1,2048
realmachine,isl,1024,0,2,decode,1,1,0,1,1,0,18.960,381.310,0.570,1,380.740,400.400,128,2048,8,2048,noop,1,2048
realmachine,isl,1024,0,3,decode,1,1,0,1,1,0,18.580,382.610,0.570,1,382.040,401.300,128,2048,8,2048,noop,1,2048
realmachine,isl,1024,0,4,decode,1,1,0,1,1,0,19.060,377.550,0.540,1,377.010,396.740,128,2048,8,2048,noop,1,2048
realmachine,isl,1024,0,5,decode,1,1,0,1,1,0,18.820,389.910,0.570,1,389.340,408.870,128,2048,8,2048,noop,1,2048
realmachine,isl,1024,0,6,decode,1,1,0,1,1,0,19.390,384.280,0.600,1,383.680,403.790,128,2048,8,2048,noop,1,2048
realmachine,isl,1024,0,7,decode,1,1,0,1,1,0,19.040,380.810,0.580,1,380.230,399.980,128,2048,8,2048,noop,1,2048
realmachine,isl,1024,0,8,decode,1,1,0,1,1,0,18.520,380.500,0.580,1,379.920,399.140,128,2048,8,2048,noop,1,2048
realmachine,isl,1024,0,9,decode,1,1,0,1,1,0,18.840,377.650,0.610,1,377.040,396.630,128,2048,8,2048,noop,1,2048
realmachine,isl,1024,0,10,decode,1,1,0,1,1,0,18.980,377.850,0.590,1,377.260,396.960,128,2048,8,2048,noop,1,2048
realmachine,isl,1024,0,11,decode,1,1,0,1,1,0,19.600,378.660,0.540,1,378.120,398.370,128,2048,8,2048,noop,1,2048
realmachine,isl,1024,0,12,decode,1,1,0,1,1,0,18.610,376.280,0.560,1,375.720,395.000,128,2048,8,2048,noop,1,2048
realmachine,isl,1024,0,13,decode,1,1,0,1,1,0,18.730,387.380,0.610,1,386.770,406.220,128,2048,8,2048,noop,1,2048
realmachine,isl,1024,0,14,decode,1,1,0,1,1,0,20.180,389.420,0.490,1,388.930,409.730,128,2048,8,2048,noop,1,2048
realmachine,isl,1024,0,15,decode,1,1,0,1,1,0,19.060,402.520,0.570,1,401.950,421.720,128,2048,8,2048,noop,1,2048
realmachine,isl,1024,0,16,decode,1,1,0,1,1,0,19.850,380.930,0.480,1,380.450,400.920,128,2048,8,2048,noop,1,2048
realmachine,isl,1024,0,17,decode,1,1,0,1,1,0,18.970,378.610,0.500,1,378.110,397.680,128,2048,8,2048,noop,1,2048
realmachine,isl,1024,0,18,decode,1,1,0,1,1,0,19.340,377.260,0.550,1,376.710,396.710,128,2048,8,2048,noop,1,2048
realmachine,isl,1024,0,19,decode,1,1,0,1,1,0,18.930,377.770,0.680,1,377.090,396.820,128,2048,8,2048,noop,1,2048
realmachine,isl,1024,0,20,decode,1,1,0,1,1,0,19.060,379.410,0.570,1,378.840,398.580,128,2048,8,2048,noop,1,2048
realmachine,isl,1024,0,21,decode,1,1,0,1,1,0,18.630,378.340,0.520,1,377.820,397.090,128,2048,8,2048,noop,1,2048
realmachine,isl,1024,0,22,decode,1,1,0,1,1,0,18.890,380.030,0.510,1,379.520,399.050,128,2048,8,2048,noop,1,2048
realmachine,isl,1024,0,23,decode,1,1,0,1,1,0,18.590,378.310,0.530,1,377.780,397.020,128,2048,8,2048,noop,1,2048
realmachine,isl,1024,0,24,decode,1,1,0,1,1,0,18.760,389.680,0.600,1,389.080,408.560,128,2048,8,2048,noop,1,2048
realmachine,isl,1024,0,25,decode,1,1,0,1,1,0,18.580,379.790,0.550,1,379.240,398.470,128,2048,8,2048,noop,1,2048
realmachine,isl,1024,0,26,decode,1,1,0,1,1,0,18.820,377.130,0.560,1,376.570,396.070,128,2048,8,2048,noop,1,2048
realmachine,isl,1024,0,27,decode,1,1,0,1,1,0,18.720,376.120,0.560,1,375.560,394.990,128,2048,8,2048,noop,1,2048
realmachine,isl,1024,0,28,decode,1,1,0,1,1,0,18.200,375.620,0.530,1,375.090,393.960,128,2048,8,2048,noop,1,2048
realmachine,isl,1024,0,29,decode,1,1,0,1,1,0,18.540,375.180,0.540,1,374.640,393.850,128,2048,8,2048,noop,1,2048
realmachine,isl,1024,0,30,decode,1,1,0,1,1,0,18.530,375.810,0.560,1,375.250,394.420,128,2048,8,2048,noop,1,2048
realmachine,isl,1024,0,31,decode,1,1,0,1,1,0,18.400,374.850,0.480,1,374.370,393.350,128,2048,8,2048,noop,1,2048
realmachine,isl,1024,0,32,decode,1,1,0,1,1,0,18.310,376.860,0.540,1,376.320,395.310,128,2048,8,2048,noop,1,2048
realmachine,isl,1024,0,33,decode,1,1,0,1,1,0,18.990,388.030,0.490,1,387.540,407.120,128,2048,8,2048,noop,1,2048
realmachine,isl,1024,0,34,decode,1,1,0,1,1,0,19.000,379.820,0.490,1,379.330,398.930,128,2048,8,2048,noop,1,2048
realmachine,isl,1024,0,35,decode,1,1,0,1,1,0,18.880,377.020,0.570,1,376.450,396.040,128,2048,8,2048,noop,1,2048
realmachine,isl,1024,0,36,decode,1,1,0,1,1,0,18.720,379.750,0.500,1,379.250,398.610,128,2048,8,2048,noop,1,2048
realmachine,isl,1024,0,37,decode,1,1,0,1,1,0,18.630,397.210,0.550,1,396.660,416.000,128,2048,8,2048,noop,1,2048
realmachine,isl,1024,0,38,decode,1,1,0,1,1,0,19.460,380.680,0.410,1,380.270,400.290,128,2048,8,2048,noop,1,2048
realmachine,isl,1024,0,39,decode,1,1,0,1,1,0,19.040,378.490,0.420,1,378.070,397.650,128,2048,8,2048,noop,1,2048
realmachine,isl,1024,0,40,decode,1,1,0,1,1,0,18.380,377.930,0.600,1,377.330,396.410,128,2048,8,2048,noop,1,2048
realmachine,isl,1024,0,41,decode,1,1,0,1,1,0,18.630,377.590,0.580,1,377.010,396.300,128,2048,8,2048,noop,1,2048
realmachine,isl,1024,0,42,decode,1,1,0,1,1,0,18.230,377.930,0.540,1,377.390,396.270,128,2048,8,2048,noop,1,2048
realmachine,isl,1024,0,43,decode,1,1,0,1,1,0,19.730,388.150,0.580,1,387.570,408.010,128,2048,8,2048,noop,1,2048
realmachine,isl,1024,0,44,decode,1,1,0,1,1,0,18.880,378.800,0.570,1,378.230,397.780,128,2048,8,2048,noop,1,2048
realmachine,isl,1024,0,45,decode,1,1,0,1,1,0,18.890,378.350,0.560,1,377.790,397.360,128,2048,8,2048,noop,1,2048
realmachine,isl,1024,0,46,decode,1,1,0,1,1,0,18.290,376.470,0.590,1,375.880,394.860,128,2048,8,2048,noop,1,2048
realmachine,isl,1024,0,47,decode,1,1,0,1,1,0,18.780,377.300,0.570,1,376.730,396.180,128,2048,8,2048,noop,1,2048
realmachine,isl,1024,0,48,decode,1,1,0,1,1,0,18.430,376.930,0.550,1,376.380,395.450,128,2048,8,2048,noop,1,2048
realmachine,isl,1024,0,49,decode,1,1,0,1,1,0,18.730,377.960,0.550,1,377.410,396.820,128,2048,8,2048,noop,1,2048
realmachine,isl,1024,0,50,decode,1,1,0,1,1,0,18.300,370.480,0.540,1,369.940,388.890,128,2048,8,2048,noop,1,2048
realmachine,isl,1024,0,51,decode,1,1,0,1,1,0,17.920,370.060,0.580,1,369.480,388.120,128,2048,8,2048,noop,1,2048
realmachine,isl,1024,0,52,decode,1,1,0,1,1,0,17.580,385.830,0.590,1,385.240,403.550,128,2048,8,2048,noop,1,2048
realmachine,isl,1024,0,53,decode,1,1,0,1,1,0,18.280,367.390,0.570,1,366.820,385.780,128,2048,8,2048,noop,1,2048
realmachine,isl,1024,0,54,decode,1,1,0,1,1,0,18.120,369.410,0.550,1,368.860,387.630,128,2048,8,2048,noop,1,2048
realmachine,isl,1024,0,55,decode,1,1,0,1,1,0,17.370,365.200,0.550,1,364.650,382.670,128,2048,8,2048,noop,1,2048
realmachine,isl,1024,0,56,decode,1,1,0,1,1,0,17.800,364.960,0.570,1,364.390,382.860,128,2048,8,2048,noop,1,2048
realmachine,isl,1024,0,57,decode,1,1,0,1,1,0,17.760,364.910,0.590,1,364.320,382.760,128,2048,8,2048,noop,1,2048
realmachine,isl,1024,0,58,decode,1,1,0,1,1,0,16.920,364.780,0.630,1,364.150,381.830,128,2048,8,2048,noop,1,2048
realmachine,isl,1024,0,59,decode,1,1,0,1,1,0,16.940,365.050,0.530,1,364.520,382.110,128,2048,8,2048,noop,1,2048
realmachine,isl,1024,0,60,decode,1,1,0,1,1,0,17.720,377.490,0.610,1,376.880,395.350,128,2048,8,2048,noop,1,2048
realmachine,isl,1024,0,61,decode,1,1,0,1,1,0,18.420,390.680,0.620,1,390.060,409.210,128,2048,8,2048,noop,1,2048
realmachine,isl,1024,1,0,decode,1,1,0,1,1,0,20.580,384.960,0.680,1,384.280,405.670,128,2048,8,2048,noop,1,2048
realmachine,isl,1024,1,1,decode,1,1,0,1,1,0,19.780,383.450,0.530,1,382.920,403.350,128,2048,8,2048,noop,1,2048
realmachine,isl,1024,1,2,decode,1,1,0,1,1,0,19.300,382.510,0.510,1,382.000,401.930,128,2048,8,2048,noop,1,2048
realmachine,isl,1024,1,3,decode,1,1,0,1,1,0,19.170,380.640,0.580,1,380.060,399.920,128,2048,8,2048,noop,1,2048
realmachine,isl,1024,1,4,decode,1,1,0,1,1,0,37.900,393.180,0.640,1,392.540,431.220,128,2048,8,2048,noop,1,2048
realmachine,isl,1024,1,5,decode,1,1,0,1,1,0,20.580,377.710,0.500,1,377.210,398.380,128,2048,8,2048,noop,1,2048
realmachine,isl,1024,1,6,decode,1,1,0,1,1,0,19.540,375.770,0.490,1,375.280,395.410,128,2048,8,2048,noop,1,2048
realmachine,isl,1024,1,7,decode,1,1,0,1,1,0,18.970,378.500,0.440,1,378.060,397.580,128,2048,8,2048,noop,1,2048
realmachine,isl,1024,1,8,decode,1,1,0,1,1,0,19.680,378.100,0.580,1,377.520,397.890,128,2048,8,2048,noop,1,2048
realmachine,isl,1024,1,9,decode,1,1,0,1,1,0,19.250,377.380,0.520,1,376.860,396.770,128,2048,8,2048,noop,1,2048
realmachine,isl,1024,1,10,decode,1,1,0,1,1,0,19.250,378.780,0.580,1,378.200,398.130,128,2048,8,2048,noop,1,2048
realmachine,isl,1024,1,11,decode,1,1,0,1,1,0,18.960,378.790,0.490,1,378.300,397.890,128,2048,8,2048,noop,1,2048
realmachine,isl,1024,1,12,decode,1,1,0,1,1,0,18.990,376.720,0.530,1,376.190,395.850,128,2048,8,2048,noop,1,2048
realmachine,isl,1024,1,13,decode,1,1,0,1,1,0,18.990,402.420,0.630,1,401.790,421.540,128,2048,8,2048,noop,1,2048
realmachine,isl,1024,1,14,decode,1,1,0,1,1,0,19.650,377.130,0.520,1,376.610,396.910,128,2048,8,2048,noop,1,2048
realmachine,isl,1024,1,15,decode,1,1,0,1,1,0,18.810,376.220,0.620,1,375.600,395.140,128,2048,8,2048,noop,1,2048
realmachine,isl,1024,1,16,decode,1,1,0,1,1,0,19.360,375.470,0.510,1,374.960,394.950,128,2048,8,2048,noop,1,2048
realmachine,isl,1024,1,17,decode,1,1,0,1,1,0,19.030,374.650,0.590,1,374.060,393.790,128,2048,8,2048,noop,1,2048
realmachine,isl,1024,1,18,decode,1,1,0,1,1,0,19.170,375.980,0.530,1,375.450,395.250,128,2048,8,2048,noop,1,2048
realmachine,isl,1024,1,19,decode,1,1,0,1,1,0,18.570,380.500,0.530,1,379.970,399.210,128,2048,8,2048,noop,1,2048
realmachine,isl,1024,1,20,decode,1,1,0,1,1,0,18.870,399.640,0.640,1,399.000,418.630,128,2048,8,2048,noop,1,2048
realmachine,isl,1024,1,21,decode,1,1,0,1,1,0,18.770,435.070,0.640,1,434.430,453.980,128,2048,8,2048,noop,1,2048
realmachine,isl,1024,1,22,decode,1,1,0,1,1,0,20.760,450.270,0.650,1,449.620,471.160,128,2048,8,2048,noop,1,2048
realmachine,isl,1024,1,23,decode,1,1,0,1,1,0,21.330,437.060,0.510,1,436.550,458.510,128,2048,8,2048,noop,1,2048
realmachine,isl,1024,1,24,decode,1,1,0,1,1,0,20.500,431.880,0.530,1,431.350,452.530,128,2048,8,2048,noop,1,2048
realmachine,isl,1024,1,25,decode,1,1,0,1,1,0,20.320,391.690,0.560,1,391.130,412.080,128,2048,8,2048,noop,1,2048
realmachine,isl,1024,1,26,decode,1,1,0,1,1,0,19.320,385.720,0.570,1,385.150,405.170,128,2048,8,2048,noop,1,2048
realmachine,isl,1024,1,27,decode,1,1,0,1,1,0,20.010,387.060,0.560,1,386.500,407.190,128,2048,8,2048,noop,1,2048
realmachine,isl,1024,1,28,decode,1,1,0,1,1,0,20.570,392.120,0.590,1,391.530,412.840,128,2048,8,2048,noop,1,2048
realmachine,isl,1024,1,29,decode,1,1,0,1,1,0,19.430,387.380,0.520,1,386.860,406.930,128,2048,8,2048,noop,1,2048
realmachine,isl,1024,1,30,decode,1,1,0,1,1,0,19.220,387.600,0.530,1,387.070,406.910,128,2048,8,2048,noop,1,2048
realmachine,isl,1024,1,31,decode,1,1,0,1,1,0,19.440,405.200,0.600,1,404.600,424.770,128,2048,8,2048,noop,1,2048
realmachine,isl,1024,1,32,decode,1,1,0,1,1,0,19.380,389.240,0.490,1,388.750,408.740,128,2048,8,2048,noop,1,2048
realmachine,isl,1024,1,33,decode,1,1,0,1,1,0,19.590,382.380,0.570,1,381.810,402.080,128,2048,8,2048,noop,1,2048
realmachine,isl,1024,1,34,decode,1,1,0,1,1,0,18.960,380.920,0.560,1,380.360,400.000,128,2048,8,2048,noop,1,2048
realmachine,isl,1024,1,35,decode,1,1,0,1,1,0,19.830,379.850,0.590,1,379.260,399.810,128,2048,8,2048,noop,1,2048
realmachine,isl,1024,1,36,decode,1,1,0,1,1,0,18.730,380.140,0.510,1,379.630,399.010,128,2048,8,2048,noop,1,2048
realmachine,isl,1024,1,37,decode,1,1,0,1,1,0,18.990,385.210,0.530,1,384.680,404.310,128,2048,8,2048,noop,1,2048
realmachine,isl,1024,1,38,decode,1,1,0,1,1,0,19.000,384.080,0.570,1,383.510,403.170,128,2048,8,2048,noop,1,2048
realmachine,isl,1024,1,39,decode,1,1,0,1,1,0,18.430,379.690,0.580,1,379.110,398.250,128,2048,8,2048,noop,1,2048
realmachine,isl,1024,1,40,decode,1,1,0,1,1,0,18.990,393.900,0.660,1,393.240,413.000,128,2048,8,2048,noop,1,2048
realmachine,isl,1024,1,41,decode,1,1,0,1,1,0,18.940,379.700,0.590,1,379.110,398.780,128,2048,8,2048,noop,1,2048
realmachine,isl,1024,1,42,decode,1,1,0,1,1,0,19.080,378.820,0.590,1,378.230,398.040,128,2048,8,2048,noop,1,2048
realmachine,isl,1024,1,43,decode,1,1,0,1,1,0,18.520,377.080,0.550,1,376.530,395.760,128,2048,8,2048,noop,1,2048
realmachine,isl,1024,1,44,decode,1,1,0,1,1,0,18.650,393.580,0.590,1,392.990,412.370,128,2048,8,2048,noop,1,2048
realmachine,isl,1024,1,45,decode,1,1,0,1,1,0,19.690,383.240,0.540,1,382.700,403.060,128,2048,8,2048,noop,1,2048
realmachine,isl,1024,1,46,decode,1,1,0,1,1,0,18.770,376.920,0.520,1,376.400,395.790,128,2048,8,2048,noop,1,2048
realmachine,isl,1024,1,47,decode,1,1,0,1,1,0,19.260,381.370,0.520,1,380.850,400.750,128,2048,8,2048,noop,1,2048
realmachine,isl,1024,1,48,decode,1,1,0,1,1,0,18.730,378.270,0.550,1,377.720,397.120,128,2048,8,2048,noop,1,2048
realmachine,isl,1024,1,49,decode,1,1,0,1,1,0,19.120,402.830,0.670,1,402.160,422.040,128,2048,8,2048,noop,1,2048
realmachine,isl,1024,1,50,decode,1,1,0,1,1,0,18.840,373.970,0.570,1,373.400,392.910,128,2048,8,2048,noop,1,2048
realmachine,isl,1024,1,51,decode,1,1,0,1,1,0,18.420,370.110,0.510,1,369.600,388.620,128,2048,8,2048,noop,1,2048
realmachine,isl,1024,1,52,decode,1,1,0,1,1,0,18.160,368.010,0.620,1,367.390,386.290,128,2048,8,2048,noop,1,2048
realmachine,isl,1024,1,53,decode,1,1,0,1,1,0,17.990,367.630,0.480,1,367.150,385.780,128,2048,8,2048,noop,1,2048
realmachine,isl,1024,1,54,decode,1,1,0,1,1,0,17.950,364.900,0.400,1,364.500,382.950,128,2048,8,2048,noop,1,2048
realmachine,isl,1024,1,55,decode,1,1,0,1,1,0,17.780,362.560,0.500,1,362.060,380.480,128,2048,8,2048,noop,1,2048
realmachine,isl,1024,1,56,decode,1,1,0,1,1,0,17.810,365.170,0.510,1,364.660,383.120,128,2048,8,2048,noop,1,2048
realmachine,isl,1024,1,57,decode,1,1,0,1,1,0,18.480,371.280,0.490,1,370.790,389.900,128,2048,8,2048,noop,1,2048
realmachine,isl,1024,1,58,decode,1,1,0,1,1,0,18.120,364.510,0.570,1,363.940,382.750,128,2048,8,2048,noop,1,2048
realmachine,isl,1024,1,59,decode,1,1,0,1,1,0,18.310,373.340,0.570,1,372.770,391.760,128,2048,8,2048,noop,1,2048
realmachine,isl,1024,1,60,decode,1,1,0,1,1,0,17.890,368.360,0.500,1,367.860,386.370,128,2048,8,2048,noop,1,2048
realmachine,isl,1024,1,61,decode,1,1,0,1,1,0,17.900,364.420,0.570,1,363.850,382.470,128,2048,8,2048,noop,1,2048
realmachine,isl,1024,2,0,decode,1,1,0,1,1,0,19.670,384.150,0.610,1,383.540,403.940,128,2048,8,2048,noop,1,2048
realmachine,isl,1024,2,1,decode,1,1,0,1,1,0,19.510,397.890,0.590,1,397.300,417.500,128,2048,8,2048,noop,1,2048
realmachine,isl,1024,2,2,decode,1,1,0,1,1,0,19.270,380.350,0.560,1,379.790,399.760,128,2048,8,2048,noop,1,2048
realmachine,isl,1024,2,3,decode,1,1,0,1,1,0,19.370,379.450,0.650,1,378.800,398.920,128,2048,8,2048,noop,1,2048
realmachine,isl,1024,2,4,decode,1,1,0,1,1,0,18.850,376.790,0.600,1,376.190,395.760,128,2048,8,2048,noop,1,2048
realmachine,isl,1024,2,5,decode,1,1,0,1,1,0,18.700,394.380,0.600,1,393.780,413.220,128,2048,8,2048,noop,1,2048
realmachine,isl,1024,2,6,decode,1,1,0,1,1,0,19.960,387.290,0.630,1,386.660,407.360,128,2048,8,2048,noop,1,2048
realmachine,isl,1024,2,7,decode,1,1,0,1,1,0,18.890,379.830,0.570,1,379.260,398.840,128,2048,8,2048,noop,1,2048
realmachine,isl,1024,2,8,decode,1,1,0,1,1,0,19.000,379.010,0.580,1,378.430,398.120,128,2048,8,2048,noop,1,2048
realmachine,isl,1024,2,9,decode,1,1,0,1,1,0,18.590,376.810,0.630,1,376.180,395.520,128,2048,8,2048,noop,1,2048
realmachine,isl,1024,2,10,decode,1,1,0,1,1,0,18.310,396.920,0.560,1,396.360,415.340,128,2048,8,2048,noop,1,2048
realmachine,isl,1024,2,11,decode,1,1,0,1,1,0,19.320,384.280,0.590,1,383.690,403.710,128,2048,8,2048,noop,1,2048
realmachine,isl,1024,2,12,decode,1,1,0,1,1,0,19.100,376.880,0.620,1,376.260,396.090,128,2048,8,2048,noop,1,2048
realmachine,isl,1024,2,13,decode,1,1,0,1,1,0,18.750,376.220,0.550,1,375.670,395.130,128,2048,8,2048,noop,1,2048
realmachine,isl,1024,2,14,decode,1,1,0,1,1,0,18.870,377.320,0.550,1,376.770,396.300,128,2048,8,2048,noop,1,2048
realmachine,isl,1024,2,15,decode,1,1,0,1,1,0,18.800,377.650,0.500,1,377.150,396.550,128,2048,8,2048,noop,1,2048
realmachine,isl,1024,2,16,decode,1,1,0,1,1,0,18.410,374.290,0.570,1,373.720,392.810,128,2048,8,2048,noop,1,2048
realmachine,isl,1024,2,17,decode,1,1,0,1,1,0,18.300,374.520,0.500,1,374.020,392.950,128,2048,8,2048,noop,1,2048
realmachine,isl,1024,2,18,decode,1,1,0,1,1,0,18.450,377.110,0.600,1,376.510,395.670,128,2048,8,2048,noop,1,2048
realmachine,isl,1024,2,19,decode,1,1,0,1,1,0,18.330,396.790,0.590,1,396.200,415.250,128,2048,8,2048,noop,1,2048
realmachine,isl,1024,2,20,decode,1,1,0,1,1,0,18.860,382.760,0.570,1,382.190,401.720,128,2048,8,2048,noop,1,2048
realmachine,isl,1024,2,21,decode,1,1,0,1,1,0,18.690,377.760,0.530,1,377.230,396.560,128,2048,8,2048,noop,1,2048
realmachine,isl,1024,2,22,decode,1,1,0,1,1,0,19.020,377.450,0.580,1,376.870,396.600,128,2048,8,2048,noop,1,2048
realmachine,isl,1024,2,23,decode,1,1,0,1,1,0,18.620,379.240,0.540,1,378.700,397.980,128,2048,8,2048,noop,1,2048
realmachine,isl,1024,2,24,decode,1,1,0,1,1,0,18.690,379.000,0.510,1,378.490,397.820,128,2048,8,2048,noop,1,2048
realmachine,isl,1024,2,25,decode,1,1,0,1,1,0,18.530,378.530,0.560,1,377.970,397.160,128,2048,8,2048,noop,1,2048
realmachine,isl,1024,2,26,decode,1,1,0,1,1,0,18.410,378.080,0.480,1,377.600,396.630,128,2048,8,2048,noop,1,2048
realmachine,isl,1024,2,27,decode,1,1,0,1,1,0,18.240,376.160,0.560,1,375.600,394.540,128,2048,8,2048,noop,1,2048
realmachine,isl,1024,2,28,decode,1,1,0,1,1,0,18.530,377.330,0.530,1,376.800,395.990,128,2048,8,2048,noop,1,2048
realmachine,isl,1024,2,29,decode,1,1,0,1,1,0,32.450,400.350,0.600,1,399.750,432.920,128,2048,8,2048,noop,1,2048
realmachine,isl,1024,2,30,decode,1,1,0,1,1,0,19.080,378.790,0.580,1,378.210,397.980,128,2048,8,2048,noop,1,2048
realmachine,isl,1024,2,31,decode,1,1,0,1,1,0,18.380,377.890,0.550,1,377.340,396.380,128,2048,8,2048,noop,1,2048
realmachine,isl,1024,2,32,decode,1,1,0,1,1,0,18.360,596.980,0.810,1,596.170,615.480,128,2048,8,2048,noop,1,2048
realmachine,isl,1024,2,33,decode,1,1,0,1,1,0,21.860,410.880,0.530,1,410.350,432.840,128,2048,8,2048,noop,1,2048
realmachine,isl,1024,2,34,decode,1,1,0,1,1,0,20.290,387.030,0.570,1,386.460,407.430,128,2048,8,2048,noop,1,2048
realmachine,isl,1024,2,35,decode,1,1,0,1,1,0,19.820,380.790,0.530,1,380.260,400.740,128,2048,8,2048,noop,1,2048
realmachine,isl,1024,2,36,decode,1,1,0,1,1,0,19.180,379.750,0.570,1,379.180,399.060,128,2048,8,2048,noop,1,2048
realmachine,isl,1024,2,37,decode,1,1,0,1,1,0,19.030,397.040,0.610,1,396.430,416.190,128,2048,8,2048,noop,1,2048
realmachine,isl,1024,2,38,decode,1,1,0,1,1,0,19.440,383.430,0.600,1,382.830,402.960,128,2048,8,2048,noop,1,2048
realmachine,isl,1024,2,39,decode,1,1,0,1,1,0,19.040,379.380,0.510,1,378.870,398.530,128,2048,8,2048,noop,1,2048
realmachine,isl,1024,2,40,decode,1,1,0,1,1,0,18.860,379.190,0.640,1,378.550,398.180,128,2048,8,2048,noop,1,2048
realmachine,isl,1024,2,41,decode,1,1,0,1,1,0,19.050,377.490,0.500,1,376.990,396.670,128,2048,8,2048,noop,1,2048
realmachine,isl,1024,2,42,decode,1,1,0,1,1,0,18.990,376.760,0.560,1,376.200,395.850,128,2048,8,2048,noop,1,2048
realmachine,isl,1024,2,43,decode,1,1,0,1,1,0,18.510,375.850,0.530,1,375.320,394.480,128,2048,8,2048,noop,1,2048
realmachine,isl,1024,2,44,decode,1,1,0,1,1,0,18.610,374.810,0.630,1,374.180,393.540,128,2048,8,2048,noop,1,2048
realmachine,isl,1024,2,45,decode,1,1,0,1,1,0,18.550,376.280,0.590,1,375.690,394.950,128,2048,8,2048,noop,1,2048
realmachine,isl,1024,2,46,decode,1,1,0,1,1,0,18.420,388.580,0.630,1,387.950,407.110,128,2048,8,2048,noop,1,2048
realmachine,isl,1024,2,47,decode,1,1,0,1,1,0,18.830,383.160,0.590,1,382.570,402.120,128,2048,8,2048,noop,1,2048
realmachine,isl,1024,2,48,decode,1,1,0,1,1,0,18.670,378.550,0.590,1,377.960,397.320,128,2048,8,2048,noop,1,2048
realmachine,isl,1024,2,49,decode,1,1,0,1,1,0,19.230,377.360,0.490,1,376.870,396.740,128,2048,8,2048,noop,1,2048
realmachine,isl,1024,2,50,decode,1,1,0,1,1,0,18.530,370.660,0.640,1,370.020,389.320,128,2048,8,2048,noop,1,2048
realmachine,isl,1024,2,51,decode,1,1,0,1,1,0,18.480,385.710,0.540,1,385.170,404.260,128,2048,8,2048,noop,1,2048
realmachine,isl,1024,2,52,decode,1,1,0,1,1,0,19.050,376.170,0.600,1,375.570,395.330,128,2048,8,2048,noop,1,2048
realmachine,isl,1024,2,53,decode,1,1,0,1,1,0,18.380,367.920,0.570,1,367.350,386.400,128,2048,8,2048,noop,1,2048
realmachine,isl,1024,2,54,decode,1,1,0,1,1,0,18.110,366.240,0.580,1,365.660,384.430,128,2048,8,2048,noop,1,2048
realmachine,isl,1024,2,55,decode,1,1,0,1,1,0,17.890,364.070,0.420,1,363.650,382.070,128,2048,8,2048,noop,1,2048
realmachine,isl,1024,2,56,decode,1,1,0,1,1,0,18.020,386.540,0.580,1,385.960,404.700,128,2048,8,2048,noop,1,2048
realmachine,isl,1024,2,57,decode,1,1,0,1,1,0,18.290,371.520,0.520,1,371.000,389.950,128,2048,8,2048,noop,1,2048
realmachine,isl,1024,2,58,decode,1,1,0,1,1,0,18.540,368.140,0.460,1,367.680,386.780,128,2048,8,2048,noop,1,2048
realmachine,isl,1024,2,59,decode,1,1,0,1,1,0,18.240,366.870,0.510,1,366.360,385.250,128,2048,8,2048,noop,1,2048
realmachine,isl,1024,2,60,decode,1,1,0,1,1,0,18.230,366.820,0.580,1,366.240,385.180,128,2048,8,2048,noop,1,2048
realmachine,isl,1024,2,61,decode,1,1,0,1,1,0,17.880,367.460,0.550,1,366.910,385.450,128,2048,8,2048,noop,1,2048
