preset,dim,value,repeat,step,phase,num_reqs,total_scheduled_tokens,n_prefill,n_decode,logits_indices_len,has_spec_decode,update_states_us,prepare_inputs_us,triton_cpu_us,triton_launches,pi_net_us,scope_total_us,block_size,max_model_len,max_num_reqs,max_num_batched_tokens,slot_mapping_mode,use_async,chunk_size
realmachine,batch,1,0,0,decode,1,1,0,1,1,0,21.600,428.790,0.550,1,428.240,450.520,128,2048,64,2048,noop,1,2048
realmachine,batch,1,0,1,decode,1,1,0,1,1,0,21.660,388.100,0.570,1,387.530,409.920,128,2048,64,2048,noop,1,2048
realmachine,batch,1,0,2,decode,1,1,0,1,1,0,18.260,380.250,0.540,1,379.710,398.620,128,2048,64,2048,noop,1,2048
realmachine,batch,1,0,3,decode,1,1,0,1,1,0,18.200,373.600,0.490,1,373.110,391.930,128,2048,64,2048,noop,1,2048
realmachine,batch,1,0,4,decode,1,1,0,1,1,0,17.960,372.690,0.550,1,372.140,390.780,128,2048,64,2048,noop,1,2048
realmachine,batch,1,0,5,decode,1,1,0,1,1,0,17.640,375.700,0.570,1,375.130,393.470,128,2048,64,2048,noop,1,2048
realmachine,batch,1,0,6,decode,1,1,0,1,1,0,17.220,370.930,0.520,1,370.410,388.260,128,2048,64,2048,noop,1,2048
realmachine,batch,1,0,7,decode,1,1,0,1,1,0,17.460,368.970,0.480,1,368.490,386.540,128,2048,64,2048,noop,1,2048
realmachine,batch,1,0,8,decode,1,1,0,1,1,0,18.090,377.780,0.590,1,377.190,396.000,128,2048,64,2048,noop,1,2048
realmachine,batch,1,0,9,decode,1,1,0,1,1,0,17.530,421.330,0.590,1,420.740,438.960,128,2048,64,2048,noop,1,2048
realmachine,batch,1,0,10,decode,1,1,0,1,1,0,18.930,377.810,0.520,1,377.290,396.870,128,2048,64,2048,noop,1,2048
realmachine,batch,1,0,11,decode,1,1,0,1,1,0,17.590,370.930,0.580,1,370.350,388.670,128,2048,64,2048,noop,1,2048
realmachine,batch,1,0,12,decode,1,1,0,1,1,0,17.200,369.620,0.630,1,368.990,386.920,128,2048,64,2048,noop,1,2048
realmachine,batch,1,0,13,decode,1,1,0,1,1,0,17.790,368.400,0.490,1,367.910,386.310,128,2048,64,2048,noop,1,2048
realmachine,batch,1,0,14,decode,1,1,0,1,1,0,17.280,371.490,0.570,1,370.920,388.870,128,2048,64,2048,noop,1,2048
realmachine,batch,1,0,15,decode,1,1,0,1,1,0,17.190,368.430,0.520,1,367.910,385.720,128,2048,64,2048,noop,1,2048
realmachine,batch,1,0,16,decode,1,1,0,1,1,0,17.300,367.990,0.560,1,367.430,385.420,128,2048,64,2048,noop,1,2048
realmachine,batch,1,0,17,decode,1,1,0,1,1,0,17.110,366.310,0.540,1,365.770,383.550,128,2048,64,2048,noop,1,2048
realmachine,batch,1,0,18,decode,1,1,0,1,1,0,16.940,385.770,0.550,1,385.220,402.810,128,2048,64,2048,noop,1,2048
realmachine,batch,1,0,19,decode,1,1,0,1,1,0,16.950,372.860,0.490,1,372.370,389.940,128,2048,64,2048,noop,1,2048
realmachine,batch,1,0,20,decode,1,1,0,1,1,0,17.670,371.690,0.550,1,371.140,389.500,128,2048,64,2048,noop,1,2048
realmachine,batch,1,0,21,decode,1,1,0,1,1,0,17.050,369.550,0.570,1,368.980,386.700,128,2048,64,2048,noop,1,2048
realmachine,batch,1,0,22,decode,1,1,0,1,1,0,17.320,367.260,0.530,1,366.730,384.690,128,2048,64,2048,noop,1,2048
realmachine,batch,1,0,23,decode,1,1,0,1,1,0,18.140,375.830,0.540,1,375.290,394.080,128,2048,64,2048,noop,1,2048
realmachine,batch,1,0,24,decode,1,1,0,1,1,0,17.450,372.600,0.560,1,372.040,390.260,128,2048,64,2048,noop,1,2048
realmachine,batch,1,0,25,decode,1,1,0,1,1,0,17.290,370.730,0.520,1,370.210,388.140,128,2048,64,2048,noop,1,2048
realmachine,batch,1,0,26,decode,1,1,0,1,1,0,17.170,369.240,0.530,1,368.710,386.540,128,2048,64,2048,noop,1,2048
realmachine,batch,1,0,27,decode,1,1,0,1,1,0,17.200,371.480,0.540,1,370.940,388.770,128,2048,64,2048,noop,1,2048
realmachine,batch,1,0,28,decode,1,1,0,1,1,0,17.110,384.980,0.530,1,384.450,402.200,128,2048,64,2048,noop,1,2048
realmachine,batch,1,0,29,decode,1,1,0,1,1,0,17.120,368.370,0.520,1,367.850,385.600,128,2048,64,2048,noop,1,2048
realmachine,batch,1,0,30,decode,1,1,0,1,1,0,17.650,366.260,0.550,1,365.710,384.040,128,2048,64,2048,noop,1,2048
realmachine,batch,1,0,31,decode,1,1,0,1,1,0,16.990,365.970,0.580,1,365.390,383.080,128,2048,64,2048,noop,1,2048
realmachine,batch,1,0,32,decode,1,1,0,1,1,0,17.190,368.230,0.520,1,367.710,385.550,128,2048,64,2048,noop,1,2048
realmachine,batch,1,0,33,decode,1,1,0,1,1,0,16.910,368.400,0.560,1,367.840,385.440,128,2048,64,2048,noop,1,2048
realmachine,batch,1,0,34,decode,1,1,0,1,1,0,17.050,370.210,0.550,1,369.660,387.390,128,2048,64,2048,noop,1,2048
realmachine,batch,1,0,35,decode,1,1,0,1,1,0,17.360,368.280,0.550,1,367.730,385.740,128,2048,64,2048,noop,1,2048
realmachine,batch,1,0,36,decode,1,1,0,1,1,0,17.000,370.840,0.510,1,370.330,387.940,128,2048,64,2048,noop,1,2048
realmachine,batch,1,0,37,decode,1,1,0,1,1,0,16.870,381.300,0.530,1,380.770,398.290,128,2048,64,2048,noop,1,2048
realmachine,batch,1,0,38,decode,1,1,0,1,1,0,17.680,372.090,0.530,1,371.560,390.070,128,2048,64,2048,noop,1,2048
realmachine,batch,1,0,39,decode,1,1,0,1,1,0,17.440,365.850,0.510,1,365.340,383.400,128,2048,64,2048,noop,1,2048
realmachine,batch,1,0,40,decode,1,1,0,1,1,0,16.980,369.720,0.530,1,369.190,386.810,128,2048,64,2048,noop,1,2048
realmachine,batch,1,0,41,decode,1,1,0,1,1,0,16.770,368.770,0.510,1,368.260,385.680,128,2048,64,2048,noop,1,2048
realmachine,batch,1,0,42,decode,1,1,0,1,1,0,16.770,368.220,0.470,1,367.750,385.110,128,2048,64,2048,noop,1,2048
realmachine,batch,1,0,43,decode,1,1,0,1,1,0,16.860,367.700,0.530,1,367.170,384.680,128,2048,64,2048,noop,1,2048
realmachine,batch,1,0,44,decode,1,1,0,1,1,0,17.040,366.960,0.490,1,366.470,384.090,128,2048,64,2048,noop,1,2048
realmachine,batch,1,0,45,decode,1,1,0,1,1,0,17.280,366.960,0.510,1,366.450,384.350,128,2048,64,2048,noop,1,2048
realmachine,batch,1,0,46,decode,1,1,0,1,1,0,16.650,376.990,0.720,1,376.270,393.760,128,2048,64,2048,noop,1,2048
realmachine,batch,1,0,47,decode,1,1,0,1,1,0,18.360,469.740,0.590,1,469.150,488.220,128,2048,64,2048,noop,1,2048
realmachine,batch,1,0,48,decode,1,1,0,1,1,0,18.070,385.750,0.550,1,385.200,403.930,128,2048,64,2048,noop,1,2048
realmachine,batch,1,0,49,decode,1,1,0,1,1,0,17.900,374.020,0.530,1,373.490,392.030,128,2048,64,2048,noop,1,2048
realmachine,batch,1,0,50,decode,1,1,0,1,1,0,17.700,369.850,0.530,1,369.320,387.630,128,2048,64,2048,noop,1,2048
realmachine,batch,1,0,51,decode,1,1,0,1,1,0,17.310,368.220,0.590,1,367.630,385.660,128,2048,64,2048,noop,1,2048
realmachine,batch,1,0,52,decode,1,1,0,1,1,0,16.860,367.970,0.500,1,367.470,384.940,128,2048,64,2048,noop,1,2048
realmachine,batch,1,0,53,decode,1,1,0,1,1,0,16.960,368.410,0.560,1,367.850,385.490,128,2048,64,2048,noop,1,2048
realmachine,batch,1,0,54,decode,1,1,0,1,1,0,18.540,375.000,0.570,1,374.430,393.650,128,2048,64,2048,noop,1,2048
realmachine,batch,1,0,55,decode,1,1,0,1,1,0,18.050,371.130,0.520,1,370.610,389.280,128,2048,64,2048,noop,1,2048
realmachine,batch,1,0,56,decode,1,1,0,1,1,0,17.310,601.810,0.670,1,601.140,619.240,128,2048,64,2048,noop,1,2048
realmachine,batch,1,0,57,decode,1,1,0,1,1,0,20.090,379.770,0.560,1,379.210,400.000,128,2048,64,2048,noop,1,2048
realmachine,batch,1,0,58,decode,1,1,0,1,1,0,18.690,371.540,0.590,1,370.950,390.340,128,2048,64,2048,noop,1,2048
realmachine,batch,1,0,59,decode,1,1,0,1,1,0,17.140,370.210,0.560,1,369.650,387.480,128,2048,64,2048,noop,1,2048
realmachine,batch,1,0,60,decode,1,1,0,1,1,0,18.010,370.150,0.520,1,369.630,388.280,128,2048,64,2048,noop,1,2048
realmachine,batch,1,0,61,decode,1,1,0,1,1,0,17.680,376.940,0.690,1,376.250,394.720,128,2048,64,2048,noop,1,2048
realmachine,batch,1,1,0,decode,1,1,0,1,1,0,19.950,392.090,0.560,1,391.530,412.180,128,2048,64,2048,noop,1,2048
realmachine,batch,1,1,1,decode,1,1,0,1,1,0,19.930,385.260,0.580,1,384.680,405.290,128,2048,64,2048,noop,1,2048
realmachine,batch,1,1,2,decode,1,1,0,1,1,0,19.520,384.790,0.540,1,384.250,404.410,128,2048,64,2048,noop,1,2048
realmachine,batch,1,1,3,decode,1,1,0,1,1,0,19.410,714.010,0.670,1,713.340,733.500,128,2048,64,2048,noop,1,2048
realmachine,batch,1,1,4,decode,1,1,0,1,1,0,23.320,405.390,0.570,1,404.820,428.830,128,2048,64,2048,noop,1,2048
realmachine,batch,1,1,5,decode,1,1,0,1,1,0,20.490,390.390,0.540,1,389.850,410.980,128,2048,64,2048,noop,1,2048
realmachine,batch,1,1,6,decode,1,1,0,1,1,0,19.320,386.080,0.510,1,385.570,405.550,128,2048,64,2048,noop,1,2048
realmachine,batch,1,1,7,decode,1,1,0,1,1,0,19.300,383.410,0.480,1,382.930,402.850,128,2048,64,2048,noop,1,2048
realmachine,batch,1,1,8,decode,1,1,0,1,1,0,19.100,381.820,0.520,1,381.300,401.030,128,2048,64,2048,noop,1,2048
realmachine,batch,1,1,9,decode,1,1,0,1,1,0,19.440,380.660,0.550,1,380.110,400.200,128,2048,64,2048,noop,1,2048
realmachine,batch,1,1,10,decode,1,1,0,1,1,0,19.060,382.010,0.500,1,381.510,401.200,128,2048,64,2048,noop,1,2048
realmachine,batch,1,1,11,decode,1,1,0,1,1,0,18.500,407.380,0.450,1,406.930,425.990,128,2048,64,2048,noop,1,2048
realmachine,batch,1,1,12,decode,1,1,0,1,1,0,19.790,398.240,0.460,1,397.780,418.160,128,2048,64,2048,noop,1,2048
realmachine,batch,1,1,13,decode,1,1,0,1,1,0,19.370,389.190,0.490,1,388.700,408.660,128,2048,64,2048,noop,1,2048
realmachine,batch,1,1,14,decode,1,1,0,1,1,0,18.940,383.120,0.440,1,382.680,402.190,128,2048,64,2048,noop,1,2048
realmachine,batch,1,1,15,decode,1,1,0,1,1,0,18.660,388.660,0.520,1,388.140,407.450,128,2048,64,2048,noop,1,2048
realmachine,batch,1,1,16,decode,1,1,0,1,1,0,19.120,386.560,0.480,1,386.080,405.810,128,2048,64,2048,noop,1,2048
realmachine,batch,1,1,17,decode,1,1,0,1,1,0,18.830,386.480,0.450,1,386.030,405.410,128,2048,64,2048,noop,1,2048
realmachine,batch,1,1,18,decode,1,1,0,1,1,0,19.100,382.050,0.520,1,381.530,401.260,128,2048,64,2048,noop,1,2048
realmachine,batch,1,1,19,decode,1,1,0,1,1,0,18.680,382.120,0.470,1,381.650,400.910,128,2048,64,2048,noop,1,2048
realmachine,batch,1,1,20,decode,1,1,0,1,1,0,18.800,401.390,0.570,1,400.820,420.300,128,2048,64,2048,noop,1,2048
realmachine,batch,1,1,21,decode,1,1,0,1,1,0,19.600,387.180,0.440,1,386.740,406.880,128,2048,64,2048,noop,1,2048
realmachine,batch,1,1,22,decode,1,1,0,1,1,0,19.340,381.650,0.470,1,381.180,401.100,128,2048,64,2048,noop,1,2048
realmachine,batch,1,1,23,decode,1,1,0,1,1,0,18.660,380.480,0.490,1,379.990,399.260,128,2048,64,2048,noop,1,2048
realmachine,batch,1,1,24,decode,1,1,0,1,1,0,19.280,379.820,0.540,1,379.280,399.190,128,2048,64,2048,noop,1,2048
realmachine,batch,1,1,25,decode,1,1,0,1,1,0,19.090,384.240,0.500,1,383.740,403.420,128,2048,64,2048,noop,1,2048
realmachine,batch,1,1,26,decode,1,1,0,1,1,0,18.520,380.510,0.440,1,380.070,399.160,128,2048,64,2048,noop,1,2048
realmachine,batch,1,1,27,decode,1,1,0,1,1,0,18.700,381.980,0.490,1,381.490,400.790,128,2048,64,2048,noop,1,2048
realmachine,batch,1,1,28,decode,1,1,0,1,1,0,18.840,378.290,0.510,1,377.780,397.280,128,2048,64,2048,noop,1,2048
realmachine,batch,1,1,29,decode,1,1,0,1,1,0,19.050,384.030,0.480,1,383.550,403.200,128,2048,64,2048,noop,1,2048
realmachine,batch,1,1,30,decode,1,1,0,1,1,0,19.370,392.010,0.420,1,391.590,411.490,128,2048,64,2048,noop,1,2048
realmachine,batch,1,1,31,decode,1,1,0,1,1,0,18.640,384.100,0.430,1,383.670,402.840,128,2048,64,2048,noop,1,2048
realmachine,batch,1,1,32,decode,1,1,0,1,1,0,18.590,380.230,0.470,1,379.760,398.950,128,2048,64,2048,noop,1,2048
realmachine,batch,1,1,33,decode,1,1,0,1,1,0,19.370,383.540,0.490,1,383.050,403.030,128,2048,64,2048,noop,1,2048
realmachine,batch,1,1,34,decode,1,1,0,1,1,0,18.880,381.420,0.440,1,380.980,400.410,128,2048,64,2048,noop,1,2048
realmachine,batch,1,1,35,decode,1,1,0,1,1,0,18.980,384.570,0.500,1,384.070,403.660,128,2048,64,2048,noop,1,2048
realmachine,batch,1,1,36,decode,1,1,0,1,1,0,19.160,379.320,0.430,1,378.890,398.610,128,2048,64,2048,noop,1,2048
realmachine,batch,1,1,37,decode,1,1,0,1,1,0,19.230,385.900,0.500,1,385.400,405.220,128,2048,64,2048,noop,1,2048
realmachine,batch,1,1,38,decode,1,1,0,1,1,0,18.860,381.070,0.460,1,380.610,400.020,128,2048,64,2048,noop,1,2048
realmachine,batch,1,1,39,decode,1,1,0,1,1,0,18.820,409.870,0.440,1,409.430,428.840,128,2048,64,2048,noop,1,2048
realmachine,batch,1,1,40,decode,1,1,0,1,1,0,20.110,382.750,0.450,1,382.300,402.970,128,2048,64,2048,noop,1,2048
realmachine,batch,1,1,41,decode,1,1,0,1,1,0,19.270,378.240,0.440,1,377.800,397.630,128,2048,64,2048,noop,1,2048
realmachine,batch,1,1,42,decode,1,1,0,1,1,0,18.720,381.220,0.480,1,380.740,400.040,128,2048,64,2048,noop,1,2048
realmachine,batch,1,1,43,decode,1,1,0,1,1,0,18.600,378.140,0.470,1,377.670,396.820,128,2048,64,2048,noop,1,2048
realmachine,batch,1,1,44,decode,1,1,0,1,1,0,18.560,392.620,0.520,1,392.100,411.290,128,2048,64,2048,noop,1,2048
realmachine,batch,1,1,45,decode,1,1,0,1,1,0,19.730,386.600,0.450,1,386.150,406.440,128,2048,64,2048,noop,1,2048
realmachine,batch,1,1,46,decode,1,1,0,1,1,0,18.630,386.580,0.530,1,386.050,405.320,128,2048,64,2048,noop,1,2048
realmachine,batch,1,1,47,decode,1,1,0,1,1,0,18.860,381.380,0.500,1,380.880,400.380,128,2048,64,2048,noop,1,2048
realmachine,batch,1,1,48,decode,1,1,0,1,1,0,18.570,402.650,0.630,1,402.020,421.320,128,2048,64,2048,noop,1,2048
realmachine,batch,1,1,49,decode,1,1,0,1,1,0,20.670,385.880,0.520,1,385.360,406.660,128,2048,64,2048,noop,1,2048
realmachine,batch,1,1,50,decode,1,1,0,1,1,0,19.060,372.820,0.500,1,372.320,392.020,128,2048,64,2048,noop,1,2048
realmachine,batch,1,1,51,decode,1,1,0,1,1,0,18.440,372.040,0.530,1,371.510,390.600,128,2048,64,2048,noop,1,2048
realmachine,batch,1,1,52,decode,1,1,0,1,1,0,19.440,377.650,0.590,1,377.060,397.250,128,2048,64,2048,noop,1,2048
realmachine,batch,1,1,53,decode,1,1,0,1,1,0,18.350,373.270,0.510,1,372.760,391.770,128,2048,64,2048,noop,1,2048
realmachine,batch,1,1,54,decode,1,1,0,1,1,0,18.450,372.360,0.510,1,371.850,390.920,128,2048,64,2048,noop,1,2048
realmachine,batch,1,1,55,decode,1,1,0,1,1,0,17.920,371.890,0.500,1,371.390,389.940,128,2048,64,2048,noop,1,2048
realmachine,batch,1,1,56,decode,1,1,0,1,1,0,17.970,368.630,0.510,1,368.120,386.750,128,2048,64,2048,noop,1,2048
realmachine,batch,1,1,57,decode,1,1,0,1,1,0,17.590,387.680,0.540,1,387.140,405.390,128,2048,64,2048,noop,1,2048
realmachine,batch,1,1,58,decode,1,1,0,1,1,0,18.730,473.250,0.690,1,472.560,492.120,128,2048,64,2048,noop,1,2048
realmachine,batch,1,1,59,decode,1,1,0,1,1,0,20.440,396.400,0.620,1,395.780,416.960,128,2048,64,2048,noop,1,2048
realmachine,batch,1,1,60,decode,1,1,0,1,1,0,18.840,387.440,0.600,1,386.840,406.420,128,2048,64,2048,noop,1,2048
realmachine,batch,1,1,61,decode,1,1,0,1,1,0,18.280,381.320,0.550,1,380.770,399.760,128,2048,64,2048,noop,1,2048
realmachine,batch,1,2,0,decode,1,1,0,1,1,0,20.690,393.120,0.580,1,392.540,413.910,128,2048,64,2048,noop,1,2048
realmachine,batch,1,2,1,decode,1,1,0,1,1,0,20.350,383.670,0.540,1,383.130,404.150,128,2048,64,2048,noop,1,2048
realmachine,batch,1,2,2,decode,1,1,0,1,1,0,20.270,384.130,0.610,1,383.520,404.550,128,2048,64,2048,noop,1,2048
realmachine,batch,1,2,3,decode,1,1,0,1,1,0,20.240,380.440,0.590,1,379.850,400.780,128,2048,64,2048,noop,1,2048
realmachine,batch,1,2,4,decode,1,1,0,1,1,0,19.450,382.820,0.580,1,382.240,402.410,128,2048,64,2048,noop,1,2048
realmachine,batch,1,2,5,decode,1,1,0,1,1,0,19.440,382.060,0.610,1,381.450,401.620,128,2048,64,2048,noop,1,2048
realmachine,batch,1,2,6,decode,1,1,0,1,1,0,19.820,380.400,0.510,1,379.890,400.360,128,2048,64,2048,noop,1,2048
realmachine,batch,1,2,7,decode,1,1,0,1,1,0,18.970,380.660,0.630,1,380.030,399.790,128,2048,64,2048,noop,1,2048
realmachine,batch,1,2,8,decode,1,1,0,1,1,0,19.810,393.760,0.650,1,393.110,413.740,128,2048,64,2048,noop,1,2048
realmachine,batch,1,2,9,decode,1,1,0,1,1,0,20.200,389.070,0.490,1,388.580,409.400,128,2048,64,2048,noop,1,2048
realmachine,batch,1,2,10,decode,1,1,0,1,1,0,19.610,382.370,0.590,1,381.780,402.130,128,2048,64,2048,noop,1,2048
realmachine,batch,1,2,11,decode,1,1,0,1,1,0,19.290,382.960,0.540,1,382.420,402.370,128,2048,64,2048,noop,1,2048
realmachine,batch,1,2,12,decode,1,1,0,1,1,0,19.800,381.130,0.600,1,380.530,401.040,128,2048,64,2048,noop,1,2048
realmachine,batch,1,2,13,decode,1,1,0,1,1,0,19.560,380.100,0.550,1,379.550,399.760,128,2048,64,2048,noop,1,2048
realmachine,batch,1,2,14,decode,1,1,0,1,1,0,18.720,380.710,0.600,1,380.110,399.580,128,2048,64,2048,noop,1,2048
realmachine,batch,1,2,15,decode,1,1,0,1,1,0,19.180,379.930,0.540,1,379.390,399.220,128,2048,64,2048,noop,1,2048
realmachine,batch,1,2,16,decode,1,1,0,1,1,0,19.310,379.470,0.590,1,378.880,398.960,128,2048,64,2048,noop,1,2048
realmachine,batch,1,2,17,decode,1,1,0,1,1,0,19.230,378.090,0.560,1,377.530,397.440,128,2048,64,2048,noop,1,2048
realmachine,batch,1,2,18,decode,1,1,0,1,1,0,19.540,402.640,0.550,1,402.090,422.310,128,2048,64,2048,noop,1,2048
realmachine,batch,1,2,19,decode,1,1,0,1,1,0,20.160,381.650,0.600,1,381.050,401.950,128,2048,64,2048,noop,1,2048
realmachine,batch,1,2,20,decode,1,1,0,1,1,0,19.240,385.410,0.570,1,384.840,404.760,128,2048,64,2048,noop,1,2048
realmachine,batch,1,2,21,decode,1,1,0,1,1,0,19.620,383.150,0.520,1,382.630,402.910,128,2048,64,2048,noop,1,2048
realmachine,batch,1,2,22,decode,1,1,0,1,1,0,19.310,379.020,0.540,1,378.480,398.450,128,2048,64,2048,noop,1,2048
realmachine,batch,1,2,23,decode,1,1,0,1,1,0,19.040,379.130,0.560,1,378.570,398.300,128,2048,64,2048,noop,1,2048
realmachine,batch,1,2,24,decode,1,1,0,1,1,0,19.020,377.380,0.500,1,376.880,396.510,128,2048,64,2048,noop,1,2048
realmachine,batch,1,2,25,decode,1,1,0,1,1,0,18.710,380.790,0.590,1,380.200,399.640,128,2048,64,2048,noop,1,2048
realmachine,batch,1,2,26,decode,1,1,0,1,1,0,18.980,380.770,0.530,1,380.240,399.850,128,2048,64,2048,noop,1,2048
realmachine,batch,1,2,27,decode,1,1,0,1,1,0,19.100,400.170,0.650,1,399.520,419.390,128,2048,64,2048,noop,1,2048
realmachine,batch,1,2,28,decode,1,1,0,1,1,0,19.670,382.030,0.570,1,381.460,401.820,128,2048,64,2048,noop,1,2048
realmachine,batch,1,2,29,decode,1,1,0,1,1,0,19.430,378.410,0.590,1,377.820,397.950,128,2048,64,2048,noop,1,2048
realmachine,batch,1,2,30,decode,1,1,0,1,1,0,19.200,379.210,0.580,1,378.630,398.530,128,2048,64,2048,noop,1,2048
realmachine,batch,1,2,31,decode,1,1,0,1,1,0,18.840,376.330,0.550,1,375.780,395.310,128,2048,64,2048,noop,1,2048
realmachine,batch,1,2,32,decode,1,1,0,1,1,0,18.850,375.810,0.590,1,375.220,394.790,128,2048,64,2048,noop,1,2048
realmachine,batch,1,2,33,decode,1,1,0,1,1,0,19.120,377.450,0.600,1,376.850,396.710,128,2048,64,2048,noop,1,2048
realmachine,batch,1,2,34,decode,1,1,0,1,1,0,19.070,377.780,0.630,1,377.150,397.010,128,2048,64,2048,noop,1,2048
realmachine,batch,1,2,35,decode,1,1,0,1,1,0,18.780,376.980,0.580,1,376.400,395.860,128,2048,64,2048,noop,1,2048
realmachine,batch,1,2,36,decode,1,1,0,1,1,0,19.170,401.430,0.600,1,400.830,420.740,128,2048,64,2048,noop,1,2048
realmachine,batch,1,2,37,decode,1,1,0,1,1,0,20.090,384.610,0.570,1,384.040,404.800,128,2048,64,2048,noop,1,2048
realmachine,batch,1,2,38,decode,1,1,0,1,1,0,19.340,380.670,0.600,1,380.070,400.110,128,2048,64,2048,noop,1,2048
realmachine,batch,1,2,39,decode,1,1,0,1,1,0,19.080,379.410,0.610,1,378.800,398.590,128,2048,64,2048,noop,1,2048
realmachine,batch,1,2,40,decode,1,1,0,1,1,0,18.910,378.370,0.590,1,377.780,397.440,128,2048,64,2048,noop,1,2048
realmachine,batch,1,2,41,decode,1,1,0,1,1,0,19.230,378.800,0.580,1,378.220,398.150,128,2048,64,2048,noop,1,2048
realmachine,batch,1,2,42,decode,1,1,0,1,1,0,18.690,376.910,0.580,1,376.330,395.700,128,2048,64,2048,noop,1,2048
realmachine,batch,1,2,43,decode,1,1,0,1,1,0,18.920,379.130,0.580,1,378.550,398.160,128,2048,64,2048,noop,1,2048
realmachine,batch,1,2,44,decode,1,1,0,1,1,0,18.700,378.670,0.550,1,378.120,397.500,128,2048,64,2048,noop,1,2048
realmachine,batch,1,2,45,decode,1,1,0,1,1,0,19.620,389.640,0.570,1,389.070,409.340,128,2048,64,2048,noop,1,2048
realmachine,batch,1,2,46,decode,1,1,0,1,1,0,20.230,386.990,0.560,1,386.430,407.310,128,2048,64,2048,noop,1,2048
realmachine,batch,1,2,47,decode,1,1,0,1,1,0,19.350,383.030,0.470,1,382.560,402.500,128,2048,64,2048,noop,1,2048
realmachine,batch,1,2,48,decode,1,1,0,1,1,0,18.880,377.140,0.530,1,376.610,396.200,128,2048,64,2048,noop,1,2048
realmachine,batch,1,2,49,decode,1,1,0,1,1,0,19.130,379.130,0.540,1,378.590,398.400,128,2048,64,2048,noop,1,2048
realmachine,batch,1,2,50,decode,1,1,0,1,1,0,18.870,370.060,0.510,1,369.550,389.030,128,2048,64,2048,noop,1,2048
realmachine,batch,1,2,51,decode,1,1,0,1,1,0,18.830,368.650,0.530,1,368.120,387.600,128,2048,64,2048,noop,1,2048
realmachine,batch,1,2,52,decode,1,1,0,1,1,0,18.870,368.460,0.590,1,367.870,387.440,128,2048,64,2048,noop,1,2048
realmachine,batch,1,2,53,decode,1,1,0,1,1,0,18.890,371.550,0.540,1,371.010,390.570,128,2048,64,2048,noop,1,2048
realmachine,batch,1,2,54,decode,1,1,0,1,1,0,19.440,373.310,0.560,1,372.750,392.910,128,2048,64,2048,noop,1,2048
realmachine,batch,1,2,55,decode,1,1,0,1,1,0,18.380,386.950,0.580,1,386.370,405.460,128,2048,64,2048,noop,1,2048
realmachine,batch,1,2,56,decode,1,1,0,1,1,0,19.100,375.090,0.510,1,374.580,394.320,128,2048,64,2048,noop,1,2048
realmachine,batch,1,2,57,decode,1,1,0,1,1,0,18.540,375.940,0.590,1,375.350,394.610,128,2048,64,2048,noop,1,2048
realmachine,batch,1,2,58,decode,1,1,0,1,1,0,18.460,370.050,0.500,1,369.550,388.660,128,2048,64,2048,noop,1,2048
realmachine,batch,1,2,59,decode,1,1,0,1,1,0,18.620,370.570,0.530,1,370.040,389.290,128,2048,64,2048,noop,1,2048
realmachine,batch,1,2,60,decode,1,1,0,1,1,0,18.460,369.250,0.590,1,368.660,387.830,128,2048,64,2048,noop,1,2048
realmachine,batch,1,2,61,decode,1,1,0,1,1,0,18.990,368.050,0.540,1,367.510,387.170,128,2048,64,2048,noop,1,2048
realmachine,batch,8,0,0,decode,8,8,0,8,8,0,33.740,391.840,0.630,1,391.210,425.700,128,2048,64,2048,noop,1,2048
realmachine,batch,8,0,1,decode,8,8,0,8,8,0,33.730,390.890,0.590,1,390.300,424.750,128,2048,64,2048,noop,1,2048
realmachine,batch,8,0,2,decode,8,8,0,8,8,0,32.990,387.740,0.540,1,387.200,420.840,128,2048,64,2048,noop,1,2048
realmachine,batch,8,0,3,decode,8,8,0,8,8,0,32.480,388.630,0.610,1,388.020,421.250,128,2048,64,2048,noop,1,2048
realmachine,batch,8,0,4,decode,8,8,0,8,8,0,32.770,386.150,0.610,1,385.540,419.030,128,2048,64,2048,noop,1,2048
realmachine,batch,8,0,5,decode,8,8,0,8,8,0,41.490,392.390,0.660,1,391.730,434.020,128,2048,64,2048,noop,1,2048
realmachine,batch,8,0,6,decode,8,8,0,8,8,0,32.430,386.780,0.570,1,386.210,419.330,128,2048,64,2048,noop,1,2048
realmachine,batch,8,0,7,decode,8,8,0,8,8,0,31.560,384.050,0.640,1,383.410,415.730,128,2048,64,2048,noop,1,2048
realmachine,batch,8,0,8,decode,8,8,0,8,8,0,31.130,387.420,0.630,1,386.790,418.670,128,2048,64,2048,noop,1,2048
realmachine,batch,8,0,9,decode,8,8,0,8,8,0,30.810,385.050,0.550,1,384.500,415.960,128,2048,64,2048,noop,1,2048
realmachine,batch,8,0,10,decode,8,8,0,8,8,0,31.430,386.450,0.610,1,385.840,418.020,128,2048,64,2048,noop,1,2048
realmachine,batch,8,0,11,decode,8,8,0,8,8,0,31.070,387.420,0.610,1,386.810,418.630,128,2048,64,2048,noop,1,2048
realmachine,batch,8,0,12,decode,8,8,0,8,8,0,30.850,386.170,0.590,1,385.580,417.130,128,2048,64,2048,noop,1,2048
realmachine,batch,8,0,13,decode,8,8,0,8,8,0,31.520,398.510,0.590,1,397.920,430.160,128,2048,64,2048,noop,1,2048
realmachine,batch,8,0,14,decode,8,8,0,8,8,0,32.260,388.610,0.640,1,387.970,421.000,128,2048,64,2048,noop,1,2048
realmachine,batch,8,0,15,decode,8,8,0,8,8,0,31.280,388.180,0.580,1,387.600,419.580,128,2048,64,2048,noop,1,2048
realmachine,batch,8,0,16,decode,8,8,0,8,8,0,31.790,383.480,0.570,1,382.910,415.400,128,2048,64,2048,noop,1,2048
realmachine,batch,8,0,17,decode,8,8,0,8,8,0,31.240,385.960,0.570,1,385.390,417.330,128,2048,64,2048,noop,1,2048
realmachine,batch,8,0,18,decode,8,8,0,8,8,0,31.300,382.520,0.560,1,381.960,413.950,128,2048,64,2048,noop,1,2048
realmachine,batch,8,0,19,decode,8,8,0,8,8,0,31.650,382.200,0.580,1,381.620,413.990,128,2048,64,2048,noop,1,2048
realmachine,batch,8,0,20,decode,8,8,0,8,8,0,31.600,382.510,0.600,1,381.910,414.240,128,2048,64,2048,noop,1,2048
realmachine,batch,8,0,21,decode,8,8,0,8,8,0,31.020,383.480,0.610,1,382.870,414.630,128,2048,64,2048,noop,1,2048
realmachine,batch,8,0,22,decode,8,8,0,8,8,0,31.390,399.130,0.610,1,398.520,430.660,128,2048,64,2048,noop,1,2048
realmachine,batch,8,0,23,decode,8,8,0,8,8,0,31.800,387.810,0.660,1,387.150,419.710,128,2048,64,2048,noop,1,2048
realmachine,batch,8,0,24,decode,8,8,0,8,8,0,31.350,383.810,0.610,1,383.200,415.260,128,2048,64,2048,noop,1,2048
realmachine,batch,8,0,25,decode,8,8,0,8,8,0,32.260,384.680,0.600,1,384.080,417.070,128,2048,64,2048,noop,1,2048
realmachine,batch,8,0,26,decode,8,8,0,8,8,0,30.810,382.560,0.580,1,381.980,413.470,128,2048,64,2048,noop,1,2048
realmachine,batch,8,0,27,decode,8,8,0,8,8,0,31.510,388.540,0.620,1,387.920,420.180,128,2048,64,2048,noop,1,2048
realmachine,batch,8,0,28,decode,8,8,0,8,8,0,31.540,386.710,0.570,1,386.140,418.380,128,2048,64,2048,noop,1,2048
realmachine,batch,8,0,29,decode,8,8,0,8,8,0,31.610,385.050,0.590,1,384.460,416.820,128,2048,64,2048,noop,1,2048
realmachine,batch,8,0,30,decode,8,8,0,8,8,0,31.350,382.800,0.600,1,382.200,414.280,128,2048,64,2048,noop,1,2048
realmachine,batch,8,0,31,decode,8,8,0,8,8,0,31.920,404.280,0.630,1,403.650,436.320,128,2048,64,2048,noop,1,2048
realmachine,batch,8,0,32,decode,8,8,0,8,8,0,32.070,385.180,0.600,1,384.580,417.380,128,2048,64,2048,noop,1,2048
realmachine,batch,8,0,33,decode,8,8,0,8,8,0,31.310,384.950,0.610,1,384.340,416.400,128,2048,64,2048,noop,1,2048
realmachine,batch,8,0,34,decode,8,8,0,8,8,0,31.170,386.700,0.620,1,386.080,417.970,128,2048,64,2048,noop,1,2048
realmachine,batch,8,0,35,decode,8,8,0,8,8,0,31.180,384.410,0.600,1,383.810,415.720,128,2048,64,2048,noop,1,2048
realmachine,batch,8,0,36,decode,8,8,0,8,8,0,32.370,385.890,0.600,1,385.290,418.380,128,2048,64,2048,noop,1,2048
realmachine,batch,8,0,37,decode,8,8,0,8,8,0,31.290,385.860,0.620,1,385.240,417.270,128,2048,64,2048,noop,1,2048
realmachine,batch,8,0,38,decode,8,8,0,8,8,0,31.080,382.080,0.600,1,381.480,413.270,128,2048,64,2048,noop,1,2048
realmachine,batch,8,0,39,decode,8,8,0,8,8,0,31.060,394.180,0.650,1,393.530,425.380,128,2048,64,2048,noop,1,2048
realmachine,batch,8,0,40,decode,8,8,0,8,8,0,31.800,389.050,0.620,1,388.430,420.970,128,2048,64,2048,noop,1,2048
realmachine,batch,8,0,41,decode,8,8,0,8,8,0,30.960,385.300,0.560,1,384.740,416.410,128,2048,64,2048,noop,1,2048
realmachine,batch,8,0,42,decode,8,8,0,8,8,0,31.480,384.300,0.650,1,383.650,415.930,128,2048,64,2048,noop,1,2048
realmachine,batch,8,0,43,decode,8,8,0,8,8,0,31.460,383.030,0.580,1,382.450,414.620,128,2048,64,2048,noop,1,2048
realmachine,batch,8,0,44,decode,8,8,0,8,8,0,31.250,384.140,0.590,1,383.550,415.530,128,2048,64,2048,noop,1,2048
realmachine,batch,8,0,45,decode,8,8,0,8,8,0,31.280,383.790,0.570,1,383.220,415.210,128,2048,64,2048,noop,1,2048
realmachine,batch,8,0,46,decode,8,8,0,8,8,0,31.110,385.710,0.600,1,385.110,416.930,128,2048,64,2048,noop,1,2048
realmachine,batch,8,0,47,decode,8,8,0,8,8,0,31.320,383.840,0.630,1,383.210,415.270,128,2048,64,2048,noop,1,2048
realmachine,batch,8,0,48,decode,8,8,0,8,8,0,31.220,399.400,0.600,1,398.800,430.720,128,2048,64,2048,noop,1,2048
realmachine,batch,8,0,49,decode,8,8,0,8,8,0,33.070,395.380,0.640,1,394.740,428.600,128,2048,64,2048,noop,1,2048
realmachine,batch,8,0,50,decode,8,8,0,8,8,0,31.550,379.020,0.570,1,378.450,410.690,128,2048,64,2048,noop,1,2048
realmachine,batch,8,0,51,decode,8,8,0,8,8,0,31.040,560.090,0.750,1,559.340,591.280,128,2048,64,2048,noop,1,2048
realmachine,batch,8,0,52,decode,8,8,0,8,8,0,32.880,404.290,0.620,1,403.670,437.300,128,2048,64,2048,noop,1,2048
realmachine,batch,8,0,53,decode,8,8,0,8,8,0,32.010,386.810,0.610,1,386.200,418.940,128,2048,64,2048,noop,1,2048
realmachine,batch,8,0,54,decode,8,8,0,8,8,0,31.440,378.840,0.600,1,378.240,410.400,128,2048,64,2048,noop,1,2048
realmachine,batch,8,0,55,decode,8,8,0,8,8,0,31.030,383.660,0.600,1,383.060,414.800,128,2048,64,2048,noop,1,2048
realmachine,batch,8,0,56,decode,8,8,0,8,8,0,31.100,395.340,0.640,1,394.700,426.550,128,2048,64,2048,noop,1,2048
realmachine,batch,8,0,57,decode,8,8,0,8,8,0,31.000,382.350,0.680,1,381.670,413.460,128,2048,64,2048,noop,1,2048
realmachine,batch,8,0,58,decode,8,8,0,8,8,0,31.350,379.830,0.570,1,379.260,411.300,128,2048,64,2048,noop,1,2048
realmachine,batch,8,0,59,decode,8,8,0,8,8,0,31.360,377.480,0.620,1,376.860,408.970,128,2048,64,2048,noop,1,2048
realmachine,batch,8,0,60,decode,8,8,0,8,8,0,31.620,377.120,0.550,1,376.570,408.860,128,2048,64,2048,noop,1,2048
realmachine,batch,8,0,61,decode,8,8,0,8,8,0,31.300,375.740,0.620,1,375.120,407.150,128,2048,64,2048,noop,1,2048
realmachine,batch,8,1,0,decode,8,8,0,8,8,0,34.810,394.740,0.640,1,394.100,429.690,128,2048,64,2048,noop,1,2048
realmachine,batch,8,1,1,decode,8,8,0,8,8,0,34.800,393.710,0.610,1,393.100,428.630,128,2048,64,2048,noop,1,2048
realmachine,batch,8,1,2,decode,8,8,0,8,8,0,34.210,390.840,0.640,1,390.200,425.170,128,2048,64,2048,noop,1,2048
realmachine,batch,8,1,3,decode,8,8,0,8,8,0,34.100,390.290,0.600,1,389.690,424.510,128,2048,64,2048,noop,1,2048
realmachine,batch,8,1,4,decode,8,8,0,8,8,0,33.680,386.070,0.610,1,385.460,419.920,128,2048,64,2048,noop,1,2048
realmachine,batch,8,1,5,decode,8,8,0,8,8,0,31.700,386.970,0.620,1,386.350,418.750,128,2048,64,2048,noop,1,2048
realmachine,batch,8,1,6,decode,8,8,0,8,8,0,32.290,400.030,0.610,1,399.420,432.480,128,2048,64,2048,noop,1,2048
realmachine,batch,8,1,7,decode,8,8,0,8,8,0,32.060,389.960,0.580,1,389.380,422.150,128,2048,64,2048,noop,1,2048
realmachine,batch,8,1,8,decode,8,8,0,8,8,0,31.870,387.720,0.600,1,387.120,419.720,128,2048,64,2048,noop,1,2048
realmachine,batch,8,1,9,decode,8,8,0,8,8,0,31.230,386.310,0.600,1,385.710,417.670,128,2048,64,2048,noop,1,2048
realmachine,batch,8,1,10,decode,8,8,0,8,8,0,31.680,386.140,0.570,1,385.570,417.950,128,2048,64,2048,noop,1,2048
realmachine,batch,8,1,11,decode,8,8,0,8,8,0,31.020,387.550,0.610,1,386.940,418.740,128,2048,64,2048,noop,1,2048
realmachine,batch,8,1,12,decode,8,8,0,8,8,0,31.710,386.870,0.550,1,386.320,418.690,128,2048,64,2048,noop,1,2048
realmachine,batch,8,1,13,decode,8,8,0,8,8,0,31.620,383.210,0.610,1,382.600,414.970,128,2048,64,2048,noop,1,2048
realmachine,batch,8,1,14,decode,8,8,0,8,8,0,31.570,384.150,0.580,1,383.570,415.830,128,2048,64,2048,noop,1,2048
realmachine,batch,8,1,15,decode,8,8,0,8,8,0,42.980,394.270,0.640,1,393.630,437.420,128,2048,64,2048,noop,1,2048
realmachine,batch,8,1,16,decode,8,8,0,8,8,0,31.850,387.200,0.540,1,386.660,419.170,128,2048,64,2048,noop,1,2048
realmachine,batch,8,1,17,decode,8,8,0,8,8,0,31.990,387.750,0.540,1,387.210,419.870,128,2048,64,2048,noop,1,2048
realmachine,batch,8,1,18,decode,8,8,0,8,8,0,32.050,385.550,0.630,1,384.920,417.720,128,2048,64,2048,noop,1,2048
realmachine,batch,8,1,19,decode,8,8,0,8,8,0,31.560,384.440,0.580,1,383.860,416.150,128,2048,64,2048,noop,1,2048
realmachine,batch,8,1,20,decode,8,8,0,8,8,0,31.780,385.860,0.720,1,385.140,417.790,128,2048,64,2048,noop,1,2048
realmachine,batch,8,1,21,decode,8,8,0,8,8,0,31.430,385.760,0.610,1,385.150,417.310,128,2048,64,2048,noop,1,2048
realmachine,batch,8,1,22,decode,8,8,0,8,8,0,31.740,383.370,0.630,1,382.740,415.270,128,2048,64,2048,noop,1,2048
realmachine,batch,8,1,23,decode,8,8,0,8,8,0,30.920,397.090,0.670,1,396.420,428.140,128,2048,64,2048,noop,1,2048
realmachine,batch,8,1,24,decode,8,8,0,8,8,0,31.910,385.910,0.570,1,385.340,417.920,128,2048,64,2048,noop,1,2048
realmachine,batch,8,1,25,decode,8,8,0,8,8,0,32.390,385.310,0.570,1,384.740,417.840,128,2048,64,2048,noop,1,2048
realmachine,batch,8,1,26,decode,8,8,0,8,8,0,31.280,384.290,0.610,1,383.680,415.700,128,2048,64,2048,noop,1,2048
realmachine,batch,8,1,27,decode,8,8,0,8,8,0,31.590,384.820,0.630,1,384.190,416.530,128,2048,64,2048,noop,1,2048
realmachine,batch,8,1,28,decode,8,8,0,8,8,0,31.710,383.680,0.590,1,383.090,415.490,128,2048,64,2048,noop,1,2048
realmachine,batch,8,1,29,decode,8,8,0,8,8,0,31.270,385.930,0.540,1,385.390,417.340,128,2048,64,2048,noop,1,2048
realmachine,batch,8,1,30,decode,8,8,0,8,8,0,31.620,386.540,0.600,1,385.940,418.270,128,2048,64,2048,noop,1,2048
realmachine,batch,8,1,31,decode,8,8,0,8,8,0,30.930,385.150,0.570,1,384.580,416.220,128,2048,64,2048,noop,1,2048
realmachine,batch,8,1,32,decode,8,8,0,8,8,0,30.580,400.610,0.600,1,400.010,431.320,128,2048,64,2048,noop,1,2048
realmachine,batch,8,1,33,decode,8,8,0,8,8,0,32.630,390.480,0.610,1,389.870,423.250,128,2048,64,2048,noop,1,2048
realmachine,batch,8,1,34,decode,8,8,0,8,8,0,31.690,388.570,0.670,1,387.900,420.390,128,2048,64,2048,noop,1,2048
realmachine,batch,8,1,35,decode,8,8,0,8,8,0,31.140,385.700,0.570,1,385.130,416.940,128,2048,64,2048,noop,1,2048
realmachine,batch,8,1,36,decode,8,8,0,8,8,0,32.920,385.720,0.620,1,385.100,418.770,128,2048,64,2048,noop,1,2048
realmachine,batch,8,1,37,decode,8,8,0,8,8,0,32.330,385.380,0.600,1,384.780,417.850,128,2048,64,2048,noop,1,2048
realmachine,batch,8,1,38,decode,8,8,0,8,8,0,31.150,384.530,0.630,1,383.900,415.820,128,2048,64,2048,noop,1,2048
realmachine,batch,8,1,39,decode,8,8,0,8,8,0,32.190,384.050,0.670,1,383.380,416.360,128,2048,64,2048,noop,1,2048
realmachine,batch,8,1,40,decode,8,8,0,8,8,0,31.850,385.000,0.660,1,384.340,416.960,128,2048,64,2048,noop,1,2048
realmachine,batch,8,1,41,decode,8,8,0,8,8,0,31.740,401.160,0.660,1,400.500,433.020,128,2048,64,2048,noop,1,2048
realmachine,batch,8,1,42,decode,8,8,0,8,8,0,33.010,384.660,0.650,1,384.010,417.800,128,2048,64,2048,noop,1,2048
realmachine,batch,8,1,43,decode,8,8,0,8,8,0,32.120,385.240,0.650,1,384.590,417.460,128,2048,64,2048,noop,1,2048
realmachine,batch,8,1,44,decode,8,8,0,8,8,0,32.080,385.710,0.640,1,385.070,417.910,128,2048,64,2048,noop,1,2048
realmachine,batch,8,1,45,decode,8,8,0,8,8,0,32.220,385.730,0.600,1,385.130,418.080,128,2048,64,2048,noop,1,2048
realmachine,batch,8,1,46,decode,8,8,0,8,8,0,31.910,388.230,0.650,1,387.580,420.260,128,2048,64,2048,noop,1,2048
realmachine,batch,8,1,47,decode,8,8,0,8,8,0,32.010,384.770,0.630,1,384.140,416.910,128,2048,64,2048,noop,1,2048
realmachine,batch,8,1,48,decode,8,8,0,8,8,0,31.200,386.510,0.630,1,385.880,417.800,128,2048,64,2048,noop,1,2048
realmachine,batch,8,1,49,decode,8,8,0,8,8,0,32.500,405.180,0.760,1,404.420,437.830,128,2048,64,2048,noop,1,2048
realmachine,batch,8,1,50,decode,8,8,0,8,8,0,31.920,384.550,0.660,1,383.890,416.620,128,2048,64,2048,noop,1,2048
realmachine,batch,8,1,51,decode,8,8,0,8,8,0,31.520,378.670,0.710,1,377.960,410.330,128,2048,64,2048,noop,1,2048
realmachine,batch,8,1,52,decode,8,8,0,8,8,0,31.090,377.610,0.620,1,376.990,408.820,128,2048,64,2048,noop,1,2048
realmachine,batch,8,1,53,decode,8,8,0,8,8,0,31.510,376.050,0.680,1,375.370,407.670,128,2048,64,2048,noop,1,2048
realmachine,batch,8,1,54,decode,8,8,0,8,8,0,32.080,378.180,0.620,1,377.560,410.380,128,2048,64,2048,noop,1,2048
realmachine,batch,8,1,55,decode,8,8,0,8,8,0,30.990,378.850,0.630,1,378.220,409.990,128,2048,64,2048,noop,1,2048
realmachine,batch,8,1,56,decode,8,8,0,8,8,0,30.890,378.910,0.660,1,378.250,409.940,128,2048,64,2048,noop,1,2048
realmachine,batch,8,1,57,decode,8,8,0,8,8,0,31.420,376.940,0.690,1,376.250,408.490,128,2048,64,2048,noop,1,2048
realmachine,batch,8,1,58,decode,8,8,0,8,8,0,30.810,387.560,0.690,1,386.870,418.500,128,2048,64,2048,noop,1,2048
realmachine,batch,8,1,59,decode,8,8,0,8,8,0,31.660,381.210,0.650,1,380.560,412.950,128,2048,64,2048,noop,1,2048
realmachine,batch,8,1,60,decode,8,8,0,8,8,0,31.240,379.040,0.710,1,378.330,410.400,128,2048,64,2048,noop,1,2048
realmachine,batch,8,1,61,decode,8,8,0,8,8,0,31.160,381.520,0.640,1,380.880,412.800,128,2048,64,2048,noop,1,2048
realmachine,batch,8,2,0,decode,8,8,0,8,8,0,36.150,396.260,0.690,1,395.570,432.540,128,2048,64,2048,noop,1,2048
realmachine,batch,8,2,1,decode,8,8,0,8,8,0,34.890,392.930,0.690,1,392.240,427.950,128,2048,64,2048,noop,1,2048
realmachine,batch,8,2,2,decode,8,8,0,8,8,0,33.900,390.320,0.650,1,389.670,424.360,128,2048,64,2048,noop,1,2048
realmachine,batch,8,2,3,decode,8,8,0,8,8,0,33.620,389.590,0.660,1,388.930,423.340,128,2048,64,2048,noop,1,2048
realmachine,batch,8,2,4,decode,8,8,0,8,8,0,33.600,387.940,0.620,1,387.320,421.660,128,2048,64,2048,noop,1,2048
realmachine,batch,8,2,5,decode,8,8,0,8,8,0,32.130,389.540,0.630,1,388.910,421.790,128,2048,64,2048,noop,1,2048
realmachine,batch,8,2,6,decode,8,8,0,8,8,0,32.380,384.550,0.660,1,383.890,417.040,128,2048,64,2048,noop,1,2048
realmachine,batch,8,2,7,decode,8,8,0,8,8,0,32.120,384.290,0.620,1,383.670,416.550,128,2048,64,2048,noop,1,2048
realmachine,batch,8,2,8,decode,8,8,0,8,8,0,32.990,391.960,0.620,1,391.340,425.080,128,2048,64,2048,noop,1,2048
realmachine,batch,8,2,9,decode,8,8,0,8,8,0,33.210,390.520,0.720,1,389.800,423.870,128,2048,64,2048,noop,1,2048
realmachine,batch,8,2,10,decode,8,8,0,8,8,0,31.610,386.020,0.670,1,385.350,417.750,128,2048,64,2048,noop,1,2048
realmachine,batch,8,2,11,decode,8,8,0,8,8,0,31.970,387.260,0.610,1,386.650,419.360,128,2048,64,2048,noop,1,2048
realmachine,batch,8,2,12,decode,8,8,0,8,8,0,32.470,384.940,0.610,1,384.330,417.510,128,2048,64,2048,noop,1,2048
realmachine,batch,8,2,13,decode,8,8,0,8,8,0,32.700,385.630,0.650,1,384.980,418.440,128,2048,64,2048,noop,1,2048
realmachine,batch,8,2,14,decode,8,8,0,8,8,0,31.890,386.300,0.690,1,385.610,418.310,128,2048,64,2048,noop,1,2048
realmachine,batch,8,2,15,decode,8,8,0,8,8,0,31.620,387.600,0.610,1,386.990,419.360,128,2048,64,2048,noop,1,2048
realmachine,batch,8,2,16,decode,8,8,0,8,8,0,32.570,406.210,0.640,1,405.570,438.920,128,2048,64,2048,noop,1,2048
realmachine,batch,8,2,17,decode,8,8,0,8,8,0,32.500,388.640,0.610,1,388.030,421.250,128,2048,64,2048,noop,1,2048
realmachine,batch,8,2,18,decode,8,8,0,8,8,0,32.200,386.480,0.640,1,385.840,418.810,128,2048,64,2048,noop,1,2048
realmachine,batch,8,2,19,decode,8,8,0,8,8,0,31.730,387.580,0.680,1,386.900,419.420,128,2048,64,2048,noop,1,2048
realmachine,batch,8,2,20,decode,8,8,0,8,8,0,31.470,388.280,0.690,1,387.590,419.860,128,2048,64,2048,noop,1,2048
realmachine,batch,8,2,21,decode,8,8,0,8,8,0,31.410,387.710,0.650,1,387.060,419.260,128,2048,64,2048,noop,1,2048
realmachine,batch,8,2,22,decode,8,8,0,8,8,0,32.020,386.940,0.620,1,386.320,419.060,128,2048,64,2048,noop,1,2048
realmachine,batch,8,2,23,decode,8,8,0,8,8,0,31.990,385.120,0.630,1,384.490,417.250,128,2048,64,2048,noop,1,2048
realmachine,batch,8,2,24,decode,8,8,0,8,8,0,32.220,388.380,0.670,1,387.710,420.740,128,2048,64,2048,noop,1,2048
realmachine,batch,8,2,25,decode,8,8,0,8,8,0,32.190,401.650,0.670,1,400.980,433.970,128,2048,64,2048,noop,1,2048
realmachine,batch,8,2,26,decode,8,8,0,8,8,0,32.050,389.760,0.600,1,389.160,421.960,128,2048,64,2048,noop,1,2048
realmachine,batch,8,2,27,decode,8,8,0,8,8,0,32.260,384.870,0.700,1,384.170,417.230,128,2048,64,2048,noop,1,2048
realmachine,batch,8,2,28,decode,8,8,0,8,8,0,31.770,383.570,0.650,1,382.920,415.430,128,2048,64,2048,noop,1,2048
realmachine,batch,8,2,29,decode,8,8,0,8,8,0,31.580,387.600,0.650,1,386.950,419.320,128,2048,64,2048,noop,1,2048
realmachine,batch,8,2,30,decode,8,8,0,8,8,0,31.700,387.740,0.640,1,387.100,419.550,128,2048,64,2048,noop,1,2048
realmachine,batch,8,2,31,decode,8,8,0,8,8,0,31.650,384.180,0.620,1,383.560,415.950,128,2048,64,2048,noop,1,2048
realmachine,batch,8,2,32,decode,8,8,0,8,8,0,31.500,383.830,0.620,1,383.210,415.490,128,2048,64,2048,noop,1,2048
realmachine,batch,8,2,33,decode,8,8,0,8,8,0,31.310,384.690,0.600,1,384.090,416.110,128,2048,64,2048,noop,1,2048
realmachine,batch,8,2,34,decode,8,8,0,8,8,0,32.480,393.590,0.630,1,392.960,426.200,128,2048,64,2048,noop,1,2048
realmachine,batch,8,2,35,decode,8,8,0,8,8,0,31.380,385.370,0.640,1,384.730,416.840,128,2048,64,2048,noop,1,2048
realmachine,batch,8,2,36,decode,8,8,0,8,8,0,31.570,386.560,0.660,1,385.900,418.260,128,2048,64,2048,noop,1,2048
realmachine,batch,8,2,37,decode,8,8,0,8,8,0,31.610,390.990,0.640,1,390.350,422.770,128,2048,64,2048,noop,1,2048
realmachine,batch,8,2,38,decode,8,8,0,8,8,0,31.260,393.930,0.630,1,393.300,425.320,128,2048,64,2048,noop,1,2048
realmachine,batch,8,2,39,decode,8,8,0,8,8,0,31.360,387.820,0.580,1,387.240,419.300,128,2048,64,2048,noop,1,2048
realmachine,batch,8,2,40,decode,8,8,0,8,8,0,31.560,386.070,0.610,1,385.460,417.760,128,2048,64,2048,noop,1,2048
realmachine,batch,8,2,41,decode,8,8,0,8,8,0,31.030,384.480,0.690,1,383.790,415.650,128,2048,64,2048,noop,1,2048
realmachine,batch,8,2,42,decode,8,8,0,8,8,0,31.840,409.890,0.630,1,409.260,441.870,128,2048,64,2048,noop,1,2048
realmachine,batch,8,2,43,decode,8,8,0,8,8,0,32.320,391.030,0.600,1,390.430,423.480,128,2048,64,2048,noop,1,2048
realmachine,batch,8,2,44,decode,8,8,0,8,8,0,32.230,387.080,0.610,1,386.470,419.460,128,2048,64,2048,noop,1,2048
realmachine,batch,8,2,45,decode,8,8,0,8,8,0,31.520,385.150,0.640,1,384.510,416.790,128,2048,64,2048,noop,1,2048
realmachine,batch,8,2,46,decode,8,8,0,8,8,0,31.310,386.090,0.620,1,385.470,417.510,128,2048,64,2048,noop,1,2048
realmachine,batch,8,2,47,decode,8,8,0,8,8,0,32.160,391.500,0.570,1,390.930,423.800,128,2048,64,2048,noop,1,2048
realmachine,batch,8,2,48,decode,8,8,0,8,8,0,32.410,388.460,0.610,1,387.850,420.990,128,2048,64,2048,noop,1,2048
realmachine,batch,8,2,49,decode,8,8,0,8,8,0,31.640,382.940,0.590,1,382.350,414.720,128,2048,64,2048,noop,1,2048
realmachine,batch,8,2,50,decode,8,8,0,8,8,0,30.980,379.370,0.600,1,378.770,410.480,128,2048,64,2048,noop,1,2048
realmachine,batch,8,2,51,decode,8,8,0,8,8,0,30.650,393.410,0.620,1,392.790,424.200,128,2048,64,2048,noop,1,2048
realmachine,batch,8,2,52,decode,8,8,0,8,8,0,32.390,378.360,0.610,1,377.750,410.870,128,2048,64,2048,noop,1,2048
realmachine,batch,8,2,53,decode,8,8,0,8,8,0,30.450,378.500,0.590,1,377.910,409.090,128,2048,64,2048,noop,1,2048
realmachine,batch,8,2,54,decode,8,8,0,8,8,0,214.450,421.170,0.760,1,420.410,635.740,128,2048,64,2048,noop,1,2048
realmachine,batch,8,2,55,decode,8,8,0,8,8,0,32.780,385.610,0.680,1,384.930,418.530,128,2048,64,2048,noop,1,2048
realmachine,batch,8,2,56,decode,8,8,0,8,8,0,32.130,379.720,0.630,1,379.090,411.980,128,2048,64,2048,noop,1,2048
realmachine,batch,8,2,57,decode,8,8,0,8,8,0,31.550,382.710,0.690,1,382.020,414.400,128,2048,64,2048,noop,1,2048
realmachine,batch,8,2,58,decode,8,8,0,8,8,0,30.970,382.670,0.650,1,382.020,413.760,128,2048,64,2048,noop,1,2048
realmachine,batch,8,2,59,decode,8,8,0,8,8,0,31.170,393.360,0.610,1,392.750,424.650,128,2048,64,2048,noop,1,2048
realmachine,batch,8,2,60,decode,8,8,0,8,8,0,32.240,382.210,0.700,1,381.510,414.580,128,2048,64,2048,noop,1,2048
realmachine,batch,8,2,61,decode,8,8,0,8,8,0,31.510,381.420,0.640,1,380.780,413.050,128,2048,64,2048,noop,1,2048
realmachine,batch,16,0,0,decode,16,16,0,16,16,0,52.370,402.960,0.670,1,402.290,455.440,128,2048,64,2048,noop,1,2048
realmachine,batch,16,0,1,decode,16,16,0,16,16,0,49.350,399.760,0.720,1,399.040,449.270,128,2048,64,2048,noop,1,2048
realmachine,batch,16,0,2,decode,16,16,0,16,16,0,47.240,396.260,0.660,1,395.600,443.610,128,2048,64,2048,noop,1,2048
realmachine,batch,16,0,3,decode,16,16,0,16,16,0,47.260,398.040,0.720,1,397.320,445.420,128,2048,64,2048,noop,1,2048
realmachine,batch,16,0,4,decode,16,16,0,16,16,0,46.850,392.530,0.710,1,391.820,439.500,128,2048,64,2048,noop,1,2048
realmachine,batch,16,0,5,decode,16,16,0,16,16,0,46.950,394.690,0.680,1,394.010,441.750,128,2048,64,2048,noop,1,2048
realmachine,batch,16,0,6,decode,16,16,0,16,16,0,46.390,409.340,0.650,1,408.690,455.840,128,2048,64,2048,noop,1,2048
realmachine,batch,16,0,7,decode,16,16,0,16,16,0,48.080,393.960,0.700,1,393.260,442.160,128,2048,64,2048,noop,1,2048
realmachine,batch,16,0,8,decode,16,16,0,16,16,0,46.210,393.290,0.660,1,392.630,439.620,128,2048,64,2048,noop,1,2048
realmachine,batch,16,0,9,decode,16,16,0,16,16,0,46.850,390.830,0.700,1,390.130,437.830,128,2048,64,2048,noop,1,2048
realmachine,batch,16,0,10,decode,16,16,0,16,16,0,46.650,391.880,0.660,1,391.220,438.650,128,2048,64,2048,noop,1,2048
realmachine,batch,16,0,11,decode,16,16,0,16,16,0,46.970,391.600,0.660,1,390.940,438.690,128,2048,64,2048,noop,1,2048
realmachine,batch,16,0,12,decode,16,16,0,16,16,0,45.640,390.910,0.650,1,390.260,436.690,128,2048,64,2048,noop,1,2048
realmachine,batch,16,0,13,decode,16,16,0,16,16,0,46.470,392.140,0.730,1,391.410,438.730,128,2048,64,2048,noop,1,2048
realmachine,batch,16,0,14,decode,16,16,0,16,16,0,46.780,408.220,0.720,1,407.500,455.150,128,2048,64,2048,noop,1,2048
realmachine,batch,16,0,15,decode,16,16,0,16,16,0,46.840,397.170,0.680,1,396.490,444.140,128,2048,64,2048,noop,1,2048
realmachine,batch,16,0,16,decode,16,16,0,16,16,0,46.360,392.240,0.660,1,391.580,438.710,128,2048,64,2048,noop,1,2048
realmachine,batch,16,0,17,decode,16,16,0,16,16,0,47.180,392.940,0.680,1,392.260,440.250,128,2048,64,2048,noop,1,2048
realmachine,batch,16,0,18,decode,16,16,0,16,16,0,46.150,390.540,0.730,1,389.810,436.790,128,2048,64,2048,noop,1,2048
realmachine,batch,16,0,19,decode,16,16,0,16,16,0,46.100,391.560,0.720,1,390.840,437.790,128,2048,64,2048,noop,1,2048
realmachine,batch,16,0,20,decode,16,16,0,16,16,0,46.640,393.310,0.700,1,392.610,440.080,128,2048,64,2048,noop,1,2048
realmachine,batch,16,0,21,decode,16,16,0,16,16,0,46.450,392.220,0.670,1,391.550,438.780,128,2048,64,2048,noop,1,2048
realmachine,batch,16,0,22,decode,16,16,0,16,16,0,46.140,406.120,0.690,1,405.430,452.410,128,2048,64,2048,noop,1,2048
realmachine,batch,16,0,23,decode,16,16,0,16,16,0,46.800,395.660,0.700,1,394.960,442.590,128,2048,64,2048,noop,1,2048
realmachine,batch,16,0,24,decode,16,16,0,16,16,0,46.060,391.800,0.730,1,391.070,438.000,128,2048,64,2048,noop,1,2048
realmachine,batch,16,0,25,decode,16,16,0,16,16,0,46.240,388.890,0.670,1,388.220,435.260,128,2048,64,2048,noop,1,2048
realmachine,batch,16,0,26,decode,16,16,0,16,16,0,46.150,390.920,0.680,1,390.240,437.230,128,2048,64,2048,noop,1,2048
realmachine,batch,16,0,27,decode,16,16,0,16,16,0,45.880,390.310,0.720,1,389.590,436.280,128,2048,64,2048,noop,1,2048
realmachine,batch,16,0,28,decode,16,16,0,16,16,0,45.710,398.850,0.640,1,398.210,444.690,128,2048,64,2048,noop,1,2048
realmachine,batch,16,0,29,decode,16,16,0,16,16,0,46.750,391.200,0.670,1,390.530,438.080,128,2048,64,2048,noop,1,2048
realmachine,batch,16,0,30,decode,16,16,0,16,16,0,45.380,410.450,0.680,1,409.770,455.970,128,2048,64,2048,noop,1,2048
realmachine,batch,16,0,31,decode,16,16,0,16,16,0,46.760,399.250,0.670,1,398.580,446.140,128,2048,64,2048,noop,1,2048
realmachine,batch,16,0,32,decode,16,16,0,16,16,0,46.480,391.270,0.650,1,390.620,437.860,128,2048,64,2048,noop,1,2048
realmachine,batch,16,0,33,decode,16,16,0,16,16,0,46.250,389.780,0.620,1,389.160,436.160,128,2048,64,2048,noop,1,2048
realmachine,batch,16,0,34,decode,16,16,0,16,16,0,46.360,391.200,0.660,1,390.540,437.680,128,2048,64,2048,noop,1,2048
realmachine,batch,16,0,35,decode,16,16,0,16,16,0,45.750,390.820,0.620,1,390.200,436.700,128,2048,64,2048,noop,1,2048
realmachine,batch,16,0,36,decode,16,16,0,16,16,0,45.850,390.090,0.590,1,389.500,436.080,128,2048,64,2048,noop,1,2048
realmachine,batch,16,0,37,decode,16,16,0,16,16,0,45.830,389.550,0.570,1,388.980,435.530,128,2048,64,2048,noop,1,2048
realmachine,batch,16,0,38,decode,16,16,0,16,16,0,46.250,403.610,0.670,1,402.940,449.960,128,2048,64,2048,noop,1,2048
realmachine,batch,16,0,39,decode,16,16,0,16,16,0,47.040,394.900,0.590,1,394.310,442.050,128,2048,64,2048,noop,1,2048
realmachine,batch,16,0,40,decode,16,16,0,16,16,0,46.380,388.130,0.680,1,387.450,434.630,128,2048,64,2048,noop,1,2048
realmachine,batch,16,0,41,decode,16,16,0,16,16,0,45.960,396.040,0.710,1,395.330,442.120,128,2048,64,2048,noop,1,2048
realmachine,batch,16,0,42,decode,16,16,0,16,16,0,46.470,390.720,0.630,1,390.090,437.290,128,2048,64,2048,noop,1,2048
realmachine,batch,16,0,43,decode,16,16,0,16,16,0,46.500,389.230,0.630,1,388.600,435.890,128,2048,64,2048,noop,1,2048
realmachine,batch,16,0,44,decode,16,16,0,16,16,0,46.160,389.500,0.620,1,388.880,435.770,128,2048,64,2048,noop,1,2048
realmachine,batch,16,0,45,decode,16,16,0,16,16,0,45.760,390.910,0.630,1,390.280,436.780,128,2048,64,2048,noop,1,2048
realmachine,batch,16,0,46,decode,16,16,0,16,16,0,45.890,391.690,0.640,1,391.050,437.680,128,2048,64,2048,noop,1,2048
realmachine,batch,16,0,47,decode,16,16,0,16,16,0,47.070,396.540,0.600,1,395.940,443.710,128,2048,64,2048,noop,1,2048
realmachine,batch,16,0,48,decode,16,16,0,16,16,0,45.920,390.970,0.610,1,390.360,437.000,128,2048,64,2048,noop,1,2048
realmachine,batch,16,0,49,decode,16,16,0,16,16,0,46.400,390.820,0.610,1,390.210,437.330,128,2048,64,2048,noop,1,2048
realmachine,batch,16,0,50,decode,16,16,0,16,16,0,44.910,382.810,0.670,1,382.140,427.850,128,2048,64,2048,noop,1,2048
realmachine,batch,16,0,51,decode,16,16,0,16,16,0,44.860,381.320,0.640,1,380.680,426.330,128,2048,64,2048,noop,1,2048
realmachine,batch,16,0,52,decode,16,16,0,16,16,0,44.110,380.900,0.620,1,380.280,425.170,128,2048,64,2048,noop,1,2048
realmachine,batch,16,0,53,decode,16,16,0,16,16,0,44.610,382.190,0.580,1,381.610,426.930,128,2048,64,2048,noop,1,2048
realmachine,batch,16,0,54,decode,16,16,0,16,16,0,44.590,380.800,0.680,1,380.120,425.520,128,2048,64,2048,noop,1,2048
realmachine,batch,16,0,55,decode,16,16,0,16,16,0,44.720,398.770,0.640,1,398.130,443.630,128,2048,64,2048,noop,1,2048
realmachine,batch,16,0,56,decode,16,16,0,16,16,0,45.520,384.660,0.670,1,383.990,430.280,128,2048,64,2048,noop,1,2048
realmachine,batch,16,0,57,decode,16,16,0,16,16,0,45.320,383.470,0.600,1,382.870,428.910,128,2048,64,2048,noop,1,2048
realmachine,batch,16,0,58,decode,16,16,0,16,16,0,44.860,382.230,0.650,1,381.580,427.220,128,2048,64,2048,noop,1,2048
realmachine,batch,16,0,59,decode,16,16,0,16,16,0,44.830,384.140,0.590,1,383.550,429.100,128,2048,64,2048,noop,1,2048
realmachine,batch,16,0,60,decode,16,16,0,16,16,0,44.360,515.570,0.810,1,514.760,560.060,128,2048,64,2048,noop,1,2048
realmachine,batch,16,0,61,decode,16,16,0,16,16,0,46.260,406.240,0.660,1,405.580,452.630,128,2048,64,2048,noop,1,2048
realmachine,batch,16,1,0,decode,16,16,0,16,16,0,49.680,400.490,0.660,1,399.830,450.300,128,2048,64,2048,noop,1,2048
realmachine,batch,16,1,1,decode,16,16,0,16,16,0,48.430,398.220,0.690,1,397.530,446.800,128,2048,64,2048,noop,1,2048
realmachine,batch,16,1,2,decode,16,16,0,16,16,0,62.070,405.710,0.700,1,405.010,467.900,128,2048,64,2048,noop,1,2048
realmachine,batch,16,1,3,decode,16,16,0,16,16,0,46.310,394.810,0.720,1,394.090,441.240,128,2048,64,2048,noop,1,2048
realmachine,batch,16,1,4,decode,16,16,0,16,16,0,46.170,393.490,0.640,1,392.850,439.770,128,2048,64,2048,noop,1,2048
realmachine,batch,16,1,5,decode,16,16,0,16,16,0,45.480,392.380,0.670,1,391.710,438.010,128,2048,64,2048,noop,1,2048
realmachine,batch,16,1,6,decode,16,16,0,16,16,0,45.370,391.570,0.660,1,390.910,437.090,128,2048,64,2048,noop,1,2048
realmachine,batch,16,1,7,decode,16,16,0,16,16,0,46.100,390.900,0.640,1,390.260,437.120,128,2048,64,2048,noop,1,2048
realmachine,batch,16,1,8,decode,16,16,0,16,16,0,44.690,390.830,0.630,1,390.200,435.660,128,2048,64,2048,noop,1,2048
realmachine,batch,16,1,9,decode,16,16,0,16,16,0,45.660,391.270,0.640,1,390.630,437.070,128,2048,64,2048,noop,1,2048
realmachine,batch,16,1,10,decode,16,16,0,16,16,0,44.910,412.070,0.650,1,411.420,457.120,128,2048,64,2048,noop,1,2048
realmachine,batch,16,1,11,decode,16,16,0,16,16,0,45.820,391.720,0.640,1,391.080,437.680,128,2048,64,2048,noop,1,2048
realmachine,batch,16,1,12,decode,16,16,0,16,16,0,45.610,391.050,0.670,1,390.380,436.780,128,2048,64,2048,noop,1,2048
realmachine,batch,16,1,13,decode,16,16,0,16,16,0,44.330,392.730,0.730,1,392.000,437.200,128,2048,64,2048,noop,1,2048
realmachine,batch,16,1,14,decode,16,16,0,16,16,0,44.630,392.030,0.670,1,391.360,436.770,128,2048,64,2048,noop,1,2048
realmachine,batch,16,1,15,decode,16,16,0,16,16,0,45.050,393.270,0.630,1,392.640,438.430,128,2048,64,2048,noop,1,2048
realmachine,batch,16,1,16,decode,16,16,0,16,16,0,45.170,390.340,0.680,1,389.660,435.630,128,2048,64,2048,noop,1,2048
realmachine,batch,16,1,17,decode,16,16,0,16,16,0,45.290,393.130,0.630,1,392.500,438.530,128,2048,64,2048,noop,1,2048
realmachine,batch,16,1,18,decode,16,16,0,16,16,0,45.320,404.710,0.680,1,404.030,450.190,128,2048,64,2048,noop,1,2048
realmachine,batch,16,1,19,decode,16,16,0,16,16,0,45.820,393.470,0.620,1,392.850,439.410,128,2048,64,2048,noop,1,2048
realmachine,batch,16,1,20,decode,16,16,0,16,16,0,45.360,390.170,0.660,1,389.510,435.670,128,2048,64,2048,noop,1,2048
realmachine,batch,16,1,21,decode,16,16,0,16,16,0,45.170,391.090,0.640,1,390.450,436.400,128,2048,64,2048,noop,1,2048
realmachine,batch,16,1,22,decode,16,16,0,16,16,0,44.980,389.490,0.630,1,388.860,434.560,128,2048,64,2048,noop,1,2048
realmachine,batch,16,1,23,decode,16,16,0,16,16,0,45.380,389.050,0.650,1,388.400,434.580,128,2048,64,2048,noop,1,2048
realmachine,batch,16,1,24,decode,16,16,0,16,16,0,44.680,390.350,0.630,1,389.720,435.150,128,2048,64,2048,noop,1,2048
realmachine,batch,16,1,25,decode,16,16,0,16,16,0,44.540,388.620,0.680,1,387.940,433.300,128,2048,64,2048,noop,1,2048
realmachine,batch,16,1,26,decode,16,16,0,16,16,0,44.650,406.350,0.680,1,405.670,451.120,128,2048,64,2048,noop,1,2048
realmachine,batch,16,1,27,decode,16,16,0,16,16,0,45.190,394.270,0.640,1,393.630,439.580,128,2048,64,2048,noop,1,2048
realmachine,batch,16,1,28,decode,16,16,0,16,16,0,45.200,391.020,0.650,1,390.370,436.330,128,2048,64,2048,noop,1,2048
realmachine,batch,16,1,29,decode,16,16,0,16,16,0,45.070,389.820,0.630,1,389.190,435.020,128,2048,64,2048,noop,1,2048
realmachine,batch,16,1,30,decode,16,16,0,16,16,0,44.930,389.170,0.640,1,388.530,434.230,128,2048,64,2048,noop,1,2048
realmachine,batch,16,1,31,decode,16,16,0,16,16,0,45.700,391.360,0.640,1,390.720,437.190,128,2048,64,2048,noop,1,2048
realmachine,batch,16,1,32,decode,16,16,0,16,16,0,45.460,390.620,0.670,1,389.950,436.180,128,2048,64,2048,noop,1,2048
realmachine,batch,16,1,33,decode,16,16,0,16,16,0,46.060,393.570,0.670,1,392.900,439.760,128,2048,64,2048,noop,1,2048
realmachine,batch,16,1,34,decode,16,16,0,16,16,0,45.020,410.200,0.700,1,409.500,455.330,128,2048,64,2048,noop,1,2048
realmachine,batch,16,1,35,decode,16,16,0,16,16,0,48.160,394.800,0.620,1,394.180,443.090,128,2048,64,2048,noop,1,2048
realmachine,batch,16,1,36,decode,16,16,0,16,16,0,44.930,387.440,0.700,1,386.740,432.500,128,2048,64,2048,noop,1,2048
realmachine,batch,16,1,37,decode,16,16,0,16,16,0,44.700,386.670,0.690,1,385.980,431.490,128,2048,64,2048,noop,1,2048
realmachine,batch,16,1,38,decode,16,16,0,16,16,0,44.750,389.070,0.660,1,388.410,433.930,128,2048,64,2048,noop,1,2048
realmachine,batch,16,1,39,decode,16,16,0,16,16,0,45.370,394.680,0.660,1,394.020,440.160,128,2048,64,2048,noop,1,2048
realmachine,batch,16,1,40,decode,16,16,0,16,16,0,45.570,390.610,0.680,1,389.930,436.280,128,2048,64,2048,noop,1,2048
realmachine,batch,16,1,41,decode,16,16,0,16,16,0,44.930,391.370,0.660,1,390.710,436.410,128,2048,64,2048,noop,1,2048
realmachine,batch,16,1,42,decode,16,16,0,16,16,0,45.030,400.370,0.760,1,399.610,445.510,128,2048,64,2048,noop,1,2048
realmachine,batch,16,1,43,decode,16,16,0,16,16,0,44.800,395.080,0.620,1,394.460,439.990,128,2048,64,2048,noop,1,2048
realmachine,batch,16,1,44,decode,16,16,0,16,16,0,46.050,399.470,0.660,1,398.810,445.660,128,2048,64,2048,noop,1,2048
realmachine,batch,16,1,45,decode,16,16,0,16,16,0,45.530,391.530,0.690,1,390.840,437.160,128,2048,64,2048,noop,1,2048
realmachine,batch,16,1,46,decode,16,16,0,16,16,0,45.620,388.270,0.620,1,387.650,434.030,128,2048,64,2048,noop,1,2048
realmachine,batch,16,1,47,decode,16,16,0,16,16,0,44.930,388.710,0.700,1,388.010,433.770,128,2048,64,2048,noop,1,2048
realmachine,batch,16,1,48,decode,16,16,0,16,16,0,44.660,390.490,0.640,1,389.850,435.290,128,2048,64,2048,noop,1,2048
realmachine,batch,16,1,49,decode,16,16,0,16,16,0,45.030,385.860,0.660,1,385.200,431.030,128,2048,64,2048,noop,1,2048
realmachine,batch,16,1,50,decode,16,16,0,16,16,0,44.410,380.480,0.650,1,379.830,425.040,128,2048,64,2048,noop,1,2048
realmachine,batch,16,1,51,decode,16,16,0,16,16,0,44.510,385.370,0.730,1,384.640,430.000,128,2048,64,2048,noop,1,2048
realmachine,batch,16,1,52,decode,16,16,0,16,16,0,44.180,384.010,0.630,1,383.380,428.320,128,2048,64,2048,noop,1,2048
realmachine,batch,16,1,53,decode,16,16,0,16,16,0,44.450,386.880,0.690,1,386.190,431.460,128,2048,64,2048,noop,1,2048
realmachine,batch,16,1,54,decode,16,16,0,16,16,0,44.580,381.530,0.620,1,380.910,426.250,128,2048,64,2048,noop,1,2048
realmachine,batch,16,1,55,decode,16,16,0,16,16,0,44.150,380.610,0.670,1,379.940,424.870,128,2048,64,2048,noop,1,2048
realmachine,batch,16,1,56,decode,16,16,0,16,16,0,42.980,382.650,0.650,1,382.000,425.730,128,2048,64,2048,noop,1,2048
realmachine,batch,16,1,57,decode,16,16,0,16,16,0,44.080,378.250,0.680,1,377.570,422.430,128,2048,64,2048,noop,1,2048
realmachine,batch,16,1,58,decode,16,16,0,16,16,0,43.910,380.680,0.680,1,380.000,424.720,128,2048,64,2048,noop,1,2048
realmachine,batch,16,1,59,decode,16,16,0,16,16,0,43.150,393.900,0.660,1,393.240,437.170,128,2048,64,2048,noop,1,2048
realmachine,batch,16,1,60,decode,16,16,0,16,16,0,44.790,384.610,0.620,1,383.990,429.560,128,2048,64,2048,noop,1,2048
realmachine,batch,16,1,61,decode,16,16,0,16,16,0,161.420,412.800,0.680,1,412.120,574.380,128,2048,64,2048,noop,1,2048
realmachine,batch,16,2,0,decode,16,16,0,16,16,0,51.070,401.320,0.690,1,400.630,452.520,128,2048,64,2048,noop,1,2048
realmachine,batch,16,2,1,decode,16,16,0,16,16,0,48.310,397.950,0.670,1,397.280,446.400,128,2048,64,2048,noop,1,2048
realmachine,batch,16,2,2,decode,16,16,0,16,16,0,47.450,395.290,0.640,1,394.650,442.890,128,2048,64,2048,noop,1,2048
realmachine,batch,16,2,3,decode,16,16,0,16,16,0,46.600,393.390,0.600,1,392.790,440.100,128,2048,64,2048,noop,1,2048
realmachine,batch,16,2,4,decode,16,16,0,16,16,0,45.950,392.860,0.640,1,392.220,438.900,128,2048,64,2048,noop,1,2048
realmachine,batch,16,2,5,decode,16,16,0,16,16,0,45.910,394.580,0.630,1,393.950,440.620,128,2048,64,2048,noop,1,2048
realmachine,batch,16,2,6,decode,16,16,0,16,16,0,45.690,411.620,0.700,1,410.920,457.420,128,2048,64,2048,noop,1,2048
realmachine,batch,16,2,7,decode,16,16,0,16,16,0,46.030,395.990,0.650,1,395.340,442.130,128,2048,64,2048,noop,1,2048
realmachine,batch,16,2,8,decode,16,16,0,16,16,0,45.080,392.120,0.720,1,391.400,437.330,128,2048,64,2048,noop,1,2048
realmachine,batch,16,2,9,decode,16,16,0,16,16,0,44.980,390.320,0.640,1,389.680,435.420,128,2048,64,2048,noop,1,2048
realmachine,batch,16,2,10,decode,16,16,0,16,16,0,45.040,389.560,0.630,1,388.930,434.730,128,2048,64,2048,noop,1,2048
realmachine,batch,16,2,11,decode,16,16,0,16,16,0,44.800,390.340,0.630,1,389.710,435.270,128,2048,64,2048,noop,1,2048
realmachine,batch,16,2,12,decode,16,16,0,16,16,0,45.240,391.940,0.680,1,391.260,437.320,128,2048,64,2048,noop,1,2048
realmachine,batch,16,2,13,decode,16,16,0,16,16,0,45.140,392.580,0.680,1,391.900,437.860,128,2048,64,2048,noop,1,2048
realmachine,batch,16,2,14,decode,16,16,0,16,16,0,44.620,410.160,0.700,1,409.460,454.930,128,2048,64,2048,noop,1,2048
realmachine,batch,16,2,15,decode,16,16,0,16,16,0,45.560,396.210,0.670,1,395.540,441.890,128,2048,64,2048,noop,1,2048
realmachine,batch,16,2,16,decode,16,16,0,16,16,0,45.610,389.590,0.580,1,389.010,435.360,128,2048,64,2048,noop,1,2048
realmachine,batch,16,2,17,decode,16,16,0,16,16,0,44.880,390.850,0.680,1,390.170,435.870,128,2048,64,2048,noop,1,2048
realmachine,batch,16,2,18,decode,16,16,0,16,16,0,45.030,390.710,0.670,1,390.040,435.870,128,2048,64,2048,noop,1,2048
realmachine,batch,16,2,19,decode,16,16,0,16,16,0,44.560,390.640,0.660,1,389.980,435.320,128,2048,64,2048,noop,1,2048
realmachine,batch,16,2,20,decode,16,16,0,16,16,0,44.830,391.180,0.690,1,390.490,436.140,128,2048,64,2048,noop,1,2048
realmachine,batch,16,2,21,decode,16,16,0,16,16,0,45.690,391.250,0.640,1,390.610,437.070,128,2048,64,2048,noop,1,2048
realmachine,batch,16,2,22,decode,16,16,0,16,16,0,44.810,408.630,0.660,1,407.970,453.570,128,2048,64,2048,noop,1,2048
realmachine,batch,16,2,23,decode,16,16,0,16,16,0,45.770,395.580,0.640,1,394.940,441.450,128,2048,64,2048,noop,1,2048
realmachine,batch,16,2,24,decode,16,16,0,16,16,0,45.690,392.170,0.640,1,391.530,437.990,128,2048,64,2048,noop,1,2048
realmachine,batch,16,2,25,decode,16,16,0,16,16,0,45.840,393.490,0.660,1,392.830,439.460,128,2048,64,2048,noop,1,2048
realmachine,batch,16,2,26,decode,16,16,0,16,16,0,44.940,393.400,0.670,1,392.730,438.490,128,2048,64,2048,noop,1,2048
realmachine,batch,16,2,27,decode,16,16,0,16,16,0,44.390,390.970,0.650,1,390.320,435.500,128,2048,64,2048,noop,1,2048
realmachine,batch,16,2,28,decode,16,16,0,16,16,0,45.050,393.050,0.600,1,392.450,438.250,128,2048,64,2048,noop,1,2048
realmachine,batch,16,2,29,decode,16,16,0,16,16,0,45.420,389.820,0.610,1,389.210,435.360,128,2048,64,2048,noop,1,2048
realmachine,batch,16,2,30,decode,16,16,0,16,16,0,44.970,401.900,0.690,1,401.210,447.020,128,2048,64,2048,noop,1,2048
realmachine,batch,16,2,31,decode,16,16,0,16,16,0,44.970,395.810,0.670,1,395.140,440.910,128,2048,64,2048,noop,1,2048
realmachine,batch,16,2,32,decode,16,16,0,16,16,0,45.050,390.960,0.710,1,390.250,436.130,128,2048,64,2048,noop,1,2048
realmachine,batch,16,2,33,decode,16,16,0,16,16,0,44.710,392.390,0.640,1,391.750,437.190,128,2048,64,2048,noop,1,2048
realmachine,batch,16,2,34,decode,16,16,0,16,16,0,45.450,390.540,0.620,1,389.920,436.080,128,2048,64,2048,noop,1,2048
realmachine,batch,16,2,35,decode,16,16,0,16,16,0,44.600,388.850,0.680,1,388.170,433.600,128,2048,64,2048,noop,1,2048
realmachine,batch,16,2,36,decode,16,16,0,16,16,0,45.080,392.970,0.700,1,392.270,438.190,128,2048,64,2048,noop,1,2048
realmachine,batch,16,2,37,decode,16,16,0,16,16,0,45.900,389.530,0.570,1,388.960,435.560,128,2048,64,2048,noop,1,2048
realmachine,batch,16,2,38,decode,16,16,0,16,16,0,44.760,401.860,0.620,1,401.240,446.740,128,2048,64,2048,noop,1,2048
realmachine,batch,16,2,39,decode,16,16,0,16,16,0,45.660,396.860,0.740,1,396.120,442.640,128,2048,64,2048,noop,1,2048
realmachine,batch,16,2,40,decode,16,16,0,16,16,0,44.950,394.050,0.610,1,393.440,439.170,128,2048,64,2048,noop,1,2048
realmachine,batch,16,2,41,decode,16,16,0,16,16,0,45.750,392.850,0.640,1,392.210,438.700,128,2048,64,2048,noop,1,2048
realmachine,batch,16,2,42,decode,16,16,0,16,16,0,44.820,391.390,0.630,1,390.760,436.330,128,2048,64,2048,noop,1,2048
realmachine,batch,16,2,43,decode,16,16,0,16,16,0,45.580,388.360,0.670,1,387.690,434.080,128,2048,64,2048,noop,1,2048
realmachine,batch,16,2,44,decode,16,16,0,16,16,0,45.200,388.300,0.660,1,387.640,433.640,128,2048,64,2048,noop,1,2048
realmachine,batch,16,2,45,decode,16,16,0,16,16,0,45.160,391.060,0.600,1,390.460,436.350,128,2048,64,2048,noop,1,2048
realmachine,batch,16,2,46,decode,16,16,0,16,16,0,45.180,390.450,0.630,1,389.820,435.750,128,2048,64,2048,noop,1,2048
realmachine,batch,16,2,47,decode,16,16,0,16,16,0,54.110,396.120,0.710,1,395.410,450.380,128,2048,64,2048,noop,1,2048
realmachine,batch,16,2,48,decode,16,16,0,16,16,0,45.140,390.230,0.630,1,389.600,435.480,128,2048,64,2048,noop,1,2048
realmachine,batch,16,2,49,decode,16,16,0,16,16,0,45.000,393.660,0.680,1,392.980,438.770,128,2048,64,2048,noop,1,2048
realmachine,batch,16,2,50,decode,16,16,0,16,16,0,44.020,384.040,0.650,1,383.390,428.210,128,2048,64,2048,noop,1,2048
realmachine,batch,16,2,51,decode,16,16,0,16,16,0,44.690,381.910,0.670,1,381.240,426.740,128,2048,64,2048,noop,1,2048
realmachine,batch,16,2,52,decode,16,16,0,16,16,0,44.160,383.280,0.630,1,382.650,427.560,128,2048,64,2048,noop,1,2048
realmachine,batch,16,2,53,decode,16,16,0,16,16,0,43.670,382.630,0.670,1,381.960,426.450,128,2048,64,2048,noop,1,2048
realmachine,batch,16,2,54,decode,16,16,0,16,16,0,44.470,382.580,0.630,1,381.950,427.180,128,2048,64,2048,noop,1,2048
realmachine,batch,16,2,55,decode,16,16,0,16,16,0,44.540,396.160,0.760,1,395.400,440.840,128,2048,64,2048,noop,1,2048
realmachine,batch,16,2,56,decode,16,16,0,16,16,0,45.240,386.810,0.630,1,386.180,432.180,128,2048,64,2048,noop,1,2048
realmachine,batch,16,2,57,decode,16,16,0,16,16,0,44.320,381.920,0.630,1,381.290,426.390,128,2048,64,2048,noop,1,2048
realmachine,batch,16,2,58,decode,16,16,0,16,16,0,44.530,381.940,0.690,1,381.250,426.600,128,2048,64,2048,noop,1,2048
realmachine,batch,16,2,59,decode,16,16,0,16,16,0,44.780,381.710,0.670,1,381.040,426.650,128,2048,64,2048,noop,1,2048
realmachine,batch,16,2,60,decode,16,16,0,16,16,0,44.640,381.720,0.630,1,381.090,426.490,128,2048,64,2048,noop,1,2048
realmachine,batch,16,2,61,decode,16,16,0,16,16,0,44.850,380.980,0.640,1,380.340,425.950,128,2048,64,2048,noop,1,2048
realmachine,batch,32,0,0,decode,32,32,0,32,32,0,78.760,423.290,0.690,1,422.600,502.170,128,2048,64,2048,noop,1,2048
realmachine,batch,32,0,1,decode,32,32,0,32,32,0,73.450,408.220,0.740,1,407.480,481.810,128,2048,64,2048,noop,1,2048
realmachine,batch,32,0,2,decode,32,32,0,32,32,0,72.750,407.420,0.650,1,406.770,480.300,128,2048,64,2048,noop,1,2048
realmachine,batch,32,0,3,decode,32,32,0,32,32,0,72.720,405.940,0.660,1,405.280,478.820,128,2048,64,2048,noop,1,2048
realmachine,batch,32,0,4,decode,32,32,0,32,32,0,72.400,417.780,0.740,1,417.040,490.350,128,2048,64,2048,noop,1,2048
realmachine,batch,32,0,5,decode,32,32,0,32,32,0,300.990,454.560,0.740,1,453.820,755.690,128,2048,64,2048,noop,1,2048
realmachine,batch,32,0,6,decode,32,32,0,32,32,0,74.370,411.450,0.610,1,410.840,485.970,128,2048,64,2048,noop,1,2048
realmachine,batch,32,0,7,decode,32,32,0,32,32,0,74.130,404.040,0.690,1,403.350,478.320,128,2048,64,2048,noop,1,2048
realmachine,batch,32,0,8,decode,32,32,0,32,32,0,72.800,401.810,0.650,1,401.160,474.750,128,2048,64,2048,noop,1,2048
realmachine,batch,32,0,9,decode,32,32,0,32,32,0,73.320,404.710,0.610,1,404.100,478.170,128,2048,64,2048,noop,1,2048
realmachine,batch,32,0,10,decode,32,32,0,32,32,0,72.970,400.240,0.650,1,399.590,473.350,128,2048,64,2048,noop,1,2048
realmachine,batch,32,0,11,decode,32,32,0,32,32,0,85.780,409.040,0.640,1,408.400,494.990,128,2048,64,2048,noop,1,2048
realmachine,batch,32,0,12,decode,32,32,0,32,32,0,73.510,403.450,0.630,1,402.820,477.080,128,2048,64,2048,noop,1,2048
realmachine,batch,32,0,13,decode,32,32,0,32,32,0,72.650,401.720,0.630,1,401.090,474.520,128,2048,64,2048,noop,1,2048
realmachine,batch,32,0,14,decode,32,32,0,32,32,0,71.590,400.330,0.590,1,399.740,472.040,128,2048,64,2048,noop,1,2048
realmachine,batch,32,0,15,decode,32,32,0,32,32,0,72.560,398.810,0.680,1,398.130,471.480,128,2048,64,2048,noop,1,2048
realmachine,batch,32,0,16,decode,32,32,0,32,32,0,71.570,400.290,0.560,1,399.730,471.970,128,2048,64,2048,noop,1,2048
realmachine,batch,32,0,17,decode,32,32,0,32,32,0,71.960,400.390,0.630,1,399.760,472.500,128,2048,64,2048,noop,1,2048
realmachine,batch,32,0,18,decode,32,32,0,32,32,0,71.450,420.800,0.630,1,420.170,492.340,128,2048,64,2048,noop,1,2048
realmachine,batch,32,0,19,decode,32,32,0,32,32,0,73.150,401.590,0.620,1,400.970,474.880,128,2048,64,2048,noop,1,2048
realmachine,batch,32,0,20,decode,32,32,0,32,32,0,70.950,399.490,0.680,1,398.810,470.590,128,2048,64,2048,noop,1,2048
realmachine,batch,32,0,21,decode,32,32,0,32,32,0,72.900,398.980,0.650,1,398.330,471.980,128,2048,64,2048,noop,1,2048
realmachine,batch,32,0,22,decode,32,32,0,32,32,0,71.740,401.890,0.590,1,401.300,473.770,128,2048,64,2048,noop,1,2048
realmachine,batch,32,0,23,decode,32,32,0,32,32,0,71.910,398.630,0.650,1,397.980,470.670,128,2048,64,2048,noop,1,2048
realmachine,batch,32,0,24,decode,32,32,0,32,32,0,71.620,400.130,0.670,1,399.460,471.890,128,2048,64,2048,noop,1,2048
realmachine,batch,32,0,25,decode,32,32,0,32,32,0,71.580,414.220,0.660,1,413.560,485.930,128,2048,64,2048,noop,1,2048
realmachine,batch,32,0,26,decode,32,32,0,32,32,0,72.110,407.110,0.580,1,406.530,479.370,128,2048,64,2048,noop,1,2048
realmachine,batch,32,0,27,decode,32,32,0,32,32,0,72.350,404.830,0.670,1,404.160,477.290,128,2048,64,2048,noop,1,2048
realmachine,batch,32,0,28,decode,32,32,0,32,32,0,72.540,401.240,0.640,1,400.600,473.940,128,2048,64,2048,noop,1,2048
realmachine,batch,32,0,29,decode,32,32,0,32,32,0,71.610,397.910,0.640,1,397.270,469.640,128,2048,64,2048,noop,1,2048
realmachine,batch,32,0,30,decode,32,32,0,32,32,0,72.280,402.820,0.620,1,402.200,475.250,128,2048,64,2048,noop,1,2048
realmachine,batch,32,0,31,decode,32,32,0,32,32,0,71.740,400.500,0.610,1,399.890,472.340,128,2048,64,2048,noop,1,2048
realmachine,batch,32,0,32,decode,32,32,0,32,32,0,71.750,400.720,0.660,1,400.060,472.600,128,2048,64,2048,noop,1,2048
realmachine,batch,32,0,33,decode,32,32,0,32,32,0,72.950,406.050,0.650,1,405.400,479.170,128,2048,64,2048,noop,1,2048
realmachine,batch,32,0,34,decode,32,32,0,32,32,0,71.830,400.130,0.650,1,399.480,472.080,128,2048,64,2048,noop,1,2048
realmachine,batch,32,0,35,decode,32,32,0,32,32,0,71.590,402.440,0.650,1,401.790,474.170,128,2048,64,2048,noop,1,2048
realmachine,batch,32,0,36,decode,32,32,0,32,32,0,71.280,399.600,0.670,1,398.930,471.020,128,2048,64,2048,noop,1,2048
realmachine,batch,32,0,37,decode,32,32,0,32,32,0,71.930,399.800,0.610,1,399.190,471.840,128,2048,64,2048,noop,1,2048
realmachine,batch,32,0,38,decode,32,32,0,32,32,0,72.150,399.880,0.700,1,399.180,472.150,128,2048,64,2048,noop,1,2048
realmachine,batch,32,0,39,decode,32,32,0,32,32,0,72.260,399.840,0.620,1,399.220,472.230,128,2048,64,2048,noop,1,2048
realmachine,batch,32,0,40,decode,32,32,0,32,32,0,72.160,413.380,0.670,1,412.710,485.670,128,2048,64,2048,noop,1,2048
realmachine,batch,32,0,41,decode,32,32,0,32,32,0,71.510,400.660,0.670,1,399.990,472.310,128,2048,64,2048,noop,1,2048
realmachine,batch,32,0,42,decode,32,32,0,32,32,0,71.390,400.920,0.690,1,400.230,472.490,128,2048,64,2048,noop,1,2048
realmachine,batch,32,0,43,decode,32,32,0,32,32,0,71.590,397.990,0.550,1,397.440,469.720,128,2048,64,2048,noop,1,2048
realmachine,batch,32,0,44,decode,32,32,0,32,32,0,71.450,396.670,0.590,1,396.080,468.220,128,2048,64,2048,noop,1,2048
realmachine,batch,32,0,45,decode,32,32,0,32,32,0,70.890,399.670,0.590,1,399.080,470.680,128,2048,64,2048,noop,1,2048
realmachine,batch,32,0,46,decode,32,32,0,32,32,0,71.420,397.670,0.600,1,397.070,469.240,128,2048,64,2048,noop,1,2048
realmachine,batch,32,0,47,decode,32,32,0,32,32,0,71.150,414.240,0.660,1,413.580,485.500,128,2048,64,2048,noop,1,2048
realmachine,batch,32,0,48,decode,32,32,0,32,32,0,71.860,402.190,0.580,1,401.610,474.130,128,2048,64,2048,noop,1,2048
realmachine,batch,32,0,49,decode,32,32,0,32,32,0,72.100,398.760,0.690,1,398.070,471.000,128,2048,64,2048,noop,1,2048
realmachine,batch,32,0,50,decode,32,32,0,32,32,0,71.090,393.740,0.610,1,393.130,464.960,128,2048,64,2048,noop,1,2048
realmachine,batch,32,0,51,decode,32,32,0,32,32,0,71.660,389.960,0.590,1,389.370,461.780,128,2048,64,2048,noop,1,2048
realmachine,batch,32,0,52,decode,32,32,0,32,32,0,71.380,389.090,0.560,1,388.530,460.580,128,2048,64,2048,noop,1,2048
realmachine,batch,32,0,53,decode,32,32,0,32,32,0,71.640,396.450,0.630,1,395.820,468.200,128,2048,64,2048,noop,1,2048
realmachine,batch,32,0,54,decode,32,32,0,32,32,0,70.650,393.420,0.590,1,392.830,464.180,128,2048,64,2048,noop,1,2048
realmachine,batch,32,0,55,decode,32,32,0,32,32,0,70.580,396.050,0.610,1,395.440,466.780,128,2048,64,2048,noop,1,2048
realmachine,batch,32,0,56,decode,32,32,0,32,32,0,71.490,390.220,0.620,1,389.600,461.830,128,2048,64,2048,noop,1,2048
realmachine,batch,32,0,57,decode,32,32,0,32,32,0,70.040,389.250,0.670,1,388.580,459.390,128,2048,64,2048,noop,1,2048
realmachine,batch,32,0,58,decode,32,32,0,32,32,0,70.730,390.880,0.640,1,390.240,461.720,128,2048,64,2048,noop,1,2048
realmachine,batch,32,0,59,decode,32,32,0,32,32,0,70.430,390.940,0.670,1,390.270,461.480,128,2048,64,2048,noop,1,2048
realmachine,batch,32,0,60,decode,32,32,0,32,32,0,70.810,389.440,0.640,1,388.800,460.390,128,2048,64,2048,noop,1,2048
realmachine,batch,32,0,61,decode,32,32,0,32,32,0,71.140,391.900,0.680,1,391.220,463.170,128,2048,64,2048,noop,1,2048
realmachine,batch,32,0,62,decode,16,16,0,16,16,0,434.130,411.430,0.700,1,410.730,845.710,128,2048,64,2048,noop,1,2048
realmachine,batch,32,0,63,decode,1,1,0,1,1,0,189.640,390.010,0.720,1,389.290,579.760,128,2048,64,2048,noop,1,2048
realmachine,batch,32,1,0,decode,32,32,0,32,32,0,76.510,428.930,0.690,1,428.240,505.570,128,2048,64,2048,noop,1,2048
realmachine,batch,32,1,1,decode,32,32,0,32,32,0,74.860,414.540,0.600,1,413.940,489.520,128,2048,64,2048,noop,1,2048
realmachine,batch,32,1,2,decode,32,32,0,32,32,0,73.600,409.630,0.720,1,408.910,483.340,128,2048,64,2048,noop,1,2048
realmachine,batch,32,1,3,decode,32,32,0,32,32,0,72.390,406.490,0.670,1,405.820,479.000,128,2048,64,2048,noop,1,2048
realmachine,batch,32,1,4,decode,32,32,0,32,32,0,72.590,403.130,0.630,1,402.500,475.870,128,2048,64,2048,noop,1,2048
realmachine,batch,32,1,5,decode,32,32,0,32,32,0,71.320,401.530,0.700,1,400.830,472.980,128,2048,64,2048,noop,1,2048
realmachine,batch,32,1,6,decode,32,32,0,32,32,0,71.820,402.440,0.710,1,401.730,474.400,128,2048,64,2048,noop,1,2048
realmachine,batch,32,1,7,decode,32,32,0,32,32,0,72.940,412.050,0.660,1,411.390,485.080,128,2048,64,2048,noop,1,2048
realmachine,batch,32,1,8,decode,32,32,0,32,32,0,72.220,406.750,0.720,1,406.030,479.080,128,2048,64,2048,noop,1,2048
realmachine,batch,32,1,9,decode,32,32,0,32,32,0,72.580,402.170,0.670,1,401.500,474.880,128,2048,64,2048,noop,1,2048
realmachine,batch,32,1,10,decode,32,32,0,32,32,0,71.680,401.630,0.680,1,400.950,473.430,128,2048,64,2048,noop,1,2048
realmachine,batch,32,1,11,decode,32,32,0,32,32,0,71.160,400.750,0.630,1,400.120,472.050,128,2048,64,2048,noop,1,2048
realmachine,batch,32,1,12,decode,32,32,0,32,32,0,71.930,401.270,0.730,1,400.540,473.330,128,2048,64,2048,noop,1,2048
realmachine,batch,32,1,13,decode,32,32,0,32,32,0,72.980,400.430,0.660,1,399.770,473.520,128,2048,64,2048,noop,1,2048
realmachine,batch,32,1,14,decode,32,32,0,32,32,0,71.370,400.620,0.690,1,399.930,472.110,128,2048,64,2048,noop,1,2048
realmachine,batch,32,1,15,decode,32,32,0,32,32,0,82.530,406.780,0.740,1,406.040,489.430,128,2048,64,2048,noop,1,2048
realmachine,batch,32,1,16,decode,32,32,0,32,32,0,71.040,398.860,0.650,1,398.210,470.020,128,2048,64,2048,noop,1,2048
realmachine,batch,32,1,17,decode,32,32,0,32,32,0,71.010,397.640,0.710,1,396.930,468.800,128,2048,64,2048,noop,1,2048
realmachine,batch,32,1,18,decode,32,32,0,32,32,0,71.320,401.510,0.720,1,400.790,472.970,128,2048,64,2048,noop,1,2048
realmachine,batch,32,1,19,decode,32,32,0,32,32,0,71.970,405.770,0.690,1,405.080,477.870,128,2048,64,2048,noop,1,2048
realmachine,batch,32,1,20,decode,32,32,0,32,32,0,72.260,400.010,0.670,1,399.340,472.400,128,2048,64,2048,noop,1,2048
realmachine,batch,32,1,21,decode,32,32,0,32,32,0,73.040,400.910,0.720,1,400.190,474.070,128,2048,64,2048,noop,1,2048
realmachine,batch,32,1,22,decode,32,32,0,32,32,0,72.540,421.260,0.680,1,420.580,493.910,128,2048,64,2048,noop,1,2048
realmachine,batch,32,1,23,decode,32,32,0,32,32,0,72.920,403.920,0.700,1,403.220,476.990,128,2048,64,2048,noop,1,2048
realmachine,batch,32,1,24,decode,32,32,0,32,32,0,72.060,401.930,0.670,1,401.260,474.100,128,2048,64,2048,noop,1,2048
realmachine,batch,32,1,25,decode,32,32,0,32,32,0,73.440,398.220,0.710,1,397.510,471.800,128,2048,64,2048,noop,1,2048
realmachine,batch,32,1,26,decode,32,32,0,32,32,0,71.770,398.680,0.680,1,398.000,470.580,128,2048,64,2048,noop,1,2048
realmachine,batch,32,1,27,decode,32,32,0,32,32,0,71.290,399.890,0.670,1,399.220,471.300,128,2048,64,2048,noop,1,2048
realmachine,batch,32,1,28,decode,32,32,0,32,32,0,71.620,399.920,0.640,1,399.280,471.670,128,2048,64,2048,noop,1,2048
realmachine,batch,32,1,29,decode,32,32,0,32,32,0,71.690,419.720,0.700,1,419.020,491.540,128,2048,64,2048,noop,1,2048
realmachine,batch,32,1,30,decode,32,32,0,32,32,0,72.410,402.960,0.660,1,402.300,475.520,128,2048,64,2048,noop,1,2048
realmachine,batch,32,1,31,decode,32,32,0,32,32,0,71.820,569.450,0.790,1,568.660,641.360,128,2048,64,2048,noop,1,2048
realmachine,batch,32,1,32,decode,32,32,0,32,32,0,74.400,427.650,0.720,1,426.930,502.180,128,2048,64,2048,noop,1,2048
realmachine,batch,32,1,33,decode,32,32,0,32,32,0,73.900,408.270,0.620,1,407.650,482.280,128,2048,64,2048,noop,1,2048
realmachine,batch,32,1,34,decode,32,32,0,32,32,0,72.430,406.000,0.660,1,405.340,478.570,128,2048,64,2048,noop,1,2048
realmachine,batch,32,1,35,decode,32,32,0,32,32,0,72.410,403.770,0.670,1,403.100,476.320,128,2048,64,2048,noop,1,2048
realmachine,batch,32,1,36,decode,32,32,0,32,32,0,71.140,416.500,0.700,1,415.800,487.750,128,2048,64,2048,noop,1,2048
realmachine,batch,32,1,37,decode,32,32,0,32,32,0,72.870,402.430,0.700,1,401.730,475.430,128,2048,64,2048,noop,1,2048
realmachine,batch,32,1,38,decode,32,32,0,32,32,0,72.240,401.620,0.640,1,400.980,473.980,128,2048,64,2048,noop,1,2048
realmachine,batch,32,1,39,decode,32,32,0,32,32,0,71.910,400.120,0.690,1,399.430,472.170,128,2048,64,2048,noop,1,2048
realmachine,batch,32,1,40,decode,32,32,0,32,32,0,72.470,401.850,0.680,1,401.170,474.420,128,2048,64,2048,noop,1,2048
realmachine,batch,32,1,41,decode,32,32,0,32,32,0,71.370,402.790,0.720,1,402.070,474.310,128,2048,64,2048,noop,1,2048
realmachine,batch,32,1,42,decode,32,32,0,32,32,0,72.890,401.260,0.620,1,400.640,474.270,128,2048,64,2048,noop,1,2048
realmachine,batch,32,1,43,decode,32,32,0,32,32,0,72.130,413.640,0.590,1,413.050,485.900,128,2048,64,2048,noop,1,2048
realmachine,batch,32,1,44,decode,32,32,0,32,32,0,72.610,404.370,0.610,1,403.760,477.130,128,2048,64,2048,noop,1,2048
realmachine,batch,32,1,45,decode,32,32,0,32,32,0,72.420,408.490,0.650,1,407.840,481.040,128,2048,64,2048,noop,1,2048
realmachine,batch,32,1,46,decode,32,32,0,32,32,0,71.220,401.720,0.650,1,401.070,473.070,128,2048,64,2048,noop,1,2048
realmachine,batch,32,1,47,decode,32,32,0,32,32,0,72.000,400.000,0.660,1,399.340,472.140,128,2048,64,2048,noop,1,2048
realmachine,batch,32,1,48,decode,32,32,0,32,32,0,71.780,401.290,0.680,1,400.610,473.220,128,2048,64,2048,noop,1,2048
realmachine,batch,32,1,49,decode,32,32,0,32,32,0,72.320,402.380,0.710,1,401.670,474.810,128,2048,64,2048,noop,1,2048
realmachine,batch,32,1,50,decode,32,32,0,32,32,0,71.350,398.570,0.600,1,397.970,470.050,128,2048,64,2048,noop,1,2048
realmachine,batch,32,1,51,decode,32,32,0,32,32,0,86.560,403.310,0.660,1,402.650,490.000,128,2048,64,2048,noop,1,2048
realmachine,batch,32,1,52,decode,32,32,0,32,32,0,72.080,395.230,0.610,1,394.620,467.440,128,2048,64,2048,noop,1,2048
realmachine,batch,32,1,53,decode,32,32,0,32,32,0,71.180,394.360,0.700,1,393.660,465.690,128,2048,64,2048,noop,1,2048
realmachine,batch,32,1,54,decode,32,32,0,32,32,0,71.850,394.020,0.640,1,393.380,466.000,128,2048,64,2048,noop,1,2048
realmachine,batch,32,1,55,decode,32,32,0,32,32,0,72.470,394.000,0.620,1,393.380,466.600,128,2048,64,2048,noop,1,2048
realmachine,batch,32,1,56,decode,32,32,0,32,32,0,71.630,393.130,0.650,1,392.480,464.870,128,2048,64,2048,noop,1,2048
realmachine,batch,32,1,57,decode,32,32,0,32,32,0,71.780,394.160,0.650,1,393.510,466.050,128,2048,64,2048,noop,1,2048
realmachine,batch,32,1,58,decode,32,32,0,32,32,0,71.470,405.580,0.630,1,404.950,477.160,128,2048,64,2048,noop,1,2048
realmachine,batch,32,1,59,decode,32,32,0,32,32,0,71.630,397.650,0.580,1,397.070,469.410,128,2048,64,2048,noop,1,2048
realmachine,batch,32,1,60,decode,32,32,0,32,32,0,71.570,393.330,0.590,1,392.740,464.980,128,2048,64,2048,noop,1,2048
realmachine,batch,32,1,61,decode,32,32,0,32,32,0,70.170,393.830,0.610,1,393.220,464.190,128,2048,64,2048,noop,1,2048
realmachine,batch,32,1,62,decode,16,16,0,16,16,0,361.000,399.840,0.690,1,399.150,760.970,128,2048,64,2048,noop,1,2048
realmachine,batch,32,1,63,decode,1,1,0,1,1,0,195.420,390.450,0.700,1,389.750,586.030,128,2048,64,2048,noop,1,2048
realmachine,batch,32,2,0,decode,32,32,0,32,32,0,78.650,410.350,0.630,1,409.720,489.100,128,2048,64,2048,noop,1,2048
realmachine,batch,32,2,1,decode,32,32,0,32,32,0,73.800,407.390,0.710,1,406.680,481.320,128,2048,64,2048,noop,1,2048
realmachine,batch,32,2,2,decode,32,32,0,32,32,0,72.150,403.820,0.690,1,403.130,476.100,128,2048,64,2048,noop,1,2048
realmachine,batch,32,2,3,decode,32,32,0,32,32,0,72.010,404.750,0.680,1,404.070,476.860,128,2048,64,2048,noop,1,2048
realmachine,batch,32,2,4,decode,32,32,0,32,32,0,84.140,411.450,0.700,1,410.750,495.730,128,2048,64,2048,noop,1,2048
realmachine,batch,32,2,5,decode,32,32,0,32,32,0,71.540,400.630,0.650,1,399.980,472.280,128,2048,64,2048,noop,1,2048
realmachine,batch,32,2,6,decode,32,32,0,32,32,0,71.440,400.450,0.610,1,399.840,472.030,128,2048,64,2048,noop,1,2048
realmachine,batch,32,2,7,decode,32,32,0,32,32,0,70.360,401.270,0.660,1,400.610,471.800,128,2048,64,2048,noop,1,2048
realmachine,batch,32,2,8,decode,32,32,0,32,32,0,71.190,399.480,0.640,1,398.840,470.800,128,2048,64,2048,noop,1,2048
realmachine,batch,32,2,9,decode,32,32,0,32,32,0,71.160,400.000,0.650,1,399.350,471.290,128,2048,64,2048,noop,1,2048
realmachine,batch,32,2,10,decode,32,32,0,32,32,0,69.880,402.090,0.620,1,401.470,472.080,128,2048,64,2048,noop,1,2048
realmachine,batch,32,2,11,decode,32,32,0,32,32,0,70.860,414.670,0.650,1,414.020,485.680,128,2048,64,2048,noop,1,2048
realmachine,batch,32,2,12,decode,32,32,0,32,32,0,71.170,401.710,0.670,1,401.040,473.000,128,2048,64,2048,noop,1,2048
realmachine,batch,32,2,13,decode,32,32,0,32,32,0,71.460,398.000,0.630,1,397.370,469.580,128,2048,64,2048,noop,1,2048
realmachine,batch,32,2,14,decode,32,32,0,32,32,0,71.040,398.510,0.640,1,397.870,469.700,128,2048,64,2048,noop,1,2048
realmachine,batch,32,2,15,decode,32,32,0,32,32,0,71.400,398.800,0.630,1,398.170,470.330,128,2048,64,2048,noop,1,2048
realmachine,batch,32,2,16,decode,32,32,0,32,32,0,70.610,397.000,0.610,1,396.390,467.750,128,2048,64,2048,noop,1,2048
realmachine,batch,32,2,17,decode,32,32,0,32,32,0,69.850,399.080,0.620,1,398.460,469.060,128,2048,64,2048,noop,1,2048
realmachine,batch,32,2,18,decode,32,32,0,32,32,0,70.560,413.500,0.640,1,412.860,484.210,128,2048,64,2048,noop,1,2048
realmachine,batch,32,2,19,decode,32,32,0,32,32,0,71.840,406.310,0.640,1,405.670,478.280,128,2048,64,2048,noop,1,2048
realmachine,batch,32,2,20,decode,32,32,0,32,32,0,70.860,399.940,0.630,1,399.310,470.940,128,2048,64,2048,noop,1,2048
realmachine,batch,32,2,21,decode,32,32,0,32,32,0,70.760,399.980,0.620,1,399.360,470.860,128,2048,64,2048,noop,1,2048
realmachine,batch,32,2,22,decode,32,32,0,32,32,0,70.860,398.380,0.570,1,397.810,469.360,128,2048,64,2048,noop,1,2048
realmachine,batch,32,2,23,decode,32,32,0,32,32,0,70.370,399.950,0.590,1,399.360,470.420,128,2048,64,2048,noop,1,2048
realmachine,batch,32,2,24,decode,32,32,0,32,32,0,70.930,396.490,0.600,1,395.890,467.550,128,2048,64,2048,noop,1,2048
realmachine,batch,32,2,25,decode,32,32,0,32,32,0,70.230,399.680,0.600,1,399.080,470.050,128,2048,64,2048,noop,1,2048
realmachine,batch,32,2,26,decode,32,32,0,32,32,0,72.180,409.410,0.660,1,408.750,481.700,128,2048,64,2048,noop,1,2048
realmachine,batch,32,2,27,decode,32,32,0,32,32,0,72.120,399.610,0.640,1,398.970,471.840,128,2048,64,2048,noop,1,2048
realmachine,batch,32,2,28,decode,32,32,0,32,32,0,71.900,399.690,0.630,1,399.060,471.690,128,2048,64,2048,noop,1,2048
realmachine,batch,32,2,29,decode,32,32,0,32,32,0,72.280,400.370,0.610,1,399.760,472.760,128,2048,64,2048,noop,1,2048
realmachine,batch,32,2,30,decode,32,32,0,32,32,0,71.210,397.500,0.650,1,396.850,468.820,128,2048,64,2048,noop,1,2048
realmachine,batch,32,2,31,decode,32,32,0,32,32,0,71.290,1182.780,1.350,1,1181.430,1254.190,128,2048,64,2048,noop,1,2048
realmachine,batch,32,2,32,decode,32,32,0,32,32,0,79.850,460.510,0.710,1,459.800,540.460,128,2048,64,2048,noop,1,2048
realmachine,batch,32,2,33,decode,32,32,0,32,32,0,76.330,414.870,0.640,1,414.230,491.340,128,2048,64,2048,noop,1,2048
realmachine,batch,32,2,34,decode,32,32,0,32,32,0,74.990,408.180,0.650,1,407.530,483.270,128,2048,64,2048,noop,1,2048
realmachine,batch,32,2,35,decode,32,32,0,32,32,0,73.160,404.990,0.650,1,404.340,478.260,128,2048,64,2048,noop,1,2048
realmachine,batch,32,2,36,decode,32,32,0,32,32,0,73.160,411.660,0.650,1,411.010,484.930,128,2048,64,2048,noop,1,2048
realmachine,batch,32,2,37,decode,32,32,0,32,32,0,72.350,403.730,0.720,1,403.010,476.190,128,2048,64,2048,noop,1,2048
realmachine,batch,32,2,38,decode,32,32,0,32,32,0,71.740,404.080,0.700,1,403.380,475.930,128,2048,64,2048,noop,1,2048
realmachine,batch,32,2,39,decode,32,32,0,32,32,0,73.150,411.330,0.680,1,410.650,484.640,128,2048,64,2048,noop,1,2048
realmachine,batch,32,2,40,decode,32,32,0,32,32,0,72.200,401.490,0.630,1,400.860,473.850,128,2048,64,2048,noop,1,2048
realmachine,batch,32,2,41,decode,32,32,0,32,32,0,71.940,400.650,0.680,1,399.970,472.690,128,2048,64,2048,noop,1,2048
realmachine,batch,32,2,42,decode,32,32,0,32,32,0,71.970,401.130,0.710,1,400.420,473.200,128,2048,64,2048,noop,1,2048
realmachine,batch,32,2,43,decode,32,32,0,32,32,0,71.410,400.680,0.630,1,400.050,472.210,128,2048,64,2048,noop,1,2048
realmachine,batch,32,2,44,decode,32,32,0,32,32,0,70.930,401.480,0.670,1,400.810,472.580,128,2048,64,2048,noop,1,2048
realmachine,batch,32,2,45,decode,32,32,0,32,32,0,73.040,401.580,0.670,1,400.910,474.760,128,2048,64,2048,noop,1,2048
realmachine,batch,32,2,46,decode,32,32,0,32,32,0,71.690,425.540,0.670,1,424.870,497.350,128,2048,64,2048,noop,1,2048
realmachine,batch,32,2,47,decode,32,32,0,32,32,0,72.660,398.630,0.650,1,397.980,471.420,128,2048,64,2048,noop,1,2048
realmachine,batch,32,2,48,decode,32,32,0,32,32,0,72.660,401.140,0.660,1,400.480,473.910,128,2048,64,2048,noop,1,2048
realmachine,batch,32,2,49,decode,32,32,0,32,32,0,72.580,400.080,0.630,1,399.450,472.830,128,2048,64,2048,noop,1,2048
realmachine,batch,32,2,50,decode,32,32,0,32,32,0,71.480,393.670,0.640,1,393.030,465.310,128,2048,64,2048,noop,1,2048
realmachine,batch,32,2,51,decode,32,32,0,32,32,0,71.100,392.320,0.720,1,391.600,463.560,128,2048,64,2048,noop,1,2048
realmachine,batch,32,2,52,decode,32,32,0,32,32,0,70.990,392.660,0.630,1,392.030,463.760,128,2048,64,2048,noop,1,2048
realmachine,batch,32,2,53,decode,32,32,0,32,32,0,70.990,404.290,0.680,1,403.610,475.420,128,2048,64,2048,noop,1,2048
realmachine,batch,32,2,54,decode,32,32,0,32,32,0,71.440,396.390,0.660,1,395.730,467.940,128,2048,64,2048,noop,1,2048
realmachine,batch,32,2,55,decode,32,32,0,32,32,0,71.810,394.450,0.650,1,393.800,466.380,128,2048,64,2048,noop,1,2048
realmachine,batch,32,2,56,decode,32,32,0,32,32,0,71.150,390.800,0.700,1,390.100,462.060,128,2048,64,2048,noop,1,2048
realmachine,batch,32,2,57,decode,32,32,0,32,32,0,70.840,393.760,0.590,1,393.170,464.750,128,2048,64,2048,noop,1,2048
realmachine,batch,32,2,58,decode,32,32,0,32,32,0,71.770,392.510,0.590,1,391.920,464.410,128,2048,64,2048,noop,1,2048
realmachine,batch,32,2,59,decode,32,32,0,32,32,0,69.980,391.670,0.580,1,391.090,461.760,128,2048,64,2048,noop,1,2048
realmachine,batch,32,2,60,decode,32,32,0,32,32,0,70.310,393.410,0.590,1,392.820,463.830,128,2048,64,2048,noop,1,2048
realmachine,batch,32,2,61,decode,32,32,0,32,32,0,71.550,400.990,0.660,1,400.330,472.650,128,2048,64,2048,noop,1,2048
realmachine,batch,32,2,62,decode,16,16,0,16,16,0,369.130,404.080,0.720,1,403.360,773.330,128,2048,64,2048,noop,1,2048
realmachine,batch,32,2,63,decode,1,1,0,1,1,0,197.400,391.010,0.600,1,390.410,588.520,128,2048,64,2048,noop,1,2048
realmachine,batch,64,0,0,prefill,64,2048,17,47,64,0,569.240,479.420,0.720,1,478.700,1048.820,128,2048,64,2048,noop,1,2048
realmachine,batch,64,0,1,prefill,64,157,1,63,64,0,300.080,466.140,0.760,1,465.380,766.370,128,2048,64,2048,noop,1,2048
realmachine,batch,64,0,2,decode,64,64,0,64,64,0,129.720,438.070,0.680,1,437.390,567.920,128,2048,64,2048,noop,1,2048
realmachine,batch,64,0,3,decode,64,64,0,64,64,0,126.890,438.120,0.650,1,437.470,565.140,128,2048,64,2048,noop,1,2048
realmachine,batch,64,0,4,decode,64,64,0,64,64,0,127.410,421.350,0.580,1,420.770,548.850,128,2048,64,2048,noop,1,2048
realmachine,batch,64,0,5,decode,64,64,0,64,64,0,125.830,417.500,0.630,1,416.870,543.450,128,2048,64,2048,noop,1,2048
realmachine,batch,64,0,6,decode,64,64,0,64,64,0,125.570,419.260,0.660,1,418.600,544.970,128,2048,64,2048,noop,1,2048
realmachine,batch,64,0,7,decode,64,64,0,64,64,0,125.760,417.030,0.670,1,416.360,542.900,128,2048,64,2048,noop,1,2048
realmachine,batch,64,0,8,decode,64,64,0,64,64,0,124.460,415.910,0.590,1,415.320,540.500,128,2048,64,2048,noop,1,2048
realmachine,batch,64,0,9,decode,64,64,0,64,64,0,126.080,429.520,0.580,1,428.940,555.730,128,2048,64,2048,noop,1,2048
realmachine,batch,64,0,10,decode,64,64,0,64,64,0,125.660,418.700,0.650,1,418.050,544.490,128,2048,64,2048,noop,1,2048
realmachine,batch,64,0,11,decode,64,64,0,64,64,0,124.010,415.330,0.620,1,414.710,539.480,128,2048,64,2048,noop,1,2048
realmachine,batch,64,0,12,decode,64,64,0,64,64,0,124.920,414.260,0.650,1,413.610,539.320,128,2048,64,2048,noop,1,2048
realmachine,batch,64,0,13,decode,64,64,0,64,64,0,124.570,414.350,0.670,1,413.680,539.050,128,2048,64,2048,noop,1,2048
realmachine,batch,64,0,14,decode,64,64,0,64,64,0,124.550,414.610,0.680,1,413.930,539.280,128,2048,64,2048,noop,1,2048
realmachine,batch,64,0,15,decode,64,64,0,64,64,0,123.550,426.150,0.620,1,425.530,549.800,128,2048,64,2048,noop,1,2048
realmachine,batch,64,0,16,decode,64,64,0,64,64,0,124.750,419.280,0.660,1,418.620,544.160,128,2048,64,2048,noop,1,2048
realmachine,batch,64,0,17,decode,64,64,0,64,64,0,124.660,414.540,0.650,1,413.890,539.350,128,2048,64,2048,noop,1,2048
realmachine,batch,64,0,18,decode,64,64,0,64,64,0,124.960,413.100,0.680,1,412.420,538.200,128,2048,64,2048,noop,1,2048
realmachine,batch,64,0,19,decode,64,64,0,64,64,0,123.250,413.540,0.650,1,412.890,536.910,128,2048,64,2048,noop,1,2048
realmachine,batch,64,0,20,decode,64,64,0,64,64,0,125.010,411.720,0.610,1,411.110,536.850,128,2048,64,2048,noop,1,2048
realmachine,batch,64,0,21,decode,64,64,0,64,64,0,125.220,411.990,0.690,1,411.300,537.310,128,2048,64,2048,noop,1,2048
realmachine,batch,64,0,22,decode,64,64,0,64,64,0,127.330,418.190,0.660,1,417.530,545.670,128,2048,64,2048,noop,1,2048
realmachine,batch,64,0,23,decode,64,64,0,64,64,0,123.490,412.240,0.710,1,411.530,535.840,128,2048,64,2048,noop,1,2048
realmachine,batch,64,0,24,decode,64,64,0,64,64,0,124.610,413.090,0.730,1,412.360,537.830,128,2048,64,2048,noop,1,2048
realmachine,batch,64,0,25,decode,64,64,0,64,64,0,124.330,413.210,0.700,1,412.510,537.640,128,2048,64,2048,noop,1,2048
realmachine,batch,64,0,26,decode,64,64,0,64,64,0,123.980,410.590,0.680,1,409.910,534.710,128,2048,64,2048,noop,1,2048
realmachine,batch,64,0,27,decode,64,64,0,64,64,0,124.750,411.730,0.640,1,411.090,536.600,128,2048,64,2048,noop,1,2048
realmachine,batch,64,0,28,decode,64,64,0,64,64,0,126.980,416.940,0.640,1,416.300,544.030,128,2048,64,2048,noop,1,2048
realmachine,batch,64,0,29,decode,64,64,0,64,64,0,125.080,413.800,0.670,1,413.130,539.030,128,2048,64,2048,noop,1,2048
realmachine,batch,64,0,30,decode,64,64,0,64,64,0,124.730,411.920,0.660,1,411.260,536.760,128,2048,64,2048,noop,1,2048
realmachine,batch,64,0,31,decode,64,64,0,64,64,0,125.600,412.450,0.650,1,411.800,538.160,128,2048,64,2048,noop,1,2048
realmachine,batch,64,0,32,decode,64,64,0,64,64,0,125.610,411.340,0.660,1,410.680,537.080,128,2048,64,2048,noop,1,2048
realmachine,batch,64,0,33,decode,64,64,0,64,64,0,124.370,410.150,0.630,1,409.520,534.650,128,2048,64,2048,noop,1,2048
realmachine,batch,64,0,34,decode,64,64,0,64,64,0,137.400,416.250,0.680,1,415.570,553.750,128,2048,64,2048,noop,1,2048
realmachine,batch,64,0,35,decode,64,64,0,64,64,0,124.570,411.710,0.690,1,411.020,536.400,128,2048,64,2048,noop,1,2048
realmachine,batch,64,0,36,decode,64,64,0,64,64,0,124.830,410.460,0.700,1,409.760,535.430,128,2048,64,2048,noop,1,2048
realmachine,batch,64,0,37,decode,64,64,0,64,64,0,125.100,413.980,0.620,1,413.360,539.190,128,2048,64,2048,noop,1,2048
realmachine,batch,64,0,38,decode,64,64,0,64,64,0,125.630,409.680,0.670,1,409.010,535.450,128,2048,64,2048,noop,1,2048
realmachine,batch,64,0,39,decode,64,64,0,64,64,0,124.760,410.890,0.700,1,410.190,535.750,128,2048,64,2048,noop,1,2048
realmachine,batch,64,0,40,decode,64,64,0,64,64,0,125.570,434.010,0.670,1,433.340,559.680,128,2048,64,2048,noop,1,2048
realmachine,batch,64,0,41,decode,64,64,0,64,64,0,125.040,413.060,0.660,1,412.400,538.240,128,2048,64,2048,noop,1,2048
realmachine,batch,64,0,42,decode,64,64,0,64,64,0,124.940,411.480,0.710,1,410.770,536.550,128,2048,64,2048,noop,1,2048
realmachine,batch,64,0,43,decode,64,64,0,64,64,0,124.610,410.770,0.640,1,410.130,535.500,128,2048,64,2048,noop,1,2048
realmachine,batch,64,0,44,decode,64,64,0,64,64,0,124.840,412.830,0.670,1,412.160,537.790,128,2048,64,2048,noop,1,2048
realmachine,batch,64,0,45,decode,64,64,0,64,64,0,124.140,414.190,0.690,1,413.500,538.440,128,2048,64,2048,noop,1,2048
realmachine,batch,64,0,46,decode,64,64,0,64,64,0,124.000,432.010,0.680,1,431.330,556.170,128,2048,64,2048,noop,1,2048
realmachine,batch,64,0,47,decode,64,64,0,64,64,0,126.620,412.200,0.630,1,411.570,538.940,128,2048,64,2048,noop,1,2048
realmachine,batch,64,0,48,decode,64,64,0,64,64,0,124.770,413.660,0.640,1,413.020,538.590,128,2048,64,2048,noop,1,2048
realmachine,batch,64,0,49,decode,64,64,0,64,64,0,123.760,411.360,0.630,1,410.730,535.270,128,2048,64,2048,noop,1,2048
realmachine,batch,64,0,50,decode,64,64,0,64,64,0,124.720,402.250,0.650,1,401.600,527.110,128,2048,64,2048,noop,1,2048
realmachine,batch,64,0,51,decode,64,64,0,64,64,0,124.590,405.120,0.660,1,404.460,529.850,128,2048,64,2048,noop,1,2048
realmachine,batch,64,0,52,decode,64,64,0,64,64,0,123.220,427.700,0.640,1,427.060,551.060,128,2048,64,2048,noop,1,2048
realmachine,batch,64,0,53,decode,64,64,0,64,64,0,125.340,416.320,0.690,1,415.630,541.780,128,2048,64,2048,noop,1,2048
realmachine,batch,64,0,54,decode,64,64,0,64,64,0,125.530,408.420,0.650,1,407.770,534.050,128,2048,64,2048,noop,1,2048
realmachine,batch,64,0,55,decode,64,64,0,64,64,0,123.680,405.480,0.680,1,404.800,529.270,128,2048,64,2048,noop,1,2048
realmachine,batch,64,0,56,decode,64,64,0,64,64,0,125.190,406.170,0.670,1,405.500,531.480,128,2048,64,2048,noop,1,2048
realmachine,batch,64,0,57,decode,64,64,0,64,64,0,125.160,405.220,0.650,1,404.570,530.520,128,2048,64,2048,noop,1,2048
realmachine,batch,64,0,58,decode,64,64,0,64,64,0,123.110,419.180,0.670,1,418.510,542.440,128,2048,64,2048,noop,1,2048
realmachine,batch,64,0,59,decode,64,64,0,64,64,0,125.050,406.010,0.720,1,405.290,531.170,128,2048,64,2048,noop,1,2048
realmachine,batch,64,0,60,decode,64,64,0,64,64,0,123.750,404.230,0.670,1,403.560,528.120,128,2048,64,2048,noop,1,2048
realmachine,batch,64,0,61,decode,64,64,0,64,64,0,123.530,404.010,0.700,1,403.310,527.700,128,2048,64,2048,noop,1,2048
realmachine,batch,64,0,62,decode,48,48,0,48,48,0,421.070,419.250,0.690,1,418.560,840.450,128,2048,64,2048,noop,1,2048
realmachine,batch,64,0,63,decode,33,33,0,33,33,0,367.950,466.940,0.680,1,466.260,835.060,128,2048,64,2048,noop,1,2048
realmachine,batch,64,0,64,decode,17,17,0,17,17,0,237.420,416.170,0.650,1,415.520,653.710,128,2048,64,2048,noop,1,2048
realmachine,batch,64,0,65,decode,1,1,0,1,1,0,196.510,391.660,0.730,1,390.930,588.290,128,2048,64,2048,noop,1,2048
realmachine,batch,64,1,0,prefill,64,2048,17,47,64,0,580.070,488.270,0.830,1,487.440,1068.470,128,2048,64,2048,noop,1,2048
realmachine,batch,64,1,1,prefill,64,157,1,63,64,0,300.850,446.570,0.630,1,445.940,747.560,128,2048,64,2048,noop,1,2048
realmachine,batch,64,1,2,decode,64,64,0,64,64,0,128.600,424.040,0.640,1,423.400,552.780,128,2048,64,2048,noop,1,2048
realmachine,batch,64,1,3,decode,64,64,0,64,64,0,127.210,421.020,0.640,1,420.380,548.420,128,2048,64,2048,noop,1,2048
realmachine,batch,64,1,4,decode,64,64,0,64,64,0,125.410,427.650,0.650,1,427.000,553.170,128,2048,64,2048,noop,1,2048
realmachine,batch,64,1,5,decode,64,64,0,64,64,0,128.200,424.780,0.700,1,424.080,553.150,128,2048,64,2048,noop,1,2048
realmachine,batch,64,1,6,decode,64,64,0,64,64,0,126.030,418.770,0.690,1,418.080,544.910,128,2048,64,2048,noop,1,2048
realmachine,batch,64,1,7,decode,64,64,0,64,64,0,126.780,414.290,0.660,1,413.630,541.210,128,2048,64,2048,noop,1,2048
realmachine,batch,64,1,8,decode,64,64,0,64,64,0,127.060,415.630,0.620,1,415.010,542.790,128,2048,64,2048,noop,1,2048
realmachine,batch,64,1,9,decode,64,64,0,64,64,0,126.180,417.620,0.620,1,417.000,543.930,128,2048,64,2048,noop,1,2048
realmachine,batch,64,1,10,decode,64,64,0,64,64,0,126.540,419.760,0.590,1,419.170,546.420,128,2048,64,2048,noop,1,2048
realmachine,batch,64,1,11,decode,64,64,0,64,64,0,127.760,423.290,0.610,1,422.680,551.170,128,2048,64,2048,noop,1,2048
realmachine,batch,64,1,12,decode,64,64,0,64,64,0,125.800,414.290,0.590,1,413.700,540.230,128,2048,64,2048,noop,1,2048
realmachine,batch,64,1,13,decode,64,64,0,64,64,0,125.370,414.990,0.580,1,414.410,540.530,128,2048,64,2048,noop,1,2048
realmachine,batch,64,1,14,decode,64,64,0,64,64,0,127.070,413.450,0.570,1,412.880,540.630,128,2048,64,2048,noop,1,2048
realmachine,batch,64,1,15,decode,64,64,0,64,64,0,125.900,414.100,0.620,1,413.480,540.110,128,2048,64,2048,noop,1,2048
realmachine,batch,64,1,16,decode,64,64,0,64,64,0,126.030,414.570,0.590,1,413.980,540.780,128,2048,64,2048,noop,1,2048
realmachine,batch,64,1,17,decode,64,64,0,64,64,0,125.920,422.790,0.620,1,422.170,548.790,128,2048,64,2048,noop,1,2048
realmachine,batch,64,1,18,decode,64,64,0,64,64,0,126.380,415.340,0.640,1,414.700,541.810,128,2048,64,2048,noop,1,2048
realmachine,batch,64,1,19,decode,64,64,0,64,64,0,127.430,415.510,0.670,1,414.840,543.070,128,2048,64,2048,noop,1,2048
realmachine,batch,64,1,20,decode,64,64,0,64,64,0,127.590,415.090,0.610,1,414.480,542.840,128,2048,64,2048,noop,1,2048
realmachine,batch,64,1,21,decode,64,64,0,64,64,0,127.570,414.210,0.610,1,413.600,541.920,128,2048,64,2048,noop,1,2048
realmachine,batch,64,1,22,decode,64,64,0,64,64,0,124.620,412.570,0.620,1,411.950,537.290,128,2048,64,2048,noop,1,2048
realmachine,batch,64,1,23,decode,64,64,0,64,64,0,128.010,419.330,0.610,1,418.720,547.470,128,2048,64,2048,noop,1,2048
realmachine,batch,64,1,24,decode,64,64,0,64,64,0,128.890,415.630,0.620,1,415.010,544.620,128,2048,64,2048,noop,1,2048
realmachine,batch,64,1,25,decode,64,64,0,64,64,0,126.130,411.430,0.570,1,410.860,537.680,128,2048,64,2048,noop,1,2048
realmachine,batch,64,1,26,decode,64,64,0,64,64,0,125.990,416.160,0.600,1,415.560,542.290,128,2048,64,2048,noop,1,2048
realmachine,batch,64,1,27,decode,64,64,0,64,64,0,126.210,413.980,0.570,1,413.410,540.320,128,2048,64,2048,noop,1,2048
realmachine,batch,64,1,28,decode,64,64,0,64,64,0,125.970,416.650,0.620,1,416.030,542.750,128,2048,64,2048,noop,1,2048
realmachine,batch,64,1,29,decode,64,64,0,64,64,0,143.840,426.300,0.620,1,425.680,570.260,128,2048,64,2048,noop,1,2048
realmachine,batch,64,1,30,decode,64,64,0,64,64,0,126.010,418.340,0.660,1,417.680,544.450,128,2048,64,2048,noop,1,2048
realmachine,batch,64,1,31,decode,64,64,0,64,64,0,125.250,411.490,0.620,1,410.870,536.850,128,2048,64,2048,noop,1,2048
realmachine,batch,64,1,32,decode,64,64,0,64,64,0,124.910,411.340,0.600,1,410.740,536.400,128,2048,64,2048,noop,1,2048
realmachine,batch,64,1,33,decode,64,64,0,64,64,0,125.570,409.290,0.610,1,408.680,534.980,128,2048,64,2048,noop,1,2048
realmachine,batch,64,1,34,decode,64,64,0,64,64,0,123.460,411.820,0.600,1,411.220,535.400,128,2048,64,2048,noop,1,2048
realmachine,batch,64,1,35,decode,64,64,0,64,64,0,137.300,417.570,0.730,1,416.840,554.970,128,2048,64,2048,noop,1,2048
realmachine,batch,64,1,36,decode,64,64,0,64,64,0,127.660,412.580,0.590,1,411.990,540.370,128,2048,64,2048,noop,1,2048
realmachine,batch,64,1,37,decode,64,64,0,64,64,0,126.540,412.350,0.640,1,411.710,538.990,128,2048,64,2048,noop,1,2048
realmachine,batch,64,1,38,decode,64,64,0,64,64,0,125.540,411.250,0.690,1,410.560,536.890,128,2048,64,2048,noop,1,2048
realmachine,batch,64,1,39,decode,64,64,0,64,64,0,126.050,413.900,0.650,1,413.250,540.090,128,2048,64,2048,noop,1,2048
realmachine,batch,64,1,40,decode,64,64,0,64,64,0,125.200,414.270,0.650,1,413.620,539.600,128,2048,64,2048,noop,1,2048
realmachine,batch,64,1,41,decode,64,64,0,64,64,0,125.130,427.380,0.630,1,426.750,552.660,128,2048,64,2048,noop,1,2048
realmachine,batch,64,1,42,decode,64,64,0,64,64,0,124.890,415.950,0.630,1,415.320,540.940,128,2048,64,2048,noop,1,2048
realmachine,batch,64,1,43,decode,64,64,0,64,64,0,125.750,413.040,0.630,1,412.410,538.920,128,2048,64,2048,noop,1,2048
realmachine,batch,64,1,44,decode,64,64,0,64,64,0,123.420,413.570,0.660,1,412.910,537.110,128,2048,64,2048,noop,1,2048
realmachine,batch,64,1,45,decode,64,64,0,64,64,0,124.320,415.630,0.640,1,414.990,540.060,128,2048,64,2048,noop,1,2048
realmachine,batch,64,1,46,decode,64,64,0,64,64,0,126.610,414.440,0.700,1,413.740,541.190,128,2048,64,2048,noop,1,2048
realmachine,batch,64,1,47,decode,64,64,0,64,64,0,125.510,429.950,0.760,1,429.190,555.610,128,2048,64,2048,noop,1,2048
realmachine,batch,64,1,48,decode,64,64,0,64,64,0,126.020,415.720,0.680,1,415.040,541.880,128,2048,64,2048,noop,1,2048
realmachine,batch,64,1,49,decode,64,64,0,64,64,0,126.320,414.590,0.680,1,413.910,541.020,128,2048,64,2048,noop,1,2048
realmachine,batch,64,1,50,decode,64,64,0,64,64,0,124.010,407.980,0.660,1,407.320,532.130,128,2048,64,2048,noop,1,2048
realmachine,batch,64,1,51,decode,64,64,0,64,64,0,123.740,404.180,0.630,1,403.550,528.060,128,2048,64,2048,noop,1,2048
realmachine,batch,64,1,52,decode,64,64,0,64,64,0,123.440,405.260,0.640,1,404.620,528.830,128,2048,64,2048,noop,1,2048
realmachine,batch,64,1,53,decode,64,64,0,64,64,0,125.300,429.930,0.670,1,429.260,555.390,128,2048,64,2048,noop,1,2048
realmachine,batch,64,1,54,decode,64,64,0,64,64,0,126.380,407.200,0.620,1,406.580,533.690,128,2048,64,2048,noop,1,2048
realmachine,batch,64,1,55,decode,64,64,0,64,64,0,125.050,406.110,0.660,1,405.450,531.330,128,2048,64,2048,noop,1,2048
realmachine,batch,64,1,56,decode,64,64,0,64,64,0,124.100,408.900,0.700,1,408.200,533.120,128,2048,64,2048,noop,1,2048
realmachine,batch,64,1,57,decode,64,64,0,64,64,0,123.400,402.650,0.700,1,401.950,526.190,128,2048,64,2048,noop,1,2048
realmachine,batch,64,1,58,decode,64,64,0,64,64,0,122.410,403.770,0.650,1,403.120,526.310,128,2048,64,2048,noop,1,2048
realmachine,batch,64,1,59,decode,64,64,0,64,64,0,123.550,421.390,0.680,1,420.710,545.050,128,2048,64,2048,noop,1,2048
realmachine,batch,64,1,60,decode,64,64,0,64,64,0,126.340,409.850,0.730,1,409.120,536.330,128,2048,64,2048,noop,1,2048
realmachine,batch,64,1,61,decode,64,64,0,64,64,0,124.210,405.650,0.650,1,405.000,530.020,128,2048,64,2048,noop,1,2048
realmachine,batch,64,1,62,decode,48,48,0,48,48,0,414.420,419.990,0.680,1,419.310,834.540,128,2048,64,2048,noop,1,2048
realmachine,batch,64,1,63,decode,33,33,0,33,33,0,369.510,408.980,0.710,1,408.270,778.620,128,2048,64,2048,noop,1,2048
realmachine,batch,64,1,64,decode,17,17,0,17,17,0,232.710,402.700,0.750,1,401.950,635.500,128,2048,64,2048,noop,1,2048
realmachine,batch,64,1,65,decode,1,1,0,1,1,0,198.190,395.960,0.670,1,395.290,594.270,128,2048,64,2048,noop,1,2048
realmachine,batch,64,2,0,prefill,64,2048,17,47,64,0,580.910,506.140,0.680,1,505.460,1087.210,128,2048,64,2048,noop,1,2048
realmachine,batch,64,2,1,prefill,64,157,1,63,64,0,294.840,445.100,0.770,1,444.330,740.050,128,2048,64,2048,noop,1,2048
realmachine,batch,64,2,2,decode,64,64,0,64,64,0,129.240,429.930,0.710,1,429.220,559.290,128,2048,64,2048,noop,1,2048
realmachine,batch,64,2,3,decode,64,64,0,64,64,0,126.550,426.540,0.740,1,425.800,553.200,128,2048,64,2048,noop,1,2048
realmachine,batch,64,2,4,decode,64,64,0,64,64,0,124.560,424.540,0.620,1,423.920,549.200,128,2048,64,2048,noop,1,2048
realmachine,batch,64,2,5,decode,64,64,0,64,64,0,125.170,432.830,0.730,1,432.100,558.130,128,2048,64,2048,noop,1,2048
realmachine,batch,64,2,6,decode,64,64,0,64,64,0,127.730,428.990,0.800,1,428.190,556.850,128,2048,64,2048,noop,1,2048
realmachine,batch,64,2,7,decode,64,64,0,64,64,0,125.560,424.280,0.730,1,423.550,549.990,128,2048,64,2048,noop,1,2048
realmachine,batch,64,2,8,decode,64,64,0,64,64,0,124.340,422.760,0.630,1,422.130,547.210,128,2048,64,2048,noop,1,2048
realmachine,batch,64,2,9,decode,64,64,0,64,64,0,125.400,422.820,0.680,1,422.140,548.370,128,2048,64,2048,noop,1,2048
realmachine,batch,64,2,10,decode,64,64,0,64,64,0,124.380,419.320,0.640,1,418.680,543.820,128,2048,64,2048,noop,1,2048
realmachine,batch,64,2,11,decode,64,64,0,64,64,0,124.870,432.650,0.710,1,431.940,557.650,128,2048,64,2048,noop,1,2048
realmachine,batch,64,2,12,decode,64,64,0,64,64,0,127.550,429.980,0.590,1,429.390,557.670,128,2048,64,2048,noop,1,2048
realmachine,batch,64,2,13,decode,64,64,0,64,64,0,124.750,420.840,0.670,1,420.170,545.720,128,2048,64,2048,noop,1,2048
realmachine,batch,64,2,14,decode,64,64,0,64,64,0,123.720,421.870,0.590,1,421.280,545.730,128,2048,64,2048,noop,1,2048
realmachine,batch,64,2,15,decode,64,64,0,64,64,0,124.480,419.930,0.640,1,419.290,544.550,128,2048,64,2048,noop,1,2048
realmachine,batch,64,2,16,decode,64,64,0,64,64,0,124.280,417.810,0.740,1,417.070,542.210,128,2048,64,2048,noop,1,2048
realmachine,batch,64,2,17,decode,64,64,0,64,64,0,124.020,420.190,0.660,1,419.530,544.340,128,2048,64,2048,noop,1,2048
realmachine,batch,64,2,18,decode,64,64,0,64,64,0,125.430,430.370,0.710,1,429.660,555.920,128,2048,64,2048,noop,1,2048
realmachine,batch,64,2,19,decode,64,64,0,64,64,0,124.650,421.060,0.660,1,420.400,545.830,128,2048,64,2048,noop,1,2048
realmachine,batch,64,2,20,decode,64,64,0,64,64,0,125.520,421.740,0.710,1,421.030,547.400,128,2048,64,2048,noop,1,2048
realmachine,batch,64,2,21,decode,64,64,0,64,64,0,124.640,419.790,0.710,1,419.080,544.550,128,2048,64,2048,noop,1,2048
realmachine,batch,64,2,22,decode,64,64,0,64,64,0,124.840,420.190,0.710,1,419.480,545.160,128,2048,64,2048,noop,1,2048
realmachine,batch,64,2,23,decode,64,64,0,64,64,0,126.040,421.390,0.680,1,420.710,547.560,128,2048,64,2048,noop,1,2048
realmachine,batch,64,2,24,decode,64,64,0,64,64,0,125.450,426.230,0.660,1,425.570,551.830,128,2048,64,2048,noop,1,2048
realmachine,batch,64,2,25,decode,64,64,0,64,64,0,125.210,422.170,0.640,1,421.530,547.510,128,2048,64,2048,noop,1,2048
realmachine,batch,64,2,26,decode,64,64,0,64,64,0,124.220,419.970,0.750,1,419.220,544.330,128,2048,64,2048,noop,1,2048
realmachine,batch,64,2,27,decode,64,64,0,64,64,0,125.830,418.340,0.700,1,417.640,544.290,128,2048,64,2048,noop,1,2048
realmachine,batch,64,2,28,decode,64,64,0,64,64,0,122.610,418.170,0.660,1,417.510,540.900,128,2048,64,2048,noop,1,2048
realmachine,batch,64,2,29,decode,64,64,0,64,64,0,125.480,419.080,0.670,1,418.410,544.690,128,2048,64,2048,noop,1,2048
realmachine,batch,64,2,30,decode,64,64,0,64,64,0,125.790,424.860,0.710,1,424.150,550.750,128,2048,64,2048,noop,1,2048
realmachine,batch,64,2,31,decode,64,64,0,64,64,0,124.750,418.440,0.680,1,417.760,543.320,128,2048,64,2048,noop,1,2048
realmachine,batch,64,2,32,decode,64,64,0,64,64,0,124.380,418.790,0.720,1,418.070,543.310,128,2048,64,2048,noop,1,2048
realmachine,batch,64,2,33,decode,64,64,0,64,64,0,125.730,419.510,0.700,1,418.810,545.340,128,2048,64,2048,noop,1,2048
realmachine,batch,64,2,34,decode,64,64,0,64,64,0,124.010,419.440,0.730,1,418.710,543.560,128,2048,64,2048,noop,1,2048
realmachine,batch,64,2,35,decode,64,64,0,64,64,0,124.750,417.450,0.670,1,416.780,542.330,128,2048,64,2048,noop,1,2048
realmachine,batch,64,2,36,decode,64,64,0,64,64,0,128.660,423.710,0.710,1,423.000,552.490,128,2048,64,2048,noop,1,2048
realmachine,batch,64,2,37,decode,64,64,0,64,64,0,124.650,419.690,0.680,1,419.010,544.460,128,2048,64,2048,noop,1,2048
realmachine,batch,64,2,38,decode,64,64,0,64,64,0,124.980,419.250,0.700,1,418.550,544.350,128,2048,64,2048,noop,1,2048
realmachine,batch,64,2,39,decode,64,64,0,64,64,0,125.190,420.960,0.710,1,420.250,546.230,128,2048,64,2048,noop,1,2048
realmachine,batch,64,2,40,decode,64,64,0,64,64,0,125.420,416.530,0.670,1,415.860,542.060,128,2048,64,2048,noop,1,2048
realmachine,batch,64,2,41,decode,64,64,0,64,64,0,124.120,417.970,0.710,1,417.260,542.180,128,2048,64,2048,noop,1,2048
realmachine,batch,64,2,42,decode,64,64,0,64,64,0,134.560,425.670,0.720,1,424.950,560.330,128,2048,64,2048,noop,1,2048
realmachine,batch,64,2,43,decode,64,64,0,64,64,0,124.450,422.190,0.670,1,421.520,546.760,128,2048,64,2048,noop,1,2048
realmachine,batch,64,2,44,decode,64,64,0,64,64,0,125.350,421.250,0.650,1,420.600,546.700,128,2048,64,2048,noop,1,2048
realmachine,batch,64,2,45,decode,64,64,0,64,64,0,124.070,419.150,0.650,1,418.500,543.350,128,2048,64,2048,noop,1,2048
realmachine,batch,64,2,46,decode,64,64,0,64,64,0,125.030,419.670,0.680,1,418.990,544.800,128,2048,64,2048,noop,1,2048
realmachine,batch,64,2,47,decode,64,64,0,64,64,0,123.940,417.850,0.670,1,417.180,541.920,128,2048,64,2048,noop,1,2048
realmachine,batch,64,2,48,decode,64,64,0,64,64,0,133.510,424.740,0.790,1,423.950,558.350,128,2048,64,2048,noop,1,2048
realmachine,batch,64,2,49,decode,64,64,0,64,64,0,125.870,420.570,0.660,1,419.910,546.540,128,2048,64,2048,noop,1,2048
realmachine,batch,64,2,50,decode,64,64,0,64,64,0,123.530,411.230,0.690,1,410.540,534.870,128,2048,64,2048,noop,1,2048
realmachine,batch,64,2,51,decode,64,64,0,64,64,0,122.490,408.330,0.650,1,407.680,530.920,128,2048,64,2048,noop,1,2048
realmachine,batch,64,2,52,decode,64,64,0,64,64,0,122.970,406.700,0.670,1,406.030,529.850,128,2048,64,2048,noop,1,2048
realmachine,batch,64,2,53,decode,64,64,0,64,64,0,122.930,407.830,0.670,1,407.160,530.860,128,2048,64,2048,noop,1,2048
realmachine,batch,64,2,54,decode,64,64,0,64,64,0,122.010,421.520,0.670,1,420.850,543.610,128,2048,64,2048,noop,1,2048
realmachine,batch,64,2,55,decode,64,64,0,64,64,0,125.920,407.490,0.680,1,406.810,533.530,128,2048,64,2048,noop,1,2048
realmachine,batch,64,2,56,decode,64,64,0,64,64,0,123.780,408.800,0.640,1,408.160,532.710,128,2048,64,2048,noop,1,2048
realmachine,batch,64,2,57,decode,64,64,0,64,64,0,124.600,410.060,0.650,1,409.410,534.780,128,2048,64,2048,noop,1,2048
realmachine,batch,64,2,58,decode,64,64,0,64,64,0,124.670,409.240,0.660,1,408.580,534.070,128,2048,64,2048,noop,1,2048
realmachine,batch,64,2,59,decode,64,64,0,64,64,0,121.870,409.050,0.720,1,408.330,531.030,128,2048,64,2048,noop,1,2048
realmachine,batch,64,2,60,decode,64,64,0,64,64,0,123.240,423.830,0.680,1,423.150,547.200,128,2048,64,2048,noop,1,2048
realmachine,batch,64,2,61,decode,64,64,0,64,64,0,123.950,411.480,0.730,1,410.750,535.540,128,2048,64,2048,noop,1,2048
realmachine,batch,64,2,62,decode,48,48,0,48,48,0,417.310,418.070,0.740,1,417.330,835.510,128,2048,64,2048,noop,1,2048
realmachine,batch,64,2,63,decode,33,33,0,33,33,0,370.610,414.460,0.700,1,413.760,785.200,128,2048,64,2048,noop,1,2048
realmachine,batch,64,2,64,decode,17,17,0,17,17,0,234.510,406.430,0.760,1,405.670,641.060,128,2048,64,2048,noop,1,2048
realmachine,batch,64,2,65,decode,1,1,0,1,1,0,202.340,411.440,0.700,1,410.740,613.860,128,2048,64,2048,noop,1,2048
