preset,dim,value,repeat,step,phase,num_reqs,total_scheduled_tokens,n_prefill,n_decode,logits_indices_len,has_spec_decode,update_states_us,prepare_inputs_us,triton_cpu_us,triton_launches,pi_net_us,scope_total_us,block_size,max_model_len,max_num_reqs,max_num_batched_tokens,slot_mapping_mode,use_async,chunk_size
stress,isl,64,0,0,decode,32,32,0,32,32,0,67.460,393.860,0.580,1,393.280,461.410,128,32768,64,16384,noop,0,16384
stress,isl,64,0,1,decode,32,32,0,32,32,0,67.570,397.530,0.580,1,396.950,465.250,128,32768,64,16384,noop,0,16384
stress,isl,64,0,2,decode,32,32,0,32,32,0,74.420,393.430,0.500,1,392.930,467.950,128,32768,64,16384,noop,0,16384
stress,isl,64,0,3,decode,32,32,0,32,32,0,64.220,386.800,0.570,1,386.230,451.120,128,32768,64,16384,noop,0,16384
stress,isl,64,0,4,decode,32,32,0,32,32,0,64.020,381.600,0.550,1,381.050,445.710,128,32768,64,16384,noop,0,16384
stress,isl,64,0,5,decode,32,32,0,32,32,0,64.470,382.250,0.550,1,381.700,446.820,128,32768,64,16384,noop,0,16384
stress,isl,64,0,6,decode,32,32,0,32,32,0,64.420,382.830,0.500,1,382.330,447.340,128,32768,64,16384,noop,0,16384
stress,isl,64,0,7,decode,32,32,0,32,32,0,65.000,381.460,0.440,1,381.020,446.570,128,32768,64,16384,noop,0,16384
stress,isl,64,0,8,decode,32,32,0,32,32,0,66.360,387.390,0.530,1,386.860,453.870,128,32768,64,16384,noop,0,16384
stress,isl,64,0,9,decode,32,32,0,32,32,0,66.370,400.500,0.610,1,399.890,466.970,128,32768,64,16384,noop,0,16384
stress,isl,64,0,10,decode,32,32,0,32,32,0,68.690,389.140,0.540,1,388.600,457.920,128,32768,64,16384,noop,0,16384
stress,isl,64,0,11,decode,32,32,0,32,32,0,67.540,383.330,0.600,1,382.730,450.960,128,32768,64,16384,noop,0,16384
stress,isl,64,0,12,decode,32,32,0,32,32,0,67.130,381.800,0.470,1,381.330,449.020,128,32768,64,16384,noop,0,16384
stress,isl,64,0,13,decode,32,32,0,32,32,0,67.730,382.380,0.480,1,381.900,450.220,128,32768,64,16384,noop,0,16384
stress,isl,64,0,14,decode,32,32,0,32,32,0,67.120,378.800,0.580,1,378.220,446.000,128,32768,64,16384,noop,0,16384
stress,isl,64,0,15,decode,32,32,0,32,32,0,67.300,379.930,0.580,1,379.350,447.330,128,32768,64,16384,noop,0,16384
stress,isl,64,0,16,decode,32,32,0,32,32,0,67.300,378.400,0.550,1,377.850,445.800,128,32768,64,16384,noop,0,16384
stress,isl,64,0,17,decode,32,32,0,32,32,0,66.430,397.040,0.530,1,396.510,463.570,128,32768,64,16384,noop,0,16384
stress,isl,64,0,18,decode,32,32,0,32,32,0,68.000,383.800,0.470,1,383.330,451.910,128,32768,64,16384,noop,0,16384
stress,isl,64,0,19,decode,32,32,0,32,32,0,67.170,380.540,0.540,1,380.000,447.810,128,32768,64,16384,noop,0,16384
stress,isl,64,0,20,decode,32,32,0,32,32,0,66.220,381.260,0.520,1,380.740,447.620,128,32768,64,16384,noop,0,16384
stress,isl,64,0,21,decode,32,32,0,32,32,0,66.520,378.810,0.530,1,378.280,445.440,128,32768,64,16384,noop,0,16384
stress,isl,64,0,22,decode,32,32,0,32,32,0,66.860,376.180,0.520,1,375.660,443.150,128,32768,64,16384,noop,0,16384
stress,isl,64,0,23,decode,32,32,0,32,32,0,68.550,384.220,0.540,1,383.680,452.890,128,32768,64,16384,noop,0,16384
stress,isl,64,0,24,decode,32,32,0,32,32,0,67.290,381.710,0.540,1,381.170,449.120,128,32768,64,16384,noop,0,16384
stress,isl,64,0,25,decode,32,32,0,32,32,0,67.470,390.760,0.510,1,390.250,458.330,128,32768,64,16384,noop,0,16384
stress,isl,64,0,26,decode,32,32,0,32,32,0,67.430,382.440,0.480,1,381.960,450.080,128,32768,64,16384,noop,0,16384
stress,isl,64,0,27,decode,32,32,0,32,32,0,68.780,380.830,0.560,1,380.270,449.730,128,32768,64,16384,noop,0,16384
stress,isl,64,0,28,decode,32,32,0,32,32,0,66.360,379.900,0.480,1,379.420,446.350,128,32768,64,16384,noop,0,16384
stress,isl,64,0,29,decode,32,32,0,32,32,0,67.270,377.780,0.520,1,377.260,445.150,128,32768,64,16384,noop,0,16384
stress,isl,64,0,30,decode,32,32,0,32,32,0,67.270,376.200,0.510,1,375.690,443.550,128,32768,64,16384,noop,0,16384
stress,isl,64,0,31,decode,32,32,0,32,32,0,67.600,376.510,0.450,1,376.060,444.230,128,32768,64,16384,noop,0,16384
stress,isl,64,0,32,decode,32,32,0,32,32,0,68.030,397.130,0.620,1,396.510,465.290,128,32768,64,16384,noop,0,16384
stress,isl,64,0,33,decode,32,32,0,32,32,0,69.240,386.540,0.560,1,385.980,455.880,128,32768,64,16384,noop,0,16384
stress,isl,64,0,34,decode,32,32,0,32,32,0,68.000,377.970,0.570,1,377.400,446.080,128,32768,64,16384,noop,0,16384
stress,isl,64,0,35,decode,32,32,0,32,32,0,67.830,381.690,0.520,1,381.170,449.620,128,32768,64,16384,noop,0,16384
stress,isl,64,0,36,decode,32,32,0,32,32,0,66.830,378.600,0.540,1,378.060,445.530,128,32768,64,16384,noop,0,16384
stress,isl,64,0,37,decode,32,32,0,32,32,0,67.550,381.260,0.500,1,380.760,448.900,128,32768,64,16384,noop,0,16384
stress,isl,64,0,38,decode,32,32,0,32,32,0,66.580,378.330,0.490,1,377.840,445.020,128,32768,64,16384,noop,0,16384
stress,isl,64,0,39,decode,32,32,0,32,32,0,68.070,378.140,0.540,1,377.600,446.330,128,32768,64,16384,noop,0,16384
stress,isl,64,0,40,decode,32,32,0,32,32,0,67.590,401.000,0.570,1,400.430,468.700,128,32768,64,16384,noop,0,16384
stress,isl,64,0,41,decode,32,32,0,32,32,0,67.750,386.010,0.470,1,385.540,453.860,128,32768,64,16384,noop,0,16384
stress,isl,64,0,42,decode,32,32,0,32,32,0,67.420,385.210,0.590,1,384.620,452.730,128,32768,64,16384,noop,0,16384
stress,isl,64,0,43,decode,32,32,0,32,32,0,67.870,377.610,0.440,1,377.170,445.610,128,32768,64,16384,noop,0,16384
stress,isl,64,0,44,decode,32,32,0,32,32,0,67.940,377.140,0.540,1,376.600,445.180,128,32768,64,16384,noop,0,16384
stress,isl,64,0,45,decode,32,32,0,32,32,0,66.810,378.720,0.520,1,378.200,445.640,128,32768,64,16384,noop,0,16384
stress,isl,64,0,46,decode,32,32,0,32,32,0,67.200,377.670,0.560,1,377.110,444.960,128,32768,64,16384,noop,0,16384
stress,isl,64,0,47,decode,32,32,0,32,32,0,67.420,399.490,0.520,1,398.970,467.020,128,32768,64,16384,noop,0,16384
stress,isl,64,0,48,decode,32,32,0,32,32,0,68.300,386.740,0.550,1,386.190,455.140,128,32768,64,16384,noop,0,16384
stress,isl,64,0,49,decode,32,32,0,32,32,0,67.780,378.020,0.510,1,377.510,445.900,128,32768,64,16384,noop,0,16384
stress,isl,64,0,50,decode,32,32,0,32,32,0,67.340,384.130,0.500,1,383.630,451.580,128,32768,64,16384,noop,0,16384
stress,isl,64,0,51,decode,32,32,0,32,32,0,67.540,378.480,0.540,1,377.940,446.120,128,32768,64,16384,noop,0,16384
stress,isl,64,0,52,decode,32,32,0,32,32,0,67.610,378.410,0.700,1,377.710,446.110,128,32768,64,16384,noop,0,16384
stress,isl,64,0,53,decode,32,32,0,32,32,0,67.050,377.080,0.490,1,376.590,444.220,128,32768,64,16384,noop,0,16384
stress,isl,64,0,54,decode,32,32,0,32,32,0,68.420,389.240,0.600,1,388.640,457.780,128,32768,64,16384,noop,0,16384
stress,isl,64,0,55,decode,32,32,0,32,32,0,68.260,719.680,0.720,1,718.960,788.020,128,32768,64,16384,noop,0,16384
stress,isl,64,0,56,decode,32,32,0,32,32,0,72.860,397.320,0.650,1,396.670,470.300,128,32768,64,16384,noop,0,16384
stress,isl,64,0,57,decode,32,32,0,32,32,0,68.090,388.750,0.540,1,388.210,456.940,128,32768,64,16384,noop,0,16384
stress,isl,64,0,58,decode,32,32,0,32,32,0,67.950,380.010,0.600,1,379.410,448.080,128,32768,64,16384,noop,0,16384
stress,isl,64,0,59,decode,32,32,0,32,32,0,69.120,386.080,0.570,1,385.510,455.300,128,32768,64,16384,noop,0,16384
stress,isl,64,0,60,decode,32,32,0,32,32,0,68.480,386.680,0.490,1,386.190,455.260,128,32768,64,16384,noop,0,16384
stress,isl,64,0,61,decode,32,32,0,32,32,0,68.350,378.270,0.530,1,377.740,446.710,128,32768,64,16384,noop,0,16384
stress,isl,64,0,62,decode,32,32,0,32,32,0,68.120,398.300,0.500,1,397.800,466.520,128,32768,64,16384,noop,0,16384
stress,isl,64,0,63,decode,32,32,0,32,32,0,67.780,381.130,0.570,1,380.560,449.000,128,32768,64,16384,noop,0,16384
stress,isl,64,0,64,decode,32,32,0,32,32,0,67.360,378.740,0.660,1,378.080,446.220,128,32768,64,16384,noop,0,16384
stress,isl,64,0,65,decode,32,32,0,32,32,0,67.270,378.730,0.580,1,378.150,446.130,128,32768,64,16384,noop,0,16384
stress,isl,64,0,66,decode,32,32,0,32,32,0,67.630,381.370,0.590,1,380.780,449.080,128,32768,64,16384,noop,0,16384
stress,isl,64,0,67,decode,32,32,0,32,32,0,67.870,383.350,0.560,1,382.790,451.310,128,32768,64,16384,noop,0,16384
stress,isl,64,0,68,decode,32,32,0,32,32,0,67.910,378.580,0.510,1,378.070,446.580,128,32768,64,16384,noop,0,16384
stress,isl,64,0,69,decode,32,32,0,32,32,0,67.930,377.180,0.600,1,376.580,445.200,128,32768,64,16384,noop,0,16384
stress,isl,64,0,70,decode,32,32,0,32,32,0,67.660,385.070,0.570,1,384.500,452.830,128,32768,64,16384,noop,0,16384
stress,isl,64,0,71,decode,32,32,0,32,32,0,68.300,378.920,0.590,1,378.330,447.320,128,32768,64,16384,noop,0,16384
stress,isl,64,0,72,decode,32,32,0,32,32,0,68.300,385.440,0.630,1,384.810,453.840,128,32768,64,16384,noop,0,16384
stress,isl,64,0,73,decode,32,32,0,32,32,0,67.870,380.350,0.570,1,379.780,448.310,128,32768,64,16384,noop,0,16384
stress,isl,64,0,74,decode,32,32,0,32,32,0,67.040,379.440,0.540,1,378.900,446.570,128,32768,64,16384,noop,0,16384
stress,isl,64,0,75,decode,32,32,0,32,32,0,67.100,378.860,0.620,1,378.240,446.060,128,32768,64,16384,noop,0,16384
stress,isl,64,0,76,decode,32,32,0,32,32,0,68.230,376.880,0.600,1,376.280,445.220,128,32768,64,16384,noop,0,16384
stress,isl,64,0,77,decode,32,32,0,32,32,0,67.640,397.920,0.690,1,397.230,465.670,128,32768,64,16384,noop,0,16384
stress,isl,64,0,78,decode,32,32,0,32,32,0,67.860,381.220,0.580,1,380.640,449.190,128,32768,64,16384,noop,0,16384
stress,isl,64,0,79,decode,32,32,0,32,32,0,68.600,381.250,0.620,1,380.630,449.950,128,32768,64,16384,noop,0,16384
stress,isl,128,0,0,decode,32,32,0,32,32,0,72.080,402.660,0.540,1,402.120,474.840,128,32768,64,16384,noop,0,16384
stress,isl,128,0,1,decode,32,32,0,32,32,0,70.050,396.600,0.620,1,395.980,466.770,128,32768,64,16384,noop,0,16384
stress,isl,128,0,2,decode,32,32,0,32,32,0,68.930,395.450,0.610,1,394.840,464.480,128,32768,64,16384,noop,0,16384
stress,isl,128,0,3,decode,32,32,0,32,32,0,68.700,400.500,0.690,1,399.810,469.390,128,32768,64,16384,noop,0,16384
stress,isl,128,0,4,decode,32,32,0,32,32,0,68.520,394.040,0.660,1,393.380,462.680,128,32768,64,16384,noop,0,16384
stress,isl,128,0,5,decode,32,32,0,32,32,0,69.020,394.700,0.540,1,394.160,463.800,128,32768,64,16384,noop,0,16384
stress,isl,128,0,6,decode,32,32,0,32,32,0,69.440,412.910,0.730,1,412.180,482.420,128,32768,64,16384,noop,0,16384
stress,isl,128,0,7,decode,32,32,0,32,32,0,70.240,396.840,0.590,1,396.250,467.180,128,32768,64,16384,noop,0,16384
stress,isl,128,0,8,decode,32,32,0,32,32,0,69.950,396.780,0.600,1,396.180,466.840,128,32768,64,16384,noop,0,16384
stress,isl,128,0,9,decode,32,32,0,32,32,0,69.840,392.510,0.560,1,391.950,462.490,128,32768,64,16384,noop,0,16384
stress,isl,128,0,10,decode,32,32,0,32,32,0,69.330,393.010,0.630,1,392.380,462.450,128,32768,64,16384,noop,0,16384
stress,isl,128,0,11,decode,32,32,0,32,32,0,70.380,390.340,0.630,1,389.710,460.820,128,32768,64,16384,noop,0,16384
stress,isl,128,0,12,decode,32,32,0,32,32,0,68.700,390.640,0.650,1,389.990,459.450,128,32768,64,16384,noop,0,16384
stress,isl,128,0,13,decode,32,32,0,32,32,0,69.240,390.190,0.590,1,389.600,459.540,128,32768,64,16384,noop,0,16384
stress,isl,128,0,14,decode,32,32,0,32,32,0,70.130,396.340,0.570,1,395.770,466.570,128,32768,64,16384,noop,0,16384
stress,isl,128,0,15,decode,32,32,0,32,32,0,69.170,390.970,0.610,1,390.360,460.230,128,32768,64,16384,noop,0,16384
stress,isl,128,0,16,decode,32,32,0,32,32,0,68.460,391.970,0.590,1,391.380,460.530,128,32768,64,16384,noop,0,16384
stress,isl,128,0,17,decode,32,32,0,32,32,0,67.720,394.260,0.520,1,393.740,462.090,128,32768,64,16384,noop,0,16384
stress,isl,128,0,18,decode,32,32,0,32,32,0,68.990,392.080,0.560,1,391.520,461.180,128,32768,64,16384,noop,0,16384
stress,isl,128,0,19,decode,32,32,0,32,32,0,69.010,398.800,0.550,1,398.250,467.920,128,32768,64,16384,noop,0,16384
stress,isl,128,0,20,decode,32,32,0,32,32,0,68.400,392.430,0.590,1,391.840,460.930,128,32768,64,16384,noop,0,16384
stress,isl,128,0,21,decode,32,32,0,32,32,0,68.950,479.680,0.660,1,479.020,548.740,128,32768,64,16384,noop,0,16384
stress,isl,128,0,22,decode,32,32,0,32,32,0,70.130,400.390,0.740,1,399.650,470.610,128,32768,64,16384,noop,0,16384
stress,isl,128,0,23,decode,32,32,0,32,32,0,69.480,391.740,0.580,1,391.160,461.330,128,32768,64,16384,noop,0,16384
stress,isl,128,0,24,decode,32,32,0,32,32,0,67.970,393.830,0.560,1,393.270,461.910,128,32768,64,16384,noop,0,16384
stress,isl,128,0,25,decode,32,32,0,32,32,0,67.640,395.590,0.560,1,395.030,463.350,128,32768,64,16384,noop,0,16384
stress,isl,128,0,26,decode,32,32,0,32,32,0,68.550,393.160,0.630,1,392.530,461.810,128,32768,64,16384,noop,0,16384
stress,isl,128,0,27,decode,32,32,0,32,32,0,67.640,390.510,0.470,1,390.040,458.270,128,32768,64,16384,noop,0,16384
stress,isl,128,0,28,decode,32,32,0,32,32,0,69.280,411.990,0.570,1,411.420,481.370,128,32768,64,16384,noop,0,16384
stress,isl,128,0,29,decode,32,32,0,32,32,0,68.740,392.810,0.680,1,392.130,461.650,128,32768,64,16384,noop,0,16384
stress,isl,128,0,30,decode,32,32,0,32,32,0,68.730,389.240,0.590,1,388.650,458.080,128,32768,64,16384,noop,0,16384
stress,isl,128,0,31,decode,32,32,0,32,32,0,68.030,392.320,0.630,1,391.690,460.460,128,32768,64,16384,noop,0,16384
stress,isl,128,0,32,decode,32,32,0,32,32,0,69.020,389.700,0.610,1,389.090,458.830,128,32768,64,16384,noop,0,16384
stress,isl,128,0,33,decode,32,32,0,32,32,0,69.200,387.470,0.570,1,386.900,456.770,128,32768,64,16384,noop,0,16384
stress,isl,128,0,34,decode,32,32,0,32,32,0,68.450,397.340,0.640,1,396.700,465.940,128,32768,64,16384,noop,0,16384
stress,isl,128,0,35,decode,32,32,0,32,32,0,68.840,395.170,0.540,1,394.630,464.120,128,32768,64,16384,noop,0,16384
stress,isl,128,0,36,decode,32,32,0,32,32,0,67.330,409.940,0.670,1,409.270,477.370,128,32768,64,16384,noop,0,16384
stress,isl,128,0,37,decode,32,32,0,32,32,0,69.170,392.300,0.530,1,391.770,461.560,128,32768,64,16384,noop,0,16384
stress,isl,128,0,38,decode,32,32,0,32,32,0,67.960,394.000,0.560,1,393.440,462.070,128,32768,64,16384,noop,0,16384
stress,isl,128,0,39,decode,32,32,0,32,32,0,68.560,390.040,0.550,1,389.490,458.710,128,32768,64,16384,noop,0,16384
stress,isl,128,0,40,decode,32,32,0,32,32,0,68.500,387.300,0.590,1,386.710,455.870,128,32768,64,16384,noop,0,16384
stress,isl,128,0,41,decode,32,32,0,32,32,0,68.400,388.770,0.590,1,388.180,457.270,128,32768,64,16384,noop,0,16384
stress,isl,128,0,42,decode,32,32,0,32,32,0,68.930,388.790,0.560,1,388.230,457.790,128,32768,64,16384,noop,0,16384
stress,isl,128,0,43,decode,32,32,0,32,32,0,68.250,407.290,0.630,1,406.660,475.630,128,32768,64,16384,noop,0,16384
stress,isl,128,0,44,decode,32,32,0,32,32,0,69.660,391.600,0.560,1,391.040,461.380,128,32768,64,16384,noop,0,16384
stress,isl,128,0,45,decode,32,32,0,32,32,0,69.070,390.580,0.560,1,390.020,459.760,128,32768,64,16384,noop,0,16384
stress,isl,128,0,46,decode,32,32,0,32,32,0,68.780,389.520,0.590,1,388.930,458.410,128,32768,64,16384,noop,0,16384
stress,isl,128,0,47,decode,32,32,0,32,32,0,69.240,388.570,0.630,1,387.940,457.910,128,32768,64,16384,noop,0,16384
stress,isl,128,0,48,decode,32,32,0,32,32,0,68.600,394.120,0.640,1,393.480,462.820,128,32768,64,16384,noop,0,16384
stress,isl,128,0,49,decode,32,32,0,32,32,0,69.540,398.920,0.650,1,398.270,468.580,128,32768,64,16384,noop,0,16384
stress,isl,128,0,50,decode,32,32,0,32,32,0,68.290,386.030,0.530,1,385.500,454.430,128,32768,64,16384,noop,0,16384
stress,isl,128,0,51,decode,32,32,0,32,32,0,66.890,396.000,0.590,1,395.410,462.990,128,32768,64,16384,noop,0,16384
stress,isl,128,0,52,decode,32,32,0,32,32,0,68.300,383.270,0.560,1,382.710,451.670,128,32768,64,16384,noop,0,16384
stress,isl,128,0,53,decode,32,32,0,32,32,0,67.650,380.530,0.460,1,380.070,448.280,128,32768,64,16384,noop,0,16384
stress,isl,128,0,54,decode,32,32,0,32,32,0,68.100,380.970,0.560,1,380.410,449.150,128,32768,64,16384,noop,0,16384
stress,isl,128,0,55,decode,32,32,0,32,32,0,67.060,378.700,0.580,1,378.120,445.870,128,32768,64,16384,noop,0,16384
stress,isl,128,0,56,decode,32,32,0,32,32,0,66.920,380.030,0.480,1,379.550,447.050,128,32768,64,16384,noop,0,16384
stress,isl,128,0,57,decode,32,32,0,32,32,0,66.990,380.940,0.600,1,380.340,448.050,128,32768,64,16384,noop,0,16384
stress,isl,128,0,58,decode,32,32,0,32,32,0,68.130,393.400,0.530,1,392.870,461.620,128,32768,64,16384,noop,0,16384
stress,isl,128,0,59,decode,32,32,0,32,32,0,68.630,385.550,0.570,1,384.980,454.280,128,32768,64,16384,noop,0,16384
stress,isl,128,0,60,decode,32,32,0,32,32,0,67.970,381.520,0.580,1,380.940,449.610,128,32768,64,16384,noop,0,16384
stress,isl,128,0,61,decode,32,32,0,32,32,0,67.530,381.780,0.560,1,381.220,449.420,128,32768,64,16384,noop,0,16384
stress,isl,128,0,62,decode,32,32,0,32,32,0,66.600,378.670,0.490,1,378.180,445.390,128,32768,64,16384,noop,0,16384
stress,isl,128,0,63,decode,32,32,0,32,32,0,66.170,381.540,0.510,1,381.030,447.810,128,32768,64,16384,noop,0,16384
stress,isl,128,0,64,decode,32,32,0,32,32,0,67.260,379.510,0.630,1,378.880,446.850,128,32768,64,16384,noop,0,16384
stress,isl,128,0,65,decode,32,32,0,32,32,0,68.410,377.520,0.560,1,376.960,446.050,128,32768,64,16384,noop,0,16384
stress,isl,128,0,66,decode,32,32,0,32,32,0,67.750,402.640,0.600,1,402.040,470.510,128,32768,64,16384,noop,0,16384
stress,isl,128,0,67,decode,32,32,0,32,32,0,69.390,389.290,0.510,1,388.780,458.790,128,32768,64,16384,noop,0,16384
stress,isl,128,0,68,decode,32,32,0,32,32,0,68.180,385.050,0.580,1,384.470,453.330,128,32768,64,16384,noop,0,16384
stress,isl,128,0,69,decode,32,32,0,32,32,0,67.350,381.380,0.520,1,380.860,448.850,128,32768,64,16384,noop,0,16384
stress,isl,128,0,70,decode,32,32,0,32,32,0,67.220,379.450,0.570,1,378.880,446.770,128,32768,64,16384,noop,0,16384
stress,isl,128,0,71,decode,32,32,0,32,32,0,67.680,377.910,0.550,1,377.360,445.690,128,32768,64,16384,noop,0,16384
stress,isl,128,0,72,decode,32,32,0,32,32,0,66.430,378.080,0.600,1,377.480,444.620,128,32768,64,16384,noop,0,16384
stress,isl,128,0,73,decode,32,32,0,32,32,0,66.880,380.770,0.560,1,380.210,447.750,128,32768,64,16384,noop,0,16384
stress,isl,128,0,74,decode,32,32,0,32,32,0,68.060,402.920,0.620,1,402.300,471.100,128,32768,64,16384,noop,0,16384
stress,isl,128,0,75,decode,32,32,0,32,32,0,67.810,387.490,0.620,1,386.870,455.400,128,32768,64,16384,noop,0,16384
stress,isl,128,0,76,decode,32,32,0,32,32,0,68.830,380.130,0.520,1,379.610,449.070,128,32768,64,16384,noop,0,16384
stress,isl,128,0,77,decode,32,32,0,32,32,0,68.640,379.430,0.490,1,378.940,448.160,128,32768,64,16384,noop,0,16384
stress,isl,128,0,78,decode,32,32,0,32,32,0,68.300,384.750,0.500,1,384.250,453.120,128,32768,64,16384,noop,0,16384
stress,isl,128,0,79,decode,32,32,0,32,32,0,67.760,378.710,0.620,1,378.090,446.550,128,32768,64,16384,noop,0,16384
stress,isl,256,0,0,decode,32,32,0,32,32,0,71.720,404.850,0.610,1,404.240,476.670,128,32768,64,16384,noop,0,16384
stress,isl,256,0,1,decode,32,32,0,32,32,0,69.460,399.400,0.600,1,398.800,468.960,128,32768,64,16384,noop,0,16384
stress,isl,256,0,2,decode,32,32,0,32,32,0,69.630,407.220,0.590,1,406.630,476.940,128,32768,64,16384,noop,0,16384
stress,isl,256,0,3,decode,32,32,0,32,32,0,70.360,395.680,0.540,1,395.140,466.140,128,32768,64,16384,noop,0,16384
stress,isl,256,0,4,decode,32,32,0,32,32,0,70.200,395.700,0.520,1,395.180,466.010,128,32768,64,16384,noop,0,16384
stress,isl,256,0,5,decode,32,32,0,32,32,0,69.060,398.380,0.460,1,397.920,467.550,128,32768,64,16384,noop,0,16384
stress,isl,256,0,6,decode,32,32,0,32,32,0,68.750,393.540,0.610,1,392.930,462.380,128,32768,64,16384,noop,0,16384
stress,isl,256,0,7,decode,32,32,0,32,32,0,69.530,391.740,0.580,1,391.160,461.380,128,32768,64,16384,noop,0,16384
stress,isl,256,0,8,decode,32,32,0,32,32,0,68.610,394.080,0.610,1,393.470,462.790,128,32768,64,16384,noop,0,16384
stress,isl,256,0,9,decode,32,32,0,32,32,0,68.890,413.260,0.660,1,412.600,482.230,128,32768,64,16384,noop,0,16384
stress,isl,256,0,10,decode,32,32,0,32,32,0,70.620,396.190,0.580,1,395.610,466.910,128,32768,64,16384,noop,0,16384
stress,isl,256,0,11,decode,32,32,0,32,32,0,69.490,391.030,0.530,1,390.500,460.620,128,32768,64,16384,noop,0,16384
stress,isl,256,0,12,decode,32,32,0,32,32,0,68.520,393.520,0.620,1,392.900,462.160,128,32768,64,16384,noop,0,16384
stress,isl,256,0,13,decode,32,32,0,32,32,0,68.840,392.270,0.690,1,391.580,461.240,128,32768,64,16384,noop,0,16384
stress,isl,256,0,14,decode,32,32,0,32,32,0,68.240,394.110,0.550,1,393.560,462.430,128,32768,64,16384,noop,0,16384
stress,isl,256,0,15,decode,32,32,0,32,32,0,68.200,391.540,0.640,1,390.900,459.810,128,32768,64,16384,noop,0,16384
stress,isl,256,0,16,decode,32,32,0,32,32,0,68.790,407.240,0.640,1,406.600,476.140,128,32768,64,16384,noop,0,16384
stress,isl,256,0,17,decode,32,32,0,32,32,0,70.320,399.410,0.630,1,398.780,469.810,128,32768,64,16384,noop,0,16384
stress,isl,256,0,18,decode,32,32,0,32,32,0,69.480,392.940,0.600,1,392.340,462.530,128,32768,64,16384,noop,0,16384
stress,isl,256,0,19,decode,32,32,0,32,32,0,69.350,390.730,0.600,1,390.130,460.180,128,32768,64,16384,noop,0,16384
stress,isl,256,0,20,decode,32,32,0,32,32,0,68.590,392.710,0.610,1,392.100,461.390,128,32768,64,16384,noop,0,16384
stress,isl,256,0,21,decode,32,32,0,32,32,0,70.220,389.710,0.630,1,389.080,460.000,128,32768,64,16384,noop,0,16384
stress,isl,256,0,22,decode,32,32,0,32,32,0,68.230,391.650,0.600,1,391.050,459.970,128,32768,64,16384,noop,0,16384
stress,isl,256,0,23,decode,32,32,0,32,32,0,69.410,392.400,0.640,1,391.760,461.910,128,32768,64,16384,noop,0,16384
stress,isl,256,0,24,decode,32,32,0,32,32,0,69.000,416.340,0.700,1,415.640,485.440,128,32768,64,16384,noop,0,16384
stress,isl,256,0,25,decode,32,32,0,32,32,0,69.270,391.800,0.570,1,391.230,461.170,128,32768,64,16384,noop,0,16384
stress,isl,256,0,26,decode,32,32,0,32,32,0,69.590,390.180,0.540,1,389.640,459.850,128,32768,64,16384,noop,0,16384
stress,isl,256,0,27,decode,32,32,0,32,32,0,320.360,455.090,0.670,1,454.420,775.570,128,32768,64,16384,noop,0,16384
stress,isl,256,0,28,decode,32,32,0,32,32,0,72.900,404.090,0.590,1,403.500,477.100,128,32768,64,16384,noop,0,16384
stress,isl,256,0,29,decode,32,32,0,32,32,0,70.760,398.330,0.570,1,397.760,469.200,128,32768,64,16384,noop,0,16384
stress,isl,256,0,30,decode,32,32,0,32,32,0,80.300,411.770,0.640,1,411.130,492.210,128,32768,64,16384,noop,0,16384
stress,isl,256,0,31,decode,32,32,0,32,32,0,73.670,417.660,0.660,1,417.000,491.420,128,32768,64,16384,noop,0,16384
stress,isl,256,0,32,decode,32,32,0,32,32,0,70.610,399.440,0.540,1,398.900,470.180,128,32768,64,16384,noop,0,16384
stress,isl,256,0,33,decode,32,32,0,32,32,0,70.400,407.160,0.600,1,406.560,477.680,128,32768,64,16384,noop,0,16384
stress,isl,256,0,34,decode,32,32,0,32,32,0,70.560,407.710,0.650,1,407.060,478.370,128,32768,64,16384,noop,0,16384
stress,isl,256,0,35,decode,32,32,0,32,32,0,69.810,396.180,0.670,1,395.510,466.090,128,32768,64,16384,noop,0,16384
stress,isl,256,0,36,decode,32,32,0,32,32,0,69.350,390.880,0.570,1,390.310,460.330,128,32768,64,16384,noop,0,16384
stress,isl,256,0,37,decode,32,32,0,32,32,0,68.840,392.370,0.600,1,391.770,461.280,128,32768,64,16384,noop,0,16384
stress,isl,256,0,38,decode,32,32,0,32,32,0,69.370,415.910,0.690,1,415.220,485.390,128,32768,64,16384,noop,0,16384
stress,isl,256,0,39,decode,32,32,0,32,32,0,70.320,393.660,0.640,1,393.020,464.110,128,32768,64,16384,noop,0,16384
stress,isl,256,0,40,decode,32,32,0,32,32,0,69.190,394.520,0.520,1,394.000,463.800,128,32768,64,16384,noop,0,16384
stress,isl,256,0,41,decode,32,32,0,32,32,0,70.310,393.840,0.630,1,393.210,464.260,128,32768,64,16384,noop,0,16384
stress,isl,256,0,42,decode,32,32,0,32,32,0,68.730,392.720,0.570,1,392.150,461.520,128,32768,64,16384,noop,0,16384
stress,isl,256,0,43,decode,32,32,0,32,32,0,69.420,393.020,0.620,1,392.400,462.520,128,32768,64,16384,noop,0,16384
stress,isl,256,0,44,decode,32,32,0,32,32,0,69.750,393.700,0.550,1,393.150,463.550,128,32768,64,16384,noop,0,16384
stress,isl,256,0,45,decode,32,32,0,32,32,0,69.430,415.640,0.590,1,415.050,485.180,128,32768,64,16384,noop,0,16384
stress,isl,256,0,46,decode,32,32,0,32,32,0,69.960,399.280,0.570,1,398.710,469.330,128,32768,64,16384,noop,0,16384
stress,isl,256,0,47,decode,32,32,0,32,32,0,70.040,392.800,0.590,1,392.210,462.910,128,32768,64,16384,noop,0,16384
stress,isl,256,0,48,decode,32,32,0,32,32,0,70.170,400.530,0.660,1,399.870,470.800,128,32768,64,16384,noop,0,16384
stress,isl,256,0,49,decode,32,32,0,32,32,0,69.160,394.260,0.550,1,393.710,463.540,128,32768,64,16384,noop,0,16384
stress,isl,256,0,50,decode,32,32,0,32,32,0,68.360,386.480,0.620,1,385.860,454.950,128,32768,64,16384,noop,0,16384
stress,isl,256,0,51,decode,32,32,0,32,32,0,68.080,386.030,0.620,1,385.410,454.220,128,32768,64,16384,noop,0,16384
stress,isl,256,0,52,decode,32,32,0,32,32,0,70.370,390.150,0.670,1,389.480,460.630,128,32768,64,16384,noop,0,16384
stress,isl,256,0,53,decode,32,32,0,32,32,0,68.980,393.750,0.590,1,393.160,462.830,128,32768,64,16384,noop,0,16384
stress,isl,256,0,54,decode,32,32,0,32,32,0,70.120,385.440,0.550,1,384.890,455.630,128,32768,64,16384,noop,0,16384
stress,isl,256,0,55,decode,32,32,0,32,32,0,68.850,385.410,0.540,1,384.870,454.350,128,32768,64,16384,noop,0,16384
stress,isl,256,0,56,decode,32,32,0,32,32,0,68.620,385.120,0.620,1,384.500,453.840,128,32768,64,16384,noop,0,16384
stress,isl,256,0,57,decode,32,32,0,32,32,0,68.690,385.620,0.580,1,385.040,454.400,128,32768,64,16384,noop,0,16384
stress,isl,256,0,58,decode,32,32,0,32,32,0,68.780,384.560,0.600,1,383.960,453.460,128,32768,64,16384,noop,0,16384
stress,isl,256,0,59,decode,32,32,0,32,32,0,69.720,385.040,0.580,1,384.460,454.860,128,32768,64,16384,noop,0,16384
stress,isl,256,0,60,decode,32,32,0,32,32,0,68.860,400.980,0.590,1,400.390,469.940,128,32768,64,16384,noop,0,16384
stress,isl,256,0,61,decode,32,32,0,32,32,0,69.540,385.400,0.560,1,384.840,455.030,128,32768,64,16384,noop,0,16384
stress,isl,256,0,62,decode,32,32,0,32,32,0,68.680,381.490,0.610,1,380.880,450.240,128,32768,64,16384,noop,0,16384
stress,isl,256,0,63,decode,32,32,0,32,32,0,69.010,381.470,0.640,1,380.830,450.570,128,32768,64,16384,noop,0,16384
stress,isl,256,0,64,decode,32,32,0,32,32,0,67.910,381.660,0.690,1,380.970,449.680,128,32768,64,16384,noop,0,16384
stress,isl,256,0,65,decode,32,32,0,32,32,0,68.490,380.390,0.570,1,379.820,448.990,128,32768,64,16384,noop,0,16384
stress,isl,256,0,66,decode,32,32,0,32,32,0,68.430,380.620,0.670,1,379.950,449.150,128,32768,64,16384,noop,0,16384
stress,isl,256,0,67,decode,32,32,0,32,32,0,68.630,381.850,0.600,1,381.250,450.600,128,32768,64,16384,noop,0,16384
stress,isl,256,0,68,decode,32,32,0,32,32,0,76.790,393.620,0.660,1,392.960,470.500,128,32768,64,16384,noop,0,16384
stress,isl,256,0,69,decode,32,32,0,32,32,0,69.350,383.920,0.520,1,383.400,453.370,128,32768,64,16384,noop,0,16384
stress,isl,256,0,70,decode,32,32,0,32,32,0,68.690,383.590,0.610,1,382.980,452.350,128,32768,64,16384,noop,0,16384
stress,isl,256,0,71,decode,32,32,0,32,32,0,69.610,384.010,0.630,1,383.380,453.710,128,32768,64,16384,noop,0,16384
stress,isl,256,0,72,decode,32,32,0,32,32,0,68.300,383.970,0.620,1,383.350,452.350,128,32768,64,16384,noop,0,16384
stress,isl,256,0,73,decode,32,32,0,32,32,0,68.710,381.230,0.510,1,380.720,450.040,128,32768,64,16384,noop,0,16384
stress,isl,256,0,74,decode,32,32,0,32,32,0,69.270,381.310,0.590,1,380.720,450.690,128,32768,64,16384,noop,0,16384
stress,isl,256,0,75,decode,32,32,0,32,32,0,68.030,392.670,0.610,1,392.060,460.800,128,32768,64,16384,noop,0,16384
stress,isl,256,0,76,decode,32,32,0,32,32,0,69.370,386.850,0.600,1,386.250,456.320,128,32768,64,16384,noop,0,16384
stress,isl,256,0,77,decode,32,32,0,32,32,0,68.320,385.130,0.650,1,384.480,453.540,128,32768,64,16384,noop,0,16384
stress,isl,256,0,78,decode,32,32,0,32,32,0,70.980,395.010,0.600,1,394.410,466.100,128,32768,64,16384,noop,0,16384
stress,isl,256,0,79,decode,32,32,0,32,32,0,70.400,381.460,0.640,1,380.820,451.960,128,32768,64,16384,noop,0,16384
stress,isl,512,0,0,decode,32,32,0,32,32,0,70.820,407.360,0.720,1,406.640,478.280,128,32768,64,16384,noop,0,16384
stress,isl,512,0,1,decode,32,32,0,32,32,0,71.170,400.810,0.640,1,400.170,472.090,128,32768,64,16384,noop,0,16384
stress,isl,512,0,2,decode,32,32,0,32,32,0,71.540,417.840,0.650,1,417.190,489.460,128,32768,64,16384,noop,0,16384
stress,isl,512,0,3,decode,32,32,0,32,32,0,72.260,409.230,0.700,1,408.530,481.600,128,32768,64,16384,noop,0,16384
stress,isl,512,0,4,decode,32,32,0,32,32,0,71.200,401.010,0.660,1,400.350,472.310,128,32768,64,16384,noop,0,16384
stress,isl,512,0,5,decode,32,32,0,32,32,0,71.020,399.540,0.530,1,399.010,470.660,128,32768,64,16384,noop,0,16384
stress,isl,512,0,6,decode,32,32,0,32,32,0,71.200,398.420,0.500,1,397.920,469.710,128,32768,64,16384,noop,0,16384
stress,isl,512,0,7,decode,32,32,0,32,32,0,70.430,398.640,0.610,1,398.030,469.160,128,32768,64,16384,noop,0,16384
stress,isl,512,0,8,decode,32,32,0,32,32,0,69.400,398.120,0.660,1,397.460,467.620,128,32768,64,16384,noop,0,16384
stress,isl,512,0,9,decode,32,32,0,32,32,0,69.090,397.500,0.590,1,396.910,466.700,128,32768,64,16384,noop,0,16384
stress,isl,512,0,10,decode,32,32,0,32,32,0,71.350,415.510,0.640,1,414.870,486.970,128,32768,64,16384,noop,0,16384
stress,isl,512,0,11,decode,32,32,0,32,32,0,71.190,397.320,0.590,1,396.730,468.620,128,32768,64,16384,noop,0,16384
stress,isl,512,0,12,decode,32,32,0,32,32,0,71.200,395.540,0.620,1,394.920,466.830,128,32768,64,16384,noop,0,16384
stress,isl,512,0,13,decode,32,32,0,32,32,0,71.930,401.120,0.680,1,400.440,473.170,128,32768,64,16384,noop,0,16384
stress,isl,512,0,14,decode,32,32,0,32,32,0,70.680,398.770,0.640,1,398.130,469.540,128,32768,64,16384,noop,0,16384
stress,isl,512,0,15,decode,32,32,0,32,32,0,71.180,394.550,0.650,1,393.900,465.830,128,32768,64,16384,noop,0,16384
stress,isl,512,0,16,decode,32,32,0,32,32,0,69.780,397.140,0.680,1,396.460,467.010,128,32768,64,16384,noop,0,16384
stress,isl,512,0,17,decode,32,32,0,32,32,0,70.490,415.160,0.520,1,414.640,485.750,128,32768,64,16384,noop,0,16384
stress,isl,512,0,18,decode,32,32,0,32,32,0,70.740,399.690,0.530,1,399.160,470.530,128,32768,64,16384,noop,0,16384
stress,isl,512,0,19,decode,32,32,0,32,32,0,70.360,396.390,0.580,1,395.810,466.840,128,32768,64,16384,noop,0,16384
stress,isl,512,0,20,decode,32,32,0,32,32,0,71.200,400.270,0.570,1,399.700,471.570,128,32768,64,16384,noop,0,16384
stress,isl,512,0,21,decode,32,32,0,32,32,0,70.520,399.320,0.620,1,398.700,469.930,128,32768,64,16384,noop,0,16384
stress,isl,512,0,22,decode,32,32,0,32,32,0,71.050,398.950,0.650,1,398.300,470.090,128,32768,64,16384,noop,0,16384
stress,isl,512,0,23,decode,32,32,0,32,32,0,69.220,397.670,0.550,1,397.120,466.980,128,32768,64,16384,noop,0,16384
stress,isl,512,0,24,decode,32,32,0,32,32,0,70.370,394.560,0.610,1,393.950,465.050,128,32768,64,16384,noop,0,16384
stress,isl,512,0,25,decode,32,32,0,32,32,0,71.000,408.760,0.660,1,408.100,479.870,128,32768,64,16384,noop,0,16384
stress,isl,512,0,26,decode,32,32,0,32,32,0,70.660,399.550,0.560,1,398.990,470.290,128,32768,64,16384,noop,0,16384
stress,isl,512,0,27,decode,32,32,0,32,32,0,70.430,398.810,0.610,1,398.200,469.340,128,32768,64,16384,noop,0,16384
stress,isl,512,0,28,decode,32,32,0,32,32,0,285.870,455.150,0.660,1,454.490,741.250,128,32768,64,16384,noop,0,16384
stress,isl,512,0,29,decode,32,32,0,32,32,0,72.910,408.390,0.690,1,407.700,481.430,128,32768,64,16384,noop,0,16384
stress,isl,512,0,30,decode,32,32,0,32,32,0,72.080,399.300,0.600,1,398.700,471.490,128,32768,64,16384,noop,0,16384
stress,isl,512,0,31,decode,32,32,0,32,32,0,71.280,413.370,0.680,1,412.690,484.800,128,32768,64,16384,noop,0,16384
stress,isl,512,0,32,decode,32,32,0,32,32,0,72.320,404.140,0.500,1,403.640,476.590,128,32768,64,16384,noop,0,16384
stress,isl,512,0,33,decode,32,32,0,32,32,0,71.180,413.970,0.660,1,413.310,485.320,128,32768,64,16384,noop,0,16384
stress,isl,512,0,34,decode,32,32,0,32,32,0,71.910,401.860,0.610,1,401.250,473.930,128,32768,64,16384,noop,0,16384
stress,isl,512,0,35,decode,32,32,0,32,32,0,70.230,399.030,0.630,1,398.400,469.380,128,32768,64,16384,noop,0,16384
stress,isl,512,0,36,decode,32,32,0,32,32,0,71.210,396.800,0.660,1,396.140,468.170,128,32768,64,16384,noop,0,16384
stress,isl,512,0,37,decode,32,32,0,32,32,0,70.550,407.070,0.620,1,406.450,477.740,128,32768,64,16384,noop,0,16384
stress,isl,512,0,38,decode,32,32,0,32,32,0,70.840,398.910,0.550,1,398.360,469.910,128,32768,64,16384,noop,0,16384
stress,isl,512,0,39,decode,32,32,0,32,32,0,72.220,408.930,0.640,1,408.290,481.310,128,32768,64,16384,noop,0,16384
stress,isl,512,0,40,decode,32,32,0,32,32,0,70.910,398.680,0.650,1,398.030,469.730,128,32768,64,16384,noop,0,16384
stress,isl,512,0,41,decode,32,32,0,32,32,0,71.150,400.880,0.650,1,400.230,472.140,128,32768,64,16384,noop,0,16384
stress,isl,512,0,42,decode,32,32,0,32,32,0,72.140,399.400,0.630,1,398.770,471.650,128,32768,64,16384,noop,0,16384
stress,isl,512,0,43,decode,32,32,0,32,32,0,71.540,395.880,0.570,1,395.310,467.530,128,32768,64,16384,noop,0,16384
stress,isl,512,0,44,decode,32,32,0,32,32,0,71.300,398.970,0.660,1,398.310,470.360,128,32768,64,16384,noop,0,16384
stress,isl,512,0,45,decode,32,32,0,32,32,0,71.710,399.160,0.630,1,398.530,470.970,128,32768,64,16384,noop,0,16384
stress,isl,512,0,46,decode,32,32,0,32,32,0,72.100,420.380,0.730,1,419.650,492.570,128,32768,64,16384,noop,0,16384
stress,isl,512,0,47,decode,32,32,0,32,32,0,71.850,398.790,0.710,1,398.080,470.730,128,32768,64,16384,noop,0,16384
stress,isl,512,0,48,decode,32,32,0,32,32,0,71.750,401.720,0.590,1,401.130,473.580,128,32768,64,16384,noop,0,16384
stress,isl,512,0,49,decode,32,32,0,32,32,0,71.560,399.990,0.580,1,399.410,471.650,128,32768,64,16384,noop,0,16384
stress,isl,512,0,50,decode,32,32,0,32,32,0,70.530,387.120,0.580,1,386.540,457.740,128,32768,64,16384,noop,0,16384
stress,isl,512,0,51,decode,32,32,0,32,32,0,69.120,386.640,0.610,1,386.030,455.830,128,32768,64,16384,noop,0,16384
stress,isl,512,0,52,decode,32,32,0,32,32,0,70.360,387.370,0.650,1,386.720,457.830,128,32768,64,16384,noop,0,16384
stress,isl,512,0,53,decode,32,32,0,32,32,0,68.750,398.960,0.680,1,398.280,467.820,128,32768,64,16384,noop,0,16384
stress,isl,512,0,54,decode,32,32,0,32,32,0,70.360,390.030,0.590,1,389.440,460.480,128,32768,64,16384,noop,0,16384
stress,isl,512,0,55,decode,32,32,0,32,32,0,69.900,384.790,0.660,1,384.130,454.790,128,32768,64,16384,noop,0,16384
stress,isl,512,0,56,decode,32,32,0,32,32,0,69.820,384.530,0.600,1,383.930,454.470,128,32768,64,16384,noop,0,16384
stress,isl,512,0,57,decode,32,32,0,32,32,0,70.410,387.300,0.640,1,386.660,457.830,128,32768,64,16384,noop,0,16384
stress,isl,512,0,58,decode,32,32,0,32,32,0,69.730,385.430,0.550,1,384.880,455.230,128,32768,64,16384,noop,0,16384
stress,isl,512,0,59,decode,32,32,0,32,32,0,70.620,383.780,0.620,1,383.160,454.520,128,32768,64,16384,noop,0,16384
stress,isl,512,0,60,decode,32,32,0,32,32,0,69.950,387.870,0.680,1,387.190,457.950,128,32768,64,16384,noop,0,16384
stress,isl,512,0,61,decode,32,32,0,32,32,0,69.760,398.730,0.530,1,398.200,468.580,128,32768,64,16384,noop,0,16384
stress,isl,512,0,62,decode,32,32,0,32,32,0,71.210,395.640,0.620,1,395.020,466.960,128,32768,64,16384,noop,0,16384
stress,isl,512,0,63,decode,32,32,0,32,32,0,70.070,391.160,0.620,1,390.540,461.390,128,32768,64,16384,noop,0,16384
stress,isl,512,0,64,decode,32,32,0,32,32,0,70.360,384.000,0.560,1,383.440,454.500,128,32768,64,16384,noop,0,16384
stress,isl,512,0,65,decode,32,32,0,32,32,0,69.870,386.930,0.590,1,386.340,456.960,128,32768,64,16384,noop,0,16384
stress,isl,512,0,66,decode,32,32,0,32,32,0,70.820,384.910,0.570,1,384.340,455.850,128,32768,64,16384,noop,0,16384
stress,isl,512,0,67,decode,32,32,0,32,32,0,68.420,386.930,0.580,1,386.350,455.470,128,32768,64,16384,noop,0,16384
stress,isl,512,0,68,decode,32,32,0,32,32,0,69.350,411.280,0.620,1,410.660,480.800,128,32768,64,16384,noop,0,16384
stress,isl,512,0,69,decode,32,32,0,32,32,0,70.050,391.380,0.510,1,390.870,461.560,128,32768,64,16384,noop,0,16384
stress,isl,512,0,70,decode,32,32,0,32,32,0,69.620,386.220,0.640,1,385.580,455.990,128,32768,64,16384,noop,0,16384
stress,isl,512,0,71,decode,32,32,0,32,32,0,68.860,383.890,0.630,1,383.260,452.930,128,32768,64,16384,noop,0,16384
stress,isl,512,0,72,decode,32,32,0,32,32,0,68.610,387.150,0.570,1,386.580,455.910,128,32768,64,16384,noop,0,16384
stress,isl,512,0,73,decode,32,32,0,32,32,0,70.250,385.310,0.610,1,384.700,455.640,128,32768,64,16384,noop,0,16384
stress,isl,512,0,74,decode,32,32,0,32,32,0,70.260,384.480,0.630,1,383.850,454.830,128,32768,64,16384,noop,0,16384
stress,isl,512,0,75,decode,32,32,0,32,32,0,69.280,385.560,0.540,1,385.020,454.950,128,32768,64,16384,noop,0,16384
stress,isl,512,0,76,decode,32,32,0,32,32,0,68.870,400.220,0.640,1,399.580,469.270,128,32768,64,16384,noop,0,16384
stress,isl,512,0,77,decode,32,32,0,32,32,0,69.330,388.730,0.570,1,388.160,458.170,128,32768,64,16384,noop,0,16384
stress,isl,512,0,78,decode,32,32,0,32,32,0,68.870,389.420,0.570,1,388.850,458.450,128,32768,64,16384,noop,0,16384
stress,isl,512,0,79,decode,32,32,0,32,32,0,70.120,388.330,0.560,1,387.770,458.610,128,32768,64,16384,noop,0,16384
stress,isl,1024,0,0,decode,32,32,0,32,32,0,76.880,418.830,0.600,1,418.230,495.890,128,32768,64,16384,noop,0,16384
stress,isl,1024,0,1,decode,32,32,0,32,32,0,71.400,406.770,0.670,1,406.100,478.290,128,32768,64,16384,noop,0,16384
stress,isl,1024,0,2,decode,32,32,0,32,32,0,70.830,399.860,0.660,1,399.200,470.810,128,32768,64,16384,noop,0,16384
stress,isl,1024,0,3,decode,32,32,0,32,32,0,70.460,425.640,0.630,1,425.010,496.210,128,32768,64,16384,noop,0,16384
stress,isl,1024,0,4,decode,32,32,0,32,32,0,70.840,400.490,0.640,1,399.850,471.450,128,32768,64,16384,noop,0,16384
stress,isl,1024,0,5,decode,32,32,0,32,32,0,71.150,402.150,0.600,1,401.550,473.420,128,32768,64,16384,noop,0,16384
stress,isl,1024,0,6,decode,32,32,0,32,32,0,70.220,401.580,0.630,1,400.950,471.910,128,32768,64,16384,noop,0,16384
stress,isl,1024,0,7,decode,32,32,0,32,32,0,71.120,396.240,0.600,1,395.640,467.480,128,32768,64,16384,noop,0,16384
stress,isl,1024,0,8,decode,32,32,0,32,32,0,70.110,399.990,0.680,1,399.310,470.200,128,32768,64,16384,noop,0,16384
stress,isl,1024,0,9,decode,32,32,0,32,32,0,70.630,399.680,0.660,1,399.020,470.440,128,32768,64,16384,noop,0,16384
stress,isl,1024,0,10,decode,32,32,0,32,32,0,70.250,410.310,0.630,1,409.680,480.680,128,32768,64,16384,noop,0,16384
stress,isl,1024,0,11,decode,32,32,0,32,32,0,69.540,403.040,0.690,1,402.350,472.670,128,32768,64,16384,noop,0,16384
stress,isl,1024,0,12,decode,32,32,0,32,32,0,69.790,398.100,0.660,1,397.440,467.970,128,32768,64,16384,noop,0,16384
stress,isl,1024,0,13,decode,32,32,0,32,32,0,69.950,398.490,0.570,1,397.920,468.620,128,32768,64,16384,noop,0,16384
stress,isl,1024,0,14,decode,32,32,0,32,32,0,70.010,400.050,0.720,1,399.330,470.240,128,32768,64,16384,noop,0,16384
stress,isl,1024,0,15,decode,32,32,0,32,32,0,69.220,399.290,0.670,1,398.620,468.630,128,32768,64,16384,noop,0,16384
stress,isl,1024,0,16,decode,32,32,0,32,32,0,69.740,397.510,0.600,1,396.910,467.360,128,32768,64,16384,noop,0,16384
stress,isl,1024,0,17,decode,32,32,0,32,32,0,70.310,398.460,0.660,1,397.800,468.880,128,32768,64,16384,noop,0,16384
stress,isl,1024,0,18,decode,32,32,0,32,32,0,72.630,404.500,0.650,1,403.850,477.230,128,32768,64,16384,noop,0,16384
stress,isl,1024,0,19,decode,32,32,0,32,32,0,71.120,399.220,0.580,1,398.640,470.490,128,32768,64,16384,noop,0,16384
stress,isl,1024,0,20,decode,32,32,0,32,32,0,70.640,399.470,0.630,1,398.840,470.180,128,32768,64,16384,noop,0,16384
stress,isl,1024,0,21,decode,32,32,0,32,32,0,69.100,397.630,0.530,1,397.100,466.870,128,32768,64,16384,noop,0,16384
stress,isl,1024,0,22,decode,32,32,0,32,32,0,69.480,392.740,0.610,1,392.130,462.300,128,32768,64,16384,noop,0,16384
stress,isl,1024,0,23,decode,32,32,0,32,32,0,69.480,399.390,0.540,1,398.850,468.990,128,32768,64,16384,noop,0,16384
stress,isl,1024,0,24,decode,32,32,0,32,32,0,68.480,399.240,0.690,1,398.550,467.830,128,32768,64,16384,noop,0,16384
stress,isl,1024,0,25,decode,32,32,0,32,32,0,69.550,411.470,0.630,1,410.840,481.120,128,32768,64,16384,noop,0,16384
stress,isl,1024,0,26,decode,32,32,0,32,32,0,69.760,397.940,0.570,1,397.370,467.820,128,32768,64,16384,noop,0,16384
stress,isl,1024,0,27,decode,32,32,0,32,32,0,69.910,399.370,0.560,1,398.810,469.420,128,32768,64,16384,noop,0,16384
stress,isl,1024,0,28,decode,32,32,0,32,32,0,69.010,393.930,0.590,1,393.340,463.070,128,32768,64,16384,noop,0,16384
stress,isl,1024,0,29,decode,32,32,0,32,32,0,69.810,396.750,0.580,1,396.170,466.660,128,32768,64,16384,noop,0,16384
stress,isl,1024,0,30,decode,32,32,0,32,32,0,69.150,396.860,0.520,1,396.340,466.110,128,32768,64,16384,noop,0,16384
stress,isl,1024,0,31,decode,32,32,0,32,32,0,70.380,396.480,0.520,1,395.960,466.980,128,32768,64,16384,noop,0,16384
stress,isl,1024,0,32,decode,32,32,0,32,32,0,382.590,466.260,0.690,1,465.570,849.010,128,32768,64,16384,noop,0,16384
stress,isl,1024,0,33,decode,32,32,0,32,32,0,75.010,413.440,0.620,1,412.820,488.590,128,32768,64,16384,noop,0,16384
stress,isl,1024,0,34,decode,32,32,0,32,32,0,71.160,405.010,0.690,1,404.320,476.290,128,32768,64,16384,noop,0,16384
stress,isl,1024,0,35,decode,32,32,0,32,32,0,70.620,400.100,0.680,1,399.420,470.840,128,32768,64,16384,noop,0,16384
stress,isl,1024,0,36,decode,32,32,0,32,32,0,69.770,397.950,0.620,1,397.330,467.860,128,32768,64,16384,noop,0,16384
stress,isl,1024,0,37,decode,32,32,0,32,32,0,70.440,405.720,0.630,1,405.090,476.260,128,32768,64,16384,noop,0,16384
stress,isl,1024,0,38,decode,32,32,0,32,32,0,69.390,402.920,0.620,1,402.300,472.400,128,32768,64,16384,noop,0,16384
stress,isl,1024,0,39,decode,32,32,0,32,32,0,70.520,419.040,0.530,1,418.510,489.650,128,32768,64,16384,noop,0,16384
stress,isl,1024,0,40,decode,32,32,0,32,32,0,70.940,398.850,0.630,1,398.220,469.920,128,32768,64,16384,noop,0,16384
stress,isl,1024,0,41,decode,32,32,0,32,32,0,69.650,395.970,0.510,1,395.460,465.720,128,32768,64,16384,noop,0,16384
stress,isl,1024,0,42,decode,32,32,0,32,32,0,70.910,397.860,0.610,1,397.250,468.900,128,32768,64,16384,noop,0,16384
stress,isl,1024,0,43,decode,32,32,0,32,32,0,69.780,398.080,0.680,1,397.400,467.960,128,32768,64,16384,noop,0,16384
stress,isl,1024,0,44,decode,32,32,0,32,32,0,70.210,396.810,0.600,1,396.210,467.110,128,32768,64,16384,noop,0,16384
stress,isl,1024,0,45,decode,32,32,0,32,32,0,70.640,397.100,0.620,1,396.480,467.830,128,32768,64,16384,noop,0,16384
stress,isl,1024,0,46,decode,32,32,0,32,32,0,70.960,411.660,0.640,1,411.020,482.730,128,32768,64,16384,noop,0,16384
stress,isl,1024,0,47,decode,32,32,0,32,32,0,70.420,402.740,0.640,1,402.100,473.280,128,32768,64,16384,noop,0,16384
stress,isl,1024,0,48,decode,32,32,0,32,32,0,70.810,396.740,0.630,1,396.110,467.670,128,32768,64,16384,noop,0,16384
stress,isl,1024,0,49,decode,32,32,0,32,32,0,71.420,398.570,0.680,1,397.890,470.060,128,32768,64,16384,noop,0,16384
stress,isl,1024,0,50,decode,32,32,0,32,32,0,68.290,385.810,0.620,1,385.190,454.190,128,32768,64,16384,noop,0,16384
stress,isl,1024,0,51,decode,32,32,0,32,32,0,68.590,387.180,0.630,1,386.550,455.890,128,32768,64,16384,noop,0,16384
stress,isl,1024,0,52,decode,32,32,0,32,32,0,69.160,384.580,0.600,1,383.980,453.930,128,32768,64,16384,noop,0,16384
stress,isl,1024,0,53,decode,32,32,0,32,32,0,68.960,386.180,0.610,1,385.570,455.330,128,32768,64,16384,noop,0,16384
stress,isl,1024,0,54,decode,32,32,0,32,32,0,78.430,395.930,0.530,1,395.400,474.530,128,32768,64,16384,noop,0,16384
stress,isl,1024,0,55,decode,32,32,0,32,32,0,69.790,384.530,0.630,1,383.900,454.440,128,32768,64,16384,noop,0,16384
stress,isl,1024,0,56,decode,32,32,0,32,32,0,69.310,382.490,0.620,1,381.870,451.970,128,32768,64,16384,noop,0,16384
stress,isl,1024,0,57,decode,32,32,0,32,32,0,69.240,385.730,0.620,1,385.110,455.150,128,32768,64,16384,noop,0,16384
stress,isl,1024,0,58,decode,32,32,0,32,32,0,68.920,387.250,0.570,1,386.680,456.370,128,32768,64,16384,noop,0,16384
stress,isl,1024,0,59,decode,32,32,0,32,32,0,67.950,384.490,0.680,1,383.810,452.630,128,32768,64,16384,noop,0,16384
stress,isl,1024,0,60,decode,32,32,0,32,32,0,68.390,383.810,0.610,1,383.200,452.370,128,32768,64,16384,noop,0,16384
stress,isl,1024,0,61,decode,32,32,0,32,32,0,69.000,402.620,0.660,1,401.960,471.810,128,32768,64,16384,noop,0,16384
stress,isl,1024,0,62,decode,32,32,0,32,32,0,69.520,393.830,0.610,1,393.220,463.530,128,32768,64,16384,noop,0,16384
stress,isl,1024,0,63,decode,32,32,0,32,32,0,70.320,387.210,0.610,1,386.600,457.700,128,32768,64,16384,noop,0,16384
stress,isl,1024,0,64,decode,32,32,0,32,32,0,68.770,382.980,0.610,1,382.370,451.920,128,32768,64,16384,noop,0,16384
stress,isl,1024,0,65,decode,32,32,0,32,32,0,69.430,384.850,0.710,1,384.140,454.420,128,32768,64,16384,noop,0,16384
stress,isl,1024,0,66,decode,32,32,0,32,32,0,70.950,383.940,0.590,1,383.350,455.080,128,32768,64,16384,noop,0,16384
stress,isl,1024,0,67,decode,32,32,0,32,32,0,69.060,384.260,0.600,1,383.660,453.490,128,32768,64,16384,noop,0,16384
stress,isl,1024,0,68,decode,32,32,0,32,32,0,68.530,384.330,0.650,1,383.680,453.010,128,32768,64,16384,noop,0,16384
stress,isl,1024,0,69,decode,32,32,0,32,32,0,84.180,395.310,0.630,1,394.680,479.660,128,32768,64,16384,noop,0,16384
stress,isl,1024,0,70,decode,32,32,0,32,32,0,69.860,384.510,0.570,1,383.940,454.550,128,32768,64,16384,noop,0,16384
stress,isl,1024,0,71,decode,32,32,0,32,32,0,69.110,385.420,0.570,1,384.850,454.710,128,32768,64,16384,noop,0,16384
stress,isl,1024,0,72,decode,32,32,0,32,32,0,68.710,388.710,0.650,1,388.060,457.540,128,32768,64,16384,noop,0,16384
stress,isl,1024,0,73,decode,32,32,0,32,32,0,69.380,385.930,0.670,1,385.260,455.500,128,32768,64,16384,noop,0,16384
stress,isl,1024,0,74,decode,32,32,0,32,32,0,68.980,385.460,0.500,1,384.960,454.640,128,32768,64,16384,noop,0,16384
stress,isl,1024,0,75,decode,32,32,0,32,32,0,69.510,387.500,0.620,1,386.880,457.170,128,32768,64,16384,noop,0,16384
stress,isl,1024,0,76,decode,32,32,0,32,32,0,69.090,399.670,0.640,1,399.030,468.860,128,32768,64,16384,noop,0,16384
stress,isl,1024,0,77,decode,32,32,0,32,32,0,68.960,387.730,0.620,1,387.110,456.850,128,32768,64,16384,noop,0,16384
stress,isl,1024,0,78,decode,32,32,0,32,32,0,68.930,385.120,0.650,1,384.470,454.210,128,32768,64,16384,noop,0,16384
stress,isl,1024,0,79,decode,32,32,0,32,32,0,68.510,382.980,0.630,1,382.350,451.690,128,32768,64,16384,noop,0,16384
stress,isl,2048,0,0,prefill,32,16384,9,23,32,0,786.700,637.520,0.840,1,636.680,1424.350,128,32768,64,16384,noop,0,16384
stress,isl,2048,0,1,prefill,32,77,1,31,32,0,177.510,462.160,0.720,1,461.440,639.770,128,32768,64,16384,noop,0,16384
stress,isl,2048,0,2,decode,32,32,0,32,32,0,74.130,419.540,0.660,1,418.880,493.790,128,32768,64,16384,noop,0,16384
stress,isl,2048,0,3,decode,32,32,0,32,32,0,73.920,407.810,0.560,1,407.250,481.850,128,32768,64,16384,noop,0,16384
stress,isl,2048,0,4,decode,32,32,0,32,32,0,72.710,407.090,0.600,1,406.490,479.920,128,32768,64,16384,noop,0,16384
stress,isl,2048,0,5,decode,32,32,0,32,32,0,71.240,408.100,0.650,1,407.450,479.460,128,32768,64,16384,noop,0,16384
stress,isl,2048,0,6,decode,32,32,0,32,32,0,71.540,403.380,0.540,1,402.840,475.120,128,32768,64,16384,noop,0,16384
stress,isl,2048,0,7,decode,32,32,0,32,32,0,70.980,417.980,0.660,1,417.320,489.130,128,32768,64,16384,noop,0,16384
stress,isl,2048,0,8,decode,32,32,0,32,32,0,71.680,407.710,0.600,1,407.110,479.520,128,32768,64,16384,noop,0,16384
stress,isl,2048,0,9,decode,32,32,0,32,32,0,71.610,398.520,0.620,1,397.900,470.250,128,32768,64,16384,noop,0,16384
stress,isl,2048,0,10,decode,32,32,0,32,32,0,70.790,397.510,0.610,1,396.900,468.490,128,32768,64,16384,noop,0,16384
stress,isl,2048,0,11,decode,32,32,0,32,32,0,72.080,397.970,0.550,1,397.420,470.180,128,32768,64,16384,noop,0,16384
stress,isl,2048,0,12,decode,32,32,0,32,32,0,71.530,400.830,0.580,1,400.250,472.460,128,32768,64,16384,noop,0,16384
stress,isl,2048,0,13,decode,32,32,0,32,32,0,69.870,400.770,0.670,1,400.100,470.750,128,32768,64,16384,noop,0,16384
stress,isl,2048,0,14,decode,32,32,0,32,32,0,72.430,400.940,0.620,1,400.320,473.490,128,32768,64,16384,noop,0,16384
stress,isl,2048,0,15,decode,32,32,0,32,32,0,85.680,407.720,0.660,1,407.060,493.490,128,32768,64,16384,noop,0,16384
stress,isl,2048,0,16,decode,32,32,0,32,32,0,72.490,399.670,0.700,1,398.970,472.270,128,32768,64,16384,noop,0,16384
stress,isl,2048,0,17,decode,32,32,0,32,32,0,71.560,401.650,0.600,1,401.050,473.360,128,32768,64,16384,noop,0,16384
stress,isl,2048,0,18,decode,32,32,0,32,32,0,72.420,400.200,0.600,1,399.600,472.710,128,32768,64,16384,noop,0,16384
stress,isl,2048,0,19,decode,32,32,0,32,32,0,71.620,399.800,0.590,1,399.210,471.500,128,32768,64,16384,noop,0,16384
stress,isl,2048,0,20,decode,32,32,0,32,32,0,71.860,398.850,0.600,1,398.250,470.800,128,32768,64,16384,noop,0,16384
stress,isl,2048,0,21,decode,32,32,0,32,32,0,71.240,400.570,0.550,1,400.020,471.920,128,32768,64,16384,noop,0,16384
stress,isl,2048,0,22,decode,32,32,0,32,32,0,70.140,418.380,0.650,1,417.730,488.680,128,32768,64,16384,noop,0,16384
stress,isl,2048,0,23,decode,32,32,0,32,32,0,71.180,402.650,0.690,1,401.960,473.970,128,32768,64,16384,noop,0,16384
stress,isl,2048,0,24,decode,32,32,0,32,32,0,71.300,396.150,0.560,1,395.590,467.600,128,32768,64,16384,noop,0,16384
stress,isl,2048,0,25,decode,32,32,0,32,32,0,70.330,400.410,0.570,1,399.840,470.860,128,32768,64,16384,noop,0,16384
stress,isl,2048,0,26,decode,32,32,0,32,32,0,70.730,397.890,0.570,1,397.320,468.750,128,32768,64,16384,noop,0,16384
stress,isl,2048,0,27,decode,32,32,0,32,32,0,70.780,400.210,0.570,1,399.640,471.090,128,32768,64,16384,noop,0,16384
stress,isl,2048,0,28,decode,32,32,0,32,32,0,71.610,400.110,0.550,1,399.560,471.800,128,32768,64,16384,noop,0,16384
stress,isl,2048,0,29,decode,32,32,0,32,32,0,71.330,411.910,0.680,1,411.230,483.430,128,32768,64,16384,noop,0,16384
stress,isl,2048,0,30,decode,32,32,0,32,32,0,71.110,403.540,0.620,1,402.920,474.820,128,32768,64,16384,noop,0,16384
stress,isl,2048,0,31,decode,32,32,0,32,32,0,71.760,396.540,0.580,1,395.960,468.450,128,32768,64,16384,noop,0,16384
stress,isl,2048,0,32,decode,32,32,0,32,32,0,69.800,400.930,0.600,1,400.330,470.890,128,32768,64,16384,noop,0,16384
stress,isl,2048,0,33,decode,32,32,0,32,32,0,72.430,404.650,0.640,1,404.010,477.250,128,32768,64,16384,noop,0,16384
stress,isl,2048,0,34,decode,32,32,0,32,32,0,532.430,477.180,0.700,1,476.480,1009.750,128,32768,64,16384,noop,0,16384
stress,isl,2048,0,35,decode,32,32,0,32,32,0,74.140,411.650,0.580,1,411.070,485.940,128,32768,64,16384,noop,0,16384
stress,isl,2048,0,36,decode,32,32,0,32,32,0,73.360,422.540,0.660,1,421.880,496.000,128,32768,64,16384,noop,0,16384
stress,isl,2048,0,37,decode,32,32,0,32,32,0,73.250,411.590,0.640,1,410.950,484.980,128,32768,64,16384,noop,0,16384
stress,isl,2048,0,38,decode,32,32,0,32,32,0,71.820,403.230,0.610,1,402.620,475.170,128,32768,64,16384,noop,0,16384
stress,isl,2048,0,39,decode,32,32,0,32,32,0,70.900,402.520,0.610,1,401.910,473.580,128,32768,64,16384,noop,0,16384
stress,isl,2048,0,40,decode,32,32,0,32,32,0,70.720,400.770,0.600,1,400.170,471.590,128,32768,64,16384,noop,0,16384
stress,isl,2048,0,41,decode,32,32,0,32,32,0,70.950,402.590,0.620,1,401.970,473.710,128,32768,64,16384,noop,0,16384
stress,isl,2048,0,42,decode,32,32,0,32,32,0,71.310,400.950,0.600,1,400.350,472.400,128,32768,64,16384,noop,0,16384
stress,isl,2048,0,43,decode,32,32,0,32,32,0,71.290,421.900,0.600,1,421.300,493.320,128,32768,64,16384,noop,0,16384
stress,isl,2048,0,44,decode,32,32,0,32,32,0,71.680,402.290,0.610,1,401.680,474.120,128,32768,64,16384,noop,0,16384
stress,isl,2048,0,45,decode,32,32,0,32,32,0,70.830,399.190,0.680,1,398.510,470.200,128,32768,64,16384,noop,0,16384
stress,isl,2048,0,46,decode,32,32,0,32,32,0,71.640,401.460,0.470,1,400.990,473.280,128,32768,64,16384,noop,0,16384
stress,isl,2048,0,47,decode,32,32,0,32,32,0,70.820,400.570,0.590,1,399.980,471.510,128,32768,64,16384,noop,0,16384
stress,isl,2048,0,48,decode,32,32,0,32,32,0,71.370,399.030,0.590,1,398.440,470.530,128,32768,64,16384,noop,0,16384
stress,isl,2048,0,49,decode,32,32,0,32,32,0,70.660,399.960,0.570,1,399.390,470.740,128,32768,64,16384,noop,0,16384
stress,isl,2048,0,50,decode,32,32,0,32,32,0,69.940,406.060,0.640,1,405.420,476.160,128,32768,64,16384,noop,0,16384
stress,isl,2048,0,51,decode,32,32,0,32,32,0,70.690,391.060,0.630,1,390.430,461.860,128,32768,64,16384,noop,0,16384
stress,isl,2048,0,52,decode,32,32,0,32,32,0,69.920,388.220,0.660,1,387.560,458.250,128,32768,64,16384,noop,0,16384
stress,isl,2048,0,53,decode,32,32,0,32,32,0,69.460,389.700,0.640,1,389.060,459.270,128,32768,64,16384,noop,0,16384
stress,isl,2048,0,54,decode,32,32,0,32,32,0,69.920,386.620,0.630,1,385.990,456.640,128,32768,64,16384,noop,0,16384
stress,isl,2048,0,55,decode,32,32,0,32,32,0,70.150,391.620,0.640,1,390.980,461.900,128,32768,64,16384,noop,0,16384
stress,isl,2048,0,56,decode,32,32,0,32,32,0,70.030,388.090,0.550,1,387.540,458.280,128,32768,64,16384,noop,0,16384
stress,isl,2048,0,57,decode,32,32,0,32,32,0,69.680,387.450,0.630,1,386.820,457.280,128,32768,64,16384,noop,0,16384
stress,isl,2048,0,58,decode,32,32,0,32,32,0,70.100,395.540,0.580,1,394.960,465.750,128,32768,64,16384,noop,0,16384
stress,isl,2048,0,59,decode,32,32,0,32,32,0,70.350,388.360,0.580,1,387.780,458.860,128,32768,64,16384,noop,0,16384
stress,isl,2048,0,60,decode,32,32,0,32,32,0,68.700,387.530,0.550,1,386.980,456.360,128,32768,64,16384,noop,0,16384
stress,isl,2048,0,61,decode,32,32,0,32,32,0,69.020,395.510,0.570,1,394.940,464.700,128,32768,64,16384,noop,0,16384
stress,isl,2048,0,62,decode,32,32,0,32,32,0,70.510,391.500,0.550,1,390.950,462.090,128,32768,64,16384,noop,0,16384
stress,isl,2048,0,63,decode,32,32,0,32,32,0,71.020,388.900,0.590,1,388.310,460.090,128,32768,64,16384,noop,0,16384
stress,isl,2048,0,64,decode,32,32,0,32,32,0,70.310,387.040,0.570,1,386.470,457.490,128,32768,64,16384,noop,0,16384
stress,isl,2048,0,65,decode,32,32,0,32,32,0,70.320,407.240,0.620,1,406.620,477.740,128,32768,64,16384,noop,0,16384
stress,isl,2048,0,66,decode,32,32,0,32,32,0,70.800,390.370,0.650,1,389.720,461.290,128,32768,64,16384,noop,0,16384
stress,isl,2048,0,67,decode,32,32,0,32,32,0,70.690,389.650,0.620,1,389.030,460.530,128,32768,64,16384,noop,0,16384
stress,isl,2048,0,68,decode,32,32,0,32,32,0,70.550,392.570,0.630,1,391.940,463.290,128,32768,64,16384,noop,0,16384
stress,isl,2048,0,69,decode,32,32,0,32,32,0,69.530,390.090,0.560,1,389.530,459.740,128,32768,64,16384,noop,0,16384
stress,isl,2048,0,70,decode,32,32,0,32,32,0,69.590,388.460,0.570,1,387.890,458.190,128,32768,64,16384,noop,0,16384
stress,isl,2048,0,71,decode,32,32,0,32,32,0,69.780,387.580,0.510,1,387.070,457.570,128,32768,64,16384,noop,0,16384
stress,isl,2048,0,72,decode,32,32,0,32,32,0,68.820,395.560,0.510,1,395.050,464.570,128,32768,64,16384,noop,0,16384
stress,isl,2048,0,73,decode,32,32,0,32,32,0,70.800,393.910,0.620,1,393.290,464.840,128,32768,64,16384,noop,0,16384
stress,isl,2048,0,74,decode,32,32,0,32,32,0,70.580,389.470,0.610,1,388.860,460.150,128,32768,64,16384,noop,0,16384
stress,isl,2048,0,75,decode,32,32,0,32,32,0,71.000,388.070,0.590,1,387.480,459.240,128,32768,64,16384,noop,0,16384
stress,isl,2048,0,76,decode,32,32,0,32,32,0,69.060,387.670,0.520,1,387.150,456.850,128,32768,64,16384,noop,0,16384
stress,isl,2048,0,77,decode,32,32,0,32,32,0,70.530,388.390,0.660,1,387.730,459.020,128,32768,64,16384,noop,0,16384
stress,isl,2048,0,78,decode,32,32,0,32,32,0,70.840,392.590,0.660,1,391.930,463.540,128,32768,64,16384,noop,0,16384
stress,isl,2048,0,79,decode,32,32,0,32,32,0,70.750,388.960,0.600,1,388.360,459.840,128,32768,64,16384,noop,0,16384
stress,batch,1,0,0,decode,1,1,0,1,1,0,21.450,410.170,0.730,1,409.440,431.800,128,32768,64,16384,noop,0,16384
stress,batch,1,0,1,decode,1,1,0,1,1,0,22.810,394.100,0.530,1,393.570,417.120,128,32768,64,16384,noop,0,16384
stress,batch,1,0,2,decode,1,1,0,1,1,0,20.590,378.840,0.510,1,378.330,399.530,128,32768,64,16384,noop,0,16384
stress,batch,1,0,3,decode,1,1,0,1,1,0,20.590,380.440,0.560,1,379.880,401.120,128,32768,64,16384,noop,0,16384
stress,batch,1,0,4,decode,1,1,0,1,1,0,20.410,378.030,0.560,1,377.470,398.530,128,32768,64,16384,noop,0,16384
stress,batch,1,0,5,decode,1,1,0,1,1,0,19.960,378.410,0.490,1,377.920,398.490,128,32768,64,16384,noop,0,16384
stress,batch,1,0,6,decode,1,1,0,1,1,0,20.330,377.590,0.490,1,377.100,398.140,128,32768,64,16384,noop,0,16384
stress,batch,1,0,7,decode,1,1,0,1,1,0,20.410,375.710,0.520,1,375.190,396.220,128,32768,64,16384,noop,0,16384
stress,batch,1,0,8,decode,1,1,0,1,1,0,20.060,377.700,0.640,1,377.060,397.900,128,32768,64,16384,noop,0,16384
stress,batch,1,0,9,decode,1,1,0,1,1,0,19.470,392.790,0.610,1,392.180,412.430,128,32768,64,16384,noop,0,16384
stress,batch,1,0,10,decode,1,1,0,1,1,0,20.400,378.200,0.510,1,377.690,398.730,128,32768,64,16384,noop,0,16384
stress,batch,1,0,11,decode,1,1,0,1,1,0,19.530,377.240,0.540,1,376.700,396.890,128,32768,64,16384,noop,0,16384
stress,batch,1,0,12,decode,1,1,0,1,1,0,19.820,376.130,0.490,1,375.640,396.130,128,32768,64,16384,noop,0,16384
stress,batch,1,0,13,decode,1,1,0,1,1,0,19.610,376.080,0.480,1,375.600,395.850,128,32768,64,16384,noop,0,16384
stress,batch,1,0,14,decode,1,1,0,1,1,0,19.470,374.510,0.470,1,374.040,394.100,128,32768,64,16384,noop,0,16384
stress,batch,1,0,15,decode,1,1,0,1,1,0,19.580,376.090,0.490,1,375.600,395.830,128,32768,64,16384,noop,0,16384
stress,batch,1,0,16,decode,1,1,0,1,1,0,19.650,376.220,0.560,1,375.660,395.990,128,32768,64,16384,noop,0,16384
stress,batch,1,0,17,decode,1,1,0,1,1,0,20.030,376.210,0.500,1,375.710,396.390,128,32768,64,16384,noop,0,16384
stress,batch,1,0,18,decode,1,1,0,1,1,0,19.400,390.890,0.600,1,390.290,410.440,128,32768,64,16384,noop,0,16384
stress,batch,1,0,19,decode,1,1,0,1,1,0,19.440,382.400,0.540,1,381.860,401.950,128,32768,64,16384,noop,0,16384
stress,batch,1,0,20,decode,1,1,0,1,1,0,19.650,376.030,0.540,1,375.490,395.770,128,32768,64,16384,noop,0,16384
stress,batch,1,0,21,decode,1,1,0,1,1,0,19.890,377.150,0.630,1,376.520,397.150,128,32768,64,16384,noop,0,16384
stress,batch,1,0,22,decode,1,1,0,1,1,0,19.580,376.000,0.570,1,375.430,395.690,128,32768,64,16384,noop,0,16384
stress,batch,1,0,23,decode,1,1,0,1,1,0,19.970,373.460,0.500,1,372.960,393.560,128,32768,64,16384,noop,0,16384
stress,batch,1,0,24,decode,1,1,0,1,1,0,19.550,374.650,0.560,1,374.090,394.370,128,32768,64,16384,noop,0,16384
stress,batch,1,0,25,decode,1,1,0,1,1,0,19.490,375.530,0.560,1,374.970,395.160,128,32768,64,16384,noop,0,16384
stress,batch,1,0,26,decode,1,1,0,1,1,0,18.980,374.680,0.620,1,374.060,393.760,128,32768,64,16384,noop,0,16384
stress,batch,1,0,27,decode,1,1,0,1,1,0,18.920,374.370,0.560,1,373.810,393.390,128,32768,64,16384,noop,0,16384
stress,batch,1,0,28,decode,1,1,0,1,1,0,19.490,394.130,0.580,1,393.550,413.690,128,32768,64,16384,noop,0,16384
stress,batch,1,0,29,decode,1,1,0,1,1,0,20.240,375.820,0.470,1,375.350,396.180,128,32768,64,16384,noop,0,16384
stress,batch,1,0,30,decode,1,1,0,1,1,0,19.430,377.340,0.530,1,376.810,396.920,128,32768,64,16384,noop,0,16384
stress,batch,1,0,31,decode,1,1,0,1,1,0,19.040,376.320,0.520,1,375.800,395.530,128,32768,64,16384,noop,0,16384
stress,batch,1,0,32,decode,1,1,0,1,1,0,19.190,376.390,0.530,1,375.860,395.660,128,32768,64,16384,noop,0,16384
stress,batch,1,0,33,decode,1,1,0,1,1,0,19.340,374.630,0.560,1,374.070,394.110,128,32768,64,16384,noop,0,16384
stress,batch,1,0,34,decode,1,1,0,1,1,0,19.620,372.800,0.590,1,372.210,392.520,128,32768,64,16384,noop,0,16384
stress,batch,1,0,35,decode,1,1,0,1,1,0,19.150,373.500,0.470,1,373.030,392.730,128,32768,64,16384,noop,0,16384
stress,batch,1,0,36,decode,1,1,0,1,1,0,19.730,375.350,0.540,1,374.810,395.200,128,32768,64,16384,noop,0,16384
stress,batch,1,0,37,decode,1,1,0,1,1,0,19.670,393.960,0.560,1,393.400,413.750,128,32768,64,16384,noop,0,16384
stress,batch,1,0,38,decode,1,1,0,1,1,0,20.300,380.840,0.550,1,380.290,401.290,128,32768,64,16384,noop,0,16384
stress,batch,1,0,39,decode,1,1,0,1,1,0,19.970,374.420,0.530,1,373.890,394.520,128,32768,64,16384,noop,0,16384
stress,batch,1,0,40,decode,1,1,0,1,1,0,19.510,375.680,0.500,1,375.180,395.350,128,32768,64,16384,noop,0,16384
stress,batch,1,0,41,decode,1,1,0,1,1,0,19.500,376.820,0.660,1,376.160,396.420,128,32768,64,16384,noop,0,16384
stress,batch,1,0,42,decode,1,1,0,1,1,0,19.830,375.290,0.620,1,374.670,395.230,128,32768,64,16384,noop,0,16384
stress,batch,1,0,43,decode,1,1,0,1,1,0,19.640,375.080,0.540,1,374.540,394.860,128,32768,64,16384,noop,0,16384
stress,batch,1,0,44,decode,1,1,0,1,1,0,19.400,374.180,0.540,1,373.640,393.680,128,32768,64,16384,noop,0,16384
stress,batch,1,0,45,decode,1,1,0,1,1,0,19.290,374.460,0.540,1,373.920,393.860,128,32768,64,16384,noop,0,16384
stress,batch,1,0,46,decode,1,1,0,1,1,0,19.540,388.670,0.570,1,388.100,408.300,128,32768,64,16384,noop,0,16384
stress,batch,1,0,47,decode,1,1,0,1,1,0,20.340,381.710,0.510,1,381.200,402.160,128,32768,64,16384,noop,0,16384
stress,batch,1,0,48,decode,1,1,0,1,1,0,19.440,376.050,0.500,1,375.550,395.590,128,32768,64,16384,noop,0,16384
stress,batch,1,0,49,decode,1,1,0,1,1,0,20.430,378.930,0.610,1,378.320,399.500,128,32768,64,16384,noop,0,16384
stress,batch,1,0,50,decode,1,1,0,1,1,0,19.210,367.500,0.450,1,367.050,386.840,128,32768,64,16384,noop,0,16384
stress,batch,1,0,51,decode,1,1,0,1,1,0,19.070,366.560,0.560,1,366.000,385.740,128,32768,64,16384,noop,0,16384
stress,batch,1,0,52,decode,1,1,0,1,1,0,18.670,365.490,0.370,1,365.120,384.260,128,32768,64,16384,noop,0,16384
stress,batch,1,0,53,decode,1,1,0,1,1,0,18.310,366.830,0.490,1,366.340,385.270,128,32768,64,16384,noop,0,16384
stress,batch,1,0,54,decode,1,1,0,1,1,0,18.730,364.750,0.480,1,364.270,383.610,128,32768,64,16384,noop,0,16384
stress,batch,1,0,55,decode,1,1,0,1,1,0,18.660,364.050,0.430,1,363.620,382.830,128,32768,64,16384,noop,0,16384
stress,batch,1,0,56,decode,1,1,0,1,1,0,17.890,378.040,0.570,1,377.470,396.000,128,32768,64,16384,noop,0,16384
stress,batch,1,0,57,decode,1,1,0,1,1,0,18.660,367.710,0.530,1,367.180,386.470,128,32768,64,16384,noop,0,16384
stress,batch,1,0,58,decode,1,1,0,1,1,0,18.620,364.450,0.540,1,363.910,383.190,128,32768,64,16384,noop,0,16384
stress,batch,1,0,59,decode,1,1,0,1,1,0,18.200,365.700,0.500,1,365.200,383.990,128,32768,64,16384,noop,0,16384
stress,batch,1,0,60,decode,1,1,0,1,1,0,18.440,364.230,0.410,1,363.820,382.780,128,32768,64,16384,noop,0,16384
stress,batch,1,0,61,decode,1,1,0,1,1,0,18.620,365.230,0.440,1,364.790,383.970,128,32768,64,16384,noop,0,16384
stress,batch,1,0,62,decode,1,1,0,1,1,0,18.110,364.870,0.580,1,364.290,383.130,128,32768,64,16384,noop,0,16384
stress,batch,1,0,63,decode,1,1,0,1,1,0,18.020,366.080,0.500,1,365.580,384.210,128,32768,64,16384,noop,0,16384
stress,batch,1,0,64,decode,1,1,0,1,1,0,18.510,364.040,0.560,1,363.480,382.680,128,32768,64,16384,noop,0,16384
stress,batch,1,0,65,decode,1,1,0,1,1,0,18.030,372.930,0.510,1,372.420,391.040,128,32768,64,16384,noop,0,16384
stress,batch,1,0,66,decode,1,1,0,1,1,0,18.440,368.230,0.530,1,367.700,386.800,128,32768,64,16384,noop,0,16384
stress,batch,1,0,67,decode,1,1,0,1,1,0,18.020,364.540,0.630,1,363.910,382.670,128,32768,64,16384,noop,0,16384
stress,batch,1,0,68,decode,1,1,0,1,1,0,18.120,364.240,0.510,1,363.730,382.450,128,32768,64,16384,noop,0,16384
stress,batch,1,0,69,decode,1,1,0,1,1,0,17.700,366.440,0.670,1,365.770,384.240,128,32768,64,16384,noop,0,16384
stress,batch,1,0,70,decode,1,1,0,1,1,0,18.170,367.170,0.520,1,366.650,385.420,128,32768,64,16384,noop,0,16384
stress,batch,1,0,71,decode,1,1,0,1,1,0,18.390,363.060,0.570,1,362.490,381.600,128,32768,64,16384,noop,0,16384
stress,batch,1,0,72,decode,1,1,0,1,1,0,18.100,367.400,0.510,1,366.890,385.620,128,32768,64,16384,noop,0,16384
stress,batch,1,0,73,decode,1,1,0,1,1,0,18.090,366.610,0.440,1,366.170,384.850,128,32768,64,16384,noop,0,16384
stress,batch,1,0,74,decode,1,1,0,1,1,0,18.300,366.520,0.570,1,365.950,384.940,128,32768,64,16384,noop,0,16384
stress,batch,1,0,75,decode,1,1,0,1,1,0,17.930,380.040,0.510,1,379.530,398.090,128,32768,64,16384,noop,0,16384
stress,batch,1,0,76,decode,1,1,0,1,1,0,19.170,367.260,0.540,1,366.720,386.560,128,32768,64,16384,noop,0,16384
stress,batch,1,0,77,decode,1,1,0,1,1,0,18.150,365.380,0.590,1,364.790,383.620,128,32768,64,16384,noop,0,16384
stress,batch,1,0,78,decode,1,1,0,1,1,0,18.550,364.270,0.570,1,363.700,382.930,128,32768,64,16384,noop,0,16384
stress,batch,1,0,79,decode,1,1,0,1,1,0,18.470,362.530,0.580,1,361.950,381.120,128,32768,64,16384,noop,0,16384
stress,batch,2,0,0,decode,2,2,0,2,2,0,23.900,403.900,0.580,1,403.320,427.940,128,32768,64,16384,noop,0,16384
stress,batch,2,0,1,decode,2,2,0,2,2,0,23.760,388.110,0.590,1,387.520,412.030,128,32768,64,16384,noop,0,16384
stress,batch,2,0,2,decode,2,2,0,2,2,0,23.060,383.460,0.510,1,382.950,406.630,128,32768,64,16384,noop,0,16384
stress,batch,2,0,3,decode,2,2,0,2,2,0,23.240,380.100,0.470,1,379.630,403.460,128,32768,64,16384,noop,0,16384
stress,batch,2,0,4,decode,2,2,0,2,2,0,21.880,382.670,0.570,1,382.100,404.650,128,32768,64,16384,noop,0,16384
stress,batch,2,0,5,decode,2,2,0,2,2,0,22.800,381.470,0.530,1,380.940,404.420,128,32768,64,16384,noop,0,16384
stress,batch,2,0,6,decode,2,2,0,2,2,0,22.360,380.500,0.630,1,379.870,402.960,128,32768,64,16384,noop,0,16384
stress,batch,2,0,7,decode,2,2,0,2,2,0,22.290,381.370,0.630,1,380.740,403.760,128,32768,64,16384,noop,0,16384
stress,batch,2,0,8,decode,2,2,0,2,2,0,21.920,379.090,0.590,1,378.500,401.160,128,32768,64,16384,noop,0,16384
stress,batch,2,0,9,decode,2,2,0,2,2,0,21.990,395.020,0.600,1,394.420,417.180,128,32768,64,16384,noop,0,16384
stress,batch,2,0,10,decode,2,2,0,2,2,0,22.520,382.770,0.570,1,382.200,405.410,128,32768,64,16384,noop,0,16384
stress,batch,2,0,11,decode,2,2,0,2,2,0,22.400,380.590,0.650,1,379.940,403.090,128,32768,64,16384,noop,0,16384
stress,batch,2,0,12,decode,2,2,0,2,2,0,22.680,378.330,0.650,1,377.680,401.130,128,32768,64,16384,noop,0,16384
stress,batch,2,0,13,decode,2,2,0,2,2,0,22.080,375.560,0.620,1,374.940,397.770,128,32768,64,16384,noop,0,16384
stress,batch,2,0,14,decode,2,2,0,2,2,0,22.090,378.810,0.650,1,378.160,401.010,128,32768,64,16384,noop,0,16384
stress,batch,2,0,15,decode,2,2,0,2,2,0,21.600,377.040,0.570,1,376.470,398.740,128,32768,64,16384,noop,0,16384
stress,batch,2,0,16,decode,2,2,0,2,2,0,21.870,378.810,0.580,1,378.230,400.780,128,32768,64,16384,noop,0,16384
stress,batch,2,0,17,decode,2,2,0,2,2,0,22.070,380.170,0.580,1,379.590,402.410,128,32768,64,16384,noop,0,16384
stress,batch,2,0,18,decode,2,2,0,2,2,0,22.000,394.600,0.630,1,393.970,416.720,128,32768,64,16384,noop,0,16384
stress,batch,2,0,19,decode,2,2,0,2,2,0,22.910,380.470,0.590,1,379.880,403.510,128,32768,64,16384,noop,0,16384
stress,batch,2,0,20,decode,2,2,0,2,2,0,22.700,379.020,0.610,1,378.410,401.820,128,32768,64,16384,noop,0,16384
stress,batch,2,0,21,decode,2,2,0,2,2,0,21.650,377.590,0.650,1,376.940,399.360,128,32768,64,16384,noop,0,16384
stress,batch,2,0,22,decode,2,2,0,2,2,0,21.900,376.670,0.590,1,376.080,398.670,128,32768,64,16384,noop,0,16384
stress,batch,2,0,23,decode,2,2,0,2,2,0,22.040,375.490,0.460,1,375.030,397.700,128,32768,64,16384,noop,0,16384
stress,batch,2,0,24,decode,2,2,0,2,2,0,22.900,378.550,0.530,1,378.020,401.560,128,32768,64,16384,noop,0,16384
stress,batch,2,0,25,decode,2,2,0,2,2,0,21.810,377.360,0.550,1,376.810,399.240,128,32768,64,16384,noop,0,16384
stress,batch,2,0,26,decode,2,2,0,2,2,0,22.250,376.990,0.570,1,376.420,399.340,128,32768,64,16384,noop,0,16384
stress,batch,2,0,27,decode,2,2,0,2,2,0,21.470,390.850,0.600,1,390.250,412.390,128,32768,64,16384,noop,0,16384
stress,batch,2,0,28,decode,2,2,0,2,2,0,21.890,382.870,0.550,1,382.320,404.880,128,32768,64,16384,noop,0,16384
stress,batch,2,0,29,decode,2,2,0,2,2,0,22.140,377.060,0.440,1,376.620,399.290,128,32768,64,16384,noop,0,16384
stress,batch,2,0,30,decode,2,2,0,2,2,0,21.730,378.520,0.620,1,377.900,400.350,128,32768,64,16384,noop,0,16384
stress,batch,2,0,31,decode,2,2,0,2,2,0,21.710,390.160,0.780,1,389.380,411.990,128,32768,64,16384,noop,0,16384
stress,batch,2,0,32,decode,2,2,0,2,2,0,22.360,393.550,0.610,1,392.940,416.030,128,32768,64,16384,noop,0,16384
stress,batch,2,0,33,decode,2,2,0,2,2,0,22.490,380.880,0.580,1,380.300,403.490,128,32768,64,16384,noop,0,16384
stress,batch,2,0,34,decode,2,2,0,2,2,0,21.760,377.190,0.520,1,376.670,399.050,128,32768,64,16384,noop,0,16384
stress,batch,2,0,35,decode,2,2,0,2,2,0,21.830,377.450,0.610,1,376.840,399.390,128,32768,64,16384,noop,0,16384
stress,batch,2,0,36,decode,2,2,0,2,2,0,21.920,390.460,0.520,1,389.940,412.480,128,32768,64,16384,noop,0,16384
stress,batch,2,0,37,decode,2,2,0,2,2,0,22.520,387.430,0.470,1,386.960,410.050,128,32768,64,16384,noop,0,16384
stress,batch,2,0,38,decode,2,2,0,2,2,0,21.990,377.290,0.540,1,376.750,399.380,128,32768,64,16384,noop,0,16384
stress,batch,2,0,39,decode,2,2,0,2,2,0,21.560,377.950,0.530,1,377.420,399.610,128,32768,64,16384,noop,0,16384
stress,batch,2,0,40,decode,2,2,0,2,2,0,21.560,377.920,0.530,1,377.390,399.590,128,32768,64,16384,noop,0,16384
stress,batch,2,0,41,decode,2,2,0,2,2,0,21.570,379.930,0.570,1,379.360,401.590,128,32768,64,16384,noop,0,16384
stress,batch,2,0,42,decode,2,2,0,2,2,0,21.860,376.800,0.580,1,376.220,398.750,128,32768,64,16384,noop,0,16384
stress,batch,2,0,43,decode,2,2,0,2,2,0,21.300,378.940,0.650,1,378.290,400.360,128,32768,64,16384,noop,0,16384
stress,batch,2,0,44,decode,2,2,0,2,2,0,21.560,375.290,0.560,1,374.730,396.970,128,32768,64,16384,noop,0,16384
stress,batch,2,0,45,decode,2,2,0,2,2,0,21.370,376.750,0.510,1,376.240,398.220,128,32768,64,16384,noop,0,16384
stress,batch,2,0,46,decode,2,2,0,2,2,0,21.700,396.780,0.610,1,396.170,418.600,128,32768,64,16384,noop,0,16384
stress,batch,2,0,47,decode,2,2,0,2,2,0,22.320,378.350,0.500,1,377.850,400.770,128,32768,64,16384,noop,0,16384
stress,batch,2,0,48,decode,2,2,0,2,2,0,22.050,377.780,0.610,1,377.170,400.000,128,32768,64,16384,noop,0,16384
stress,batch,2,0,49,decode,2,2,0,2,2,0,22.410,380.070,0.450,1,379.620,402.660,128,32768,64,16384,noop,0,16384
stress,batch,2,0,50,decode,2,2,0,2,2,0,21.080,369.420,0.490,1,368.930,390.600,128,32768,64,16384,noop,0,16384
stress,batch,2,0,51,decode,2,2,0,2,2,0,20.220,367.620,0.600,1,367.020,387.980,128,32768,64,16384,noop,0,16384
stress,batch,2,0,52,decode,2,2,0,2,2,0,20.320,365.020,0.500,1,364.520,385.450,128,32768,64,16384,noop,0,16384
stress,batch,2,0,53,decode,2,2,0,2,2,0,20.250,363.700,0.560,1,363.140,384.070,128,32768,64,16384,noop,0,16384
stress,batch,2,0,54,decode,2,2,0,2,2,0,20.520,366.750,0.570,1,366.180,387.400,128,32768,64,16384,noop,0,16384
stress,batch,2,0,55,decode,2,2,0,2,2,0,20.550,390.440,0.570,1,389.870,411.130,128,32768,64,16384,noop,0,16384
stress,batch,2,0,56,decode,2,2,0,2,2,0,21.280,371.290,0.560,1,370.730,392.680,128,32768,64,16384,noop,0,16384
stress,batch,2,0,57,decode,2,2,0,2,2,0,20.560,368.170,0.500,1,367.670,388.870,128,32768,64,16384,noop,0,16384
stress,batch,2,0,58,decode,2,2,0,2,2,0,20.350,367.170,0.620,1,366.550,387.640,128,32768,64,16384,noop,0,16384
stress,batch,2,0,59,decode,2,2,0,2,2,0,20.590,365.320,0.610,1,364.710,386.030,128,32768,64,16384,noop,0,16384
stress,batch,2,0,60,decode,2,2,0,2,2,0,20.450,367.330,0.640,1,366.690,387.890,128,32768,64,16384,noop,0,16384
stress,batch,2,0,61,decode,2,2,0,2,2,0,20.670,365.600,0.570,1,365.030,386.390,128,32768,64,16384,noop,0,16384
stress,batch,2,0,62,decode,2,2,0,2,2,0,20.010,365.300,0.520,1,364.780,385.470,128,32768,64,16384,noop,0,16384
stress,batch,2,0,63,decode,2,2,0,2,2,0,20.630,366.210,0.540,1,365.670,387.010,128,32768,64,16384,noop,0,16384
stress,batch,2,0,64,decode,2,2,0,2,2,0,20.190,380.030,0.570,1,379.460,400.390,128,32768,64,16384,noop,0,16384
stress,batch,2,0,65,decode,2,2,0,2,2,0,21.040,374.720,0.550,1,374.170,395.930,128,32768,64,16384,noop,0,16384
stress,batch,2,0,66,decode,2,2,0,2,2,0,20.500,367.850,0.570,1,367.280,388.530,128,32768,64,16384,noop,0,16384
stress,batch,2,0,67,decode,2,2,0,2,2,0,20.100,366.700,0.500,1,366.200,386.920,128,32768,64,16384,noop,0,16384
stress,batch,2,0,68,decode,2,2,0,2,2,0,20.600,367.340,0.560,1,366.780,388.070,128,32768,64,16384,noop,0,16384
stress,batch,2,0,69,decode,2,2,0,2,2,0,20.220,368.080,0.510,1,367.570,388.420,128,32768,64,16384,noop,0,16384
stress,batch,2,0,70,decode,2,2,0,2,2,0,20.490,367.750,0.480,1,367.270,388.350,128,32768,64,16384,noop,0,16384
stress,batch,2,0,71,decode,2,2,0,2,2,0,20.400,366.900,0.680,1,366.220,387.420,128,32768,64,16384,noop,0,16384
stress,batch,2,0,72,decode,2,2,0,2,2,0,20.580,367.120,0.550,1,366.570,387.860,128,32768,64,16384,noop,0,16384
stress,batch,2,0,73,decode,2,2,0,2,2,0,20.090,365.940,0.640,1,365.300,386.190,128,32768,64,16384,noop,0,16384
stress,batch,2,0,74,decode,2,2,0,2,2,0,20.040,383.020,0.610,1,382.410,403.200,128,32768,64,16384,noop,0,16384
stress,batch,2,0,75,decode,2,2,0,2,2,0,21.680,368.100,0.620,1,367.480,389.950,128,32768,64,16384,noop,0,16384
stress,batch,2,0,76,decode,2,2,0,2,2,0,20.920,369.510,0.540,1,368.970,390.550,128,32768,64,16384,noop,0,16384
stress,batch,2,0,77,decode,2,2,0,2,2,0,20.770,368.860,0.540,1,368.320,389.810,128,32768,64,16384,noop,0,16384
stress,batch,2,0,78,decode,2,2,0,2,2,0,19.870,368.420,0.520,1,367.900,388.450,128,32768,64,16384,noop,0,16384
stress,batch,2,0,79,decode,2,2,0,2,2,0,20.210,366.550,0.480,1,366.070,386.900,128,32768,64,16384,noop,0,16384
stress,batch,4,0,0,decode,4,4,0,4,4,0,28.070,390.930,0.650,1,390.280,419.100,128,32768,64,16384,noop,0,16384
stress,batch,4,0,1,decode,4,4,0,4,4,0,26.390,386.880,0.780,1,386.100,413.420,128,32768,64,16384,noop,0,16384
stress,batch,4,0,2,decode,4,4,0,4,4,0,25.940,384.860,0.660,1,384.200,410.920,128,32768,64,16384,noop,0,16384
stress,batch,4,0,3,decode,4,4,0,4,4,0,25.910,382.280,0.630,1,381.650,408.290,128,32768,64,16384,noop,0,16384
stress,batch,4,0,4,decode,4,4,0,4,4,0,26.810,383.720,0.580,1,383.140,410.630,128,32768,64,16384,noop,0,16384
stress,batch,4,0,5,decode,4,4,0,4,4,0,26.220,394.390,0.610,1,393.780,420.790,128,32768,64,16384,noop,0,16384
stress,batch,4,0,6,decode,4,4,0,4,4,0,26.250,386.370,0.630,1,385.740,412.790,128,32768,64,16384,noop,0,16384
stress,batch,4,0,7,decode,4,4,0,4,4,0,26.180,384.850,0.630,1,384.220,411.180,128,32768,64,16384,noop,0,16384
stress,batch,4,0,8,decode,4,4,0,4,4,0,25.840,381.680,0.580,1,381.100,407.640,128,32768,64,16384,noop,0,16384
stress,batch,4,0,9,decode,4,4,0,4,4,0,26.330,382.400,0.610,1,381.790,408.850,128,32768,64,16384,noop,0,16384
stress,batch,4,0,10,decode,4,4,0,4,4,0,26.090,382.040,0.530,1,381.510,408.210,128,32768,64,16384,noop,0,16384
stress,batch,4,0,11,decode,4,4,0,4,4,0,25.380,382.190,0.560,1,381.630,407.720,128,32768,64,16384,noop,0,16384
stress,batch,4,0,12,decode,4,4,0,4,4,0,25.460,379.260,0.610,1,378.650,404.820,128,32768,64,16384,noop,0,16384
stress,batch,4,0,13,decode,4,4,0,4,4,0,25.600,380.220,0.520,1,379.700,405.920,128,32768,64,16384,noop,0,16384
stress,batch,4,0,14,decode,4,4,0,4,4,0,24.570,395.200,0.610,1,394.590,419.890,128,32768,64,16384,noop,0,16384
stress,batch,4,0,15,decode,4,4,0,4,4,0,25.840,383.430,0.470,1,382.960,409.400,128,32768,64,16384,noop,0,16384
stress,batch,4,0,16,decode,4,4,0,4,4,0,25.600,382.420,0.620,1,381.800,408.150,128,32768,64,16384,noop,0,16384
stress,batch,4,0,17,decode,4,4,0,4,4,0,24.530,381.640,0.660,1,380.980,406.350,128,32768,64,16384,noop,0,16384
stress,batch,4,0,18,decode,4,4,0,4,4,0,25.850,381.740,0.550,1,381.190,407.750,128,32768,64,16384,noop,0,16384
stress,batch,4,0,19,decode,4,4,0,4,4,0,24.930,379.890,0.530,1,379.360,404.970,128,32768,64,16384,noop,0,16384
stress,batch,4,0,20,decode,4,4,0,4,4,0,24.950,380.730,0.620,1,380.110,405.820,128,32768,64,16384,noop,0,16384
stress,batch,4,0,21,decode,4,4,0,4,4,0,25.290,378.390,0.620,1,377.770,403.840,128,32768,64,16384,noop,0,16384
stress,batch,4,0,22,decode,4,4,0,4,4,0,25.300,382.290,0.650,1,381.640,407.710,128,32768,64,16384,noop,0,16384
stress,batch,4,0,23,decode,4,4,0,4,4,0,25.740,391.830,0.720,1,391.110,417.740,128,32768,64,16384,noop,0,16384
stress,batch,4,0,24,decode,4,4,0,4,4,0,25.590,384.250,0.550,1,383.700,409.960,128,32768,64,16384,noop,0,16384
stress,batch,4,0,25,decode,4,4,0,4,4,0,25.150,380.410,0.680,1,379.730,405.730,128,32768,64,16384,noop,0,16384
stress,batch,4,0,26,decode,4,4,0,4,4,0,25.110,379.180,0.680,1,378.500,404.460,128,32768,64,16384,noop,0,16384
stress,batch,4,0,27,decode,4,4,0,4,4,0,25.220,379.800,0.670,1,379.130,405.160,128,32768,64,16384,noop,0,16384
stress,batch,4,0,28,decode,4,4,0,4,4,0,25.390,382.450,0.710,1,381.740,408.000,128,32768,64,16384,noop,0,16384
stress,batch,4,0,29,decode,4,4,0,4,4,0,24.470,378.340,0.600,1,377.740,402.910,128,32768,64,16384,noop,0,16384
stress,batch,4,0,30,decode,4,4,0,4,4,0,25.080,380.740,0.630,1,380.110,405.920,128,32768,64,16384,noop,0,16384
stress,batch,4,0,31,decode,4,4,0,4,4,0,25.490,379.590,0.640,1,378.950,405.190,128,32768,64,16384,noop,0,16384
stress,batch,4,0,32,decode,4,4,0,4,4,0,25.070,408.850,0.610,1,408.240,434.020,128,32768,64,16384,noop,0,16384
stress,batch,4,0,33,decode,4,4,0,4,4,0,26.590,389.590,0.580,1,389.010,416.280,128,32768,64,16384,noop,0,16384
stress,batch,4,0,34,decode,4,4,0,4,4,0,24.870,382.030,0.610,1,381.420,406.990,128,32768,64,16384,noop,0,16384
stress,batch,4,0,35,decode,4,4,0,4,4,0,25.140,380.750,0.680,1,380.070,405.960,128,32768,64,16384,noop,0,16384
stress,batch,4,0,36,decode,4,4,0,4,4,0,24.860,378.610,0.590,1,378.020,403.580,128,32768,64,16384,noop,0,16384
stress,batch,4,0,37,decode,4,4,0,4,4,0,25.070,707.100,0.850,1,706.250,732.370,128,32768,64,16384,noop,0,16384
stress,batch,4,0,38,decode,4,4,0,4,4,0,31.270,430.840,0.680,1,430.160,462.260,128,32768,64,16384,noop,0,16384
stress,batch,4,0,39,decode,4,4,0,4,4,0,27.640,393.050,0.570,1,392.480,420.810,128,32768,64,16384,noop,0,16384
stress,batch,4,0,40,decode,4,4,0,4,4,0,26.480,405.960,0.600,1,405.360,432.550,128,32768,64,16384,noop,0,16384
stress,batch,4,0,41,decode,4,4,0,4,4,0,26.790,391.140,0.660,1,390.480,418.050,128,32768,64,16384,noop,0,16384
stress,batch,4,0,42,decode,4,4,0,4,4,0,26.240,383.830,0.550,1,383.280,410.160,128,32768,64,16384,noop,0,16384
stress,batch,4,0,43,decode,4,4,0,4,4,0,25.720,383.230,0.630,1,382.600,409.120,128,32768,64,16384,noop,0,16384
stress,batch,4,0,44,decode,4,4,0,4,4,0,26.240,382.970,0.590,1,382.380,409.420,128,32768,64,16384,noop,0,16384
stress,batch,4,0,45,decode,4,4,0,4,4,0,25.060,379.880,0.640,1,379.240,405.100,128,32768,64,16384,noop,0,16384
stress,batch,4,0,46,decode,4,4,0,4,4,0,24.880,383.580,0.640,1,382.940,408.560,128,32768,64,16384,noop,0,16384
stress,batch,4,0,47,decode,4,4,0,4,4,0,25.010,382.360,0.650,1,381.710,407.470,128,32768,64,16384,noop,0,16384
stress,batch,4,0,48,decode,4,4,0,4,4,0,25.030,380.320,0.620,1,379.700,405.440,128,32768,64,16384,noop,0,16384
stress,batch,4,0,49,decode,4,4,0,4,4,0,25.300,395.100,0.700,1,394.400,420.570,128,32768,64,16384,noop,0,16384
stress,batch,4,0,50,decode,4,4,0,4,4,0,24.430,377.330,0.680,1,376.650,401.860,128,32768,64,16384,noop,0,16384
stress,batch,4,0,51,decode,4,4,0,4,4,0,24.020,373.830,0.600,1,373.230,397.950,128,32768,64,16384,noop,0,16384
stress,batch,4,0,52,decode,4,4,0,4,4,0,24.510,372.560,0.610,1,371.950,397.180,128,32768,64,16384,noop,0,16384
stress,batch,4,0,53,decode,4,4,0,4,4,0,24.500,373.230,0.560,1,372.670,397.830,128,32768,64,16384,noop,0,16384
stress,batch,4,0,54,decode,4,4,0,4,4,0,24.590,371.130,0.620,1,370.510,395.810,128,32768,64,16384,noop,0,16384
stress,batch,4,0,55,decode,4,4,0,4,4,0,24.450,373.430,0.540,1,372.890,397.990,128,32768,64,16384,noop,0,16384
stress,batch,4,0,56,decode,4,4,0,4,4,0,24.110,371.560,0.590,1,370.970,395.770,128,32768,64,16384,noop,0,16384
stress,batch,4,0,57,decode,4,4,0,4,4,0,24.790,374.060,0.590,1,373.470,398.950,128,32768,64,16384,noop,0,16384
stress,batch,4,0,58,decode,4,4,0,4,4,0,24.470,386.030,0.640,1,385.390,410.650,128,32768,64,16384,noop,0,16384
stress,batch,4,0,59,decode,4,4,0,4,4,0,25.060,375.910,0.600,1,375.310,401.080,128,32768,64,16384,noop,0,16384
stress,batch,4,0,60,decode,4,4,0,4,4,0,24.710,372.160,0.610,1,371.550,396.980,128,32768,64,16384,noop,0,16384
stress,batch,4,0,61,decode,4,4,0,4,4,0,24.420,370.950,0.560,1,370.390,395.470,128,32768,64,16384,noop,0,16384
stress,batch,4,0,62,decode,4,4,0,4,4,0,23.830,369.730,0.550,1,369.180,393.700,128,32768,64,16384,noop,0,16384
stress,batch,4,0,63,decode,4,4,0,4,4,0,23.740,369.420,0.590,1,368.830,393.270,128,32768,64,16384,noop,0,16384
stress,batch,4,0,64,decode,4,4,0,4,4,0,23.680,370.430,0.600,1,369.830,394.210,128,32768,64,16384,noop,0,16384
stress,batch,4,0,65,decode,4,4,0,4,4,0,24.110,368.870,0.520,1,368.350,393.100,128,32768,64,16384,noop,0,16384
stress,batch,4,0,66,decode,4,4,0,4,4,0,23.840,368.570,0.570,1,368.000,392.580,128,32768,64,16384,noop,0,16384
stress,batch,4,0,67,decode,4,4,0,4,4,0,23.360,368.270,0.610,1,367.660,391.790,128,32768,64,16384,noop,0,16384
stress,batch,4,0,68,decode,4,4,0,4,4,0,25.020,378.420,0.590,1,377.830,403.620,128,32768,64,16384,noop,0,16384
stress,batch,4,0,69,decode,4,4,0,4,4,0,24.240,373.320,0.610,1,372.710,397.740,128,32768,64,16384,noop,0,16384
stress,batch,4,0,70,decode,4,4,0,4,4,0,23.540,372.050,0.620,1,371.430,395.810,128,32768,64,16384,noop,0,16384
stress,batch,4,0,71,decode,4,4,0,4,4,0,23.980,370.250,0.600,1,369.650,394.360,128,32768,64,16384,noop,0,16384
stress,batch,4,0,72,decode,4,4,0,4,4,0,23.530,369.020,0.520,1,368.500,392.650,128,32768,64,16384,noop,0,16384
stress,batch,4,0,73,decode,4,4,0,4,4,0,23.780,371.860,0.650,1,371.210,395.850,128,32768,64,16384,noop,0,16384
stress,batch,4,0,74,decode,4,4,0,4,4,0,23.970,370.550,0.530,1,370.020,394.650,128,32768,64,16384,noop,0,16384
stress,batch,4,0,75,decode,4,4,0,4,4,0,24.380,371.920,0.440,1,371.480,396.420,128,32768,64,16384,noop,0,16384
stress,batch,4,0,76,decode,4,4,0,4,4,0,24.470,373.450,0.580,1,372.870,398.100,128,32768,64,16384,noop,0,16384
stress,batch,4,0,77,decode,4,4,0,4,4,0,24.880,386.860,0.660,1,386.200,411.840,128,32768,64,16384,noop,0,16384
stress,batch,4,0,78,decode,4,4,0,4,4,0,24.600,371.420,0.530,1,370.890,396.130,128,32768,64,16384,noop,0,16384
stress,batch,4,0,79,decode,4,4,0,4,4,0,23.620,372.130,0.640,1,371.490,395.850,128,32768,64,16384,noop,0,16384
stress,batch,8,0,0,decode,8,8,0,8,8,0,35.650,394.160,0.520,1,393.640,429.880,128,32768,64,16384,noop,0,16384
stress,batch,8,0,1,decode,8,8,0,8,8,0,34.540,390.250,0.500,1,389.750,424.910,128,32768,64,16384,noop,0,16384
stress,batch,8,0,2,decode,8,8,0,8,8,0,33.980,388.770,0.580,1,388.190,422.820,128,32768,64,16384,noop,0,16384
stress,batch,8,0,3,decode,8,8,0,8,8,0,33.720,388.480,0.470,1,388.010,422.300,128,32768,64,16384,noop,0,16384
stress,batch,8,0,4,decode,8,8,0,8,8,0,34.500,387.830,0.630,1,387.200,422.430,128,32768,64,16384,noop,0,16384
stress,batch,8,0,5,decode,8,8,0,8,8,0,32.810,385.840,0.540,1,385.300,418.730,128,32768,64,16384,noop,0,16384
stress,batch,8,0,6,decode,8,8,0,8,8,0,32.450,384.740,0.570,1,384.170,417.290,128,32768,64,16384,noop,0,16384
stress,batch,8,0,7,decode,8,8,0,8,8,0,32.550,385.010,0.630,1,384.380,428.900,128,32768,64,16384,noop,0,16384
stress,batch,8,0,8,decode,8,8,0,8,8,0,33.700,398.100,0.720,1,397.380,431.910,128,32768,64,16384,noop,0,16384
stress,batch,8,0,9,decode,8,8,0,8,8,0,32.610,389.790,0.620,1,389.170,422.560,128,32768,64,16384,noop,0,16384
stress,batch,8,0,10,decode,8,8,0,8,8,0,31.860,386.710,0.640,1,386.070,418.670,128,32768,64,16384,noop,0,16384
stress,batch,8,0,11,decode,8,8,0,8,8,0,32.240,387.350,0.680,1,386.670,419.680,128,32768,64,16384,noop,0,16384
stress,batch,8,0,12,decode,8,8,0,8,8,0,32.760,387.160,0.620,1,386.540,420.030,128,32768,64,16384,noop,0,16384
stress,batch,8,0,13,decode,8,8,0,8,8,0,31.680,383.330,0.510,1,382.820,415.110,128,32768,64,16384,noop,0,16384
stress,batch,8,0,14,decode,8,8,0,8,8,0,31.700,385.070,0.530,1,384.540,416.880,128,32768,64,16384,noop,0,16384
stress,batch,8,0,15,decode,8,8,0,8,8,0,31.970,385.780,0.600,1,385.180,417.880,128,32768,64,16384,noop,0,16384
stress,batch,8,0,16,decode,8,8,0,8,8,0,31.260,399.920,0.580,1,399.340,431.340,128,32768,64,16384,noop,0,16384
stress,batch,8,0,17,decode,8,8,0,8,8,0,32.560,388.120,0.640,1,387.480,420.850,128,32768,64,16384,noop,0,16384
stress,batch,8,0,18,decode,8,8,0,8,8,0,32.830,386.500,0.590,1,385.910,419.520,128,32768,64,16384,noop,0,16384
stress,batch,8,0,19,decode,8,8,0,8,8,0,32.220,385.970,0.650,1,385.320,418.300,128,32768,64,16384,noop,0,16384
stress,batch,8,0,20,decode,8,8,0,8,8,0,32.260,385.020,0.600,1,384.420,417.450,128,32768,64,16384,noop,0,16384
stress,batch,8,0,21,decode,8,8,0,8,8,0,32.060,385.020,0.620,1,384.400,417.180,128,32768,64,16384,noop,0,16384
stress,batch,8,0,22,decode,8,8,0,8,8,0,31.850,384.030,0.540,1,383.490,416.000,128,32768,64,16384,noop,0,16384
stress,batch,8,0,23,decode,8,8,0,8,8,0,31.580,384.080,0.590,1,383.490,415.800,128,32768,64,16384,noop,0,16384
stress,batch,8,0,24,decode,8,8,0,8,8,0,31.920,385.390,0.610,1,384.780,417.440,128,32768,64,16384,noop,0,16384
stress,batch,8,0,25,decode,8,8,0,8,8,0,32.080,405.350,0.690,1,404.660,437.550,128,32768,64,16384,noop,0,16384
stress,batch,8,0,26,decode,8,8,0,8,8,0,33.370,385.140,0.610,1,384.530,418.640,128,32768,64,16384,noop,0,16384
stress,batch,8,0,27,decode,8,8,0,8,8,0,31.820,386.370,0.640,1,385.730,418.330,128,32768,64,16384,noop,0,16384
stress,batch,8,0,28,decode,8,8,0,8,8,0,32.270,380.710,0.630,1,380.080,413.160,128,32768,64,16384,noop,0,16384
stress,batch,8,0,29,decode,8,8,0,8,8,0,31.880,382.290,0.600,1,381.690,414.280,128,32768,64,16384,noop,0,16384
stress,batch,8,0,30,decode,8,8,0,8,8,0,31.400,382.520,0.620,1,381.900,414.030,128,32768,64,16384,noop,0,16384
stress,batch,8,0,31,decode,8,8,0,8,8,0,31.870,383.150,0.600,1,382.550,415.120,128,32768,64,16384,noop,0,16384
stress,batch,8,0,32,decode,8,8,0,8,8,0,31.070,381.820,0.590,1,381.230,413.000,128,32768,64,16384,noop,0,16384
stress,batch,8,0,33,decode,8,8,0,8,8,0,31.530,394.100,0.590,1,393.510,425.760,128,32768,64,16384,noop,0,16384
stress,batch,8,0,34,decode,8,8,0,8,8,0,32.000,390.310,0.620,1,389.690,422.400,128,32768,64,16384,noop,0,16384
stress,batch,8,0,35,decode,8,8,0,8,8,0,31.780,384.980,0.620,1,384.360,416.860,128,32768,64,16384,noop,0,16384
stress,batch,8,0,36,decode,8,8,0,8,8,0,32.410,384.700,0.590,1,384.110,417.290,128,32768,64,16384,noop,0,16384
stress,batch,8,0,37,decode,8,8,0,8,8,0,31.140,382.850,0.560,1,382.290,414.110,128,32768,64,16384,noop,0,16384
stress,batch,8,0,38,decode,8,8,0,8,8,0,31.650,383.700,0.560,1,383.140,415.500,128,32768,64,16384,noop,0,16384
stress,batch,8,0,39,decode,8,8,0,8,8,0,32.580,381.070,0.590,1,380.480,413.760,128,32768,64,16384,noop,0,16384
stress,batch,8,0,40,decode,8,8,0,8,8,0,32.080,385.270,0.500,1,384.770,417.500,128,32768,64,16384,noop,0,16384
stress,batch,8,0,41,decode,8,8,0,8,8,0,32.100,386.940,0.500,1,386.440,419.150,128,32768,64,16384,noop,0,16384
stress,batch,8,0,42,decode,8,8,0,8,8,0,31.580,409.910,0.590,1,409.320,441.600,128,32768,64,16384,noop,0,16384
stress,batch,8,0,43,decode,8,8,0,8,8,0,32.350,389.930,0.580,1,389.350,422.400,128,32768,64,16384,noop,0,16384
stress,batch,8,0,44,decode,8,8,0,8,8,0,31.700,385.670,0.500,1,385.170,417.490,128,32768,64,16384,noop,0,16384
stress,batch,8,0,45,decode,8,8,0,8,8,0,31.940,384.700,0.560,1,384.140,416.740,128,32768,64,16384,noop,0,16384
stress,batch,8,0,46,decode,8,8,0,8,8,0,31.190,382.170,0.570,1,381.600,413.540,128,32768,64,16384,noop,0,16384
stress,batch,8,0,47,decode,8,8,0,8,8,0,31.560,384.030,0.510,1,383.520,415.720,128,32768,64,16384,noop,0,16384
stress,batch,8,0,48,decode,8,8,0,8,8,0,31.490,383.670,0.630,1,383.040,415.260,128,32768,64,16384,noop,0,16384
stress,batch,8,0,49,decode,8,8,0,8,8,0,31.490,383.730,0.640,1,383.090,415.400,128,32768,64,16384,noop,0,16384
stress,batch,8,0,50,decode,8,8,0,8,8,0,30.840,375.860,0.630,1,375.230,406.860,128,32768,64,16384,noop,0,16384
stress,batch,8,0,51,decode,8,8,0,8,8,0,30.540,390.060,0.530,1,389.530,420.670,128,32768,64,16384,noop,0,16384
stress,batch,8,0,52,decode,8,8,0,8,8,0,30.540,377.610,0.530,1,377.080,408.280,128,32768,64,16384,noop,0,16384
stress,batch,8,0,53,decode,8,8,0,8,8,0,30.630,372.700,0.500,1,372.200,403.430,128,32768,64,16384,noop,0,16384
stress,batch,8,0,54,decode,8,8,0,8,8,0,30.780,370.440,0.650,1,369.790,401.380,128,32768,64,16384,noop,0,16384
stress,batch,8,0,55,decode,8,8,0,8,8,0,30.620,375.700,0.610,1,375.090,406.470,128,32768,64,16384,noop,0,16384
stress,batch,8,0,56,decode,8,8,0,8,8,0,29.460,381.800,0.530,1,381.270,411.350,128,32768,64,16384,noop,0,16384
stress,batch,8,0,57,decode,8,8,0,8,8,0,30.290,375.450,0.520,1,374.930,405.830,128,32768,64,16384,noop,0,16384
stress,batch,8,0,58,decode,8,8,0,8,8,0,30.870,372.720,0.540,1,372.180,403.700,128,32768,64,16384,noop,0,16384
stress,batch,8,0,59,decode,8,8,0,8,8,0,30.910,375.380,0.540,1,374.840,406.390,128,32768,64,16384,noop,0,16384
stress,batch,8,0,60,decode,8,8,0,8,8,0,30.120,401.320,0.620,1,400.700,431.560,128,32768,64,16384,noop,0,16384
stress,batch,8,0,61,decode,8,8,0,8,8,0,31.470,376.440,0.570,1,375.870,408.010,128,32768,64,16384,noop,0,16384
stress,batch,8,0,62,decode,8,8,0,8,8,0,30.510,373.310,0.590,1,372.720,403.950,128,32768,64,16384,noop,0,16384
stress,batch,8,0,63,decode,8,8,0,8,8,0,30.540,375.540,0.590,1,374.950,406.180,128,32768,64,16384,noop,0,16384
stress,batch,8,0,64,decode,8,8,0,8,8,0,30.160,372.130,0.670,1,371.460,402.380,128,32768,64,16384,noop,0,16384
stress,batch,8,0,65,decode,8,8,0,8,8,0,30.200,370.360,0.520,1,369.840,400.660,128,32768,64,16384,noop,0,16384
stress,batch,8,0,66,decode,8,8,0,8,8,0,30.150,373.870,0.650,1,373.220,404.120,128,32768,64,16384,noop,0,16384
stress,batch,8,0,67,decode,8,8,0,8,8,0,29.940,376.610,0.610,1,376.000,406.650,128,32768,64,16384,noop,0,16384
stress,batch,8,0,68,decode,8,8,0,8,8,0,30.390,372.700,0.530,1,372.170,403.200,128,32768,64,16384,noop,0,16384
stress,batch,8,0,69,decode,8,8,0,8,8,0,31.210,379.930,0.560,1,379.370,411.280,128,32768,64,16384,noop,0,16384
stress,batch,8,0,70,decode,8,8,0,8,8,0,30.870,371.800,0.500,1,371.300,402.860,128,32768,64,16384,noop,0,16384
stress,batch,8,0,71,decode,8,8,0,8,8,0,29.550,373.980,0.550,1,373.430,403.690,128,32768,64,16384,noop,0,16384
stress,batch,8,0,72,decode,8,8,0,8,8,0,29.870,374.620,0.570,1,374.050,404.620,128,32768,64,16384,noop,0,16384
stress,batch,8,0,73,decode,8,8,0,8,8,0,29.960,373.860,0.670,1,373.190,403.940,128,32768,64,16384,noop,0,16384
stress,batch,8,0,74,decode,8,8,0,8,8,0,30.900,375.030,0.700,1,374.330,406.030,128,32768,64,16384,noop,0,16384
stress,batch,8,0,75,decode,8,8,0,8,8,0,29.760,371.090,0.610,1,370.480,400.970,128,32768,64,16384,noop,0,16384
stress,batch,8,0,76,decode,8,8,0,8,8,0,30.080,372.470,0.590,1,371.880,402.710,128,32768,64,16384,noop,0,16384
stress,batch,8,0,77,decode,8,8,0,8,8,0,30.570,390.150,0.660,1,389.490,420.880,128,32768,64,16384,noop,0,16384
stress,batch,8,0,78,decode,8,8,0,8,8,0,30.910,391.700,0.500,1,391.200,422.720,128,32768,64,16384,noop,0,16384
stress,batch,8,0,79,decode,8,8,0,8,8,0,31.140,376.320,0.520,1,375.800,407.530,128,32768,64,16384,noop,0,16384
stress,batch,16,0,0,decode,16,16,0,16,16,0,50.710,418.980,0.640,1,418.340,469.840,128,32768,64,16384,noop,0,16384
stress,batch,16,0,1,decode,16,16,0,16,16,0,49.480,405.550,0.620,1,404.930,455.140,128,32768,64,16384,noop,0,16384
stress,batch,16,0,2,decode,16,16,0,16,16,0,45.740,399.460,0.610,1,398.850,445.370,128,32768,64,16384,noop,0,16384
stress,batch,16,0,3,decode,16,16,0,16,16,0,45.810,397.650,0.720,1,396.930,443.590,128,32768,64,16384,noop,0,16384
stress,batch,16,0,4,decode,16,16,0,16,16,0,44.980,397.060,0.540,1,396.520,442.200,128,32768,64,16384,noop,0,16384
stress,batch,16,0,5,decode,16,16,0,16,16,0,44.030,396.640,0.660,1,395.980,440.830,128,32768,64,16384,noop,0,16384
stress,batch,16,0,6,decode,16,16,0,16,16,0,44.680,396.300,0.730,1,395.570,441.160,128,32768,64,16384,noop,0,16384
stress,batch,16,0,7,decode,16,16,0,16,16,0,44.910,409.250,0.640,1,408.610,454.310,128,32768,64,16384,noop,0,16384
stress,batch,16,0,8,decode,16,16,0,16,16,0,45.230,398.370,0.600,1,397.770,443.760,128,32768,64,16384,noop,0,16384
stress,batch,16,0,9,decode,16,16,0,16,16,0,44.440,397.760,0.670,1,397.090,442.340,128,32768,64,16384,noop,0,16384
stress,batch,16,0,10,decode,16,16,0,16,16,0,45.040,393.340,0.610,1,392.730,438.510,128,32768,64,16384,noop,0,16384
stress,batch,16,0,11,decode,16,16,0,16,16,0,44.530,393.480,0.600,1,392.880,438.140,128,32768,64,16384,noop,0,16384
stress,batch,16,0,12,decode,16,16,0,16,16,0,43.930,393.740,0.660,1,393.080,437.790,128,32768,64,16384,noop,0,16384
stress,batch,16,0,13,decode,16,16,0,16,16,0,44.540,394.680,0.540,1,394.140,439.350,128,32768,64,16384,noop,0,16384
stress,batch,16,0,14,decode,16,16,0,16,16,0,43.870,394.660,0.660,1,394.000,438.640,128,32768,64,16384,noop,0,16384
stress,batch,16,0,15,decode,16,16,0,16,16,0,44.750,413.680,0.720,1,412.960,458.530,128,32768,64,16384,noop,0,16384
stress,batch,16,0,16,decode,16,16,0,16,16,0,44.270,401.030,0.660,1,400.370,445.420,128,32768,64,16384,noop,0,16384
stress,batch,16,0,17,decode,16,16,0,16,16,0,44.900,396.480,0.580,1,395.900,441.480,128,32768,64,16384,noop,0,16384
stress,batch,16,0,18,decode,16,16,0,16,16,0,44.540,395.870,0.580,1,395.290,440.520,128,32768,64,16384,noop,0,16384
stress,batch,16,0,19,decode,16,16,0,16,16,0,45.040,399.880,0.710,1,399.170,445.090,128,32768,64,16384,noop,0,16384
stress,batch,16,0,20,decode,16,16,0,16,16,0,44.430,395.370,0.590,1,394.780,439.960,128,32768,64,16384,noop,0,16384
stress,batch,16,0,21,decode,16,16,0,16,16,0,44.100,394.440,0.600,1,393.840,438.700,128,32768,64,16384,noop,0,16384
stress,batch,16,0,22,decode,16,16,0,16,16,0,44.260,394.300,0.630,1,393.670,438.700,128,32768,64,16384,noop,0,16384
stress,batch,16,0,23,decode,16,16,0,16,16,0,44.140,408.070,0.630,1,407.440,452.360,128,32768,64,16384,noop,0,16384
stress,batch,16,0,24,decode,16,16,0,16,16,0,45.360,397.130,0.650,1,396.480,442.670,128,32768,64,16384,noop,0,16384
stress,batch,16,0,25,decode,16,16,0,16,16,0,44.290,391.700,0.750,1,390.950,436.110,128,32768,64,16384,noop,0,16384
stress,batch,16,0,26,decode,16,16,0,16,16,0,44.620,394.050,0.500,1,393.550,438.790,128,32768,64,16384,noop,0,16384
stress,batch,16,0,27,decode,16,16,0,16,16,0,44.440,393.310,0.670,1,392.640,437.850,128,32768,64,16384,noop,0,16384
stress,batch,16,0,28,decode,16,16,0,16,16,0,44.480,390.620,0.570,1,390.050,435.230,128,32768,64,16384,noop,0,16384
stress,batch,16,0,29,decode,16,16,0,16,16,0,44.540,394.460,0.630,1,393.830,439.130,128,32768,64,16384,noop,0,16384
stress,batch,16,0,30,decode,16,16,0,16,16,0,44.930,389.590,0.640,1,388.950,434.640,128,32768,64,16384,noop,0,16384
stress,batch,16,0,31,decode,16,16,0,16,16,0,43.630,409.060,0.700,1,408.360,452.790,128,32768,64,16384,noop,0,16384
stress,batch,16,0,32,decode,16,16,0,16,16,0,44.570,395.640,0.520,1,395.120,440.300,128,32768,64,16384,noop,0,16384
stress,batch,16,0,33,decode,16,16,0,16,16,0,514.930,483.550,0.760,1,482.790,998.640,128,32768,64,16384,noop,0,16384
stress,batch,16,0,34,decode,16,16,0,16,16,0,48.020,410.280,0.670,1,409.610,458.420,128,32768,64,16384,noop,0,16384
stress,batch,16,0,35,decode,16,16,0,16,16,0,45.710,402.650,0.610,1,402.040,448.510,128,32768,64,16384,noop,0,16384
stress,batch,16,0,36,decode,16,16,0,16,16,0,46.280,400.990,0.600,1,400.390,447.340,128,32768,64,16384,noop,0,16384
stress,batch,16,0,37,decode,16,16,0,16,16,0,45.170,398.660,0.630,1,398.030,443.970,128,32768,64,16384,noop,0,16384
stress,batch,16,0,38,decode,16,16,0,16,16,0,44.900,412.110,0.600,1,411.510,457.120,128,32768,64,16384,noop,0,16384
stress,batch,16,0,39,decode,16,16,0,16,16,0,45.350,400.170,0.600,1,399.570,445.630,128,32768,64,16384,noop,0,16384
stress,batch,16,0,40,decode,16,16,0,16,16,0,44.800,396.790,0.620,1,396.170,441.720,128,32768,64,16384,noop,0,16384
stress,batch,16,0,41,decode,16,16,0,16,16,0,45.100,396.770,0.720,1,396.050,442.000,128,32768,64,16384,noop,0,16384
stress,batch,16,0,42,decode,16,16,0,16,16,0,44.420,397.680,0.580,1,397.100,442.220,128,32768,64,16384,noop,0,16384
stress,batch,16,0,43,decode,16,16,0,16,16,0,45.370,396.080,0.670,1,395.410,441.550,128,32768,64,16384,noop,0,16384
stress,batch,16,0,44,decode,16,16,0,16,16,0,44.210,398.690,0.620,1,398.070,443.060,128,32768,64,16384,noop,0,16384
stress,batch,16,0,45,decode,16,16,0,16,16,0,44.960,395.790,0.600,1,395.190,440.920,128,32768,64,16384,noop,0,16384
stress,batch,16,0,46,decode,16,16,0,16,16,0,44.870,416.090,0.630,1,415.460,461.120,128,32768,64,16384,noop,0,16384
stress,batch,16,0,47,decode,16,16,0,16,16,0,45.200,397.720,0.570,1,397.150,443.060,128,32768,64,16384,noop,0,16384
stress,batch,16,0,48,decode,16,16,0,16,16,0,45.380,394.070,0.590,1,393.480,439.630,128,32768,64,16384,noop,0,16384
stress,batch,16,0,49,decode,16,16,0,16,16,0,45.240,396.370,0.640,1,395.730,441.790,128,32768,64,16384,noop,0,16384
stress,batch,16,0,50,decode,16,16,0,16,16,0,43.940,384.850,0.630,1,384.220,428.960,128,32768,64,16384,noop,0,16384
stress,batch,16,0,51,decode,16,16,0,16,16,0,43.750,383.850,0.630,1,383.220,427.760,128,32768,64,16384,noop,0,16384
stress,batch,16,0,52,decode,16,16,0,16,16,0,44.240,401.200,0.770,1,400.430,445.630,128,32768,64,16384,noop,0,16384
stress,batch,16,0,53,decode,16,16,0,16,16,0,45.160,391.050,0.630,1,390.420,436.370,128,32768,64,16384,noop,0,16384
stress,batch,16,0,54,decode,16,16,0,16,16,0,44.960,402.070,0.730,1,401.340,447.140,128,32768,64,16384,noop,0,16384
stress,batch,16,0,55,decode,16,16,0,16,16,0,44.940,391.220,0.510,1,390.710,436.270,128,32768,64,16384,noop,0,16384
stress,batch,16,0,56,decode,16,16,0,16,16,0,43.170,387.960,0.660,1,387.300,431.250,128,32768,64,16384,noop,0,16384
stress,batch,16,0,57,decode,16,16,0,16,16,0,44.180,381.070,0.500,1,380.570,425.350,128,32768,64,16384,noop,0,16384
stress,batch,16,0,58,decode,16,16,0,16,16,0,44.040,382.010,0.630,1,381.380,426.170,128,32768,64,16384,noop,0,16384
stress,batch,16,0,59,decode,16,16,0,16,16,0,43.170,383.340,0.570,1,382.770,426.630,128,32768,64,16384,noop,0,16384
stress,batch,16,0,60,decode,16,16,0,16,16,0,43.890,383.740,0.670,1,383.070,427.740,128,32768,64,16384,noop,0,16384
stress,batch,16,0,61,decode,16,16,0,16,16,0,43.140,381.820,0.640,1,381.180,425.090,128,32768,64,16384,noop,0,16384
stress,batch,16,0,62,decode,16,16,0,16,16,0,44.390,384.320,0.560,1,383.760,428.780,128,32768,64,16384,noop,0,16384
stress,batch,16,0,63,decode,16,16,0,16,16,0,44.080,388.930,0.580,1,388.350,433.100,128,32768,64,16384,noop,0,16384
stress,batch,16,0,64,decode,16,16,0,16,16,0,43.710,386.810,0.680,1,386.130,430.610,128,32768,64,16384,noop,0,16384
stress,batch,16,0,65,decode,16,16,0,16,16,0,43.610,382.690,0.500,1,382.190,426.430,128,32768,64,16384,noop,0,16384
stress,batch,16,0,66,decode,16,16,0,16,16,0,43.200,381.090,0.630,1,380.460,424.440,128,32768,64,16384,noop,0,16384
stress,batch,16,0,67,decode,16,16,0,16,16,0,43.950,379.450,0.620,1,378.830,423.530,128,32768,64,16384,noop,0,16384
stress,batch,16,0,68,decode,16,16,0,16,16,0,43.420,381.140,0.580,1,380.560,424.680,128,32768,64,16384,noop,0,16384
stress,batch,16,0,69,decode,16,16,0,16,16,0,43.040,382.630,0.640,1,381.990,425.780,128,32768,64,16384,noop,0,16384
stress,batch,16,0,70,decode,16,16,0,16,16,0,43.220,380.370,0.650,1,379.720,423.690,128,32768,64,16384,noop,0,16384
stress,batch,16,0,71,decode,16,16,0,16,16,0,43.950,399.610,0.630,1,398.980,443.710,128,32768,64,16384,noop,0,16384
stress,batch,16,0,72,decode,16,16,0,16,16,0,43.980,381.970,0.650,1,381.320,426.060,128,32768,64,16384,noop,0,16384
stress,batch,16,0,73,decode,16,16,0,16,16,0,42.710,382.490,0.560,1,381.930,425.290,128,32768,64,16384,noop,0,16384
stress,batch,16,0,74,decode,16,16,0,16,16,0,43.210,381.690,0.660,1,381.030,425.020,128,32768,64,16384,noop,0,16384
stress,batch,16,0,75,decode,16,16,0,16,16,0,43.380,382.630,0.650,1,381.980,426.120,128,32768,64,16384,noop,0,16384
stress,batch,16,0,76,decode,16,16,0,16,16,0,42.980,382.870,0.580,1,382.290,425.980,128,32768,64,16384,noop,0,16384
stress,batch,16,0,77,decode,16,16,0,16,16,0,42.510,381.150,0.610,1,380.540,423.760,128,32768,64,16384,noop,0,16384
stress,batch,16,0,78,decode,16,16,0,16,16,0,43.320,380.820,0.630,1,380.190,424.240,128,32768,64,16384,noop,0,16384
stress,batch,16,0,79,decode,16,16,0,16,16,0,43.070,395.330,0.560,1,394.770,438.530,128,32768,64,16384,noop,0,16384
stress,batch,32,0,0,prefill,32,16384,9,23,32,0,790.590,654.400,0.750,1,653.650,1445.120,128,32768,64,16384,noop,0,16384
stress,batch,32,0,1,prefill,32,77,1,31,32,0,175.060,440.620,0.670,1,439.950,615.810,128,32768,64,16384,noop,0,16384
stress,batch,32,0,2,decode,32,32,0,32,32,0,75.000,429.610,0.670,1,428.940,504.760,128,32768,64,16384,noop,0,16384
stress,batch,32,0,3,decode,32,32,0,32,32,0,73.220,416.300,0.600,1,415.700,489.670,128,32768,64,16384,noop,0,16384
stress,batch,32,0,4,decode,32,32,0,32,32,0,72.670,408.730,0.660,1,408.070,481.570,128,32768,64,16384,noop,0,16384
stress,batch,32,0,5,decode,32,32,0,32,32,0,71.280,407.280,0.650,1,406.630,478.720,128,32768,64,16384,noop,0,16384
stress,batch,32,0,6,decode,32,32,0,32,32,0,72.690,402.510,0.500,1,402.010,475.280,128,32768,64,16384,noop,0,16384
stress,batch,32,0,7,decode,32,32,0,32,32,0,71.180,406.460,0.590,1,405.870,477.740,128,32768,64,16384,noop,0,16384
stress,batch,32,0,8,decode,32,32,0,32,32,0,72.510,406.290,0.670,1,405.620,478.900,128,32768,64,16384,noop,0,16384
stress,batch,32,0,9,decode,32,32,0,32,32,0,72.200,405.490,0.620,1,404.870,477.800,128,32768,64,16384,noop,0,16384
stress,batch,32,0,10,decode,32,32,0,32,32,0,73.590,410.020,0.650,1,409.370,483.770,128,32768,64,16384,noop,0,16384
stress,batch,32,0,11,decode,32,32,0,32,32,0,73.350,402.020,0.700,1,401.320,475.500,128,32768,64,16384,noop,0,16384
stress,batch,32,0,12,decode,32,32,0,32,32,0,72.600,402.100,0.530,1,401.570,474.820,128,32768,64,16384,noop,0,16384
stress,batch,32,0,13,decode,32,32,0,32,32,0,72.940,401.670,0.600,1,401.070,474.690,128,32768,64,16384,noop,0,16384
stress,batch,32,0,14,decode,32,32,0,32,32,0,70.690,401.530,0.480,1,401.050,472.320,128,32768,64,16384,noop,0,16384
stress,batch,32,0,15,decode,32,32,0,32,32,0,71.910,399.880,0.650,1,399.230,471.910,128,32768,64,16384,noop,0,16384
stress,batch,32,0,16,decode,32,32,0,32,32,0,70.590,399.930,0.530,1,399.400,470.620,128,32768,64,16384,noop,0,16384
stress,batch,32,0,17,decode,32,32,0,32,32,0,71.650,419.900,0.640,1,419.260,491.660,128,32768,64,16384,noop,0,16384
stress,batch,32,0,18,decode,32,32,0,32,32,0,72.970,403.080,0.590,1,402.490,476.140,128,32768,64,16384,noop,0,16384
stress,batch,32,0,19,decode,32,32,0,32,32,0,70.720,400.410,0.660,1,399.750,471.250,128,32768,64,16384,noop,0,16384
stress,batch,32,0,20,decode,32,32,0,32,32,0,71.430,402.670,0.570,1,402.100,474.210,128,32768,64,16384,noop,0,16384
stress,batch,32,0,21,decode,32,32,0,32,32,0,72.110,401.010,0.490,1,400.520,473.240,128,32768,64,16384,noop,0,16384
stress,batch,32,0,22,decode,32,32,0,32,32,0,71.750,400.610,0.670,1,399.940,472.470,128,32768,64,16384,noop,0,16384
stress,batch,32,0,23,decode,32,32,0,32,32,0,72.470,401.340,0.620,1,400.720,473.980,128,32768,64,16384,noop,0,16384
stress,batch,32,0,24,decode,32,32,0,32,32,0,71.390,416.970,0.670,1,416.300,488.530,128,32768,64,16384,noop,0,16384
stress,batch,32,0,25,decode,32,32,0,32,32,0,71.410,404.210,0.560,1,403.650,475.790,128,32768,64,16384,noop,0,16384
stress,batch,32,0,26,decode,32,32,0,32,32,0,71.350,399.440,0.590,1,398.850,470.910,128,32768,64,16384,noop,0,16384
stress,batch,32,0,27,decode,32,32,0,32,32,0,72.220,398.220,0.570,1,397.650,470.520,128,32768,64,16384,noop,0,16384
stress,batch,32,0,28,decode,32,32,0,32,32,0,70.780,398.850,0.570,1,398.280,469.760,128,32768,64,16384,noop,0,16384
stress,batch,32,0,29,decode,32,32,0,32,32,0,70.870,398.740,0.560,1,398.180,469.700,128,32768,64,16384,noop,0,16384
stress,batch,32,0,30,decode,32,32,0,32,32,0,72.150,400.960,0.610,1,400.350,473.250,128,32768,64,16384,noop,0,16384
stress,batch,32,0,31,decode,32,32,0,32,32,0,70.840,414.160,0.660,1,413.500,485.110,128,32768,64,16384,noop,0,16384
stress,batch,32,0,32,decode,32,32,0,32,32,0,72.510,406.290,0.630,1,405.660,478.920,128,32768,64,16384,noop,0,16384
stress,batch,32,0,33,decode,32,32,0,32,32,0,72.480,400.230,0.690,1,399.540,472.820,128,32768,64,16384,noop,0,16384
stress,batch,32,0,34,decode,32,32,0,32,32,0,1378.670,525.240,0.740,1,524.500,1904.060,128,32768,64,16384,noop,0,16384
stress,batch,32,0,35,decode,32,32,0,32,32,0,78.490,424.110,0.610,1,423.500,502.700,128,32768,64,16384,noop,0,16384
stress,batch,32,0,36,decode,32,32,0,32,32,0,75.240,432.920,0.610,1,432.310,508.290,128,32768,64,16384,noop,0,16384
stress,batch,32,0,37,decode,32,32,0,32,32,0,73.960,412.800,0.670,1,412.130,486.860,128,32768,64,16384,noop,0,16384
stress,batch,32,0,38,decode,32,32,0,32,32,0,72.880,408.140,0.640,1,407.500,481.140,128,32768,64,16384,noop,0,16384
stress,batch,32,0,39,decode,32,32,0,32,32,0,72.820,407.320,0.560,1,406.760,480.260,128,32768,64,16384,noop,0,16384
stress,batch,32,0,40,decode,32,32,0,32,32,0,71.880,404.660,0.680,1,403.980,476.650,128,32768,64,16384,noop,0,16384
stress,batch,32,0,41,decode,32,32,0,32,32,0,71.430,406.220,0.670,1,405.550,477.760,128,32768,64,16384,noop,0,16384
stress,batch,32,0,42,decode,32,32,0,32,32,0,71.790,402.160,0.650,1,401.510,474.070,128,32768,64,16384,noop,0,16384
stress,batch,32,0,43,decode,32,32,0,32,32,0,71.990,416.480,0.630,1,415.850,488.580,128,32768,64,16384,noop,0,16384
stress,batch,32,0,44,decode,32,32,0,32,32,0,72.700,406.590,0.630,1,405.960,479.420,128,32768,64,16384,noop,0,16384
stress,batch,32,0,45,decode,32,32,0,32,32,0,72.260,402.160,0.630,1,401.530,474.520,128,32768,64,16384,noop,0,16384
stress,batch,32,0,46,decode,32,32,0,32,32,0,70.470,402.290,0.570,1,401.720,472.860,128,32768,64,16384,noop,0,16384
stress,batch,32,0,47,decode,32,32,0,32,32,0,71.230,405.140,0.580,1,404.560,476.480,128,32768,64,16384,noop,0,16384
stress,batch,32,0,48,decode,32,32,0,32,32,0,71.520,403.230,0.710,1,402.520,474.860,128,32768,64,16384,noop,0,16384
stress,batch,32,0,49,decode,32,32,0,32,32,0,73.230,403.650,0.650,1,403.000,477.000,128,32768,64,16384,noop,0,16384
stress,batch,32,0,50,decode,32,32,0,32,32,0,70.950,405.010,0.630,1,404.380,476.040,128,32768,64,16384,noop,0,16384
stress,batch,32,0,51,decode,32,32,0,32,32,0,71.290,396.700,0.510,1,396.190,468.100,128,32768,64,16384,noop,0,16384
stress,batch,32,0,52,decode,32,32,0,32,32,0,71.910,391.400,0.550,1,390.850,463.400,128,32768,64,16384,noop,0,16384
stress,batch,32,0,53,decode,32,32,0,32,32,0,70.930,394.940,0.560,1,394.380,465.960,128,32768,64,16384,noop,0,16384
stress,batch,32,0,54,decode,32,32,0,32,32,0,69.870,392.850,0.680,1,392.170,462.870,128,32768,64,16384,noop,0,16384
stress,batch,32,0,55,decode,32,32,0,32,32,0,69.920,388.820,0.510,1,388.310,458.900,128,32768,64,16384,noop,0,16384
stress,batch,32,0,56,decode,32,32,0,32,32,0,69.630,391.820,0.580,1,391.240,461.610,128,32768,64,16384,noop,0,16384
stress,batch,32,0,57,decode,32,32,0,32,32,0,70.010,392.980,0.640,1,392.340,463.110,128,32768,64,16384,noop,0,16384
stress,batch,32,0,58,decode,32,32,0,32,32,0,69.520,409.440,0.680,1,408.760,479.030,128,32768,64,16384,noop,0,16384
stress,batch,32,0,59,decode,32,32,0,32,32,0,71.320,392.740,0.630,1,392.110,464.150,128,32768,64,16384,noop,0,16384
stress,batch,32,0,60,decode,32,32,0,32,32,0,71.070,395.340,0.540,1,394.800,466.520,128,32768,64,16384,noop,0,16384
stress,batch,32,0,61,decode,32,32,0,32,32,0,69.970,389.280,0.530,1,388.750,459.360,128,32768,64,16384,noop,0,16384
stress,batch,32,0,62,decode,32,32,0,32,32,0,69.970,392.430,0.550,1,391.880,462.530,128,32768,64,16384,noop,0,16384
stress,batch,32,0,63,decode,32,32,0,32,32,0,69.390,390.980,0.590,1,390.390,460.510,128,32768,64,16384,noop,0,16384
stress,batch,32,0,64,decode,32,32,0,32,32,0,70.730,390.060,0.660,1,389.400,460.910,128,32768,64,16384,noop,0,16384
stress,batch,32,0,65,decode,32,32,0,32,32,0,70.080,410.550,0.690,1,409.860,480.780,128,32768,64,16384,noop,0,16384
stress,batch,32,0,66,decode,32,32,0,32,32,0,71.550,393.670,0.680,1,392.990,465.310,128,32768,64,16384,noop,0,16384
stress,batch,32,0,67,decode,32,32,0,32,32,0,69.420,392.630,0.590,1,392.040,462.170,128,32768,64,16384,noop,0,16384
stress,batch,32,0,68,decode,32,32,0,32,32,0,69.600,390.290,0.640,1,389.650,460.000,128,32768,64,16384,noop,0,16384
stress,batch,32,0,69,decode,32,32,0,32,32,0,70.150,392.440,0.570,1,391.870,462.690,128,32768,64,16384,noop,0,16384
stress,batch,32,0,70,decode,32,32,0,32,32,0,69.390,392.220,0.590,1,391.630,461.710,128,32768,64,16384,noop,0,16384
stress,batch,32,0,71,decode,32,32,0,32,32,0,70.430,398.350,0.600,1,397.750,468.900,128,32768,64,16384,noop,0,16384
stress,batch,32,0,72,decode,32,32,0,32,32,0,70.520,399.670,0.620,1,399.050,470.320,128,32768,64,16384,noop,0,16384
stress,batch,32,0,73,decode,32,32,0,32,32,0,74.140,411.730,0.620,1,411.110,485.990,128,32768,64,16384,noop,0,16384
stress,batch,32,0,74,decode,32,32,0,32,32,0,71.120,405.060,0.640,1,404.420,476.260,128,32768,64,16384,noop,0,16384
stress,batch,32,0,75,decode,32,32,0,32,32,0,70.780,411.810,0.570,1,411.240,482.700,128,32768,64,16384,noop,0,16384
stress,batch,32,0,76,decode,32,32,0,32,32,0,72.650,408.200,0.570,1,407.630,480.970,128,32768,64,16384,noop,0,16384
stress,batch,32,0,77,decode,32,32,0,32,32,0,71.370,409.660,0.620,1,409.040,481.160,128,32768,64,16384,noop,0,16384
stress,batch,32,0,78,decode,32,32,0,32,32,0,72.170,403.230,0.560,1,402.670,475.510,128,32768,64,16384,noop,0,16384
stress,batch,32,0,79,decode,32,32,0,32,32,0,71.410,398.180,0.630,1,397.550,469.710,128,32768,64,16384,noop,0,16384
stress,batch,64,0,0,prefill,32,16384,41,23,32,0,822.680,730.230,0.840,1,729.390,1553.040,128,32768,64,16384,noop,0,16384
stress,batch,64,0,1,prefill,40,16384,33,31,40,0,836.230,674.470,0.710,1,673.760,1510.860,128,32768,64,16384,noop,0,16384
stress,batch,64,0,2,prefill,48,16384,25,39,48,0,825.800,705.680,0.800,1,704.880,1531.600,128,32768,64,16384,noop,0,16384
stress,batch,64,0,3,prefill,56,16384,17,47,56,0,824.110,722.400,0.750,1,721.650,1546.690,128,32768,64,16384,noop,0,16384
stress,batch,64,0,4,prefill,64,16384,9,55,64,0,832.990,705.890,0.780,1,705.110,1539.040,128,32768,64,16384,noop,0,16384
stress,batch,64,0,5,prefill,64,281,1,63,64,0,223.960,478.000,0.650,1,477.350,702.130,128,32768,64,16384,noop,0,16384
stress,batch,64,0,6,decode,64,64,0,64,64,0,128.220,446.900,0.680,1,446.220,575.260,128,32768,64,16384,noop,0,16384
stress,batch,64,0,7,decode,64,64,0,64,64,0,123.390,431.150,0.670,1,430.480,554.620,128,32768,64,16384,noop,0,16384
stress,batch,64,0,8,decode,64,64,0,64,64,0,124.720,430.000,0.700,1,429.300,554.810,128,32768,64,16384,noop,0,16384
stress,batch,64,0,9,decode,64,64,0,64,64,0,125.910,426.030,0.650,1,425.380,552.120,128,32768,64,16384,noop,0,16384
stress,batch,64,0,10,decode,64,64,0,64,64,0,121.820,425.650,0.570,1,425.080,547.640,128,32768,64,16384,noop,0,16384
stress,batch,64,0,11,decode,64,64,0,64,64,0,123.030,438.780,0.690,1,438.090,561.960,128,32768,64,16384,noop,0,16384
stress,batch,64,0,12,decode,64,64,0,64,64,0,122.290,432.000,0.690,1,431.310,554.410,128,32768,64,16384,noop,0,16384
stress,batch,64,0,13,decode,64,64,0,64,64,0,122.330,426.370,0.670,1,425.700,548.800,128,32768,64,16384,noop,0,16384
stress,batch,64,0,14,decode,64,64,0,64,64,0,123.850,431.420,0.730,1,430.690,555.400,128,32768,64,16384,noop,0,16384
stress,batch,64,0,15,decode,64,64,0,64,64,0,122.240,426.000,0.660,1,425.340,548.350,128,32768,64,16384,noop,0,16384
stress,batch,64,0,16,decode,64,64,0,64,64,0,123.050,423.970,0.610,1,423.360,547.130,128,32768,64,16384,noop,0,16384
stress,batch,64,0,17,decode,64,64,0,64,64,0,121.290,432.230,0.670,1,431.560,553.620,128,32768,64,16384,noop,0,16384
stress,batch,64,0,18,decode,64,64,0,64,64,0,122.470,428.040,0.670,1,427.370,550.630,128,32768,64,16384,noop,0,16384
stress,batch,64,0,19,decode,64,64,0,64,64,0,121.540,426.370,0.690,1,425.680,548.000,128,32768,64,16384,noop,0,16384
stress,batch,64,0,20,decode,64,64,0,64,64,0,122.580,423.600,0.630,1,422.970,546.280,128,32768,64,16384,noop,0,16384
stress,batch,64,0,21,decode,64,64,0,64,64,0,124.440,422.550,0.550,1,422.000,547.100,128,32768,64,16384,noop,0,16384
stress,batch,64,0,22,decode,64,64,0,64,64,0,123.390,423.950,0.630,1,423.320,547.430,128,32768,64,16384,noop,0,16384
stress,batch,64,0,23,decode,64,64,0,64,64,0,120.780,438.750,0.630,1,438.120,559.600,128,32768,64,16384,noop,0,16384
stress,batch,64,0,24,decode,64,64,0,64,64,0,122.200,428.140,0.690,1,427.450,550.500,128,32768,64,16384,noop,0,16384
stress,batch,64,0,25,decode,64,64,0,64,64,0,123.470,423.020,0.650,1,422.370,546.600,128,32768,64,16384,noop,0,16384
stress,batch,64,0,26,decode,64,64,0,64,64,0,122.060,422.250,0.620,1,421.630,544.430,128,32768,64,16384,noop,0,16384
stress,batch,64,0,27,decode,64,64,0,64,64,0,122.970,421.530,0.630,1,420.900,544.680,128,32768,64,16384,noop,0,16384
stress,batch,64,0,28,decode,64,64,0,64,64,0,123.080,422.170,0.690,1,421.480,545.410,128,32768,64,16384,noop,0,16384
stress,batch,64,0,29,decode,64,64,0,64,64,0,120.410,434.730,0.650,1,434.080,555.280,128,32768,64,16384,noop,0,16384
stress,batch,64,0,30,decode,64,64,0,64,64,0,122.750,427.120,0.680,1,426.440,549.990,128,32768,64,16384,noop,0,16384
stress,batch,64,0,31,decode,64,64,0,64,64,0,122.460,420.870,0.630,1,420.240,543.430,128,32768,64,16384,noop,0,16384
stress,batch,64,0,32,decode,64,64,0,64,64,0,122.530,420.460,0.620,1,419.840,543.160,128,32768,64,16384,noop,0,16384
stress,batch,64,0,33,decode,64,64,0,64,64,0,122.470,419.500,0.680,1,418.820,542.120,128,32768,64,16384,noop,0,16384
stress,batch,64,0,34,decode,64,64,0,64,64,0,123.190,419.550,0.540,1,419.010,542.910,128,32768,64,16384,noop,0,16384
stress,batch,64,0,35,decode,64,64,0,64,64,0,122.490,432.190,0.650,1,431.540,554.790,128,32768,64,16384,noop,0,16384
stress,batch,64,0,36,decode,64,64,0,64,64,0,125.000,427.900,0.670,1,427.230,553.070,128,32768,64,16384,noop,0,16384
stress,batch,64,0,37,decode,64,64,0,64,64,0,123.650,424.030,0.600,1,423.430,547.850,128,32768,64,16384,noop,0,16384
stress,batch,64,0,38,decode,64,64,0,64,64,0,122.320,421.560,0.650,1,420.910,544.010,128,32768,64,16384,noop,0,16384
stress,batch,64,0,39,decode,64,64,0,64,64,0,123.090,421.460,0.690,1,420.770,544.640,128,32768,64,16384,noop,0,16384
stress,batch,64,0,40,decode,64,64,0,64,64,0,120.750,422.240,0.520,1,421.720,543.150,128,32768,64,16384,noop,0,16384
stress,batch,64,0,41,decode,64,64,0,64,64,0,122.080,430.000,0.680,1,429.320,552.230,128,32768,64,16384,noop,0,16384
stress,batch,64,0,42,decode,64,64,0,64,64,0,123.810,427.120,0.670,1,426.450,551.050,128,32768,64,16384,noop,0,16384
stress,batch,64,0,43,decode,64,64,0,64,64,0,121.250,424.160,0.620,1,423.540,545.530,128,32768,64,16384,noop,0,16384
stress,batch,64,0,44,decode,64,64,0,64,64,0,122.480,421.640,0.680,1,420.960,544.220,128,32768,64,16384,noop,0,16384
stress,batch,64,0,45,decode,64,64,0,64,64,0,123.400,422.750,0.700,1,422.050,546.240,128,32768,64,16384,noop,0,16384
stress,batch,64,0,46,decode,64,64,0,64,64,0,122.870,423.250,0.610,1,422.640,546.220,128,32768,64,16384,noop,0,16384
stress,batch,64,0,47,decode,64,64,0,64,64,0,120.590,419.160,0.620,1,418.540,539.870,128,32768,64,16384,noop,0,16384
stress,batch,64,0,48,decode,64,64,0,64,64,0,123.720,424.920,0.670,1,424.250,548.780,128,32768,64,16384,noop,0,16384
stress,batch,64,0,49,decode,64,64,0,64,64,0,121.390,423.730,0.630,1,423.100,545.260,128,32768,64,16384,noop,0,16384
stress,batch,64,0,50,decode,64,64,0,64,64,0,121.880,413.340,0.670,1,412.670,535.390,128,32768,64,16384,noop,0,16384
stress,batch,64,0,51,decode,64,64,0,64,64,0,119.740,410.850,0.670,1,410.180,530.710,128,32768,64,16384,noop,0,16384
stress,batch,64,0,52,decode,64,64,0,64,64,0,121.080,410.360,0.640,1,409.720,531.590,128,32768,64,16384,noop,0,16384
stress,batch,64,0,53,decode,64,64,0,64,64,0,120.090,411.990,0.660,1,411.330,532.200,128,32768,64,16384,noop,0,16384
stress,batch,64,0,54,decode,64,64,0,64,64,0,120.530,416.280,0.670,1,415.610,536.990,128,32768,64,16384,noop,0,16384
stress,batch,64,0,55,decode,64,64,0,64,64,0,120.090,410.650,0.610,1,410.040,530.920,128,32768,64,16384,noop,0,16384
stress,batch,64,0,56,decode,64,64,0,64,64,0,119.580,407.580,0.630,1,406.950,527.260,128,32768,64,16384,noop,0,16384
stress,batch,64,0,57,decode,64,64,0,64,64,0,119.290,408.810,0.700,1,408.110,528.230,128,32768,64,16384,noop,0,16384
stress,batch,64,0,58,decode,64,64,0,64,64,0,120.510,408.930,0.610,1,408.320,529.600,128,32768,64,16384,noop,0,16384
stress,batch,64,0,59,decode,64,64,0,64,64,0,119.240,408.890,0.680,1,408.210,528.250,128,32768,64,16384,noop,0,16384
stress,batch,64,0,60,decode,64,64,0,64,64,0,135.880,417.660,0.690,1,416.970,553.670,128,32768,64,16384,noop,0,16384
stress,batch,64,0,61,decode,64,64,0,64,64,0,121.570,414.080,0.700,1,413.380,535.780,128,32768,64,16384,noop,0,16384
stress,batch,64,0,62,decode,64,64,0,64,64,0,120.610,412.350,0.650,1,411.700,533.050,128,32768,64,16384,noop,0,16384
stress,batch,64,0,63,decode,64,64,0,64,64,0,120.590,410.940,0.630,1,410.310,531.630,128,32768,64,16384,noop,0,16384
stress,batch,64,0,64,decode,64,64,0,64,64,0,120.210,412.320,0.680,1,411.640,532.620,128,32768,64,16384,noop,0,16384
stress,batch,64,0,65,decode,64,64,0,64,64,0,118.290,411.770,0.600,1,411.170,530.170,128,32768,64,16384,noop,0,16384
stress,batch,64,0,66,decode,64,64,0,64,64,0,120.120,425.300,0.600,1,424.700,545.540,128,32768,64,16384,noop,0,16384
stress,batch,64,0,67,decode,64,64,0,64,64,0,122.460,408.180,0.640,1,407.540,530.750,128,32768,64,16384,noop,0,16384
stress,batch,64,0,68,decode,64,64,0,64,64,0,119.510,409.980,0.680,1,409.300,529.560,128,32768,64,16384,noop,0,16384
stress,batch,64,0,69,decode,64,64,0,64,64,0,118.710,411.930,0.620,1,411.310,530.730,128,32768,64,16384,noop,0,16384
stress,batch,64,0,70,decode,64,64,0,64,64,0,119.680,410.950,0.580,1,410.370,530.730,128,32768,64,16384,noop,0,16384
stress,batch,64,0,71,decode,64,64,0,64,64,0,120.500,411.140,0.550,1,410.590,531.760,128,32768,64,16384,noop,0,16384
stress,batch,64,0,72,decode,64,64,0,64,64,0,119.910,434.100,0.740,1,433.360,554.130,128,32768,64,16384,noop,0,16384
stress,batch,64,0,73,decode,64,64,0,64,64,0,119.480,417.040,0.610,1,416.430,536.620,128,32768,64,16384,noop,0,16384
stress,batch,64,0,74,decode,64,64,0,64,64,0,119.140,410.400,0.640,1,409.760,529.650,128,32768,64,16384,noop,0,16384
stress,batch,64,0,75,decode,64,64,0,64,64,0,122.170,413.000,0.590,1,412.410,535.330,128,32768,64,16384,noop,0,16384
stress,batch,64,0,76,decode,64,64,0,64,64,0,119.390,414.500,0.620,1,413.880,534.020,128,32768,64,16384,noop,0,16384
stress,batch,64,0,77,decode,64,64,0,64,64,0,120.030,412.460,0.680,1,411.780,532.610,128,32768,64,16384,noop,0,16384
stress,batch,64,0,78,decode,64,64,0,64,64,0,120.950,424.460,0.670,1,423.790,545.510,128,32768,64,16384,noop,0,16384
stress,batch,64,0,79,decode,64,64,0,64,64,0,118.830,414.900,0.600,1,414.300,533.830,128,32768,64,16384,noop,0,16384
stress,chunk_size,128,0,0,prefill,32,4096,32,0,32,0,74.990,478.720,0.670,1,478.050,553.880,128,32768,64,16384,noop,0,128
stress,chunk_size,128,0,1,prefill,32,4096,32,0,32,0,379.790,474.780,0.680,1,474.100,854.690,128,32768,64,16384,noop,0,128
stress,chunk_size,128,0,2,prefill,32,4096,32,0,32,0,73.970,472.460,0.680,1,471.780,546.590,128,32768,64,16384,noop,0,128
stress,chunk_size,128,0,3,prefill,32,4096,32,0,32,0,375.820,488.260,0.720,1,487.540,864.180,128,32768,64,16384,noop,0,128
stress,chunk_size,128,0,4,prefill,32,4096,32,0,32,0,75.810,472.600,0.690,1,471.910,548.560,128,32768,64,16384,noop,0,128
stress,chunk_size,128,0,5,prefill,32,4096,32,0,32,0,379.190,469.190,0.630,1,468.560,848.480,128,32768,64,16384,noop,0,128
stress,chunk_size,128,0,6,prefill,32,4096,32,0,32,0,75.490,471.440,0.690,1,470.750,547.050,128,32768,64,16384,noop,0,128
stress,chunk_size,128,0,7,prefill,32,4096,32,0,32,0,373.430,470.180,0.700,1,469.480,843.780,128,32768,64,16384,noop,0,128
stress,chunk_size,128,0,8,prefill,32,4096,32,0,32,0,75.050,484.230,0.700,1,483.530,559.430,128,32768,64,16384,noop,0,128
stress,chunk_size,128,0,9,prefill,32,4096,32,0,32,0,379.930,471.840,0.700,1,471.140,851.880,128,32768,64,16384,noop,0,128
stress,chunk_size,128,0,10,prefill,32,4096,32,0,32,0,73.720,472.990,0.730,1,472.260,546.810,128,32768,64,16384,noop,0,128
stress,chunk_size,128,0,11,prefill,32,4096,32,0,32,0,376.490,470.630,0.660,1,469.970,847.220,128,32768,64,16384,noop,0,128
stress,chunk_size,128,0,12,prefill,32,4096,32,0,32,0,75.130,468.670,0.650,1,468.020,543.960,128,32768,64,16384,noop,0,128
stress,chunk_size,128,0,13,decode,32,32,0,32,32,0,377.570,429.650,0.620,1,429.030,807.360,128,32768,64,16384,noop,0,128
stress,chunk_size,128,0,14,decode,32,32,0,32,32,0,73.460,408.040,0.600,1,407.440,481.610,128,32768,64,16384,noop,0,128
stress,chunk_size,128,0,15,decode,32,32,0,32,32,0,73.580,406.850,0.640,1,406.210,480.520,128,32768,64,16384,noop,0,128
stress,chunk_size,128,0,16,decode,32,32,0,32,32,0,72.230,403.930,0.660,1,403.270,476.310,128,32768,64,16384,noop,0,128
stress,chunk_size,128,0,17,decode,32,32,0,32,32,0,72.050,402.580,0.590,1,401.990,474.720,128,32768,64,16384,noop,0,128
stress,chunk_size,128,0,18,decode,32,32,0,32,32,0,71.820,406.050,0.730,1,405.320,478.000,128,32768,64,16384,noop,0,128
stress,chunk_size,128,0,19,decode,32,32,0,32,32,0,71.640,403.520,0.680,1,402.840,475.250,128,32768,64,16384,noop,0,128
stress,chunk_size,128,0,20,decode,32,32,0,32,32,0,72.290,418.460,0.650,1,417.810,490.920,128,32768,64,16384,noop,0,128
stress,chunk_size,128,0,21,decode,32,32,0,32,32,0,73.010,404.540,0.610,1,403.930,477.710,128,32768,64,16384,noop,0,128
stress,chunk_size,128,0,22,decode,32,32,0,32,32,0,72.580,402.930,0.650,1,402.280,475.680,128,32768,64,16384,noop,0,128
stress,chunk_size,128,0,23,decode,32,32,0,32,32,0,71.770,399.870,0.640,1,399.230,471.810,128,32768,64,16384,noop,0,128
stress,chunk_size,128,0,24,decode,32,32,0,32,32,0,71.790,399.220,0.650,1,398.570,471.170,128,32768,64,16384,noop,0,128
stress,chunk_size,128,0,25,decode,32,32,0,32,32,0,71.210,401.540,0.640,1,400.900,472.890,128,32768,64,16384,noop,0,128
stress,chunk_size,128,0,26,decode,32,32,0,32,32,0,70.420,399.630,0.600,1,399.030,470.180,128,32768,64,16384,noop,0,128
stress,chunk_size,128,0,27,decode,32,32,0,32,32,0,71.980,1266.230,1.340,1,1264.890,1338.380,128,32768,64,16384,noop,0,128
stress,chunk_size,128,0,28,decode,32,32,0,32,32,0,76.270,460.630,0.650,1,459.980,537.040,128,32768,64,16384,noop,0,128
stress,chunk_size,128,0,29,decode,32,32,0,32,32,0,73.300,415.430,0.540,1,414.890,488.850,128,32768,64,16384,noop,0,128
stress,chunk_size,128,0,30,decode,32,32,0,32,32,0,73.290,411.620,0.600,1,411.020,485.060,128,32768,64,16384,noop,0,128
stress,chunk_size,128,0,31,decode,32,32,0,32,32,0,72.680,406.040,0.690,1,405.350,478.830,128,32768,64,16384,noop,0,128
stress,chunk_size,128,0,32,decode,32,32,0,32,32,0,70.880,403.550,0.640,1,402.910,474.560,128,32768,64,16384,noop,0,128
stress,chunk_size,128,0,33,decode,32,32,0,32,32,0,72.000,422.630,0.550,1,422.080,494.730,128,32768,64,16384,noop,0,128
stress,chunk_size,128,0,34,decode,32,32,0,32,32,0,73.110,404.050,0.640,1,403.410,477.270,128,32768,64,16384,noop,0,128
stress,chunk_size,128,0,35,decode,32,32,0,32,32,0,71.450,404.000,0.640,1,403.360,475.540,128,32768,64,16384,noop,0,128
stress,chunk_size,128,0,36,decode,32,32,0,32,32,0,73.750,414.740,0.650,1,414.090,488.590,128,32768,64,16384,noop,0,128
stress,chunk_size,128,0,37,decode,32,32,0,32,32,0,73.280,402.500,0.620,1,401.880,475.880,128,32768,64,16384,noop,0,128
stress,chunk_size,128,0,38,decode,32,32,0,32,32,0,71.910,401.020,0.650,1,400.370,473.050,128,32768,64,16384,noop,0,128
stress,chunk_size,128,0,39,decode,32,32,0,32,32,0,72.080,401.600,0.530,1,401.070,473.800,128,32768,64,16384,noop,0,128
stress,chunk_size,128,0,40,decode,32,32,0,32,32,0,70.750,422.510,0.640,1,421.870,493.360,128,32768,64,16384,noop,0,128
stress,chunk_size,128,0,41,decode,32,32,0,32,32,0,72.150,406.690,0.620,1,406.070,478.910,128,32768,64,16384,noop,0,128
stress,chunk_size,128,0,42,decode,32,32,0,32,32,0,71.270,401.470,0.590,1,400.880,472.860,128,32768,64,16384,noop,0,128
stress,chunk_size,128,0,43,decode,32,32,0,32,32,0,71.370,402.420,0.660,1,401.760,473.910,128,32768,64,16384,noop,0,128
stress,chunk_size,128,0,44,decode,32,32,0,32,32,0,70.430,402.270,0.750,1,401.520,472.860,128,32768,64,16384,noop,0,128
stress,chunk_size,128,0,45,decode,32,32,0,32,32,0,71.790,401.700,0.560,1,401.140,473.610,128,32768,64,16384,noop,0,128
stress,chunk_size,128,0,46,decode,32,32,0,32,32,0,72.040,399.420,0.570,1,398.850,471.620,128,32768,64,16384,noop,0,128
stress,chunk_size,128,0,47,decode,32,32,0,32,32,0,71.170,415.350,0.610,1,414.740,486.690,128,32768,64,16384,noop,0,128
stress,chunk_size,128,0,48,decode,32,32,0,32,32,0,72.270,408.850,0.650,1,408.200,481.280,128,32768,64,16384,noop,0,128
stress,chunk_size,128,0,49,decode,32,32,0,32,32,0,71.230,403.970,0.620,1,403.350,475.370,128,32768,64,16384,noop,0,128
stress,chunk_size,128,0,50,decode,32,32,0,32,32,0,70.380,393.200,0.620,1,392.580,463.710,128,32768,64,16384,noop,0,128
stress,chunk_size,128,0,51,decode,32,32,0,32,32,0,71.020,391.710,0.680,1,391.030,462.870,128,32768,64,16384,noop,0,128
stress,chunk_size,128,0,52,decode,32,32,0,32,32,0,70.730,393.630,0.640,1,392.990,464.520,128,32768,64,16384,noop,0,128
stress,chunk_size,128,0,53,decode,32,32,0,32,32,0,69.650,393.810,0.600,1,393.210,463.580,128,32768,64,16384,noop,0,128
stress,chunk_size,128,0,54,decode,32,32,0,32,32,0,70.500,390.160,0.570,1,389.590,460.780,128,32768,64,16384,noop,0,128
stress,chunk_size,128,0,55,decode,32,32,0,32,32,0,85.800,399.700,0.570,1,399.130,485.670,128,32768,64,16384,noop,0,128
stress,chunk_size,128,0,56,decode,32,32,0,32,32,0,69.600,392.900,0.590,1,392.310,462.670,128,32768,64,16384,noop,0,128
stress,chunk_size,128,0,57,decode,32,32,0,32,32,0,69.360,391.180,0.660,1,390.520,460.680,128,32768,64,16384,noop,0,128
stress,chunk_size,128,0,58,decode,32,32,0,32,32,0,70.920,388.830,0.610,1,388.220,459.860,128,32768,64,16384,noop,0,128
stress,chunk_size,128,0,59,decode,32,32,0,32,32,0,70.330,392.270,0.630,1,391.640,462.720,128,32768,64,16384,noop,0,128
stress,chunk_size,128,0,60,decode,32,32,0,32,32,0,70.370,390.850,0.560,1,390.290,461.320,128,32768,64,16384,noop,0,128
stress,chunk_size,128,0,61,decode,32,32,0,32,32,0,69.980,390.920,0.560,1,390.360,460.970,128,32768,64,16384,noop,0,128
stress,chunk_size,128,0,62,decode,32,32,0,32,32,0,70.930,410.610,0.650,1,409.960,481.640,128,32768,64,16384,noop,0,128
stress,chunk_size,128,0,63,decode,32,32,0,32,32,0,71.210,393.150,0.600,1,392.550,464.490,128,32768,64,16384,noop,0,128
stress,chunk_size,128,0,64,decode,32,32,0,32,32,0,69.330,390.750,0.570,1,390.180,460.230,128,32768,64,16384,noop,0,128
stress,chunk_size,128,0,65,decode,32,32,0,32,32,0,69.820,392.860,0.640,1,392.220,462.800,128,32768,64,16384,noop,0,128
stress,chunk_size,128,0,66,decode,32,32,0,32,32,0,69.840,390.190,0.600,1,389.590,460.150,128,32768,64,16384,noop,0,128
stress,chunk_size,128,0,67,decode,32,32,0,32,32,0,70.860,391.250,0.670,1,390.580,462.250,128,32768,64,16384,noop,0,128
stress,chunk_size,128,0,68,decode,32,32,0,32,32,0,70.150,391.490,0.620,1,390.870,461.780,128,32768,64,16384,noop,0,128
stress,chunk_size,128,0,69,decode,32,32,0,32,32,0,71.060,402.470,0.490,1,401.980,473.690,128,32768,64,16384,noop,0,128
stress,chunk_size,128,0,70,decode,32,32,0,32,32,0,70.230,397.630,0.600,1,397.030,468.050,128,32768,64,16384,noop,0,128
stress,chunk_size,128,0,71,decode,32,32,0,32,32,0,70.550,390.600,0.610,1,389.990,461.280,128,32768,64,16384,noop,0,128
stress,chunk_size,128,0,72,decode,32,32,0,32,32,0,69.740,393.590,0.510,1,393.080,463.470,128,32768,64,16384,noop,0,128
stress,chunk_size,128,0,73,decode,32,32,0,32,32,0,69.640,391.670,0.730,1,390.940,461.470,128,32768,64,16384,noop,0,128
stress,chunk_size,128,0,74,decode,32,32,0,32,32,0,69.550,392.110,0.550,1,391.560,461.830,128,32768,64,16384,noop,0,128
stress,chunk_size,128,0,75,decode,32,32,0,32,32,0,69.620,391.650,0.520,1,391.130,461.370,128,32768,64,16384,noop,0,128
stress,chunk_size,128,0,76,decode,32,32,0,32,32,0,69.350,393.040,0.520,1,392.520,462.480,128,32768,64,16384,noop,0,128
stress,chunk_size,128,0,77,decode,32,32,0,32,32,0,70.130,409.440,0.710,1,408.730,479.700,128,32768,64,16384,noop,0,128
stress,chunk_size,128,0,78,decode,32,32,0,32,32,0,71.070,394.360,0.520,1,393.840,465.520,128,32768,64,16384,noop,0,128
stress,chunk_size,128,0,79,decode,32,32,0,32,32,0,70.640,392.030,0.620,1,391.410,462.770,128,32768,64,16384,noop,0,128
stress,chunk_size,256,0,0,prefill,32,8192,32,0,32,0,73.020,502.230,0.500,1,501.730,575.360,128,32768,64,16384,noop,0,256
stress,chunk_size,256,0,1,prefill,32,8192,32,0,32,0,378.940,497.590,0.560,1,497.030,876.660,128,32768,64,16384,noop,0,256
stress,chunk_size,256,0,2,prefill,32,8192,32,0,32,0,70.800,516.250,0.630,1,515.620,587.180,128,32768,64,16384,noop,0,256
stress,chunk_size,256,0,3,prefill,32,8192,32,0,32,0,375.250,495.090,0.580,1,494.510,870.490,128,32768,64,16384,noop,0,256
stress,chunk_size,256,0,4,prefill,32,8192,32,0,32,0,70.560,497.080,0.610,1,496.470,567.780,128,32768,64,16384,noop,0,256
stress,chunk_size,256,0,5,decode,32,32,0,32,32,0,371.970,404.340,0.530,1,403.810,776.410,128,32768,64,16384,noop,0,256
stress,chunk_size,256,0,6,decode,32,32,0,32,32,0,69.070,392.500,0.450,1,392.050,461.690,128,32768,64,16384,noop,0,256
stress,chunk_size,256,0,7,decode,32,32,0,32,32,0,68.580,409.100,0.470,1,408.630,477.810,128,32768,64,16384,noop,0,256
stress,chunk_size,256,0,8,decode,32,32,0,32,32,0,69.070,399.080,0.500,1,398.580,468.270,128,32768,64,16384,noop,0,256
stress,chunk_size,256,0,9,decode,32,32,0,32,32,0,68.310,390.560,0.650,1,389.910,459.000,128,32768,64,16384,noop,0,256
stress,chunk_size,256,0,10,decode,32,32,0,32,32,0,69.070,385.540,0.520,1,385.020,454.740,128,32768,64,16384,noop,0,256
stress,chunk_size,256,0,11,decode,32,32,0,32,32,0,66.930,387.520,0.400,1,387.120,454.580,128,32768,64,16384,noop,0,256
stress,chunk_size,256,0,12,decode,32,32,0,32,32,0,67.000,386.600,0.500,1,386.100,453.730,128,32768,64,16384,noop,0,256
stress,chunk_size,256,0,13,decode,32,32,0,32,32,0,66.170,387.130,0.490,1,386.640,453.540,128,32768,64,16384,noop,0,256
stress,chunk_size,256,0,14,decode,32,32,0,32,32,0,67.160,385.730,0.480,1,385.250,453.040,128,32768,64,16384,noop,0,256
stress,chunk_size,256,0,15,decode,32,32,0,32,32,0,67.430,395.880,0.510,1,395.370,463.440,128,32768,64,16384,noop,0,256
stress,chunk_size,256,0,16,decode,32,32,0,32,32,0,66.940,387.920,0.520,1,387.400,454.950,128,32768,64,16384,noop,0,256
stress,chunk_size,256,0,17,decode,32,32,0,32,32,0,66.890,384.790,0.460,1,384.330,451.800,128,32768,64,16384,noop,0,256
stress,chunk_size,256,0,18,decode,32,32,0,32,32,0,66.770,384.820,0.500,1,384.320,451.710,128,32768,64,16384,noop,0,256
stress,chunk_size,256,0,19,decode,32,32,0,32,32,0,66.730,385.660,0.490,1,385.170,452.530,128,32768,64,16384,noop,0,256
stress,chunk_size,256,0,20,decode,32,32,0,32,32,0,67.460,386.640,0.490,1,386.150,454.270,128,32768,64,16384,noop,0,256
stress,chunk_size,256,0,21,decode,32,32,0,32,32,0,67.090,387.150,0.530,1,386.620,454.330,128,32768,64,16384,noop,0,256
stress,chunk_size,256,0,22,decode,32,32,0,32,32,0,67.310,386.910,0.510,1,386.400,454.340,128,32768,64,16384,noop,0,256
stress,chunk_size,256,0,23,decode,32,32,0,32,32,0,81.660,393.390,0.480,1,392.910,475.190,128,32768,64,16384,noop,0,256
stress,chunk_size,256,0,24,decode,32,32,0,32,32,0,68.580,383.160,0.470,1,382.690,451.860,128,32768,64,16384,noop,0,256
stress,chunk_size,256,0,25,decode,32,32,0,32,32,0,66.670,384.810,0.500,1,384.310,451.640,128,32768,64,16384,noop,0,256
stress,chunk_size,256,0,26,decode,32,32,0,32,32,0,66.700,384.420,0.500,1,383.920,451.240,128,32768,64,16384,noop,0,256
stress,chunk_size,256,0,27,decode,32,32,0,32,32,0,66.850,384.910,0.520,1,384.390,451.870,128,32768,64,16384,noop,0,256
stress,chunk_size,256,0,28,decode,32,32,0,32,32,0,561.380,466.830,0.680,1,466.150,1028.320,128,32768,64,16384,noop,0,256
stress,chunk_size,256,0,29,decode,32,32,0,32,32,0,70.370,416.140,0.580,1,415.560,486.640,128,32768,64,16384,noop,0,256
stress,chunk_size,256,0,30,decode,32,32,0,32,32,0,68.580,398.770,0.570,1,398.200,467.460,128,32768,64,16384,noop,0,256
stress,chunk_size,256,0,31,decode,32,32,0,32,32,0,67.320,391.030,0.470,1,390.560,458.480,128,32768,64,16384,noop,0,256
stress,chunk_size,256,0,32,decode,32,32,0,32,32,0,68.460,388.660,0.530,1,388.130,457.220,128,32768,64,16384,noop,0,256
stress,chunk_size,256,0,33,decode,32,32,0,32,32,0,67.940,389.060,0.490,1,388.570,457.120,128,32768,64,16384,noop,0,256
stress,chunk_size,256,0,34,decode,32,32,0,32,32,0,68.400,388.260,0.520,1,387.740,456.760,128,32768,64,16384,noop,0,256
stress,chunk_size,256,0,35,decode,32,32,0,32,32,0,67.600,388.080,0.500,1,387.580,455.820,128,32768,64,16384,noop,0,256
stress,chunk_size,256,0,36,decode,32,32,0,32,32,0,68.080,385.850,0.540,1,385.310,454.040,128,32768,64,16384,noop,0,256
stress,chunk_size,256,0,37,decode,32,32,0,32,32,0,80.210,392.400,0.550,1,391.850,472.750,128,32768,64,16384,noop,0,256
stress,chunk_size,256,0,38,decode,32,32,0,32,32,0,67.420,387.600,0.540,1,387.060,455.120,128,32768,64,16384,noop,0,256
stress,chunk_size,256,0,39,decode,32,32,0,32,32,0,67.690,386.640,0.470,1,386.170,454.430,128,32768,64,16384,noop,0,256
stress,chunk_size,256,0,40,decode,32,32,0,32,32,0,65.840,385.070,0.520,1,384.550,451.020,128,32768,64,16384,noop,0,256
stress,chunk_size,256,0,41,decode,32,32,0,32,32,0,66.550,383.970,0.510,1,383.460,450.650,128,32768,64,16384,noop,0,256
stress,chunk_size,256,0,42,decode,32,32,0,32,32,0,67.230,384.600,0.560,1,384.040,451.930,128,32768,64,16384,noop,0,256
stress,chunk_size,256,0,43,decode,32,32,0,32,32,0,66.870,384.340,0.490,1,383.850,451.300,128,32768,64,16384,noop,0,256
stress,chunk_size,256,0,44,decode,32,32,0,32,32,0,67.910,398.240,0.500,1,397.740,466.270,128,32768,64,16384,noop,0,256
stress,chunk_size,256,0,45,decode,32,32,0,32,32,0,68.270,389.020,0.520,1,388.500,457.380,128,32768,64,16384,noop,0,256
stress,chunk_size,256,0,46,decode,32,32,0,32,32,0,66.830,387.440,0.450,1,386.990,454.400,128,32768,64,16384,noop,0,256
stress,chunk_size,256,0,47,decode,32,32,0,32,32,0,67.710,385.940,0.550,1,385.390,453.780,128,32768,64,16384,noop,0,256
stress,chunk_size,256,0,48,decode,32,32,0,32,32,0,67.250,384.700,0.450,1,384.250,452.070,128,32768,64,16384,noop,0,256
stress,chunk_size,256,0,49,decode,32,32,0,32,32,0,68.330,388.340,0.500,1,387.840,456.790,128,32768,64,16384,noop,0,256
stress,chunk_size,256,0,50,decode,32,32,0,32,32,0,67.060,377.400,0.500,1,376.900,444.580,128,32768,64,16384,noop,0,256
stress,chunk_size,256,0,51,decode,32,32,0,32,32,0,66.590,374.830,0.530,1,374.300,441.520,128,32768,64,16384,noop,0,256
stress,chunk_size,256,0,52,decode,32,32,0,32,32,0,67.020,388.590,0.540,1,388.050,455.740,128,32768,64,16384,noop,0,256
stress,chunk_size,256,0,53,decode,32,32,0,32,32,0,66.130,378.180,0.470,1,377.710,444.440,128,32768,64,16384,noop,0,256
stress,chunk_size,256,0,54,decode,32,32,0,32,32,0,67.380,376.210,0.530,1,375.680,443.720,128,32768,64,16384,noop,0,256
stress,chunk_size,256,0,55,decode,32,32,0,32,32,0,66.600,377.060,0.530,1,376.530,443.770,128,32768,64,16384,noop,0,256
stress,chunk_size,256,0,56,decode,32,32,0,32,32,0,67.140,376.300,0.610,1,375.690,443.570,128,32768,64,16384,noop,0,256
stress,chunk_size,256,0,57,decode,32,32,0,32,32,0,66.680,377.840,0.450,1,377.390,444.610,128,32768,64,16384,noop,0,256
stress,chunk_size,256,0,58,decode,32,32,0,32,32,0,67.170,375.580,0.430,1,375.150,442.850,128,32768,64,16384,noop,0,256
stress,chunk_size,256,0,59,decode,32,32,0,32,32,0,66.600,376.220,0.490,1,375.730,442.930,128,32768,64,16384,noop,0,256
stress,chunk_size,256,0,60,decode,32,32,0,32,32,0,78.800,382.290,0.540,1,381.750,461.190,128,32768,64,16384,noop,0,256
stress,chunk_size,256,0,61,decode,32,32,0,32,32,0,67.160,380.140,0.530,1,379.610,447.420,128,32768,64,16384,noop,0,256
stress,chunk_size,256,0,62,decode,32,32,0,32,32,0,66.630,377.700,0.520,1,377.180,444.470,128,32768,64,16384,noop,0,256
stress,chunk_size,256,0,63,decode,32,32,0,32,32,0,67.570,376.050,0.520,1,375.530,443.730,128,32768,64,16384,noop,0,256
stress,chunk_size,256,0,64,decode,32,32,0,32,32,0,66.880,375.390,0.530,1,374.860,442.370,128,32768,64,16384,noop,0,256
stress,chunk_size,256,0,65,decode,32,32,0,32,32,0,66.280,374.880,0.480,1,374.400,441.310,128,32768,64,16384,noop,0,256
stress,chunk_size,256,0,66,decode,32,32,0,32,32,0,66.540,375.650,0.520,1,375.130,442.310,128,32768,64,16384,noop,0,256
stress,chunk_size,256,0,67,decode,32,32,0,32,32,0,66.790,385.530,0.420,1,385.110,452.450,128,32768,64,16384,noop,0,256
stress,chunk_size,256,0,68,decode,32,32,0,32,32,0,67.020,382.120,0.530,1,381.590,449.230,128,32768,64,16384,noop,0,256
stress,chunk_size,256,0,69,decode,32,32,0,32,32,0,65.690,378.090,0.500,1,377.590,443.900,128,32768,64,16384,noop,0,256
stress,chunk_size,256,0,70,decode,32,32,0,32,32,0,67.330,377.530,0.560,1,376.970,444.980,128,32768,64,16384,noop,0,256
stress,chunk_size,256,0,71,decode,32,32,0,32,32,0,66.080,378.300,0.530,1,377.770,444.500,128,32768,64,16384,noop,0,256
stress,chunk_size,256,0,72,decode,32,32,0,32,32,0,66.030,377.550,0.500,1,377.050,443.680,128,32768,64,16384,noop,0,256
stress,chunk_size,256,0,73,decode,32,32,0,32,32,0,65.400,377.130,0.510,1,376.620,442.620,128,32768,64,16384,noop,0,256
stress,chunk_size,256,0,74,decode,32,32,0,32,32,0,65.590,377.370,0.440,1,376.930,443.070,128,32768,64,16384,noop,0,256
stress,chunk_size,256,0,75,decode,32,32,0,32,32,0,66.280,398.400,0.530,1,397.870,464.770,128,32768,64,16384,noop,0,256
stress,chunk_size,256,0,76,decode,32,32,0,32,32,0,66.110,379.230,0.480,1,378.750,445.450,128,32768,64,16384,noop,0,256
stress,chunk_size,256,0,77,decode,32,32,0,32,32,0,66.160,376.810,0.480,1,376.330,443.080,128,32768,64,16384,noop,0,256
stress,chunk_size,256,0,78,decode,32,32,0,32,32,0,66.480,377.840,0.510,1,377.330,444.420,128,32768,64,16384,noop,0,256
stress,chunk_size,256,0,79,decode,32,32,0,32,32,0,66.340,380.030,0.470,1,379.560,446.510,128,32768,64,16384,noop,0,256
stress,chunk_size,512,0,0,prefill,32,16384,32,0,32,0,75.070,591.600,0.540,1,591.060,666.810,128,32768,64,16384,noop,0,512
stress,chunk_size,512,0,1,decode,32,32,0,32,32,0,381.980,430.710,0.520,1,430.190,812.820,128,32768,64,16384,noop,0,512
stress,chunk_size,512,0,2,decode,32,32,0,32,32,0,72.550,403.150,0.560,1,402.590,475.870,128,32768,64,16384,noop,0,512
stress,chunk_size,512,0,3,decode,32,32,0,32,32,0,71.320,398.540,0.560,1,397.980,469.990,128,32768,64,16384,noop,0,512
stress,chunk_size,512,0,4,decode,32,32,0,32,32,0,71.050,396.180,0.540,1,395.640,467.360,128,32768,64,16384,noop,0,512
stress,chunk_size,512,0,5,decode,32,32,0,32,32,0,69.320,395.990,0.510,1,395.480,465.450,128,32768,64,16384,noop,0,512
stress,chunk_size,512,0,6,decode,32,32,0,32,32,0,67.990,391.920,0.560,1,391.360,460.040,128,32768,64,16384,noop,0,512
stress,chunk_size,512,0,7,decode,32,32,0,32,32,0,69.580,396.380,0.470,1,395.910,466.110,128,32768,64,16384,noop,0,512
stress,chunk_size,512,0,8,decode,32,32,0,32,32,0,70.840,410.710,0.560,1,410.150,481.680,128,32768,64,16384,noop,0,512
stress,chunk_size,512,0,9,decode,32,32,0,32,32,0,69.520,397.510,0.540,1,396.970,467.140,128,32768,64,16384,noop,0,512
stress,chunk_size,512,0,10,decode,32,32,0,32,32,0,70.590,391.740,0.570,1,391.170,462.450,128,32768,64,16384,noop,0,512
stress,chunk_size,512,0,11,decode,32,32,0,32,32,0,70.870,391.310,0.500,1,390.810,462.280,128,32768,64,16384,noop,0,512
stress,chunk_size,512,0,12,decode,32,32,0,32,32,0,69.560,393.000,0.510,1,392.490,462.670,128,32768,64,16384,noop,0,512
stress,chunk_size,512,0,13,decode,32,32,0,32,32,0,69.220,395.590,0.500,1,395.090,464.890,128,32768,64,16384,noop,0,512
stress,chunk_size,512,0,14,decode,32,32,0,32,32,0,71.000,393.380,0.540,1,392.840,464.550,128,32768,64,16384,noop,0,512
stress,chunk_size,512,0,15,decode,32,32,0,32,32,0,69.040,390.030,0.480,1,389.550,459.160,128,32768,64,16384,noop,0,512
stress,chunk_size,512,0,16,decode,32,32,0,32,32,0,78.580,401.890,0.600,1,401.290,480.600,128,32768,64,16384,noop,0,512
stress,chunk_size,512,0,17,decode,32,32,0,32,32,0,69.450,394.430,0.460,1,393.970,463.970,128,32768,64,16384,noop,0,512
stress,chunk_size,512,0,18,decode,32,32,0,32,32,0,70.560,393.060,0.530,1,392.530,463.720,128,32768,64,16384,noop,0,512
stress,chunk_size,512,0,19,decode,32,32,0,32,32,0,70.110,390.960,0.490,1,390.470,461.190,128,32768,64,16384,noop,0,512
stress,chunk_size,512,0,20,decode,32,32,0,32,32,0,70.140,388.550,0.490,1,388.060,458.800,128,32768,64,16384,noop,0,512
stress,chunk_size,512,0,21,decode,32,32,0,32,32,0,70.170,389.430,0.470,1,388.960,459.690,128,32768,64,16384,noop,0,512
stress,chunk_size,512,0,22,decode,32,32,0,32,32,0,69.770,390.460,0.490,1,389.970,460.380,128,32768,64,16384,noop,0,512
stress,chunk_size,512,0,23,decode,32,32,0,32,32,0,69.800,404.990,0.600,1,404.390,474.910,128,32768,64,16384,noop,0,512
stress,chunk_size,512,0,24,decode,32,32,0,32,32,0,70.120,393.620,0.590,1,393.030,463.850,128,32768,64,16384,noop,0,512
stress,chunk_size,512,0,25,decode,32,32,0,32,32,0,70.130,391.450,0.520,1,390.930,461.710,128,32768,64,16384,noop,0,512
stress,chunk_size,512,0,26,decode,32,32,0,32,32,0,70.600,390.610,0.500,1,390.110,461.330,128,32768,64,16384,noop,0,512
stress,chunk_size,512,0,27,decode,32,32,0,32,32,0,69.880,392.640,0.460,1,392.180,462.650,128,32768,64,16384,noop,0,512
stress,chunk_size,512,0,28,decode,32,32,0,32,32,0,566.650,470.370,0.780,1,469.590,1037.200,128,32768,64,16384,noop,0,512
stress,chunk_size,512,0,29,decode,32,32,0,32,32,0,71.950,402.230,0.590,1,401.640,474.360,128,32768,64,16384,noop,0,512
stress,chunk_size,512,0,30,decode,32,32,0,32,32,0,71.780,403.170,0.610,1,402.560,475.080,128,32768,64,16384,noop,0,512
stress,chunk_size,512,0,31,decode,32,32,0,32,32,0,70.160,394.690,0.540,1,394.150,464.960,128,32768,64,16384,noop,0,512
stress,chunk_size,512,0,32,decode,32,32,0,32,32,0,69.080,396.520,0.520,1,396.000,465.740,128,32768,64,16384,noop,0,512
stress,chunk_size,512,0,33,decode,32,32,0,32,32,0,70.780,392.410,0.570,1,391.840,463.340,128,32768,64,16384,noop,0,512
stress,chunk_size,512,0,34,decode,32,32,0,32,32,0,70.660,393.210,0.640,1,392.570,464.000,128,32768,64,16384,noop,0,512
stress,chunk_size,512,0,35,decode,32,32,0,32,32,0,69.540,392.510,0.580,1,391.930,462.180,128,32768,64,16384,noop,0,512
stress,chunk_size,512,0,36,decode,32,32,0,32,32,0,69.120,391.480,0.590,1,390.890,460.760,128,32768,64,16384,noop,0,512
stress,chunk_size,512,0,37,decode,32,32,0,32,32,0,68.490,406.440,0.580,1,405.860,475.060,128,32768,64,16384,noop,0,512
stress,chunk_size,512,0,38,decode,32,32,0,32,32,0,69.820,390.790,0.610,1,390.180,460.740,128,32768,64,16384,noop,0,512
stress,chunk_size,512,0,39,decode,32,32,0,32,32,0,70.110,391.380,0.620,1,390.760,461.580,128,32768,64,16384,noop,0,512
stress,chunk_size,512,0,40,decode,32,32,0,32,32,0,69.140,390.580,0.530,1,390.050,459.820,128,32768,64,16384,noop,0,512
stress,chunk_size,512,0,41,decode,32,32,0,32,32,0,69.870,391.120,0.580,1,390.540,461.090,128,32768,64,16384,noop,0,512
stress,chunk_size,512,0,42,decode,32,32,0,32,32,0,70.060,393.690,0.580,1,393.110,463.890,128,32768,64,16384,noop,0,512
stress,chunk_size,512,0,43,decode,32,32,0,32,32,0,69.200,392.080,0.540,1,391.540,461.390,128,32768,64,16384,noop,0,512
stress,chunk_size,512,0,44,decode,32,32,0,32,32,0,68.500,406.350,0.570,1,405.780,474.970,128,32768,64,16384,noop,0,512
stress,chunk_size,512,0,45,decode,32,32,0,32,32,0,70.630,398.580,0.610,1,397.970,469.310,128,32768,64,16384,noop,0,512
stress,chunk_size,512,0,46,decode,32,32,0,32,32,0,70.000,393.160,0.540,1,392.620,463.280,128,32768,64,16384,noop,0,512
stress,chunk_size,512,0,47,decode,32,32,0,32,32,0,68.950,393.700,0.610,1,393.090,462.760,128,32768,64,16384,noop,0,512
stress,chunk_size,512,0,48,decode,32,32,0,32,32,0,68.950,391.050,0.510,1,390.540,460.170,128,32768,64,16384,noop,0,512
stress,chunk_size,512,0,49,decode,32,32,0,32,32,0,68.740,391.650,0.420,1,391.230,460.500,128,32768,64,16384,noop,0,512
stress,chunk_size,512,0,50,decode,32,32,0,32,32,0,69.550,380.820,0.510,1,380.310,450.490,128,32768,64,16384,noop,0,512
stress,chunk_size,512,0,51,decode,32,32,0,32,32,0,68.440,378.850,0.510,1,378.340,447.380,128,32768,64,16384,noop,0,512
stress,chunk_size,512,0,52,decode,32,32,0,32,32,0,67.210,400.010,0.560,1,399.450,467.410,128,32768,64,16384,noop,0,512
stress,chunk_size,512,0,53,decode,32,32,0,32,32,0,69.570,386.340,0.510,1,385.830,456.090,128,32768,64,16384,noop,0,512
stress,chunk_size,512,0,54,decode,32,32,0,32,32,0,69.060,379.900,0.540,1,379.360,449.070,128,32768,64,16384,noop,0,512
stress,chunk_size,512,0,55,decode,32,32,0,32,32,0,68.480,381.730,0.570,1,381.160,450.360,128,32768,64,16384,noop,0,512
stress,chunk_size,512,0,56,decode,32,32,0,32,32,0,68.370,399.370,0.540,1,398.830,467.920,128,32768,64,16384,noop,0,512
stress,chunk_size,512,0,57,decode,32,32,0,32,32,0,69.460,390.800,0.550,1,390.250,460.420,128,32768,64,16384,noop,0,512
stress,chunk_size,512,0,58,decode,32,32,0,32,32,0,68.070,384.110,0.550,1,383.560,452.290,128,32768,64,16384,noop,0,512
stress,chunk_size,512,0,59,decode,32,32,0,32,32,0,68.650,397.270,0.560,1,396.710,466.050,128,32768,64,16384,noop,0,512
stress,chunk_size,512,0,60,decode,32,32,0,32,32,0,69.710,387.770,0.620,1,387.150,457.610,128,32768,64,16384,noop,0,512
stress,chunk_size,512,0,61,decode,32,32,0,32,32,0,69.210,382.990,0.580,1,382.410,452.290,128,32768,64,16384,noop,0,512
stress,chunk_size,512,0,62,decode,32,32,0,32,32,0,69.300,380.720,0.600,1,380.120,450.150,128,32768,64,16384,noop,0,512
stress,chunk_size,512,0,63,decode,32,32,0,32,32,0,68.860,383.970,0.520,1,383.450,452.940,128,32768,64,16384,noop,0,512
stress,chunk_size,512,0,64,decode,32,32,0,32,32,0,69.980,381.140,0.540,1,380.600,451.240,128,32768,64,16384,noop,0,512
stress,chunk_size,512,0,65,decode,32,32,0,32,32,0,68.710,382.430,0.550,1,381.880,451.260,128,32768,64,16384,noop,0,512
stress,chunk_size,512,0,66,decode,32,32,0,32,32,0,68.370,379.770,0.580,1,379.190,448.260,128,32768,64,16384,noop,0,512
stress,chunk_size,512,0,67,decode,32,32,0,32,32,0,68.790,403.630,0.580,1,403.050,472.520,128,32768,64,16384,noop,0,512
stress,chunk_size,512,0,68,decode,32,32,0,32,32,0,68.990,383.710,0.510,1,383.200,452.810,128,32768,64,16384,noop,0,512
stress,chunk_size,512,0,69,decode,32,32,0,32,32,0,68.680,383.450,0.530,1,382.920,452.230,128,32768,64,16384,noop,0,512
stress,chunk_size,512,0,70,decode,32,32,0,32,32,0,67.250,381.600,0.610,1,380.990,449.060,128,32768,64,16384,noop,0,512
stress,chunk_size,512,0,71,decode,32,32,0,32,32,0,67.950,380.880,0.610,1,380.270,448.930,128,32768,64,16384,noop,0,512
stress,chunk_size,512,0,72,decode,32,32,0,32,32,0,68.370,381.370,0.560,1,380.810,449.840,128,32768,64,16384,noop,0,512
stress,chunk_size,512,0,73,decode,32,32,0,32,32,0,68.770,380.630,0.650,1,379.980,449.530,128,32768,64,16384,noop,0,512
stress,chunk_size,512,0,74,decode,32,32,0,32,32,0,68.840,383.230,0.640,1,382.590,452.190,128,32768,64,16384,noop,0,512
stress,chunk_size,512,0,75,decode,32,32,0,32,32,0,82.020,391.170,0.620,1,390.550,473.290,128,32768,64,16384,noop,0,512
stress,chunk_size,512,0,76,decode,32,32,0,32,32,0,67.030,383.710,0.660,1,383.050,450.860,128,32768,64,16384,noop,0,512
stress,chunk_size,512,0,77,decode,32,32,0,32,32,0,68.190,383.040,0.530,1,382.510,451.330,128,32768,64,16384,noop,0,512
stress,chunk_size,512,0,78,decode,32,32,0,32,32,0,67.980,382.330,0.570,1,381.760,450.410,128,32768,64,16384,noop,0,512
stress,chunk_size,512,0,79,decode,32,32,0,32,32,0,67.330,381.750,0.480,1,381.270,449.220,128,32768,64,16384,noop,0,512
stress,chunk_size,1024,0,0,prefill,32,16384,16,16,32,0,257.140,624.900,0.620,1,624.280,882.190,128,32768,64,16384,noop,0,1024
stress,chunk_size,1024,0,1,prefill,32,63,1,31,32,0,77.780,436.580,0.510,1,436.070,514.550,128,32768,64,16384,noop,0,1024
stress,chunk_size,1024,0,2,decode,32,32,0,32,32,0,73.870,405.090,0.560,1,404.530,479.100,128,32768,64,16384,noop,0,1024
stress,chunk_size,1024,0,3,decode,32,32,0,32,32,0,72.590,397.490,0.470,1,397.020,470.180,128,32768,64,16384,noop,0,1024
stress,chunk_size,1024,0,4,decode,32,32,0,32,32,0,71.610,424.050,0.540,1,423.510,495.760,128,32768,64,16384,noop,0,1024
stress,chunk_size,1024,0,5,decode,32,32,0,32,32,0,71.230,399.400,0.570,1,398.830,470.720,128,32768,64,16384,noop,0,1024
stress,chunk_size,1024,0,6,decode,32,32,0,32,32,0,69.740,395.420,0.540,1,394.880,465.260,128,32768,64,16384,noop,0,1024
stress,chunk_size,1024,0,7,decode,32,32,0,32,32,0,69.670,395.120,0.610,1,394.510,464.880,128,32768,64,16384,noop,0,1024
stress,chunk_size,1024,0,8,decode,32,32,0,32,32,0,70.900,396.530,0.560,1,395.970,467.530,128,32768,64,16384,noop,0,1024
stress,chunk_size,1024,0,9,decode,32,32,0,32,32,0,70.880,396.950,0.590,1,396.360,467.950,128,32768,64,16384,noop,0,1024
stress,chunk_size,1024,0,10,decode,32,32,0,32,32,0,70.530,395.300,0.590,1,394.710,465.950,128,32768,64,16384,noop,0,1024
stress,chunk_size,1024,0,11,decode,32,32,0,32,32,0,69.740,402.960,0.550,1,402.410,472.820,128,32768,64,16384,noop,0,1024
stress,chunk_size,1024,0,12,decode,32,32,0,32,32,0,70.460,397.810,0.610,1,397.200,468.370,128,32768,64,16384,noop,0,1024
stress,chunk_size,1024,0,13,decode,32,32,0,32,32,0,69.900,395.080,0.630,1,394.450,465.110,128,32768,64,16384,noop,0,1024
stress,chunk_size,1024,0,14,decode,32,32,0,32,32,0,69.520,394.550,0.660,1,393.890,464.160,128,32768,64,16384,noop,0,1024
stress,chunk_size,1024,0,15,decode,32,32,0,32,32,0,71.370,396.980,0.560,1,396.420,468.480,128,32768,64,16384,noop,0,1024
stress,chunk_size,1024,0,16,decode,32,32,0,32,32,0,69.440,395.910,0.580,1,395.330,465.480,128,32768,64,16384,noop,0,1024
stress,chunk_size,1024,0,17,decode,32,32,0,32,32,0,69.430,393.250,0.620,1,392.630,462.840,128,32768,64,16384,noop,0,1024
stress,chunk_size,1024,0,18,decode,32,32,0,32,32,0,71.040,395.200,0.570,1,394.630,466.350,128,32768,64,16384,noop,0,1024
stress,chunk_size,1024,0,19,decode,32,32,0,32,32,0,70.370,402.110,0.530,1,401.580,472.640,128,32768,64,16384,noop,0,1024
stress,chunk_size,1024,0,20,decode,32,32,0,32,32,0,70.380,393.980,0.520,1,393.460,464.450,128,32768,64,16384,noop,0,1024
stress,chunk_size,1024,0,21,decode,32,32,0,32,32,0,70.090,395.270,0.550,1,394.720,465.480,128,32768,64,16384,noop,0,1024
stress,chunk_size,1024,0,22,decode,32,32,0,32,32,0,69.520,395.390,0.560,1,394.830,465.010,128,32768,64,16384,noop,0,1024
stress,chunk_size,1024,0,23,decode,32,32,0,32,32,0,69.690,395.370,0.610,1,394.760,465.180,128,32768,64,16384,noop,0,1024
stress,chunk_size,1024,0,24,decode,32,32,0,32,32,0,69.300,392.920,0.610,1,392.310,462.310,128,32768,64,16384,noop,0,1024
stress,chunk_size,1024,0,25,decode,32,32,0,32,32,0,68.970,392.370,0.540,1,391.830,461.460,128,32768,64,16384,noop,0,1024
stress,chunk_size,1024,0,26,decode,32,32,0,32,32,0,69.070,406.380,0.700,1,405.680,475.590,128,32768,64,16384,noop,0,1024
stress,chunk_size,1024,0,27,decode,32,32,0,32,32,0,69.930,394.190,0.630,1,393.560,464.220,128,32768,64,16384,noop,0,1024
stress,chunk_size,1024,0,28,decode,32,32,0,32,32,0,69.420,393.310,0.610,1,392.700,462.870,128,32768,64,16384,noop,0,1024
stress,chunk_size,1024,0,29,decode,32,32,0,32,32,0,70.140,392.450,0.590,1,391.860,462.730,128,32768,64,16384,noop,0,1024
stress,chunk_size,1024,0,30,decode,32,32,0,32,32,0,69.010,393.860,0.580,1,393.280,462.970,128,32768,64,16384,noop,0,1024
stress,chunk_size,1024,0,31,decode,32,32,0,32,32,0,68.700,392.090,0.500,1,391.590,460.900,128,32768,64,16384,noop,0,1024
stress,chunk_size,1024,0,32,decode,32,32,0,32,32,0,69.900,954.340,0.690,1,953.650,1024.360,128,32768,64,16384,noop,0,1024
stress,chunk_size,1024,0,33,decode,32,32,0,32,32,0,74.660,448.600,0.620,1,447.980,523.410,128,32768,64,16384,noop,0,1024
stress,chunk_size,1024,0,34,decode,32,32,0,32,32,0,72.490,409.760,0.600,1,409.160,482.370,128,32768,64,16384,noop,0,1024
stress,chunk_size,1024,0,35,decode,32,32,0,32,32,0,71.300,402.060,0.640,1,401.420,473.520,128,32768,64,16384,noop,0,1024
stress,chunk_size,1024,0,36,decode,32,32,0,32,32,0,70.810,397.020,0.580,1,396.440,467.990,128,32768,64,16384,noop,0,1024
stress,chunk_size,1024,0,37,decode,32,32,0,32,32,0,70.030,400.000,0.640,1,399.360,470.210,128,32768,64,16384,noop,0,1024
stress,chunk_size,1024,0,38,decode,32,32,0,32,32,0,69.720,398.500,0.620,1,397.880,468.330,128,32768,64,16384,noop,0,1024
stress,chunk_size,1024,0,39,decode,32,32,0,32,32,0,70.490,398.370,0.580,1,397.790,469.050,128,32768,64,16384,noop,0,1024
stress,chunk_size,1024,0,40,decode,32,32,0,32,32,0,71.370,403.360,0.590,1,402.770,474.870,128,32768,64,16384,noop,0,1024
stress,chunk_size,1024,0,41,decode,32,32,0,32,32,0,69.640,398.870,0.570,1,398.300,468.670,128,32768,64,16384,noop,0,1024
stress,chunk_size,1024,0,42,decode,32,32,0,32,32,0,69.490,394.980,0.580,1,394.400,464.610,128,32768,64,16384,noop,0,1024
stress,chunk_size,1024,0,43,decode,32,32,0,32,32,0,71.070,395.360,0.630,1,394.730,466.520,128,32768,64,16384,noop,0,1024
stress,chunk_size,1024,0,44,decode,32,32,0,32,32,0,69.230,396.080,0.590,1,395.490,465.420,128,32768,64,16384,noop,0,1024
stress,chunk_size,1024,0,45,decode,32,32,0,32,32,0,70.570,395.900,0.500,1,395.400,466.590,128,32768,64,16384,noop,0,1024
stress,chunk_size,1024,0,46,decode,32,32,0,32,32,0,69.040,396.200,0.620,1,395.580,465.380,128,32768,64,16384,noop,0,1024
stress,chunk_size,1024,0,47,decode,32,32,0,32,32,0,69.940,417.540,0.640,1,416.900,487.570,128,32768,64,16384,noop,0,1024
stress,chunk_size,1024,0,48,decode,32,32,0,32,32,0,71.030,394.870,0.630,1,394.240,466.040,128,32768,64,16384,noop,0,1024
stress,chunk_size,1024,0,49,decode,32,32,0,32,32,0,70.810,395.170,0.510,1,394.660,466.070,128,32768,64,16384,noop,0,1024
stress,chunk_size,1024,0,50,decode,32,32,0,32,32,0,68.270,388.050,0.620,1,387.430,456.440,128,32768,64,16384,noop,0,1024
stress,chunk_size,1024,0,51,decode,32,32,0,32,32,0,68.690,385.520,0.580,1,384.940,454.340,128,32768,64,16384,noop,0,1024
stress,chunk_size,1024,0,52,decode,32,32,0,32,32,0,68.370,384.960,0.560,1,384.400,453.470,128,32768,64,16384,noop,0,1024
stress,chunk_size,1024,0,53,decode,32,32,0,32,32,0,68.340,383.590,0.520,1,383.070,452.020,128,32768,64,16384,noop,0,1024
stress,chunk_size,1024,0,54,decode,32,32,0,32,32,0,68.640,391.350,0.620,1,390.730,460.120,128,32768,64,16384,noop,0,1024
stress,chunk_size,1024,0,55,decode,32,32,0,32,32,0,69.080,390.810,0.570,1,390.240,460.000,128,32768,64,16384,noop,0,1024
stress,chunk_size,1024,0,56,decode,32,32,0,32,32,0,68.310,383.630,0.540,1,383.090,452.060,128,32768,64,16384,noop,0,1024
stress,chunk_size,1024,0,57,decode,32,32,0,32,32,0,68.160,385.950,0.580,1,385.370,454.220,128,32768,64,16384,noop,0,1024
stress,chunk_size,1024,0,58,decode,32,32,0,32,32,0,68.700,385.650,0.640,1,385.010,454.440,128,32768,64,16384,noop,0,1024
stress,chunk_size,1024,0,59,decode,32,32,0,32,32,0,67.620,382.780,0.540,1,382.240,450.580,128,32768,64,16384,noop,0,1024
stress,chunk_size,1024,0,60,decode,32,32,0,32,32,0,68.180,384.530,0.570,1,383.960,452.840,128,32768,64,16384,noop,0,1024
stress,chunk_size,1024,0,61,decode,32,32,0,32,32,0,68.180,384.910,0.550,1,384.360,453.280,128,32768,64,16384,noop,0,1024
stress,chunk_size,1024,0,62,decode,32,32,0,32,32,0,68.700,398.590,0.650,1,397.940,467.430,128,32768,64,16384,noop,0,1024
stress,chunk_size,1024,0,63,decode,32,32,0,32,32,0,68.790,388.100,0.540,1,387.560,457.020,128,32768,64,16384,noop,0,1024
stress,chunk_size,1024,0,64,decode,32,32,0,32,32,0,68.680,384.510,0.590,1,383.920,453.370,128,32768,64,16384,noop,0,1024
stress,chunk_size,1024,0,65,decode,32,32,0,32,32,0,68.190,383.530,0.660,1,382.870,451.900,128,32768,64,16384,noop,0,1024
stress,chunk_size,1024,0,66,decode,32,32,0,32,32,0,69.240,383.120,0.510,1,382.610,452.550,128,32768,64,16384,noop,0,1024
stress,chunk_size,1024,0,67,decode,32,32,0,32,32,0,69.310,383.740,0.610,1,383.130,453.220,128,32768,64,16384,noop,0,1024
stress,chunk_size,1024,0,68,decode,32,32,0,32,32,0,67.690,386.760,0.560,1,386.200,454.640,128,32768,64,16384,noop,0,1024
stress,chunk_size,1024,0,69,decode,32,32,0,32,32,0,68.680,386.460,0.610,1,385.850,455.320,128,32768,64,16384,noop,0,1024
stress,chunk_size,1024,0,70,decode,32,32,0,32,32,0,92.440,395.430,0.570,1,394.860,488.040,128,32768,64,16384,noop,0,1024
stress,chunk_size,1024,0,71,decode,32,32,0,32,32,0,68.610,386.090,0.600,1,385.490,454.900,128,32768,64,16384,noop,0,1024
stress,chunk_size,1024,0,72,decode,32,32,0,32,32,0,69.140,387.290,0.630,1,386.660,456.610,128,32768,64,16384,noop,0,1024
stress,chunk_size,1024,0,73,decode,32,32,0,32,32,0,68.580,385.850,0.590,1,385.260,454.590,128,32768,64,16384,noop,0,1024
stress,chunk_size,1024,0,74,decode,32,32,0,32,32,0,68.460,384.720,0.610,1,384.110,453.360,128,32768,64,16384,noop,0,1024
stress,chunk_size,1024,0,75,decode,32,32,0,32,32,0,68.050,384.780,0.580,1,384.200,452.940,128,32768,64,16384,noop,0,1024
stress,chunk_size,1024,0,76,decode,32,32,0,32,32,0,68.550,385.150,0.630,1,384.520,453.890,128,32768,64,16384,noop,0,1024
stress,chunk_size,1024,0,77,decode,32,32,0,32,32,0,68.460,397.860,0.610,1,397.250,466.520,128,32768,64,16384,noop,0,1024
stress,chunk_size,1024,0,78,decode,32,32,0,32,32,0,69.750,387.850,0.460,1,387.390,457.760,128,32768,64,16384,noop,0,1024
stress,chunk_size,1024,0,79,decode,32,32,0,32,32,0,68.820,384.310,0.650,1,383.660,453.310,128,32768,64,16384,noop,0,1024
stress,chunk_size,2048,0,0,prefill,32,16384,9,23,32,0,783.120,624.300,0.660,1,623.640,1407.620,128,32768,64,16384,noop,0,2048
stress,chunk_size,2048,0,1,prefill,32,77,1,31,32,0,172.230,454.170,0.560,1,453.610,626.550,128,32768,64,16384,noop,0,2048
stress,chunk_size,2048,0,2,decode,32,32,0,32,32,0,73.900,411.450,0.690,1,410.760,485.490,128,32768,64,16384,noop,0,2048
stress,chunk_size,2048,0,3,decode,32,32,0,32,32,0,72.580,400.420,0.510,1,399.910,473.130,128,32768,64,16384,noop,0,2048
stress,chunk_size,2048,0,4,decode,32,32,0,32,32,0,70.900,399.940,0.540,1,399.400,470.970,128,32768,64,16384,noop,0,2048
stress,chunk_size,2048,0,5,decode,32,32,0,32,32,0,71.310,399.440,0.600,1,398.840,470.890,128,32768,64,16384,noop,0,2048
stress,chunk_size,2048,0,6,decode,32,32,0,32,32,0,71.080,399.210,0.640,1,398.570,470.410,128,32768,64,16384,noop,0,2048
stress,chunk_size,2048,0,7,decode,32,32,0,32,32,0,71.430,399.460,0.510,1,398.950,471.020,128,32768,64,16384,noop,0,2048
stress,chunk_size,2048,0,8,decode,32,32,0,32,32,0,70.900,411.110,0.610,1,410.500,482.130,128,32768,64,16384,noop,0,2048
stress,chunk_size,2048,0,9,decode,32,32,0,32,32,0,70.750,401.430,0.490,1,400.940,472.310,128,32768,64,16384,noop,0,2048
stress,chunk_size,2048,0,10,decode,32,32,0,32,32,0,70.890,400.930,0.610,1,400.320,471.890,128,32768,64,16384,noop,0,2048
stress,chunk_size,2048,0,11,decode,32,32,0,32,32,0,70.740,398.390,0.610,1,397.780,469.240,128,32768,64,16384,noop,0,2048
stress,chunk_size,2048,0,12,decode,32,32,0,32,32,0,70.760,399.060,0.740,1,398.320,469.980,128,32768,64,16384,noop,0,2048
stress,chunk_size,2048,0,13,decode,32,32,0,32,32,0,70.690,396.040,0.600,1,395.440,466.830,128,32768,64,16384,noop,0,2048
stress,chunk_size,2048,0,14,decode,32,32,0,32,32,0,70.150,394.510,0.650,1,393.860,464.760,128,32768,64,16384,noop,0,2048
stress,chunk_size,2048,0,15,decode,32,32,0,32,32,0,69.070,407.310,0.540,1,406.770,476.510,128,32768,64,16384,noop,0,2048
stress,chunk_size,2048,0,16,decode,32,32,0,32,32,0,69.880,401.740,0.500,1,401.240,471.730,128,32768,64,16384,noop,0,2048
stress,chunk_size,2048,0,17,decode,32,32,0,32,32,0,71.540,398.090,0.540,1,397.550,469.720,128,32768,64,16384,noop,0,2048
stress,chunk_size,2048,0,18,decode,32,32,0,32,32,0,70.970,397.290,0.680,1,396.610,468.370,128,32768,64,16384,noop,0,2048
stress,chunk_size,2048,0,19,decode,32,32,0,32,32,0,70.880,395.480,0.680,1,394.800,466.470,128,32768,64,16384,noop,0,2048
stress,chunk_size,2048,0,20,decode,32,32,0,32,32,0,69.890,394.960,0.610,1,394.350,464.990,128,32768,64,16384,noop,0,2048
stress,chunk_size,2048,0,21,decode,32,32,0,32,32,0,70.490,395.200,0.580,1,394.620,465.800,128,32768,64,16384,noop,0,2048
stress,chunk_size,2048,0,22,decode,32,32,0,32,32,0,70.500,397.000,0.540,1,396.460,467.610,128,32768,64,16384,noop,0,2048
stress,chunk_size,2048,0,23,decode,32,32,0,32,32,0,80.100,402.490,0.500,1,401.990,482.690,128,32768,64,16384,noop,0,2048
stress,chunk_size,2048,0,24,decode,32,32,0,32,32,0,70.430,397.560,0.490,1,397.070,468.100,128,32768,64,16384,noop,0,2048
stress,chunk_size,2048,0,25,decode,32,32,0,32,32,0,69.510,395.230,0.610,1,394.620,464.890,128,32768,64,16384,noop,0,2048
stress,chunk_size,2048,0,26,decode,32,32,0,32,32,0,70.780,394.580,0.550,1,394.030,465.540,128,32768,64,16384,noop,0,2048
stress,chunk_size,2048,0,27,decode,32,32,0,32,32,0,70.010,396.190,0.580,1,395.610,466.380,128,32768,64,16384,noop,0,2048
stress,chunk_size,2048,0,28,decode,32,32,0,32,32,0,69.370,393.590,0.550,1,393.040,463.050,128,32768,64,16384,noop,0,2048
stress,chunk_size,2048,0,29,decode,32,32,0,32,32,0,70.590,398.350,0.520,1,397.830,469.040,128,32768,64,16384,noop,0,2048
stress,chunk_size,2048,0,30,decode,32,32,0,32,32,0,69.930,408.860,0.550,1,408.310,478.900,128,32768,64,16384,noop,0,2048
stress,chunk_size,2048,0,31,decode,32,32,0,32,32,0,69.600,397.480,0.570,1,396.910,467.160,128,32768,64,16384,noop,0,2048
stress,chunk_size,2048,0,32,decode,32,32,0,32,32,0,70.530,396.210,0.650,1,395.560,466.870,128,32768,64,16384,noop,0,2048
stress,chunk_size,2048,0,33,decode,32,32,0,32,32,0,69.740,394.240,0.520,1,393.720,464.090,128,32768,64,16384,noop,0,2048
stress,chunk_size,2048,0,34,decode,32,32,0,32,32,0,70.180,933.520,0.890,1,932.630,1003.820,128,32768,64,16384,noop,0,2048
stress,chunk_size,2048,0,35,decode,32,32,0,32,32,0,74.990,445.430,0.540,1,444.890,520.580,128,32768,64,16384,noop,0,2048
stress,chunk_size,2048,0,36,decode,32,32,0,32,32,0,71.760,423.840,0.640,1,423.200,495.680,128,32768,64,16384,noop,0,2048
stress,chunk_size,2048,0,37,decode,32,32,0,32,32,0,71.760,403.320,0.500,1,402.820,475.220,128,32768,64,16384,noop,0,2048
stress,chunk_size,2048,0,38,decode,32,32,0,32,32,0,69.820,400.610,0.600,1,400.010,470.530,128,32768,64,16384,noop,0,2048
stress,chunk_size,2048,0,39,decode,32,32,0,32,32,0,71.350,400.240,0.600,1,399.640,471.690,128,32768,64,16384,noop,0,2048
stress,chunk_size,2048,0,40,decode,32,32,0,32,32,0,69.820,396.870,0.610,1,396.260,466.790,128,32768,64,16384,noop,0,2048
stress,chunk_size,2048,0,41,decode,32,32,0,32,32,0,70.340,399.740,0.520,1,399.220,470.180,128,32768,64,16384,noop,0,2048
stress,chunk_size,2048,0,42,decode,32,32,0,32,32,0,69.150,398.330,0.600,1,397.730,467.640,128,32768,64,16384,noop,0,2048
stress,chunk_size,2048,0,43,decode,32,32,0,32,32,0,70.540,396.680,0.610,1,396.070,467.340,128,32768,64,16384,noop,0,2048
stress,chunk_size,2048,0,44,decode,32,32,0,32,32,0,70.350,406.020,0.580,1,405.440,476.500,128,32768,64,16384,noop,0,2048
stress,chunk_size,2048,0,45,decode,32,32,0,32,32,0,69.750,400.740,0.650,1,400.090,470.590,128,32768,64,16384,noop,0,2048
stress,chunk_size,2048,0,46,decode,32,32,0,32,32,0,70.060,396.890,0.520,1,396.370,467.060,128,32768,64,16384,noop,0,2048
stress,chunk_size,2048,0,47,decode,32,32,0,32,32,0,70.270,397.080,0.470,1,396.610,467.500,128,32768,64,16384,noop,0,2048
stress,chunk_size,2048,0,48,decode,32,32,0,32,32,0,70.000,396.870,0.600,1,396.270,466.970,128,32768,64,16384,noop,0,2048
stress,chunk_size,2048,0,49,decode,32,32,0,32,32,0,70.320,396.610,0.580,1,396.030,467.030,128,32768,64,16384,noop,0,2048
stress,chunk_size,2048,0,50,decode,32,32,0,32,32,0,68.640,387.560,0.640,1,386.920,456.310,128,32768,64,16384,noop,0,2048
stress,chunk_size,2048,0,51,decode,32,32,0,32,32,0,68.870,399.750,0.530,1,399.220,468.790,128,32768,64,16384,noop,0,2048
stress,chunk_size,2048,0,52,decode,32,32,0,32,32,0,69.570,386.980,0.600,1,386.380,456.690,128,32768,64,16384,noop,0,2048
stress,chunk_size,2048,0,53,decode,32,32,0,32,32,0,68.160,388.320,0.630,1,387.690,456.610,128,32768,64,16384,noop,0,2048
stress,chunk_size,2048,0,54,decode,32,32,0,32,32,0,68.810,387.430,0.610,1,386.820,456.360,128,32768,64,16384,noop,0,2048
stress,chunk_size,2048,0,55,decode,32,32,0,32,32,0,68.460,383.600,0.480,1,383.120,452.170,128,32768,64,16384,noop,0,2048
stress,chunk_size,2048,0,56,decode,32,32,0,32,32,0,68.270,386.460,0.500,1,385.960,454.860,128,32768,64,16384,noop,0,2048
stress,chunk_size,2048,0,57,decode,32,32,0,32,32,0,68.800,385.910,0.660,1,385.250,454.790,128,32768,64,16384,noop,0,2048
stress,chunk_size,2048,0,58,decode,32,32,0,32,32,0,70.190,399.640,0.470,1,399.170,469.970,128,32768,64,16384,noop,0,2048
stress,chunk_size,2048,0,59,decode,32,32,0,32,32,0,69.920,393.340,0.620,1,392.720,463.380,128,32768,64,16384,noop,0,2048
stress,chunk_size,2048,0,60,decode,32,32,0,32,32,0,68.760,384.790,0.580,1,384.210,453.670,128,32768,64,16384,noop,0,2048
stress,chunk_size,2048,0,61,decode,32,32,0,32,32,0,68.130,387.180,0.580,1,386.600,455.440,128,32768,64,16384,noop,0,2048
stress,chunk_size,2048,0,62,decode,32,32,0,32,32,0,67.620,386.870,0.530,1,386.340,454.600,128,32768,64,16384,noop,0,2048
stress,chunk_size,2048,0,63,decode,32,32,0,32,32,0,68.210,384.670,0.560,1,384.110,453.020,128,32768,64,16384,noop,0,2048
stress,chunk_size,2048,0,64,decode,32,32,0,32,32,0,68.050,391.450,0.580,1,390.870,459.610,128,32768,64,16384,noop,0,2048
stress,chunk_size,2048,0,65,decode,32,32,0,32,32,0,68.640,390.980,0.590,1,390.390,459.750,128,32768,64,16384,noop,0,2048
stress,chunk_size,2048,0,66,decode,32,32,0,32,32,0,69.230,406.380,0.620,1,405.760,475.680,128,32768,64,16384,noop,0,2048
stress,chunk_size,2048,0,67,decode,32,32,0,32,32,0,69.310,390.900,0.640,1,390.260,460.330,128,32768,64,16384,noop,0,2048
stress,chunk_size,2048,0,68,decode,32,32,0,32,32,0,68.200,386.640,0.640,1,386.000,454.960,128,32768,64,16384,noop,0,2048
stress,chunk_size,2048,0,69,decode,32,32,0,32,32,0,68.660,384.140,0.570,1,383.570,452.910,128,32768,64,16384,noop,0,2048
stress,chunk_size,2048,0,70,decode,32,32,0,32,32,0,67.550,383.910,0.600,1,383.310,451.570,128,32768,64,16384,noop,0,2048
stress,chunk_size,2048,0,71,decode,32,32,0,32,32,0,68.380,387.150,0.610,1,386.540,455.630,128,32768,64,16384,noop,0,2048
stress,chunk_size,2048,0,72,decode,32,32,0,32,32,0,67.910,386.770,0.630,1,386.140,454.800,128,32768,64,16384,noop,0,2048
stress,chunk_size,2048,0,73,decode,32,32,0,32,32,0,68.180,386.480,0.590,1,385.890,454.770,128,32768,64,16384,noop,0,2048
stress,chunk_size,2048,0,74,decode,32,32,0,32,32,0,69.010,392.890,0.570,1,392.320,462.020,128,32768,64,16384,noop,0,2048
stress,chunk_size,2048,0,75,decode,32,32,0,32,32,0,67.910,387.010,0.580,1,386.430,455.070,128,32768,64,16384,noop,0,2048
stress,chunk_size,2048,0,76,decode,32,32,0,32,32,0,68.280,385.210,0.480,1,384.730,453.670,128,32768,64,16384,noop,0,2048
stress,chunk_size,2048,0,77,decode,32,32,0,32,32,0,68.640,385.910,0.550,1,385.360,454.680,128,32768,64,16384,noop,0,2048
stress,chunk_size,2048,0,78,decode,32,32,0,32,32,0,68.310,387.880,0.600,1,387.280,456.330,128,32768,64,16384,noop,0,2048
stress,chunk_size,2048,0,79,decode,32,32,0,32,32,0,68.190,389.510,0.480,1,389.030,457.820,128,32768,64,16384,noop,0,2048
stress,chunk_size,8192,0,0,prefill,32,16384,9,23,32,0,784.220,670.630,0.760,1,669.870,1454.990,128,32768,64,16384,noop,0,8192
stress,chunk_size,8192,0,1,prefill,32,77,1,31,32,0,174.990,442.440,0.640,1,441.800,617.590,128,32768,64,16384,noop,0,8192
stress,chunk_size,8192,0,2,decode,32,32,0,32,32,0,73.570,411.160,0.630,1,410.530,484.900,128,32768,64,16384,noop,0,8192
stress,chunk_size,8192,0,3,decode,32,32,0,32,32,0,71.560,411.950,0.640,1,411.310,483.660,128,32768,64,16384,noop,0,8192
stress,chunk_size,8192,0,4,decode,32,32,0,32,32,0,71.740,405.280,0.580,1,404.700,477.140,128,32768,64,16384,noop,0,8192
stress,chunk_size,8192,0,5,decode,32,32,0,32,32,0,71.960,409.330,0.650,1,408.680,481.400,128,32768,64,16384,noop,0,8192
stress,chunk_size,8192,0,6,decode,32,32,0,32,32,0,71.550,400.320,0.610,1,399.710,471.970,128,32768,64,16384,noop,0,8192
stress,chunk_size,8192,0,7,decode,32,32,0,32,32,0,87.340,405.810,0.650,1,405.160,493.270,128,32768,64,16384,noop,0,8192
stress,chunk_size,8192,0,8,decode,32,32,0,32,32,0,70.480,401.300,0.600,1,400.700,471.900,128,32768,64,16384,noop,0,8192
stress,chunk_size,8192,0,9,decode,32,32,0,32,32,0,70.620,400.270,0.650,1,399.620,470.990,128,32768,64,16384,noop,0,8192
stress,chunk_size,8192,0,10,decode,32,32,0,32,32,0,71.900,401.670,0.570,1,401.100,473.700,128,32768,64,16384,noop,0,8192
stress,chunk_size,8192,0,11,decode,32,32,0,32,32,0,72.020,398.690,0.540,1,398.150,470.840,128,32768,64,16384,noop,0,8192
stress,chunk_size,8192,0,12,decode,32,32,0,32,32,0,69.820,398.210,0.610,1,397.600,468.150,128,32768,64,16384,noop,0,8192
stress,chunk_size,8192,0,13,decode,32,32,0,32,32,0,69.690,395.570,0.540,1,395.030,465.390,128,32768,64,16384,noop,0,8192
stress,chunk_size,8192,0,14,decode,32,32,0,32,32,0,70.240,426.050,0.630,1,425.420,496.440,128,32768,64,16384,noop,0,8192
stress,chunk_size,8192,0,15,decode,32,32,0,32,32,0,71.540,398.320,0.570,1,397.750,470.020,128,32768,64,16384,noop,0,8192
stress,chunk_size,8192,0,16,decode,32,32,0,32,32,0,70.220,397.600,0.680,1,396.920,467.940,128,32768,64,16384,noop,0,8192
stress,chunk_size,8192,0,17,decode,32,32,0,32,32,0,70.850,399.250,0.600,1,398.650,470.240,128,32768,64,16384,noop,0,8192
stress,chunk_size,8192,0,18,decode,32,32,0,32,32,0,71.200,397.230,0.590,1,396.640,468.550,128,32768,64,16384,noop,0,8192
stress,chunk_size,8192,0,19,decode,32,32,0,32,32,0,70.100,394.260,0.560,1,393.700,464.460,128,32768,64,16384,noop,0,8192
stress,chunk_size,8192,0,20,decode,32,32,0,32,32,0,70.400,395.620,0.630,1,394.990,466.130,128,32768,64,16384,noop,0,8192
stress,chunk_size,8192,0,21,decode,32,32,0,32,32,0,69.960,409.090,0.650,1,408.440,479.150,128,32768,64,16384,noop,0,8192
stress,chunk_size,8192,0,22,decode,32,32,0,32,32,0,69.680,401.020,0.600,1,400.420,470.850,128,32768,64,16384,noop,0,8192
stress,chunk_size,8192,0,23,decode,32,32,0,32,32,0,69.900,395.890,0.560,1,395.330,465.940,128,32768,64,16384,noop,0,8192
stress,chunk_size,8192,0,24,decode,32,32,0,32,32,0,70.510,396.950,0.630,1,396.320,467.540,128,32768,64,16384,noop,0,8192
stress,chunk_size,8192,0,25,decode,32,32,0,32,32,0,69.980,397.360,0.570,1,396.790,467.430,128,32768,64,16384,noop,0,8192
stress,chunk_size,8192,0,26,decode,32,32,0,32,32,0,71.100,394.800,0.590,1,394.210,466.020,128,32768,64,16384,noop,0,8192
stress,chunk_size,8192,0,27,decode,32,32,0,32,32,0,70.060,394.880,0.530,1,394.350,465.050,128,32768,64,16384,noop,0,8192
stress,chunk_size,8192,0,28,decode,32,32,0,32,32,0,69.980,395.320,0.630,1,394.690,465.430,128,32768,64,16384,noop,0,8192
stress,chunk_size,8192,0,29,decode,32,32,0,32,32,0,78.860,401.250,0.580,1,400.670,480.200,128,32768,64,16384,noop,0,8192
stress,chunk_size,8192,0,30,decode,32,32,0,32,32,0,71.140,395.910,0.590,1,395.320,467.160,128,32768,64,16384,noop,0,8192
stress,chunk_size,8192,0,31,decode,32,32,0,32,32,0,70.550,392.260,0.610,1,391.650,462.920,128,32768,64,16384,noop,0,8192
stress,chunk_size,8192,0,32,decode,32,32,0,32,32,0,69.260,393.710,0.470,1,393.240,463.080,128,32768,64,16384,noop,0,8192
stress,chunk_size,8192,0,33,decode,32,32,0,32,32,0,69.760,393.520,0.620,1,392.900,463.380,128,32768,64,16384,noop,0,8192
stress,chunk_size,8192,0,34,decode,32,32,0,32,32,0,69.110,966.010,0.780,1,965.230,1035.290,128,32768,64,16384,noop,0,8192
stress,chunk_size,8192,0,35,decode,32,32,0,32,32,0,74.630,471.210,0.670,1,470.540,546.010,128,32768,64,16384,noop,0,8192
stress,chunk_size,8192,0,36,decode,32,32,0,32,32,0,73.770,409.020,0.650,1,408.370,482.940,128,32768,64,16384,noop,0,8192
stress,chunk_size,8192,0,37,decode,32,32,0,32,32,0,72.990,400.490,0.620,1,399.870,473.670,128,32768,64,16384,noop,0,8192
stress,chunk_size,8192,0,38,decode,32,32,0,32,32,0,70.740,401.240,0.650,1,400.590,472.110,128,32768,64,16384,noop,0,8192
stress,chunk_size,8192,0,39,decode,32,32,0,32,32,0,71.350,399.690,0.630,1,399.060,471.230,128,32768,64,16384,noop,0,8192
stress,chunk_size,8192,0,40,decode,32,32,0,32,32,0,70.760,400.900,0.640,1,400.260,471.840,128,32768,64,16384,noop,0,8192
stress,chunk_size,8192,0,41,decode,32,32,0,32,32,0,70.590,400.880,0.580,1,400.300,471.640,128,32768,64,16384,noop,0,8192
stress,chunk_size,8192,0,42,decode,32,32,0,32,32,0,70.400,408.780,0.590,1,408.190,479.330,128,32768,64,16384,noop,0,8192
stress,chunk_size,8192,0,43,decode,32,32,0,32,32,0,72.390,400.680,0.530,1,400.150,473.190,128,32768,64,16384,noop,0,8192
stress,chunk_size,8192,0,44,decode,32,32,0,32,32,0,69.460,397.480,0.520,1,396.960,467.030,128,32768,64,16384,noop,0,8192
stress,chunk_size,8192,0,45,decode,32,32,0,32,32,0,70.470,397.120,0.570,1,396.550,467.710,128,32768,64,16384,noop,0,8192
stress,chunk_size,8192,0,46,decode,32,32,0,32,32,0,69.930,406.460,0.580,1,405.880,476.530,128,32768,64,16384,noop,0,8192
stress,chunk_size,8192,0,47,decode,32,32,0,32,32,0,70.700,396.760,0.560,1,396.200,467.560,128,32768,64,16384,noop,0,8192
stress,chunk_size,8192,0,48,decode,32,32,0,32,32,0,69.730,394.100,0.520,1,393.580,463.960,128,32768,64,16384,noop,0,8192
stress,chunk_size,8192,0,49,decode,32,32,0,32,32,0,70.600,401.690,0.560,1,401.130,472.390,128,32768,64,16384,noop,0,8192
stress,chunk_size,8192,0,50,decode,32,32,0,32,32,0,69.420,395.160,0.630,1,394.530,464.670,128,32768,64,16384,noop,0,8192
stress,chunk_size,8192,0,51,decode,32,32,0,32,32,0,69.620,389.660,0.490,1,389.170,459.400,128,32768,64,16384,noop,0,8192
stress,chunk_size,8192,0,52,decode,32,32,0,32,32,0,68.780,390.380,0.610,1,389.770,459.310,128,32768,64,16384,noop,0,8192
stress,chunk_size,8192,0,53,decode,32,32,0,32,32,0,68.850,389.100,0.510,1,388.590,458.060,128,32768,64,16384,noop,0,8192
stress,chunk_size,8192,0,54,decode,32,32,0,32,32,0,68.460,385.390,0.540,1,384.850,454.030,128,32768,64,16384,noop,0,8192
stress,chunk_size,8192,0,55,decode,32,32,0,32,32,0,68.820,384.160,0.520,1,383.640,453.090,128,32768,64,16384,noop,0,8192
stress,chunk_size,8192,0,56,decode,32,32,0,32,32,0,67.510,386.800,0.660,1,386.140,454.440,128,32768,64,16384,noop,0,8192
stress,chunk_size,8192,0,57,decode,32,32,0,32,32,0,67.540,404.630,0.640,1,403.990,472.300,128,32768,64,16384,noop,0,8192
stress,chunk_size,8192,0,58,decode,32,32,0,32,32,0,68.940,389.900,0.500,1,389.400,459.020,128,32768,64,16384,noop,0,8192
stress,chunk_size,8192,0,59,decode,32,32,0,32,32,0,69.810,385.390,0.610,1,384.780,455.320,128,32768,64,16384,noop,0,8192
stress,chunk_size,8192,0,60,decode,32,32,0,32,32,0,67.910,387.120,0.590,1,386.530,455.150,128,32768,64,16384,noop,0,8192
stress,chunk_size,8192,0,61,decode,32,32,0,32,32,0,69.110,386.480,0.570,1,385.910,455.730,128,32768,64,16384,noop,0,8192
stress,chunk_size,8192,0,62,decode,32,32,0,32,32,0,68.800,386.460,0.500,1,385.960,455.390,128,32768,64,16384,noop,0,8192
stress,chunk_size,8192,0,63,decode,32,32,0,32,32,0,68.770,395.130,0.610,1,394.520,464.020,128,32768,64,16384,noop,0,8192
stress,chunk_size,8192,0,64,decode,32,32,0,32,32,0,69.780,387.910,0.560,1,387.350,457.820,128,32768,64,16384,noop,0,8192
stress,chunk_size,8192,0,65,decode,32,32,0,32,32,0,69.980,395.240,0.610,1,394.630,465.390,128,32768,64,16384,noop,0,8192
stress,chunk_size,8192,0,66,decode,32,32,0,32,32,0,69.180,387.320,0.520,1,386.800,456.590,128,32768,64,16384,noop,0,8192
stress,chunk_size,8192,0,67,decode,32,32,0,32,32,0,69.070,389.500,0.570,1,388.930,458.690,128,32768,64,16384,noop,0,8192
stress,chunk_size,8192,0,68,decode,32,32,0,32,32,0,67.590,386.660,0.570,1,386.090,454.330,128,32768,64,16384,noop,0,8192
stress,chunk_size,8192,0,69,decode,32,32,0,32,32,0,68.590,388.790,0.540,1,388.250,457.480,128,32768,64,16384,noop,0,8192
stress,chunk_size,8192,0,70,decode,32,32,0,32,32,0,68.910,386.690,0.600,1,386.090,455.740,128,32768,64,16384,noop,0,8192
stress,chunk_size,8192,0,71,decode,32,32,0,32,32,0,69.520,388.980,0.610,1,388.370,458.650,128,32768,64,16384,noop,0,8192
stress,chunk_size,8192,0,72,decode,32,32,0,32,32,0,68.620,399.190,0.570,1,398.620,467.940,128,32768,64,16384,noop,0,8192
stress,chunk_size,8192,0,73,decode,32,32,0,32,32,0,69.970,389.040,0.530,1,388.510,459.140,128,32768,64,16384,noop,0,8192
stress,chunk_size,8192,0,74,decode,32,32,0,32,32,0,68.220,388.380,0.490,1,387.890,456.760,128,32768,64,16384,noop,0,8192
stress,chunk_size,8192,0,75,decode,32,32,0,32,32,0,69.750,387.680,0.570,1,387.110,457.610,128,32768,64,16384,noop,0,8192
stress,chunk_size,8192,0,76,decode,32,32,0,32,32,0,68.390,386.490,0.630,1,385.860,455.060,128,32768,64,16384,noop,0,8192
stress,chunk_size,8192,0,77,decode,32,32,0,32,32,0,68.130,390.020,0.600,1,389.420,458.280,128,32768,64,16384,noop,0,8192
stress,chunk_size,8192,0,78,decode,32,32,0,32,32,0,68.380,386.680,0.580,1,386.100,455.210,128,32768,64,16384,noop,0,8192
stress,chunk_size,8192,0,79,decode,32,32,0,32,32,0,68.870,387.370,0.560,1,386.810,456.370,128,32768,64,16384,noop,0,8192
stress,block_size,32,0,0,prefill,32,16384,9,23,32,0,811.280,643.480,0.940,1,642.540,1454.960,32,32768,64,16384,noop,0,16384
stress,block_size,32,0,1,prefill,32,77,1,31,32,0,183.270,449.050,0.580,1,448.470,632.460,32,32768,64,16384,noop,0,16384
stress,block_size,32,0,2,decode,32,32,0,32,32,0,70.420,407.550,0.490,1,407.060,478.080,32,32768,64,16384,noop,0,16384
stress,block_size,32,0,3,decode,32,32,0,32,32,0,67.830,397.520,0.460,1,397.060,465.460,32,32768,64,16384,noop,0,16384
stress,block_size,32,0,4,decode,32,32,0,32,32,0,68.250,397.040,0.450,1,396.590,465.400,32,32768,64,16384,noop,0,16384
stress,block_size,32,0,5,decode,32,32,0,32,32,0,67.160,396.210,0.490,1,395.720,463.470,32,32768,64,16384,noop,0,16384
stress,block_size,32,0,6,decode,32,32,0,32,32,0,66.990,395.890,0.470,1,395.420,462.990,32,32768,64,16384,noop,0,16384
stress,block_size,32,0,7,decode,32,32,0,32,32,0,66.640,394.670,0.430,1,394.240,461.410,32,32768,64,16384,noop,0,16384
stress,block_size,32,0,8,decode,32,32,0,32,32,0,67.510,404.200,0.550,1,403.650,471.820,32,32768,64,16384,noop,0,16384
stress,block_size,32,0,9,decode,32,32,0,32,32,0,67.620,396.650,0.540,1,396.110,464.400,32,32768,64,16384,noop,0,16384
stress,block_size,32,0,10,decode,32,32,0,32,32,0,68.060,393.280,0.490,1,392.790,461.440,32,32768,64,16384,noop,0,16384
stress,block_size,32,0,11,decode,32,32,0,32,32,0,66.570,390.990,0.470,1,390.520,457.670,32,32768,64,16384,noop,0,16384
stress,block_size,32,0,12,decode,32,32,0,32,32,0,67.450,389.450,0.410,1,389.040,457.020,32,32768,64,16384,noop,0,16384
stress,block_size,32,0,13,decode,32,32,0,32,32,0,67.890,391.120,0.450,1,390.670,459.120,32,32768,64,16384,noop,0,16384
stress,block_size,32,0,14,decode,32,32,0,32,32,0,66.750,393.220,0.480,1,392.740,460.060,32,32768,64,16384,noop,0,16384
stress,block_size,32,0,15,decode,32,32,0,32,32,0,67.330,390.750,0.460,1,390.290,458.170,32,32768,64,16384,noop,0,16384
stress,block_size,32,0,16,decode,32,32,0,32,32,0,66.700,405.170,0.480,1,404.690,471.960,32,32768,64,16384,noop,0,16384
stress,block_size,32,0,17,decode,32,32,0,32,32,0,67.650,390.000,0.440,1,389.560,457.740,32,32768,64,16384,noop,0,16384
stress,block_size,32,0,18,decode,32,32,0,32,32,0,67.280,388.590,0.500,1,388.090,455.980,32,32768,64,16384,noop,0,16384
stress,block_size,32,0,19,decode,32,32,0,32,32,0,67.090,389.250,0.470,1,388.780,456.480,32,32768,64,16384,noop,0,16384
stress,block_size,32,0,20,decode,32,32,0,32,32,0,66.800,389.850,0.460,1,389.390,456.760,32,32768,64,16384,noop,0,16384
stress,block_size,32,0,21,decode,32,32,0,32,32,0,66.860,390.220,0.520,1,389.700,457.200,32,32768,64,16384,noop,0,16384
stress,block_size,32,0,22,decode,32,32,0,32,32,0,66.320,389.090,0.470,1,388.620,455.510,32,32768,64,16384,noop,0,16384
stress,block_size,32,0,23,decode,32,32,0,32,32,0,66.150,400.200,0.490,1,399.710,466.550,32,32768,64,16384,noop,0,16384
stress,block_size,32,0,24,decode,32,32,0,32,32,0,67.290,392.770,0.420,1,392.350,460.180,32,32768,64,16384,noop,0,16384
stress,block_size,32,0,25,decode,32,32,0,32,32,0,66.790,389.110,0.450,1,388.660,456.010,32,32768,64,16384,noop,0,16384
stress,block_size,32,0,26,decode,32,32,0,32,32,0,66.380,391.170,0.410,1,390.760,457.670,32,32768,64,16384,noop,0,16384
stress,block_size,32,0,27,decode,32,32,0,32,32,0,67.730,388.910,0.460,1,388.450,456.720,32,32768,64,16384,noop,0,16384
stress,block_size,32,0,28,decode,32,32,0,32,32,0,66.220,388.700,0.530,1,388.170,455.020,32,32768,64,16384,noop,0,16384
stress,block_size,32,0,29,decode,32,32,0,32,32,0,67.530,388.970,0.450,1,388.520,456.600,32,32768,64,16384,noop,0,16384
stress,block_size,32,0,30,decode,32,32,0,32,32,0,66.990,388.390,0.390,1,388.000,455.470,32,32768,64,16384,noop,0,16384
stress,block_size,32,0,31,decode,32,32,0,32,32,0,66.420,400.600,0.450,1,400.150,467.110,32,32768,64,16384,noop,0,16384
stress,block_size,32,0,32,decode,32,32,0,32,32,0,66.330,390.660,0.410,1,390.250,457.100,32,32768,64,16384,noop,0,16384
stress,block_size,32,0,33,decode,32,32,0,32,32,0,65.950,390.640,0.550,1,390.090,456.710,32,32768,64,16384,noop,0,16384
stress,block_size,32,0,34,decode,32,32,0,32,32,0,597.730,469.480,0.680,1,468.800,1067.310,32,32768,64,16384,noop,0,16384
stress,block_size,32,0,35,decode,32,32,0,32,32,0,69.260,404.880,0.550,1,404.330,474.210,32,32768,64,16384,noop,0,16384
stress,block_size,32,0,36,decode,32,32,0,32,32,0,68.250,397.360,0.470,1,396.890,465.700,32,32768,64,16384,noop,0,16384
stress,block_size,32,0,37,decode,32,32,0,32,32,0,67.410,409.830,0.560,1,409.270,477.360,32,32768,64,16384,noop,0,16384
stress,block_size,32,0,38,decode,32,32,0,32,32,0,68.230,397.130,0.480,1,396.650,465.480,32,32768,64,16384,noop,0,16384
stress,block_size,32,0,39,decode,32,32,0,32,32,0,67.400,393.300,0.500,1,392.800,460.820,32,32768,64,16384,noop,0,16384
stress,block_size,32,0,40,decode,32,32,0,32,32,0,66.800,390.980,0.540,1,390.440,457.890,32,32768,64,16384,noop,0,16384
stress,block_size,32,0,41,decode,32,32,0,32,32,0,67.090,393.180,0.420,1,392.760,460.370,32,32768,64,16384,noop,0,16384
stress,block_size,32,0,42,decode,32,32,0,32,32,0,66.870,392.810,0.580,1,392.230,459.800,32,32768,64,16384,noop,0,16384
stress,block_size,32,0,43,decode,32,32,0,32,32,0,66.930,391.860,0.530,1,391.330,458.920,32,32768,64,16384,noop,0,16384
stress,block_size,32,0,44,decode,32,32,0,32,32,0,66.940,392.690,0.520,1,392.170,459.740,32,32768,64,16384,noop,0,16384
stress,block_size,32,0,45,decode,32,32,0,32,32,0,66.890,408.350,0.560,1,407.790,475.350,32,32768,64,16384,noop,0,16384
stress,block_size,32,0,46,decode,32,32,0,32,32,0,67.300,392.490,0.550,1,391.940,459.890,32,32768,64,16384,noop,0,16384
stress,block_size,32,0,47,decode,32,32,0,32,32,0,66.800,392.000,0.540,1,391.460,458.900,32,32768,64,16384,noop,0,16384
stress,block_size,32,0,48,decode,32,32,0,32,32,0,67.190,390.170,0.470,1,389.700,457.460,32,32768,64,16384,noop,0,16384
stress,block_size,32,0,49,decode,32,32,0,32,32,0,67.280,391.510,0.510,1,391.000,458.900,32,32768,64,16384,noop,0,16384
stress,block_size,32,0,50,decode,32,32,0,32,32,0,65.680,382.390,0.500,1,381.890,448.180,32,32768,64,16384,noop,0,16384
stress,block_size,32,0,51,decode,32,32,0,32,32,0,65.490,381.330,0.510,1,380.820,446.920,32,32768,64,16384,noop,0,16384
stress,block_size,32,0,52,decode,32,32,0,32,32,0,65.650,393.410,0.490,1,392.920,459.180,32,32768,64,16384,noop,0,16384
stress,block_size,32,0,53,decode,32,32,0,32,32,0,65.730,386.260,0.490,1,385.770,452.060,32,32768,64,16384,noop,0,16384
stress,block_size,32,0,54,decode,32,32,0,32,32,0,65.130,379.520,0.530,1,378.990,444.750,32,32768,64,16384,noop,0,16384
stress,block_size,32,0,55,decode,32,32,0,32,32,0,64.980,381.150,0.530,1,380.620,446.220,32,32768,64,16384,noop,0,16384
stress,block_size,32,0,56,decode,32,32,0,32,32,0,65.630,380.350,0.510,1,379.840,446.090,32,32768,64,16384,noop,0,16384
stress,block_size,32,0,57,decode,32,32,0,32,32,0,65.420,381.380,0.520,1,380.860,446.880,32,32768,64,16384,noop,0,16384
stress,block_size,32,0,58,decode,32,32,0,32,32,0,65.860,379.860,0.540,1,379.320,445.810,32,32768,64,16384,noop,0,16384
stress,block_size,32,0,59,decode,32,32,0,32,32,0,65.050,381.910,0.440,1,381.470,447.080,32,32768,64,16384,noop,0,16384
stress,block_size,32,0,60,decode,32,32,0,32,32,0,65.400,399.970,0.480,1,399.490,465.510,32,32768,64,16384,noop,0,16384
stress,block_size,32,0,61,decode,32,32,0,32,32,0,66.040,383.050,0.560,1,382.490,449.180,32,32768,64,16384,noop,0,16384
stress,block_size,32,0,62,decode,32,32,0,32,32,0,65.250,382.530,0.530,1,382.000,447.890,32,32768,64,16384,noop,0,16384
stress,block_size,32,0,63,decode,32,32,0,32,32,0,65.280,381.610,0.540,1,381.070,446.980,32,32768,64,16384,noop,0,16384
stress,block_size,32,0,64,decode,32,32,0,32,32,0,65.160,380.810,0.580,1,380.230,446.080,32,32768,64,16384,noop,0,16384
stress,block_size,32,0,65,decode,32,32,0,32,32,0,64.290,383.290,0.440,1,382.850,447.690,32,32768,64,16384,noop,0,16384
stress,block_size,32,0,66,decode,32,32,0,32,32,0,65.210,381.940,0.540,1,381.400,447.250,32,32768,64,16384,noop,0,16384
stress,block_size,32,0,67,decode,32,32,0,32,32,0,66.080,382.170,0.520,1,381.650,448.370,32,32768,64,16384,noop,0,16384
stress,block_size,32,0,68,decode,32,32,0,32,32,0,65.870,396.680,0.510,1,396.170,462.630,32,32768,64,16384,noop,0,16384
stress,block_size,32,0,69,decode,32,32,0,32,32,0,65.810,383.740,0.490,1,383.250,449.660,32,32768,64,16384,noop,0,16384
stress,block_size,32,0,70,decode,32,32,0,32,32,0,65.380,381.910,0.430,1,381.480,447.360,32,32768,64,16384,noop,0,16384
stress,block_size,32,0,71,decode,32,32,0,32,32,0,65.470,381.060,0.570,1,380.490,446.650,32,32768,64,16384,noop,0,16384
stress,block_size,32,0,72,decode,32,32,0,32,32,0,65.810,384.360,0.510,1,383.850,450.300,32,32768,64,16384,noop,0,16384
stress,block_size,32,0,73,decode,32,32,0,32,32,0,65.390,382.130,0.500,1,381.630,447.620,32,32768,64,16384,noop,0,16384
stress,block_size,32,0,74,decode,32,32,0,32,32,0,65.760,381.620,0.520,1,381.100,447.450,32,32768,64,16384,noop,0,16384
stress,block_size,32,0,75,decode,32,32,0,32,32,0,66.190,379.680,0.460,1,379.220,446.000,32,32768,64,16384,noop,0,16384
stress,block_size,32,0,76,decode,32,32,0,32,32,0,66.840,387.930,0.440,1,387.490,454.880,32,32768,64,16384,noop,0,16384
stress,block_size,32,0,77,decode,32,32,0,32,32,0,66.360,384.100,0.500,1,383.600,450.550,32,32768,64,16384,noop,0,16384
stress,block_size,32,0,78,decode,32,32,0,32,32,0,66.320,382.420,0.480,1,381.940,448.830,32,32768,64,16384,noop,0,16384
stress,block_size,32,0,79,decode,32,32,0,32,32,0,66.410,379.980,0.410,1,379.570,446.490,32,32768,64,16384,noop,0,16384
stress,block_size,64,0,0,prefill,32,16384,9,23,32,0,786.580,641.700,0.730,1,640.970,1428.440,64,32768,64,16384,noop,0,16384
stress,block_size,64,0,1,prefill,32,77,1,31,32,0,179.130,436.220,0.560,1,435.660,615.460,64,32768,64,16384,noop,0,16384
stress,block_size,64,0,2,decode,32,32,0,32,32,0,72.100,415.210,0.600,1,414.610,487.420,64,32768,64,16384,noop,0,16384
stress,block_size,64,0,3,decode,32,32,0,32,32,0,70.900,404.250,0.510,1,403.740,475.320,64,32768,64,16384,noop,0,16384
stress,block_size,64,0,4,decode,32,32,0,32,32,0,70.390,402.620,0.520,1,402.100,473.130,64,32768,64,16384,noop,0,16384
stress,block_size,64,0,5,decode,32,32,0,32,32,0,68.920,398.530,0.490,1,398.040,467.600,64,32768,64,16384,noop,0,16384
stress,block_size,64,0,6,decode,32,32,0,32,32,0,69.310,411.640,0.580,1,411.060,481.080,64,32768,64,16384,noop,0,16384
stress,block_size,64,0,7,decode,32,32,0,32,32,0,70.440,402.390,0.480,1,401.910,472.940,64,32768,64,16384,noop,0,16384
stress,block_size,64,0,8,decode,32,32,0,32,32,0,68.810,394.110,0.490,1,393.620,463.050,64,32768,64,16384,noop,0,16384
stress,block_size,64,0,9,decode,32,32,0,32,32,0,69.190,395.140,0.520,1,394.620,464.460,64,32768,64,16384,noop,0,16384
stress,block_size,64,0,10,decode,32,32,0,32,32,0,69.450,396.520,0.530,1,395.990,466.120,64,32768,64,16384,noop,0,16384
stress,block_size,64,0,11,decode,32,32,0,32,32,0,69.910,397.360,0.490,1,396.870,467.440,64,32768,64,16384,noop,0,16384
stress,block_size,64,0,12,decode,32,32,0,32,32,0,68.660,395.700,0.470,1,395.230,464.530,64,32768,64,16384,noop,0,16384
stress,block_size,64,0,13,decode,32,32,0,32,32,0,69.110,393.780,0.510,1,393.270,463.020,64,32768,64,16384,noop,0,16384
stress,block_size,64,0,14,decode,32,32,0,32,32,0,81.030,401.080,0.490,1,400.590,482.280,64,32768,64,16384,noop,0,16384
stress,block_size,64,0,15,decode,32,32,0,32,32,0,69.650,393.120,0.500,1,392.620,463.020,64,32768,64,16384,noop,0,16384
stress,block_size,64,0,16,decode,32,32,0,32,32,0,68.780,393.600,0.570,1,393.030,462.510,64,32768,64,16384,noop,0,16384
stress,block_size,64,0,17,decode,32,32,0,32,32,0,68.040,393.230,0.600,1,392.630,461.430,64,32768,64,16384,noop,0,16384
stress,block_size,64,0,18,decode,32,32,0,32,32,0,69.190,391.800,0.450,1,391.350,461.110,64,32768,64,16384,noop,0,16384
stress,block_size,64,0,19,decode,32,32,0,32,32,0,68.710,389.540,0.410,1,389.130,458.350,64,32768,64,16384,noop,0,16384
stress,block_size,64,0,20,decode,32,32,0,32,32,0,68.780,393.420,0.470,1,392.950,462.330,64,32768,64,16384,noop,0,16384
stress,block_size,64,0,21,decode,32,32,0,32,32,0,69.810,403.730,0.490,1,403.240,473.710,64,32768,64,16384,noop,0,16384
stress,block_size,64,0,22,decode,32,32,0,32,32,0,69.810,391.840,0.560,1,391.280,461.820,64,32768,64,16384,noop,0,16384
stress,block_size,64,0,23,decode,32,32,0,32,32,0,69.550,390.940,0.420,1,390.520,460.600,64,32768,64,16384,noop,0,16384
stress,block_size,64,0,24,decode,32,32,0,32,32,0,68.930,390.380,0.580,1,389.800,459.480,64,32768,64,16384,noop,0,16384
stress,block_size,64,0,25,decode,32,32,0,32,32,0,68.240,391.200,0.510,1,390.690,459.560,64,32768,64,16384,noop,0,16384
stress,block_size,64,0,26,decode,32,32,0,32,32,0,69.300,391.560,0.510,1,391.050,461.010,64,32768,64,16384,noop,0,16384
stress,block_size,64,0,27,decode,32,32,0,32,32,0,68.600,392.210,0.530,1,391.680,460.970,64,32768,64,16384,noop,0,16384
stress,block_size,64,0,28,decode,32,32,0,32,32,0,69.190,390.260,0.540,1,389.720,459.610,64,32768,64,16384,noop,0,16384
stress,block_size,64,0,29,decode,32,32,0,32,32,0,83.120,400.700,0.530,1,400.170,483.960,64,32768,64,16384,noop,0,16384
stress,block_size,64,0,30,decode,32,32,0,32,32,0,69.490,393.440,0.480,1,392.960,463.060,64,32768,64,16384,noop,0,16384
stress,block_size,64,0,31,decode,32,32,0,32,32,0,69.330,392.160,0.480,1,391.680,461.620,64,32768,64,16384,noop,0,16384
stress,block_size,64,0,32,decode,32,32,0,32,32,0,69.060,394.210,0.460,1,393.750,463.410,64,32768,64,16384,noop,0,16384
stress,block_size,64,0,33,decode,32,32,0,32,32,0,67.790,389.210,0.520,1,388.690,457.160,64,32768,64,16384,noop,0,16384
stress,block_size,64,0,34,decode,32,32,0,32,32,0,69.000,958.150,0.790,1,957.360,1027.280,64,32768,64,16384,noop,0,16384
stress,block_size,64,0,35,decode,32,32,0,32,32,0,73.950,460.030,0.510,1,459.520,534.130,64,32768,64,16384,noop,0,16384
stress,block_size,64,0,36,decode,32,32,0,32,32,0,70.210,403.230,0.500,1,402.730,473.570,64,32768,64,16384,noop,0,16384
stress,block_size,64,0,37,decode,32,32,0,32,32,0,69.870,399.270,0.490,1,398.780,469.260,64,32768,64,16384,noop,0,16384
stress,block_size,64,0,38,decode,32,32,0,32,32,0,69.240,395.390,0.530,1,394.860,464.730,64,32768,64,16384,noop,0,16384
stress,block_size,64,0,39,decode,32,32,0,32,32,0,69.790,395.260,0.480,1,394.780,465.150,64,32768,64,16384,noop,0,16384
stress,block_size,64,0,40,decode,32,32,0,32,32,0,68.330,396.150,0.480,1,395.670,464.600,64,32768,64,16384,noop,0,16384
stress,block_size,64,0,41,decode,32,32,0,32,32,0,69.740,396.240,0.510,1,395.730,466.090,64,32768,64,16384,noop,0,16384
stress,block_size,64,0,42,decode,32,32,0,32,32,0,69.020,407.200,0.550,1,406.650,476.310,64,32768,64,16384,noop,0,16384
stress,block_size,64,0,43,decode,32,32,0,32,32,0,70.230,398.080,0.530,1,397.550,468.410,64,32768,64,16384,noop,0,16384
stress,block_size,64,0,44,decode,32,32,0,32,32,0,69.060,394.020,0.440,1,393.580,463.200,64,32768,64,16384,noop,0,16384
stress,block_size,64,0,45,decode,32,32,0,32,32,0,69.070,392.410,0.570,1,391.840,461.650,64,32768,64,16384,noop,0,16384
stress,block_size,64,0,46,decode,32,32,0,32,32,0,68.010,392.940,0.470,1,392.470,461.110,64,32768,64,16384,noop,0,16384
stress,block_size,64,0,47,decode,32,32,0,32,32,0,67.680,391.960,0.470,1,391.490,459.800,64,32768,64,16384,noop,0,16384
stress,block_size,64,0,48,decode,32,32,0,32,32,0,67.860,393.960,0.490,1,393.470,461.950,64,32768,64,16384,noop,0,16384
stress,block_size,64,0,49,decode,32,32,0,32,32,0,67.770,394.630,0.520,1,394.110,462.480,64,32768,64,16384,noop,0,16384
stress,block_size,64,0,50,decode,32,32,0,32,32,0,68.510,401.780,0.460,1,401.320,470.430,64,32768,64,16384,noop,0,16384
stress,block_size,64,0,51,decode,32,32,0,32,32,0,68.850,384.900,0.470,1,384.430,453.900,64,32768,64,16384,noop,0,16384
stress,block_size,64,0,52,decode,32,32,0,32,32,0,67.210,386.330,0.530,1,385.800,453.660,64,32768,64,16384,noop,0,16384
stress,block_size,64,0,53,decode,32,32,0,32,32,0,66.690,383.520,0.460,1,383.060,450.340,64,32768,64,16384,noop,0,16384
stress,block_size,64,0,54,decode,32,32,0,32,32,0,66.990,382.350,0.490,1,381.860,449.510,64,32768,64,16384,noop,0,16384
stress,block_size,64,0,55,decode,32,32,0,32,32,0,67.940,384.640,0.520,1,384.120,452.700,64,32768,64,16384,noop,0,16384
stress,block_size,64,0,56,decode,32,32,0,32,32,0,67.650,383.140,0.520,1,382.620,450.890,64,32768,64,16384,noop,0,16384
stress,block_size,64,0,57,decode,32,32,0,32,32,0,68.100,395.570,0.530,1,395.040,463.780,64,32768,64,16384,noop,0,16384
stress,block_size,64,0,58,decode,32,32,0,32,32,0,67.210,387.650,0.520,1,387.130,454.960,64,32768,64,16384,noop,0,16384
stress,block_size,64,0,59,decode,32,32,0,32,32,0,67.010,383.230,0.500,1,382.730,450.330,64,32768,64,16384,noop,0,16384
stress,block_size,64,0,60,decode,32,32,0,32,32,0,66.580,382.160,0.520,1,381.640,448.860,64,32768,64,16384,noop,0,16384
stress,block_size,64,0,61,decode,32,32,0,32,32,0,66.900,383.200,0.500,1,382.700,450.190,64,32768,64,16384,noop,0,16384
stress,block_size,64,0,62,decode,32,32,0,32,32,0,67.370,381.380,0.500,1,380.880,448.830,64,32768,64,16384,noop,0,16384
stress,block_size,64,0,63,decode,32,32,0,32,32,0,67.070,381.680,0.480,1,381.200,448.830,64,32768,64,16384,noop,0,16384
stress,block_size,64,0,64,decode,32,32,0,32,32,0,67.640,379.020,0.510,1,378.510,446.780,64,32768,64,16384,noop,0,16384
stress,block_size,64,0,65,decode,32,32,0,32,32,0,67.400,392.170,0.540,1,391.630,459.660,64,32768,64,16384,noop,0,16384
stress,block_size,64,0,66,decode,32,32,0,32,32,0,66.730,385.770,0.500,1,385.270,452.600,64,32768,64,16384,noop,0,16384
stress,block_size,64,0,67,decode,32,32,0,32,32,0,67.680,382.410,0.540,1,381.870,450.190,64,32768,64,16384,noop,0,16384
stress,block_size,64,0,68,decode,32,32,0,32,32,0,67.660,382.230,0.500,1,381.730,450.000,64,32768,64,16384,noop,0,16384
stress,block_size,64,0,69,decode,32,32,0,32,32,0,67.800,381.670,0.400,1,381.270,449.600,64,32768,64,16384,noop,0,16384
stress,block_size,64,0,70,decode,32,32,0,32,32,0,67.750,380.960,0.580,1,380.380,448.840,64,32768,64,16384,noop,0,16384
stress,block_size,64,0,71,decode,32,32,0,32,32,0,67.560,380.790,0.500,1,380.290,448.420,64,32768,64,16384,noop,0,16384
stress,block_size,64,0,72,decode,32,32,0,32,32,0,68.570,380.380,0.450,1,379.930,449.060,64,32768,64,16384,noop,0,16384
stress,block_size,64,0,73,decode,32,32,0,32,32,0,84.260,390.370,0.510,1,389.860,474.750,64,32768,64,16384,noop,0,16384
stress,block_size,64,0,74,decode,32,32,0,32,32,0,68.160,386.000,0.510,1,385.490,454.280,64,32768,64,16384,noop,0,16384
stress,block_size,64,0,75,decode,32,32,0,32,32,0,67.660,383.650,0.480,1,383.170,451.430,64,32768,64,16384,noop,0,16384
stress,block_size,64,0,76,decode,32,32,0,32,32,0,67.790,383.890,0.410,1,383.480,451.780,64,32768,64,16384,noop,0,16384
stress,block_size,64,0,77,decode,32,32,0,32,32,0,67.450,382.890,0.420,1,382.470,450.430,64,32768,64,16384,noop,0,16384
stress,block_size,64,0,78,decode,32,32,0,32,32,0,67.490,383.500,0.550,1,382.950,451.090,64,32768,64,16384,noop,0,16384
stress,block_size,64,0,79,decode,32,32,0,32,32,0,67.280,381.120,0.460,1,380.660,448.530,64,32768,64,16384,noop,0,16384
stress,block_size,128,0,0,prefill,32,16384,9,23,32,0,786.370,616.340,0.860,1,615.480,1402.880,128,32768,64,16384,noop,0,16384
stress,block_size,128,0,1,prefill,32,77,1,31,32,0,170.840,430.550,0.570,1,429.980,601.510,128,32768,64,16384,noop,0,16384
stress,block_size,128,0,2,decode,32,32,0,32,32,0,74.050,405.760,0.550,1,405.210,479.930,128,32768,64,16384,noop,0,16384
stress,block_size,128,0,3,decode,32,32,0,32,32,0,73.520,401.880,0.620,1,401.260,475.530,128,32768,64,16384,noop,0,16384
stress,block_size,128,0,4,decode,32,32,0,32,32,0,74.200,414.690,0.680,1,414.010,489.000,128,32768,64,16384,noop,0,16384
stress,block_size,128,0,5,decode,32,32,0,32,32,0,72.570,401.660,0.630,1,401.030,474.350,128,32768,64,16384,noop,0,16384
stress,block_size,128,0,6,decode,32,32,0,32,32,0,69.990,399.670,0.570,1,399.100,469.760,128,32768,64,16384,noop,0,16384
stress,block_size,128,0,7,decode,32,32,0,32,32,0,70.550,394.690,0.600,1,394.090,465.330,128,32768,64,16384,noop,0,16384
stress,block_size,128,0,8,decode,32,32,0,32,32,0,70.620,396.970,0.590,1,396.380,467.660,128,32768,64,16384,noop,0,16384
stress,block_size,128,0,9,decode,32,32,0,32,32,0,70.530,399.010,0.640,1,398.370,469.620,128,32768,64,16384,noop,0,16384
stress,block_size,128,0,10,decode,32,32,0,32,32,0,70.720,398.090,0.460,1,397.630,468.910,128,32768,64,16384,noop,0,16384
stress,block_size,128,0,11,decode,32,32,0,32,32,0,70.760,415.170,0.610,1,414.560,486.010,128,32768,64,16384,noop,0,16384
stress,block_size,128,0,12,decode,32,32,0,32,32,0,69.820,397.060,0.600,1,396.460,466.980,128,32768,64,16384,noop,0,16384
stress,block_size,128,0,13,decode,32,32,0,32,32,0,71.950,391.760,0.630,1,391.130,463.830,128,32768,64,16384,noop,0,16384
stress,block_size,128,0,14,decode,32,32,0,32,32,0,69.300,395.000,0.600,1,394.400,464.400,128,32768,64,16384,noop,0,16384
stress,block_size,128,0,15,decode,32,32,0,32,32,0,69.140,392.360,0.560,1,391.800,461.600,128,32768,64,16384,noop,0,16384
stress,block_size,128,0,16,decode,32,32,0,32,32,0,70.840,394.820,0.580,1,394.240,465.760,128,32768,64,16384,noop,0,16384
stress,block_size,128,0,17,decode,32,32,0,32,32,0,69.590,391.970,0.560,1,391.410,461.670,128,32768,64,16384,noop,0,16384
stress,block_size,128,0,18,decode,32,32,0,32,32,0,69.680,402.980,0.600,1,402.380,472.810,128,32768,64,16384,noop,0,16384
stress,block_size,128,0,19,decode,32,32,0,32,32,0,70.720,395.790,0.530,1,395.260,466.650,128,32768,64,16384,noop,0,16384
stress,block_size,128,0,20,decode,32,32,0,32,32,0,70.230,392.680,0.610,1,392.070,463.010,128,32768,64,16384,noop,0,16384
stress,block_size,128,0,21,decode,32,32,0,32,32,0,70.330,393.450,0.600,1,392.850,463.860,128,32768,64,16384,noop,0,16384
stress,block_size,128,0,22,decode,32,32,0,32,32,0,69.100,393.020,0.590,1,392.430,462.220,128,32768,64,16384,noop,0,16384
stress,block_size,128,0,23,decode,32,32,0,32,32,0,69.600,395.580,0.540,1,395.040,465.280,128,32768,64,16384,noop,0,16384
stress,block_size,128,0,24,decode,32,32,0,32,32,0,69.590,389.060,0.600,1,388.460,458.760,128,32768,64,16384,noop,0,16384
stress,block_size,128,0,25,decode,32,32,0,32,32,0,68.540,390.500,0.550,1,389.950,459.150,128,32768,64,16384,noop,0,16384
stress,block_size,128,0,26,decode,32,32,0,32,32,0,82.020,395.610,0.640,1,394.970,477.750,128,32768,64,16384,noop,0,16384
stress,block_size,128,0,27,decode,32,32,0,32,32,0,70.800,393.390,0.660,1,392.730,464.290,128,32768,64,16384,noop,0,16384
stress,block_size,128,0,28,decode,32,32,0,32,32,0,70.330,389.640,0.570,1,389.070,460.070,128,32768,64,16384,noop,0,16384
stress,block_size,128,0,29,decode,32,32,0,32,32,0,69.940,390.930,0.550,1,390.380,460.980,128,32768,64,16384,noop,0,16384
stress,block_size,128,0,30,decode,32,32,0,32,32,0,70.040,391.760,0.600,1,391.160,461.930,128,32768,64,16384,noop,0,16384
stress,block_size,128,0,31,decode,32,32,0,32,32,0,69.930,390.680,0.590,1,390.090,460.720,128,32768,64,16384,noop,0,16384
stress,block_size,128,0,32,decode,32,32,0,32,32,0,70.250,391.240,0.640,1,390.600,461.600,128,32768,64,16384,noop,0,16384
stress,block_size,128,0,33,decode,32,32,0,32,32,0,69.630,403.110,0.560,1,402.550,472.850,128,32768,64,16384,noop,0,16384
stress,block_size,128,0,34,decode,32,32,0,32,32,0,583.610,471.150,0.650,1,470.500,1054.890,128,32768,64,16384,noop,0,16384
stress,block_size,128,0,35,decode,32,32,0,32,32,0,73.770,406.320,0.540,1,405.780,480.190,128,32768,64,16384,noop,0,16384
stress,block_size,128,0,36,decode,32,32,0,32,32,0,70.370,397.950,0.620,1,397.330,468.410,128,32768,64,16384,noop,0,16384
stress,block_size,128,0,37,decode,32,32,0,32,32,0,71.010,398.280,0.600,1,397.680,469.400,128,32768,64,16384,noop,0,16384
stress,block_size,128,0,38,decode,32,32,0,32,32,0,69.890,395.410,0.650,1,394.760,465.420,128,32768,64,16384,noop,0,16384
stress,block_size,128,0,39,decode,32,32,0,32,32,0,69.090,407.440,0.610,1,406.830,476.640,128,32768,64,16384,noop,0,16384
stress,block_size,128,0,40,decode,32,32,0,32,32,0,70.470,401.810,0.620,1,401.190,472.380,128,32768,64,16384,noop,0,16384
stress,block_size,128,0,41,decode,32,32,0,32,32,0,70.800,399.380,0.570,1,398.810,470.280,128,32768,64,16384,noop,0,16384
stress,block_size,128,0,42,decode,32,32,0,32,32,0,70.340,393.920,0.580,1,393.340,464.350,128,32768,64,16384,noop,0,16384
stress,block_size,128,0,43,decode,32,32,0,32,32,0,69.590,395.690,0.670,1,395.020,465.370,128,32768,64,16384,noop,0,16384
stress,block_size,128,0,44,decode,32,32,0,32,32,0,69.640,396.080,0.590,1,395.490,465.820,128,32768,64,16384,noop,0,16384
stress,block_size,128,0,45,decode,32,32,0,32,32,0,69.470,392.900,0.580,1,392.320,462.470,128,32768,64,16384,noop,0,16384
stress,block_size,128,0,46,decode,32,32,0,32,32,0,69.320,394.900,0.600,1,394.300,464.320,128,32768,64,16384,noop,0,16384
stress,block_size,128,0,47,decode,32,32,0,32,32,0,68.960,417.340,0.640,1,416.700,486.400,128,32768,64,16384,noop,0,16384
stress,block_size,128,0,48,decode,32,32,0,32,32,0,71.450,394.420,0.570,1,393.850,465.960,128,32768,64,16384,noop,0,16384
stress,block_size,128,0,49,decode,32,32,0,32,32,0,69.250,394.190,0.530,1,393.660,463.540,128,32768,64,16384,noop,0,16384
stress,block_size,128,0,50,decode,32,32,0,32,32,0,68.610,386.790,0.630,1,386.160,455.520,128,32768,64,16384,noop,0,16384
stress,block_size,128,0,51,decode,32,32,0,32,32,0,69.010,385.230,0.500,1,384.730,454.350,128,32768,64,16384,noop,0,16384
stress,block_size,128,0,52,decode,32,32,0,32,32,0,68.130,386.390,0.510,1,385.880,454.620,128,32768,64,16384,noop,0,16384
stress,block_size,128,0,53,decode,32,32,0,32,32,0,69.190,384.590,0.490,1,384.100,453.870,128,32768,64,16384,noop,0,16384
stress,block_size,128,0,54,decode,32,32,0,32,32,0,67.870,397.550,0.620,1,396.930,465.560,128,32768,64,16384,noop,0,16384
stress,block_size,128,0,55,decode,32,32,0,32,32,0,69.410,388.600,0.610,1,387.990,458.080,128,32768,64,16384,noop,0,16384
stress,block_size,128,0,56,decode,32,32,0,32,32,0,69.360,386.810,0.610,1,386.200,456.300,128,32768,64,16384,noop,0,16384
stress,block_size,128,0,57,decode,32,32,0,32,32,0,68.550,386.970,0.560,1,386.410,455.640,128,32768,64,16384,noop,0,16384
stress,block_size,128,0,58,decode,32,32,0,32,32,0,68.610,385.570,0.670,1,384.900,454.280,128,32768,64,16384,noop,0,16384
stress,block_size,128,0,59,decode,32,32,0,32,32,0,68.610,384.310,0.640,1,383.670,453.020,128,32768,64,16384,noop,0,16384
stress,block_size,128,0,60,decode,32,32,0,32,32,0,68.540,384.910,0.580,1,384.330,453.580,128,32768,64,16384,noop,0,16384
stress,block_size,128,0,61,decode,32,32,0,32,32,0,68.220,384.430,0.580,1,383.850,452.790,128,32768,64,16384,noop,0,16384
stress,block_size,128,0,62,decode,32,32,0,32,32,0,68.640,402.200,0.590,1,401.610,471.020,128,32768,64,16384,noop,0,16384
stress,block_size,128,0,63,decode,32,32,0,32,32,0,68.900,384.090,0.590,1,383.500,453.120,128,32768,64,16384,noop,0,16384
stress,block_size,128,0,64,decode,32,32,0,32,32,0,68.960,384.710,0.550,1,384.160,453.770,128,32768,64,16384,noop,0,16384
stress,block_size,128,0,65,decode,32,32,0,32,32,0,68.650,385.730,0.570,1,385.160,454.480,128,32768,64,16384,noop,0,16384
stress,block_size,128,0,66,decode,32,32,0,32,32,0,69.720,381.450,0.610,1,380.840,451.310,128,32768,64,16384,noop,0,16384
stress,block_size,128,0,67,decode,32,32,0,32,32,0,69.830,383.340,0.580,1,382.760,453.280,128,32768,64,16384,noop,0,16384
stress,block_size,128,0,68,decode,32,32,0,32,32,0,67.590,383.780,0.500,1,383.280,451.480,128,32768,64,16384,noop,0,16384
stress,block_size,128,0,69,decode,32,32,0,32,32,0,69.140,395.220,0.630,1,394.590,464.440,128,32768,64,16384,noop,0,16384
stress,block_size,128,0,70,decode,32,32,0,32,32,0,69.080,387.630,0.550,1,387.080,456.820,128,32768,64,16384,noop,0,16384
stress,block_size,128,0,71,decode,32,32,0,32,32,0,69.400,385.230,0.560,1,384.670,454.750,128,32768,64,16384,noop,0,16384
stress,block_size,128,0,72,decode,32,32,0,32,32,0,68.620,384.120,0.540,1,383.580,452.840,128,32768,64,16384,noop,0,16384
stress,block_size,128,0,73,decode,32,32,0,32,32,0,69.380,382.370,0.630,1,381.740,451.920,128,32768,64,16384,noop,0,16384
stress,block_size,128,0,74,decode,32,32,0,32,32,0,68.620,385.110,0.530,1,384.580,453.850,128,32768,64,16384,noop,0,16384
stress,block_size,128,0,75,decode,32,32,0,32,32,0,69.340,383.020,0.630,1,382.390,452.480,128,32768,64,16384,noop,0,16384
stress,block_size,128,0,76,decode,32,32,0,32,32,0,68.990,383.340,0.620,1,382.720,452.460,128,32768,64,16384,noop,0,16384
stress,block_size,128,0,77,decode,32,32,0,32,32,0,69.070,401.640,0.610,1,401.030,470.790,128,32768,64,16384,noop,0,16384
stress,block_size,128,0,78,decode,32,32,0,32,32,0,69.780,386.990,0.670,1,386.320,456.850,128,32768,64,16384,noop,0,16384
stress,block_size,128,0,79,decode,32,32,0,32,32,0,69.120,381.850,0.590,1,381.260,451.080,128,32768,64,16384,noop,0,16384
stress,block_size,256,0,0,prefill,32,16384,9,23,32,0,778.060,628.350,0.750,1,627.600,1406.560,256,32768,64,16384,noop,0,16384
stress,block_size,256,0,1,prefill,32,77,1,31,32,0,173.580,429.020,0.610,1,428.410,602.730,256,32768,64,16384,noop,0,16384
stress,block_size,256,0,2,decode,32,32,0,32,32,0,73.630,405.810,0.570,1,405.240,479.550,256,32768,64,16384,noop,0,16384
stress,block_size,256,0,3,decode,32,32,0,32,32,0,72.360,401.170,0.450,1,400.720,473.680,256,32768,64,16384,noop,0,16384
stress,block_size,256,0,4,decode,32,32,0,32,32,0,70.640,398.480,0.560,1,397.920,469.280,256,32768,64,16384,noop,0,16384
stress,block_size,256,0,5,decode,32,32,0,32,32,0,71.800,396.950,0.590,1,396.360,468.890,256,32768,64,16384,noop,0,16384
stress,block_size,256,0,6,decode,32,32,0,32,32,0,71.420,394.410,0.610,1,393.800,465.950,256,32768,64,16384,noop,0,16384
stress,block_size,256,0,7,decode,32,32,0,32,32,0,70.090,410.450,0.640,1,409.810,480.640,256,32768,64,16384,noop,0,16384
stress,block_size,256,0,8,decode,32,32,0,32,32,0,72.190,401.710,0.630,1,401.080,474.020,256,32768,64,16384,noop,0,16384
stress,block_size,256,0,9,decode,32,32,0,32,32,0,71.110,393.880,0.470,1,393.410,465.070,256,32768,64,16384,noop,0,16384
stress,block_size,256,0,10,decode,32,32,0,32,32,0,70.810,393.810,0.570,1,393.240,464.740,256,32768,64,16384,noop,0,16384
stress,block_size,256,0,11,decode,32,32,0,32,32,0,71.500,397.470,0.410,1,397.060,469.130,256,32768,64,16384,noop,0,16384
stress,block_size,256,0,12,decode,32,32,0,32,32,0,69.370,394.000,0.510,1,393.490,463.490,256,32768,64,16384,noop,0,16384
stress,block_size,256,0,13,decode,32,32,0,32,32,0,70.690,391.590,0.510,1,391.080,462.450,256,32768,64,16384,noop,0,16384
stress,block_size,256,0,14,decode,32,32,0,32,32,0,70.940,394.000,0.620,1,393.380,465.100,256,32768,64,16384,noop,0,16384
stress,block_size,256,0,15,decode,32,32,0,32,32,0,71.950,395.650,0.660,1,394.990,467.730,256,32768,64,16384,noop,0,16384
stress,block_size,256,0,16,decode,32,32,0,32,32,0,70.010,393.750,0.620,1,393.130,463.870,256,32768,64,16384,noop,0,16384
stress,block_size,256,0,17,decode,32,32,0,32,32,0,70.880,393.550,0.650,1,392.900,464.590,256,32768,64,16384,noop,0,16384
stress,block_size,256,0,18,decode,32,32,0,32,32,0,70.830,395.930,0.530,1,395.400,466.930,256,32768,64,16384,noop,0,16384
stress,block_size,256,0,19,decode,32,32,0,32,32,0,70.610,389.760,0.650,1,389.110,460.520,256,32768,64,16384,noop,0,16384
stress,block_size,256,0,20,decode,32,32,0,32,32,0,70.540,394.420,0.690,1,393.730,465.090,256,32768,64,16384,noop,0,16384
stress,block_size,256,0,21,decode,32,32,0,32,32,0,70.500,390.880,0.550,1,390.330,461.520,256,32768,64,16384,noop,0,16384
stress,block_size,256,0,22,decode,32,32,0,32,32,0,70.840,410.700,0.710,1,409.990,481.650,256,32768,64,16384,noop,0,16384
stress,block_size,256,0,23,decode,32,32,0,32,32,0,70.950,397.030,0.570,1,396.460,468.140,256,32768,64,16384,noop,0,16384
stress,block_size,256,0,24,decode,32,32,0,32,32,0,71.000,392.140,0.570,1,391.570,463.300,256,32768,64,16384,noop,0,16384
stress,block_size,256,0,25,decode,32,32,0,32,32,0,69.410,391.650,0.560,1,391.090,461.220,256,32768,64,16384,noop,0,16384
stress,block_size,256,0,26,decode,32,32,0,32,32,0,71.320,394.020,0.570,1,393.450,465.450,256,32768,64,16384,noop,0,16384
stress,block_size,256,0,27,decode,32,32,0,32,32,0,70.250,392.590,0.570,1,392.020,462.970,256,32768,64,16384,noop,0,16384
stress,block_size,256,0,28,decode,32,32,0,32,32,0,69.640,387.000,0.600,1,386.400,456.760,256,32768,64,16384,noop,0,16384
stress,block_size,256,0,29,decode,32,32,0,32,32,0,69.480,404.480,0.490,1,403.990,474.060,256,32768,64,16384,noop,0,16384
stress,block_size,256,0,30,decode,32,32,0,32,32,0,70.270,393.450,0.600,1,392.850,463.830,256,32768,64,16384,noop,0,16384
stress,block_size,256,0,31,decode,32,32,0,32,32,0,69.850,390.420,0.600,1,389.820,460.380,256,32768,64,16384,noop,0,16384
stress,block_size,256,0,32,decode,32,32,0,32,32,0,68.720,391.440,0.580,1,390.860,460.320,256,32768,64,16384,noop,0,16384
stress,block_size,256,0,33,decode,32,32,0,32,32,0,69.450,391.730,0.570,1,391.160,461.370,256,32768,64,16384,noop,0,16384
stress,block_size,256,0,34,decode,32,32,0,32,32,0,595.400,465.620,0.720,1,464.900,1061.150,256,32768,64,16384,noop,0,16384
stress,block_size,256,0,35,decode,32,32,0,32,32,0,73.480,403.830,0.610,1,403.220,477.400,256,32768,64,16384,noop,0,16384
stress,block_size,256,0,36,decode,32,32,0,32,32,0,81.910,404.430,0.620,1,403.810,486.480,256,32768,64,16384,noop,0,16384
stress,block_size,256,0,37,decode,32,32,0,32,32,0,70.630,396.640,0.590,1,396.050,467.380,256,32768,64,16384,noop,0,16384
stress,block_size,256,0,38,decode,32,32,0,32,32,0,70.380,394.400,0.510,1,393.890,464.870,256,32768,64,16384,noop,0,16384
stress,block_size,256,0,39,decode,32,32,0,32,32,0,70.020,393.450,0.580,1,392.870,463.580,256,32768,64,16384,noop,0,16384
stress,block_size,256,0,40,decode,32,32,0,32,32,0,70.830,393.810,0.500,1,393.310,464.740,256,32768,64,16384,noop,0,16384
stress,block_size,256,0,41,decode,32,32,0,32,32,0,70.220,394.060,0.480,1,393.580,464.380,256,32768,64,16384,noop,0,16384
stress,block_size,256,0,42,decode,32,32,0,32,32,0,70.730,390.370,0.590,1,389.780,461.200,256,32768,64,16384,noop,0,16384
stress,block_size,256,0,43,decode,32,32,0,32,32,0,70.840,406.620,0.570,1,406.050,477.560,256,32768,64,16384,noop,0,16384
stress,block_size,256,0,44,decode,32,32,0,32,32,0,70.500,394.730,0.560,1,394.170,465.320,256,32768,64,16384,noop,0,16384
stress,block_size,256,0,45,decode,32,32,0,32,32,0,71.000,391.140,0.630,1,390.510,462.240,256,32768,64,16384,noop,0,16384
stress,block_size,256,0,46,decode,32,32,0,32,32,0,70.290,393.430,0.660,1,392.770,463.820,256,32768,64,16384,noop,0,16384
stress,block_size,256,0,47,decode,32,32,0,32,32,0,70.160,393.750,0.590,1,393.160,464.030,256,32768,64,16384,noop,0,16384
stress,block_size,256,0,48,decode,32,32,0,32,32,0,70.130,392.480,0.570,1,391.910,462.780,256,32768,64,16384,noop,0,16384
stress,block_size,256,0,49,decode,32,32,0,32,32,0,70.270,395.810,0.560,1,395.250,466.240,256,32768,64,16384,noop,0,16384
stress,block_size,256,0,50,decode,32,32,0,32,32,0,68.560,382.940,0.550,1,382.390,451.630,256,32768,64,16384,noop,0,16384
stress,block_size,256,0,51,decode,32,32,0,32,32,0,70.480,389.190,0.530,1,388.660,459.830,256,32768,64,16384,noop,0,16384
stress,block_size,256,0,52,decode,32,32,0,32,32,0,68.860,382.940,0.640,1,382.300,451.930,256,32768,64,16384,noop,0,16384
stress,block_size,256,0,53,decode,32,32,0,32,32,0,68.500,383.530,0.610,1,382.920,452.140,256,32768,64,16384,noop,0,16384
stress,block_size,256,0,54,decode,32,32,0,32,32,0,69.630,383.540,0.660,1,382.880,453.330,256,32768,64,16384,noop,0,16384
stress,block_size,256,0,55,decode,32,32,0,32,32,0,68.680,381.170,0.530,1,380.640,449.970,256,32768,64,16384,noop,0,16384
stress,block_size,256,0,56,decode,32,32,0,32,32,0,68.980,382.190,0.530,1,381.660,451.340,256,32768,64,16384,noop,0,16384
stress,block_size,256,0,57,decode,32,32,0,32,32,0,68.610,383.510,0.580,1,382.930,452.240,256,32768,64,16384,noop,0,16384
stress,block_size,256,0,58,decode,32,32,0,32,32,0,69.150,394.340,0.570,1,393.770,463.600,256,32768,64,16384,noop,0,16384
stress,block_size,256,0,59,decode,32,32,0,32,32,0,70.050,385.590,0.610,1,384.980,455.800,256,32768,64,16384,noop,0,16384
stress,block_size,256,0,60,decode,32,32,0,32,32,0,69.580,384.030,0.650,1,383.380,453.770,256,32768,64,16384,noop,0,16384
stress,block_size,256,0,61,decode,32,32,0,32,32,0,70.070,382.960,0.500,1,382.460,453.190,256,32768,64,16384,noop,0,16384
stress,block_size,256,0,62,decode,32,32,0,32,32,0,68.660,381.330,0.520,1,380.810,450.160,256,32768,64,16384,noop,0,16384
stress,block_size,256,0,63,decode,32,32,0,32,32,0,69.150,383.940,0.640,1,383.300,453.240,256,32768,64,16384,noop,0,16384
stress,block_size,256,0,64,decode,32,32,0,32,32,0,69.310,381.680,0.520,1,381.160,451.140,256,32768,64,16384,noop,0,16384
stress,block_size,256,0,65,decode,32,32,0,32,32,0,69.610,380.290,0.520,1,379.770,450.020,256,32768,64,16384,noop,0,16384
stress,block_size,256,0,66,decode,32,32,0,32,32,0,83.030,387.820,0.630,1,387.190,470.950,256,32768,64,16384,noop,0,16384
stress,block_size,256,0,67,decode,32,32,0,32,32,0,70.260,382.030,0.590,1,381.440,452.410,256,32768,64,16384,noop,0,16384
stress,block_size,256,0,68,decode,32,32,0,32,32,0,69.710,380.620,0.620,1,380.000,450.430,256,32768,64,16384,noop,0,16384
stress,block_size,256,0,69,decode,32,32,0,32,32,0,69.360,380.660,0.580,1,380.080,450.120,256,32768,64,16384,noop,0,16384
stress,block_size,256,0,70,decode,32,32,0,32,32,0,69.480,381.070,0.650,1,380.420,450.710,256,32768,64,16384,noop,0,16384
stress,block_size,256,0,71,decode,32,32,0,32,32,0,70.100,382.310,0.500,1,381.810,452.540,256,32768,64,16384,noop,0,16384
stress,block_size,256,0,72,decode,32,32,0,32,32,0,70.190,381.940,0.620,1,381.320,452.290,256,32768,64,16384,noop,0,16384
stress,block_size,256,0,73,decode,32,32,0,32,32,0,69.500,397.720,0.590,1,397.130,467.390,256,32768,64,16384,noop,0,16384
stress,block_size,256,0,74,decode,32,32,0,32,32,0,70.740,387.050,0.670,1,386.380,457.940,256,32768,64,16384,noop,0,16384
stress,block_size,256,0,75,decode,32,32,0,32,32,0,69.000,382.660,0.590,1,382.070,451.830,256,32768,64,16384,noop,0,16384
stress,block_size,256,0,76,decode,32,32,0,32,32,0,69.100,382.550,0.510,1,382.040,451.820,256,32768,64,16384,noop,0,16384
stress,block_size,256,0,77,decode,32,32,0,32,32,0,68.390,379.730,0.500,1,379.230,448.250,256,32768,64,16384,noop,0,16384
stress,block_size,256,0,78,decode,32,32,0,32,32,0,68.250,380.200,0.580,1,379.620,448.570,256,32768,64,16384,noop,0,16384
stress,block_size,256,0,79,decode,32,32,0,32,32,0,68.380,379.560,0.570,1,378.990,448.090,256,32768,64,16384,noop,0,16384
stress,spec_k,0,0,0,prefill,32,16384,9,23,32,0,781.470,620.390,0.640,1,619.750,1401.990,128,32768,64,16384,noop,0,16384
stress,spec_k,0,0,1,prefill,32,77,1,31,32,0,172.640,437.680,0.660,1,437.020,610.480,128,32768,64,16384,noop,0,16384
stress,spec_k,0,0,2,decode,32,32,0,32,32,0,74.850,412.740,0.570,1,412.170,487.760,128,32768,64,16384,noop,0,16384
stress,spec_k,0,0,3,decode,32,32,0,32,32,0,74.210,404.510,0.590,1,403.920,478.840,128,32768,64,16384,noop,0,16384
stress,spec_k,0,0,4,decode,32,32,0,32,32,0,73.600,422.210,0.650,1,421.560,495.980,128,32768,64,16384,noop,0,16384
stress,spec_k,0,0,5,decode,32,32,0,32,32,0,73.590,409.250,0.660,1,408.590,482.990,128,32768,64,16384,noop,0,16384
stress,spec_k,0,0,6,decode,32,32,0,32,32,0,72.460,403.920,0.640,1,403.280,476.530,128,32768,64,16384,noop,0,16384
stress,spec_k,0,0,7,decode,32,32,0,32,32,0,73.170,403.890,0.600,1,403.290,477.230,128,32768,64,16384,noop,0,16384
stress,spec_k,0,0,8,decode,32,32,0,32,32,0,71.610,401.550,0.630,1,400.920,473.290,128,32768,64,16384,noop,0,16384
stress,spec_k,0,0,9,decode,32,32,0,32,32,0,73.220,401.380,0.640,1,400.740,474.750,128,32768,64,16384,noop,0,16384
stress,spec_k,0,0,10,decode,32,32,0,32,32,0,72.350,402.380,0.530,1,401.850,474.890,128,32768,64,16384,noop,0,16384
stress,spec_k,0,0,11,decode,32,32,0,32,32,0,72.070,418.250,0.600,1,417.650,490.490,128,32768,64,16384,noop,0,16384
stress,spec_k,0,0,12,decode,32,32,0,32,32,0,73.010,406.880,0.550,1,406.330,480.050,128,32768,64,16384,noop,0,16384
stress,spec_k,0,0,13,decode,32,32,0,32,32,0,71.430,401.000,0.670,1,400.330,472.560,128,32768,64,16384,noop,0,16384
stress,spec_k,0,0,14,decode,32,32,0,32,32,0,72.610,402.150,0.550,1,401.600,474.860,128,32768,64,16384,noop,0,16384
stress,spec_k,0,0,15,decode,32,32,0,32,32,0,72.420,400.480,0.640,1,399.840,473.000,128,32768,64,16384,noop,0,16384
stress,spec_k,0,0,16,decode,32,32,0,32,32,0,71.800,402.470,0.620,1,401.850,474.370,128,32768,64,16384,noop,0,16384
stress,spec_k,0,0,17,decode,32,32,0,32,32,0,71.400,402.320,0.600,1,401.720,473.820,128,32768,64,16384,noop,0,16384
stress,spec_k,0,0,18,decode,32,32,0,32,32,0,71.680,398.280,0.530,1,397.750,470.070,128,32768,64,16384,noop,0,16384
stress,spec_k,0,0,19,decode,32,32,0,32,32,0,82.650,407.310,0.610,1,406.700,490.100,128,32768,64,16384,noop,0,16384
stress,spec_k,0,0,20,decode,32,32,0,32,32,0,72.340,400.110,0.590,1,399.520,472.550,128,32768,64,16384,noop,0,16384
stress,spec_k,0,0,21,decode,32,32,0,32,32,0,72.580,399.460,0.570,1,398.890,472.130,128,32768,64,16384,noop,0,16384
stress,spec_k,0,0,22,decode,32,32,0,32,32,0,71.060,400.670,0.590,1,400.080,471.850,128,32768,64,16384,noop,0,16384
stress,spec_k,0,0,23,decode,32,32,0,32,32,0,72.010,398.660,0.610,1,398.050,470.770,128,32768,64,16384,noop,0,16384
stress,spec_k,0,0,24,decode,32,32,0,32,32,0,71.460,396.670,0.640,1,396.030,468.230,128,32768,64,16384,noop,0,16384
stress,spec_k,0,0,25,decode,32,32,0,32,32,0,71.080,396.660,0.580,1,396.080,467.840,128,32768,64,16384,noop,0,16384
stress,spec_k,0,0,26,decode,32,32,0,32,32,0,71.640,415.300,0.540,1,414.760,487.060,128,32768,64,16384,noop,0,16384
stress,spec_k,0,0,27,decode,32,32,0,32,32,0,72.720,400.300,0.530,1,399.770,473.150,128,32768,64,16384,noop,0,16384
stress,spec_k,0,0,28,decode,32,32,0,32,32,0,71.850,397.820,0.580,1,397.240,469.850,128,32768,64,16384,noop,0,16384
stress,spec_k,0,0,29,decode,32,32,0,32,32,0,70.640,398.620,0.600,1,398.020,469.380,128,32768,64,16384,noop,0,16384
stress,spec_k,0,0,30,decode,32,32,0,32,32,0,71.370,396.220,0.580,1,395.640,467.720,128,32768,64,16384,noop,0,16384
stress,spec_k,0,0,31,decode,32,32,0,32,32,0,70.940,397.120,0.580,1,396.540,468.190,128,32768,64,16384,noop,0,16384
stress,spec_k,0,0,32,decode,32,32,0,32,32,0,70.790,399.570,0.510,1,399.060,470.460,128,32768,64,16384,noop,0,16384
stress,spec_k,0,0,33,decode,32,32,0,32,32,0,71.820,406.530,0.690,1,405.840,478.490,128,32768,64,16384,noop,0,16384
stress,spec_k,0,0,34,decode,32,32,0,32,32,0,1115.650,486.970,0.690,1,486.280,1602.800,128,32768,64,16384,noop,0,16384
stress,spec_k,0,0,35,decode,32,32,0,32,32,0,75.660,414.160,0.630,1,413.530,489.940,128,32768,64,16384,noop,0,16384
stress,spec_k,0,0,36,decode,32,32,0,32,32,0,74.410,406.340,0.570,1,405.770,480.850,128,32768,64,16384,noop,0,16384
stress,spec_k,0,0,37,decode,32,32,0,32,32,0,73.100,403.530,0.620,1,402.910,476.750,128,32768,64,16384,noop,0,16384
stress,spec_k,0,0,38,decode,32,32,0,32,32,0,73.260,417.180,0.600,1,416.580,490.570,128,32768,64,16384,noop,0,16384
stress,spec_k,0,0,39,decode,32,32,0,32,32,0,74.170,407.780,0.550,1,407.230,482.110,128,32768,64,16384,noop,0,16384
stress,spec_k,0,0,40,decode,32,32,0,32,32,0,71.490,401.470,0.590,1,400.880,473.120,128,32768,64,16384,noop,0,16384
stress,spec_k,0,0,41,decode,32,32,0,32,32,0,70.770,399.560,0.520,1,399.040,470.500,128,32768,64,16384,noop,0,16384
stress,spec_k,0,0,42,decode,32,32,0,32,32,0,70.580,398.860,0.600,1,398.260,469.560,128,32768,64,16384,noop,0,16384
stress,spec_k,0,0,43,decode,32,32,0,32,32,0,71.720,401.050,0.600,1,400.450,472.880,128,32768,64,16384,noop,0,16384
stress,spec_k,0,0,44,decode,32,32,0,32,32,0,71.370,398.750,0.590,1,398.160,470.250,128,32768,64,16384,noop,0,16384
stress,spec_k,0,0,45,decode,32,32,0,32,32,0,71.420,399.100,0.620,1,398.480,470.620,128,32768,64,16384,noop,0,16384
stress,spec_k,0,0,46,decode,32,32,0,32,32,0,72.070,418.290,0.610,1,417.680,490.520,128,32768,64,16384,noop,0,16384
stress,spec_k,0,0,47,decode,32,32,0,32,32,0,71.120,399.200,0.550,1,398.650,470.490,128,32768,64,16384,noop,0,16384
stress,spec_k,0,0,48,decode,32,32,0,32,32,0,71.500,398.220,0.630,1,397.590,469.850,128,32768,64,16384,noop,0,16384
stress,spec_k,0,0,49,decode,32,32,0,32,32,0,72.370,401.150,0.580,1,400.570,473.690,128,32768,64,16384,noop,0,16384
stress,spec_k,0,0,50,decode,32,32,0,32,32,0,70.740,389.350,0.490,1,388.860,460.210,128,32768,64,16384,noop,0,16384
stress,spec_k,0,0,51,decode,32,32,0,32,32,0,70.760,390.120,0.550,1,389.570,460.980,128,32768,64,16384,noop,0,16384
stress,spec_k,0,0,52,decode,32,32,0,32,32,0,71.000,390.640,0.470,1,390.170,461.740,128,32768,64,16384,noop,0,16384
stress,spec_k,0,0,53,decode,32,32,0,32,32,0,70.000,406.150,0.600,1,405.550,476.320,128,32768,64,16384,noop,0,16384
stress,spec_k,0,0,54,decode,32,32,0,32,32,0,71.890,390.520,0.410,1,390.110,462.550,128,32768,64,16384,noop,0,16384
stress,spec_k,0,0,55,decode,32,32,0,32,32,0,69.610,388.720,0.470,1,388.250,458.400,128,32768,64,16384,noop,0,16384
stress,spec_k,0,0,56,decode,32,32,0,32,32,0,69.910,387.280,0.530,1,386.750,457.290,128,32768,64,16384,noop,0,16384
stress,spec_k,0,0,57,decode,32,32,0,32,32,0,70.540,387.430,0.470,1,386.960,458.080,128,32768,64,16384,noop,0,16384
stress,spec_k,0,0,58,decode,32,32,0,32,32,0,70.200,387.240,0.510,1,386.730,457.540,128,32768,64,16384,noop,0,16384
stress,spec_k,0,0,59,decode,32,32,0,32,32,0,69.260,389.910,0.580,1,389.330,459.290,128,32768,64,16384,noop,0,16384
stress,spec_k,0,0,60,decode,32,32,0,32,32,0,71.010,390.470,0.590,1,389.880,461.600,128,32768,64,16384,noop,0,16384
stress,spec_k,0,0,61,decode,32,32,0,32,32,0,80.830,396.260,0.530,1,395.730,477.210,128,32768,64,16384,noop,0,16384
stress,spec_k,0,0,62,decode,32,32,0,32,32,0,71.120,389.130,0.610,1,388.520,460.380,128,32768,64,16384,noop,0,16384
stress,spec_k,0,0,63,decode,32,32,0,32,32,0,70.350,388.670,0.590,1,388.080,459.190,128,32768,64,16384,noop,0,16384
stress,spec_k,0,0,64,decode,32,32,0,32,32,0,70.660,386.820,0.590,1,386.230,457.590,128,32768,64,16384,noop,0,16384
stress,spec_k,0,0,65,decode,32,32,0,32,32,0,70.620,388.020,0.580,1,387.440,458.740,128,32768,64,16384,noop,0,16384
stress,spec_k,0,0,66,decode,32,32,0,32,32,0,71.080,389.280,0.530,1,388.750,460.450,128,32768,64,16384,noop,0,16384
stress,spec_k,0,0,67,decode,32,32,0,32,32,0,70.840,388.760,0.500,1,388.260,459.700,128,32768,64,16384,noop,0,16384
stress,spec_k,0,0,68,decode,32,32,0,32,32,0,69.950,407.320,0.580,1,406.740,477.460,128,32768,64,16384,noop,0,16384
stress,spec_k,0,0,69,decode,32,32,0,32,32,0,70.200,391.160,0.480,1,390.680,461.550,128,32768,64,16384,noop,0,16384
stress,spec_k,0,0,70,decode,32,32,0,32,32,0,69.620,389.940,0.660,1,389.280,459.730,128,32768,64,16384,noop,0,16384
stress,spec_k,0,0,71,decode,32,32,0,32,32,0,71.370,389.940,0.530,1,389.410,461.480,128,32768,64,16384,noop,0,16384
stress,spec_k,0,0,72,decode,32,32,0,32,32,0,70.410,391.880,0.630,1,391.250,462.460,128,32768,64,16384,noop,0,16384
stress,spec_k,0,0,73,decode,32,32,0,32,32,0,71.180,390.180,0.620,1,389.560,461.460,128,32768,64,16384,noop,0,16384
stress,spec_k,0,0,74,decode,32,32,0,32,32,0,69.150,387.580,0.680,1,386.900,456.840,128,32768,64,16384,noop,0,16384
stress,spec_k,0,0,75,decode,32,32,0,32,32,0,70.030,389.470,0.630,1,388.840,459.670,128,32768,64,16384,noop,0,16384
stress,spec_k,0,0,76,decode,32,32,0,32,32,0,74.220,401.010,0.620,1,400.390,475.310,128,32768,64,16384,noop,0,16384
stress,spec_k,0,0,77,decode,32,32,0,32,32,0,68.010,383.170,0.420,1,382.750,451.280,128,32768,64,16384,noop,0,16384
stress,spec_k,0,0,78,decode,32,32,0,32,32,0,67.680,381.760,0.530,1,381.230,449.540,128,32768,64,16384,noop,0,16384
stress,spec_k,0,0,79,decode,32,32,0,32,32,0,67.210,380.130,0.440,1,379.690,447.450,128,32768,64,16384,noop,0,16384
stress,spec_k,1,0,0,prefill,32,16384,9,23,55,1,889.710,822.720,0.690,1,822.030,1712.620,128,32768,64,16384,noop,0,16384
stress,spec_k,1,0,1,prefill,32,154,1,31,63,1,315.860,600.260,0.570,1,599.690,916.250,128,32768,64,16384,noop,0,16384
stress,spec_k,1,0,2,decode,32,64,0,32,64,1,229.930,602.260,0.520,1,601.740,832.340,128,32768,64,16384,noop,0,16384
stress,spec_k,1,0,3,decode,32,64,0,32,64,1,231.040,581.830,0.530,1,581.300,813.000,128,32768,64,16384,noop,0,16384
stress,spec_k,1,0,4,decode,32,64,0,32,64,1,230.440,573.390,0.540,1,572.850,803.950,128,32768,64,16384,noop,0,16384
stress,spec_k,1,0,5,decode,32,64,0,32,64,1,229.230,571.180,0.520,1,570.660,800.570,128,32768,64,16384,noop,0,16384
stress,spec_k,1,0,6,decode,32,64,0,32,64,1,242.970,584.500,0.620,1,583.880,827.630,128,32768,64,16384,noop,0,16384
stress,spec_k,1,0,7,decode,32,64,0,32,64,1,229.690,566.910,0.520,1,566.390,796.730,128,32768,64,16384,noop,0,16384
stress,spec_k,1,0,8,decode,32,64,0,32,64,1,225.990,563.490,0.560,1,562.930,789.610,128,32768,64,16384,noop,0,16384
stress,spec_k,1,0,9,decode,32,64,0,32,64,1,225.070,579.580,0.510,1,579.070,804.780,128,32768,64,16384,noop,0,16384
stress,spec_k,1,0,10,decode,32,64,0,32,64,1,228.030,568.420,0.550,1,567.870,796.580,128,32768,64,16384,noop,0,16384
stress,spec_k,1,0,11,decode,32,64,0,32,64,1,226.490,558.660,0.570,1,558.090,785.290,128,32768,64,16384,noop,0,16384
stress,spec_k,1,0,12,decode,32,64,0,32,64,1,225.580,558.060,0.470,1,557.590,783.740,128,32768,64,16384,noop,0,16384
stress,spec_k,1,0,13,decode,32,64,0,32,64,1,224.020,575.460,0.680,1,574.780,799.580,128,32768,64,16384,noop,0,16384
stress,spec_k,1,0,14,decode,32,64,0,32,64,1,224.770,555.340,0.530,1,554.810,780.210,128,32768,64,16384,noop,0,16384
stress,spec_k,1,0,15,decode,32,64,0,32,64,1,226.010,556.090,0.530,1,555.560,782.210,128,32768,64,16384,noop,0,16384
stress,spec_k,1,0,16,decode,32,64,0,32,64,1,228.370,555.470,0.510,1,554.960,783.970,128,32768,64,16384,noop,0,16384
stress,spec_k,1,0,17,decode,32,64,0,32,64,1,227.310,558.750,0.510,1,558.240,786.200,128,32768,64,16384,noop,0,16384
stress,spec_k,1,0,18,decode,32,64,0,32,64,1,226.560,556.910,0.390,1,556.520,783.580,128,32768,64,16384,noop,0,16384
stress,spec_k,1,0,19,decode,32,64,0,32,64,1,223.590,557.090,0.500,1,556.590,780.790,128,32768,64,16384,noop,0,16384
stress,spec_k,1,0,20,decode,32,64,0,32,64,1,226.190,574.820,0.640,1,574.180,801.130,128,32768,64,16384,noop,0,16384
stress,spec_k,1,0,21,decode,32,64,0,32,64,1,225.000,557.880,0.520,1,557.360,782.970,128,32768,64,16384,noop,0,16384
stress,spec_k,1,0,22,decode,32,64,0,32,64,1,225.890,557.040,0.540,1,556.500,783.060,128,32768,64,16384,noop,0,16384
stress,spec_k,1,0,23,decode,32,64,0,32,64,1,225.720,554.090,0.480,1,553.610,779.920,128,32768,64,16384,noop,0,16384
stress,spec_k,1,0,24,decode,32,64,0,32,64,1,236.560,564.900,0.490,1,564.410,801.580,128,32768,64,16384,noop,0,16384
stress,spec_k,1,0,25,decode,32,64,0,32,64,1,224.280,556.330,0.430,1,555.900,780.730,128,32768,64,16384,noop,0,16384
stress,spec_k,1,0,26,decode,32,64,0,32,64,1,225.280,1113.490,0.510,1,1112.980,1338.890,128,32768,64,16384,noop,0,16384
stress,spec_k,1,0,27,decode,32,64,0,32,64,1,246.880,617.720,0.550,1,617.170,864.720,128,32768,64,16384,noop,0,16384
stress,spec_k,1,0,28,decode,32,64,0,32,64,1,229.480,568.590,0.490,1,568.100,798.170,128,32768,64,16384,noop,0,16384
stress,spec_k,1,0,29,decode,32,64,0,32,64,1,227.160,563.500,0.560,1,562.940,790.780,128,32768,64,16384,noop,0,16384
stress,spec_k,1,0,30,decode,32,64,0,32,64,1,226.780,574.090,0.550,1,573.540,800.980,128,32768,64,16384,noop,0,16384
stress,spec_k,1,0,31,decode,32,64,0,32,64,1,227.310,565.010,0.550,1,564.460,792.430,128,32768,64,16384,noop,0,16384
stress,spec_k,1,0,32,decode,32,64,0,32,64,1,227.600,560.400,0.650,1,559.750,788.120,128,32768,64,16384,noop,0,16384
stress,spec_k,1,0,33,decode,32,64,0,32,64,1,226.190,554.520,0.510,1,554.010,780.830,128,32768,64,16384,noop,0,16384
stress,spec_k,1,0,34,decode,32,64,0,32,64,1,226.330,577.240,0.550,1,576.690,803.670,128,32768,64,16384,noop,0,16384
stress,spec_k,1,0,35,decode,32,64,0,32,64,1,225.360,557.770,0.550,1,557.220,783.250,128,32768,64,16384,noop,0,16384
stress,spec_k,1,0,36,decode,32,64,0,32,64,1,225.620,555.520,0.490,1,555.030,781.260,128,32768,64,16384,noop,0,16384
stress,spec_k,1,0,37,decode,32,64,0,32,64,1,226.650,559.660,0.490,1,559.170,786.440,128,32768,64,16384,noop,0,16384
stress,spec_k,1,0,38,decode,32,64,0,32,64,1,224.930,566.670,0.520,1,566.150,791.720,128,32768,64,16384,noop,0,16384
stress,spec_k,1,0,39,decode,32,64,0,32,64,1,224.150,557.600,0.450,1,557.150,781.890,128,32768,64,16384,noop,0,16384
stress,spec_k,1,0,40,decode,32,64,0,32,64,1,226.230,558.420,0.520,1,557.900,784.770,128,32768,64,16384,noop,0,16384
stress,spec_k,1,0,41,decode,32,64,0,32,64,1,228.590,581.850,0.510,1,581.340,810.570,128,32768,64,16384,noop,0,16384
stress,spec_k,1,0,42,decode,32,64,0,32,64,1,225.660,560.570,0.510,1,560.060,786.330,128,32768,64,16384,noop,0,16384
stress,spec_k,1,0,43,decode,32,64,0,32,64,1,224.970,558.260,0.530,1,557.730,783.340,128,32768,64,16384,noop,0,16384
stress,spec_k,1,0,44,decode,32,64,0,32,64,1,225.960,554.190,0.520,1,553.670,780.280,128,32768,64,16384,noop,0,16384
stress,spec_k,1,0,45,decode,32,64,0,32,64,1,226.770,562.770,0.480,1,562.290,789.650,128,32768,64,16384,noop,0,16384
stress,spec_k,1,0,46,decode,32,64,0,32,64,1,224.000,555.380,0.490,1,554.890,779.480,128,32768,64,16384,noop,0,16384
stress,spec_k,1,0,47,decode,32,64,0,32,64,1,224.630,557.310,0.550,1,556.760,782.060,128,32768,64,16384,noop,0,16384
stress,spec_k,1,0,48,decode,32,64,0,32,64,1,225.420,570.540,0.460,1,570.080,796.080,128,32768,64,16384,noop,0,16384
stress,spec_k,1,0,49,decode,32,64,0,32,64,1,226.430,560.270,0.530,1,559.740,786.810,128,32768,64,16384,noop,0,16384
stress,spec_k,1,0,50,decode,32,64,0,32,64,1,222.730,548.390,0.540,1,547.850,771.240,128,32768,64,16384,noop,0,16384
stress,spec_k,1,0,51,decode,32,64,0,32,64,1,223.610,550.060,0.490,1,549.570,773.790,128,32768,64,16384,noop,0,16384
stress,spec_k,1,0,52,decode,32,64,0,32,64,1,231.320,554.020,0.520,1,553.500,785.460,128,32768,64,16384,noop,0,16384
stress,spec_k,1,0,53,decode,32,64,0,32,64,1,223.450,546.770,0.490,1,546.280,770.340,128,32768,64,16384,noop,0,16384
stress,spec_k,1,0,54,decode,32,64,0,32,64,1,224.040,546.230,0.600,1,545.630,770.350,128,32768,64,16384,noop,0,16384
stress,spec_k,1,0,55,decode,32,64,0,32,64,1,223.750,553.590,0.530,1,553.060,777.470,128,32768,64,16384,noop,0,16384
stress,spec_k,1,0,56,decode,32,64,0,32,64,1,224.950,552.090,0.580,1,551.510,777.170,128,32768,64,16384,noop,0,16384
stress,spec_k,1,0,57,decode,32,64,0,32,64,1,224.110,548.490,0.550,1,547.940,772.700,128,32768,64,16384,noop,0,16384
stress,spec_k,1,0,58,decode,32,64,0,32,64,1,223.380,549.200,0.510,1,548.690,772.700,128,32768,64,16384,noop,0,16384
stress,spec_k,1,0,59,decode,32,64,0,32,64,1,222.860,565.290,0.570,1,564.720,788.260,128,32768,64,16384,noop,0,16384
stress,spec_k,1,0,60,decode,32,64,0,32,64,1,224.200,548.470,0.530,1,547.940,772.780,128,32768,64,16384,noop,0,16384
stress,spec_k,1,0,61,decode,32,64,0,32,64,1,224.700,545.250,0.500,1,544.750,770.050,128,32768,64,16384,noop,0,16384
stress,spec_k,1,0,62,decode,24,48,0,24,48,1,572.060,619.490,0.600,1,618.890,1191.670,128,32768,64,16384,noop,0,16384
stress,spec_k,1,0,63,decode,17,34,0,17,34,1,433.120,565.600,0.650,1,564.950,998.830,128,32768,64,16384,noop,0,16384
stress,spec_k,1,0,64,decode,9,18,0,9,18,1,326.920,556.900,0.480,1,556.420,883.950,128,32768,64,16384,noop,0,16384
stress,spec_k,1,0,65,decode,1,2,0,1,2,1,270.520,534.250,0.570,1,533.680,804.870,128,32768,64,16384,noop,0,16384
stress,spec_k,2,0,0,prefill,32,16384,9,23,78,1,895.970,803.520,0.650,1,802.870,1699.620,128,32768,64,16384,noop,0,16384
stress,spec_k,2,0,1,prefill,32,231,1,31,94,1,318.740,649.780,0.580,1,649.200,968.640,128,32768,64,16384,noop,0,16384
stress,spec_k,2,0,2,decode,32,96,0,32,96,1,235.590,590.760,0.520,1,590.240,826.460,128,32768,64,16384,noop,0,16384
stress,spec_k,2,0,3,decode,32,96,0,32,96,1,231.690,579.510,0.560,1,578.950,811.300,128,32768,64,16384,noop,0,16384
stress,spec_k,2,0,4,decode,32,96,0,32,96,1,231.180,575.940,0.650,1,575.290,807.230,128,32768,64,16384,noop,0,16384
stress,spec_k,2,0,5,decode,32,96,0,32,96,1,233.760,582.280,0.620,1,581.660,816.190,128,32768,64,16384,noop,0,16384
stress,spec_k,2,0,6,decode,32,96,0,32,96,1,232.550,574.240,0.640,1,573.600,806.910,128,32768,64,16384,noop,0,16384
stress,spec_k,2,0,7,decode,32,96,0,32,96,1,231.540,573.940,0.560,1,573.380,805.630,128,32768,64,16384,noop,0,16384
stress,spec_k,2,0,8,decode,32,96,0,32,96,1,232.210,593.360,0.590,1,592.770,825.690,128,32768,64,16384,noop,0,16384
stress,spec_k,2,0,9,decode,32,96,0,32,96,1,233.180,575.270,0.620,1,574.650,808.550,128,32768,64,16384,noop,0,16384
stress,spec_k,2,0,10,decode,32,96,0,32,96,1,227.610,571.950,0.520,1,571.430,799.660,128,32768,64,16384,noop,0,16384
stress,spec_k,2,0,11,decode,32,96,0,32,96,1,230.090,574.390,0.600,1,573.790,804.610,128,32768,64,16384,noop,0,16384
stress,spec_k,2,0,12,decode,32,96,0,32,96,1,231.230,579.280,0.570,1,578.710,810.630,128,32768,64,16384,noop,0,16384
stress,spec_k,2,0,13,decode,32,96,0,32,96,1,229.620,574.150,0.640,1,573.510,803.870,128,32768,64,16384,noop,0,16384
stress,spec_k,2,0,14,decode,32,96,0,32,96,1,231.430,576.310,0.560,1,575.750,807.880,128,32768,64,16384,noop,0,16384
stress,spec_k,2,0,15,decode,32,96,0,32,96,1,231.390,590.760,0.600,1,590.160,822.270,128,32768,64,16384,noop,0,16384
stress,spec_k,2,0,16,decode,32,96,0,32,96,1,228.890,572.490,0.580,1,571.910,801.500,128,32768,64,16384,noop,0,16384
stress,spec_k,2,0,17,decode,32,96,0,32,96,1,229.320,571.930,0.620,1,571.310,801.400,128,32768,64,16384,noop,0,16384
stress,spec_k,2,0,18,decode,32,96,0,32,96,1,232.910,581.460,0.580,1,580.880,814.520,128,32768,64,16384,noop,0,16384
stress,spec_k,2,0,19,decode,32,96,0,32,96,1,231.390,574.860,0.630,1,574.230,806.360,128,32768,64,16384,noop,0,16384
stress,spec_k,2,0,20,decode,32,96,0,32,96,1,232.880,573.120,0.540,1,572.580,806.140,128,32768,64,16384,noop,0,16384
stress,spec_k,2,0,21,decode,32,96,0,32,96,1,231.250,568.630,0.570,1,568.060,799.990,128,32768,64,16384,noop,0,16384
stress,spec_k,2,0,22,decode,32,96,0,32,96,1,243.570,579.580,0.640,1,578.940,823.270,128,32768,64,16384,noop,0,16384
stress,spec_k,2,0,23,decode,32,96,0,32,96,1,230.950,579.370,0.630,1,578.740,810.420,128,32768,64,16384,noop,0,16384
stress,spec_k,2,0,24,decode,32,96,0,32,96,1,235.800,630.930,0.530,1,630.400,866.880,128,32768,64,16384,noop,0,16384
stress,spec_k,2,0,25,decode,32,96,0,32,96,1,259.190,668.520,0.620,1,667.900,927.830,128,32768,64,16384,noop,0,16384
stress,spec_k,2,0,26,decode,32,96,0,32,96,1,241.350,1194.270,0.610,1,1193.660,1435.760,128,32768,64,16384,noop,0,16384
stress,spec_k,2,0,27,decode,32,96,0,32,96,1,239.550,645.670,0.620,1,645.050,885.340,128,32768,64,16384,noop,0,16384
stress,spec_k,2,0,28,decode,32,96,0,32,96,1,236.070,626.840,0.650,1,626.190,863.040,128,32768,64,16384,noop,0,16384
stress,spec_k,2,0,29,decode,32,96,0,32,96,1,234.800,589.660,0.570,1,589.090,824.560,128,32768,64,16384,noop,0,16384
stress,spec_k,2,0,30,decode,32,96,0,32,96,1,233.430,587.190,0.520,1,586.670,820.740,128,32768,64,16384,noop,0,16384
stress,spec_k,2,0,31,decode,32,96,0,32,96,1,229.800,593.460,0.570,1,592.890,823.390,128,32768,64,16384,noop,0,16384
stress,spec_k,2,0,32,decode,32,96,0,32,96,1,231.250,581.130,0.580,1,580.550,812.480,128,32768,64,16384,noop,0,16384
stress,spec_k,2,0,33,decode,32,96,0,32,96,1,230.290,574.820,0.550,1,574.270,805.230,128,32768,64,16384,noop,0,16384
stress,spec_k,2,0,34,decode,32,96,0,32,96,1,231.240,585.360,0.540,1,584.820,816.730,128,32768,64,16384,noop,0,16384
stress,spec_k,2,0,35,decode,32,96,0,32,96,1,241.370,588.210,0.550,1,587.660,829.700,128,32768,64,16384,noop,0,16384
stress,spec_k,2,0,36,decode,32,96,0,32,96,1,230.080,577.230,0.560,1,576.670,807.440,128,32768,64,16384,noop,0,16384
stress,spec_k,2,0,37,decode,32,96,0,32,96,1,230.750,573.040,0.560,1,572.480,803.900,128,32768,64,16384,noop,0,16384
stress,spec_k,2,0,38,decode,32,96,0,32,96,1,231.830,595.430,0.570,1,594.860,827.350,128,32768,64,16384,noop,0,16384
stress,spec_k,2,0,39,decode,32,96,0,32,96,1,230.020,574.820,0.550,1,574.270,804.950,128,32768,64,16384,noop,0,16384
stress,spec_k,2,0,40,decode,32,96,0,32,96,1,233.030,571.200,0.530,1,570.670,804.320,128,32768,64,16384,noop,0,16384
stress,spec_k,2,0,41,decode,24,72,0,24,72,1,524.880,600.750,0.620,1,600.130,1125.740,128,32768,64,16384,noop,0,16384
stress,spec_k,2,0,42,decode,17,51,0,17,51,1,444.670,664.750,0.740,1,664.010,1109.520,128,32768,64,16384,noop,0,16384
stress,spec_k,2,0,43,decode,9,27,0,9,27,1,350.440,577.160,0.690,1,576.470,927.710,128,32768,64,16384,noop,0,16384
stress,spec_k,2,0,44,decode,1,3,0,1,3,1,284.430,554.620,0.660,1,553.960,839.170,128,32768,64,16384,noop,0,16384
stress,spec_k,3,0,0,prefill,32,16384,9,23,101,1,887.980,807.490,0.680,1,806.810,1695.630,128,32768,64,16384,noop,0,16384
stress,spec_k,3,0,1,prefill,32,308,1,31,125,1,319.650,604.910,0.760,1,604.150,924.630,128,32768,64,16384,noop,0,16384
stress,spec_k,3,0,2,decode,32,128,0,32,128,1,252.890,595.650,0.590,1,595.060,848.650,128,32768,64,16384,noop,0,16384
stress,spec_k,3,0,3,decode,32,128,0,32,128,1,236.540,567.560,0.490,1,567.070,804.200,128,32768,64,16384,noop,0,16384
stress,spec_k,3,0,4,decode,32,128,0,32,128,1,230.470,555.570,0.550,1,555.020,786.160,128,32768,64,16384,noop,0,16384
stress,spec_k,3,0,5,decode,32,128,0,32,128,1,230.130,577.640,0.460,1,577.180,807.870,128,32768,64,16384,noop,0,16384
stress,spec_k,3,0,6,decode,32,128,0,32,128,1,229.000,562.030,0.630,1,561.400,791.150,128,32768,64,16384,noop,0,16384
stress,spec_k,3,0,7,decode,32,128,0,32,128,1,228.820,550.340,0.480,1,549.860,779.310,128,32768,64,16384,noop,0,16384
stress,spec_k,3,0,8,decode,32,128,0,32,128,1,229.280,548.760,0.430,1,548.330,778.150,128,32768,64,16384,noop,0,16384
stress,spec_k,3,0,9,decode,32,128,0,32,128,1,236.530,557.310,0.560,1,556.750,793.970,128,32768,64,16384,noop,0,16384
stress,spec_k,3,0,10,decode,32,128,0,32,128,1,226.200,549.100,0.470,1,548.630,775.430,128,32768,64,16384,noop,0,16384
stress,spec_k,3,0,11,decode,32,128,0,32,128,1,225.310,552.200,0.570,1,551.630,777.610,128,32768,64,16384,noop,0,16384
stress,spec_k,3,0,12,decode,32,128,0,32,128,1,226.440,560.740,0.530,1,560.210,787.290,128,32768,64,16384,noop,0,16384
stress,spec_k,3,0,13,decode,32,128,0,32,128,1,226.870,551.480,0.610,1,550.870,778.450,128,32768,64,16384,noop,0,16384
stress,spec_k,3,0,14,decode,32,128,0,32,128,1,226.120,551.260,0.550,1,550.710,777.490,128,32768,64,16384,noop,0,16384
stress,spec_k,3,0,15,decode,32,128,0,32,128,1,228.100,550.230,0.580,1,549.650,778.440,128,32768,64,16384,noop,0,16384
stress,spec_k,3,0,16,decode,32,128,0,32,128,1,240.080,556.250,0.600,1,555.650,796.440,128,32768,64,16384,noop,0,16384
stress,spec_k,3,0,17,decode,32,128,0,32,128,1,227.780,550.120,0.540,1,549.580,778.030,128,32768,64,16384,noop,0,16384
stress,spec_k,3,0,18,decode,32,128,0,32,128,1,228.410,547.270,0.520,1,546.750,775.780,128,32768,64,16384,noop,0,16384
stress,spec_k,3,0,19,decode,32,128,0,32,128,1,227.570,565.530,0.490,1,565.040,793.210,128,32768,64,16384,noop,0,16384
stress,spec_k,3,0,20,decode,32,128,0,32,128,1,228.020,554.790,0.510,1,554.280,782.920,128,32768,64,16384,noop,0,16384
stress,spec_k,3,0,21,decode,32,128,0,32,128,1,227.040,547.790,0.520,1,547.270,774.950,128,32768,64,16384,noop,0,16384
stress,spec_k,3,0,22,decode,32,128,0,32,128,1,226.440,548.100,0.530,1,547.570,774.650,128,32768,64,16384,noop,0,16384
stress,spec_k,3,0,23,decode,32,128,0,32,128,1,236.880,555.720,0.500,1,555.220,792.700,128,32768,64,16384,noop,0,16384
stress,spec_k,3,0,24,decode,32,128,0,32,128,1,227.810,552.950,0.510,1,552.440,780.880,128,32768,64,16384,noop,0,16384
stress,spec_k,3,0,25,decode,32,128,0,32,128,1,229.660,549.840,0.540,1,549.300,779.620,128,32768,64,16384,noop,0,16384
stress,spec_k,3,0,26,decode,32,128,0,32,128,1,228.360,1126.120,0.560,1,1125.560,1354.590,128,32768,64,16384,noop,0,16384
stress,spec_k,3,0,27,decode,32,128,0,32,128,1,230.590,599.220,0.560,1,598.660,829.920,128,32768,64,16384,noop,0,16384
stress,spec_k,3,0,28,decode,32,128,0,32,128,1,229.710,560.930,0.600,1,560.330,790.740,128,32768,64,16384,noop,0,16384
stress,spec_k,3,0,29,decode,32,128,0,32,128,1,228.300,577.930,0.640,1,577.290,806.300,128,32768,64,16384,noop,0,16384
stress,spec_k,3,0,30,decode,24,96,0,24,96,1,527.780,574.630,0.630,1,574.000,1102.510,128,32768,64,16384,noop,0,16384
stress,spec_k,3,0,31,decode,17,68,0,17,68,1,451.740,577.250,0.590,1,576.660,1029.100,128,32768,64,16384,noop,0,16384
stress,spec_k,3,0,32,decode,9,36,0,9,36,1,342.230,560.630,0.560,1,560.070,902.970,128,32768,64,16384,noop,0,16384
stress,spec_k,3,0,33,decode,1,4,0,1,4,1,292.330,539.240,0.590,1,538.650,831.690,128,32768,64,16384,noop,0,16384
stress,prefix_hit_ratio,0.0,0,0,prefill,32,16384,9,23,32,0,855.220,663.790,0.900,1,662.890,1519.130,128,32768,64,16384,noop,0,16384
stress,prefix_hit_ratio,0.0,0,1,prefill,32,77,1,31,32,0,173.350,445.880,0.630,1,445.250,619.340,128,32768,64,16384,noop,0,16384
stress,prefix_hit_ratio,0.0,0,2,decode,32,32,0,32,32,0,85.910,436.360,0.620,1,435.740,522.400,128,32768,64,16384,noop,0,16384
stress,prefix_hit_ratio,0.0,0,3,decode,32,32,0,32,32,0,73.270,419.340,0.460,1,418.880,492.720,128,32768,64,16384,noop,0,16384
stress,prefix_hit_ratio,0.0,0,4,decode,32,32,0,32,32,0,71.780,419.250,0.650,1,418.600,491.120,128,32768,64,16384,noop,0,16384
stress,prefix_hit_ratio,0.0,0,5,decode,32,32,0,32,32,0,72.030,411.700,0.460,1,411.240,483.830,128,32768,64,16384,noop,0,16384
stress,prefix_hit_ratio,0.0,0,6,decode,32,32,0,32,32,0,72.170,425.140,0.490,1,424.650,497.390,128,32768,64,16384,noop,0,16384
stress,prefix_hit_ratio,0.0,0,7,decode,32,32,0,32,32,0,71.620,423.520,0.490,1,423.030,495.240,128,32768,64,16384,noop,0,16384
stress,prefix_hit_ratio,0.0,0,8,decode,32,32,0,32,32,0,71.260,423.580,0.570,1,423.010,494.940,128,32768,64,16384,noop,0,16384
stress,prefix_hit_ratio,0.0,0,9,decode,32,32,0,32,32,0,84.180,419.460,0.600,1,418.860,503.780,128,32768,64,16384,noop,0,16384
stress,prefix_hit_ratio,0.0,0,10,decode,32,32,0,32,32,0,71.780,412.810,0.530,1,412.280,484.710,128,32768,64,16384,noop,0,16384
stress,prefix_hit_ratio,0.0,0,11,decode,32,32,0,32,32,0,70.390,417.380,0.500,1,416.880,487.870,128,32768,64,16384,noop,0,16384
stress,prefix_hit_ratio,0.0,0,12,decode,32,32,0,32,32,0,69.450,419.910,0.430,1,419.480,489.480,128,32768,64,16384,noop,0,16384
stress,prefix_hit_ratio,0.0,0,13,decode,32,32,0,32,32,0,69.830,418.010,0.540,1,417.470,487.960,128,32768,64,16384,noop,0,16384
stress,prefix_hit_ratio,0.0,0,14,decode,32,32,0,32,32,0,70.210,409.460,0.530,1,408.930,479.760,128,32768,64,16384,noop,0,16384
stress,prefix_hit_ratio,0.0,0,15,decode,32,32,0,32,32,0,69.240,416.180,0.500,1,415.680,485.530,128,32768,64,16384,noop,0,16384
stress,prefix_hit_ratio,0.0,0,16,decode,32,32,0,32,32,0,71.190,468.610,0.510,1,468.100,539.980,128,32768,64,16384,noop,0,16384
stress,prefix_hit_ratio,0.0,0,17,decode,32,32,0,32,32,0,70.690,414.870,0.470,1,414.400,485.670,128,32768,64,16384,noop,0,16384
stress,prefix_hit_ratio,0.0,0,18,decode,32,32,0,32,32,0,70.170,410.430,0.510,1,409.920,480.710,128,32768,64,16384,noop,0,16384
stress,prefix_hit_ratio,0.0,0,19,decode,32,32,0,32,32,0,70.560,410.800,0.530,1,410.270,481.480,128,32768,64,16384,noop,0,16384
stress,prefix_hit_ratio,0.0,0,20,decode,32,32,0,32,32,0,68.980,410.710,0.590,1,410.120,479.800,128,32768,64,16384,noop,0,16384
stress,prefix_hit_ratio,0.0,0,21,decode,32,32,0,32,32,0,70.160,412.410,0.570,1,411.840,482.690,128,32768,64,16384,noop,0,16384
stress,prefix_hit_ratio,0.0,0,22,decode,32,32,0,32,32,0,71.600,412.160,0.520,1,411.640,483.890,128,32768,64,16384,noop,0,16384
stress,prefix_hit_ratio,0.0,0,23,decode,32,32,0,32,32,0,69.820,436.160,0.650,1,435.510,506.110,128,32768,64,16384,noop,0,16384
stress,prefix_hit_ratio,0.0,0,24,decode,32,32,0,32,32,0,70.530,422.310,0.490,1,421.820,492.950,128,32768,64,16384,noop,0,16384
stress,prefix_hit_ratio,0.0,0,25,decode,32,32,0,32,32,0,70.430,417.350,0.560,1,416.790,487.880,128,32768,64,16384,noop,0,16384
stress,prefix_hit_ratio,0.0,0,26,decode,32,32,0,32,32,0,70.030,411.630,0.550,1,411.080,481.780,128,32768,64,16384,noop,0,16384
stress,prefix_hit_ratio,0.0,0,27,decode,32,32,0,32,32,0,69.760,404.340,0.600,1,403.740,474.200,128,32768,64,16384,noop,0,16384
stress,prefix_hit_ratio,0.0,0,28,decode,32,32,0,32,32,0,70.700,404.950,0.540,1,404.410,475.780,128,32768,64,16384,noop,0,16384
stress,prefix_hit_ratio,0.0,0,29,decode,32,32,0,32,32,0,69.000,413.870,0.560,1,413.310,482.970,128,32768,64,16384,noop,0,16384
stress,prefix_hit_ratio,0.0,0,30,decode,32,32,0,32,32,0,69.170,421.850,0.510,1,421.340,491.140,128,32768,64,16384,noop,0,16384
stress,prefix_hit_ratio,0.0,0,31,decode,32,32,0,32,32,0,70.220,415.290,0.510,1,414.780,485.730,128,32768,64,16384,noop,0,16384
stress,prefix_hit_ratio,0.0,0,32,decode,32,32,0,32,32,0,69.340,414.790,0.550,1,414.240,484.220,128,32768,64,16384,noop,0,16384
stress,prefix_hit_ratio,0.0,0,33,decode,32,32,0,32,32,0,69.800,409.190,0.540,1,408.650,479.110,128,32768,64,16384,noop,0,16384
stress,prefix_hit_ratio,0.0,0,34,decode,32,32,0,32,32,0,608.230,496.900,0.750,1,496.150,1105.250,128,32768,64,16384,noop,0,16384
stress,prefix_hit_ratio,0.0,0,35,decode,32,32,0,32,32,0,74.080,423.090,0.540,1,422.550,497.280,128,32768,64,16384,noop,0,16384
stress,prefix_hit_ratio,0.0,0,36,decode,32,32,0,32,32,0,69.700,437.260,0.570,1,436.690,507.050,128,32768,64,16384,noop,0,16384
stress,prefix_hit_ratio,0.0,0,37,decode,32,32,0,32,32,0,74.660,420.690,0.460,1,420.230,495.450,128,32768,64,16384,noop,0,16384
stress,prefix_hit_ratio,0.0,0,38,decode,32,32,0,32,32,0,68.240,413.630,0.480,1,413.150,481.970,128,32768,64,16384,noop,0,16384
stress,prefix_hit_ratio,0.0,0,39,decode,32,32,0,32,32,0,69.810,415.900,0.470,1,415.430,485.810,128,32768,64,16384,noop,0,16384
stress,prefix_hit_ratio,0.0,0,40,decode,32,32,0,32,32,0,68.270,421.360,0.470,1,420.890,489.760,128,32768,64,16384,noop,0,16384
stress,prefix_hit_ratio,0.0,0,41,decode,32,32,0,32,32,0,69.430,415.490,0.500,1,414.990,485.030,128,32768,64,16384,noop,0,16384
stress,prefix_hit_ratio,0.0,0,42,decode,32,32,0,32,32,0,68.160,406.210,0.460,1,405.750,474.470,128,32768,64,16384,noop,0,16384
stress,prefix_hit_ratio,0.0,0,43,decode,32,32,0,32,32,0,67.580,429.660,0.440,1,429.220,497.350,128,32768,64,16384,noop,0,16384
stress,prefix_hit_ratio,0.0,0,44,decode,32,32,0,32,32,0,68.540,412.260,0.470,1,411.790,480.900,128,32768,64,16384,noop,0,16384
stress,prefix_hit_ratio,0.0,0,45,decode,32,32,0,32,32,0,67.190,407.840,0.500,1,407.340,475.150,128,32768,64,16384,noop,0,16384
stress,prefix_hit_ratio,0.0,0,46,decode,32,32,0,32,32,0,67.350,406.830,0.500,1,406.330,474.300,128,32768,64,16384,noop,0,16384
stress,prefix_hit_ratio,0.0,0,47,decode,32,32,0,32,32,0,68.490,413.980,0.430,1,413.550,482.570,128,32768,64,16384,noop,0,16384
stress,prefix_hit_ratio,0.0,0,48,decode,32,32,0,32,32,0,69.770,411.540,0.470,1,411.070,481.430,128,32768,64,16384,noop,0,16384
stress,prefix_hit_ratio,0.0,0,49,decode,32,32,0,32,32,0,68.670,406.920,0.400,1,406.520,475.790,128,32768,64,16384,noop,0,16384
stress,prefix_hit_ratio,0.0,0,50,decode,32,32,0,32,32,0,68.580,414.460,0.440,1,414.020,483.170,128,32768,64,16384,noop,0,16384
stress,prefix_hit_ratio,0.0,0,51,decode,32,32,0,32,32,0,69.100,409.690,0.460,1,409.230,478.890,128,32768,64,16384,noop,0,16384
stress,prefix_hit_ratio,0.0,0,52,decode,32,32,0,32,32,0,67.600,402.440,0.440,1,402.000,470.160,128,32768,64,16384,noop,0,16384
stress,prefix_hit_ratio,0.0,0,53,decode,32,32,0,32,32,0,68.560,415.990,0.420,1,415.570,484.670,128,32768,64,16384,noop,0,16384
stress,prefix_hit_ratio,0.0,0,54,decode,32,32,0,32,32,0,66.530,406.400,0.480,1,405.920,473.050,128,32768,64,16384,noop,0,16384
stress,prefix_hit_ratio,0.0,0,55,decode,32,32,0,32,32,0,65.780,412.390,0.470,1,411.920,478.270,128,32768,64,16384,noop,0,16384
stress,prefix_hit_ratio,0.0,0,56,decode,32,32,0,32,32,0,67.340,405.680,0.460,1,405.220,473.120,128,32768,64,16384,noop,0,16384
stress,prefix_hit_ratio,0.0,0,57,decode,32,32,0,32,32,0,67.320,396.430,0.440,1,395.990,463.830,128,32768,64,16384,noop,0,16384
stress,prefix_hit_ratio,0.0,0,58,decode,32,32,0,32,32,0,67.290,426.040,0.440,1,425.600,493.450,128,32768,64,16384,noop,0,16384
stress,prefix_hit_ratio,0.0,0,59,decode,32,32,0,32,32,0,69.060,400.270,0.450,1,399.820,469.440,128,32768,64,16384,noop,0,16384
stress,prefix_hit_ratio,0.0,0,60,decode,32,32,0,32,32,0,68.080,402.350,0.440,1,401.910,470.540,128,32768,64,16384,noop,0,16384
stress,prefix_hit_ratio,0.0,0,61,decode,32,32,0,32,32,0,68.810,411.040,0.460,1,410.580,479.960,128,32768,64,16384,noop,0,16384
stress,prefix_hit_ratio,0.0,0,62,decode,32,32,0,32,32,0,67.820,416.780,0.490,1,416.290,484.690,128,32768,64,16384,noop,0,16384
stress,prefix_hit_ratio,0.0,0,63,decode,32,32,0,32,32,0,67.810,407.670,0.470,1,407.200,475.590,128,32768,64,16384,noop,0,16384
stress,prefix_hit_ratio,0.0,0,64,decode,32,32,0,32,32,0,65.820,411.320,0.460,1,410.860,477.240,128,32768,64,16384,noop,0,16384
stress,prefix_hit_ratio,0.0,0,65,decode,32,32,0,32,32,0,67.330,421.350,0.530,1,420.820,488.780,128,32768,64,16384,noop,0,16384
stress,prefix_hit_ratio,0.0,0,66,decode,32,32,0,32,32,0,68.000,407.960,0.470,1,407.490,476.070,128,32768,64,16384,noop,0,16384
stress,prefix_hit_ratio,0.0,0,67,decode,32,32,0,32,32,0,66.790,401.220,0.440,1,400.780,468.100,128,32768,64,16384,noop,0,16384
stress,prefix_hit_ratio,0.0,0,68,decode,32,32,0,32,32,0,66.140,408.190,0.410,1,407.780,474.430,128,32768,64,16384,noop,0,16384
stress,prefix_hit_ratio,0.0,0,69,decode,32,32,0,32,32,0,66.740,406.560,0.520,1,406.040,473.390,128,32768,64,16384,noop,0,16384
stress,prefix_hit_ratio,0.0,0,70,decode,32,32,0,32,32,0,68.100,405.690,0.450,1,405.240,473.890,128,32768,64,16384,noop,0,16384
stress,prefix_hit_ratio,0.0,0,71,decode,32,32,0,32,32,0,67.250,403.430,0.460,1,402.970,470.770,128,32768,64,16384,noop,0,16384
stress,prefix_hit_ratio,0.0,0,72,decode,32,32,0,32,32,0,66.980,406.140,0.500,1,405.640,473.220,128,32768,64,16384,noop,0,16384
stress,prefix_hit_ratio,0.0,0,73,decode,32,32,0,32,32,0,66.070,411.250,0.510,1,410.740,477.410,128,32768,64,16384,noop,0,16384
stress,prefix_hit_ratio,0.0,0,74,decode,32,32,0,32,32,0,65.680,397.890,0.380,1,397.510,463.670,128,32768,64,16384,noop,0,16384
stress,prefix_hit_ratio,0.0,0,75,decode,32,32,0,32,32,0,67.260,400.960,0.460,1,400.500,468.330,128,32768,64,16384,noop,0,16384
stress,prefix_hit_ratio,0.0,0,76,decode,32,32,0,32,32,0,66.720,400.400,0.530,1,399.870,467.220,128,32768,64,16384,noop,0,16384
stress,prefix_hit_ratio,0.0,0,77,decode,32,32,0,32,32,0,66.730,404.080,0.470,1,403.610,470.900,128,32768,64,16384,noop,0,16384
stress,prefix_hit_ratio,0.0,0,78,decode,32,32,0,32,32,0,66.660,414.520,0.480,1,414.040,481.280,128,32768,64,16384,noop,0,16384
stress,prefix_hit_ratio,0.0,0,79,decode,32,32,0,32,32,0,67.330,403.800,0.460,1,403.340,471.260,128,32768,64,16384,noop,0,16384
stress,prefix_hit_ratio,0.25,0,0,prefill,32,12340,7,25,32,0,704.470,690.040,0.820,1,689.220,1394.610,128,32768,64,16384,noop,0,16384
stress,prefix_hit_ratio,0.25,0,1,decode,32,32,0,32,32,0,167.220,455.920,0.520,1,455.400,623.240,128,32768,64,16384,noop,0,16384
stress,prefix_hit_ratio,0.25,0,2,decode,32,32,0,32,32,0,72.860,424.930,0.450,1,424.480,497.900,128,32768,64,16384,noop,0,16384
stress,prefix_hit_ratio,0.25,0,3,decode,32,32,0,32,32,0,71.350,413.450,0.420,1,413.030,484.900,128,32768,64,16384,noop,0,16384
stress,prefix_hit_ratio,0.25,0,4,decode,32,32,0,32,32,0,70.750,418.680,0.510,1,418.170,489.530,128,32768,64,16384,noop,0,16384
stress,prefix_hit_ratio,0.25,0,5,decode,32,32,0,32,32,0,70.450,410.730,0.490,1,410.240,481.280,128,32768,64,16384,noop,0,16384
stress,prefix_hit_ratio,0.25,0,6,decode,32,32,0,32,32,0,68.910,416.810,0.500,1,416.310,485.800,128,32768,64,16384,noop,0,16384
stress,prefix_hit_ratio,0.25,0,7,decode,32,32,0,32,32,0,68.990,406.800,0.460,1,406.340,475.870,128,32768,64,16384,noop,0,16384
stress,prefix_hit_ratio,0.25,0,8,decode,32,32,0,32,32,0,70.840,432.810,0.550,1,432.260,503.760,128,32768,64,16384,noop,0,16384
stress,prefix_hit_ratio,0.25,0,9,decode,32,32,0,32,32,0,71.590,422.930,0.440,1,422.490,494.630,128,32768,64,16384,noop,0,16384
stress,prefix_hit_ratio,0.25,0,10,decode,32,32,0,32,32,0,69.370,420.860,0.450,1,420.410,490.450,128,32768,64,16384,noop,0,16384
stress,prefix_hit_ratio,0.25,0,11,decode,32,32,0,32,32,0,69.210,409.640,0.510,1,409.130,478.970,128,32768,64,16384,noop,0,16384
stress,prefix_hit_ratio,0.25,0,12,decode,32,32,0,32,32,0,68.740,414.740,0.470,1,414.270,483.660,128,32768,64,16384,noop,0,16384
stress,prefix_hit_ratio,0.25,0,13,decode,32,32,0,32,32,0,70.220,417.250,0.480,1,416.770,487.740,128,32768,64,16384,noop,0,16384
stress,prefix_hit_ratio,0.25,0,14,decode,32,32,0,32,32,0,68.830,418.930,0.490,1,418.440,487.870,128,32768,64,16384,noop,0,16384
stress,prefix_hit_ratio,0.25,0,15,decode,32,32,0,32,32,0,81.810,424.510,0.530,1,423.980,506.420,128,32768,64,16384,noop,0,16384
stress,prefix_hit_ratio,0.25,0,16,decode,32,32,0,32,32,0,70.350,422.920,0.420,1,422.500,493.360,128,32768,64,16384,noop,0,16384
stress,prefix_hit_ratio,0.25,0,17,decode,32,32,0,32,32,0,69.320,426.980,0.440,1,426.540,496.420,128,32768,64,16384,noop,0,16384
stress,prefix_hit_ratio,0.25,0,18,decode,32,32,0,32,32,0,69.070,415.490,0.470,1,415.020,484.630,128,32768,64,16384,noop,0,16384
stress,prefix_hit_ratio,0.25,0,19,decode,32,32,0,32,32,0,69.910,407.690,0.450,1,407.240,477.700,128,32768,64,16384,noop,0,16384
stress,prefix_hit_ratio,0.25,0,20,decode,32,32,0,32,32,0,69.310,406.040,0.500,1,405.540,475.440,128,32768,64,16384,noop,0,16384
stress,prefix_hit_ratio,0.25,0,21,decode,32,32,0,32,32,0,69.240,417.040,0.500,1,416.540,486.370,128,32768,64,16384,noop,0,16384
stress,prefix_hit_ratio,0.25,0,22,decode,32,32,0,32,32,0,69.320,427.470,0.490,1,426.980,496.890,128,32768,64,16384,noop,0,16384
stress,prefix_hit_ratio,0.25,0,23,decode,32,32,0,32,32,0,68.840,401.670,0.530,1,401.140,470.710,128,32768,64,16384,noop,0,16384
stress,prefix_hit_ratio,0.25,0,24,decode,32,32,0,32,32,0,67.850,405.570,0.400,1,405.170,473.530,128,32768,64,16384,noop,0,16384
stress,prefix_hit_ratio,0.25,0,25,decode,32,32,0,32,32,0,68.950,411.700,0.500,1,411.200,480.760,128,32768,64,16384,noop,0,16384
stress,prefix_hit_ratio,0.25,0,26,decode,32,32,0,32,32,0,67.880,408.350,0.450,1,407.900,476.310,128,32768,64,16384,noop,0,16384
stress,prefix_hit_ratio,0.25,0,27,decode,32,32,0,32,32,0,68.990,404.750,0.440,1,404.310,473.850,128,32768,64,16384,noop,0,16384
stress,prefix_hit_ratio,0.25,0,28,decode,32,32,0,32,32,0,68.990,418.370,0.470,1,417.900,487.450,128,32768,64,16384,noop,0,16384
stress,prefix_hit_ratio,0.25,0,29,decode,32,32,0,32,32,0,68.590,424.760,0.530,1,424.230,493.440,128,32768,64,16384,noop,0,16384
stress,prefix_hit_ratio,0.25,0,30,decode,32,32,0,32,32,0,69.700,406.310,0.450,1,405.860,476.130,128,32768,64,16384,noop,0,16384
stress,prefix_hit_ratio,0.25,0,31,decode,32,32,0,32,32,0,68.980,399.130,0.500,1,398.630,468.190,128,32768,64,16384,noop,0,16384
stress,prefix_hit_ratio,0.25,0,32,decode,32,32,0,32,32,0,72.700,411.240,0.620,1,410.620,484.080,128,32768,64,16384,noop,0,16384
stress,prefix_hit_ratio,0.25,0,33,decode,32,32,0,32,32,0,70.070,414.290,0.520,1,413.770,484.480,128,32768,64,16384,noop,0,16384
stress,prefix_hit_ratio,0.25,0,34,decode,32,32,0,32,32,0,72.020,961.810,0.950,1,960.860,1034.000,128,32768,64,16384,noop,0,16384
stress,prefix_hit_ratio,0.25,0,35,decode,32,32,0,32,32,0,73.770,479.360,0.570,1,478.790,553.310,128,32768,64,16384,noop,0,16384
stress,prefix_hit_ratio,0.25,0,36,decode,32,32,0,32,32,0,71.950,418.130,0.570,1,417.560,490.170,128,32768,64,16384,noop,0,16384
stress,prefix_hit_ratio,0.25,0,37,decode,32,32,0,32,32,0,71.210,410.570,0.510,1,410.060,481.890,128,32768,64,16384,noop,0,16384
stress,prefix_hit_ratio,0.25,0,38,decode,32,32,0,32,32,0,69.990,405.070,0.580,1,404.490,475.160,128,32768,64,16384,noop,0,16384
stress,prefix_hit_ratio,0.25,0,39,decode,32,32,0,32,32,0,69.220,403.540,0.560,1,402.980,472.850,128,32768,64,16384,noop,0,16384
stress,prefix_hit_ratio,0.25,0,40,decode,32,32,0,32,32,0,69.970,407.420,0.560,1,406.860,477.510,128,32768,64,16384,noop,0,16384
stress,prefix_hit_ratio,0.25,0,41,decode,32,32,0,32,32,0,71.770,427.670,0.530,1,427.140,499.550,128,32768,64,16384,noop,0,16384
stress,prefix_hit_ratio,0.25,0,42,decode,32,32,0,32,32,0,71.410,441.170,0.540,1,440.630,512.680,128,32768,64,16384,noop,0,16384
stress,prefix_hit_ratio,0.25,0,43,decode,32,32,0,32,32,0,70.710,439.160,0.540,1,438.620,509.970,128,32768,64,16384,noop,0,16384
stress,prefix_hit_ratio,0.25,0,44,decode,32,32,0,32,32,0,69.330,431.150,0.550,1,430.600,500.580,128,32768,64,16384,noop,0,16384
stress,prefix_hit_ratio,0.25,0,45,decode,32,32,0,32,32,0,69.030,417.550,0.510,1,417.040,486.700,128,32768,64,16384,noop,0,16384
stress,prefix_hit_ratio,0.25,0,46,decode,32,32,0,32,32,0,69.420,419.900,0.500,1,419.400,489.430,128,32768,64,16384,noop,0,16384
stress,prefix_hit_ratio,0.25,0,47,decode,32,32,0,32,32,0,73.010,419.750,0.480,1,419.270,492.840,128,32768,64,16384,noop,0,16384
stress,prefix_hit_ratio,0.25,0,48,decode,32,32,0,32,32,0,69.850,432.080,0.560,1,431.520,502.080,128,32768,64,16384,noop,0,16384
stress,prefix_hit_ratio,0.25,0,49,decode,32,32,0,32,32,0,70.440,437.390,0.550,1,436.840,507.930,128,32768,64,16384,noop,0,16384
stress,prefix_hit_ratio,0.25,0,50,decode,32,32,0,32,32,0,68.310,412.060,0.560,1,411.500,480.490,128,32768,64,16384,noop,0,16384
stress,prefix_hit_ratio,0.25,0,51,decode,32,32,0,32,32,0,67.920,410.230,0.670,1,409.560,478.250,128,32768,64,16384,noop,0,16384
stress,prefix_hit_ratio,0.25,0,52,decode,32,32,0,32,32,0,68.480,406.880,0.580,1,406.300,475.480,128,32768,64,16384,noop,0,16384
stress,prefix_hit_ratio,0.25,0,53,decode,32,32,0,32,32,0,67.690,403.510,0.440,1,403.070,471.300,128,32768,64,16384,noop,0,16384
stress,prefix_hit_ratio,0.25,0,54,decode,32,32,0,32,32,0,67.840,398.970,0.490,1,398.480,466.900,128,32768,64,16384,noop,0,16384
stress,prefix_hit_ratio,0.25,0,55,decode,32,32,0,32,32,0,68.860,396.430,0.650,1,395.780,465.380,128,32768,64,16384,noop,0,16384
stress,prefix_hit_ratio,0.25,0,56,decode,32,32,0,32,32,0,68.680,407.490,0.540,1,406.950,476.270,128,32768,64,16384,noop,0,16384
stress,prefix_hit_ratio,0.25,0,57,decode,32,32,0,32,32,0,68.230,407.340,0.580,1,406.760,475.690,128,32768,64,16384,noop,0,16384
stress,prefix_hit_ratio,0.25,0,58,decode,32,32,0,32,32,0,68.580,398.930,0.610,1,398.320,467.610,128,32768,64,16384,noop,0,16384
stress,prefix_hit_ratio,0.25,0,59,decode,32,32,0,32,32,0,67.660,396.580,0.580,1,396.000,464.360,128,32768,64,16384,noop,0,16384
stress,prefix_hit_ratio,0.25,0,60,decode,32,32,0,32,32,0,68.940,401.280,0.470,1,400.810,470.320,128,32768,64,16384,noop,0,16384
stress,prefix_hit_ratio,0.25,0,61,decode,32,32,0,32,32,0,70.150,416.800,0.580,1,416.220,487.070,128,32768,64,16384,noop,0,16384
stress,prefix_hit_ratio,0.25,0,62,decode,32,32,0,32,32,0,68.800,405.360,0.560,1,404.800,474.280,128,32768,64,16384,noop,0,16384
stress,prefix_hit_ratio,0.25,0,63,decode,32,32,0,32,32,0,69.760,407.570,0.410,1,407.160,477.430,128,32768,64,16384,noop,0,16384
stress,prefix_hit_ratio,0.25,0,64,decode,32,32,0,32,32,0,70.730,421.930,0.550,1,421.380,492.820,128,32768,64,16384,noop,0,16384
stress,prefix_hit_ratio,0.25,0,65,decode,32,32,0,32,32,0,68.200,408.070,0.510,1,407.560,476.430,128,32768,64,16384,noop,0,16384
stress,prefix_hit_ratio,0.25,0,66,decode,32,32,0,32,32,0,69.360,403.800,0.510,1,403.290,473.280,128,32768,64,16384,noop,0,16384
stress,prefix_hit_ratio,0.25,0,67,decode,32,32,0,32,32,0,67.650,400.330,0.710,1,399.620,468.140,128,32768,64,16384,noop,0,16384
stress,prefix_hit_ratio,0.25,0,68,decode,32,32,0,32,32,0,68.690,406.200,0.480,1,405.720,475.020,128,32768,64,16384,noop,0,16384
stress,prefix_hit_ratio,0.25,0,69,decode,32,32,0,32,32,0,68.230,405.050,0.450,1,404.600,473.430,128,32768,64,16384,noop,0,16384
stress,prefix_hit_ratio,0.25,0,70,decode,32,32,0,32,32,0,67.880,408.570,0.520,1,408.050,476.600,128,32768,64,16384,noop,0,16384
stress,prefix_hit_ratio,0.25,0,71,decode,32,32,0,32,32,0,69.110,429.980,0.580,1,429.400,499.190,128,32768,64,16384,noop,0,16384
stress,prefix_hit_ratio,0.25,0,72,decode,32,32,0,32,32,0,70.750,412.170,0.440,1,411.730,483.030,128,32768,64,16384,noop,0,16384
stress,prefix_hit_ratio,0.25,0,73,decode,32,32,0,32,32,0,68.210,401.260,0.400,1,400.860,469.580,128,32768,64,16384,noop,0,16384
stress,prefix_hit_ratio,0.25,0,74,decode,32,32,0,32,32,0,66.970,400.800,0.460,1,400.340,467.870,128,32768,64,16384,noop,0,16384
stress,prefix_hit_ratio,0.25,0,75,decode,32,32,0,32,32,0,69.090,395.430,0.450,1,394.980,464.710,128,32768,64,16384,noop,0,16384
stress,prefix_hit_ratio,0.25,0,76,decode,32,32,0,32,32,0,66.520,390.620,0.430,1,390.190,457.260,128,32768,64,16384,noop,0,16384
stress,prefix_hit_ratio,0.25,0,77,decode,32,32,0,32,32,0,66.300,398.680,0.430,1,398.250,465.090,128,32768,64,16384,noop,0,16384
stress,prefix_hit_ratio,0.25,0,78,decode,32,32,0,32,32,0,67.620,402.260,0.400,1,401.860,469.990,128,32768,64,16384,noop,0,16384
stress,prefix_hit_ratio,0.25,0,79,decode,32,32,0,32,32,0,67.990,399.950,0.500,1,399.450,468.050,128,32768,64,16384,noop,0,16384
stress,prefix_hit_ratio,0.5,0,0,prefill,32,8248,5,27,32,0,561.000,654.330,0.760,1,653.570,1215.420,128,32768,64,16384,noop,0,16384
stress,prefix_hit_ratio,0.5,0,1,decode,32,32,0,32,32,0,132.740,455.260,0.460,1,454.800,588.130,128,32768,64,16384,noop,0,16384
stress,prefix_hit_ratio,0.5,0,2,decode,32,32,0,32,32,0,72.490,430.240,0.440,1,429.800,502.840,128,32768,64,16384,noop,0,16384
stress,prefix_hit_ratio,0.5,0,3,decode,32,32,0,32,32,0,71.640,421.890,0.500,1,421.390,493.640,128,32768,64,16384,noop,0,16384
stress,prefix_hit_ratio,0.5,0,4,decode,32,32,0,32,32,0,71.290,431.120,0.550,1,430.570,502.520,128,32768,64,16384,noop,0,16384
stress,prefix_hit_ratio,0.5,0,5,decode,32,32,0,32,32,0,71.900,431.820,0.440,1,431.380,503.830,128,32768,64,16384,noop,0,16384
stress,prefix_hit_ratio,0.5,0,6,decode,32,32,0,32,32,0,71.550,432.420,0.450,1,431.970,504.040,128,32768,64,16384,noop,0,16384
stress,prefix_hit_ratio,0.5,0,7,decode,32,32,0,32,32,0,71.810,430.600,0.430,1,430.170,502.480,128,32768,64,16384,noop,0,16384
stress,prefix_hit_ratio,0.5,0,8,decode,32,32,0,32,32,0,69.120,446.030,0.430,1,445.600,515.270,128,32768,64,16384,noop,0,16384
stress,prefix_hit_ratio,0.5,0,9,decode,32,32,0,32,32,0,70.260,428.110,0.440,1,427.670,498.470,128,32768,64,16384,noop,0,16384
stress,prefix_hit_ratio,0.5,0,10,decode,32,32,0,32,32,0,70.780,425.090,0.450,1,424.640,495.980,128,32768,64,16384,noop,0,16384
stress,prefix_hit_ratio,0.5,0,11,decode,32,32,0,32,32,0,71.370,417.290,0.490,1,416.800,488.780,128,32768,64,16384,noop,0,16384
stress,prefix_hit_ratio,0.5,0,12,decode,32,32,0,32,32,0,73.380,416.350,0.460,1,415.890,489.820,128,32768,64,16384,noop,0,16384
stress,prefix_hit_ratio,0.5,0,13,decode,32,32,0,32,32,0,70.600,419.960,0.600,1,419.360,490.670,128,32768,64,16384,noop,0,16384
stress,prefix_hit_ratio,0.5,0,14,decode,32,32,0,32,32,0,69.740,412.820,0.510,1,412.310,482.680,128,32768,64,16384,noop,0,16384
stress,prefix_hit_ratio,0.5,0,15,decode,32,32,0,32,32,0,69.280,423.480,0.460,1,423.020,492.910,128,32768,64,16384,noop,0,16384
stress,prefix_hit_ratio,0.5,0,16,decode,32,32,0,32,32,0,69.840,414.990,0.490,1,414.500,484.940,128,32768,64,16384,noop,0,16384
stress,prefix_hit_ratio,0.5,0,17,decode,32,32,0,32,32,0,72.700,416.110,0.460,1,415.650,488.900,128,32768,64,16384,noop,0,16384
stress,prefix_hit_ratio,0.5,0,18,decode,32,32,0,32,32,0,70.600,417.060,0.450,1,416.610,487.760,128,32768,64,16384,noop,0,16384
stress,prefix_hit_ratio,0.5,0,19,decode,32,32,0,32,32,0,71.830,428.560,0.480,1,428.080,500.490,128,32768,64,16384,noop,0,16384
stress,prefix_hit_ratio,0.5,0,20,decode,32,32,0,32,32,0,69.120,425.030,0.520,1,424.510,494.270,128,32768,64,16384,noop,0,16384
stress,prefix_hit_ratio,0.5,0,21,decode,32,32,0,32,32,0,68.480,419.010,0.500,1,418.510,487.580,128,32768,64,16384,noop,0,16384
stress,prefix_hit_ratio,0.5,0,22,decode,32,32,0,32,32,0,69.110,436.050,0.520,1,435.530,505.260,128,32768,64,16384,noop,0,16384
stress,prefix_hit_ratio,0.5,0,23,decode,32,32,0,32,32,0,69.450,422.410,0.470,1,421.940,491.950,128,32768,64,16384,noop,0,16384
stress,prefix_hit_ratio,0.5,0,24,decode,32,32,0,32,32,0,69.510,416.680,0.490,1,416.190,486.280,128,32768,64,16384,noop,0,16384
stress,prefix_hit_ratio,0.5,0,25,decode,32,32,0,32,32,0,70.120,414.670,0.500,1,414.170,484.890,128,32768,64,16384,noop,0,16384
stress,prefix_hit_ratio,0.5,0,26,decode,32,32,0,32,32,0,68.630,420.270,0.510,1,419.760,489.000,128,32768,64,16384,noop,0,16384
stress,prefix_hit_ratio,0.5,0,27,decode,32,32,0,32,32,0,69.510,422.240,0.420,1,421.820,491.850,128,32768,64,16384,noop,0,16384
stress,prefix_hit_ratio,0.5,0,28,decode,32,32,0,32,32,0,70.180,424.450,0.480,1,423.970,494.730,128,32768,64,16384,noop,0,16384
stress,prefix_hit_ratio,0.5,0,29,decode,32,32,0,32,32,0,68.910,432.310,0.440,1,431.870,501.330,128,32768,64,16384,noop,0,16384
stress,prefix_hit_ratio,0.5,0,30,decode,32,32,0,32,32,0,68.930,420.220,0.470,1,419.750,489.240,128,32768,64,16384,noop,0,16384
stress,prefix_hit_ratio,0.5,0,31,decode,32,32,0,32,32,0,68.400,423.990,0.460,1,423.530,492.520,128,32768,64,16384,noop,0,16384
stress,prefix_hit_ratio,0.5,0,32,decode,32,32,0,32,32,0,69.540,419.050,0.420,1,418.630,488.700,128,32768,64,16384,noop,0,16384
stress,prefix_hit_ratio,0.5,0,33,decode,32,32,0,32,32,0,71.000,413.580,0.470,1,413.110,484.690,128,32768,64,16384,noop,0,16384
stress,prefix_hit_ratio,0.5,0,34,decode,32,32,0,32,32,0,69.100,1002.390,0.750,1,1001.640,1071.590,128,32768,64,16384,noop,0,16384
stress,prefix_hit_ratio,0.5,0,35,decode,32,32,0,32,32,0,73.970,487.560,0.730,1,486.830,561.650,128,32768,64,16384,noop,0,16384
stress,prefix_hit_ratio,0.5,0,36,decode,32,32,0,32,32,0,72.740,428.160,0.560,1,427.600,501.010,128,32768,64,16384,noop,0,16384
stress,prefix_hit_ratio,0.5,0,37,decode,32,32,0,32,32,0,71.570,418.710,0.470,1,418.240,490.390,128,32768,64,16384,noop,0,16384
stress,prefix_hit_ratio,0.5,0,38,decode,32,32,0,32,32,0,70.810,422.830,0.530,1,422.300,493.760,128,32768,64,16384,noop,0,16384
stress,prefix_hit_ratio,0.5,0,39,decode,32,32,0,32,32,0,70.550,439.270,0.530,1,438.740,509.900,128,32768,64,16384,noop,0,16384
stress,prefix_hit_ratio,0.5,0,40,decode,32,32,0,32,32,0,71.120,431.160,0.570,1,430.590,502.400,128,32768,64,16384,noop,0,16384
stress,prefix_hit_ratio,0.5,0,41,decode,32,32,0,32,32,0,71.500,420.840,0.550,1,420.290,492.450,128,32768,64,16384,noop,0,16384
stress,prefix_hit_ratio,0.5,0,42,decode,32,32,0,32,32,0,68.880,438.680,0.610,1,438.070,507.670,128,32768,64,16384,noop,0,16384
stress,prefix_hit_ratio,0.5,0,43,decode,32,32,0,32,32,0,70.030,421.260,0.450,1,420.810,491.410,128,32768,64,16384,noop,0,16384
stress,prefix_hit_ratio,0.5,0,44,decode,32,32,0,32,32,0,68.340,412.390,0.780,1,411.610,480.850,128,32768,64,16384,noop,0,16384
stress,prefix_hit_ratio,0.5,0,45,decode,32,32,0,32,32,0,67.980,417.940,0.430,1,417.510,486.030,128,32768,64,16384,noop,0,16384
stress,prefix_hit_ratio,0.5,0,46,decode,32,32,0,32,32,0,71.270,421.930,0.470,1,421.460,493.320,128,32768,64,16384,noop,0,16384
stress,prefix_hit_ratio,0.5,0,47,decode,32,32,0,32,32,0,71.770,414.220,0.500,1,413.720,486.090,128,32768,64,16384,noop,0,16384
stress,prefix_hit_ratio,0.5,0,48,decode,32,32,0,32,32,0,68.980,410.810,0.520,1,410.290,479.910,128,32768,64,16384,noop,0,16384
stress,prefix_hit_ratio,0.5,0,49,decode,32,32,0,32,32,0,69.270,433.720,0.700,1,433.020,503.130,128,32768,64,16384,noop,0,16384
stress,prefix_hit_ratio,0.5,0,50,decode,32,32,0,32,32,0,69.170,420.580,0.500,1,420.080,489.850,128,32768,64,16384,noop,0,16384
stress,prefix_hit_ratio,0.5,0,51,decode,32,32,0,32,32,0,67.900,418.060,0.460,1,417.600,486.090,128,32768,64,16384,noop,0,16384
stress,prefix_hit_ratio,0.5,0,52,decode,32,32,0,32,32,0,68.560,410.820,0.500,1,410.320,479.480,128,32768,64,16384,noop,0,16384
stress,prefix_hit_ratio,0.5,0,53,decode,32,32,0,32,32,0,71.300,413.130,0.430,1,412.700,484.530,128,32768,64,16384,noop,0,16384
stress,prefix_hit_ratio,0.5,0,54,decode,32,32,0,32,32,0,67.800,415.890,0.600,1,415.290,483.790,128,32768,64,16384,noop,0,16384
stress,prefix_hit_ratio,0.5,0,55,decode,32,32,0,32,32,0,68.480,402.890,0.410,1,402.480,471.470,128,32768,64,16384,noop,0,16384
stress,prefix_hit_ratio,0.5,0,56,decode,32,32,0,32,32,0,67.920,401.580,0.440,1,401.140,469.630,128,32768,64,16384,noop,0,16384
stress,prefix_hit_ratio,0.5,0,57,decode,32,32,0,32,32,0,80.780,418.650,0.480,1,418.170,499.570,128,32768,64,16384,noop,0,16384
stress,prefix_hit_ratio,0.5,0,58,decode,32,32,0,32,32,0,67.790,404.310,0.470,1,403.840,472.200,128,32768,64,16384,noop,0,16384
stress,prefix_hit_ratio,0.5,0,59,decode,32,32,0,32,32,0,67.970,404.250,0.530,1,403.720,472.340,128,32768,64,16384,noop,0,16384
stress,prefix_hit_ratio,0.5,0,60,decode,32,32,0,32,32,0,69.300,403.830,0.670,1,403.160,473.230,128,32768,64,16384,noop,0,16384
stress,prefix_hit_ratio,0.5,0,61,decode,32,32,0,32,32,0,67.690,411.770,0.550,1,411.220,479.570,128,32768,64,16384,noop,0,16384
stress,prefix_hit_ratio,0.5,0,62,decode,32,32,0,32,32,0,68.670,409.570,0.490,1,409.080,478.370,128,32768,64,16384,noop,0,16384
stress,prefix_hit_ratio,0.5,0,63,decode,32,32,0,32,32,0,68.660,403.850,0.490,1,403.360,472.640,128,32768,64,16384,noop,0,16384
stress,prefix_hit_ratio,0.5,0,64,decode,32,32,0,32,32,0,70.940,415.460,0.580,1,414.880,486.480,128,32768,64,16384,noop,0,16384
stress,prefix_hit_ratio,0.5,0,65,decode,32,32,0,32,32,0,69.040,400.440,0.540,1,399.900,469.610,128,32768,64,16384,noop,0,16384
stress,prefix_hit_ratio,0.5,0,66,decode,32,32,0,32,32,0,68.180,414.710,0.540,1,414.170,483.020,128,32768,64,16384,noop,0,16384
stress,prefix_hit_ratio,0.5,0,67,decode,32,32,0,32,32,0,70.310,406.180,0.540,1,405.640,476.640,128,32768,64,16384,noop,0,16384
stress,prefix_hit_ratio,0.5,0,68,decode,32,32,0,32,32,0,68.400,407.520,0.470,1,407.050,476.050,128,32768,64,16384,noop,0,16384
stress,prefix_hit_ratio,0.5,0,69,decode,32,32,0,32,32,0,68.020,410.230,0.510,1,409.720,478.380,128,32768,64,16384,noop,0,16384
stress,prefix_hit_ratio,0.5,0,70,decode,32,32,0,32,32,0,69.380,410.540,0.810,1,409.730,480.030,128,32768,64,16384,noop,0,16384
stress,prefix_hit_ratio,0.5,0,71,decode,32,32,0,32,32,0,69.630,419.110,0.520,1,418.590,488.860,128,32768,64,16384,noop,0,16384
stress,prefix_hit_ratio,0.5,0,72,decode,32,32,0,32,32,0,71.050,413.210,0.610,1,412.600,484.400,128,32768,64,16384,noop,0,16384
stress,prefix_hit_ratio,0.5,0,73,decode,32,32,0,32,32,0,67.950,406.420,0.500,1,405.920,474.480,128,32768,64,16384,noop,0,16384
stress,prefix_hit_ratio,0.5,0,74,decode,32,32,0,32,32,0,66.880,399.310,0.460,1,398.850,466.310,128,32768,64,16384,noop,0,16384
stress,prefix_hit_ratio,0.5,0,75,decode,32,32,0,32,32,0,67.530,395.830,0.460,1,395.370,463.470,128,32768,64,16384,noop,0,16384
stress,prefix_hit_ratio,0.5,0,76,decode,32,32,0,32,32,0,66.650,399.350,0.520,1,398.830,466.130,128,32768,64,16384,noop,0,16384
stress,prefix_hit_ratio,0.5,0,77,decode,32,32,0,32,32,0,67.430,390.310,0.470,1,389.840,457.870,128,32768,64,16384,noop,0,16384
stress,prefix_hit_ratio,0.5,0,78,decode,32,32,0,32,32,0,65.650,390.990,0.510,1,390.480,456.740,128,32768,64,16384,noop,0,16384
stress,prefix_hit_ratio,0.5,0,79,decode,32,32,0,32,32,0,66.120,397.910,0.580,1,397.330,464.160,128,32768,64,16384,noop,0,16384
stress,prefix_hit_ratio,0.75,0,0,prefill,32,4156,3,29,32,0,385.570,558.540,0.800,1,557.740,944.220,128,32768,64,16384,noop,0,16384
stress,prefix_hit_ratio,0.75,0,1,decode,32,32,0,32,32,0,111.590,450.720,0.520,1,450.200,562.410,128,32768,64,16384,noop,0,16384
stress,prefix_hit_ratio,0.75,0,2,decode,32,32,0,32,32,0,72.930,433.960,0.500,1,433.460,507.020,128,32768,64,16384,noop,0,16384
stress,prefix_hit_ratio,0.75,0,3,decode,32,32,0,32,32,0,72.070,426.820,0.430,1,426.390,499.010,128,32768,64,16384,noop,0,16384
stress,prefix_hit_ratio,0.75,0,4,decode,32,32,0,32,32,0,70.440,427.720,0.420,1,427.300,498.270,128,32768,64,16384,noop,0,16384
stress,prefix_hit_ratio,0.75,0,5,decode,32,32,0,32,32,0,70.270,419.650,0.480,1,419.170,489.990,128,32768,64,16384,noop,0,16384
stress,prefix_hit_ratio,0.75,0,6,decode,32,32,0,32,32,0,70.840,421.900,0.470,1,421.430,492.860,128,32768,64,16384,noop,0,16384
stress,prefix_hit_ratio,0.75,0,7,decode,32,32,0,32,32,0,70.900,429.370,0.530,1,428.840,500.380,128,32768,64,16384,noop,0,16384
stress,prefix_hit_ratio,0.75,0,8,decode,32,32,0,32,32,0,68.670,432.150,0.450,1,431.700,500.920,128,32768,64,16384,noop,0,16384
stress,prefix_hit_ratio,0.75,0,9,decode,32,32,0,32,32,0,70.270,418.830,0.490,1,418.340,489.200,128,32768,64,16384,noop,0,16384
stress,prefix_hit_ratio,0.75,0,10,decode,32,32,0,32,32,0,69.970,419.810,0.490,1,419.320,489.880,128,32768,64,16384,noop,0,16384
stress,prefix_hit_ratio,0.75,0,11,decode,32,32,0,32,32,0,71.780,418.790,0.500,1,418.290,490.680,128,32768,64,16384,noop,0,16384
stress,prefix_hit_ratio,0.75,0,12,decode,32,32,0,32,32,0,69.580,418.110,0.470,1,417.640,487.820,128,32768,64,16384,noop,0,16384
stress,prefix_hit_ratio,0.75,0,13,decode,32,32,0,32,32,0,69.960,418.310,0.490,1,417.820,488.410,128,32768,64,16384,noop,0,16384
stress,prefix_hit_ratio,0.75,0,14,decode,32,32,0,32,32,0,71.190,438.030,0.450,1,437.580,509.360,128,32768,64,16384,noop,0,16384
stress,prefix_hit_ratio,0.75,0,15,decode,32,32,0,32,32,0,70.750,421.270,0.470,1,420.800,492.110,128,32768,64,16384,noop,0,16384
stress,prefix_hit_ratio,0.75,0,16,decode,32,32,0,32,32,0,69.920,413.200,0.420,1,412.780,483.220,128,32768,64,16384,noop,0,16384
stress,prefix_hit_ratio,0.75,0,17,decode,32,32,0,32,32,0,70.480,417.810,0.400,1,417.410,488.380,128,32768,64,16384,noop,0,16384
stress,prefix_hit_ratio,0.75,0,18,decode,32,32,0,32,32,0,71.090,418.030,0.460,1,417.570,489.220,128,32768,64,16384,noop,0,16384
stress,prefix_hit_ratio,0.75,0,19,decode,32,32,0,32,32,0,69.970,412.300,0.510,1,411.790,482.380,128,32768,64,16384,noop,0,16384
stress,prefix_hit_ratio,0.75,0,20,decode,32,32,0,32,32,0,70.600,410.410,0.450,1,409.960,481.100,128,32768,64,16384,noop,0,16384
stress,prefix_hit_ratio,0.75,0,21,decode,32,32,0,32,32,0,69.580,415.500,0.500,1,415.000,485.190,128,32768,64,16384,noop,0,16384
stress,prefix_hit_ratio,0.75,0,22,decode,32,32,0,32,32,0,70.240,408.500,0.480,1,408.020,478.840,128,32768,64,16384,noop,0,16384
stress,prefix_hit_ratio,0.75,0,23,decode,32,32,0,32,32,0,70.340,409.440,0.520,1,408.920,479.880,128,32768,64,16384,noop,0,16384
stress,prefix_hit_ratio,0.75,0,24,decode,32,32,0,32,32,0,70.550,402.870,0.440,1,402.430,473.510,128,32768,64,16384,noop,0,16384
stress,prefix_hit_ratio,0.75,0,25,decode,32,32,0,32,32,0,71.250,407.080,0.440,1,406.640,478.410,128,32768,64,16384,noop,0,16384
stress,prefix_hit_ratio,0.75,0,26,decode,32,32,0,32,32,0,71.420,402.890,0.510,1,402.380,474.390,128,32768,64,16384,noop,0,16384
stress,prefix_hit_ratio,0.75,0,27,decode,32,32,0,32,32,0,69.930,409.050,0.410,1,408.640,479.090,128,32768,64,16384,noop,0,16384
stress,prefix_hit_ratio,0.75,0,28,decode,32,32,0,32,32,0,70.240,406.580,0.510,1,406.070,476.920,128,32768,64,16384,noop,0,16384
stress,prefix_hit_ratio,0.75,0,29,decode,32,32,0,32,32,0,70.070,420.750,0.480,1,420.270,490.920,128,32768,64,16384,noop,0,16384
stress,prefix_hit_ratio,0.75,0,30,decode,32,32,0,32,32,0,70.820,402.980,0.530,1,402.450,473.930,128,32768,64,16384,noop,0,16384
stress,prefix_hit_ratio,0.75,0,31,decode,32,32,0,32,32,0,66.660,401.980,0.520,1,401.460,468.730,128,32768,64,16384,noop,0,16384
stress,prefix_hit_ratio,0.75,0,32,decode,32,32,0,32,32,0,68.790,408.300,0.460,1,407.840,477.200,128,32768,64,16384,noop,0,16384
stress,prefix_hit_ratio,0.75,0,33,decode,32,32,0,32,32,0,66.980,405.630,0.460,1,405.170,472.700,128,32768,64,16384,noop,0,16384
stress,prefix_hit_ratio,0.75,0,34,decode,32,32,0,32,32,0,68.190,961.950,1.010,1,960.940,1030.260,128,32768,64,16384,noop,0,16384
stress,prefix_hit_ratio,0.75,0,35,decode,32,32,0,32,32,0,75.550,482.320,0.560,1,481.760,557.980,128,32768,64,16384,noop,0,16384
stress,prefix_hit_ratio,0.75,0,36,decode,32,32,0,32,32,0,71.210,427.190,0.500,1,426.690,498.510,128,32768,64,16384,noop,0,16384
stress,prefix_hit_ratio,0.75,0,37,decode,32,32,0,32,32,0,68.390,411.620,0.480,1,411.140,480.110,128,32768,64,16384,noop,0,16384
stress,prefix_hit_ratio,0.75,0,38,decode,32,32,0,32,32,0,69.190,409.140,0.550,1,408.590,478.430,128,32768,64,16384,noop,0,16384
stress,prefix_hit_ratio,0.75,0,39,decode,32,32,0,32,32,0,68.970,412.740,0.540,1,412.200,481.830,128,32768,64,16384,noop,0,16384
stress,prefix_hit_ratio,0.75,0,40,decode,32,32,0,32,32,0,68.850,412.020,0.540,1,411.480,480.970,128,32768,64,16384,noop,0,16384
stress,prefix_hit_ratio,0.75,0,41,decode,32,32,0,32,32,0,68.430,410.120,0.460,1,409.660,478.660,128,32768,64,16384,noop,0,16384
stress,prefix_hit_ratio,0.75,0,42,decode,32,32,0,32,32,0,67.560,420.600,0.530,1,420.070,488.260,128,32768,64,16384,noop,0,16384
stress,prefix_hit_ratio,0.75,0,43,decode,32,32,0,32,32,0,69.590,406.770,0.510,1,406.260,476.460,128,32768,64,16384,noop,0,16384
stress,prefix_hit_ratio,0.75,0,44,decode,32,32,0,32,32,0,68.910,401.710,0.620,1,401.090,470.730,128,32768,64,16384,noop,0,16384
stress,prefix_hit_ratio,0.75,0,45,decode,32,32,0,32,32,0,70.940,406.800,0.520,1,406.280,477.840,128,32768,64,16384,noop,0,16384
stress,prefix_hit_ratio,0.75,0,46,decode,32,32,0,32,32,0,69.310,405.420,0.440,1,404.980,474.850,128,32768,64,16384,noop,0,16384
stress,prefix_hit_ratio,0.75,0,47,decode,32,32,0,32,32,0,67.950,412.060,0.650,1,411.410,480.100,128,32768,64,16384,noop,0,16384
stress,prefix_hit_ratio,0.75,0,48,decode,32,32,0,32,32,0,67.250,405.210,0.460,1,404.750,472.580,128,32768,64,16384,noop,0,16384
stress,prefix_hit_ratio,0.75,0,49,decode,32,32,0,32,32,0,67.290,405.290,0.500,1,404.790,472.680,128,32768,64,16384,noop,0,16384
stress,prefix_hit_ratio,0.75,0,50,decode,32,32,0,32,32,0,66.440,397.070,0.530,1,396.540,463.630,128,32768,64,16384,noop,0,16384
stress,prefix_hit_ratio,0.75,0,51,decode,32,32,0,32,32,0,66.430,396.250,0.540,1,395.710,462.790,128,32768,64,16384,noop,0,16384
stress,prefix_hit_ratio,0.75,0,52,decode,32,32,0,32,32,0,67.520,393.030,0.450,1,392.580,460.650,128,32768,64,16384,noop,0,16384
stress,prefix_hit_ratio,0.75,0,53,decode,32,32,0,32,32,0,66.460,389.750,0.500,1,389.250,456.330,128,32768,64,16384,noop,0,16384
stress,prefix_hit_ratio,0.75,0,54,decode,32,32,0,32,32,0,66.410,387.410,0.410,1,387.000,453.930,128,32768,64,16384,noop,0,16384
stress,prefix_hit_ratio,0.75,0,55,decode,32,32,0,32,32,0,66.720,390.970,0.480,1,390.490,457.790,128,32768,64,16384,noop,0,16384
stress,prefix_hit_ratio,0.75,0,56,decode,32,32,0,32,32,0,65.340,386.490,0.560,1,385.930,451.920,128,32768,64,16384,noop,0,16384
stress,prefix_hit_ratio,0.75,0,57,decode,32,32,0,32,32,0,68.100,397.010,0.500,1,396.510,465.200,128,32768,64,16384,noop,0,16384
stress,prefix_hit_ratio,0.75,0,58,decode,32,32,0,32,32,0,67.300,387.620,0.520,1,387.100,455.040,128,32768,64,16384,noop,0,16384
stress,prefix_hit_ratio,0.75,0,59,decode,32,32,0,32,32,0,67.950,390.840,0.480,1,390.360,458.860,128,32768,64,16384,noop,0,16384
stress,prefix_hit_ratio,0.75,0,60,decode,32,32,0,32,32,0,66.900,388.660,0.550,1,388.110,455.650,128,32768,64,16384,noop,0,16384
stress,prefix_hit_ratio,0.75,0,61,decode,32,32,0,32,32,0,67.360,394.000,0.510,1,393.490,461.480,128,32768,64,16384,noop,0,16384
stress,prefix_hit_ratio,0.75,0,62,decode,32,32,0,32,32,0,66.270,391.280,0.470,1,390.810,457.640,128,32768,64,16384,noop,0,16384
stress,prefix_hit_ratio,0.75,0,63,decode,32,32,0,32,32,0,66.650,400.340,0.580,1,399.760,467.110,128,32768,64,16384,noop,0,16384
stress,prefix_hit_ratio,0.75,0,64,decode,32,32,0,32,32,0,68.240,415.040,0.530,1,414.510,483.390,128,32768,64,16384,noop,0,16384
stress,prefix_hit_ratio,0.75,0,65,decode,32,32,0,32,32,0,68.780,400.720,0.550,1,400.170,469.580,128,32768,64,16384,noop,0,16384
stress,prefix_hit_ratio,0.75,0,66,decode,32,32,0,32,32,0,65.530,389.120,0.450,1,388.670,454.760,128,32768,64,16384,noop,0,16384
stress,prefix_hit_ratio,0.75,0,67,decode,32,32,0,32,32,0,66.320,391.830,0.400,1,391.430,458.270,128,32768,64,16384,noop,0,16384
stress,prefix_hit_ratio,0.75,0,68,decode,32,32,0,32,32,0,66.390,388.800,0.540,1,388.260,455.290,128,32768,64,16384,noop,0,16384
stress,prefix_hit_ratio,0.75,0,69,decode,32,32,0,32,32,0,65.410,388.030,0.450,1,387.580,453.530,128,32768,64,16384,noop,0,16384
stress,prefix_hit_ratio,0.75,0,70,decode,32,32,0,32,32,0,66.230,395.010,0.500,1,394.510,461.350,128,32768,64,16384,noop,0,16384
stress,prefix_hit_ratio,0.75,0,71,decode,32,32,0,32,32,0,65.880,400.340,0.450,1,399.890,466.310,128,32768,64,16384,noop,0,16384
stress,prefix_hit_ratio,0.75,0,72,decode,32,32,0,32,32,0,66.700,403.740,0.450,1,403.290,470.540,128,32768,64,16384,noop,0,16384
stress,prefix_hit_ratio,0.75,0,73,decode,32,32,0,32,32,0,66.260,394.870,0.460,1,394.410,461.220,128,32768,64,16384,noop,0,16384
stress,prefix_hit_ratio,0.75,0,74,decode,32,32,0,32,32,0,66.430,401.090,0.470,1,400.620,467.620,128,32768,64,16384,noop,0,16384
stress,prefix_hit_ratio,0.75,0,75,decode,32,32,0,32,32,0,65.910,391.400,0.430,1,390.970,457.420,128,32768,64,16384,noop,0,16384
stress,prefix_hit_ratio,0.75,0,76,decode,32,32,0,32,32,0,65.700,388.890,0.430,1,388.460,454.700,128,32768,64,16384,noop,0,16384
stress,prefix_hit_ratio,0.75,0,77,decode,32,32,0,32,32,0,65.900,385.990,0.400,1,385.590,451.980,128,32768,64,16384,noop,0,16384
stress,prefix_hit_ratio,0.75,0,78,decode,32,32,0,32,32,0,65.980,387.790,0.430,1,387.360,453.870,128,32768,64,16384,noop,0,16384
stress,prefix_hit_ratio,0.75,0,79,decode,32,32,0,32,32,0,65.260,383.430,0.410,1,383.020,448.800,128,32768,64,16384,noop,0,16384
stress,prefix_hit_ratio,1.0,0,0,prefill,32,62,1,31,32,0,194.600,443.240,0.490,1,442.750,637.950,128,32768,64,16384,noop,0,16384
stress,prefix_hit_ratio,1.0,0,1,decode,32,32,0,32,32,0,71.930,414.830,0.530,1,414.300,486.870,128,32768,64,16384,noop,0,16384
stress,prefix_hit_ratio,1.0,0,2,decode,32,32,0,32,32,0,69.900,407.460,0.530,1,406.930,477.460,128,32768,64,16384,noop,0,16384
stress,prefix_hit_ratio,1.0,0,3,decode,32,32,0,32,32,0,70.500,408.260,0.470,1,407.790,478.860,128,32768,64,16384,noop,0,16384
stress,prefix_hit_ratio,1.0,0,4,decode,32,32,0,32,32,0,69.650,404.590,0.420,1,404.170,474.350,128,32768,64,16384,noop,0,16384
stress,prefix_hit_ratio,1.0,0,5,decode,32,32,0,32,32,0,70.720,433.780,0.470,1,433.310,504.610,128,32768,64,16384,noop,0,16384
stress,prefix_hit_ratio,1.0,0,6,decode,32,32,0,32,32,0,70.120,413.210,0.440,1,412.770,483.510,128,32768,64,16384,noop,0,16384
stress,prefix_hit_ratio,1.0,0,7,decode,32,32,0,32,32,0,71.930,403.850,0.500,1,403.350,475.890,128,32768,64,16384,noop,0,16384
stress,prefix_hit_ratio,1.0,0,8,decode,32,32,0,32,32,0,70.510,411.630,0.500,1,411.130,482.240,128,32768,64,16384,noop,0,16384
stress,prefix_hit_ratio,1.0,0,9,decode,32,32,0,32,32,0,69.890,417.370,0.470,1,416.900,487.380,128,32768,64,16384,noop,0,16384
stress,prefix_hit_ratio,1.0,0,10,decode,32,32,0,32,32,0,69.120,402.420,0.440,1,401.980,471.650,128,32768,64,16384,noop,0,16384
stress,prefix_hit_ratio,1.0,0,11,decode,32,32,0,32,32,0,69.000,402.650,0.450,1,402.200,471.780,128,32768,64,16384,noop,0,16384
stress,prefix_hit_ratio,1.0,0,12,decode,32,32,0,32,32,0,71.040,421.690,0.510,1,421.180,492.910,128,32768,64,16384,noop,0,16384
stress,prefix_hit_ratio,1.0,0,13,decode,32,32,0,32,32,0,70.560,403.650,0.470,1,403.180,474.320,128,32768,64,16384,noop,0,16384
stress,prefix_hit_ratio,1.0,0,14,decode,32,32,0,32,32,0,69.670,399.020,0.440,1,398.580,468.770,128,32768,64,16384,noop,0,16384
stress,prefix_hit_ratio,1.0,0,15,decode,32,32,0,32,32,0,68.330,402.120,0.460,1,401.660,470.580,128,32768,64,16384,noop,0,16384
stress,prefix_hit_ratio,1.0,0,16,decode,32,32,0,32,32,0,68.710,402.460,0.480,1,401.980,471.290,128,32768,64,16384,noop,0,16384
stress,prefix_hit_ratio,1.0,0,17,decode,32,32,0,32,32,0,69.070,395.240,0.510,1,394.730,464.420,128,32768,64,16384,noop,0,16384
stress,prefix_hit_ratio,1.0,0,18,decode,32,32,0,32,32,0,69.520,402.810,0.470,1,402.340,472.430,128,32768,64,16384,noop,0,16384
stress,prefix_hit_ratio,1.0,0,19,decode,32,32,0,32,32,0,69.170,421.590,0.540,1,421.050,490.980,128,32768,64,16384,noop,0,16384
stress,prefix_hit_ratio,1.0,0,20,decode,32,32,0,32,32,0,71.080,408.080,0.560,1,407.520,479.250,128,32768,64,16384,noop,0,16384
stress,prefix_hit_ratio,1.0,0,21,decode,32,32,0,32,32,0,68.630,398.560,0.470,1,398.090,467.310,128,32768,64,16384,noop,0,16384
stress,prefix_hit_ratio,1.0,0,22,decode,32,32,0,32,32,0,68.790,400.880,0.460,1,400.420,469.790,128,32768,64,16384,noop,0,16384
stress,prefix_hit_ratio,1.0,0,23,decode,32,32,0,32,32,0,69.220,400.960,0.520,1,400.440,470.330,128,32768,64,16384,noop,0,16384
stress,prefix_hit_ratio,1.0,0,24,decode,32,32,0,32,32,0,68.850,395.910,0.430,1,395.480,464.860,128,32768,64,16384,noop,0,16384
stress,prefix_hit_ratio,1.0,0,25,decode,32,32,0,32,32,0,69.000,398.200,0.520,1,397.680,467.300,128,32768,64,16384,noop,0,16384
stress,prefix_hit_ratio,1.0,0,26,decode,32,32,0,32,32,0,67.740,398.990,0.480,1,398.510,466.820,128,32768,64,16384,noop,0,16384
stress,prefix_hit_ratio,1.0,0,27,decode,32,32,0,32,32,0,78.970,407.970,0.470,1,407.500,487.040,128,32768,64,16384,noop,0,16384
stress,prefix_hit_ratio,1.0,0,28,decode,32,32,0,32,32,0,69.440,406.470,0.510,1,405.960,476.010,128,32768,64,16384,noop,0,16384
stress,prefix_hit_ratio,1.0,0,29,decode,32,32,0,32,32,0,68.280,403.380,0.420,1,402.960,471.760,128,32768,64,16384,noop,0,16384
stress,prefix_hit_ratio,1.0,0,30,decode,32,32,0,32,32,0,68.480,404.740,0.530,1,404.210,473.330,128,32768,64,16384,noop,0,16384
stress,prefix_hit_ratio,1.0,0,31,decode,32,32,0,32,32,0,69.020,397.870,0.450,1,397.420,467.000,128,32768,64,16384,noop,0,16384
stress,prefix_hit_ratio,1.0,0,32,decode,32,32,0,32,32,0,68.710,399.840,0.500,1,399.340,468.680,128,32768,64,16384,noop,0,16384
stress,prefix_hit_ratio,1.0,0,33,decode,32,32,0,32,32,0,69.140,1018.780,0.650,1,1018.130,1088.020,128,32768,64,16384,noop,0,16384
stress,prefix_hit_ratio,1.0,0,34,decode,32,32,0,32,32,0,75.890,449.250,0.490,1,448.760,525.250,128,32768,64,16384,noop,0,16384
stress,prefix_hit_ratio,1.0,0,35,decode,32,32,0,32,32,0,71.880,405.050,0.470,1,404.580,477.060,128,32768,64,16384,noop,0,16384
stress,prefix_hit_ratio,1.0,0,36,decode,32,32,0,32,32,0,70.030,398.980,0.480,1,398.500,469.130,128,32768,64,16384,noop,0,16384
stress,prefix_hit_ratio,1.0,0,37,decode,32,32,0,32,32,0,69.950,403.850,0.470,1,403.380,473.890,128,32768,64,16384,noop,0,16384
stress,prefix_hit_ratio,1.0,0,38,decode,32,32,0,32,32,0,70.900,399.610,0.480,1,399.130,470.600,128,32768,64,16384,noop,0,16384
stress,prefix_hit_ratio,1.0,0,39,decode,32,32,0,32,32,0,69.040,398.940,0.480,1,398.460,468.070,128,32768,64,16384,noop,0,16384
stress,prefix_hit_ratio,1.0,0,40,decode,32,32,0,32,32,0,68.660,421.490,0.450,1,421.040,490.250,128,32768,64,16384,noop,0,16384
stress,prefix_hit_ratio,1.0,0,41,decode,32,32,0,32,32,0,69.670,405.690,0.420,1,405.270,475.450,128,32768,64,16384,noop,0,16384
stress,prefix_hit_ratio,1.0,0,42,decode,32,32,0,32,32,0,68.970,400.530,0.520,1,400.010,469.610,128,32768,64,16384,noop,0,16384
stress,prefix_hit_ratio,1.0,0,43,decode,32,32,0,32,32,0,69.260,400.790,0.580,1,400.210,470.140,128,32768,64,16384,noop,0,16384
stress,prefix_hit_ratio,1.0,0,44,decode,32,32,0,32,32,0,69.650,398.450,0.450,1,398.000,468.210,128,32768,64,16384,noop,0,16384
stress,prefix_hit_ratio,1.0,0,45,decode,32,32,0,32,32,0,69.710,397.570,0.480,1,397.090,467.400,128,32768,64,16384,noop,0,16384
stress,prefix_hit_ratio,1.0,0,46,decode,32,32,0,32,32,0,68.760,397.510,0.530,1,396.980,466.390,128,32768,64,16384,noop,0,16384
stress,prefix_hit_ratio,1.0,0,47,decode,32,32,0,32,32,0,68.880,412.330,0.460,1,411.870,481.330,128,32768,64,16384,noop,0,16384
stress,prefix_hit_ratio,1.0,0,48,decode,32,32,0,32,32,0,70.460,407.350,0.460,1,406.890,477.950,128,32768,64,16384,noop,0,16384
stress,prefix_hit_ratio,1.0,0,49,decode,32,32,0,32,32,0,69.940,403.130,0.460,1,402.670,473.170,128,32768,64,16384,noop,0,16384
stress,prefix_hit_ratio,1.0,0,50,decode,32,32,0,32,32,0,69.830,395.870,0.450,1,395.420,465.810,128,32768,64,16384,noop,0,16384
stress,prefix_hit_ratio,1.0,0,51,decode,32,32,0,32,32,0,68.340,394.030,0.540,1,393.490,462.450,128,32768,64,16384,noop,0,16384
stress,prefix_hit_ratio,1.0,0,52,decode,32,32,0,32,32,0,67.550,398.410,0.500,1,397.910,466.040,128,32768,64,16384,noop,0,16384
stress,prefix_hit_ratio,1.0,0,53,decode,32,32,0,32,32,0,68.340,391.180,0.520,1,390.660,459.640,128,32768,64,16384,noop,0,16384
stress,prefix_hit_ratio,1.0,0,54,decode,32,32,0,32,32,0,66.920,391.630,0.450,1,391.180,458.650,128,32768,64,16384,noop,0,16384
stress,prefix_hit_ratio,1.0,0,55,decode,32,32,0,32,32,0,68.420,412.040,0.460,1,411.580,480.570,128,32768,64,16384,noop,0,16384
stress,prefix_hit_ratio,1.0,0,56,decode,32,32,0,32,32,0,68.350,392.790,0.490,1,392.300,461.250,128,32768,64,16384,noop,0,16384
stress,prefix_hit_ratio,1.0,0,57,decode,32,32,0,32,32,0,67.930,389.460,0.480,1,388.980,457.500,128,32768,64,16384,noop,0,16384
stress,prefix_hit_ratio,1.0,0,58,decode,32,32,0,32,32,0,68.130,394.710,0.520,1,394.190,462.930,128,32768,64,16384,noop,0,16384
stress,prefix_hit_ratio,1.0,0,59,decode,32,32,0,32,32,0,69.330,388.050,0.440,1,387.610,457.470,128,32768,64,16384,noop,0,16384
stress,prefix_hit_ratio,1.0,0,60,decode,32,32,0,32,32,0,67.410,389.540,0.500,1,389.040,457.100,128,32768,64,16384,noop,0,16384
stress,prefix_hit_ratio,1.0,0,61,decode,32,32,0,32,32,0,66.990,390.030,0.590,1,389.440,457.120,128,32768,64,16384,noop,0,16384
stress,prefix_hit_ratio,1.0,0,62,decode,32,32,0,32,32,0,66.820,403.850,0.540,1,403.310,470.790,128,32768,64,16384,noop,0,16384
stress,prefix_hit_ratio,1.0,0,63,decode,32,32,0,32,32,0,68.290,390.890,0.510,1,390.380,459.310,128,32768,64,16384,noop,0,16384
stress,prefix_hit_ratio,1.0,0,64,decode,32,32,0,32,32,0,68.520,387.260,0.460,1,386.800,455.870,128,32768,64,16384,noop,0,16384
stress,prefix_hit_ratio,1.0,0,65,decode,32,32,0,32,32,0,68.190,390.010,0.530,1,389.480,458.290,128,32768,64,16384,noop,0,16384
stress,prefix_hit_ratio,1.0,0,66,decode,32,32,0,32,32,0,69.100,388.270,0.470,1,387.800,457.470,128,32768,64,16384,noop,0,16384
stress,prefix_hit_ratio,1.0,0,67,decode,32,32,0,32,32,0,68.530,386.010,0.500,1,385.510,454.660,128,32768,64,16384,noop,0,16384
stress,prefix_hit_ratio,1.0,0,68,decode,32,32,0,32,32,0,68.530,388.800,0.480,1,388.320,457.440,128,32768,64,16384,noop,0,16384
stress,prefix_hit_ratio,1.0,0,69,decode,32,32,0,32,32,0,69.090,393.590,0.490,1,393.100,462.800,128,32768,64,16384,noop,0,16384
stress,prefix_hit_ratio,1.0,0,70,decode,32,32,0,32,32,0,68.980,416.940,0.530,1,416.410,486.050,128,32768,64,16384,noop,0,16384
stress,prefix_hit_ratio,1.0,0,71,decode,32,32,0,32,32,0,69.120,394.320,0.480,1,393.840,463.530,128,32768,64,16384,noop,0,16384
stress,prefix_hit_ratio,1.0,0,72,decode,32,32,0,32,32,0,70.020,396.140,0.520,1,395.620,466.270,128,32768,64,16384,noop,0,16384
stress,prefix_hit_ratio,1.0,0,73,decode,32,32,0,32,32,0,67.570,403.360,0.560,1,402.800,471.040,128,32768,64,16384,noop,0,16384
stress,prefix_hit_ratio,1.0,0,74,decode,32,32,0,32,32,0,69.090,400.020,0.570,1,399.450,469.210,128,32768,64,16384,noop,0,16384
stress,prefix_hit_ratio,1.0,0,75,decode,32,32,0,32,32,0,69.120,387.290,0.510,1,386.780,456.500,128,32768,64,16384,noop,0,16384
stress,prefix_hit_ratio,1.0,0,76,decode,32,32,0,32,32,0,67.660,389.780,0.530,1,389.250,457.530,128,32768,64,16384,noop,0,16384
stress,prefix_hit_ratio,1.0,0,77,decode,32,32,0,32,32,0,68.440,400.800,0.510,1,400.290,469.370,128,32768,64,16384,noop,0,16384
stress,prefix_hit_ratio,1.0,0,78,decode,32,32,0,32,32,0,67.720,389.630,0.490,1,389.140,457.480,128,32768,64,16384,noop,0,16384
stress,prefix_hit_ratio,1.0,0,79,decode,32,32,0,32,32,0,68.170,384.200,0.480,1,383.720,452.470,128,32768,64,16384,noop,0,16384
