dim,value,repeat,step,phase,num_reqs,total_scheduled_tokens,n_prefill,n_decode,logits_indices_len,has_spec_decode,update_states_us,prepare_inputs_us,triton_cpu_us,triton_launches,pi_net_us,scope_total_us,block_size,max_model_batched_tokens,warmup
isl,128,0,0,decode,16,16,0,16,16,0,47.340,599.690,108.170,1,491.520,647.210,128,16384,3
isl,128,0,1,decode,16,16,0,16,16,0,48.900,531.260,100.520,1,430.740,580.300,128,16384,3
isl,128,0,2,decode,16,16,0,16,16,0,46.400,519.130,100.420,1,418.710,565.660,128,16384,3
isl,128,0,3,decode,16,16,0,16,16,0,45.660,504.370,92.550,1,411.820,550.150,128,16384,3
isl,128,0,4,decode,16,16,0,16,16,0,44.090,500.750,93.540,1,407.210,544.940,128,16384,3
isl,128,0,5,decode,16,16,0,16,16,0,45.300,501.160,92.290,1,408.870,546.560,128,16384,3
isl,128,0,6,decode,16,16,0,16,16,0,44.090,564.070,154.240,1,409.830,608.290,128,16384,3
isl,128,0,7,decode,16,16,0,16,16,0,45.620,514.380,94.470,1,419.910,560.120,128,16384,3
isl,128,0,8,decode,16,16,0,16,16,0,45.400,511.410,94.730,1,416.680,556.930,128,16384,3
isl,128,0,9,decode,16,16,0,16,16,0,44.140,501.060,95.430,1,405.630,545.300,128,16384,3
isl,128,0,10,decode,16,16,0,16,16,0,45.040,504.350,98.980,1,405.370,549.500,128,16384,3
isl,128,0,11,decode,16,16,0,16,16,0,45.060,607.480,195.110,1,412.370,652.650,128,16384,3
isl,128,0,12,decode,16,16,0,16,16,0,44.660,514.570,95.230,1,419.340,559.340,128,16384,3
isl,128,0,13,decode,16,16,0,16,16,0,48.150,520.290,95.410,1,424.880,568.560,128,16384,3
isl,128,0,14,decode,16,16,0,16,16,0,44.560,501.870,91.420,1,410.450,546.540,128,16384,3
isl,128,0,15,decode,16,16,0,16,16,0,44.740,493.180,90.710,1,402.470,538.050,128,16384,3
isl,128,0,16,decode,16,16,0,16,16,0,44.830,495.870,91.890,1,403.980,540.830,128,16384,3
isl,128,0,17,decode,16,16,0,16,16,0,45.330,496.820,91.040,1,405.780,542.250,128,16384,3
isl,128,0,18,decode,16,16,0,16,16,0,44.940,496.800,91.310,1,405.490,541.860,128,16384,3
isl,128,0,19,decode,16,16,0,16,16,0,45.160,560.570,98.010,1,462.560,605.830,128,16384,3
isl,128,0,20,decode,16,16,0,16,16,0,46.780,502.910,92.570,1,410.340,549.790,128,16384,3
isl,128,0,21,decode,16,16,0,16,16,0,47.070,495.540,90.160,1,405.380,542.710,128,16384,3
isl,128,0,22,decode,16,16,0,16,16,0,45.420,496.250,91.900,1,404.350,541.760,128,16384,3
isl,128,0,23,decode,16,16,0,16,16,0,46.850,502.330,94.480,1,407.850,549.330,128,16384,3
isl,128,0,24,decode,16,16,0,16,16,0,45.710,493.990,90.550,1,403.440,539.830,128,16384,3
isl,128,0,25,decode,16,16,0,16,16,0,45.450,497.200,92.180,1,405.020,542.760,128,16384,3
isl,128,0,26,decode,16,16,0,16,16,0,103.370,516.950,93.260,1,423.690,620.430,128,16384,3
isl,128,0,27,decode,16,16,0,16,16,0,46.370,498.500,93.530,1,404.970,544.970,128,16384,3
isl,128,0,28,decode,16,16,0,16,16,0,45.610,496.280,91.530,1,404.750,542.000,128,16384,3
isl,128,0,29,decode,16,16,0,16,16,0,46.250,494.580,91.230,1,403.350,540.930,128,16384,3
isl,128,0,30,decode,16,16,0,16,16,0,45.980,496.180,91.680,1,404.500,542.280,128,16384,3
isl,128,0,31,decode,16,16,0,16,16,0,45.200,489.390,89.520,1,399.870,534.700,128,16384,3
isl,128,0,32,decode,16,16,0,16,16,0,46.430,556.270,96.870,1,459.400,602.860,128,16384,3
isl,128,0,33,decode,16,16,0,16,16,0,46.630,500.460,94.210,1,406.250,547.170,128,16384,3
isl,128,0,34,decode,16,16,0,16,16,0,45.820,492.690,91.040,1,401.650,538.600,128,16384,3
isl,128,0,35,decode,16,16,0,16,16,0,45.400,491.460,92.010,1,399.450,536.970,128,16384,3
isl,128,0,36,decode,16,16,0,16,16,0,46.410,499.610,91.880,1,407.730,546.120,128,16384,3
isl,128,0,37,decode,16,16,0,16,16,0,47.310,494.520,91.710,1,402.810,541.990,128,16384,3
isl,128,0,38,decode,16,16,0,16,16,0,45.790,490.990,90.300,1,400.690,536.890,128,16384,3
isl,128,0,39,decode,16,16,0,16,16,0,95.390,513.940,94.660,1,419.280,609.510,128,16384,3
isl,128,0,40,decode,16,16,0,16,16,0,46.760,493.770,91.230,1,402.540,540.660,128,16384,3
isl,128,0,41,decode,16,16,0,16,16,0,46.220,488.920,90.020,1,398.900,535.280,128,16384,3
isl,128,0,42,decode,16,16,0,16,16,0,46.570,496.530,91.160,1,405.370,543.220,128,16384,3
isl,128,0,43,decode,16,16,0,16,16,0,47.060,500.040,91.360,1,408.680,547.220,128,16384,3
isl,128,0,44,decode,16,16,0,16,16,0,46.970,492.370,89.570,1,402.800,539.450,128,16384,3
isl,128,0,45,decode,16,16,0,16,16,0,46.590,551.800,96.510,1,455.290,598.530,128,16384,3
isl,128,0,46,decode,16,16,0,16,16,0,47.420,502.350,92.400,1,409.950,549.870,128,16384,3
isl,128,0,47,decode,16,16,0,16,16,0,46.320,494.880,91.810,1,403.070,541.320,128,16384,3
isl,128,0,48,decode,16,16,0,16,16,0,46.900,490.820,89.850,1,400.970,537.830,128,16384,3
isl,128,0,49,decode,16,16,0,16,16,0,46.170,499.470,91.770,1,407.700,545.740,128,16384,3
isl,128,0,50,decode,16,16,0,16,16,0,45.580,498.020,91.710,1,406.310,543.700,128,16384,3
isl,128,0,51,decode,16,16,0,16,16,0,46.380,495.240,91.060,1,404.180,541.750,128,16384,3
isl,128,0,52,decode,16,16,0,16,16,0,46.180,628.890,94.610,1,534.280,675.170,128,16384,3
isl,128,0,53,decode,16,16,0,16,16,0,46.750,495.600,91.490,1,404.110,542.490,128,16384,3
isl,128,0,54,decode,16,16,0,16,16,0,48.470,506.480,93.560,1,412.920,555.100,128,16384,3
isl,128,0,55,decode,16,16,0,16,16,0,47.310,501.710,90.580,1,411.130,549.110,128,16384,3
isl,128,0,56,decode,16,16,0,16,16,0,47.300,497.950,93.740,1,404.210,545.400,128,16384,3
isl,128,0,57,decode,16,16,0,16,16,0,46.450,501.520,91.460,1,410.060,548.060,128,16384,3
isl,128,0,58,decode,16,16,0,16,16,0,45.940,554.460,96.040,1,458.420,600.520,128,16384,3
isl,128,0,59,decode,16,16,0,16,16,0,47.430,501.710,93.190,1,408.520,549.240,128,16384,3
isl,128,0,60,decode,16,16,0,16,16,0,48.440,507.440,96.260,1,411.180,556.010,128,16384,3
isl,128,0,61,decode,16,16,0,16,16,0,47.310,505.620,93.540,1,412.080,553.020,128,16384,3
isl,128,0,62,decode,16,16,0,16,16,0,48.190,513.800,94.840,1,418.960,562.100,128,16384,3
isl,128,0,63,decode,16,16,0,16,16,0,48.290,509.520,96.180,1,413.340,557.920,128,16384,3
isl,128,0,64,decode,16,16,0,16,16,0,48.570,563.580,144.680,1,418.900,612.350,128,16384,3
isl,128,0,65,decode,16,16,0,16,16,0,47.700,520.470,96.330,1,424.140,568.280,128,16384,3
isl,128,0,66,decode,16,16,0,16,16,0,47.580,508.730,91.990,1,416.740,556.420,128,16384,3
isl,128,0,67,decode,16,16,0,16,16,0,46.660,504.280,92.260,1,412.020,551.050,128,16384,3
isl,128,0,68,decode,16,16,0,16,16,0,46.760,504.680,93.360,1,411.320,551.540,128,16384,3
isl,128,0,69,decode,16,16,0,16,16,0,46.870,497.020,91.190,1,405.830,544.020,128,16384,3
isl,128,0,70,decode,16,16,0,16,16,0,47.160,496.020,91.460,1,404.560,543.290,128,16384,3
isl,128,0,71,decode,16,16,0,16,16,0,46.780,554.340,93.550,1,460.790,601.260,128,16384,3
isl,128,0,72,decode,16,16,0,16,16,0,48.330,510.610,93.900,1,416.710,559.050,128,16384,3
isl,128,0,73,decode,16,16,0,16,16,0,47.200,496.240,90.730,1,405.510,543.550,128,16384,3
isl,128,0,74,decode,16,16,0,16,16,0,45.950,507.050,92.830,1,414.220,553.160,128,16384,3
isl,128,0,75,decode,16,16,0,16,16,0,48.390,501.500,91.710,1,409.790,550.000,128,16384,3
isl,128,0,76,decode,16,16,0,16,16,0,46.910,495.180,91.750,1,403.430,542.200,128,16384,3
isl,128,0,77,decode,16,16,0,16,16,0,47.060,561.200,98.210,1,462.990,608.400,128,16384,3
isl,128,0,78,decode,16,16,0,16,16,0,47.560,502.120,92.560,1,409.560,549.810,128,16384,3
isl,128,0,79,decode,16,16,0,16,16,0,46.270,498.940,92.450,1,406.490,545.280,128,16384,3
isl,512,0,0,decode,16,16,0,16,16,0,49.670,595.790,100.820,1,494.970,645.570,128,16384,3
isl,512,0,1,decode,16,16,0,16,16,0,51.260,516.660,92.570,1,424.090,568.030,128,16384,3
isl,512,0,2,decode,16,16,0,16,16,0,47.890,512.340,92.290,1,420.050,560.330,128,16384,3
isl,512,0,3,decode,16,16,0,16,16,0,48.600,512.930,91.520,1,421.410,561.660,128,16384,3
isl,512,0,4,decode,16,16,0,16,16,0,47.560,508.270,90.750,1,417.520,555.940,128,16384,3
isl,512,0,5,decode,16,16,0,16,16,0,48.440,516.910,91.550,1,425.360,565.460,128,16384,3
isl,512,0,6,decode,16,16,0,16,16,0,47.680,536.760,95.290,1,441.470,584.550,128,16384,3
isl,512,0,7,decode,16,16,0,16,16,0,49.150,526.290,92.630,1,433.660,575.550,128,16384,3
isl,512,0,8,decode,16,16,0,16,16,0,47.910,513.360,95.880,1,417.480,561.380,128,16384,3
isl,512,0,9,decode,16,16,0,16,16,0,47.920,523.620,94.570,1,429.050,571.660,128,16384,3
isl,512,0,10,decode,16,16,0,16,16,0,47.860,508.480,91.240,1,417.240,556.450,128,16384,3
isl,512,0,11,decode,16,16,0,16,16,0,47.840,507.400,91.640,1,415.760,555.370,128,16384,3
isl,512,0,12,decode,16,16,0,16,16,0,47.510,526.310,91.420,1,434.890,573.950,128,16384,3
isl,512,0,13,decode,16,16,0,16,16,0,47.870,558.080,93.800,1,464.280,606.080,128,16384,3
isl,512,0,14,decode,16,16,0,16,16,0,47.160,507.880,90.330,1,417.550,555.150,128,16384,3
isl,512,0,15,decode,16,16,0,16,16,0,47.000,512.160,91.580,1,420.580,559.290,128,16384,3
isl,512,0,16,decode,16,16,0,16,16,0,47.280,504.550,90.480,1,414.070,552.030,128,16384,3
isl,512,0,17,decode,16,16,0,16,16,0,46.720,505.440,90.920,1,414.520,552.260,128,16384,3
isl,512,0,18,decode,16,16,0,16,16,0,47.540,508.690,90.560,1,418.130,556.350,128,16384,3
isl,512,0,19,decode,16,16,0,16,16,0,46.840,563.400,132.220,1,431.180,610.330,128,16384,3
isl,512,0,20,decode,16,16,0,16,16,0,47.530,516.970,92.200,1,424.770,564.620,128,16384,3
isl,512,0,21,decode,16,16,0,16,16,0,47.390,507.250,89.980,1,417.270,554.750,128,16384,3
isl,512,0,22,decode,16,16,0,16,16,0,47.810,506.380,91.420,1,414.960,554.300,128,16384,3
isl,512,0,23,decode,16,16,0,16,16,0,47.610,505.010,90.870,1,414.140,552.760,128,16384,3
isl,512,0,24,decode,16,16,0,16,16,0,47.240,504.610,89.980,1,414.630,551.980,128,16384,3
isl,512,0,25,decode,16,16,0,16,16,0,47.850,525.190,94.710,1,430.480,573.150,128,16384,3
isl,512,0,26,decode,16,16,0,16,16,0,49.300,567.250,94.080,1,473.170,616.680,128,16384,3
isl,512,0,27,decode,16,16,0,16,16,0,48.530,510.000,91.440,1,418.560,558.630,128,16384,3
isl,512,0,28,decode,16,16,0,16,16,0,48.280,508.790,91.560,1,417.230,557.180,128,16384,3
isl,512,0,29,decode,16,16,0,16,16,0,47.460,509.020,90.660,1,418.360,556.620,128,16384,3
isl,512,0,30,decode,16,16,0,16,16,0,47.840,507.600,90.800,1,416.800,555.550,128,16384,3
isl,512,0,31,decode,16,16,0,16,16,0,48.180,510.730,91.590,1,419.140,559.000,128,16384,3
isl,512,0,32,decode,16,16,0,16,16,0,97.160,576.050,98.120,1,477.930,673.320,128,16384,3
isl,512,0,33,decode,16,16,0,16,16,0,49.030,513.960,91.690,1,422.270,563.120,128,16384,3
isl,512,0,34,decode,16,16,0,16,16,0,48.240,522.250,94.200,1,428.050,570.630,128,16384,3
isl,512,0,35,decode,16,16,0,16,16,0,48.460,524.050,93.320,1,430.730,572.760,128,16384,3
isl,512,0,36,decode,16,16,0,16,16,0,47.520,509.150,91.550,1,417.600,556.820,128,16384,3
isl,512,0,37,decode,16,16,0,16,16,0,46.300,507.210,91.680,1,415.530,553.680,128,16384,3
isl,512,0,38,decode,16,16,0,16,16,0,47.560,524.890,91.680,1,433.210,572.600,128,16384,3
isl,512,0,39,decode,16,16,0,16,16,0,87.260,516.920,90.680,1,426.240,604.330,128,16384,3
isl,512,0,40,decode,16,16,0,16,16,0,47.650,507.730,91.810,1,415.920,555.500,128,16384,3
isl,512,0,41,decode,16,16,0,16,16,0,47.910,508.360,91.520,1,416.840,556.430,128,16384,3
isl,512,0,42,decode,16,16,0,16,16,0,47.560,530.350,93.590,1,436.760,578.060,128,16384,3
isl,512,0,43,decode,16,16,0,16,16,0,49.780,508.230,90.340,1,417.890,558.100,128,16384,3
isl,512,0,44,decode,16,16,0,16,16,0,46.280,524.660,95.300,1,429.360,571.080,128,16384,3
isl,512,0,45,decode,16,16,0,16,16,0,48.500,563.690,94.310,1,469.380,612.390,128,16384,3
isl,512,0,46,decode,16,16,0,16,16,0,48.150,507.940,90.440,1,417.500,556.290,128,16384,3
isl,512,0,47,decode,16,16,0,16,16,0,48.680,511.660,92.820,1,418.840,560.440,128,16384,3
isl,512,0,48,decode,16,16,0,16,16,0,47.010,513.060,91.150,1,421.910,560.270,128,16384,3
isl,512,0,49,decode,16,16,0,16,16,0,47.140,509.380,92.200,1,417.180,556.700,128,16384,3
isl,512,0,50,decode,16,16,0,16,16,0,46.210,500.120,91.240,1,408.880,546.420,128,16384,3
isl,512,0,51,decode,16,16,0,16,16,0,58.660,546.890,93.510,1,453.380,605.660,128,16384,3
isl,512,0,52,decode,16,16,0,16,16,0,46.310,510.810,94.330,1,416.480,557.290,128,16384,3
isl,512,0,53,decode,16,16,0,16,16,0,46.590,502.970,92.840,1,410.130,549.640,128,16384,3
isl,512,0,54,decode,16,16,0,16,16,0,46.340,503.350,91.980,1,411.370,549.840,128,16384,3
isl,512,0,55,decode,16,16,0,16,16,0,47.450,500.630,91.510,1,409.120,548.220,128,16384,3
isl,512,0,56,decode,16,16,0,16,16,0,47.040,495.060,92.470,1,402.590,542.250,128,16384,3
isl,512,0,57,decode,16,16,0,16,16,0,46.090,509.010,91.860,1,417.150,555.240,128,16384,3
isl,512,0,58,decode,16,16,0,16,16,0,47.780,558.830,95.440,1,463.390,606.770,128,16384,3
isl,512,0,59,decode,16,16,0,16,16,0,47.050,507.990,92.260,1,415.730,555.190,128,16384,3
isl,512,0,60,decode,16,16,0,16,16,0,46.190,501.670,92.270,1,409.400,548.020,128,16384,3
isl,512,0,61,decode,16,16,0,16,16,0,47.000,501.280,91.390,1,409.890,548.460,128,16384,3
isl,512,0,62,decode,16,16,0,16,16,0,46.810,497.230,89.960,1,407.270,544.230,128,16384,3
isl,512,0,63,decode,16,16,0,16,16,0,46.080,491.270,89.960,1,401.310,537.500,128,16384,3
isl,512,0,64,decode,16,16,0,16,16,0,60.400,503.540,91.060,1,412.480,564.130,128,16384,3
isl,512,0,65,decode,16,16,0,16,16,0,48.180,514.890,93.290,1,421.600,563.240,128,16384,3
isl,512,0,66,decode,16,16,0,16,16,0,46.930,497.050,90.560,1,406.490,544.180,128,16384,3
isl,512,0,67,decode,16,16,0,16,16,0,46.830,501.450,88.790,1,412.660,548.480,128,16384,3
isl,512,0,68,decode,16,16,0,16,16,0,46.190,498.240,89.630,1,408.610,544.590,128,16384,3
isl,512,0,69,decode,16,16,0,16,16,0,47.210,497.670,91.280,1,406.390,545.040,128,16384,3
isl,512,0,70,decode,16,16,0,16,16,0,47.380,518.510,92.840,1,425.670,566.080,128,16384,3
isl,512,0,71,decode,16,16,0,16,16,0,46.550,548.830,94.620,1,454.210,595.510,128,16384,3
isl,512,0,72,decode,16,16,0,16,16,0,47.030,499.280,91.250,1,408.030,546.470,128,16384,3
isl,512,0,73,decode,16,16,0,16,16,0,47.150,509.130,98.300,1,410.830,556.400,128,16384,3
isl,512,0,74,decode,16,16,0,16,16,0,46.370,496.120,90.940,1,405.180,542.690,128,16384,3
isl,512,0,75,decode,16,16,0,16,16,0,46.110,502.480,91.790,1,410.690,548.770,128,16384,3
isl,512,0,76,decode,16,16,0,16,16,0,46.390,497.210,91.260,1,405.950,543.800,128,16384,3
isl,512,0,77,decode,16,16,0,16,16,0,59.340,500.070,90.080,1,409.990,559.600,128,16384,3
isl,512,0,78,decode,16,16,0,16,16,0,46.020,542.740,91.540,1,451.200,588.940,128,16384,3
isl,512,0,79,decode,16,16,0,16,16,0,46.960,497.940,91.350,1,406.590,545.040,128,16384,3
isl,1024,0,0,decode,16,16,0,16,16,0,52.530,524.300,95.700,1,428.600,577.000,128,16384,3
isl,1024,0,1,decode,16,16,0,16,16,0,48.900,519.200,94.820,1,424.380,568.250,128,16384,3
isl,1024,0,2,decode,16,16,0,16,16,0,48.100,528.930,95.660,1,433.270,577.230,128,16384,3
isl,1024,0,3,decode,16,16,0,16,16,0,48.440,554.660,134.160,1,420.500,603.240,128,16384,3
isl,1024,0,4,decode,16,16,0,16,16,0,47.820,520.570,95.020,1,425.550,568.570,128,16384,3
isl,1024,0,5,decode,16,16,0,16,16,0,47.250,508.480,91.660,1,416.820,555.890,128,16384,3
isl,1024,0,6,decode,16,16,0,16,16,0,47.350,506.040,92.340,1,413.700,553.590,128,16384,3
isl,1024,0,7,decode,16,16,0,16,16,0,45.830,507.150,91.670,1,415.480,553.180,128,16384,3
isl,1024,0,8,decode,16,16,0,16,16,0,47.710,521.560,105.500,1,416.060,569.460,128,16384,3
isl,1024,0,9,decode,16,16,0,16,16,0,46.140,511.720,92.470,1,419.250,558.050,128,16384,3
isl,1024,0,10,decode,16,16,0,16,16,0,47.630,558.680,95.480,1,463.200,606.430,128,16384,3
isl,1024,0,11,decode,16,16,0,16,16,0,47.260,510.010,93.900,1,416.110,557.450,128,16384,3
isl,1024,0,12,decode,16,16,0,16,16,0,46.620,508.610,91.590,1,417.020,555.430,128,16384,3
isl,1024,0,13,decode,16,16,0,16,16,0,46.220,508.190,92.830,1,415.360,554.560,128,16384,3
isl,1024,0,14,decode,16,16,0,16,16,0,46.060,511.100,92.910,1,418.190,557.310,128,16384,3
isl,1024,0,15,decode,16,16,0,16,16,0,46.870,656.860,95.890,1,560.970,703.910,128,16384,3
isl,1024,0,16,decode,16,16,0,16,16,0,47.890,559.030,95.820,1,463.210,607.080,128,16384,3
isl,1024,0,17,decode,16,16,0,16,16,0,47.550,509.550,91.500,1,418.050,557.250,128,16384,3
isl,1024,0,18,decode,16,16,0,16,16,0,45.860,510.340,92.470,1,417.870,556.330,128,16384,3
isl,1024,0,19,decode,16,16,0,16,16,0,46.560,505.170,91.380,1,413.790,551.900,128,16384,3
isl,1024,0,20,decode,16,16,0,16,16,0,47.140,516.220,93.890,1,422.330,563.470,128,16384,3
isl,1024,0,21,decode,16,16,0,16,16,0,46.340,528.040,94.120,1,433.920,574.570,128,16384,3
isl,1024,0,22,decode,16,16,0,16,16,0,47.240,511.520,91.160,1,420.360,558.960,128,16384,3
isl,1024,0,23,decode,16,16,0,16,16,0,47.770,521.350,94.280,1,427.070,569.200,128,16384,3
isl,1024,0,24,decode,16,16,0,16,16,0,46.830,507.140,92.440,1,414.700,554.120,128,16384,3
isl,1024,0,25,decode,16,16,0,16,16,0,46.990,504.370,91.810,1,412.560,551.540,128,16384,3
isl,1024,0,26,decode,16,16,0,16,16,0,47.430,506.700,92.420,1,414.280,554.280,128,16384,3
isl,1024,0,27,decode,16,16,0,16,16,0,47.590,516.430,104.030,1,412.400,564.190,128,16384,3
isl,1024,0,28,decode,16,16,0,16,16,0,47.010,509.690,92.970,1,416.720,556.840,128,16384,3
isl,1024,0,29,decode,16,16,0,16,16,0,45.920,553.980,94.840,1,459.140,600.060,128,16384,3
isl,1024,0,30,decode,16,16,0,16,16,0,47.010,506.560,90.900,1,415.660,553.770,128,16384,3
isl,1024,0,31,decode,16,16,0,16,16,0,46.980,506.160,91.370,1,414.790,553.290,128,16384,3
isl,1024,0,32,decode,16,16,0,16,16,0,46.740,503.310,91.920,1,411.390,550.230,128,16384,3
isl,1024,0,33,decode,16,16,0,16,16,0,46.410,506.350,93.020,1,413.330,552.950,128,16384,3
isl,1024,0,34,decode,16,16,0,16,16,0,47.050,523.950,93.240,1,430.710,571.150,128,16384,3
isl,1024,0,35,decode,16,16,0,16,16,0,47.810,508.750,93.270,1,415.480,556.760,128,16384,3
isl,1024,0,36,decode,16,16,0,16,16,0,48.340,522.990,93.230,1,429.760,571.460,128,16384,3
isl,1024,0,37,decode,16,16,0,16,16,0,47.070,505.980,92.680,1,413.300,553.210,128,16384,3
isl,1024,0,38,decode,16,16,0,16,16,0,47.560,504.180,90.430,1,413.750,551.910,128,16384,3
isl,1024,0,39,decode,16,16,0,16,16,0,48.390,506.520,91.640,1,414.880,555.080,128,16384,3
isl,1024,0,40,decode,16,16,0,16,16,0,47.110,524.690,97.500,1,427.190,571.910,128,16384,3
isl,1024,0,41,decode,16,16,0,16,16,0,48.840,509.940,91.820,1,418.120,558.980,128,16384,3
isl,1024,0,42,decode,16,16,0,16,16,0,47.410,554.960,94.690,1,460.270,602.550,128,16384,3
isl,1024,0,43,decode,16,16,0,16,16,0,47.260,506.840,91.950,1,414.890,554.210,128,16384,3
isl,1024,0,44,decode,16,16,0,16,16,0,47.070,509.310,90.950,1,418.360,556.540,128,16384,3
isl,1024,0,45,decode,16,16,0,16,16,0,45.990,509.790,90.680,1,419.110,555.890,128,16384,3
isl,1024,0,46,decode,16,16,0,16,16,0,47.210,509.460,92.110,1,417.350,556.890,128,16384,3
isl,1024,0,47,decode,16,16,0,16,16,0,48.160,534.350,92.250,1,442.100,582.690,128,16384,3
isl,1024,0,48,decode,16,16,0,16,16,0,47.170,550.600,91.760,1,458.840,597.880,128,16384,3
isl,1024,0,49,decode,16,16,0,16,16,0,47.260,513.550,92.220,1,421.330,560.910,128,16384,3
isl,1024,0,50,decode,16,16,0,16,16,0,46.760,509.190,100.060,1,409.130,556.100,128,16384,3
isl,1024,0,51,decode,16,16,0,16,16,0,46.750,498.260,91.790,1,406.470,545.130,128,16384,3
isl,1024,0,52,decode,16,16,0,16,16,0,45.890,495.480,91.280,1,404.200,541.530,128,16384,3
isl,1024,0,53,decode,16,16,0,16,16,0,48.420,509.280,93.820,1,415.460,557.870,128,16384,3
isl,1024,0,54,decode,16,16,0,16,16,0,46.540,495.700,90.520,1,405.180,542.390,128,16384,3
isl,1024,0,55,decode,16,16,0,16,16,0,47.500,542.290,94.970,1,447.320,589.900,128,16384,3
isl,1024,0,56,decode,16,16,0,16,16,0,46.250,495.500,91.470,1,404.030,541.890,128,16384,3
isl,1024,0,57,decode,16,16,0,16,16,0,46.540,496.150,91.860,1,404.290,542.850,128,16384,3
isl,1024,0,58,decode,16,16,0,16,16,0,47.600,497.810,92.770,1,405.040,545.550,128,16384,3
isl,1024,0,59,decode,16,16,0,16,16,0,47.160,493.190,91.420,1,401.770,540.460,128,16384,3
isl,1024,0,60,decode,16,16,0,16,16,0,47.980,812.180,382.020,1,430.160,860.300,128,16384,3
isl,1024,0,61,decode,16,16,0,16,16,0,50.770,585.340,103.000,1,482.340,636.270,128,16384,3
isl,1024,0,62,decode,16,16,0,16,16,0,49.720,514.620,94.700,1,419.920,564.500,128,16384,3
isl,1024,0,63,decode,16,16,0,16,16,0,47.620,511.700,96.020,1,415.680,559.480,128,16384,3
isl,1024,0,64,decode,16,16,0,16,16,0,46.620,496.970,91.330,1,405.640,543.780,128,16384,3
isl,1024,0,65,decode,16,16,0,16,16,0,46.930,501.830,92.080,1,409.750,548.940,128,16384,3
isl,1024,0,66,decode,16,16,0,16,16,0,48.850,515.950,101.730,1,414.220,564.950,128,16384,3
isl,1024,0,67,decode,16,16,0,16,16,0,47.290,498.780,92.270,1,406.510,546.220,128,16384,3
isl,1024,0,68,decode,16,16,0,16,16,0,48.630,509.030,92.300,1,416.730,557.820,128,16384,3
isl,1024,0,69,decode,16,16,0,16,16,0,46.580,496.710,92.420,1,404.290,543.460,128,16384,3
isl,1024,0,70,decode,16,16,0,16,16,0,47.100,505.530,92.600,1,412.930,552.820,128,16384,3
isl,1024,0,71,decode,16,16,0,16,16,0,46.740,502.750,92.670,1,410.080,549.670,128,16384,3
isl,1024,0,72,decode,16,16,0,16,16,0,48.340,519.140,94.440,1,424.700,567.580,128,16384,3
isl,1024,0,73,decode,16,16,0,16,16,0,47.830,499.020,91.040,1,407.980,547.020,128,16384,3
isl,1024,0,74,decode,16,16,0,16,16,0,46.790,547.830,96.480,1,451.350,594.830,128,16384,3
isl,1024,0,75,decode,16,16,0,16,16,0,48.630,498.550,91.900,1,406.650,547.320,128,16384,3
isl,1024,0,76,decode,16,16,0,16,16,0,47.130,498.680,92.120,1,406.560,545.890,128,16384,3
isl,1024,0,77,decode,16,16,0,16,16,0,46.290,496.280,92.180,1,404.100,542.720,128,16384,3
isl,1024,0,78,decode,16,16,0,16,16,0,49.170,507.250,93.890,1,413.360,556.630,128,16384,3
isl,1024,0,79,decode,16,16,0,16,16,0,48.840,502.990,92.690,1,410.300,551.970,128,16384,3
isl,2048,0,0,decode,16,16,0,16,16,0,55.280,543.180,98.200,1,444.980,598.650,128,16384,3
isl,2048,0,1,decode,16,16,0,16,16,0,52.770,527.060,94.160,1,432.900,580.030,128,16384,3
isl,2048,0,2,decode,16,16,0,16,16,0,49.580,520.570,97.620,1,422.950,570.320,128,16384,3
isl,2048,0,3,decode,16,16,0,16,16,0,49.020,534.750,95.840,1,438.910,583.960,128,16384,3
isl,2048,0,4,decode,16,16,0,16,16,0,48.930,514.180,92.850,1,421.330,563.260,128,16384,3
isl,2048,0,5,decode,16,16,0,16,16,0,48.120,518.200,91.990,1,426.210,566.500,128,16384,3
isl,2048,0,6,decode,16,16,0,16,16,0,49.230,533.690,96.110,1,437.580,583.070,128,16384,3
isl,2048,0,7,decode,16,16,0,16,16,0,48.850,517.950,94.000,1,423.950,567.000,128,16384,3
isl,2048,0,8,decode,16,16,0,16,16,0,47.580,516.130,93.870,1,422.260,563.870,128,16384,3
isl,2048,0,9,decode,16,16,0,16,16,0,47.990,531.130,95.200,1,435.930,579.280,128,16384,3
isl,2048,0,10,decode,16,16,0,16,16,0,48.770,517.660,94.160,1,423.500,566.590,128,16384,3
isl,2048,0,11,decode,16,16,0,16,16,0,48.340,515.940,92.700,1,423.240,564.450,128,16384,3
isl,2048,0,12,decode,16,16,0,16,16,0,48.190,567.040,97.180,1,469.860,615.400,128,16384,3
isl,2048,0,13,decode,16,16,0,16,16,0,48.420,512.990,92.600,1,420.390,561.570,128,16384,3
isl,2048,0,14,decode,16,16,0,16,16,0,48.550,511.750,92.700,1,419.050,560.450,128,16384,3
isl,2048,0,15,decode,16,16,0,16,16,0,48.220,506.130,90.990,1,415.140,554.560,128,16384,3
isl,2048,0,16,decode,16,16,0,16,16,0,58.670,519.390,93.140,1,426.250,578.210,128,16384,3
isl,2048,0,17,decode,16,16,0,16,16,0,47.580,514.540,91.680,1,422.860,562.320,128,16384,3
isl,2048,0,18,decode,16,16,0,16,16,0,48.290,555.890,135.420,1,420.470,604.360,128,16384,3
isl,2048,0,19,decode,16,16,0,16,16,0,48.890,512.590,91.770,1,420.820,561.650,128,16384,3
isl,2048,0,20,decode,16,16,0,16,16,0,47.880,508.810,90.530,1,418.280,556.850,128,16384,3
isl,2048,0,21,decode,16,16,0,16,16,0,47.470,515.240,92.540,1,422.700,562.880,128,16384,3
isl,2048,0,22,decode,16,16,0,16,16,0,47.660,533.770,95.410,1,438.360,581.600,128,16384,3
isl,2048,0,23,decode,16,16,0,16,16,0,47.800,508.180,91.640,1,416.540,556.160,128,16384,3
isl,2048,0,24,decode,16,16,0,16,16,0,47.100,506.550,90.700,1,415.850,553.820,128,16384,3
isl,2048,0,25,decode,16,16,0,16,16,0,47.650,559.850,93.090,1,466.760,607.670,128,16384,3
isl,2048,0,26,decode,16,16,0,16,16,0,47.890,519.720,90.810,1,428.910,567.770,128,16384,3
isl,2048,0,27,decode,16,16,0,16,16,0,48.370,513.730,92.270,1,421.460,562.260,128,16384,3
isl,2048,0,28,decode,16,16,0,16,16,0,47.310,531.660,114.420,1,417.240,579.120,128,16384,3
isl,2048,0,29,decode,16,16,0,16,16,0,48.280,511.700,90.870,1,420.830,560.130,128,16384,3
isl,2048,0,30,decode,16,16,0,16,16,0,45.990,511.180,92.380,1,418.800,557.320,128,16384,3
isl,2048,0,31,decode,16,16,0,16,16,0,47.270,562.160,96.480,1,465.680,609.630,128,16384,3
isl,2048,0,32,decode,16,16,0,16,16,0,49.090,511.100,90.930,1,420.170,560.400,128,16384,3
isl,2048,0,33,decode,16,16,0,16,16,0,46.380,508.370,91.620,1,416.750,554.940,128,16384,3
isl,2048,0,34,decode,16,16,0,16,16,0,47.970,508.500,91.750,1,416.750,556.610,128,16384,3
isl,2048,0,35,decode,16,16,0,16,16,0,46.450,643.700,94.880,1,548.820,690.330,128,16384,3
isl,2048,0,36,decode,16,16,0,16,16,0,48.480,518.740,93.030,1,425.710,567.370,128,16384,3
isl,2048,0,37,decode,16,16,0,16,16,0,47.330,553.200,134.190,1,419.010,600.680,128,16384,3
isl,2048,0,38,decode,16,16,0,16,16,0,48.760,521.680,93.780,1,427.900,570.580,128,16384,3
isl,2048,0,39,decode,16,16,0,16,16,0,46.900,511.610,91.620,1,419.990,558.670,128,16384,3
isl,2048,0,40,decode,16,16,0,16,16,0,48.960,507.410,91.570,1,415.840,556.510,128,16384,3
isl,2048,0,41,decode,16,16,0,16,16,0,47.270,526.540,92.770,1,433.770,573.940,128,16384,3
isl,2048,0,42,decode,16,16,0,16,16,0,48.360,518.790,92.540,1,426.250,567.310,128,16384,3
isl,2048,0,43,decode,16,16,0,16,16,0,48.040,509.200,91.860,1,417.340,557.430,128,16384,3
isl,2048,0,44,decode,16,16,0,16,16,0,47.440,561.560,94.860,1,466.700,609.160,128,16384,3
isl,2048,0,45,decode,16,16,0,16,16,0,47.410,512.700,91.330,1,421.370,560.280,128,16384,3
isl,2048,0,46,decode,16,16,0,16,16,0,47.450,510.660,91.310,1,419.350,558.270,128,16384,3
isl,2048,0,47,decode,16,16,0,16,16,0,47.870,532.330,95.640,1,436.690,580.370,128,16384,3
isl,2048,0,48,decode,16,16,0,16,16,0,49.100,514.410,94.330,1,420.080,563.660,128,16384,3
isl,2048,0,49,decode,16,16,0,16,16,0,46.420,508.920,92.380,1,416.540,555.500,128,16384,3
isl,2048,0,50,decode,16,16,0,16,16,0,46.700,548.180,95.690,1,452.490,595.090,128,16384,3
isl,2048,0,51,decode,16,16,0,16,16,0,47.900,503.520,91.570,1,411.950,551.610,128,16384,3
isl,2048,0,52,decode,16,16,0,16,16,0,47.540,507.710,92.670,1,415.040,555.450,128,16384,3
isl,2048,0,53,decode,16,16,0,16,16,0,47.670,501.790,92.720,1,409.070,549.620,128,16384,3
isl,2048,0,54,decode,16,16,0,16,16,0,48.810,506.650,93.670,1,412.980,555.620,128,16384,3
isl,2048,0,55,decode,16,16,0,16,16,0,47.440,505.150,93.740,1,411.410,552.760,128,16384,3
isl,2048,0,56,decode,16,16,0,16,16,0,47.320,497.220,91.560,1,405.660,544.700,128,16384,3
isl,2048,0,57,decode,16,16,0,16,16,0,87.700,512.630,93.130,1,419.500,600.510,128,16384,3
isl,2048,0,58,decode,16,16,0,16,16,0,47.360,498.770,92.180,1,406.590,546.310,128,16384,3
isl,2048,0,59,decode,16,16,0,16,16,0,47.980,500.990,92.300,1,408.690,549.120,128,16384,3
isl,2048,0,60,decode,16,16,0,16,16,0,49.030,523.750,94.500,1,429.250,572.970,128,16384,3
isl,2048,0,61,decode,16,16,0,16,16,0,46.910,860.550,442.700,1,417.850,907.610,128,16384,3
isl,2048,0,62,decode,16,16,0,16,16,0,49.000,527.880,96.320,1,431.560,577.040,128,16384,3
isl,2048,0,63,decode,16,16,0,16,16,0,49.630,523.790,96.520,1,427.270,573.580,128,16384,3
isl,2048,0,64,decode,16,16,0,16,16,0,48.070,505.180,92.860,1,412.320,553.440,128,16384,3
isl,2048,0,65,decode,16,16,0,16,16,0,47.620,509.450,93.210,1,416.240,557.270,128,16384,3
isl,2048,0,66,decode,16,16,0,16,16,0,47.850,517.090,93.470,1,423.620,565.140,128,16384,3
isl,2048,0,67,decode,16,16,0,16,16,0,47.740,500.540,91.810,1,408.730,548.450,128,16384,3
isl,2048,0,68,decode,16,16,0,16,16,0,47.510,497.390,91.460,1,405.930,545.120,128,16384,3
isl,2048,0,69,decode,16,16,0,16,16,0,48.320,544.160,95.340,1,448.820,592.640,128,16384,3
isl,2048,0,70,decode,16,16,0,16,16,0,47.270,500.770,91.280,1,409.490,548.210,128,16384,3
isl,2048,0,71,decode,16,16,0,16,16,0,46.740,496.910,91.510,1,405.400,543.810,128,16384,3
isl,2048,0,72,decode,16,16,0,16,16,0,46.990,513.070,94.770,1,418.300,560.210,128,16384,3
isl,2048,0,73,decode,16,16,0,16,16,0,46.980,501.770,92.740,1,409.030,548.960,128,16384,3
isl,2048,0,74,decode,16,16,0,16,16,0,45.250,504.040,92.850,1,411.190,549.460,128,16384,3
isl,2048,0,75,decode,16,16,0,16,16,0,48.340,505.000,92.330,1,412.670,553.550,128,16384,3
isl,2048,0,76,decode,16,16,0,16,16,0,47.360,511.880,93.330,1,418.550,559.450,128,16384,3
isl,2048,0,77,decode,16,16,0,16,16,0,47.210,498.660,91.350,1,407.310,546.060,128,16384,3
isl,2048,0,78,decode,16,16,0,16,16,0,47.660,506.800,92.390,1,414.410,554.620,128,16384,3
isl,2048,0,79,decode,16,16,0,16,16,0,48.110,519.090,91.980,1,427.110,567.360,128,16384,3
isl,4096,0,0,prefill,16,16384,5,11,16,0,698.670,1163.050,463.800,1,699.250,1861.920,128,16384,3
isl,4096,0,1,prefill,16,37,1,15,16,0,119.350,616.600,110.580,1,506.020,736.150,128,16384,3
isl,4096,0,2,decode,16,16,0,16,16,0,55.130,536.030,99.070,1,436.960,591.340,128,16384,3
isl,4096,0,3,decode,16,16,0,16,16,0,49.630,579.820,97.680,1,482.140,629.630,128,16384,3
isl,4096,0,4,decode,16,16,0,16,16,0,51.140,519.980,93.910,1,426.070,571.290,128,16384,3
isl,4096,0,5,decode,16,16,0,16,16,0,60.140,526.870,94.900,1,431.970,587.170,128,16384,3
isl,4096,0,6,decode,16,16,0,16,16,0,49.940,519.320,94.680,1,424.640,569.480,128,16384,3
isl,4096,0,7,decode,16,16,0,16,16,0,49.050,514.420,93.700,1,420.720,563.640,128,16384,3
isl,4096,0,8,decode,16,16,0,16,16,0,48.330,516.220,94.850,1,421.370,564.710,128,16384,3
isl,4096,0,9,decode,16,16,0,16,16,0,48.880,564.880,99.000,1,465.880,613.920,128,16384,3
isl,4096,0,10,decode,16,16,0,16,16,0,50.230,521.140,95.630,1,425.510,571.570,128,16384,3
isl,4096,0,11,decode,16,16,0,16,16,0,49.970,534.260,96.660,1,437.600,584.380,128,16384,3
isl,4096,0,12,decode,16,16,0,16,16,0,50.650,518.700,94.280,1,424.420,569.530,128,16384,3
isl,4096,0,13,decode,16,16,0,16,16,0,48.370,514.090,94.040,1,420.050,562.660,128,16384,3
isl,4096,0,14,decode,16,16,0,16,16,0,49.830,509.190,93.300,1,415.890,559.210,128,16384,3
isl,4096,0,15,decode,16,16,0,16,16,0,49.670,557.210,137.050,1,420.160,607.020,128,16384,3
isl,4096,0,16,decode,16,16,0,16,16,0,49.980,518.260,94.090,1,424.170,568.440,128,16384,3
isl,4096,0,17,decode,16,16,0,16,16,0,48.890,530.510,95.000,1,435.510,579.600,128,16384,3
isl,4096,0,18,decode,16,16,0,16,16,0,49.510,515.100,93.350,1,421.750,564.810,128,16384,3
isl,4096,0,19,decode,16,16,0,16,16,0,49.300,509.120,93.000,1,416.120,558.590,128,16384,3
isl,4096,0,20,decode,16,16,0,16,16,0,50.400,516.240,93.460,1,422.780,566.800,128,16384,3
isl,4096,0,21,decode,16,16,0,16,16,0,49.950,513.280,93.590,1,419.690,563.380,128,16384,3
isl,4096,0,22,decode,16,16,0,16,16,0,48.950,569.010,94.910,1,474.100,618.200,128,16384,3
isl,4096,0,23,decode,16,16,0,16,16,0,48.970,523.060,93.060,1,430.000,572.230,128,16384,3
isl,4096,0,24,decode,16,16,0,16,16,0,50.210,518.890,94.650,1,424.240,569.200,128,16384,3
isl,4096,0,25,decode,16,16,0,16,16,0,49.070,513.830,93.140,1,420.690,563.070,128,16384,3
isl,4096,0,26,decode,16,16,0,16,16,0,49.150,514.520,93.590,1,420.930,563.880,128,16384,3
isl,4096,0,27,decode,16,16,0,16,16,0,48.720,510.410,92.190,1,418.220,559.250,128,16384,3
isl,4096,0,28,decode,16,16,0,16,16,0,49.520,563.660,99.040,1,464.620,613.340,128,16384,3
isl,4096,0,29,decode,16,16,0,16,16,0,50.310,513.680,93.370,1,420.310,564.140,128,16384,3
isl,4096,0,30,decode,16,16,0,16,16,0,48.590,534.650,94.490,1,440.160,583.390,128,16384,3
isl,4096,0,31,decode,16,16,0,16,16,0,50.270,514.480,92.880,1,421.600,564.980,128,16384,3
isl,4096,0,32,decode,16,16,0,16,16,0,49.190,511.490,92.400,1,419.090,560.790,128,16384,3
isl,4096,0,33,decode,16,16,0,16,16,0,48.720,508.650,91.220,1,417.430,557.540,128,16384,3
isl,4096,0,34,decode,16,16,0,16,16,0,49.750,556.020,131.970,1,424.050,605.980,128,16384,3
isl,4096,0,35,decode,16,16,0,16,16,0,49.420,525.680,93.690,1,431.990,575.300,128,16384,3
isl,4096,0,36,decode,16,16,0,16,16,0,49.040,528.040,94.730,1,433.310,577.230,128,16384,3
isl,4096,0,37,decode,16,16,0,16,16,0,48.470,512.440,93.990,1,418.450,561.060,128,16384,3
isl,4096,0,38,decode,16,16,0,16,16,0,48.860,509.200,92.710,1,416.490,558.250,128,16384,3
isl,4096,0,39,decode,16,16,0,16,16,0,47.750,507.860,91.780,1,416.080,555.810,128,16384,3
isl,4096,0,40,decode,16,16,0,16,16,0,47.890,513.330,92.380,1,420.950,561.430,128,16384,3
isl,4096,0,41,decode,16,16,0,16,16,0,48.820,563.890,94.720,1,469.170,612.890,128,16384,3
isl,4096,0,42,decode,16,16,0,16,16,0,48.090,529.800,104.360,1,425.440,578.030,128,16384,3
isl,4096,0,43,decode,16,16,0,16,16,0,48.390,520.300,93.480,1,426.820,568.890,128,16384,3
isl,4096,0,44,decode,16,16,0,16,16,0,48.950,514.810,92.640,1,422.170,563.920,128,16384,3
isl,4096,0,45,decode,16,16,0,16,16,0,48.670,513.210,93.640,1,419.570,562.050,128,16384,3
isl,4096,0,46,decode,16,16,0,16,16,0,47.800,511.770,93.250,1,418.520,559.740,128,16384,3
isl,4096,0,47,decode,16,16,0,16,16,0,48.390,559.770,96.890,1,462.880,608.350,128,16384,3
isl,4096,0,48,decode,16,16,0,16,16,0,50.110,515.210,92.980,1,422.230,565.510,128,16384,3
isl,4096,0,49,decode,16,16,0,16,16,0,48.110,534.080,93.460,1,440.620,582.400,128,16384,3
isl,4096,0,50,decode,16,16,0,16,16,0,47.630,500.290,91.050,1,409.240,548.110,128,16384,3
isl,4096,0,51,decode,16,16,0,16,16,0,46.920,499.940,92.100,1,407.840,547.030,128,16384,3
isl,4096,0,52,decode,16,16,0,16,16,0,46.010,497.710,93.280,1,404.430,543.880,128,16384,3
isl,4096,0,53,decode,16,16,0,16,16,0,47.850,502.830,93.930,1,408.900,550.830,128,16384,3
isl,4096,0,54,decode,16,16,0,16,16,0,85.800,516.780,94.780,1,422.000,602.750,128,16384,3
isl,4096,0,55,decode,16,16,0,16,16,0,48.120,516.640,93.490,1,423.150,564.940,128,16384,3
isl,4096,0,56,decode,16,16,0,16,16,0,48.190,500.690,93.040,1,407.650,549.070,128,16384,3
isl,4096,0,57,decode,16,16,0,16,16,0,48.060,498.870,92.390,1,406.480,547.100,128,16384,3
isl,4096,0,58,decode,16,16,0,16,16,0,47.090,497.240,90.840,1,406.400,544.520,128,16384,3
isl,4096,0,59,decode,16,16,0,16,16,0,47.060,496.590,92.340,1,404.250,543.800,128,16384,3
isl,4096,0,60,decode,16,16,0,16,16,0,46.210,548.620,97.270,1,451.350,594.990,128,16384,3
isl,4096,0,61,decode,16,16,0,16,16,0,47.640,501.050,91.640,1,409.410,548.810,128,16384,3
isl,4096,0,62,decode,16,16,0,16,16,0,46.360,1073.700,640.250,1,433.450,1120.250,128,16384,3
isl,4096,0,63,decode,16,16,0,16,16,0,50.850,532.740,95.850,1,436.890,583.790,128,16384,3
isl,4096,0,64,decode,16,16,0,16,16,0,48.540,508.500,93.810,1,414.690,557.180,128,16384,3
isl,4096,0,65,decode,16,16,0,16,16,0,47.800,503.580,92.400,1,411.180,551.540,128,16384,3
isl,4096,0,66,decode,16,16,0,16,16,0,46.030,553.950,94.900,1,459.050,600.130,128,16384,3
isl,4096,0,67,decode,16,16,0,16,16,0,49.250,528.140,98.120,1,430.020,577.590,128,16384,3
isl,4096,0,68,decode,16,16,0,16,16,0,47.750,504.220,92.760,1,411.460,552.080,128,16384,3
isl,4096,0,69,decode,16,16,0,16,16,0,46.450,502.140,92.890,1,409.250,548.740,128,16384,3
isl,4096,0,70,decode,16,16,0,16,16,0,47.040,498.640,92.230,1,406.410,545.850,128,16384,3
isl,4096,0,71,decode,16,16,0,16,16,0,47.380,496.220,91.470,1,404.750,543.770,128,16384,3
isl,4096,0,72,decode,16,16,0,16,16,0,47.400,544.330,96.330,1,448.000,591.890,128,16384,3
isl,4096,0,73,decode,16,16,0,16,16,0,47.750,503.940,92.050,1,411.890,551.860,128,16384,3
isl,4096,0,74,decode,16,16,0,16,16,0,49.120,509.110,92.410,1,416.700,558.370,128,16384,3
isl,4096,0,75,decode,16,16,0,16,16,0,46.720,499.730,92.260,1,407.470,546.630,128,16384,3
isl,4096,0,76,decode,16,16,0,16,16,0,47.940,496.300,92.840,1,403.460,544.410,128,16384,3
isl,4096,0,77,decode,16,16,0,16,16,0,46.940,500.410,92.110,1,408.300,547.500,128,16384,3
isl,4096,0,78,decode,16,16,0,16,16,0,46.600,499.660,92.360,1,407.300,546.430,128,16384,3
isl,4096,0,79,decode,16,16,0,16,16,0,47.420,546.030,94.580,1,451.450,593.610,128,16384,3
isl,8192,0,0,prefill,8,16384,11,5,8,0,728.450,1212.940,487.420,1,725.520,1941.580,128,16384,3
isl,8192,0,1,prefill,10,16384,9,7,10,0,705.780,1217.770,504.190,1,713.580,1923.760,128,16384,3
isl,8192,0,2,prefill,12,16384,7,9,12,0,701.270,1207.980,499.990,1,707.990,1909.430,128,16384,3
isl,8192,0,3,prefill,14,16384,5,11,14,0,656.410,1206.440,497.000,1,709.440,1863.010,128,16384,3
isl,8192,0,4,prefill,16,16384,3,13,16,0,649.540,1207.940,493.920,1,714.020,1857.650,128,16384,3
isl,8192,0,5,prefill,16,65,1,15,16,0,94.360,644.250,110.960,1,533.290,738.800,128,16384,3
isl,8192,0,6,decode,16,16,0,16,16,0,50.830,538.720,97.970,1,440.750,589.730,128,16384,3
isl,8192,0,7,decode,16,16,0,16,16,0,50.160,528.550,95.720,1,432.830,578.940,128,16384,3
isl,8192,0,8,decode,16,16,0,16,16,0,48.440,520.660,94.790,1,425.870,569.290,128,16384,3
isl,8192,0,9,decode,16,16,0,16,16,0,48.020,540.290,96.630,1,443.660,588.500,128,16384,3
isl,8192,0,10,decode,16,16,0,16,16,0,48.740,520.060,95.010,1,425.050,568.980,128,16384,3
isl,8192,0,11,decode,16,16,0,16,16,0,47.610,569.430,98.370,1,471.060,617.240,128,16384,3
isl,8192,0,12,decode,16,16,0,16,16,0,48.050,521.870,94.840,1,427.030,570.100,128,16384,3
isl,8192,0,13,decode,16,16,0,16,16,0,48.510,518.720,94.490,1,424.230,567.390,128,16384,3
isl,8192,0,14,decode,16,16,0,16,16,0,47.140,521.790,95.280,1,426.510,569.120,128,16384,3
isl,8192,0,15,decode,16,16,0,16,16,0,48.870,533.530,96.750,1,436.780,582.580,128,16384,3
isl,8192,0,16,decode,16,16,0,16,16,0,48.580,524.850,95.450,1,429.400,573.620,128,16384,3
isl,8192,0,17,decode,16,16,0,16,16,0,48.150,562.980,97.950,1,465.030,611.280,128,16384,3
isl,8192,0,18,decode,16,16,0,16,16,0,48.830,522.320,93.440,1,428.880,571.340,128,16384,3
isl,8192,0,19,decode,16,16,0,16,16,0,48.070,520.210,94.320,1,425.890,568.440,128,16384,3
isl,8192,0,20,decode,16,16,0,16,16,0,47.650,516.650,94.270,1,422.380,564.490,128,16384,3
isl,8192,0,21,decode,16,16,0,16,16,0,48.200,527.630,94.940,1,432.690,576.080,128,16384,3
isl,8192,0,22,decode,16,16,0,16,16,0,48.540,520.450,94.880,1,425.570,569.190,128,16384,3
isl,8192,0,23,decode,16,16,0,16,16,0,47.920,515.170,93.950,1,421.220,563.280,128,16384,3
isl,8192,0,24,decode,16,16,0,16,16,0,48.680,536.510,96.330,1,440.180,585.360,128,16384,3
isl,8192,0,25,decode,16,16,0,16,16,0,49.470,516.230,94.740,1,421.490,565.890,128,16384,3
isl,8192,0,26,decode,16,16,0,16,16,0,49.130,515.640,94.340,1,421.300,564.950,128,16384,3
isl,8192,0,27,decode,16,16,0,16,16,0,48.550,519.160,93.760,1,425.400,567.910,128,16384,3
isl,8192,0,28,decode,16,16,0,16,16,0,48.080,541.700,96.510,1,445.190,589.940,128,16384,3
isl,8192,0,29,decode,16,16,0,16,16,0,48.260,517.520,94.990,1,422.530,565.950,128,16384,3
isl,8192,0,30,decode,16,16,0,16,16,0,48.390,570.330,98.830,1,471.500,618.910,128,16384,3
isl,8192,0,31,decode,16,16,0,16,16,0,48.420,520.360,96.350,1,424.010,568.930,128,16384,3
isl,8192,0,32,decode,16,16,0,16,16,0,48.690,519.900,94.500,1,425.400,568.790,128,16384,3
isl,8192,0,33,decode,16,16,0,16,16,0,48.120,520.080,96.380,1,423.700,568.400,128,16384,3
isl,8192,0,34,decode,16,16,0,16,16,0,47.320,538.340,95.770,1,442.570,585.850,128,16384,3
isl,8192,0,35,decode,16,16,0,16,16,0,48.330,518.790,94.910,1,423.880,567.320,128,16384,3
isl,8192,0,36,decode,16,16,0,16,16,0,47.240,566.370,99.380,1,466.990,613.770,128,16384,3
isl,8192,0,37,decode,16,16,0,16,16,0,48.870,517.180,94.120,1,423.060,566.240,128,16384,3
isl,8192,0,38,decode,16,16,0,16,16,0,48.000,514.040,93.970,1,420.070,562.200,128,16384,3
isl,8192,0,39,decode,16,16,0,16,16,0,48.280,512.760,93.330,1,419.430,561.210,128,16384,3
isl,8192,0,40,decode,16,16,0,16,16,0,47.450,531.880,97.300,1,434.580,579.520,128,16384,3
isl,8192,0,41,decode,16,16,0,16,16,0,47.890,515.840,94.310,1,421.530,563.840,128,16384,3
isl,8192,0,42,decode,16,16,0,16,16,0,47.920,553.010,93.340,1,459.670,601.080,128,16384,3
isl,8192,0,43,decode,16,16,0,16,16,0,48.600,526.520,95.500,1,431.020,575.320,128,16384,3
isl,8192,0,44,decode,16,16,0,16,16,0,47.790,517.540,95.290,1,422.250,565.520,128,16384,3
isl,8192,0,45,decode,16,16,0,16,16,0,47.480,516.940,96.320,1,420.620,564.600,128,16384,3
isl,8192,0,46,decode,16,16,0,16,16,0,48.080,517.080,94.070,1,423.010,565.360,128,16384,3
isl,8192,0,47,decode,16,16,0,16,16,0,47.960,522.570,93.630,1,428.940,570.730,128,16384,3
isl,8192,0,48,decode,16,16,0,16,16,0,46.950,516.040,94.210,1,421.830,563.190,128,16384,3
isl,8192,0,49,decode,16,16,0,16,16,0,47.290,565.390,96.740,1,468.650,612.870,128,16384,3
isl,8192,0,50,decode,16,16,0,16,16,0,48.710,505.920,93.210,1,412.710,554.790,128,16384,3
isl,8192,0,51,decode,16,16,0,16,16,0,47.110,506.660,94.430,1,412.230,553.920,128,16384,3
isl,8192,0,52,decode,16,16,0,16,16,0,47.070,504.830,93.010,1,411.820,552.100,128,16384,3
isl,8192,0,53,decode,16,16,0,16,16,0,47.280,521.190,95.790,1,425.400,568.670,128,16384,3
isl,8192,0,54,decode,16,16,0,16,16,0,47.310,508.830,95.090,1,413.740,556.330,128,16384,3
isl,8192,0,55,decode,16,16,0,16,16,0,46.480,555.980,101.300,1,454.680,602.590,128,16384,3
isl,8192,0,56,decode,16,16,0,16,16,0,47.220,510.300,93.450,1,416.850,557.700,128,16384,3
isl,8192,0,57,decode,16,16,0,16,16,0,47.160,504.870,93.920,1,410.950,552.230,128,16384,3
isl,8192,0,58,decode,16,16,0,16,16,0,47.300,505.880,93.170,1,412.710,553.320,128,16384,3
isl,8192,0,59,decode,16,16,0,16,16,0,46.540,521.350,97.270,1,424.080,568.050,128,16384,3
isl,8192,0,60,decode,16,16,0,16,16,0,46.950,508.450,94.510,1,413.940,555.580,128,16384,3
isl,8192,0,61,decode,16,16,0,16,16,0,46.180,501.500,92.920,1,408.580,547.840,128,16384,3
isl,8192,0,62,decode,16,16,0,16,16,0,47.930,552.820,95.890,1,456.930,600.950,128,16384,3
isl,8192,0,63,decode,16,16,0,16,16,0,47.690,1478.290,1050.510,1,427.780,1526.130,128,16384,3
isl,8192,0,64,decode,16,16,0,16,16,0,50.450,568.550,104.290,1,464.260,619.180,128,16384,3
isl,8192,0,65,decode,16,16,0,16,16,0,48.620,521.610,96.280,1,425.330,570.410,128,16384,3
isl,8192,0,66,decode,16,16,0,16,16,0,47.830,555.830,95.050,1,460.780,603.860,128,16384,3
isl,8192,0,67,decode,16,16,0,16,16,0,48.320,521.410,95.540,1,425.870,569.900,128,16384,3
isl,8192,0,68,decode,16,16,0,16,16,0,47.190,509.080,94.400,1,414.680,556.460,128,16384,3
isl,8192,0,69,decode,16,16,0,16,16,0,47.670,508.260,94.050,1,414.210,556.120,128,16384,3
isl,8192,0,70,decode,16,16,0,16,16,0,47.340,520.220,105.430,1,414.790,567.660,128,16384,3
isl,8192,0,71,decode,16,16,0,16,16,0,47.150,507.760,93.550,1,414.210,555.100,128,16384,3
isl,8192,0,72,decode,16,16,0,16,16,0,46.130,505.350,94.220,1,411.130,551.670,128,16384,3
isl,8192,0,73,decode,16,16,0,16,16,0,47.780,557.210,96.090,1,461.120,605.210,128,16384,3
isl,8192,0,74,decode,16,16,0,16,16,0,48.180,509.250,95.100,1,414.150,557.650,128,16384,3
isl,8192,0,75,decode,16,16,0,16,16,0,48.220,560.850,98.230,1,462.620,609.240,128,16384,3
isl,8192,0,76,decode,16,16,0,16,16,0,48.830,513.830,94.730,1,419.100,562.830,128,16384,3
isl,8192,0,77,decode,16,16,0,16,16,0,66.500,525.530,96.470,1,429.060,592.220,128,16384,3
isl,8192,0,78,decode,16,16,0,16,16,0,47.590,507.890,93.140,1,414.750,555.670,128,16384,3
isl,8192,0,79,decode,16,16,0,16,16,0,47.020,555.490,96.950,1,458.540,602.640,128,16384,3
batch,1,0,0,decode,1,1,0,1,1,0,23.500,498.910,92.080,1,406.830,522.570,128,16384,3
batch,1,0,1,decode,1,1,0,1,1,0,24.250,509.420,96.040,1,413.380,533.890,128,16384,3
batch,1,0,2,decode,1,1,0,1,1,0,22.270,495.960,91.250,1,404.710,518.410,128,16384,3
batch,1,0,3,decode,1,1,0,1,1,0,22.600,504.370,92.980,1,411.390,527.140,128,16384,3
batch,1,0,4,decode,1,1,0,1,1,0,22.400,495.080,91.310,1,403.770,517.640,128,16384,3
batch,1,0,5,decode,1,1,0,1,1,0,21.190,498.380,97.060,1,401.320,519.720,128,16384,3
batch,1,0,6,decode,1,1,0,1,1,0,23.290,554.570,96.540,1,458.030,578.050,128,16384,3
batch,1,0,7,decode,1,1,0,1,1,0,23.500,496.970,92.110,1,404.860,520.660,128,16384,3
batch,1,0,8,decode,1,1,0,1,1,0,21.990,496.310,92.500,1,403.810,518.490,128,16384,3
batch,1,0,9,decode,1,1,0,1,1,0,22.620,499.230,92.320,1,406.910,522.010,128,16384,3
batch,1,0,10,decode,1,1,0,1,1,0,23.740,502.320,91.660,1,410.660,526.260,128,16384,3
batch,1,0,11,decode,1,1,0,1,1,0,21.070,499.550,95.510,1,404.040,520.760,128,16384,3
batch,1,0,12,decode,1,1,0,1,1,0,21.980,494.590,91.270,1,403.320,516.750,128,16384,3
batch,1,0,13,decode,1,1,0,1,1,0,22.620,544.390,94.460,1,449.930,567.160,128,16384,3
batch,1,0,14,decode,1,1,0,1,1,0,21.900,491.930,90.210,1,401.720,514.020,128,16384,3
batch,1,0,15,decode,1,1,0,1,1,0,21.360,492.940,90.790,1,402.150,514.470,128,16384,3
batch,1,0,16,decode,1,1,0,1,1,0,21.960,490.850,91.240,1,399.610,512.970,128,16384,3
batch,1,0,17,decode,1,1,0,1,1,0,30.830,498.180,90.530,1,407.650,529.170,128,16384,3
batch,1,0,18,decode,1,1,0,1,1,0,22.640,489.120,89.620,1,399.500,511.930,128,16384,3
batch,1,0,19,decode,1,1,0,1,1,0,21.730,493.740,95.530,1,398.210,515.670,128,16384,3
batch,1,0,20,decode,1,1,0,1,1,0,21.210,541.700,94.390,1,447.310,563.070,128,16384,3
batch,1,0,21,decode,1,1,0,1,1,0,21.660,495.770,92.680,1,403.090,517.580,128,16384,3
batch,1,0,22,decode,1,1,0,1,1,0,22.170,490.440,90.740,1,399.700,512.770,128,16384,3
batch,1,0,23,decode,1,1,0,1,1,0,21.610,490.190,90.190,1,400.000,511.970,128,16384,3
batch,1,0,24,decode,1,1,0,1,1,0,21.610,502.220,90.180,1,412.040,524.020,128,16384,3
batch,1,0,25,decode,1,1,0,1,1,0,22.240,492.410,90.260,1,402.150,514.800,128,16384,3
batch,1,0,26,decode,1,1,0,1,1,0,20.950,486.970,90.060,1,396.910,508.080,128,16384,3
batch,1,0,27,decode,1,1,0,1,1,0,21.440,537.240,95.040,1,442.200,558.860,128,16384,3
batch,1,0,28,decode,1,1,0,1,1,0,22.640,494.530,90.430,1,404.100,517.360,128,16384,3
batch,1,0,29,decode,1,1,0,1,1,0,22.180,492.220,90.140,1,402.080,514.570,128,16384,3
batch,1,0,30,decode,1,1,0,1,1,0,22.370,491.390,89.380,1,402.010,513.960,128,16384,3
batch,1,0,31,decode,1,1,0,1,1,0,21.230,500.810,91.750,1,409.060,522.170,128,16384,3
batch,1,0,32,decode,1,1,0,1,1,0,21.880,493.190,92.050,1,401.140,515.250,128,16384,3
batch,1,0,33,decode,1,1,0,1,1,0,22.250,487.530,90.830,1,396.700,509.920,128,16384,3
batch,1,0,34,decode,1,1,0,1,1,0,21.510,537.000,134.100,1,402.900,558.670,128,16384,3
batch,1,0,35,decode,1,1,0,1,1,0,22.690,498.110,91.590,1,406.520,520.950,128,16384,3
batch,1,0,36,decode,1,1,0,1,1,0,22.140,496.410,92.450,1,403.960,518.700,128,16384,3
batch,1,0,37,decode,1,1,0,1,1,0,21.540,490.240,88.520,1,401.720,511.930,128,16384,3
batch,1,0,38,decode,1,1,0,1,1,0,21.070,502.170,91.900,1,410.270,523.420,128,16384,3
batch,1,0,39,decode,1,1,0,1,1,0,22.630,491.660,91.230,1,400.430,514.450,128,16384,3
batch,1,0,40,decode,1,1,0,1,1,0,21.190,485.620,89.700,1,395.920,506.960,128,16384,3
batch,1,0,41,decode,1,1,0,1,1,0,21.900,488.780,89.420,1,399.360,510.840,128,16384,3
batch,1,0,42,decode,1,1,0,1,1,0,22.710,502.580,92.810,1,409.770,525.440,128,16384,3
batch,1,0,43,decode,1,1,0,1,1,0,21.650,489.830,90.310,1,399.520,511.640,128,16384,3
batch,1,0,44,decode,1,1,0,1,1,0,21.450,487.310,89.580,1,397.730,508.900,128,16384,3
batch,1,0,45,decode,1,1,0,1,1,0,22.390,508.500,92.860,1,415.640,531.040,128,16384,3
batch,1,0,46,decode,1,1,0,1,1,0,22.200,489.540,90.130,1,399.410,511.930,128,16384,3
batch,1,0,47,decode,1,1,0,1,1,0,21.890,488.540,90.080,1,398.460,510.580,128,16384,3
batch,1,0,48,decode,1,1,0,1,1,0,21.670,490.010,90.780,1,399.230,511.820,128,16384,3
batch,1,0,49,decode,1,1,0,1,1,0,22.290,542.890,92.640,1,450.250,565.390,128,16384,3
batch,1,0,50,decode,1,1,0,1,1,0,22.420,482.600,90.180,1,392.420,505.220,128,16384,3
batch,1,0,51,decode,1,1,0,1,1,0,20.750,477.220,90.400,1,386.820,498.160,128,16384,3
batch,1,0,52,decode,1,1,0,1,1,0,21.440,490.440,100.170,1,390.270,512.040,128,16384,3
batch,1,0,53,decode,1,1,0,1,1,0,21.090,485.440,92.090,1,393.350,506.740,128,16384,3
batch,1,0,54,decode,1,1,0,1,1,0,20.900,478.520,89.830,1,388.690,499.610,128,16384,3
batch,1,0,55,decode,1,1,0,1,1,0,20.600,474.120,88.290,1,385.830,494.900,128,16384,3
batch,1,0,56,decode,1,1,0,1,1,0,20.300,530.330,97.600,1,432.730,550.780,128,16384,3
batch,1,0,57,decode,1,1,0,1,1,0,21.020,482.400,90.840,1,391.560,503.620,128,16384,3
batch,1,0,58,decode,1,1,0,1,1,0,20.550,473.120,90.020,1,383.100,493.880,128,16384,3
batch,1,0,59,decode,1,1,0,1,1,0,20.870,475.780,89.750,1,386.030,496.790,128,16384,3
batch,1,0,60,decode,1,1,0,1,1,0,20.920,492.410,92.190,1,400.220,513.500,128,16384,3
batch,1,0,61,decode,1,1,0,1,1,0,20.500,477.850,90.760,1,387.090,498.540,128,16384,3
batch,1,0,62,decode,1,1,0,1,1,0,20.640,473.580,89.460,1,384.120,494.420,128,16384,3
batch,1,0,63,decode,1,1,0,1,1,0,20.980,481.130,91.300,1,389.830,502.290,128,16384,3
batch,1,0,64,decode,1,1,0,1,1,0,21.930,493.460,91.810,1,401.650,515.590,128,16384,3
batch,1,0,65,decode,1,1,0,1,1,0,20.970,481.690,92.110,1,389.580,502.820,128,16384,3
batch,1,0,66,decode,1,1,0,1,1,0,21.240,476.220,89.680,1,386.540,497.610,128,16384,3
batch,1,0,67,decode,1,1,0,1,1,0,20.890,492.930,92.960,1,399.970,513.980,128,16384,3
batch,1,0,68,decode,1,1,0,1,1,0,21.180,478.250,89.480,1,388.770,499.620,128,16384,3
batch,1,0,69,decode,1,1,0,1,1,0,20.310,482.960,91.000,1,391.960,503.440,128,16384,3
batch,1,0,70,decode,1,1,0,1,1,0,20.120,478.150,91.190,1,386.960,498.430,128,16384,3
batch,1,0,71,decode,1,1,0,1,1,0,20.320,526.630,93.800,1,432.830,547.090,128,16384,3
batch,1,0,72,decode,1,1,0,1,1,0,21.480,482.060,91.810,1,390.250,503.720,128,16384,3
batch,1,0,73,decode,1,1,0,1,1,0,20.400,478.460,90.270,1,388.190,499.050,128,16384,3
batch,1,0,74,decode,1,1,0,1,1,0,20.880,487.520,99.180,1,388.340,508.580,128,16384,3
batch,1,0,75,decode,1,1,0,1,1,0,20.850,482.830,91.440,1,391.390,503.830,128,16384,3
batch,1,0,76,decode,1,1,0,1,1,0,20.630,481.470,90.930,1,390.540,502.260,128,16384,3
batch,1,0,77,decode,1,1,0,1,1,0,20.480,479.580,90.730,1,388.850,500.210,128,16384,3
batch,1,0,78,decode,1,1,0,1,1,0,20.120,524.580,95.910,1,428.670,544.850,128,16384,3
batch,1,0,79,decode,1,1,0,1,1,0,21.420,483.140,90.210,1,392.930,504.720,128,16384,3
batch,2,0,0,decode,2,2,0,2,2,0,26.600,509.100,94.950,1,414.150,535.910,128,16384,3
batch,2,0,1,decode,2,2,0,2,2,0,26.130,505.600,93.810,1,411.790,531.900,128,16384,3
batch,2,0,2,decode,2,2,0,2,2,0,25.010,506.200,94.630,1,411.570,531.380,128,16384,3
batch,2,0,3,decode,2,2,0,2,2,0,24.430,550.350,95.720,1,454.630,574.950,128,16384,3
batch,2,0,4,decode,2,2,0,2,2,0,25.400,503.660,95.030,1,408.630,529.210,128,16384,3
batch,2,0,5,decode,2,2,0,2,2,0,24.300,498.210,92.460,1,405.750,522.690,128,16384,3
batch,2,0,6,decode,2,2,0,2,2,0,24.730,520.850,94.740,1,426.110,545.750,128,16384,3
batch,2,0,7,decode,2,2,0,2,2,0,24.770,499.170,91.700,1,407.470,524.090,128,16384,3
batch,2,0,8,decode,2,2,0,2,2,0,24.880,490.570,89.770,1,400.800,515.600,128,16384,3
batch,2,0,9,decode,2,2,0,2,2,0,24.390,491.910,90.380,1,401.530,516.490,128,16384,3
batch,2,0,10,decode,2,2,0,2,2,0,24.640,545.660,96.160,1,449.500,570.500,128,16384,3
batch,2,0,11,decode,2,2,0,2,2,0,25.200,496.740,91.720,1,405.020,522.140,128,16384,3
batch,2,0,12,decode,2,2,0,2,2,0,23.260,490.920,91.080,1,399.840,514.330,128,16384,3
batch,2,0,13,decode,2,2,0,2,2,0,23.940,509.030,93.440,1,415.590,533.170,128,16384,3
batch,2,0,14,decode,2,2,0,2,2,0,23.990,494.590,92.440,1,402.150,518.720,128,16384,3
batch,2,0,15,decode,2,2,0,2,2,0,23.700,495.030,92.140,1,402.890,518.910,128,16384,3
batch,2,0,16,decode,2,2,0,2,2,0,24.780,495.940,91.090,1,404.850,520.900,128,16384,3
batch,2,0,17,decode,2,2,0,2,2,0,23.210,546.440,96.850,1,449.590,569.820,128,16384,3
batch,2,0,18,decode,2,2,0,2,2,0,25.140,498.780,92.270,1,406.510,524.070,128,16384,3
batch,2,0,19,decode,2,2,0,2,2,0,24.140,494.930,91.160,1,403.770,519.240,128,16384,3
batch,2,0,20,decode,2,2,0,2,2,0,24.000,514.560,93.790,1,420.770,538.720,128,16384,3
batch,2,0,21,decode,2,2,0,2,2,0,23.640,493.120,90.260,1,402.860,516.970,128,16384,3
batch,2,0,22,decode,2,2,0,2,2,0,24.000,494.290,90.570,1,403.720,518.390,128,16384,3
batch,2,0,23,decode,2,2,0,2,2,0,24.110,500.490,92.320,1,408.170,524.800,128,16384,3
batch,2,0,24,decode,2,2,0,2,2,0,24.920,540.970,95.310,1,445.660,566.060,128,16384,3
batch,2,0,25,decode,2,2,0,2,2,0,23.900,501.510,92.400,1,409.110,525.550,128,16384,3
batch,2,0,26,decode,2,2,0,2,2,0,23.870,497.530,92.070,1,405.460,521.550,128,16384,3
batch,2,0,27,decode,2,2,0,2,2,0,23.970,513.030,95.220,1,417.810,537.160,128,16384,3
batch,2,0,28,decode,2,2,0,2,2,0,24.290,498.260,92.310,1,405.950,522.720,128,16384,3
batch,2,0,29,decode,2,2,0,2,2,0,24.100,492.850,91.560,1,401.290,517.060,128,16384,3
batch,2,0,30,decode,2,2,0,2,2,0,23.560,498.490,93.000,1,405.490,522.200,128,16384,3
batch,2,0,31,decode,2,2,0,2,2,0,23.660,543.430,97.870,1,445.560,567.240,128,16384,3
batch,2,0,32,decode,2,2,0,2,2,0,25.170,501.590,92.410,1,409.180,526.970,128,16384,3
batch,2,0,33,decode,2,2,0,2,2,0,24.500,491.540,90.800,1,400.740,516.190,128,16384,3
batch,2,0,34,decode,2,2,0,2,2,0,23.660,515.280,93.990,1,421.290,539.120,128,16384,3
batch,2,0,35,decode,2,2,0,2,2,0,24.790,497.790,92.760,1,405.030,522.710,128,16384,3
batch,2,0,36,decode,2,2,0,2,2,0,23.770,492.880,90.400,1,402.480,516.840,128,16384,3
batch,2,0,37,decode,2,2,0,2,2,0,23.310,493.540,89.870,1,403.670,517.010,128,16384,3
batch,2,0,38,decode,2,2,0,2,2,0,23.530,542.160,135.950,1,406.210,565.850,128,16384,3
batch,2,0,39,decode,2,2,0,2,2,0,24.020,500.030,91.530,1,408.500,524.190,128,16384,3
batch,2,0,40,decode,2,2,0,2,2,0,23.900,492.560,89.980,1,402.580,516.660,128,16384,3
batch,2,0,41,decode,2,2,0,2,2,0,23.240,503.190,92.270,1,410.920,526.570,128,16384,3
batch,2,0,42,decode,2,2,0,2,2,0,23.010,496.240,92.840,1,403.400,519.410,128,16384,3
batch,2,0,43,decode,2,2,0,2,2,0,23.720,493.710,91.760,1,401.950,517.580,128,16384,3
batch,2,0,44,decode,2,2,0,2,2,0,23.370,492.430,91.310,1,401.120,515.990,128,16384,3
batch,2,0,45,decode,2,2,0,2,2,0,23.760,535.290,92.300,1,442.990,559.230,128,16384,3
batch,2,0,46,decode,2,2,0,2,2,0,24.260,505.750,94.080,1,411.670,530.170,128,16384,3
batch,2,0,47,decode,2,2,0,2,2,0,22.820,496.770,91.720,1,405.050,519.730,128,16384,3
batch,2,0,48,decode,2,2,0,2,2,0,24.180,619.890,98.850,1,521.040,644.270,128,16384,3
batch,2,0,49,decode,2,2,0,2,2,0,24.780,500.630,92.730,1,407.900,525.570,128,16384,3
batch,2,0,50,decode,2,2,0,2,2,0,22.670,483.480,90.860,1,392.620,506.310,128,16384,3
batch,2,0,51,decode,2,2,0,2,2,0,22.520,483.400,91.930,1,391.470,506.090,128,16384,3
batch,2,0,52,decode,2,2,0,2,2,0,22.300,527.600,133.700,1,393.900,550.070,128,16384,3
batch,2,0,53,decode,2,2,0,2,2,0,23.170,490.590,91.950,1,398.640,513.910,128,16384,3
batch,2,0,54,decode,2,2,0,2,2,0,22.760,487.340,92.390,1,394.950,510.250,128,16384,3
batch,2,0,55,decode,2,2,0,2,2,0,22.600,502.470,94.870,1,407.600,525.230,128,16384,3
batch,2,0,56,decode,2,2,0,2,2,0,23.200,487.820,91.790,1,396.030,511.220,128,16384,3
batch,2,0,57,decode,2,2,0,2,2,0,22.820,493.820,93.450,1,400.370,516.800,128,16384,3
batch,2,0,58,decode,2,2,0,2,2,0,22.660,493.130,94.960,1,398.170,515.990,128,16384,3
batch,2,0,59,decode,2,2,0,2,2,0,22.660,490.090,92.350,1,397.740,512.920,128,16384,3
batch,2,0,60,decode,2,2,0,2,2,0,64.150,507.580,96.330,1,411.250,571.910,128,16384,3
batch,2,0,61,decode,2,2,0,2,2,0,23.090,500.720,95.060,1,405.660,523.960,128,16384,3
batch,2,0,62,decode,2,2,0,2,2,0,22.610,511.400,95.960,1,415.440,534.110,128,16384,3
batch,2,0,63,decode,2,2,0,2,2,0,22.980,497.230,96.170,1,401.060,520.400,128,16384,3
batch,2,0,64,decode,2,2,0,2,2,0,23.070,488.180,92.070,1,396.110,511.360,128,16384,3
batch,2,0,65,decode,2,2,0,2,2,0,23.220,482.630,90.190,1,392.440,506.000,128,16384,3
batch,2,0,66,decode,2,2,0,2,2,0,23.650,485.880,93.290,1,392.590,509.680,128,16384,3
batch,2,0,67,decode,2,2,0,2,2,0,23.280,538.610,94.760,1,443.850,562.040,128,16384,3
batch,2,0,68,decode,2,2,0,2,2,0,23.380,493.050,94.330,1,398.720,516.580,128,16384,3
batch,2,0,69,decode,2,2,0,2,2,0,23.490,515.040,95.330,1,419.710,538.730,128,16384,3
batch,2,0,70,decode,2,2,0,2,2,0,22.950,494.480,93.640,1,400.840,517.530,128,16384,3
batch,2,0,71,decode,2,2,0,2,2,0,23.530,496.700,95.430,1,401.270,520.410,128,16384,3
batch,2,0,72,decode,2,2,0,2,2,0,22.760,496.920,95.770,1,401.150,519.800,128,16384,3
batch,2,0,73,decode,2,2,0,2,2,0,22.850,492.260,94.800,1,397.460,515.260,128,16384,3
batch,2,0,74,decode,2,2,0,2,2,0,22.760,548.110,98.750,1,449.360,571.020,128,16384,3
batch,2,0,75,decode,2,2,0,2,2,0,23.380,493.760,93.400,1,400.360,517.350,128,16384,3
batch,2,0,76,decode,2,2,0,2,2,0,22.970,512.270,95.580,1,416.690,535.350,128,16384,3
batch,2,0,77,decode,2,2,0,2,2,0,23.660,499.460,93.410,1,406.050,523.300,128,16384,3
batch,2,0,78,decode,2,2,0,2,2,0,22.590,492.290,92.370,1,399.920,515.030,128,16384,3
batch,2,0,79,decode,2,2,0,2,2,0,22.880,493.910,94.770,1,399.140,516.960,128,16384,3
batch,4,0,0,decode,4,4,0,4,4,0,32.670,553.050,103.370,1,449.680,585.920,128,16384,3
batch,4,0,1,decode,4,4,0,4,4,0,30.670,536.570,100.250,1,436.320,567.410,128,16384,3
batch,4,0,2,decode,4,4,0,4,4,0,29.710,532.210,100.080,1,432.130,562.100,128,16384,3
batch,4,0,3,decode,4,4,0,4,4,0,29.490,526.630,99.820,1,426.810,556.280,128,16384,3
batch,4,0,4,decode,4,4,0,4,4,0,30.410,584.880,106.180,1,478.700,615.490,128,16384,3
batch,4,0,5,decode,4,4,0,4,4,0,30.780,539.280,101.950,1,437.330,570.230,128,16384,3
batch,4,0,6,decode,4,4,0,4,4,0,31.670,569.590,106.070,1,463.520,601.440,128,16384,3
batch,4,0,7,decode,4,4,0,4,4,0,29.740,538.090,101.340,1,436.750,567.990,128,16384,3
batch,4,0,8,decode,4,4,0,4,4,0,29.030,531.810,99.240,1,432.570,560.980,128,16384,3
batch,4,0,9,decode,4,4,0,4,4,0,30.140,541.990,101.040,1,440.950,572.300,128,16384,3
batch,4,0,10,decode,4,4,0,4,4,0,31.070,590.360,144.180,1,446.180,621.620,128,16384,3
batch,4,0,11,decode,4,4,0,4,4,0,30.930,551.860,99.720,1,452.140,582.940,128,16384,3
batch,4,0,12,decode,4,4,0,4,4,0,29.420,546.600,103.790,1,442.810,576.170,128,16384,3
batch,4,0,13,decode,4,4,0,4,4,0,30.290,540.130,99.960,1,440.170,570.600,128,16384,3
batch,4,0,14,decode,4,4,0,4,4,0,29.320,534.500,98.940,1,435.560,564.010,128,16384,3
batch,4,0,15,decode,4,4,0,4,4,0,28.930,524.500,96.750,1,427.750,553.660,128,16384,3
batch,4,0,16,decode,4,4,0,4,4,0,28.170,524.150,101.470,1,422.680,552.460,128,16384,3
batch,4,0,17,decode,4,4,0,4,4,0,27.940,580.360,102.060,1,478.300,608.450,128,16384,3
batch,4,0,18,decode,4,4,0,4,4,0,30.870,533.930,101.060,1,432.870,564.980,128,16384,3
batch,4,0,19,decode,4,4,0,4,4,0,30.720,527.550,98.750,1,428.800,558.410,128,16384,3
batch,4,0,20,decode,4,4,0,4,4,0,28.390,533.600,99.840,1,433.760,562.150,128,16384,3
batch,4,0,21,decode,4,4,0,4,4,0,28.660,537.740,100.780,1,436.960,566.600,128,16384,3
batch,4,0,22,decode,4,4,0,4,4,0,28.740,520.670,98.720,1,421.950,549.600,128,16384,3
batch,4,0,23,decode,4,4,0,4,4,0,28.590,516.690,96.300,1,420.390,545.440,128,16384,3
batch,4,0,24,decode,4,4,0,4,4,0,29.010,536.110,100.570,1,435.540,565.270,128,16384,3
batch,4,0,25,decode,4,4,0,4,4,0,29.210,549.680,100.920,1,448.760,579.040,128,16384,3
batch,4,0,26,decode,4,4,0,4,4,0,29.240,522.680,97.850,1,424.830,552.070,128,16384,3
batch,4,0,27,decode,4,4,0,4,4,0,28.520,520.130,98.560,1,421.570,548.780,128,16384,3
batch,4,0,28,decode,4,4,0,4,4,0,28.460,523.730,97.980,1,425.750,552.350,128,16384,3
batch,4,0,29,decode,4,4,0,4,4,0,27.540,521.570,96.920,1,424.650,549.270,128,16384,3
batch,4,0,30,decode,4,4,0,4,4,0,28.750,569.670,103.100,1,466.570,598.630,128,16384,3
batch,4,0,31,decode,4,4,0,4,4,0,29.070,524.540,99.150,1,425.390,553.750,128,16384,3
batch,4,0,32,decode,4,4,0,4,4,0,29.010,538.070,96.160,1,441.910,567.230,128,16384,3
batch,4,0,33,decode,4,4,0,4,4,0,31.250,530.630,100.470,1,430.160,562.030,128,16384,3
batch,4,0,34,decode,4,4,0,4,4,0,29.600,531.450,100.710,1,430.740,561.200,128,16384,3
batch,4,0,35,decode,4,4,0,4,4,0,29.860,531.020,100.200,1,430.820,561.040,128,16384,3
batch,4,0,36,decode,4,4,0,4,4,0,29.170,947.290,507.800,1,439.490,976.640,128,16384,3
batch,4,0,37,decode,4,4,0,4,4,0,34.070,565.140,104.930,1,460.210,599.390,128,16384,3
batch,4,0,38,decode,4,4,0,4,4,0,31.030,541.240,101.070,1,440.170,572.420,128,16384,3
batch,4,0,39,decode,4,4,0,4,4,0,29.590,526.640,100.460,1,426.180,556.400,128,16384,3
batch,4,0,40,decode,4,4,0,4,4,0,28.420,527.910,99.310,1,428.600,556.520,128,16384,3
batch,4,0,41,decode,4,4,0,4,4,0,29.610,522.070,98.920,1,423.150,551.840,128,16384,3
batch,4,0,42,decode,4,4,0,4,4,0,29.030,528.490,99.540,1,428.950,557.690,128,16384,3
batch,4,0,43,decode,4,4,0,4,4,0,29.920,584.530,101.490,1,483.040,614.640,128,16384,3
batch,4,0,44,decode,4,4,0,4,4,0,29.810,554.730,100.540,1,454.190,584.710,128,16384,3
batch,4,0,45,decode,4,4,0,4,4,0,29.760,538.250,99.530,1,438.720,568.210,128,16384,3
batch,4,0,46,decode,4,4,0,4,4,0,28.240,531.260,101.740,1,429.520,559.710,128,16384,3
batch,4,0,47,decode,4,4,0,4,4,0,28.460,521.810,98.600,1,423.210,550.390,128,16384,3
batch,4,0,48,decode,4,4,0,4,4,0,29.300,525.400,100.780,1,424.620,554.910,128,16384,3
batch,4,0,49,decode,4,4,0,4,4,0,29.180,579.390,102.940,1,476.450,608.720,128,16384,3
batch,4,0,50,decode,4,4,0,4,4,0,29.160,518.720,97.240,1,421.480,548.040,128,16384,3
batch,4,0,51,decode,4,4,0,4,4,0,28.750,517.170,96.990,1,420.180,546.100,128,16384,3
batch,4,0,52,decode,4,4,0,4,4,0,28.770,511.630,97.820,1,413.810,540.580,128,16384,3
batch,4,0,53,decode,4,4,0,4,4,0,26.550,513.150,98.570,1,414.580,539.870,128,16384,3
batch,4,0,54,decode,4,4,0,4,4,0,27.310,518.110,100.510,1,417.600,545.640,128,16384,3
batch,4,0,55,decode,4,4,0,4,4,0,27.010,519.250,101.630,1,417.620,546.420,128,16384,3
batch,4,0,56,decode,4,4,0,4,4,0,30.310,581.830,104.650,1,477.180,612.300,128,16384,3
batch,4,0,57,decode,4,4,0,4,4,0,30.880,545.890,103.960,1,441.930,576.920,128,16384,3
batch,4,0,58,decode,4,4,0,4,4,0,29.300,526.420,97.270,1,429.150,555.900,128,16384,3
batch,4,0,59,decode,4,4,0,4,4,0,29.130,517.360,100.040,1,417.320,546.650,128,16384,3
batch,4,0,60,decode,4,4,0,4,4,0,27.940,521.760,99.310,1,422.450,549.820,128,16384,3
batch,4,0,61,decode,4,4,0,4,4,0,29.330,526.370,101.030,1,425.340,555.860,128,16384,3
batch,4,0,62,decode,4,4,0,4,4,0,27.550,525.560,101.930,1,423.630,553.300,128,16384,3
batch,4,0,63,decode,4,4,0,4,4,0,30.030,541.440,102.580,1,438.860,571.640,128,16384,3
batch,4,0,64,decode,4,4,0,4,4,0,29.190,536.630,98.260,1,438.370,566.010,128,16384,3
batch,4,0,65,decode,4,4,0,4,4,0,28.010,520.350,98.660,1,421.690,548.580,128,16384,3
batch,4,0,66,decode,4,4,0,4,4,0,28.090,504.980,94.960,1,410.020,533.220,128,16384,3
batch,4,0,67,decode,4,4,0,4,4,0,27.520,496.940,93.940,1,403.000,524.670,128,16384,3
batch,4,0,68,decode,4,4,0,4,4,0,27.250,508.510,96.320,1,412.190,535.960,128,16384,3
batch,4,0,69,decode,4,4,0,4,4,0,27.370,562.750,144.600,1,418.150,590.260,128,16384,3
batch,4,0,70,decode,4,4,0,4,4,0,27.920,533.220,98.620,1,434.600,561.300,128,16384,3
batch,4,0,71,decode,4,4,0,4,4,0,27.620,528.050,98.490,1,429.560,555.820,128,16384,3
batch,4,0,72,decode,4,4,0,4,4,0,27.030,511.730,97.440,1,414.290,538.920,128,16384,3
batch,4,0,73,decode,4,4,0,4,4,0,27.410,511.160,96.820,1,414.340,538.770,128,16384,3
batch,4,0,74,decode,4,4,0,4,4,0,27.610,512.780,95.880,1,416.900,540.560,128,16384,3
batch,4,0,75,decode,4,4,0,4,4,0,28.200,510.980,100.220,1,410.760,539.340,128,16384,3
batch,4,0,76,decode,4,4,0,4,4,0,29.150,568.730,102.430,1,466.300,598.050,128,16384,3
batch,4,0,77,decode,4,4,0,4,4,0,29.340,536.250,101.430,1,434.820,565.760,128,16384,3
batch,4,0,78,decode,4,4,0,4,4,0,28.990,512.710,96.020,1,416.690,541.850,128,16384,3
batch,4,0,79,decode,4,4,0,4,4,0,27.220,504.350,95.440,1,408.910,531.740,128,16384,3
batch,8,0,0,decode,8,8,0,8,8,0,40.350,565.090,101.500,1,463.590,605.600,128,16384,3
batch,8,0,1,decode,8,8,0,8,8,0,37.660,536.750,97.720,1,439.030,574.580,128,16384,3
batch,8,0,2,decode,8,8,0,8,8,0,37.500,526.190,95.550,1,430.640,563.880,128,16384,3
batch,8,0,3,decode,8,8,0,8,8,0,36.720,518.960,94.350,1,424.610,555.840,128,16384,3
batch,8,0,4,decode,8,8,0,8,8,0,36.860,517.350,94.090,1,423.260,554.370,128,16384,3
batch,8,0,5,decode,8,8,0,8,8,0,34.700,570.170,100.230,1,469.940,605.060,128,16384,3
batch,8,0,6,decode,8,8,0,8,8,0,35.640,546.020,97.840,1,448.180,581.810,128,16384,3
batch,8,0,7,decode,8,8,0,8,8,0,35.220,521.830,95.340,1,426.490,557.200,128,16384,3
batch,8,0,8,decode,8,8,0,8,8,0,34.510,519.920,95.620,1,424.300,554.570,128,16384,3
batch,8,0,9,decode,8,8,0,8,8,0,35.310,522.580,97.410,1,425.170,558.050,128,16384,3
batch,8,0,10,decode,8,8,0,8,8,0,35.640,523.370,97.770,1,425.600,559.160,128,16384,3
batch,8,0,11,decode,8,8,0,8,8,0,34.460,517.220,93.800,1,423.420,551.870,128,16384,3
batch,8,0,12,decode,8,8,0,8,8,0,35.540,553.840,102.390,1,451.450,589.570,128,16384,3
batch,8,0,13,decode,8,8,0,8,8,0,35.730,517.820,94.900,1,422.920,553.700,128,16384,3
batch,8,0,14,decode,8,8,0,8,8,0,34.170,523.000,95.900,1,427.100,557.330,128,16384,3
batch,8,0,15,decode,8,8,0,8,8,0,35.870,517.340,96.210,1,421.130,553.370,128,16384,3
batch,8,0,16,decode,8,8,0,8,8,0,35.050,518.980,94.930,1,424.050,554.200,128,16384,3
batch,8,0,17,decode,8,8,0,8,8,0,34.810,510.360,93.080,1,417.280,545.310,128,16384,3
batch,8,0,18,decode,8,8,0,8,8,0,35.080,573.880,102.740,1,471.140,609.090,128,16384,3
batch,8,0,19,decode,8,8,0,8,8,0,37.050,538.310,97.510,1,440.800,575.550,128,16384,3
batch,8,0,20,decode,8,8,0,8,8,0,35.220,521.190,96.950,1,424.240,556.600,128,16384,3
batch,8,0,21,decode,8,8,0,8,8,0,35.530,519.180,95.430,1,423.750,554.870,128,16384,3
batch,8,0,22,decode,8,8,0,8,8,0,34.690,515.140,94.870,1,420.270,550.000,128,16384,3
batch,8,0,23,decode,8,8,0,8,8,0,34.410,514.520,94.630,1,419.890,549.080,128,16384,3
batch,8,0,24,decode,8,8,0,8,8,0,34.070,511.020,92.830,1,418.190,545.250,128,16384,3
batch,8,0,25,decode,8,8,0,8,8,0,34.770,575.500,97.880,1,477.620,610.420,128,16384,3
batch,8,0,26,decode,8,8,0,8,8,0,33.850,514.650,94.510,1,420.140,548.660,128,16384,3
batch,8,0,27,decode,8,8,0,8,8,0,34.070,507.250,92.290,1,414.960,541.470,128,16384,3
batch,8,0,28,decode,8,8,0,8,8,0,33.660,504.550,90.770,1,413.780,538.390,128,16384,3
batch,8,0,29,decode,8,8,0,8,8,0,33.530,503.340,92.500,1,410.840,537.080,128,16384,3
batch,8,0,30,decode,8,8,0,8,8,0,33.910,504.610,92.590,1,412.020,538.660,128,16384,3
batch,8,0,31,decode,8,8,0,8,8,0,34.170,549.700,135.020,1,414.680,584.020,128,16384,3
batch,8,0,32,decode,8,8,0,8,8,0,35.110,525.520,93.950,1,431.570,560.790,128,16384,3
batch,8,0,33,decode,8,8,0,8,8,0,34.740,506.490,93.270,1,413.220,541.390,128,16384,3
batch,8,0,34,decode,8,8,0,8,8,0,33.940,502.070,92.400,1,409.670,536.200,128,16384,3
batch,8,0,35,decode,8,8,0,8,8,0,34.740,502.950,91.590,1,411.360,537.850,128,16384,3
batch,8,0,36,decode,8,8,0,8,8,0,34.160,502.230,91.790,1,410.440,536.530,128,16384,3
batch,8,0,37,decode,8,8,0,8,8,0,34.240,506.280,93.160,1,413.120,540.680,128,16384,3
batch,8,0,38,decode,8,8,0,8,8,0,34.120,556.400,98.270,1,458.130,590.710,128,16384,3
batch,8,0,39,decode,8,8,0,8,8,0,42.790,513.880,92.320,1,421.560,556.870,128,16384,3
batch,8,0,40,decode,8,8,0,8,8,0,35.160,505.470,91.560,1,413.910,540.810,128,16384,3
batch,8,0,41,decode,8,8,0,8,8,0,33.690,505.000,93.880,1,411.120,538.870,128,16384,3
batch,8,0,42,decode,8,8,0,8,8,0,33.930,501.870,90.990,1,410.880,535.990,128,16384,3
batch,8,0,43,decode,8,8,0,8,8,0,33.660,505.940,92.830,1,413.110,539.820,128,16384,3
batch,8,0,44,decode,8,8,0,8,8,0,34.070,500.010,92.370,1,407.640,534.220,128,16384,3
batch,8,0,45,decode,8,8,0,8,8,0,34.710,572.640,109.280,1,463.360,607.510,128,16384,3
batch,8,0,46,decode,8,8,0,8,8,0,34.760,511.840,92.240,1,419.600,546.740,128,16384,3
batch,8,0,47,decode,8,8,0,8,8,0,33.520,501.450,93.170,1,408.280,535.130,128,16384,3
batch,8,0,48,decode,8,8,0,8,8,0,34.790,506.350,93.060,1,413.290,541.310,128,16384,3
batch,8,0,49,decode,8,8,0,8,8,0,34.610,503.200,92.060,1,411.140,537.970,128,16384,3
batch,8,0,50,decode,8,8,0,8,8,0,34.770,493.370,91.870,1,401.500,528.320,128,16384,3
batch,8,0,51,decode,8,8,0,8,8,0,32.990,491.080,92.400,1,398.680,524.260,128,16384,3
batch,8,0,52,decode,8,8,0,8,8,0,33.280,556.990,95.480,1,461.510,590.420,128,16384,3
batch,8,0,53,decode,8,8,0,8,8,0,33.940,496.330,92.330,1,404.000,530.460,128,16384,3
batch,8,0,54,decode,8,8,0,8,8,0,33.330,494.790,93.360,1,401.430,528.280,128,16384,3
batch,8,0,55,decode,8,8,0,8,8,0,33.240,494.680,93.530,1,401.150,528.120,128,16384,3
batch,8,0,56,decode,8,8,0,8,8,0,33.000,491.700,92.240,1,399.460,524.850,128,16384,3
batch,8,0,57,decode,8,8,0,8,8,0,33.430,488.120,92.390,1,395.730,521.730,128,16384,3
batch,8,0,58,decode,8,8,0,8,8,0,33.240,491.190,92.730,1,398.460,524.610,128,16384,3
batch,8,0,59,decode,8,8,0,8,8,0,72.630,520.490,94.690,1,425.800,593.260,128,16384,3
batch,8,0,60,decode,8,8,0,8,8,0,33.930,494.530,94.050,1,400.480,528.620,128,16384,3
batch,8,0,61,decode,8,8,0,8,8,0,32.980,489.570,91.070,1,398.500,522.710,128,16384,3
batch,8,0,62,decode,8,8,0,8,8,0,33.050,488.880,92.170,1,396.710,522.120,128,16384,3
batch,8,0,63,decode,8,8,0,8,8,0,33.090,492.630,92.540,1,400.090,525.920,128,16384,3
batch,8,0,64,decode,8,8,0,8,8,0,33.030,491.860,92.890,1,398.970,525.060,128,16384,3
batch,8,0,65,decode,8,8,0,8,8,0,33.290,488.420,90.670,1,397.750,521.880,128,16384,3
batch,8,0,66,decode,8,8,0,8,8,0,33.970,526.430,94.550,1,431.880,560.570,128,16384,3
batch,8,0,67,decode,8,8,0,8,8,0,34.250,495.750,94.340,1,401.410,530.170,128,16384,3
batch,8,0,68,decode,8,8,0,8,8,0,33.290,490.920,91.590,1,399.330,524.400,128,16384,3
batch,8,0,69,decode,8,8,0,8,8,0,33.150,495.990,92.500,1,403.490,529.290,128,16384,3
batch,8,0,70,decode,8,8,0,8,8,0,33.240,493.630,92.330,1,401.300,527.030,128,16384,3
batch,8,0,71,decode,8,8,0,8,8,0,34.520,493.470,93.030,1,400.440,528.180,128,16384,3
batch,8,0,72,decode,8,8,0,8,8,0,33.420,537.920,134.590,1,403.330,571.550,128,16384,3
batch,8,0,73,decode,8,8,0,8,8,0,35.080,509.820,94.140,1,415.680,545.060,128,16384,3
batch,8,0,74,decode,8,8,0,8,8,0,33.280,497.400,92.210,1,405.190,530.870,128,16384,3
batch,8,0,75,decode,8,8,0,8,8,0,33.890,494.820,92.500,1,402.320,528.910,128,16384,3
batch,8,0,76,decode,8,8,0,8,8,0,33.140,494.390,93.580,1,400.810,527.710,128,16384,3
batch,8,0,77,decode,8,8,0,8,8,0,33.320,495.820,92.710,1,403.110,529.320,128,16384,3
batch,8,0,78,decode,8,8,0,8,8,0,33.310,490.780,91.670,1,399.110,524.250,128,16384,3
batch,8,0,79,decode,8,8,0,8,8,0,33.360,551.780,106.560,1,445.220,585.290,128,16384,3
batch,16,0,0,decode,16,16,0,16,16,0,52.150,529.060,95.360,1,433.700,581.420,128,16384,3
batch,16,0,1,decode,16,16,0,16,16,0,51.790,526.300,97.490,1,428.810,578.280,128,16384,3
batch,16,0,2,decode,16,16,0,16,16,0,48.140,587.700,100.190,1,487.510,636.020,128,16384,3
batch,16,0,3,decode,16,16,0,16,16,0,49.310,523.990,94.760,1,429.230,573.480,128,16384,3
batch,16,0,4,decode,16,16,0,16,16,0,50.120,519.970,96.100,1,423.870,570.280,128,16384,3
batch,16,0,5,decode,16,16,0,16,16,0,48.880,524.620,96.670,1,427.950,573.650,128,16384,3
batch,16,0,6,decode,16,16,0,16,16,0,48.630,528.420,98.610,1,429.810,577.240,128,16384,3
batch,16,0,7,decode,16,16,0,16,16,0,47.860,523.890,96.100,1,427.790,571.900,128,16384,3
batch,16,0,8,decode,16,16,0,16,16,0,48.090,587.710,104.670,1,483.040,635.970,128,16384,3
batch,16,0,9,decode,16,16,0,16,16,0,49.730,534.300,98.130,1,436.170,584.220,128,16384,3
batch,16,0,10,decode,16,16,0,16,16,0,48.540,520.140,94.490,1,425.650,568.830,128,16384,3
batch,16,0,11,decode,16,16,0,16,16,0,47.940,517.320,94.300,1,423.020,565.420,128,16384,3
batch,16,0,12,decode,16,16,0,16,16,0,48.820,519.150,93.850,1,425.300,568.120,128,16384,3
batch,16,0,13,decode,16,16,0,16,16,0,47.630,522.240,95.000,1,427.240,570.050,128,16384,3
batch,16,0,14,decode,16,16,0,16,16,0,48.460,581.980,153.800,1,428.180,630.630,128,16384,3
batch,16,0,15,decode,16,16,0,16,16,0,49.690,528.020,96.010,1,432.010,577.850,128,16384,3
batch,16,0,16,decode,16,16,0,16,16,0,47.930,518.500,94.790,1,423.710,566.600,128,16384,3
batch,16,0,17,decode,16,16,0,16,16,0,49.630,516.950,93.410,1,423.540,566.730,128,16384,3
batch,16,0,18,decode,16,16,0,16,16,0,48.660,516.100,93.610,1,422.490,564.900,128,16384,3
batch,16,0,19,decode,16,16,0,16,16,0,49.010,513.200,94.000,1,419.200,562.390,128,16384,3
batch,16,0,20,decode,16,16,0,16,16,0,47.900,517.900,95.110,1,422.790,565.980,128,16384,3
batch,16,0,21,decode,16,16,0,16,16,0,93.770,539.060,97.320,1,441.740,633.010,128,16384,3
batch,16,0,22,decode,16,16,0,16,16,0,49.150,521.330,93.600,1,427.730,570.650,128,16384,3
batch,16,0,23,decode,16,16,0,16,16,0,47.700,518.500,94.390,1,424.110,566.380,128,16384,3
batch,16,0,24,decode,16,16,0,16,16,0,48.810,515.860,93.700,1,422.160,564.880,128,16384,3
batch,16,0,25,decode,16,16,0,16,16,0,48.640,516.100,94.300,1,421.800,564.900,128,16384,3
batch,16,0,26,decode,16,16,0,16,16,0,47.430,516.500,93.460,1,423.040,564.130,128,16384,3
batch,16,0,27,decode,16,16,0,16,16,0,47.340,608.610,98.500,1,510.110,656.100,128,16384,3
batch,16,0,28,decode,16,16,0,16,16,0,48.890,519.380,94.290,1,425.090,568.460,128,16384,3
batch,16,0,29,decode,16,16,0,16,16,0,47.670,959.800,524.990,1,434.810,1007.640,128,16384,3
batch,16,0,30,decode,16,16,0,16,16,0,51.030,552.820,98.660,1,454.160,604.040,128,16384,3
batch,16,0,31,decode,16,16,0,16,16,0,50.150,533.260,97.550,1,435.710,583.570,128,16384,3
batch,16,0,32,decode,16,16,0,16,16,0,49.130,579.600,152.020,1,427.580,628.950,128,16384,3
batch,16,0,33,decode,16,16,0,16,16,0,49.680,526.480,94.900,1,431.580,576.370,128,16384,3
batch,16,0,34,decode,16,16,0,16,16,0,48.280,520.570,94.250,1,426.320,569.010,128,16384,3
batch,16,0,35,decode,16,16,0,16,16,0,48.480,515.190,94.150,1,421.040,563.810,128,16384,3
batch,16,0,36,decode,16,16,0,16,16,0,49.330,520.140,95.200,1,424.940,569.620,128,16384,3
batch,16,0,37,decode,16,16,0,16,16,0,47.840,521.130,95.620,1,425.510,569.160,128,16384,3
batch,16,0,38,decode,16,16,0,16,16,0,48.350,519.490,95.320,1,424.170,568.040,128,16384,3
batch,16,0,39,decode,16,16,0,16,16,0,50.010,539.140,98.190,1,440.950,589.320,128,16384,3
batch,16,0,40,decode,16,16,0,16,16,0,49.230,521.200,94.450,1,426.750,570.590,128,16384,3
batch,16,0,41,decode,16,16,0,16,16,0,48.780,518.400,92.970,1,425.430,567.350,128,16384,3
batch,16,0,42,decode,16,16,0,16,16,0,48.050,515.590,92.870,1,422.720,563.840,128,16384,3
batch,16,0,43,decode,16,16,0,16,16,0,48.820,514.160,93.260,1,420.900,563.140,128,16384,3
batch,16,0,44,decode,16,16,0,16,16,0,48.230,514.920,93.420,1,421.500,563.330,128,16384,3
batch,16,0,45,decode,16,16,0,16,16,0,48.840,590.640,98.980,1,491.660,639.640,128,16384,3
batch,16,0,46,decode,16,16,0,16,16,0,48.590,515.220,93.360,1,421.860,563.990,128,16384,3
batch,16,0,47,decode,16,16,0,16,16,0,48.520,514.840,94.050,1,420.790,563.500,128,16384,3
batch,16,0,48,decode,16,16,0,16,16,0,47.400,512.210,91.140,1,421.070,559.790,128,16384,3
batch,16,0,49,decode,16,16,0,16,16,0,48.500,515.640,93.920,1,421.720,564.300,128,16384,3
batch,16,0,50,decode,16,16,0,16,16,0,46.170,508.930,95.160,1,413.770,555.280,128,16384,3
batch,16,0,51,decode,16,16,0,16,16,0,48.140,663.700,107.040,1,556.660,712.040,128,16384,3
batch,16,0,52,decode,16,16,0,16,16,0,49.090,512.450,95.970,1,416.480,561.690,128,16384,3
batch,16,0,53,decode,16,16,0,16,16,0,47.950,511.890,95.490,1,416.400,560.060,128,16384,3
batch,16,0,54,decode,16,16,0,16,16,0,47.230,501.310,92.620,1,408.690,548.720,128,16384,3
batch,16,0,55,decode,16,16,0,16,16,0,47.770,509.000,94.430,1,414.570,556.980,128,16384,3
batch,16,0,56,decode,16,16,0,16,16,0,47.600,507.320,94.580,1,412.740,555.100,128,16384,3
batch,16,0,57,decode,16,16,0,16,16,0,47.000,514.670,102.650,1,412.020,561.880,128,16384,3
batch,16,0,58,decode,16,16,0,16,16,0,49.110,516.520,95.160,1,421.360,565.810,128,16384,3
batch,16,0,59,decode,16,16,0,16,16,0,46.910,505.990,93.290,1,412.700,553.100,128,16384,3
batch,16,0,60,decode,16,16,0,16,16,0,47.920,503.350,93.040,1,410.310,551.490,128,16384,3
batch,16,0,61,decode,16,16,0,16,16,0,47.870,504.450,93.620,1,410.830,552.470,128,16384,3
batch,16,0,62,decode,16,16,0,16,16,0,47.160,503.260,92.990,1,410.270,550.600,128,16384,3
batch,16,0,63,decode,16,16,0,16,16,0,47.910,508.040,95.220,1,412.820,556.150,128,16384,3
batch,16,0,64,decode,16,16,0,16,16,0,47.970,565.920,98.910,1,467.010,614.030,128,16384,3
batch,16,0,65,decode,16,16,0,16,16,0,47.170,504.310,93.450,1,410.860,551.650,128,16384,3
batch,16,0,66,decode,16,16,0,16,16,0,47.290,504.830,93.490,1,411.340,552.290,128,16384,3
batch,16,0,67,decode,16,16,0,16,16,0,46.690,500.020,91.810,1,408.210,546.900,128,16384,3
batch,16,0,68,decode,16,16,0,16,16,0,46.960,502.860,92.940,1,409.920,550.020,128,16384,3
batch,16,0,69,decode,16,16,0,16,16,0,46.370,502.470,94.110,1,408.360,548.990,128,16384,3
batch,16,0,70,decode,16,16,0,16,16,0,46.510,515.620,106.460,1,409.160,562.330,128,16384,3
batch,16,0,71,decode,16,16,0,16,16,0,48.300,518.150,94.940,1,423.210,566.630,128,16384,3
batch,16,0,72,decode,16,16,0,16,16,0,46.640,500.170,92.840,1,407.330,547.000,128,16384,3
batch,16,0,73,decode,16,16,0,16,16,0,47.150,500.520,93.320,1,407.200,547.810,128,16384,3
batch,16,0,74,decode,16,16,0,16,16,0,47.190,505.840,94.250,1,411.590,553.180,128,16384,3
batch,16,0,75,decode,16,16,0,16,16,0,47.240,505.060,94.300,1,410.760,552.520,128,16384,3
batch,16,0,76,decode,16,16,0,16,16,0,47.420,501.550,93.070,1,408.480,549.120,128,16384,3
batch,16,0,77,decode,16,16,0,16,16,0,46.970,569.840,99.300,1,470.540,616.990,128,16384,3
batch,16,0,78,decode,16,16,0,16,16,0,46.920,506.320,93.700,1,412.620,553.400,128,16384,3
batch,16,0,79,decode,16,16,0,16,16,0,47.180,503.010,92.900,1,410.110,550.400,128,16384,3
batch,32,0,0,decode,32,32,0,32,32,0,79.310,562.300,100.870,1,461.430,641.810,128,16384,3
batch,32,0,1,decode,32,32,0,32,32,0,77.850,541.240,97.170,1,444.070,619.260,128,16384,3
batch,32,0,2,decode,32,32,0,32,32,0,77.470,540.670,96.960,1,443.710,618.350,128,16384,3
batch,32,0,3,decode,32,32,0,32,32,0,76.980,554.990,98.990,1,456.000,632.130,128,16384,3
batch,32,0,4,decode,32,32,0,32,32,0,78.030,589.410,97.640,1,491.770,667.660,128,16384,3
batch,32,0,5,decode,32,32,0,32,32,0,79.900,539.430,95.510,1,443.920,619.530,128,16384,3
batch,32,0,6,decode,32,32,0,32,32,0,77.940,536.140,95.670,1,440.470,614.270,128,16384,3
batch,32,0,7,decode,32,32,0,32,32,0,75.740,536.120,94.140,1,441.980,612.040,128,16384,3
batch,32,0,8,decode,32,32,0,32,32,0,76.540,530.950,93.720,1,437.230,607.670,128,16384,3
batch,32,0,9,decode,32,32,0,32,32,0,76.060,552.550,95.990,1,456.560,628.790,128,16384,3
batch,32,0,10,decode,32,32,0,32,32,0,77.160,557.480,98.450,1,459.030,634.790,128,16384,3
batch,32,0,11,decode,32,32,0,32,32,0,76.010,537.390,95.170,1,442.220,613.570,128,16384,3
batch,32,0,12,decode,32,32,0,32,32,0,76.170,537.480,96.000,1,441.480,613.810,128,16384,3
batch,32,0,13,decode,32,32,0,32,32,0,75.320,528.040,94.410,1,433.630,603.560,128,16384,3
batch,32,0,14,decode,32,32,0,32,32,0,76.450,548.930,109.820,1,439.110,625.580,128,16384,3
batch,32,0,15,decode,32,32,0,32,32,0,75.980,590.590,100.600,1,489.990,666.750,128,16384,3
batch,32,0,16,decode,32,32,0,32,32,0,75.150,536.310,94.100,1,442.210,611.610,128,16384,3
batch,32,0,17,decode,32,32,0,32,32,0,76.270,535.130,96.190,1,438.940,611.610,128,16384,3
batch,32,0,18,decode,32,32,0,32,32,0,75.910,537.020,96.080,1,440.940,613.140,128,16384,3
batch,32,0,19,decode,32,32,0,32,32,0,76.800,536.660,96.600,1,440.060,613.610,128,16384,3
batch,32,0,20,decode,32,32,0,32,32,0,76.040,547.580,96.760,1,450.820,623.810,128,16384,3
batch,32,0,21,decode,32,32,0,32,32,0,77.680,581.260,97.210,1,484.050,659.100,128,16384,3
batch,32,0,22,decode,32,32,0,32,32,0,76.920,532.610,94.080,1,438.530,609.670,128,16384,3
batch,32,0,23,decode,32,32,0,32,32,0,75.370,530.270,94.090,1,436.180,605.840,128,16384,3
batch,32,0,24,decode,32,32,0,32,32,0,76.440,532.450,94.210,1,438.240,609.090,128,16384,3
batch,32,0,25,decode,32,32,0,32,32,0,77.580,534.800,95.730,1,439.070,612.600,128,16384,3
batch,32,0,26,decode,32,32,0,32,32,0,82.810,547.820,95.990,1,451.830,630.830,128,16384,3
batch,32,0,27,decode,32,32,0,32,32,0,118.800,544.200,95.140,1,449.060,663.200,128,16384,3
batch,32,0,28,decode,32,32,0,32,32,0,76.020,531.660,95.230,1,436.430,607.840,128,16384,3
batch,32,0,29,decode,32,32,0,32,32,0,74.740,534.360,95.610,1,438.750,609.290,128,16384,3
batch,32,0,30,decode,32,32,0,32,32,0,75.090,1755.480,1300.120,1,455.360,1830.730,128,16384,3
batch,32,0,31,decode,32,32,0,32,32,0,123.880,600.910,104.090,1,496.820,724.980,128,16384,3
batch,32,0,32,decode,32,32,0,32,32,0,79.720,554.480,99.200,1,455.280,634.400,128,16384,3
batch,32,0,33,decode,32,32,0,32,32,0,77.610,544.270,95.960,1,448.310,622.050,128,16384,3
batch,32,0,34,decode,32,32,0,32,32,0,76.860,540.660,96.160,1,444.500,617.710,128,16384,3
batch,32,0,35,decode,32,32,0,32,32,0,77.110,552.300,97.010,1,455.290,629.620,128,16384,3
batch,32,0,36,decode,32,32,0,32,32,0,77.610,587.510,100.770,1,486.740,665.340,128,16384,3
batch,32,0,37,decode,32,32,0,32,32,0,77.450,538.320,97.030,1,441.290,615.960,128,16384,3
batch,32,0,38,decode,32,32,0,32,32,0,76.590,540.230,95.990,1,444.240,616.970,128,16384,3
batch,32,0,39,decode,32,32,0,32,32,0,78.430,536.700,95.560,1,441.140,615.300,128,16384,3
batch,32,0,40,decode,32,32,0,32,32,0,78.780,534.950,95.920,1,439.030,613.870,128,16384,3
batch,32,0,41,decode,32,32,0,32,32,0,76.940,561.190,96.470,1,464.720,638.340,128,16384,3
batch,32,0,42,decode,32,32,0,32,32,0,76.090,585.590,98.100,1,487.490,661.880,128,16384,3
batch,32,0,43,decode,32,32,0,32,32,0,76.410,535.840,95.670,1,440.170,612.450,128,16384,3
batch,32,0,44,decode,32,32,0,32,32,0,77.680,534.920,93.890,1,441.030,612.800,128,16384,3
batch,32,0,45,decode,32,32,0,32,32,0,79.130,532.000,94.770,1,437.230,611.350,128,16384,3
batch,32,0,46,decode,32,32,0,32,32,0,76.380,548.350,107.120,1,441.230,624.910,128,16384,3
batch,32,0,47,decode,32,32,0,32,32,0,76.090,540.320,96.460,1,443.860,616.610,128,16384,3
batch,32,0,48,decode,32,32,0,32,32,0,76.070,552.670,96.670,1,456.000,628.940,128,16384,3
batch,32,0,49,decode,32,32,0,32,32,0,78.910,533.820,93.720,1,440.100,612.910,128,16384,3
batch,32,0,50,decode,32,32,0,32,32,0,75.050,524.980,93.580,1,431.400,600.240,128,16384,3
batch,32,0,51,decode,32,32,0,32,32,0,75.700,523.720,94.080,1,429.640,599.580,128,16384,3
batch,32,0,52,decode,32,32,0,32,32,0,76.630,537.120,95.940,1,441.180,613.900,128,16384,3
batch,32,0,53,decode,32,32,0,32,32,0,74.330,570.850,138.460,1,432.390,645.400,128,16384,3
batch,32,0,54,decode,32,32,0,32,32,0,76.760,530.870,95.990,1,434.880,607.780,128,16384,3
batch,32,0,55,decode,32,32,0,32,32,0,75.280,521.930,95.460,1,426.470,597.400,128,16384,3
batch,32,0,56,decode,32,32,0,32,32,0,76.400,523.670,94.890,1,428.780,600.270,128,16384,3
batch,32,0,57,decode,32,32,0,32,32,0,75.370,526.710,94.470,1,432.240,602.290,128,16384,3
batch,32,0,58,decode,32,32,0,32,32,0,76.380,539.560,96.640,1,442.920,616.090,128,16384,3
batch,32,0,59,decode,32,32,0,32,32,0,75.550,577.580,100.550,1,477.030,653.300,128,16384,3
batch,32,0,60,decode,32,32,0,32,32,0,77.490,525.760,94.780,1,430.980,603.390,128,16384,3
batch,32,0,61,decode,32,32,0,32,32,0,74.430,525.830,95.670,1,430.160,600.420,128,16384,3
batch,32,0,62,decode,32,32,0,32,32,0,75.450,525.470,95.120,1,430.350,601.080,128,16384,3
batch,32,0,63,decode,32,32,0,32,32,0,77.510,529.920,96.180,1,433.740,607.630,128,16384,3
batch,32,0,64,decode,32,32,0,32,32,0,162.550,543.320,95.850,1,447.470,706.070,128,16384,3
batch,32,0,65,decode,32,32,0,32,32,0,75.630,573.640,96.000,1,477.640,649.480,128,16384,3
batch,32,0,66,decode,32,32,0,32,32,0,75.320,526.780,95.740,1,431.040,602.250,128,16384,3
batch,32,0,67,decode,32,32,0,32,32,0,75.150,526.340,95.940,1,430.400,601.710,128,16384,3
batch,32,0,68,decode,32,32,0,32,32,0,76.760,524.130,94.720,1,429.410,601.040,128,16384,3
batch,32,0,69,decode,32,32,0,32,32,0,74.620,547.530,96.800,1,450.730,622.300,128,16384,3
batch,32,0,70,decode,32,32,0,32,32,0,74.470,524.370,94.560,1,429.810,598.980,128,16384,3
batch,32,0,71,decode,32,32,0,32,32,0,115.240,541.480,98.520,1,442.960,656.870,128,16384,3
batch,32,0,72,decode,32,32,0,32,32,0,74.950,527.960,94.540,1,433.420,603.110,128,16384,3
batch,32,0,73,decode,32,32,0,32,32,0,75.640,522.450,93.720,1,428.730,598.250,128,16384,3
batch,32,0,74,decode,32,32,0,32,32,0,73.860,521.430,94.290,1,427.140,595.470,128,16384,3
batch,32,0,75,decode,32,32,0,32,32,0,74.030,545.450,97.850,1,447.600,619.680,128,16384,3
batch,32,0,76,decode,32,32,0,32,32,0,74.770,562.390,94.910,1,467.480,637.330,128,16384,3
batch,32,0,77,decode,32,32,0,32,32,0,75.720,539.340,96.310,1,443.030,615.290,128,16384,3
batch,32,0,78,decode,32,32,0,32,32,0,73.900,526.630,96.410,1,430.220,600.710,128,16384,3
batch,32,0,79,decode,32,32,0,32,32,0,76.520,520.510,94.890,1,425.620,597.190,128,16384,3
batch,64,0,0,prefill,64,16384,17,47,64,0,1028.560,1242.430,450.910,1,791.520,2271.160,128,16384,3
batch,64,0,1,prefill,64,157,1,63,64,0,311.420,666.130,119.590,1,546.540,977.750,128,16384,3
batch,64,0,2,decode,64,64,0,64,64,0,133.380,627.550,107.120,1,520.430,761.090,128,16384,3
batch,64,0,3,decode,64,64,0,64,64,0,133.160,585.500,101.330,1,484.170,718.830,128,16384,3
batch,64,0,4,decode,64,64,0,64,64,0,127.970,632.040,101.700,1,530.340,760.190,128,16384,3
batch,64,0,5,decode,64,64,0,64,64,0,131.160,578.350,100.820,1,477.530,709.650,128,16384,3
batch,64,0,6,decode,64,64,0,64,64,0,130.040,592.190,100.280,1,491.910,722.420,128,16384,3
batch,64,0,7,decode,64,64,0,64,64,0,129.530,581.410,98.910,1,482.500,711.190,128,16384,3
batch,64,0,8,decode,64,64,0,64,64,0,131.260,574.510,99.930,1,474.580,705.960,128,16384,3
batch,64,0,9,decode,64,64,0,64,64,0,167.530,584.840,100.270,1,484.570,752.600,128,16384,3
batch,64,0,10,decode,64,64,0,64,64,0,127.850,576.270,99.390,1,476.880,704.280,128,16384,3
batch,64,0,11,decode,64,64,0,64,64,0,128.730,584.230,100.430,1,483.800,713.120,128,16384,3
batch,64,0,12,decode,64,64,0,64,64,0,128.100,579.630,99.580,1,480.050,707.900,128,16384,3
batch,64,0,13,decode,64,64,0,64,64,0,126.780,614.080,138.410,1,475.670,741.050,128,16384,3
batch,64,0,14,decode,64,64,0,64,64,0,132.900,599.300,104.250,1,495.050,732.420,128,16384,3
batch,64,0,15,decode,64,64,0,64,64,0,127.840,576.970,98.130,1,478.840,705.000,128,16384,3
batch,64,0,16,decode,64,64,0,64,64,0,126.650,593.090,98.850,1,494.240,719.930,128,16384,3
batch,64,0,17,decode,64,64,0,64,64,0,127.640,575.530,99.640,1,475.890,703.310,128,16384,3
batch,64,0,18,decode,64,64,0,64,64,0,128.350,624.930,103.490,1,521.440,753.500,128,16384,3
batch,64,0,19,decode,64,64,0,64,64,0,131.970,580.050,100.340,1,479.710,712.180,128,16384,3
batch,64,0,20,decode,64,64,0,64,64,0,127.190,573.460,99.650,1,473.810,700.810,128,16384,3
batch,64,0,21,decode,64,64,0,64,64,0,139.460,583.400,99.870,1,483.530,723.050,128,16384,3
batch,64,0,22,decode,64,64,0,64,64,0,131.120,574.600,99.300,1,475.300,705.930,128,16384,3
batch,64,0,23,decode,64,64,0,64,64,0,129.690,626.800,101.930,1,524.870,756.660,128,16384,3
batch,64,0,24,decode,64,64,0,64,64,0,132.030,571.840,98.790,1,473.050,704.090,128,16384,3
batch,64,0,25,decode,64,64,0,64,64,0,128.450,589.460,117.290,1,472.170,718.100,128,16384,3
batch,64,0,26,decode,64,64,0,64,64,0,126.910,578.620,100.030,1,478.590,705.680,128,16384,3
batch,64,0,27,decode,64,64,0,64,64,0,127.850,573.270,98.310,1,474.960,701.320,128,16384,3
batch,64,0,28,decode,64,64,0,64,64,0,167.150,588.700,100.220,1,488.480,756.040,128,16384,3
batch,64,0,29,decode,64,64,0,64,64,0,127.220,574.630,97.990,1,476.640,701.990,128,16384,3
batch,64,0,30,decode,64,64,0,64,64,0,125.840,588.160,102.420,1,485.740,714.140,128,16384,3
batch,64,0,31,decode,64,64,0,64,64,0,125.890,575.880,99.710,1,476.170,701.970,128,16384,3
batch,64,0,32,decode,64,64,0,64,64,0,128.400,576.820,98.380,1,478.440,705.420,128,16384,3
batch,64,0,33,decode,64,64,0,64,64,0,127.040,588.560,100.760,1,487.800,715.770,128,16384,3
batch,64,0,34,decode,64,64,0,64,64,0,128.520,574.780,99.940,1,474.840,703.490,128,16384,3
batch,64,0,35,decode,64,64,0,64,64,0,127.540,588.850,99.590,1,489.260,716.590,128,16384,3
batch,64,0,36,decode,64,64,0,64,64,0,126.330,570.540,97.920,1,472.620,697.040,128,16384,3
batch,64,0,37,decode,64,64,0,64,64,0,126.720,626.200,104.000,1,522.200,753.120,128,16384,3
batch,64,0,38,decode,64,64,0,64,64,0,126.480,569.380,97.920,1,471.460,696.060,128,16384,3
batch,64,0,39,decode,64,64,0,64,64,0,123.580,574.770,98.040,1,476.730,698.540,128,16384,3
batch,64,0,40,decode,64,64,0,64,64,0,126.880,571.900,98.660,1,473.240,698.970,128,16384,3
batch,64,0,41,decode,64,64,0,64,64,0,126.500,576.040,99.390,1,476.650,702.730,128,16384,3
batch,64,0,42,decode,64,64,0,64,64,0,126.140,624.900,102.520,1,522.380,751.190,128,16384,3
batch,64,0,43,decode,64,64,0,64,64,0,126.700,571.660,97.490,1,474.170,698.540,128,16384,3
batch,64,0,44,decode,64,64,0,64,64,0,126.320,595.490,113.070,1,482.420,722.000,128,16384,3
batch,64,0,45,decode,64,64,0,64,64,0,128.050,577.350,99.280,1,478.070,705.570,128,16384,3
batch,64,0,46,decode,64,64,0,64,64,0,126.940,570.790,98.950,1,471.840,697.950,128,16384,3
batch,64,0,47,decode,64,64,0,64,64,0,128.020,628.390,100.550,1,527.840,756.570,128,16384,3
batch,64,0,48,decode,64,64,0,64,64,0,126.080,573.230,98.830,1,474.400,699.510,128,16384,3
batch,64,0,49,decode,64,64,0,64,64,0,127.890,591.290,101.160,1,490.130,719.390,128,16384,3
batch,64,0,50,decode,64,64,0,64,64,0,128.070,566.630,99.460,1,467.170,694.910,128,16384,3
batch,64,0,51,decode,64,64,0,64,64,0,128.270,565.050,98.690,1,466.360,693.460,128,16384,3
batch,64,0,52,decode,64,64,0,64,64,0,169.970,574.030,99.140,1,474.890,744.200,128,16384,3
batch,64,0,53,decode,64,64,0,64,64,0,130.030,558.490,98.380,1,460.110,688.660,128,16384,3
batch,64,0,54,decode,64,64,0,64,64,0,128.210,583.260,99.750,1,483.510,711.650,128,16384,3
batch,64,0,55,decode,64,64,0,64,64,0,126.140,558.370,97.850,1,460.520,684.660,128,16384,3
batch,64,0,56,decode,64,64,0,64,64,0,126.800,559.080,98.760,1,460.320,686.060,128,16384,3
batch,64,0,57,decode,64,64,0,64,64,0,127.260,574.470,99.120,1,475.350,701.890,128,16384,3
batch,64,0,58,decode,64,64,0,64,64,0,125.560,564.140,100.230,1,463.910,689.910,128,16384,3
batch,64,0,59,decode,64,64,0,64,64,0,138.320,567.540,99.170,1,468.370,706.020,128,16384,3
batch,64,0,60,decode,64,64,0,64,64,0,127.150,559.110,99.010,1,460.100,686.430,128,16384,3
batch,64,0,61,decode,64,64,0,64,64,0,125.500,605.130,140.550,1,464.580,730.830,128,16384,3
batch,64,0,62,decode,64,64,0,64,64,0,132.540,568.700,100.110,1,468.590,701.440,128,16384,3
batch,64,0,63,decode,64,64,0,64,64,0,126.380,556.590,97.470,1,459.120,683.130,128,16384,3
batch,64,0,64,decode,64,64,0,64,64,0,129.850,566.060,98.580,1,467.480,696.060,128,16384,3
batch,64,0,65,decode,64,64,0,64,64,0,130.330,563.200,99.120,1,464.080,693.720,128,16384,3
batch,64,0,66,decode,64,64,0,64,64,0,124.590,609.020,102.520,1,506.500,733.820,128,16384,3
batch,64,0,67,decode,64,64,0,64,64,0,128.520,564.150,97.620,1,466.530,692.810,128,16384,3
batch,64,0,68,decode,64,64,0,64,64,0,125.510,580.280,115.890,1,464.390,705.960,128,16384,3
batch,64,0,69,decode,64,64,0,64,64,0,126.010,562.790,98.340,1,464.450,689.000,128,16384,3
batch,64,0,70,decode,64,64,0,64,64,0,125.580,564.070,98.990,1,465.080,689.820,128,16384,3
batch,64,0,71,decode,64,64,0,64,64,0,127.320,609.460,101.590,1,507.870,736.970,128,16384,3
batch,64,0,72,decode,64,64,0,64,64,0,131.080,560.940,97.950,1,462.990,692.170,128,16384,3
batch,64,0,73,decode,64,64,0,64,64,0,130.140,574.920,100.150,1,474.770,705.230,128,16384,3
batch,64,0,74,decode,64,64,0,64,64,0,126.610,561.480,97.340,1,464.140,688.270,128,16384,3
batch,64,0,75,decode,64,64,0,64,64,0,125.680,561.230,97.910,1,463.320,687.110,128,16384,3
batch,64,0,76,decode,64,64,0,64,64,0,131.160,608.400,101.170,1,507.230,739.710,128,16384,3
batch,64,0,77,decode,64,64,0,64,64,0,128.790,564.700,100.710,1,463.990,693.630,128,16384,3
batch,64,0,78,decode,64,64,0,64,64,0,128.460,585.040,100.680,1,484.360,713.690,128,16384,3
batch,64,0,79,decode,64,64,0,64,64,0,129.330,564.270,100.800,1,463.470,693.760,128,16384,3
block_size,32,0,0,decode,16,16,0,16,16,0,51.200,601.210,100.660,1,500.550,652.600,32,16384,3
block_size,32,0,1,decode,16,16,0,16,16,0,51.190,548.910,94.580,1,454.330,600.280,32,16384,3
block_size,32,0,2,decode,16,16,0,16,16,0,49.200,559.200,106.780,1,452.420,608.630,32,16384,3
block_size,32,0,3,decode,16,16,0,16,16,0,49.460,547.090,95.980,1,451.110,596.740,32,16384,3
block_size,32,0,4,decode,16,16,0,16,16,0,49.030,544.770,94.840,1,449.930,593.950,32,16384,3
block_size,32,0,5,decode,16,16,0,16,16,0,49.110,540.480,94.820,1,445.660,589.780,32,16384,3
block_size,32,0,6,decode,16,16,0,16,16,0,49.550,589.150,98.080,1,491.070,638.860,32,16384,3
block_size,32,0,7,decode,16,16,0,16,16,0,50.800,545.740,95.780,1,449.960,596.700,32,16384,3
block_size,32,0,8,decode,16,16,0,16,16,0,49.490,641.880,187.750,1,454.130,691.550,32,16384,3
block_size,32,0,9,decode,16,16,0,16,16,0,50.380,551.390,95.300,1,456.090,601.970,32,16384,3
block_size,32,0,10,decode,16,16,0,16,16,0,49.690,540.070,93.930,1,446.140,589.960,32,16384,3
block_size,32,0,11,decode,16,16,0,16,16,0,48.150,541.690,94.650,1,447.040,590.040,32,16384,3
block_size,32,0,12,decode,16,16,0,16,16,0,49.410,589.790,99.130,1,490.660,639.390,32,16384,3
block_size,32,0,13,decode,16,16,0,16,16,0,49.750,543.470,94.690,1,448.780,593.410,32,16384,3
block_size,32,0,14,decode,16,16,0,16,16,0,48.890,556.950,96.400,1,460.550,606.040,32,16384,3
block_size,32,0,15,decode,16,16,0,16,16,0,49.300,540.460,94.490,1,445.970,589.950,32,16384,3
block_size,32,0,16,decode,16,16,0,16,16,0,48.490,542.880,93.470,1,449.410,591.530,32,16384,3
block_size,32,0,17,decode,16,16,0,16,16,0,47.960,538.090,94.480,1,443.610,586.220,32,16384,3
block_size,32,0,18,decode,16,16,0,16,16,0,49.210,587.260,100.050,1,487.210,636.620,32,16384,3
block_size,32,0,19,decode,16,16,0,16,16,0,50.640,540.640,93.250,1,447.390,591.430,32,16384,3
block_size,32,0,20,decode,16,16,0,16,16,0,49.470,558.600,98.320,1,460.280,608.210,32,16384,3
block_size,32,0,21,decode,16,16,0,16,16,0,49.290,539.880,93.000,1,446.880,589.310,32,16384,3
block_size,32,0,22,decode,16,16,0,16,16,0,48.920,537.280,93.650,1,443.630,586.370,32,16384,3
block_size,32,0,23,decode,16,16,0,16,16,0,49.540,536.620,92.780,1,443.840,586.300,32,16384,3
block_size,32,0,24,decode,16,16,0,16,16,0,47.460,581.610,136.330,1,445.280,629.210,32,16384,3
block_size,32,0,25,decode,16,16,0,16,16,0,50.040,543.750,94.510,1,449.240,593.970,32,16384,3
block_size,32,0,26,decode,16,16,0,16,16,0,48.280,548.020,104.160,1,443.860,596.470,32,16384,3
block_size,32,0,27,decode,16,16,0,16,16,0,49.310,541.670,95.180,1,446.490,591.180,32,16384,3
block_size,32,0,28,decode,16,16,0,16,16,0,48.620,537.390,92.740,1,444.650,586.170,32,16384,3
block_size,32,0,29,decode,16,16,0,16,16,0,48.690,536.550,93.540,1,443.010,585.380,32,16384,3
block_size,32,0,30,decode,16,16,0,16,16,0,49.790,538.240,93.640,1,444.600,588.230,32,16384,3
block_size,32,0,31,decode,16,16,0,16,16,0,49.060,553.580,95.540,1,458.040,602.800,32,16384,3
block_size,32,0,32,decode,16,16,0,16,16,0,48.760,560.240,108.450,1,451.790,609.190,32,16384,3
block_size,32,0,33,decode,16,16,0,16,16,0,48.800,545.050,94.370,1,450.680,594.010,32,16384,3
block_size,32,0,34,decode,16,16,0,16,16,0,48.610,538.230,94.990,1,443.240,587.000,32,16384,3
block_size,32,0,35,decode,16,16,0,16,16,0,48.170,535.410,93.380,1,442.030,583.750,32,16384,3
block_size,32,0,36,decode,16,16,0,16,16,0,49.380,538.170,93.680,1,444.490,587.710,32,16384,3
block_size,32,0,37,decode,16,16,0,16,16,0,89.410,549.020,95.970,1,453.050,638.630,32,16384,3
block_size,32,0,38,decode,16,16,0,16,16,0,49.880,551.440,94.360,1,457.080,601.470,32,16384,3
block_size,32,0,39,decode,16,16,0,16,16,0,49.850,542.000,93.790,1,448.210,592.040,32,16384,3
block_size,32,0,40,decode,16,16,0,16,16,0,48.660,533.380,92.690,1,440.690,582.210,32,16384,3
block_size,32,0,41,decode,16,16,0,16,16,0,48.820,536.280,93.810,1,442.470,585.270,32,16384,3
block_size,32,0,42,decode,16,16,0,16,16,0,48.520,541.160,96.080,1,445.080,589.880,32,16384,3
block_size,32,0,43,decode,16,16,0,16,16,0,48.470,591.470,96.050,1,495.420,640.090,32,16384,3
block_size,32,0,44,decode,16,16,0,16,16,0,49.920,540.170,94.620,1,445.550,590.230,32,16384,3
block_size,32,0,45,decode,16,16,0,16,16,0,50.230,547.710,94.130,1,453.580,598.110,32,16384,3
block_size,32,0,46,decode,16,16,0,16,16,0,49.540,539.000,94.500,1,444.500,588.700,32,16384,3
block_size,32,0,47,decode,16,16,0,16,16,0,48.950,533.750,93.750,1,440.000,582.860,32,16384,3
block_size,32,0,48,decode,16,16,0,16,16,0,48.860,537.910,93.460,1,444.450,586.960,32,16384,3
block_size,32,0,49,decode,16,16,0,16,16,0,49.280,588.010,95.250,1,492.760,637.470,32,16384,3
block_size,32,0,50,decode,16,16,0,16,16,0,48.110,530.090,94.040,1,436.050,578.390,32,16384,3
block_size,32,0,51,decode,16,16,0,16,16,0,59.960,542.220,94.890,1,447.330,602.380,32,16384,3
block_size,32,0,52,decode,16,16,0,16,16,0,47.300,530.810,93.950,1,436.860,578.320,32,16384,3
block_size,32,0,53,decode,16,16,0,16,16,0,49.120,527.430,94.680,1,432.750,576.730,32,16384,3
block_size,32,0,54,decode,16,16,0,16,16,0,47.100,522.070,93.180,1,428.890,569.360,32,16384,3
block_size,32,0,55,decode,16,16,0,16,16,0,47.480,578.620,97.030,1,481.590,626.290,32,16384,3
block_size,32,0,56,decode,16,16,0,16,16,0,49.050,529.860,93.140,1,436.720,579.050,32,16384,3
block_size,32,0,57,decode,16,16,0,16,16,0,48.980,550.080,95.880,1,454.200,599.210,32,16384,3
block_size,32,0,58,decode,16,16,0,16,16,0,49.100,528.840,94.360,1,434.480,578.080,32,16384,3
block_size,32,0,59,decode,16,16,0,16,16,0,48.080,529.650,94.590,1,435.060,577.910,32,16384,3
block_size,32,0,60,decode,16,16,0,16,16,0,47.880,527.570,94.870,1,432.700,575.600,32,16384,3
block_size,32,0,61,decode,16,16,0,16,16,0,47.660,573.700,98.780,1,474.920,621.540,32,16384,3
block_size,32,0,62,decode,16,16,0,16,16,0,49.760,530.580,95.880,1,434.700,580.530,32,16384,3
block_size,32,0,63,decode,16,16,0,16,16,0,47.180,547.540,95.560,1,451.980,594.890,32,16384,3
block_size,32,0,64,decode,16,16,0,16,16,0,48.040,532.100,93.610,1,438.490,580.310,32,16384,3
block_size,32,0,65,decode,16,16,0,16,16,0,48.150,524.100,92.110,1,431.990,572.430,32,16384,3
block_size,32,0,66,decode,16,16,0,16,16,0,48.590,524.560,93.270,1,431.290,573.360,32,16384,3
block_size,32,0,67,decode,16,16,0,16,16,0,48.250,567.110,94.870,1,472.240,615.530,32,16384,3
block_size,32,0,68,decode,16,16,0,16,16,0,48.910,541.120,96.420,1,444.700,590.210,32,16384,3
block_size,32,0,69,decode,16,16,0,16,16,0,48.010,543.100,95.600,1,447.500,591.300,32,16384,3
block_size,32,0,70,decode,16,16,0,16,16,0,49.160,529.030,94.750,1,434.280,578.350,32,16384,3
block_size,32,0,71,decode,16,16,0,16,16,0,47.300,527.750,95.200,1,432.550,575.220,32,16384,3
block_size,32,0,72,decode,16,16,0,16,16,0,48.320,523.220,93.100,1,430.120,571.720,32,16384,3
block_size,32,0,73,decode,16,16,0,16,16,0,47.860,527.280,94.940,1,432.340,575.280,32,16384,3
block_size,32,0,74,decode,16,16,0,16,16,0,48.790,845.480,349.340,1,496.140,894.420,32,16384,3
block_size,32,0,75,decode,16,16,0,16,16,0,48.990,605.480,104.310,1,501.170,654.620,32,16384,3
block_size,32,0,76,decode,16,16,0,16,16,0,50.510,541.070,96.860,1,444.210,591.730,32,16384,3
block_size,32,0,77,decode,16,16,0,16,16,0,50.230,535.700,95.060,1,440.640,586.090,32,16384,3
block_size,32,0,78,decode,16,16,0,16,16,0,48.660,537.800,95.190,1,442.610,586.620,32,16384,3
block_size,32,0,79,decode,16,16,0,16,16,0,48.600,580.120,139.880,1,440.240,628.910,32,16384,3
block_size,64,0,0,decode,16,16,0,16,16,0,51.220,542.100,96.280,1,445.820,593.480,64,16384,3
block_size,64,0,1,decode,16,16,0,16,16,0,50.250,583.570,96.850,1,486.720,633.970,64,16384,3
block_size,64,0,2,decode,16,16,0,16,16,0,49.060,546.890,96.910,1,449.980,596.120,64,16384,3
block_size,64,0,3,decode,16,16,0,16,16,0,61.370,549.760,97.640,1,452.120,611.300,64,16384,3
block_size,64,0,4,decode,16,16,0,16,16,0,48.900,533.380,95.210,1,438.170,582.430,64,16384,3
block_size,64,0,5,decode,16,16,0,16,16,0,50.210,536.750,96.150,1,440.600,587.140,64,16384,3
block_size,64,0,6,decode,16,16,0,16,16,0,48.140,530.730,95.870,1,434.860,579.010,64,16384,3
block_size,64,0,7,decode,16,16,0,16,16,0,48.950,530.990,95.560,1,435.430,580.090,64,16384,3
block_size,64,0,8,decode,16,16,0,16,16,0,49.750,539.700,95.210,1,444.490,589.610,64,16384,3
block_size,64,0,9,decode,16,16,0,16,16,0,48.870,547.930,95.460,1,452.470,596.950,64,16384,3
block_size,64,0,10,decode,16,16,0,16,16,0,48.800,534.920,96.020,1,438.900,583.920,64,16384,3
block_size,64,0,11,decode,16,16,0,16,16,0,48.770,537.190,97.920,1,439.270,586.120,64,16384,3
block_size,64,0,12,decode,16,16,0,16,16,0,48.790,535.950,97.300,1,438.650,584.910,64,16384,3
block_size,64,0,13,decode,16,16,0,16,16,0,50.000,530.520,94.510,1,436.010,580.670,64,16384,3
block_size,64,0,14,decode,16,16,0,16,16,0,48.870,582.320,97.140,1,485.180,631.350,64,16384,3
block_size,64,0,15,decode,16,16,0,16,16,0,47.800,551.660,97.900,1,453.760,599.620,64,16384,3
block_size,64,0,16,decode,16,16,0,16,16,0,48.550,530.110,95.130,1,434.980,578.820,64,16384,3
block_size,64,0,17,decode,16,16,0,16,16,0,48.450,533.530,95.790,1,437.740,582.140,64,16384,3
block_size,64,0,18,decode,16,16,0,16,16,0,47.810,527.860,94.680,1,433.180,575.860,64,16384,3
block_size,64,0,19,decode,16,16,0,16,16,0,48.230,528.140,93.490,1,434.650,576.550,64,16384,3
block_size,64,0,20,decode,16,16,0,16,16,0,49.040,587.670,97.700,1,489.970,636.940,64,16384,3
block_size,64,0,21,decode,16,16,0,16,16,0,49.380,554.000,95.670,1,458.330,603.520,64,16384,3
block_size,64,0,22,decode,16,16,0,16,16,0,48.840,534.120,95.120,1,439.000,583.120,64,16384,3
block_size,64,0,23,decode,16,16,0,16,16,0,49.850,533.060,94.220,1,438.840,583.110,64,16384,3
block_size,64,0,24,decode,16,16,0,16,16,0,49.160,526.600,94.480,1,432.120,575.940,64,16384,3
block_size,64,0,25,decode,16,16,0,16,16,0,48.820,531.950,94.900,1,437.050,580.940,64,16384,3
block_size,64,0,26,decode,16,16,0,16,16,0,47.660,580.550,99.060,1,481.490,628.350,64,16384,3
block_size,64,0,27,decode,16,16,0,16,16,0,51.170,564.060,97.840,1,466.220,615.440,64,16384,3
block_size,64,0,28,decode,16,16,0,16,16,0,49.370,534.020,94.490,1,439.530,583.540,64,16384,3
block_size,64,0,29,decode,16,16,0,16,16,0,49.190,530.740,94.630,1,436.110,580.110,64,16384,3
block_size,64,0,30,decode,16,16,0,16,16,0,48.610,535.380,94.700,1,440.680,584.130,64,16384,3
block_size,64,0,31,decode,16,16,0,16,16,0,48.180,528.810,93.920,1,434.890,577.170,64,16384,3
block_size,64,0,32,decode,16,16,0,16,16,0,48.010,576.790,100.580,1,476.210,624.950,64,16384,3
block_size,64,0,33,decode,16,16,0,16,16,0,50.260,558.880,99.310,1,459.570,609.290,64,16384,3
block_size,64,0,34,decode,16,16,0,16,16,0,48.950,535.780,96.000,1,439.780,584.890,64,16384,3
block_size,64,0,35,decode,16,16,0,16,16,0,48.010,530.880,97.160,1,433.720,579.050,64,16384,3
block_size,64,0,36,decode,16,16,0,16,16,0,50.120,537.950,98.180,1,439.770,588.270,64,16384,3
block_size,64,0,37,decode,16,16,0,16,16,0,49.140,539.690,97.280,1,442.410,589.030,64,16384,3
block_size,64,0,38,decode,16,16,0,16,16,0,48.960,586.420,140.620,1,445.800,635.570,64,16384,3
block_size,64,0,39,decode,16,16,0,16,16,0,49.470,557.410,100.310,1,457.100,607.050,64,16384,3
block_size,64,0,40,decode,16,16,0,16,16,0,49.040,538.730,96.870,1,441.860,587.970,64,16384,3
block_size,64,0,41,decode,16,16,0,16,16,0,48.890,541.280,97.240,1,444.040,590.370,64,16384,3
block_size,64,0,42,decode,16,16,0,16,16,0,50.260,531.790,94.820,1,436.970,582.240,64,16384,3
block_size,64,0,43,decode,16,16,0,16,16,0,48.620,532.730,95.920,1,436.810,581.500,64,16384,3
block_size,64,0,44,decode,16,16,0,16,16,0,49.450,576.870,95.850,1,481.020,626.460,64,16384,3
block_size,64,0,45,decode,16,16,0,16,16,0,47.770,557.830,110.710,1,447.120,605.780,64,16384,3
block_size,64,0,46,decode,16,16,0,16,16,0,49.840,536.700,97.100,1,439.600,586.690,64,16384,3
block_size,64,0,47,decode,16,16,0,16,16,0,49.200,534.430,95.250,1,439.180,583.820,64,16384,3
block_size,64,0,48,decode,16,16,0,16,16,0,49.610,536.470,95.730,1,440.740,586.290,64,16384,3
block_size,64,0,49,decode,16,16,0,16,16,0,48.980,530.510,94.700,1,435.810,579.670,64,16384,3
block_size,64,0,50,decode,16,16,0,16,16,0,47.620,520.990,95.880,1,425.110,568.770,64,16384,3
block_size,64,0,51,decode,16,16,0,16,16,0,88.800,625.860,183.000,1,442.860,714.850,64,16384,3
block_size,64,0,52,decode,16,16,0,16,16,0,48.480,531.560,97.680,1,433.880,580.220,64,16384,3
block_size,64,0,53,decode,16,16,0,16,16,0,48.320,518.220,94.300,1,423.920,566.720,64,16384,3
block_size,64,0,54,decode,16,16,0,16,16,0,47.610,513.330,92.940,1,420.390,561.120,64,16384,3
block_size,64,0,55,decode,16,16,0,16,16,0,48.320,513.650,93.380,1,420.270,562.120,64,16384,3
block_size,64,0,56,decode,16,16,0,16,16,0,48.360,802.230,325.270,1,476.960,850.770,64,16384,3
block_size,64,0,57,decode,16,16,0,16,16,0,50.360,587.580,104.180,1,483.400,638.150,64,16384,3
block_size,64,0,58,decode,16,16,0,16,16,0,49.520,528.170,95.790,1,432.380,577.870,64,16384,3
block_size,64,0,59,decode,16,16,0,16,16,0,47.810,513.470,93.890,1,419.580,561.420,64,16384,3
block_size,64,0,60,decode,16,16,0,16,16,0,48.170,515.710,94.120,1,421.590,564.040,64,16384,3
block_size,64,0,61,decode,16,16,0,16,16,0,48.100,510.600,93.770,1,416.830,558.890,64,16384,3
block_size,64,0,62,decode,16,16,0,16,16,0,47.060,513.390,92.960,1,420.430,560.610,64,16384,3
block_size,64,0,63,decode,16,16,0,16,16,0,86.520,540.110,108.740,1,431.370,626.790,64,16384,3
block_size,64,0,64,decode,16,16,0,16,16,0,48.700,515.100,94.630,1,420.470,563.980,64,16384,3
block_size,64,0,65,decode,16,16,0,16,16,0,47.290,512.150,93.680,1,418.470,559.620,64,16384,3
block_size,64,0,66,decode,16,16,0,16,16,0,47.920,515.260,94.560,1,420.700,563.380,64,16384,3
block_size,64,0,67,decode,16,16,0,16,16,0,47.430,516.280,94.840,1,421.440,563.910,64,16384,3
block_size,64,0,68,decode,16,16,0,16,16,0,47.440,510.100,93.310,1,416.790,557.740,64,16384,3
block_size,64,0,69,decode,16,16,0,16,16,0,47.410,565.470,98.780,1,466.690,613.090,64,16384,3
block_size,64,0,70,decode,16,16,0,16,16,0,49.210,535.960,96.210,1,439.750,585.310,64,16384,3
block_size,64,0,71,decode,16,16,0,16,16,0,48.730,514.170,93.850,1,420.320,563.100,64,16384,3
block_size,64,0,72,decode,16,16,0,16,16,0,47.220,508.570,92.740,1,415.830,555.980,64,16384,3
block_size,64,0,73,decode,16,16,0,16,16,0,47.350,510.100,93.210,1,416.890,557.590,64,16384,3
block_size,64,0,74,decode,16,16,0,16,16,0,47.250,511.940,92.880,1,419.060,559.330,64,16384,3
block_size,64,0,75,decode,16,16,0,16,16,0,47.600,550.050,133.050,1,417.000,597.790,64,16384,3
block_size,64,0,76,decode,16,16,0,16,16,0,48.180,534.200,96.530,1,437.670,582.530,64,16384,3
block_size,64,0,77,decode,16,16,0,16,16,0,48.690,516.040,93.820,1,422.220,564.890,64,16384,3
block_size,64,0,78,decode,16,16,0,16,16,0,46.690,511.510,93.410,1,418.100,558.410,64,16384,3
block_size,64,0,79,decode,16,16,0,16,16,0,48.300,508.490,93.870,1,414.620,556.980,64,16384,3
block_size,128,0,0,decode,16,16,0,16,16,0,53.220,533.610,96.970,1,436.640,587.000,128,16384,3
block_size,128,0,1,decode,16,16,0,16,16,0,52.090,531.930,96.200,1,435.730,584.160,128,16384,3
block_size,128,0,2,decode,16,16,0,16,16,0,47.990,528.570,96.900,1,431.670,576.760,128,16384,3
block_size,128,0,3,decode,16,16,0,16,16,0,49.180,579.340,140.990,1,438.350,628.710,128,16384,3
block_size,128,0,4,decode,16,16,0,16,16,0,61.750,539.310,97.280,1,442.030,601.250,128,16384,3
block_size,128,0,5,decode,16,16,0,16,16,0,49.030,526.640,95.370,1,431.270,575.840,128,16384,3
block_size,128,0,6,decode,16,16,0,16,16,0,48.060,535.760,97.920,1,437.840,583.960,128,16384,3
block_size,128,0,7,decode,16,16,0,16,16,0,49.280,531.130,96.130,1,435.000,580.580,128,16384,3
block_size,128,0,8,decode,16,16,0,16,16,0,49.700,530.070,94.960,1,435.110,579.920,128,16384,3
block_size,128,0,9,decode,16,16,0,16,16,0,48.600,526.880,96.970,1,429.910,575.650,128,16384,3
block_size,128,0,10,decode,16,16,0,16,16,0,51.180,561.670,99.610,1,462.060,613.020,128,16384,3
block_size,128,0,11,decode,16,16,0,16,16,0,49.950,527.330,96.530,1,430.800,577.430,128,16384,3
block_size,128,0,12,decode,16,16,0,16,16,0,48.680,523.920,95.370,1,428.550,572.750,128,16384,3
block_size,128,0,13,decode,16,16,0,16,16,0,49.180,520.200,93.150,1,427.050,569.560,128,16384,3
block_size,128,0,14,decode,16,16,0,16,16,0,48.530,520.980,95.720,1,425.260,569.670,128,16384,3
block_size,128,0,15,decode,16,16,0,16,16,0,50.770,526.140,96.230,1,429.910,577.080,128,16384,3
block_size,128,0,16,decode,16,16,0,16,16,0,48.780,588.790,100.090,1,488.700,637.740,128,16384,3
block_size,128,0,17,decode,16,16,0,16,16,0,49.030,530.750,97.750,1,433.000,579.980,128,16384,3
block_size,128,0,18,decode,16,16,0,16,16,0,48.960,528.560,95.880,1,432.680,577.660,128,16384,3
block_size,128,0,19,decode,16,16,0,16,16,0,48.520,524.340,96.020,1,428.320,573.020,128,16384,3
block_size,128,0,20,decode,16,16,0,16,16,0,47.480,521.830,95.040,1,426.790,569.490,128,16384,3
block_size,128,0,21,decode,16,16,0,16,16,0,47.780,519.960,95.620,1,424.340,567.930,128,16384,3
block_size,128,0,22,decode,16,16,0,16,16,0,47.750,581.890,98.320,1,483.570,629.830,128,16384,3
block_size,128,0,23,decode,16,16,0,16,16,0,50.320,527.510,95.050,1,432.460,577.990,128,16384,3
block_size,128,0,24,decode,16,16,0,16,16,0,48.150,522.200,97.530,1,424.670,570.550,128,16384,3
block_size,128,0,25,decode,16,16,0,16,16,0,48.460,525.460,95.340,1,430.120,574.070,128,16384,3
block_size,128,0,26,decode,16,16,0,16,16,0,48.170,517.310,93.950,1,423.360,565.640,128,16384,3
block_size,128,0,27,decode,16,16,0,16,16,0,47.830,524.860,94.930,1,429.930,572.850,128,16384,3
block_size,128,0,28,decode,16,16,0,16,16,0,47.910,594.710,162.850,1,431.860,642.830,128,16384,3
block_size,128,0,29,decode,16,16,0,16,16,0,49.190,533.740,97.700,1,436.040,583.120,128,16384,3
block_size,128,0,30,decode,16,16,0,16,16,0,48.660,521.070,93.740,1,427.330,569.900,128,16384,3
block_size,128,0,31,decode,16,16,0,16,16,0,47.920,516.930,94.210,1,422.720,565.030,128,16384,3
block_size,128,0,32,decode,16,16,0,16,16,0,48.580,517.840,95.290,1,422.550,566.600,128,16384,3
block_size,128,0,33,decode,16,16,0,16,16,0,47.420,519.470,95.880,1,423.590,567.080,128,16384,3
block_size,128,0,34,decode,16,16,0,16,16,0,49.530,521.420,94.470,1,426.950,571.100,128,16384,3
block_size,128,0,35,decode,16,16,0,16,16,0,101.350,547.410,96.990,1,450.420,648.970,128,16384,3
block_size,128,0,36,decode,16,16,0,16,16,0,49.560,525.950,94.930,1,431.020,575.670,128,16384,3
block_size,128,0,37,decode,16,16,0,16,16,0,47.630,524.270,96.590,1,427.680,572.090,128,16384,3
block_size,128,0,38,decode,16,16,0,16,16,0,47.570,527.030,96.530,1,430.500,574.760,128,16384,3
block_size,128,0,39,decode,16,16,0,16,16,0,49.150,522.080,95.180,1,426.900,571.380,128,16384,3
block_size,128,0,40,decode,16,16,0,16,16,0,47.090,520.760,94.390,1,426.370,567.980,128,16384,3
block_size,128,0,41,decode,16,16,0,16,16,0,47.390,593.130,98.330,1,494.800,640.690,128,16384,3
block_size,128,0,42,decode,16,16,0,16,16,0,48.470,524.860,95.170,1,429.690,573.480,128,16384,3
block_size,128,0,43,decode,16,16,0,16,16,0,48.570,525.910,94.380,1,431.530,574.590,128,16384,3
block_size,128,0,44,decode,16,16,0,16,16,0,48.380,525.670,95.750,1,429.920,574.240,128,16384,3
block_size,128,0,45,decode,16,16,0,16,16,0,49.040,523.400,95.150,1,428.250,572.590,128,16384,3
block_size,128,0,46,decode,16,16,0,16,16,0,47.900,524.760,94.420,1,430.340,572.820,128,16384,3
block_size,128,0,47,decode,16,16,0,16,16,0,48.490,587.440,100.170,1,487.270,636.100,128,16384,3
block_size,128,0,48,decode,16,16,0,16,16,0,49.550,532.540,98.780,1,433.760,582.250,128,16384,3
block_size,128,0,49,decode,16,16,0,16,16,0,48.650,523.710,94.460,1,429.250,572.560,128,16384,3
block_size,128,0,50,decode,16,16,0,16,16,0,48.960,513.220,96.650,1,416.570,562.360,128,16384,3
block_size,128,0,51,decode,16,16,0,16,16,0,48.410,512.690,94.410,1,418.280,561.260,128,16384,3
block_size,128,0,52,decode,16,16,0,16,16,0,47.690,510.000,95.290,1,414.710,557.870,128,16384,3
block_size,128,0,53,decode,16,16,0,16,16,0,48.100,574.030,104.050,1,469.980,622.320,128,16384,3
block_size,128,0,54,decode,16,16,0,16,16,0,49.130,518.990,95.150,1,423.840,568.310,128,16384,3
block_size,128,0,55,decode,16,16,0,16,16,0,48.480,510.310,94.040,1,416.270,558.970,128,16384,3
block_size,128,0,56,decode,16,16,0,16,16,0,48.240,512.140,94.300,1,417.840,560.580,128,16384,3
block_size,128,0,57,decode,16,16,0,16,16,0,49.030,510.090,95.180,1,414.910,559.270,128,16384,3
block_size,128,0,58,decode,16,16,0,16,16,0,48.270,512.800,95.390,1,417.410,561.230,128,16384,3
block_size,128,0,59,decode,16,16,0,16,16,0,48.550,511.370,95.440,1,415.930,560.080,128,16384,3
block_size,128,0,60,decode,16,16,0,16,16,0,50.490,531.420,97.420,1,434.000,582.060,128,16384,3
block_size,128,0,61,decode,16,16,0,16,16,0,47.820,805.970,376.270,1,429.700,854.010,128,16384,3
block_size,128,0,62,decode,16,16,0,16,16,0,49.810,547.550,100.980,1,446.570,597.510,128,16384,3
block_size,128,0,63,decode,16,16,0,16,16,0,48.130,520.990,96.310,1,424.680,569.310,128,16384,3
block_size,128,0,64,decode,16,16,0,16,16,0,47.720,516.810,95.970,1,420.840,564.710,128,16384,3
block_size,128,0,65,decode,16,16,0,16,16,0,48.470,572.300,150.170,1,422.130,620.970,128,16384,3
block_size,128,0,66,decode,16,16,0,16,16,0,49.020,523.010,95.760,1,427.250,572.220,128,16384,3
block_size,128,0,67,decode,16,16,0,16,16,0,47.850,513.160,94.980,1,418.180,561.230,128,16384,3
block_size,128,0,68,decode,16,16,0,16,16,0,48.980,513.020,93.360,1,419.660,562.200,128,16384,3
block_size,128,0,69,decode,16,16,0,16,16,0,47.590,511.190,94.540,1,416.650,559.000,128,16384,3
block_size,128,0,70,decode,16,16,0,16,16,0,47.530,510.470,94.330,1,416.140,558.180,128,16384,3
block_size,128,0,71,decode,16,16,0,16,16,0,48.990,512.680,96.360,1,416.320,561.820,128,16384,3
block_size,128,0,72,decode,16,16,0,16,16,0,93.560,528.670,97.250,1,431.420,622.430,128,16384,3
block_size,128,0,73,decode,16,16,0,16,16,0,47.670,509.350,93.390,1,415.960,557.200,128,16384,3
block_size,128,0,74,decode,16,16,0,16,16,0,47.420,509.840,95.520,1,414.320,557.420,128,16384,3
block_size,128,0,75,decode,16,16,0,16,16,0,48.340,508.630,94.990,1,413.640,557.170,128,16384,3
block_size,128,0,76,decode,16,16,0,16,16,0,48.860,511.360,94.200,1,417.160,560.380,128,16384,3
block_size,128,0,77,decode,16,16,0,16,16,0,47.850,512.340,95.440,1,416.900,560.400,128,16384,3
block_size,128,0,78,decode,16,16,0,16,16,0,48.390,571.870,100.080,1,471.790,620.420,128,16384,3
block_size,128,0,79,decode,16,16,0,16,16,0,48.060,516.720,95.900,1,420.820,565.010,128,16384,3
block_size,256,0,0,decode,16,16,0,16,16,0,54.510,549.290,98.840,1,450.450,603.950,256,16384,3
block_size,256,0,1,decode,16,16,0,16,16,0,50.700,532.720,98.480,1,434.240,583.590,256,16384,3
block_size,256,0,2,decode,16,16,0,16,16,0,49.550,526.360,96.030,1,430.330,576.050,256,16384,3
block_size,256,0,3,decode,16,16,0,16,16,0,49.330,519.470,94.360,1,425.110,569.010,256,16384,3
block_size,256,0,4,decode,16,16,0,16,16,0,48.870,521.920,95.360,1,426.560,570.950,256,16384,3
block_size,256,0,5,decode,16,16,0,16,16,0,49.780,547.920,119.460,1,428.460,597.850,256,16384,3
block_size,256,0,6,decode,16,16,0,16,16,0,88.950,543.100,98.810,1,444.290,632.210,256,16384,3
block_size,256,0,7,decode,16,16,0,16,16,0,49.460,521.900,95.810,1,426.090,571.500,256,16384,3
block_size,256,0,8,decode,16,16,0,16,16,0,49.350,520.070,95.260,1,424.810,569.620,256,16384,3
block_size,256,0,9,decode,16,16,0,16,16,0,48.500,522.530,96.240,1,426.290,571.210,256,16384,3
block_size,256,0,10,decode,16,16,0,16,16,0,50.040,516.570,94.780,1,421.790,566.790,256,16384,3
block_size,256,0,11,decode,16,16,0,16,16,0,48.900,517.710,94.050,1,423.660,566.830,256,16384,3
block_size,256,0,12,decode,16,16,0,16,16,0,49.760,579.640,98.020,1,481.620,629.580,256,16384,3
block_size,256,0,13,decode,16,16,0,16,16,0,49.480,519.300,95.530,1,423.770,568.960,256,16384,3
block_size,256,0,14,decode,16,16,0,16,16,0,47.990,520.430,95.060,1,425.370,568.590,256,16384,3
block_size,256,0,15,decode,16,16,0,16,16,0,48.300,520.380,94.140,1,426.240,568.880,256,16384,3
block_size,256,0,16,decode,16,16,0,16,16,0,48.030,517.740,94.320,1,423.420,565.970,256,16384,3
block_size,256,0,17,decode,16,16,0,16,16,0,49.130,515.860,95.050,1,420.810,565.170,256,16384,3
block_size,256,0,18,decode,16,16,0,16,16,0,49.570,584.560,101.010,1,483.550,634.290,256,16384,3
block_size,256,0,19,decode,16,16,0,16,16,0,48.590,522.890,96.000,1,426.890,571.650,256,16384,3
block_size,256,0,20,decode,16,16,0,16,16,0,49.300,515.530,93.950,1,421.580,565.020,256,16384,3
block_size,256,0,21,decode,16,16,0,16,16,0,48.580,516.340,94.960,1,421.380,565.080,256,16384,3
block_size,256,0,22,decode,16,16,0,16,16,0,50.250,513.520,94.350,1,419.170,563.930,256,16384,3
block_size,256,0,23,decode,16,16,0,16,16,0,48.710,514.820,93.730,1,421.090,563.690,256,16384,3
block_size,256,0,24,decode,16,16,0,16,16,0,49.030,539.230,97.210,1,442.020,588.470,256,16384,3
block_size,256,0,25,decode,16,16,0,16,16,0,48.520,532.920,96.950,1,435.970,581.590,256,16384,3
block_size,256,0,26,decode,16,16,0,16,16,0,47.000,517.770,96.060,1,421.710,564.970,256,16384,3
block_size,256,0,27,decode,16,16,0,16,16,0,49.450,516.660,93.310,1,423.350,566.300,256,16384,3
block_size,256,0,28,decode,16,16,0,16,16,0,47.480,513.200,93.740,1,419.460,560.910,256,16384,3
block_size,256,0,29,decode,16,16,0,16,16,0,48.450,516.330,94.850,1,421.480,564.960,256,16384,3
block_size,256,0,30,decode,16,16,0,16,16,0,48.420,538.260,113.620,1,424.640,586.820,256,16384,3
block_size,256,0,31,decode,16,16,0,16,16,0,49.690,571.160,98.430,1,472.730,621.000,256,16384,3
block_size,256,0,32,decode,16,16,0,16,16,0,49.510,517.370,94.520,1,422.850,567.050,256,16384,3
block_size,256,0,33,decode,16,16,0,16,16,0,48.360,514.000,95.110,1,418.890,562.520,256,16384,3
block_size,256,0,34,decode,16,16,0,16,16,0,48.780,518.840,95.360,1,423.480,567.810,256,16384,3
block_size,256,0,35,decode,16,16,0,16,16,0,48.560,517.040,94.580,1,422.460,565.800,256,16384,3
block_size,256,0,36,decode,16,16,0,16,16,0,48.060,512.580,93.650,1,418.930,560.810,256,16384,3
block_size,256,0,37,decode,16,16,0,16,16,0,50.360,573.800,99.880,1,473.920,624.350,256,16384,3
block_size,256,0,38,decode,16,16,0,16,16,0,49.390,523.390,96.110,1,427.280,572.940,256,16384,3
block_size,256,0,39,decode,16,16,0,16,16,0,46.810,520.880,95.640,1,425.240,567.850,256,16384,3
block_size,256,0,40,decode,16,16,0,16,16,0,48.180,513.180,94.880,1,418.300,561.540,256,16384,3
block_size,256,0,41,decode,16,16,0,16,16,0,48.320,517.130,94.720,1,422.410,565.650,256,16384,3
block_size,256,0,42,decode,16,16,0,16,16,0,48.350,515.380,93.160,1,422.220,563.900,256,16384,3
block_size,256,0,43,decode,16,16,0,16,16,0,48.260,578.630,97.940,1,480.690,627.080,256,16384,3
block_size,256,0,44,decode,16,16,0,16,16,0,49.540,532.730,96.500,1,436.230,582.470,256,16384,3
block_size,256,0,45,decode,16,16,0,16,16,0,47.870,520.580,95.530,1,425.050,568.590,256,16384,3
block_size,256,0,46,decode,16,16,0,16,16,0,49.860,516.480,93.680,1,422.800,566.490,256,16384,3
block_size,256,0,47,decode,16,16,0,16,16,0,48.320,515.730,94.670,1,421.060,564.270,256,16384,3
block_size,256,0,48,decode,16,16,0,16,16,0,46.820,514.260,93.800,1,420.460,561.280,256,16384,3
block_size,256,0,49,decode,16,16,0,16,16,0,49.470,537.830,98.280,1,439.550,587.490,256,16384,3
block_size,256,0,50,decode,16,16,0,16,16,0,47.810,561.520,98.870,1,462.650,609.500,256,16384,3
block_size,256,0,51,decode,16,16,0,16,16,0,49.500,506.630,94.540,1,412.090,556.320,256,16384,3
block_size,256,0,52,decode,16,16,0,16,16,0,47.800,505.770,93.540,1,412.230,553.760,256,16384,3
block_size,256,0,53,decode,16,16,0,16,16,0,47.860,505.600,93.440,1,412.160,553.610,256,16384,3
block_size,256,0,54,decode,16,16,0,16,16,0,47.910,503.430,93.750,1,409.680,551.510,256,16384,3
block_size,256,0,55,decode,16,16,0,16,16,0,48.000,522.430,96.010,1,426.420,570.600,256,16384,3
block_size,256,0,56,decode,16,16,0,16,16,0,48.260,562.540,101.320,1,461.220,610.950,256,16384,3
block_size,256,0,57,decode,16,16,0,16,16,0,49.430,508.630,95.990,1,412.640,558.230,256,16384,3
block_size,256,0,58,decode,16,16,0,16,16,0,47.050,506.940,93.940,1,413.000,554.200,256,16384,3
block_size,256,0,59,decode,16,16,0,16,16,0,47.800,506.590,93.370,1,413.220,554.600,256,16384,3
block_size,256,0,60,decode,16,16,0,16,16,0,46.850,510.090,95.410,1,414.680,557.130,256,16384,3
block_size,256,0,61,decode,16,16,0,16,16,0,46.470,797.300,372.130,1,425.170,843.950,256,16384,3
block_size,256,0,62,decode,16,16,0,16,16,0,48.960,592.150,105.400,1,486.750,641.270,256,16384,3
block_size,256,0,63,decode,16,16,0,16,16,0,48.780,518.650,96.760,1,421.890,567.590,256,16384,3
block_size,256,0,64,decode,16,16,0,16,16,0,48.670,508.870,94.060,1,414.810,557.690,256,16384,3
block_size,256,0,65,decode,16,16,0,16,16,0,47.030,506.400,95.710,1,410.690,553.590,256,16384,3
block_size,256,0,66,decode,16,16,0,16,16,0,47.450,504.510,93.860,1,410.650,552.120,256,16384,3
block_size,256,0,67,decode,16,16,0,16,16,0,47.090,504.130,95.060,1,409.070,551.420,256,16384,3
block_size,256,0,68,decode,16,16,0,16,16,0,47.250,523.280,95.980,1,427.300,570.680,256,16384,3
block_size,256,0,69,decode,16,16,0,16,16,0,48.190,522.240,96.960,1,425.280,570.580,256,16384,3
block_size,256,0,70,decode,16,16,0,16,16,0,47.500,506.410,93.240,1,413.170,554.070,256,16384,3
block_size,256,0,71,decode,16,16,0,16,16,0,47.160,509.700,95.420,1,414.280,557.020,256,16384,3
block_size,256,0,72,decode,16,16,0,16,16,0,47.500,505.220,95.020,1,410.200,552.860,256,16384,3
block_size,256,0,73,decode,16,16,0,16,16,0,46.700,503.930,94.200,1,409.730,550.830,256,16384,3
block_size,256,0,74,decode,16,16,0,16,16,0,46.800,526.340,96.710,1,429.630,573.300,256,16384,3
block_size,256,0,75,decode,16,16,0,16,16,0,48.170,550.560,96.800,1,453.760,598.920,256,16384,3
block_size,256,0,76,decode,16,16,0,16,16,0,48.910,510.190,95.570,1,414.620,559.240,256,16384,3
block_size,256,0,77,decode,16,16,0,16,16,0,48.300,505.520,93.330,1,412.190,553.990,256,16384,3
block_size,256,0,78,decode,16,16,0,16,16,0,46.870,505.590,94.480,1,411.110,552.630,256,16384,3
block_size,256,0,79,decode,16,16,0,16,16,0,47.950,503.280,94.080,1,409.200,551.390,256,16384,3
spec_k,0,0,0,decode,16,16,0,16,16,0,54.100,534.200,97.830,1,436.370,588.460,128,16384,3
spec_k,0,0,1,decode,16,16,0,16,16,0,52.790,549.380,100.130,1,449.250,602.330,128,16384,3
spec_k,0,0,2,decode,16,16,0,16,16,0,51.600,574.030,97.110,1,476.920,625.810,128,16384,3
spec_k,0,0,3,decode,16,16,0,16,16,0,51.250,542.700,98.670,1,444.030,594.100,128,16384,3
spec_k,0,0,4,decode,16,16,0,16,16,0,50.830,528.010,95.640,1,432.370,578.980,128,16384,3
spec_k,0,0,5,decode,16,16,0,16,16,0,50.820,522.170,96.030,1,426.140,573.180,128,16384,3
spec_k,0,0,6,decode,16,16,0,16,16,0,49.810,526.720,95.680,1,431.040,576.740,128,16384,3
spec_k,0,0,7,decode,16,16,0,16,16,0,50.640,539.590,110.290,1,429.300,590.390,128,16384,3
spec_k,0,0,8,decode,16,16,0,16,16,0,50.070,532.000,96.750,1,435.250,582.220,128,16384,3
spec_k,0,0,9,decode,16,16,0,16,16,0,89.220,543.550,99.230,1,444.320,632.960,128,16384,3
spec_k,0,0,10,decode,16,16,0,16,16,0,49.910,521.050,94.810,1,426.240,571.170,128,16384,3
spec_k,0,0,11,decode,16,16,0,16,16,0,50.690,524.040,95.370,1,428.670,574.900,128,16384,3
spec_k,0,0,12,decode,16,16,0,16,16,0,50.500,521.000,94.470,1,426.530,571.640,128,16384,3
spec_k,0,0,13,decode,16,16,0,16,16,0,48.740,523.540,94.220,1,429.320,572.490,128,16384,3
spec_k,0,0,14,decode,16,16,0,16,16,0,52.250,527.010,95.970,1,431.040,579.420,128,16384,3
spec_k,0,0,15,decode,16,16,0,16,16,0,48.480,577.820,99.130,1,478.690,626.470,128,16384,3
spec_k,0,0,16,decode,16,16,0,16,16,0,49.990,522.970,94.260,1,428.710,573.160,128,16384,3
spec_k,0,0,17,decode,16,16,0,16,16,0,50.150,525.120,95.810,1,429.310,575.410,128,16384,3
spec_k,0,0,18,decode,16,16,0,16,16,0,50.210,520.480,94.880,1,425.600,570.890,128,16384,3
spec_k,0,0,19,decode,16,16,0,16,16,0,49.390,522.460,96.730,1,425.730,572.020,128,16384,3
spec_k,0,0,20,decode,16,16,0,16,16,0,48.770,545.060,97.690,1,447.370,594.040,128,16384,3
spec_k,0,0,21,decode,16,16,0,16,16,0,49.880,569.860,98.330,1,471.530,619.900,128,16384,3
spec_k,0,0,22,decode,16,16,0,16,16,0,51.030,522.890,93.100,1,429.790,574.120,128,16384,3
spec_k,0,0,23,decode,16,16,0,16,16,0,49.760,522.190,95.090,1,427.100,572.130,128,16384,3
spec_k,0,0,24,decode,16,16,0,16,16,0,52.100,520.960,95.320,1,425.640,573.220,128,16384,3
spec_k,0,0,25,decode,16,16,0,16,16,0,50.130,519.990,94.010,1,425.980,570.280,128,16384,3
spec_k,0,0,26,decode,16,16,0,16,16,0,50.430,625.690,99.720,1,525.970,676.300,128,16384,3
spec_k,0,0,27,decode,16,16,0,16,16,0,52.500,575.750,100.960,1,474.790,628.390,128,16384,3
spec_k,0,0,28,decode,16,16,0,16,16,0,50.970,530.560,96.850,1,433.710,581.670,128,16384,3
spec_k,0,0,29,decode,16,16,0,16,16,0,50.280,523.430,95.840,1,427.590,573.910,128,16384,3
spec_k,0,0,30,decode,16,16,0,16,16,0,50.480,524.910,97.770,1,427.140,575.580,128,16384,3
spec_k,0,0,31,decode,16,16,0,16,16,0,49.130,522.580,95.330,1,427.250,571.840,128,16384,3
spec_k,0,0,32,decode,16,16,0,16,16,0,50.890,537.390,96.690,1,440.700,588.460,128,16384,3
spec_k,0,0,33,decode,16,16,0,16,16,0,49.900,569.260,95.780,1,473.480,619.340,128,16384,3
spec_k,0,0,34,decode,16,16,0,16,16,0,50.930,531.870,95.610,1,436.260,583.000,128,16384,3
spec_k,0,0,35,decode,16,16,0,16,16,0,51.000,525.320,94.790,1,430.530,576.490,128,16384,3
spec_k,0,0,36,decode,16,16,0,16,16,0,48.360,519.220,94.500,1,424.720,567.730,128,16384,3
spec_k,0,0,37,decode,16,16,0,16,16,0,49.060,517.240,94.270,1,422.970,566.510,128,16384,3
spec_k,0,0,38,decode,16,16,0,16,16,0,50.510,546.080,99.460,1,446.620,596.740,128,16384,3
spec_k,0,0,39,decode,16,16,0,16,16,0,50.400,520.710,94.580,1,426.130,571.310,128,16384,3
spec_k,0,0,40,decode,16,16,0,16,16,0,50.510,573.580,96.550,1,477.030,624.240,128,16384,3
spec_k,0,0,41,decode,16,16,0,16,16,0,50.620,518.420,93.700,1,424.720,569.200,128,16384,3
spec_k,0,0,42,decode,16,16,0,16,16,0,50.520,518.820,94.120,1,424.700,569.490,128,16384,3
spec_k,0,0,43,decode,16,16,0,16,16,0,49.470,520.140,93.390,1,426.750,569.790,128,16384,3
spec_k,0,0,44,decode,16,16,0,16,16,0,50.040,537.990,110.180,1,427.810,588.180,128,16384,3
spec_k,0,0,45,decode,16,16,0,16,16,0,50.080,521.590,94.030,1,427.560,571.820,128,16384,3
spec_k,0,0,46,decode,16,16,0,16,16,0,49.630,571.860,98.890,1,472.970,621.630,128,16384,3
spec_k,0,0,47,decode,16,16,0,16,16,0,49.900,521.590,95.630,1,425.960,571.680,128,16384,3
spec_k,0,0,48,decode,16,16,0,16,16,0,49.740,520.330,95.350,1,424.980,570.250,128,16384,3
spec_k,0,0,49,decode,16,16,0,16,16,0,49.690,521.780,94.930,1,426.850,571.660,128,16384,3
spec_k,0,0,50,decode,16,16,0,16,16,0,48.090,505.880,93.170,1,412.710,554.180,128,16384,3
spec_k,0,0,51,decode,16,16,0,16,16,0,47.860,519.040,95.610,1,423.430,567.040,128,16384,3
spec_k,0,0,52,decode,16,16,0,16,16,0,47.660,562.130,102.640,1,459.490,609.940,128,16384,3
spec_k,0,0,53,decode,16,16,0,16,16,0,48.360,516.970,95.120,1,421.850,565.530,128,16384,3
spec_k,0,0,54,decode,16,16,0,16,16,0,48.710,513.370,95.970,1,417.400,562.220,128,16384,3
spec_k,0,0,55,decode,16,16,0,16,16,0,47.980,508.190,93.270,1,414.920,556.370,128,16384,3
spec_k,0,0,56,decode,16,16,0,16,16,0,47.820,509.220,96.200,1,413.020,557.230,128,16384,3
spec_k,0,0,57,decode,16,16,0,16,16,0,48.850,529.080,95.100,1,433.980,578.030,128,16384,3
spec_k,0,0,58,decode,16,16,0,16,16,0,49.050,509.170,94.420,1,414.750,558.390,128,16384,3
spec_k,0,0,59,decode,16,16,0,16,16,0,87.570,525.360,96.440,1,428.920,613.090,128,16384,3
spec_k,0,0,60,decode,16,16,0,16,16,0,49.330,511.420,95.960,1,415.460,560.940,128,16384,3
spec_k,0,0,61,decode,16,16,0,16,16,0,47.960,791.030,370.030,1,421.000,839.190,128,16384,3
spec_k,0,0,62,decode,16,16,0,16,16,0,49.440,539.170,98.240,1,440.930,588.760,128,16384,3
spec_k,0,0,63,decode,16,16,0,16,16,0,47.970,543.110,98.220,1,444.890,591.250,128,16384,3
spec_k,0,0,64,decode,16,16,0,16,16,0,47.730,556.180,95.570,1,460.610,604.070,128,16384,3
spec_k,0,0,65,decode,16,16,0,16,16,0,49.520,521.060,96.770,1,424.290,570.760,128,16384,3
spec_k,0,0,66,decode,16,16,0,16,16,0,47.770,514.680,96.000,1,418.680,562.630,128,16384,3
spec_k,0,0,67,decode,16,16,0,16,16,0,48.570,508.580,92.840,1,415.740,557.350,128,16384,3
spec_k,0,0,68,decode,16,16,0,16,16,0,47.780,510.130,95.040,1,415.090,558.080,128,16384,3
spec_k,0,0,69,decode,16,16,0,16,16,0,48.280,533.360,98.350,1,435.010,581.820,128,16384,3
spec_k,0,0,70,decode,16,16,0,16,16,0,47.460,509.850,94.220,1,415.630,557.460,128,16384,3
spec_k,0,0,71,decode,16,16,0,16,16,0,48.890,557.060,96.290,1,460.770,606.090,128,16384,3
spec_k,0,0,72,decode,16,16,0,16,16,0,49.100,511.170,95.240,1,415.930,560.450,128,16384,3
spec_k,0,0,73,decode,16,16,0,16,16,0,47.830,506.430,94.870,1,411.560,554.460,128,16384,3
spec_k,0,0,74,decode,16,16,0,16,16,0,48.370,508.920,95.600,1,413.320,557.470,128,16384,3
spec_k,0,0,75,decode,16,16,0,16,16,0,46.700,534.450,117.780,1,416.670,581.300,128,16384,3
spec_k,0,0,76,decode,16,16,0,16,16,0,47.980,512.920,94.840,1,418.080,561.080,128,16384,3
spec_k,0,0,77,decode,16,16,0,16,16,0,48.560,557.560,99.110,1,458.450,606.310,128,16384,3
spec_k,0,0,78,decode,16,16,0,16,16,0,48.250,511.860,96.240,1,415.620,560.280,128,16384,3
spec_k,0,0,79,decode,16,16,0,16,16,0,48.500,509.510,95.180,1,414.330,558.200,128,16384,3
spec_k,1,0,0,decode,16,32,0,16,32,1,144.280,725.500,102.490,1,623.010,869.940,128,16384,3
spec_k,1,0,1,decode,16,32,0,16,32,1,138.440,735.100,99.530,1,635.570,873.730,128,16384,3
spec_k,1,0,2,decode,16,32,0,16,32,1,135.860,748.160,141.970,1,606.190,884.240,128,16384,3
spec_k,1,0,3,decode,16,32,0,16,32,1,134.030,690.760,95.380,1,595.380,824.970,128,16384,3
spec_k,1,0,4,decode,16,32,0,16,32,1,133.420,684.100,95.130,1,588.970,817.650,128,16384,3
spec_k,1,0,5,decode,16,32,0,16,32,1,139.210,692.250,96.750,1,595.500,831.660,128,16384,3
spec_k,1,0,6,decode,16,32,0,16,32,1,132.570,732.010,100.050,1,631.960,864.770,128,16384,3
spec_k,1,0,7,decode,16,32,0,16,32,1,133.540,680.900,97.000,1,583.900,814.620,128,16384,3
spec_k,1,0,8,decode,16,32,0,16,32,1,134.300,681.950,95.330,1,586.620,816.420,128,16384,3
spec_k,1,0,9,decode,16,32,0,16,32,1,134.480,698.600,97.090,1,601.510,833.320,128,16384,3
spec_k,1,0,10,decode,16,32,0,16,32,1,132.800,731.210,98.340,1,632.870,864.180,128,16384,3
spec_k,1,0,11,decode,16,32,0,16,32,1,135.030,679.980,94.500,1,585.480,815.180,128,16384,3
spec_k,1,0,12,decode,16,32,0,16,32,1,131.260,695.860,96.410,1,599.450,827.330,128,16384,3
spec_k,1,0,13,decode,16,32,0,16,32,1,133.610,687.760,97.660,1,590.100,821.530,128,16384,3
spec_k,1,0,14,decode,16,32,0,16,32,1,133.800,726.220,97.520,1,628.700,860.210,128,16384,3
spec_k,1,0,15,decode,16,32,0,16,32,1,134.740,677.820,97.150,1,580.670,812.780,128,16384,3
spec_k,1,0,16,decode,16,32,0,16,32,1,132.640,696.700,108.310,1,588.390,829.510,128,16384,3
spec_k,1,0,17,decode,16,32,0,16,32,1,133.660,680.120,95.020,1,585.100,813.970,128,16384,3
spec_k,1,0,18,decode,16,32,0,16,32,1,132.570,729.000,97.080,1,631.920,861.740,128,16384,3
spec_k,1,0,19,decode,16,32,0,16,32,1,134.080,693.890,100.630,1,593.260,828.170,128,16384,3
spec_k,1,0,20,decode,16,32,0,16,32,1,133.330,705.280,100.690,1,604.590,838.790,128,16384,3
spec_k,1,0,21,decode,16,32,0,16,32,1,136.120,683.260,97.240,1,586.020,819.540,128,16384,3
spec_k,1,0,22,decode,16,32,0,16,32,1,175.310,699.200,98.910,1,600.290,874.670,128,16384,3
spec_k,1,0,23,decode,16,32,0,16,32,1,134.770,681.740,95.150,1,586.590,816.660,128,16384,3
spec_k,1,0,24,decode,16,32,0,16,32,1,132.270,713.410,98.330,1,615.080,845.880,128,16384,3
spec_k,1,0,25,decode,16,32,0,16,32,1,133.370,683.320,96.600,1,586.720,816.850,128,16384,3
spec_k,1,0,26,decode,16,32,0,16,32,1,134.560,690.150,97.710,1,592.440,824.880,128,16384,3
spec_k,1,0,27,decode,16,32,0,16,32,1,133.790,680.290,95.340,1,584.950,814.220,128,16384,3
spec_k,1,0,28,decode,16,32,0,16,32,1,132.190,706.940,96.630,1,610.310,839.340,128,16384,3
spec_k,1,0,29,decode,16,32,0,16,32,1,135.370,686.760,97.630,1,589.130,822.280,128,16384,3
spec_k,1,0,30,decode,16,32,0,16,32,1,136.320,695.020,98.010,1,597.010,831.500,128,16384,3
spec_k,1,0,31,decode,16,32,0,16,32,1,133.410,682.770,96.770,1,586.000,816.390,128,16384,3
spec_k,1,0,32,decode,16,32,0,16,32,1,153.510,691.290,97.810,1,593.480,844.960,128,16384,3
spec_k,1,0,33,decode,16,32,0,16,32,1,134.040,728.590,95.810,1,632.780,862.790,128,16384,3
spec_k,1,0,34,decode,16,32,0,16,32,1,134.440,686.520,96.870,1,589.650,821.130,128,16384,3
spec_k,1,0,35,decode,16,32,0,16,32,1,132.480,683.860,97.210,1,586.650,816.560,128,16384,3
spec_k,1,0,36,decode,16,32,0,16,32,1,135.470,682.540,96.760,1,585.780,818.160,128,16384,3
spec_k,1,0,37,decode,16,32,0,16,32,1,130.860,726.710,96.860,1,629.850,857.770,128,16384,3
spec_k,1,0,38,decode,16,32,0,16,32,1,134.990,687.450,97.070,1,590.380,822.630,128,16384,3
spec_k,1,0,39,decode,16,32,0,16,32,1,132.260,680.600,96.840,1,583.760,813.020,128,16384,3
spec_k,1,0,40,decode,16,32,0,16,32,1,133.170,686.800,96.500,1,590.300,820.130,128,16384,3
spec_k,1,0,41,decode,16,32,0,16,32,1,133.090,725.580,139.730,1,585.850,858.850,128,16384,3
spec_k,1,0,42,decode,16,32,0,16,32,1,135.180,684.320,96.820,1,587.500,819.700,128,16384,3
spec_k,1,0,43,decode,16,32,0,16,32,1,133.580,774.470,95.160,1,679.310,908.270,128,16384,3
spec_k,1,0,44,decode,16,32,0,16,32,1,135.020,693.050,99.220,1,593.830,828.260,128,16384,3
spec_k,1,0,45,decode,16,32,0,16,32,1,134.510,735.310,101.220,1,634.090,870.010,128,16384,3
spec_k,1,0,46,decode,16,32,0,16,32,1,134.260,683.780,97.930,1,585.850,818.230,128,16384,3
spec_k,1,0,47,decode,16,32,0,16,32,1,133.440,697.160,99.360,1,597.800,830.780,128,16384,3
spec_k,1,0,48,decode,16,32,0,16,32,1,133.780,679.820,95.450,1,584.370,813.770,128,16384,3
spec_k,1,0,49,decode,16,32,0,16,32,1,133.950,733.930,99.320,1,634.610,868.030,128,16384,3
spec_k,1,0,50,decode,16,32,0,16,32,1,132.550,668.080,95.580,1,572.500,800.790,128,16384,3
spec_k,1,0,51,decode,16,32,0,16,32,1,132.260,696.550,99.790,1,596.760,828.960,128,16384,3
spec_k,1,0,52,decode,16,32,0,16,32,1,132.280,673.660,96.630,1,577.030,806.130,128,16384,3
spec_k,1,0,53,decode,16,32,0,16,32,1,131.530,732.080,97.190,1,634.890,863.800,128,16384,3
spec_k,1,0,54,decode,16,32,0,16,32,1,132.890,667.610,96.260,1,571.350,800.660,128,16384,3
spec_k,1,0,55,decode,16,32,0,16,32,1,133.500,700.460,97.290,1,603.170,834.150,128,16384,3
spec_k,1,0,56,decode,16,32,0,16,32,1,134.050,669.860,96.590,1,573.270,804.060,128,16384,3
spec_k,1,0,57,decode,16,32,0,16,32,1,132.550,722.670,97.560,1,625.110,855.420,128,16384,3
spec_k,1,0,58,decode,16,32,0,16,32,1,132.210,670.500,95.990,1,574.510,802.870,128,16384,3
spec_k,1,0,59,decode,16,32,0,16,32,1,132.840,689.940,96.760,1,593.180,822.970,128,16384,3
spec_k,1,0,60,decode,16,32,0,16,32,1,134.130,670.060,96.220,1,573.840,804.360,128,16384,3
spec_k,1,0,61,decode,16,32,0,16,32,1,175.650,975.810,366.400,1,609.410,1151.650,128,16384,3
spec_k,2,0,0,decode,16,48,0,16,48,1,140.830,702.060,99.110,1,602.950,843.090,128,16384,3
spec_k,2,0,1,decode,16,48,0,16,48,1,138.570,730.220,101.650,1,628.570,868.970,128,16384,3
spec_k,2,0,2,decode,16,48,0,16,48,1,138.830,695.590,100.280,1,595.310,834.600,128,16384,3
spec_k,2,0,3,decode,16,48,0,16,48,1,134.940,737.580,98.780,1,638.800,872.690,128,16384,3
spec_k,2,0,4,decode,16,48,0,16,48,1,133.160,696.770,100.850,1,595.920,830.120,128,16384,3
spec_k,2,0,5,decode,16,48,0,16,48,1,139.120,714.470,101.030,1,613.440,853.760,128,16384,3
spec_k,2,0,6,decode,16,48,0,16,48,1,135.780,695.840,98.090,1,597.750,831.820,128,16384,3
spec_k,2,0,7,decode,16,48,0,16,48,1,178.870,709.590,100.870,1,608.720,888.620,128,16384,3
spec_k,2,0,8,decode,16,48,0,16,48,1,134.550,715.740,98.270,1,617.470,850.450,128,16384,3
spec_k,2,0,9,decode,16,48,0,16,48,1,134.990,694.480,99.920,1,594.560,829.640,128,16384,3
spec_k,2,0,10,decode,16,48,0,16,48,1,134.750,700.210,100.080,1,600.130,835.110,128,16384,3
spec_k,2,0,11,decode,16,48,0,16,48,1,137.230,700.320,100.910,1,599.410,837.700,128,16384,3
spec_k,2,0,12,decode,16,48,0,16,48,1,134.960,711.710,101.990,1,609.720,846.860,128,16384,3
spec_k,2,0,13,decode,16,48,0,16,48,1,135.200,690.910,98.760,1,592.150,826.290,128,16384,3
spec_k,2,0,14,decode,16,48,0,16,48,1,134.730,732.470,97.820,1,634.650,867.370,128,16384,3
spec_k,2,0,15,decode,16,48,0,16,48,1,135.760,692.750,98.970,1,593.780,828.670,128,16384,3
spec_k,2,0,16,decode,16,48,0,16,48,1,133.160,703.480,98.520,1,604.960,836.800,128,16384,3
spec_k,2,0,17,decode,16,48,0,16,48,1,133.980,682.580,96.920,1,585.660,816.740,128,16384,3
spec_k,2,0,18,decode,16,48,0,16,48,1,134.890,737.200,102.320,1,634.880,872.200,128,16384,3
spec_k,2,0,19,decode,16,48,0,16,48,1,135.320,688.100,98.160,1,589.940,823.580,128,16384,3
spec_k,2,0,20,decode,16,48,0,16,48,1,148.470,694.640,97.250,1,597.390,843.280,128,16384,3
spec_k,2,0,21,decode,16,48,0,16,48,1,134.990,689.260,97.740,1,591.520,824.410,128,16384,3
spec_k,2,0,22,decode,16,48,0,16,48,1,133.390,740.470,101.960,1,638.510,874.040,128,16384,3
spec_k,2,0,23,decode,16,48,0,16,48,1,134.330,691.210,97.260,1,593.950,825.710,128,16384,3
spec_k,2,0,24,decode,16,48,0,16,48,1,134.510,696.200,97.650,1,598.550,830.870,128,16384,3
spec_k,2,0,25,decode,16,48,0,16,48,1,135.930,687.820,96.760,1,591.060,823.920,128,16384,3
spec_k,2,0,26,decode,16,48,0,16,48,1,132.750,734.300,98.610,1,635.690,867.210,128,16384,3
spec_k,2,0,27,decode,16,48,0,16,48,1,133.340,706.070,98.270,1,607.800,839.580,128,16384,3
spec_k,2,0,28,decode,16,48,0,16,48,1,136.730,689.050,97.830,1,591.220,825.950,128,16384,3
spec_k,2,0,29,decode,16,48,0,16,48,1,133.760,685.080,96.660,1,588.420,819.020,128,16384,3
spec_k,2,0,30,decode,16,48,0,16,48,1,176.520,698.510,97.680,1,600.830,875.200,128,16384,3
spec_k,2,0,31,decode,16,48,0,16,48,1,133.370,707.200,101.230,1,605.970,840.740,128,16384,3
spec_k,2,0,32,decode,16,48,0,16,48,1,133.460,688.690,98.340,1,590.350,822.340,128,16384,3
spec_k,2,0,33,decode,16,48,0,16,48,1,133.880,689.560,98.470,1,591.090,823.650,128,16384,3
spec_k,2,0,34,decode,16,48,0,16,48,1,137.770,707.910,101.360,1,606.550,845.850,128,16384,3
spec_k,2,0,35,decode,16,48,0,16,48,1,135.200,702.710,98.920,1,603.790,838.130,128,16384,3
spec_k,2,0,36,decode,16,48,0,16,48,1,135.160,692.150,98.170,1,593.980,827.480,128,16384,3
spec_k,2,0,37,decode,16,48,0,16,48,1,135.310,732.550,96.130,1,636.420,868.050,128,16384,3
spec_k,2,0,38,decode,16,48,0,16,48,1,135.460,699.070,98.960,1,600.110,834.670,128,16384,3
spec_k,2,0,39,decode,16,48,0,16,48,1,151.120,697.550,99.390,1,598.160,848.840,128,16384,3
spec_k,2,0,40,decode,16,48,0,16,48,1,135.110,687.850,98.230,1,589.620,823.150,128,16384,3
spec_k,3,0,0,decode,16,64,0,16,64,1,145.280,709.680,100.230,1,609.450,855.120,128,16384,3
spec_k,3,0,1,decode,16,64,0,16,64,1,140.480,763.360,104.950,1,658.410,904.000,128,16384,3
spec_k,3,0,2,decode,16,64,0,16,64,1,139.950,721.110,102.440,1,618.670,861.230,128,16384,3
spec_k,3,0,3,decode,16,64,0,16,64,1,137.040,702.510,98.430,1,604.080,839.700,128,16384,3
spec_k,3,0,4,decode,16,64,0,16,64,1,135.950,697.810,99.110,1,598.700,833.950,128,16384,3
spec_k,3,0,5,decode,16,64,0,16,64,1,178.670,706.960,99.400,1,607.560,885.820,128,16384,3
spec_k,3,0,6,decode,16,64,0,16,64,1,136.380,706.800,99.760,1,607.040,843.340,128,16384,3
spec_k,3,0,7,decode,16,64,0,16,64,1,135.460,686.460,98.460,1,588.000,822.070,128,16384,3
spec_k,3,0,8,decode,16,64,0,16,64,1,135.430,680.680,96.310,1,584.370,816.280,128,16384,3
spec_k,3,0,9,decode,16,64,0,16,64,1,137.310,700.350,100.600,1,599.750,837.820,128,16384,3
spec_k,3,0,10,decode,16,64,0,16,64,1,140.160,696.210,101.620,1,594.590,836.540,128,16384,3
spec_k,3,0,11,decode,16,64,0,16,64,1,135.070,687.290,99.070,1,588.220,822.560,128,16384,3
spec_k,3,0,12,decode,16,64,0,16,64,1,135.870,722.700,97.710,1,624.990,858.760,128,16384,3
spec_k,3,0,13,decode,16,64,0,16,64,1,135.020,691.460,98.670,1,592.790,826.670,128,16384,3
spec_k,3,0,14,decode,16,64,0,16,64,1,137.670,684.800,98.430,1,586.370,822.630,128,16384,3
spec_k,3,0,15,decode,16,64,0,16,64,1,134.200,676.490,97.800,1,578.690,810.840,128,16384,3
spec_k,3,0,16,decode,16,64,0,16,64,1,135.680,726.030,142.370,1,583.660,861.880,128,16384,3
spec_k,3,0,17,decode,16,64,0,16,64,1,136.370,690.480,105.250,1,585.230,827.040,128,16384,3
spec_k,3,0,18,decode,16,64,0,16,64,1,135.830,678.380,95.410,1,582.970,814.360,128,16384,3
spec_k,3,0,19,decode,16,64,0,16,64,1,134.830,671.570,96.000,1,575.570,806.620,128,16384,3
spec_k,3,0,20,decode,16,64,0,16,64,1,138.260,746.700,105.250,1,641.450,885.130,128,16384,3
spec_k,3,0,21,decode,16,64,0,16,64,1,140.300,746.650,106.310,1,640.340,887.140,128,16384,3
spec_k,3,0,22,decode,16,64,0,16,64,1,145.370,727.580,104.990,1,622.590,873.110,128,16384,3
spec_k,3,0,23,decode,16,64,0,16,64,1,148.690,733.940,103.700,1,630.240,882.820,128,16384,3
spec_k,3,0,24,decode,16,64,0,16,64,1,180.060,690.950,98.820,1,592.130,871.160,128,16384,3
spec_k,3,0,25,decode,16,64,0,16,64,1,145.660,682.630,97.730,1,584.900,828.470,128,16384,3
spec_k,3,0,26,decode,16,64,0,16,64,1,134.990,676.940,99.010,1,577.930,812.100,128,16384,3
spec_k,3,0,27,decode,16,64,0,16,64,1,135.310,672.050,97.030,1,575.020,807.540,128,16384,3
spec_k,3,0,28,decode,16,64,0,16,64,1,137.760,686.070,99.910,1,586.160,824.020,128,16384,3
spec_k,3,0,29,decode,16,64,0,16,64,1,136.380,680.720,98.840,1,581.880,817.300,128,16384,3
prefix_hit_ratio,0.0,0,0,decode,16,16,0,16,16,0,53.820,541.330,97.240,1,444.090,595.300,128,16384,3
prefix_hit_ratio,0.0,0,1,decode,16,16,0,16,16,0,51.980,525.650,95.640,1,430.010,577.850,128,16384,3
prefix_hit_ratio,0.0,0,2,decode,16,16,0,16,16,0,48.720,526.690,95.870,1,430.820,575.620,128,16384,3
prefix_hit_ratio,0.0,0,3,decode,16,16,0,16,16,0,49.210,520.480,95.150,1,425.330,569.930,128,16384,3
prefix_hit_ratio,0.0,0,4,decode,16,16,0,16,16,0,47.930,570.600,135.550,1,435.050,618.710,128,16384,3
prefix_hit_ratio,0.0,0,5,decode,16,16,0,16,16,0,48.990,533.570,97.390,1,436.180,582.750,128,16384,3
prefix_hit_ratio,0.0,0,6,decode,16,16,0,16,16,0,48.970,537.250,97.100,1,440.150,586.360,128,16384,3
prefix_hit_ratio,0.0,0,7,decode,16,16,0,16,16,0,48.270,523.490,96.270,1,427.220,571.920,128,16384,3
prefix_hit_ratio,0.0,0,8,decode,16,16,0,16,16,0,47.900,521.710,94.990,1,426.720,569.760,128,16384,3
prefix_hit_ratio,0.0,0,9,decode,16,16,0,16,16,0,48.290,522.620,95.110,1,427.510,571.060,128,16384,3
prefix_hit_ratio,0.0,0,10,decode,16,16,0,16,16,0,48.930,519.100,94.680,1,424.420,568.170,128,16384,3
prefix_hit_ratio,0.0,0,11,decode,16,16,0,16,16,0,86.420,536.180,96.500,1,439.680,622.800,128,16384,3
prefix_hit_ratio,0.0,0,12,decode,16,16,0,16,16,0,47.890,544.970,97.660,1,447.310,593.060,128,16384,3
prefix_hit_ratio,0.0,0,13,decode,16,16,0,16,16,0,48.620,521.300,95.700,1,425.600,570.100,128,16384,3
prefix_hit_ratio,0.0,0,14,decode,16,16,0,16,16,0,48.180,517.840,95.350,1,422.490,566.170,128,16384,3
prefix_hit_ratio,0.0,0,15,decode,16,16,0,16,16,0,48.760,519.440,95.160,1,424.280,568.400,128,16384,3
prefix_hit_ratio,0.0,0,16,decode,16,16,0,16,16,0,48.630,520.550,94.900,1,425.650,569.340,128,16384,3
prefix_hit_ratio,0.0,0,17,decode,16,16,0,16,16,0,47.960,571.760,96.890,1,474.870,619.860,128,16384,3
prefix_hit_ratio,0.0,0,18,decode,16,16,0,16,16,0,47.750,1080.450,628.060,1,452.390,1128.380,128,16384,3
prefix_hit_ratio,0.0,0,19,decode,16,16,0,16,16,0,51.680,561.500,100.670,1,460.830,613.330,128,16384,3
prefix_hit_ratio,0.0,0,20,decode,16,16,0,16,16,0,49.940,531.990,96.370,1,435.620,582.110,128,16384,3
prefix_hit_ratio,0.0,0,21,decode,16,16,0,16,16,0,49.650,532.190,96.980,1,435.210,582.010,128,16384,3
prefix_hit_ratio,0.0,0,22,decode,16,16,0,16,16,0,49.640,575.020,101.800,1,473.220,624.850,128,16384,3
prefix_hit_ratio,0.0,0,23,decode,16,16,0,16,16,0,50.960,550.680,100.700,1,449.980,601.840,128,16384,3
prefix_hit_ratio,0.0,0,24,decode,16,16,0,16,16,0,49.080,528.970,97.310,1,431.660,578.260,128,16384,3
prefix_hit_ratio,0.0,0,25,decode,16,16,0,16,16,0,48.560,520.760,94.750,1,426.010,569.450,128,16384,3
prefix_hit_ratio,0.0,0,26,decode,16,16,0,16,16,0,49.520,523.250,95.750,1,427.500,572.940,128,16384,3
prefix_hit_ratio,0.0,0,27,decode,16,16,0,16,16,0,47.940,522.210,96.320,1,425.890,570.350,128,16384,3
prefix_hit_ratio,0.0,0,28,decode,16,16,0,16,16,0,49.210,560.350,95.610,1,464.740,609.700,128,16384,3
prefix_hit_ratio,0.0,0,29,decode,16,16,0,16,16,0,49.350,548.570,110.320,1,438.250,598.110,128,16384,3
prefix_hit_ratio,0.0,0,30,decode,16,16,0,16,16,0,48.290,522.010,95.330,1,426.680,570.460,128,16384,3
prefix_hit_ratio,0.0,0,31,decode,16,16,0,16,16,0,47.390,519.900,95.020,1,424.880,567.480,128,16384,3
prefix_hit_ratio,0.0,0,32,decode,16,16,0,16,16,0,49.190,518.910,95.070,1,423.840,568.290,128,16384,3
prefix_hit_ratio,0.0,0,33,decode,16,16,0,16,16,0,48.140,516.660,95.690,1,420.970,564.950,128,16384,3
prefix_hit_ratio,0.0,0,34,decode,16,16,0,16,16,0,49.200,518.030,94.710,1,423.320,567.410,128,16384,3
prefix_hit_ratio,0.0,0,35,decode,16,16,0,16,16,0,48.580,579.390,102.640,1,476.750,628.170,128,16384,3
prefix_hit_ratio,0.0,0,36,decode,16,16,0,16,16,0,66.640,537.360,97.610,1,439.750,604.170,128,16384,3
prefix_hit_ratio,0.0,0,37,decode,16,16,0,16,16,0,50.040,521.800,96.670,1,425.130,572.040,128,16384,3
prefix_hit_ratio,0.0,0,38,decode,16,16,0,16,16,0,48.240,523.120,95.070,1,428.050,571.520,128,16384,3
prefix_hit_ratio,0.0,0,39,decode,16,16,0,16,16,0,48.420,521.280,96.060,1,425.220,569.870,128,16384,3
prefix_hit_ratio,0.0,0,40,decode,16,16,0,16,16,0,47.710,521.290,94.160,1,427.130,569.170,128,16384,3
prefix_hit_ratio,0.0,0,41,decode,16,16,0,16,16,0,48.590,576.430,101.130,1,475.300,625.180,128,16384,3
prefix_hit_ratio,0.0,0,42,decode,16,16,0,16,16,0,48.240,552.410,98.600,1,453.810,600.860,128,16384,3
prefix_hit_ratio,0.0,0,43,decode,16,16,0,16,16,0,48.350,530.340,97.690,1,432.650,578.880,128,16384,3
prefix_hit_ratio,0.0,0,44,decode,16,16,0,16,16,0,48.970,526.530,96.450,1,430.080,575.690,128,16384,3
prefix_hit_ratio,0.0,0,45,decode,16,16,0,16,16,0,49.610,525.140,96.110,1,429.030,574.940,128,16384,3
prefix_hit_ratio,0.0,0,46,decode,16,16,0,16,16,0,48.850,524.430,96.050,1,428.380,573.480,128,16384,3
prefix_hit_ratio,0.0,0,47,decode,16,16,0,16,16,0,47.930,573.310,102.190,1,471.120,621.430,128,16384,3
prefix_hit_ratio,0.0,0,48,decode,16,16,0,16,16,0,49.080,544.650,97.590,1,447.060,593.930,128,16384,3
prefix_hit_ratio,0.0,0,49,decode,16,16,0,16,16,0,49.730,526.780,97.130,1,429.650,576.670,128,16384,3
prefix_hit_ratio,0.0,0,50,decode,16,16,0,16,16,0,47.550,513.230,96.330,1,416.900,560.970,128,16384,3
prefix_hit_ratio,0.0,0,51,decode,16,16,0,16,16,0,47.390,509.640,95.440,1,414.200,557.210,128,16384,3
prefix_hit_ratio,0.0,0,52,decode,16,16,0,16,16,0,47.540,508.230,94.120,1,414.110,555.920,128,16384,3
prefix_hit_ratio,0.0,0,53,decode,16,16,0,16,16,0,47.000,545.050,93.560,1,451.490,592.400,128,16384,3
prefix_hit_ratio,0.0,0,54,decode,16,16,0,16,16,0,49.290,539.820,100.550,1,439.270,589.270,128,16384,3
prefix_hit_ratio,0.0,0,55,decode,16,16,0,16,16,0,47.950,519.120,97.030,1,422.090,567.230,128,16384,3
prefix_hit_ratio,0.0,0,56,decode,16,16,0,16,16,0,47.100,510.180,96.030,1,414.150,557.440,128,16384,3
prefix_hit_ratio,0.0,0,57,decode,16,16,0,16,16,0,47.060,511.090,94.370,1,416.720,558.350,128,16384,3
prefix_hit_ratio,0.0,0,58,decode,16,16,0,16,16,0,47.790,512.710,94.480,1,418.230,560.660,128,16384,3
prefix_hit_ratio,0.0,0,59,decode,16,16,0,16,16,0,47.240,509.640,94.290,1,415.350,557.060,128,16384,3
prefix_hit_ratio,0.0,0,60,decode,16,16,0,16,16,0,48.480,561.300,97.150,1,464.150,609.970,128,16384,3
prefix_hit_ratio,0.0,0,61,decode,16,16,0,16,16,0,48.180,520.300,95.680,1,424.620,568.670,128,16384,3
prefix_hit_ratio,0.0,0,62,decode,16,16,0,16,16,0,47.470,513.020,95.790,1,417.230,560.650,128,16384,3
prefix_hit_ratio,0.0,0,63,decode,16,16,0,16,16,0,47.230,512.170,95.080,1,417.090,559.570,128,16384,3
prefix_hit_ratio,0.0,0,64,decode,16,16,0,16,16,0,48.640,519.310,96.370,1,422.940,568.130,128,16384,3
prefix_hit_ratio,0.0,0,65,decode,16,16,0,16,16,0,48.200,511.040,95.130,1,415.910,559.430,128,16384,3
prefix_hit_ratio,0.0,0,66,decode,16,16,0,16,16,0,48.010,556.810,98.640,1,458.170,604.990,128,16384,3
prefix_hit_ratio,0.0,0,67,decode,16,16,0,16,16,0,47.970,538.380,98.360,1,440.020,586.540,128,16384,3
prefix_hit_ratio,0.0,0,68,decode,16,16,0,16,16,0,48.580,513.050,94.000,1,419.050,561.800,128,16384,3
prefix_hit_ratio,0.0,0,69,decode,16,16,0,16,16,0,46.060,509.180,94.930,1,414.250,555.430,128,16384,3
prefix_hit_ratio,0.0,0,70,decode,16,16,0,16,16,0,47.930,513.540,95.130,1,418.410,561.620,128,16384,3
prefix_hit_ratio,0.0,0,71,decode,16,16,0,16,16,0,47.800,515.950,97.290,1,418.660,563.920,128,16384,3
prefix_hit_ratio,0.0,0,72,decode,16,16,0,16,16,0,47.900,514.860,96.250,1,418.610,562.970,128,16384,3
prefix_hit_ratio,0.0,0,73,decode,16,16,0,16,16,0,50.000,625.980,105.460,1,520.520,676.190,128,16384,3
prefix_hit_ratio,0.0,0,74,decode,16,16,0,16,16,0,49.000,516.700,96.160,1,420.540,565.870,128,16384,3
prefix_hit_ratio,0.0,0,75,decode,16,16,0,16,16,0,47.200,513.810,97.640,1,416.170,561.170,128,16384,3
prefix_hit_ratio,0.0,0,76,decode,16,16,0,16,16,0,47.180,512.060,96.500,1,415.560,559.400,128,16384,3
prefix_hit_ratio,0.0,0,77,decode,16,16,0,16,16,0,47.720,513.230,95.990,1,417.240,561.120,128,16384,3
prefix_hit_ratio,0.0,0,78,decode,16,16,0,16,16,0,48.210,513.460,94.980,1,418.480,561.880,128,16384,3
prefix_hit_ratio,0.0,0,79,decode,16,16,0,16,16,0,48.880,570.940,112.130,1,458.810,619.990,128,16384,3
prefix_hit_ratio,0.25,0,0,decode,16,16,0,16,16,0,54.230,538.820,98.570,1,440.250,593.270,128,16384,3
prefix_hit_ratio,0.25,0,1,decode,16,16,0,16,16,0,53.290,533.550,96.350,1,437.200,587.020,128,16384,3
prefix_hit_ratio,0.25,0,2,decode,16,16,0,16,16,0,51.990,537.090,100.170,1,436.920,589.270,128,16384,3
prefix_hit_ratio,0.25,0,3,decode,16,16,0,16,16,0,50.250,537.980,98.730,1,439.250,588.390,128,16384,3
prefix_hit_ratio,0.25,0,4,decode,16,16,0,16,16,0,49.110,598.820,98.920,1,499.900,648.110,128,16384,3
prefix_hit_ratio,0.25,0,5,decode,16,16,0,16,16,0,50.560,527.090,96.280,1,430.810,577.810,128,16384,3
prefix_hit_ratio,0.25,0,6,decode,16,16,0,16,16,0,50.030,530.790,98.630,1,432.160,580.970,128,16384,3
prefix_hit_ratio,0.25,0,7,decode,16,16,0,16,16,0,50.200,523.920,95.390,1,428.530,574.270,128,16384,3
prefix_hit_ratio,0.25,0,8,decode,16,16,0,16,16,0,49.110,524.720,94.650,1,430.070,574.000,128,16384,3
prefix_hit_ratio,0.25,0,9,decode,16,16,0,16,16,0,49.580,528.540,96.000,1,432.540,578.290,128,16384,3
prefix_hit_ratio,0.25,0,10,decode,16,16,0,16,16,0,50.160,596.650,100.740,1,495.910,646.970,128,16384,3
prefix_hit_ratio,0.25,0,11,decode,16,16,0,16,16,0,51.600,528.080,95.330,1,432.750,579.840,128,16384,3
prefix_hit_ratio,0.25,0,12,decode,16,16,0,16,16,0,49.340,523.310,94.650,1,428.660,572.850,128,16384,3
prefix_hit_ratio,0.25,0,13,decode,16,16,0,16,16,0,48.570,519.940,93.960,1,425.980,568.670,128,16384,3
prefix_hit_ratio,0.25,0,14,decode,16,16,0,16,16,0,49.650,520.490,94.080,1,426.410,570.310,128,16384,3
prefix_hit_ratio,0.25,0,15,decode,16,16,0,16,16,0,49.270,526.580,95.960,1,430.620,576.060,128,16384,3
prefix_hit_ratio,0.25,0,16,decode,16,16,0,16,16,0,48.250,614.360,102.140,1,512.220,662.810,128,16384,3
prefix_hit_ratio,0.25,0,17,decode,16,16,0,16,16,0,51.290,526.440,95.400,1,431.040,577.950,128,16384,3
prefix_hit_ratio,0.25,0,18,decode,16,16,0,16,16,0,48.170,522.140,94.180,1,427.960,570.470,128,16384,3
prefix_hit_ratio,0.25,0,19,decode,16,16,0,16,16,0,50.120,523.460,94.930,1,428.530,573.770,128,16384,3
prefix_hit_ratio,0.25,0,20,decode,16,16,0,16,16,0,48.840,525.630,96.070,1,429.560,574.630,128,16384,3
prefix_hit_ratio,0.25,0,21,decode,16,16,0,16,16,0,50.510,527.430,97.840,1,429.590,578.100,128,16384,3
prefix_hit_ratio,0.25,0,22,decode,16,16,0,16,16,0,49.820,598.190,154.640,1,443.550,648.220,128,16384,3
prefix_hit_ratio,0.25,0,23,decode,16,16,0,16,16,0,50.550,540.300,99.110,1,441.190,591.000,128,16384,3
prefix_hit_ratio,0.25,0,24,decode,16,16,0,16,16,0,50.350,530.780,97.710,1,433.070,581.320,128,16384,3
prefix_hit_ratio,0.25,0,25,decode,16,16,0,16,16,0,49.670,525.000,95.870,1,429.130,574.890,128,16384,3
prefix_hit_ratio,0.25,0,26,decode,16,16,0,16,16,0,48.920,527.120,97.870,1,429.250,576.210,128,16384,3
prefix_hit_ratio,0.25,0,27,decode,16,16,0,16,16,0,50.070,528.260,98.080,1,430.180,578.550,128,16384,3
prefix_hit_ratio,0.25,0,28,decode,16,16,0,16,16,0,49.620,576.840,95.860,1,480.980,626.640,128,16384,3
prefix_hit_ratio,0.25,0,29,decode,16,16,0,16,16,0,49.850,551.740,99.580,1,452.160,601.730,128,16384,3
prefix_hit_ratio,0.25,0,30,decode,16,16,0,16,16,0,49.740,529.660,96.220,1,433.440,579.560,128,16384,3
prefix_hit_ratio,0.25,0,31,decode,16,16,0,16,16,0,50.500,533.760,96.340,1,437.420,584.440,128,16384,3
prefix_hit_ratio,0.25,0,32,decode,16,16,0,16,16,0,49.630,532.080,96.620,1,435.460,581.850,128,16384,3
prefix_hit_ratio,0.25,0,33,decode,16,16,0,16,16,0,49.320,532.140,98.810,1,433.330,581.670,128,16384,3
prefix_hit_ratio,0.25,0,34,decode,16,16,0,16,16,0,48.370,524.820,96.270,1,428.550,573.360,128,16384,3
prefix_hit_ratio,0.25,0,35,decode,16,16,0,16,16,0,99.880,540.290,97.920,1,442.370,640.350,128,16384,3
prefix_hit_ratio,0.25,0,36,decode,16,16,0,16,16,0,47.920,530.010,96.640,1,433.370,578.120,128,16384,3
prefix_hit_ratio,0.25,0,37,decode,16,16,0,16,16,0,48.920,524.160,94.600,1,429.560,573.240,128,16384,3
prefix_hit_ratio,0.25,0,38,decode,16,16,0,16,16,0,47.610,517.260,93.280,1,423.980,565.060,128,16384,3
prefix_hit_ratio,0.25,0,39,decode,16,16,0,16,16,0,47.560,519.360,94.100,1,425.260,567.120,128,16384,3
prefix_hit_ratio,0.25,0,40,decode,16,16,0,16,16,0,48.900,523.730,95.980,1,427.750,572.780,128,16384,3
prefix_hit_ratio,0.25,0,41,decode,16,16,0,16,16,0,49.940,584.790,97.460,1,487.330,634.870,128,16384,3
prefix_hit_ratio,0.25,0,42,decode,16,16,0,16,16,0,49.550,525.620,96.110,1,429.510,575.340,128,16384,3
prefix_hit_ratio,0.25,0,43,decode,16,16,0,16,16,0,49.820,523.480,95.820,1,427.660,573.490,128,16384,3
prefix_hit_ratio,0.25,0,44,decode,16,16,0,16,16,0,50.120,521.080,95.340,1,425.740,571.390,128,16384,3
prefix_hit_ratio,0.25,0,45,decode,16,16,0,16,16,0,49.250,521.240,93.450,1,427.790,570.690,128,16384,3
prefix_hit_ratio,0.25,0,46,decode,16,16,0,16,16,0,49.250,526.980,95.310,1,431.670,576.410,128,16384,3
prefix_hit_ratio,0.25,0,47,decode,16,16,0,16,16,0,48.580,587.710,102.000,1,485.710,636.490,128,16384,3
prefix_hit_ratio,0.25,0,48,decode,16,16,0,16,16,0,50.370,529.610,96.310,1,433.300,580.140,128,16384,3
prefix_hit_ratio,0.25,0,49,decode,16,16,0,16,16,0,48.630,518.150,93.660,1,424.490,566.960,128,16384,3
prefix_hit_ratio,0.25,0,50,decode,16,16,0,16,16,0,46.870,512.290,96.210,1,416.080,559.350,128,16384,3
prefix_hit_ratio,0.25,0,51,decode,16,16,0,16,16,0,48.800,515.820,96.970,1,418.850,564.780,128,16384,3
prefix_hit_ratio,0.25,0,52,decode,16,16,0,16,16,0,47.470,509.350,94.690,1,414.660,557.030,128,16384,3
prefix_hit_ratio,0.25,0,53,decode,16,16,0,16,16,0,47.900,568.690,148.370,1,420.320,616.810,128,16384,3
prefix_hit_ratio,0.25,0,54,decode,16,16,0,16,16,0,49.560,527.150,97.620,1,429.530,576.880,128,16384,3
prefix_hit_ratio,0.25,0,55,decode,16,16,0,16,16,0,49.370,516.310,94.560,1,421.750,565.830,128,16384,3
prefix_hit_ratio,0.25,0,56,decode,16,16,0,16,16,0,47.880,512.430,96.280,1,416.150,560.510,128,16384,3
prefix_hit_ratio,0.25,0,57,decode,16,16,0,16,16,0,47.620,517.820,97.330,1,420.490,565.630,128,16384,3
prefix_hit_ratio,0.25,0,58,decode,16,16,0,16,16,0,48.830,513.830,95.490,1,418.340,562.800,128,16384,3
prefix_hit_ratio,0.25,0,59,decode,16,16,0,16,16,0,48.460,508.510,94.600,1,413.910,557.110,128,16384,3
prefix_hit_ratio,0.25,0,60,decode,16,16,0,16,16,0,100.750,533.240,99.310,1,433.930,634.150,128,16384,3
prefix_hit_ratio,0.25,0,61,decode,16,16,0,16,16,0,48.970,818.840,394.350,1,424.490,868.000,128,16384,3
prefix_hit_ratio,0.25,0,62,decode,16,16,0,16,16,0,50.290,540.800,99.130,1,441.670,591.280,128,16384,3
prefix_hit_ratio,0.25,0,63,decode,16,16,0,16,16,0,50.000,515.480,95.740,1,419.740,565.640,128,16384,3
prefix_hit_ratio,0.25,0,64,decode,16,16,0,16,16,0,49.900,514.780,96.110,1,418.670,564.870,128,16384,3
prefix_hit_ratio,0.25,0,65,decode,16,16,0,16,16,0,47.540,572.630,152.610,1,420.020,620.400,128,16384,3
prefix_hit_ratio,0.25,0,66,decode,16,16,0,16,16,0,49.180,519.140,96.620,1,422.520,568.490,128,16384,3
prefix_hit_ratio,0.25,0,67,decode,16,16,0,16,16,0,48.650,510.430,93.910,1,416.520,559.240,128,16384,3
prefix_hit_ratio,0.25,0,68,decode,16,16,0,16,16,0,49.220,507.760,93.680,1,414.080,557.170,128,16384,3
prefix_hit_ratio,0.25,0,69,decode,16,16,0,16,16,0,48.220,507.250,94.390,1,412.860,555.660,128,16384,3
prefix_hit_ratio,0.25,0,70,decode,16,16,0,16,16,0,48.120,510.550,95.810,1,414.740,558.840,128,16384,3
prefix_hit_ratio,0.25,0,71,decode,16,16,0,16,16,0,47.550,505.920,93.900,1,412.020,553.630,128,16384,3
prefix_hit_ratio,0.25,0,72,decode,16,16,0,16,16,0,49.250,578.070,94.900,1,483.170,627.540,128,16384,3
prefix_hit_ratio,0.25,0,73,decode,16,16,0,16,16,0,48.470,509.230,93.720,1,415.510,557.870,128,16384,3
prefix_hit_ratio,0.25,0,74,decode,16,16,0,16,16,0,47.650,507.630,94.470,1,413.160,555.440,128,16384,3
prefix_hit_ratio,0.25,0,75,decode,16,16,0,16,16,0,48.250,506.200,94.590,1,411.610,554.640,128,16384,3
prefix_hit_ratio,0.25,0,76,decode,16,16,0,16,16,0,49.030,509.520,94.860,1,414.660,558.700,128,16384,3
prefix_hit_ratio,0.25,0,77,decode,16,16,0,16,16,0,49.160,510.890,96.760,1,414.130,560.250,128,16384,3
prefix_hit_ratio,0.25,0,78,decode,16,16,0,16,16,0,47.510,572.520,100.380,1,472.140,620.220,128,16384,3
prefix_hit_ratio,0.25,0,79,decode,16,16,0,16,16,0,51.680,515.450,96.390,1,419.060,567.320,128,16384,3
prefix_hit_ratio,0.5,0,0,decode,16,16,0,16,16,0,55.480,547.180,99.980,1,447.200,602.880,128,16384,3
prefix_hit_ratio,0.5,0,1,decode,16,16,0,16,16,0,51.840,540.960,101.320,1,439.640,592.990,128,16384,3
prefix_hit_ratio,0.5,0,2,decode,16,16,0,16,16,0,47.900,533.300,96.700,1,436.600,581.390,128,16384,3
prefix_hit_ratio,0.5,0,3,decode,16,16,0,16,16,0,49.660,526.100,95.850,1,430.250,575.970,128,16384,3
prefix_hit_ratio,0.5,0,4,decode,16,16,0,16,16,0,49.110,532.280,99.270,1,433.010,581.480,128,16384,3
prefix_hit_ratio,0.5,0,5,decode,16,16,0,16,16,0,49.760,595.360,106.420,1,488.940,645.320,128,16384,3
prefix_hit_ratio,0.5,0,6,decode,16,16,0,16,16,0,50.290,539.510,99.230,1,440.280,590.010,128,16384,3
prefix_hit_ratio,0.5,0,7,decode,16,16,0,16,16,0,49.700,529.980,97.310,1,432.670,579.880,128,16384,3
prefix_hit_ratio,0.5,0,8,decode,16,16,0,16,16,0,48.830,525.480,96.950,1,428.530,574.470,128,16384,3
prefix_hit_ratio,0.5,0,9,decode,16,16,0,16,16,0,47.500,528.130,99.110,1,429.020,575.830,128,16384,3
prefix_hit_ratio,0.5,0,10,decode,16,16,0,16,16,0,49.670,524.670,97.600,1,427.070,574.490,128,16384,3
prefix_hit_ratio,0.5,0,11,decode,16,16,0,16,16,0,49.180,597.340,142.570,1,454.770,646.710,128,16384,3
prefix_hit_ratio,0.5,0,12,decode,16,16,0,16,16,0,49.930,545.340,99.420,1,445.920,595.470,128,16384,3
prefix_hit_ratio,0.5,0,13,decode,16,16,0,16,16,0,49.540,529.940,97.490,1,432.450,579.670,128,16384,3
prefix_hit_ratio,0.5,0,14,decode,16,16,0,16,16,0,49.580,526.760,97.660,1,429.100,576.490,128,16384,3
prefix_hit_ratio,0.5,0,15,decode,16,16,0,16,16,0,49.000,522.320,95.150,1,427.170,571.530,128,16384,3
prefix_hit_ratio,0.5,0,16,decode,16,16,0,16,16,0,49.190,524.560,96.570,1,427.990,573.970,128,16384,3
prefix_hit_ratio,0.5,0,17,decode,16,16,0,16,16,0,48.910,543.200,113.470,1,429.730,592.350,128,16384,3
prefix_hit_ratio,0.5,0,18,decode,16,16,0,16,16,0,50.410,545.080,98.970,1,446.110,595.690,128,16384,3
prefix_hit_ratio,0.5,0,19,decode,16,16,0,16,16,0,49.710,534.030,98.670,1,435.360,583.840,128,16384,3
prefix_hit_ratio,0.5,0,20,decode,16,16,0,16,16,0,49.730,528.700,96.620,1,432.080,578.580,128,16384,3
prefix_hit_ratio,0.5,0,21,decode,16,16,0,16,16,0,49.420,525.160,96.550,1,428.610,574.800,128,16384,3
prefix_hit_ratio,0.5,0,22,decode,16,16,0,16,16,0,47.910,524.290,96.680,1,427.610,572.390,128,16384,3
prefix_hit_ratio,0.5,0,23,decode,16,16,0,16,16,0,48.170,533.920,96.330,1,437.590,582.260,128,16384,3
prefix_hit_ratio,0.5,0,24,decode,16,16,0,16,16,0,48.490,579.340,98.740,1,480.600,628.000,128,16384,3
prefix_hit_ratio,0.5,0,25,decode,16,16,0,16,16,0,49.010,526.050,97.810,1,428.240,575.250,128,16384,3
prefix_hit_ratio,0.5,0,26,decode,16,16,0,16,16,0,47.960,523.030,96.920,1,426.110,571.150,128,16384,3
prefix_hit_ratio,0.5,0,27,decode,16,16,0,16,16,0,48.780,523.720,96.720,1,427.000,572.700,128,16384,3
prefix_hit_ratio,0.5,0,28,decode,16,16,0,16,16,0,47.650,525.600,97.250,1,428.350,573.410,128,16384,3
prefix_hit_ratio,0.5,0,29,decode,16,16,0,16,16,0,46.560,527.020,97.900,1,429.120,573.740,128,16384,3
prefix_hit_ratio,0.5,0,30,decode,16,16,0,16,16,0,62.380,577.670,101.490,1,476.180,640.240,128,16384,3
prefix_hit_ratio,0.5,0,31,decode,16,16,0,16,16,0,49.590,528.570,97.360,1,431.210,578.360,128,16384,3
prefix_hit_ratio,0.5,0,32,decode,16,16,0,16,16,0,47.640,525.730,96.690,1,429.040,573.580,128,16384,3
prefix_hit_ratio,0.5,0,33,decode,16,16,0,16,16,0,48.030,521.850,96.450,1,425.400,570.060,128,16384,3
prefix_hit_ratio,0.5,0,34,decode,16,16,0,16,16,0,48.320,522.860,96.890,1,425.970,571.370,128,16384,3
prefix_hit_ratio,0.5,0,35,decode,16,16,0,16,16,0,48.100,529.170,99.590,1,429.580,577.470,128,16384,3
prefix_hit_ratio,0.5,0,36,decode,16,16,0,16,16,0,48.470,593.270,103.650,1,489.620,641.920,128,16384,3
prefix_hit_ratio,0.5,0,37,decode,16,16,0,16,16,0,50.690,532.730,97.120,1,435.610,583.640,128,16384,3
prefix_hit_ratio,0.5,0,38,decode,16,16,0,16,16,0,49.840,535.160,98.010,1,437.150,585.160,128,16384,3
prefix_hit_ratio,0.5,0,39,decode,16,16,0,16,16,0,48.570,526.040,96.320,1,429.720,574.810,128,16384,3
prefix_hit_ratio,0.5,0,40,decode,16,16,0,16,16,0,49.020,528.760,96.370,1,432.390,577.930,128,16384,3
prefix_hit_ratio,0.5,0,41,decode,16,16,0,16,16,0,48.280,526.130,96.830,1,429.300,574.640,128,16384,3
prefix_hit_ratio,0.5,0,42,decode,16,16,0,16,16,0,49.400,590.210,139.750,1,450.460,639.830,128,16384,3
prefix_hit_ratio,0.5,0,43,decode,16,16,0,16,16,0,49.110,539.610,98.290,1,441.320,588.920,128,16384,3
prefix_hit_ratio,0.5,0,44,decode,16,16,0,16,16,0,48.840,522.990,96.180,1,426.810,572.020,128,16384,3
prefix_hit_ratio,0.5,0,45,decode,16,16,0,16,16,0,48.730,527.830,98.520,1,429.310,576.740,128,16384,3
prefix_hit_ratio,0.5,0,46,decode,16,16,0,16,16,0,49.930,519.130,95.460,1,423.670,569.240,128,16384,3
prefix_hit_ratio,0.5,0,47,decode,16,16,0,16,16,0,48.480,521.650,94.270,1,427.380,570.330,128,16384,3
prefix_hit_ratio,0.5,0,48,decode,16,16,0,16,16,0,48.270,553.290,100.860,1,452.430,601.740,128,16384,3
prefix_hit_ratio,0.5,0,49,decode,16,16,0,16,16,0,88.830,541.870,98.100,1,443.770,630.850,128,16384,3
prefix_hit_ratio,0.5,0,50,decode,16,16,0,16,16,0,47.690,517.750,96.510,1,421.240,565.610,128,16384,3
prefix_hit_ratio,0.5,0,51,decode,16,16,0,16,16,0,47.130,515.610,96.240,1,419.370,562.910,128,16384,3
prefix_hit_ratio,0.5,0,52,decode,16,16,0,16,16,0,49.090,513.990,95.740,1,418.250,563.180,128,16384,3
prefix_hit_ratio,0.5,0,53,decode,16,16,0,16,16,0,48.700,511.550,96.960,1,414.590,560.420,128,16384,3
prefix_hit_ratio,0.5,0,54,decode,16,16,0,16,16,0,48.440,530.950,113.960,1,416.990,579.570,128,16384,3
prefix_hit_ratio,0.5,0,55,decode,16,16,0,16,16,0,48.860,561.480,100.180,1,461.300,610.500,128,16384,3
prefix_hit_ratio,0.5,0,56,decode,16,16,0,16,16,0,48.840,513.100,96.580,1,416.520,562.090,128,16384,3
prefix_hit_ratio,0.5,0,57,decode,16,16,0,16,16,0,47.470,516.610,97.630,1,418.980,564.280,128,16384,3
prefix_hit_ratio,0.5,0,58,decode,16,16,0,16,16,0,47.790,511.800,95.310,1,416.490,559.780,128,16384,3
prefix_hit_ratio,0.5,0,59,decode,16,16,0,16,16,0,48.180,517.320,97.360,1,419.960,565.690,128,16384,3
prefix_hit_ratio,0.5,0,60,decode,16,16,0,16,16,0,46.940,516.960,97.900,1,419.060,564.070,128,16384,3
prefix_hit_ratio,0.5,0,61,decode,16,16,0,16,16,0,48.100,897.270,444.590,1,452.680,945.560,128,16384,3
prefix_hit_ratio,0.5,0,62,decode,16,16,0,16,16,0,50.140,545.960,100.460,1,445.500,596.290,128,16384,3
prefix_hit_ratio,0.5,0,63,decode,16,16,0,16,16,0,49.900,527.770,99.130,1,428.640,577.860,128,16384,3
prefix_hit_ratio,0.5,0,64,decode,16,16,0,16,16,0,49.390,522.400,98.180,1,424.220,571.940,128,16384,3
prefix_hit_ratio,0.5,0,65,decode,16,16,0,16,16,0,48.460,515.670,96.500,1,419.170,564.300,128,16384,3
prefix_hit_ratio,0.5,0,66,decode,16,16,0,16,16,0,49.630,528.660,106.020,1,422.640,578.470,128,16384,3
prefix_hit_ratio,0.5,0,67,decode,16,16,0,16,16,0,49.620,568.360,102.350,1,466.010,618.200,128,16384,3
prefix_hit_ratio,0.5,0,68,decode,16,16,0,16,16,0,49.970,514.610,95.740,1,418.870,564.790,128,16384,3
prefix_hit_ratio,0.5,0,69,decode,16,16,0,16,16,0,48.310,514.490,94.970,1,419.520,562.940,128,16384,3
prefix_hit_ratio,0.5,0,70,decode,16,16,0,16,16,0,48.120,518.160,97.790,1,420.370,566.460,128,16384,3
prefix_hit_ratio,0.5,0,71,decode,16,16,0,16,16,0,48.890,513.380,93.810,1,419.570,562.480,128,16384,3
prefix_hit_ratio,0.5,0,72,decode,16,16,0,16,16,0,48.770,510.170,94.160,1,416.010,559.140,128,16384,3
prefix_hit_ratio,0.5,0,73,decode,16,16,0,16,16,0,49.030,580.640,138.670,1,441.970,629.890,128,16384,3
prefix_hit_ratio,0.5,0,74,decode,16,16,0,16,16,0,50.570,522.620,99.090,1,423.530,573.380,128,16384,3
prefix_hit_ratio,0.5,0,75,decode,16,16,0,16,16,0,48.940,513.220,96.670,1,416.550,562.350,128,16384,3
prefix_hit_ratio,0.5,0,76,decode,16,16,0,16,16,0,49.680,515.490,97.730,1,417.760,565.370,128,16384,3
prefix_hit_ratio,0.5,0,77,decode,16,16,0,16,16,0,48.170,514.860,98.030,1,416.830,563.220,128,16384,3
prefix_hit_ratio,0.5,0,78,decode,16,16,0,16,16,0,48.940,517.380,97.850,1,419.530,566.510,128,16384,3
prefix_hit_ratio,0.5,0,79,decode,16,16,0,16,16,0,50.410,533.980,99.600,1,434.380,584.550,128,16384,3
prefix_hit_ratio,0.75,0,0,decode,16,16,0,16,16,0,52.890,558.530,100.730,1,457.800,611.590,128,16384,3
prefix_hit_ratio,0.75,0,1,decode,16,16,0,16,16,0,52.750,586.700,103.500,1,483.200,639.640,128,16384,3
prefix_hit_ratio,0.75,0,2,decode,16,16,0,16,16,0,52.010,530.130,97.410,1,432.720,582.330,128,16384,3
prefix_hit_ratio,0.75,0,3,decode,16,16,0,16,16,0,50.030,529.940,98.940,1,431.000,580.160,128,16384,3
prefix_hit_ratio,0.75,0,4,decode,16,16,0,16,16,0,50.720,526.250,95.970,1,430.280,577.160,128,16384,3
prefix_hit_ratio,0.75,0,5,decode,16,16,0,16,16,0,50.720,532.350,98.070,1,434.280,583.230,128,16384,3
prefix_hit_ratio,0.75,0,6,decode,16,16,0,16,16,0,49.650,552.480,99.460,1,453.020,602.310,128,16384,3
prefix_hit_ratio,0.75,0,7,decode,16,16,0,16,16,0,51.340,578.260,104.540,1,473.720,629.750,128,16384,3
prefix_hit_ratio,0.75,0,8,decode,16,16,0,16,16,0,51.120,533.530,95.810,1,437.720,584.850,128,16384,3
prefix_hit_ratio,0.75,0,9,decode,16,16,0,16,16,0,48.820,546.380,98.270,1,448.110,595.390,128,16384,3
prefix_hit_ratio,0.75,0,10,decode,16,16,0,16,16,0,49.830,525.310,95.510,1,429.800,575.340,128,16384,3
prefix_hit_ratio,0.75,0,11,decode,16,16,0,16,16,0,49.680,525.580,95.000,1,430.580,575.460,128,16384,3
prefix_hit_ratio,0.75,0,12,decode,16,16,0,16,16,0,48.480,540.980,99.450,1,441.530,589.610,128,16384,3
prefix_hit_ratio,0.75,0,13,decode,16,16,0,16,16,0,49.660,571.820,94.000,1,477.820,621.650,128,16384,3
prefix_hit_ratio,0.75,0,14,decode,16,16,0,16,16,0,51.310,543.960,98.650,1,445.310,595.470,128,16384,3
prefix_hit_ratio,0.75,0,15,decode,16,16,0,16,16,0,49.630,533.590,98.270,1,435.320,583.370,128,16384,3
prefix_hit_ratio,0.75,0,16,decode,16,16,0,16,16,0,50.180,522.660,95.120,1,427.540,573.040,128,16384,3
prefix_hit_ratio,0.75,0,17,decode,16,16,0,16,16,0,49.570,528.430,96.540,1,431.890,578.180,128,16384,3
prefix_hit_ratio,0.75,0,18,decode,16,16,0,16,16,0,48.850,541.690,106.930,1,434.760,590.700,128,16384,3
prefix_hit_ratio,0.75,0,19,decode,16,16,0,16,16,0,50.450,536.880,97.920,1,438.960,587.530,128,16384,3
prefix_hit_ratio,0.75,0,20,decode,16,16,0,16,16,0,90.960,545.810,99.520,1,446.290,636.970,128,16384,3
prefix_hit_ratio,0.75,0,21,decode,16,16,0,16,16,0,50.060,530.330,96.290,1,434.040,580.580,128,16384,3
prefix_hit_ratio,0.75,0,22,decode,16,16,0,16,16,0,49.940,524.790,96.590,1,428.200,574.880,128,16384,3
prefix_hit_ratio,0.75,0,23,decode,16,16,0,16,16,0,50.330,521.310,95.080,1,426.230,571.830,128,16384,3
prefix_hit_ratio,0.75,0,24,decode,16,16,0,16,16,0,49.650,523.640,94.570,1,429.070,573.490,128,16384,3
prefix_hit_ratio,0.75,0,25,decode,16,16,0,16,16,0,51.990,544.130,98.400,1,445.730,596.300,128,16384,3
prefix_hit_ratio,0.75,0,26,decode,16,16,0,16,16,0,49.950,573.710,96.650,1,477.060,623.810,128,16384,3
prefix_hit_ratio,0.75,0,27,decode,16,16,0,16,16,0,49.370,523.250,95.550,1,427.700,572.790,128,16384,3
prefix_hit_ratio,0.75,0,28,decode,16,16,0,16,16,0,49.790,521.530,94.810,1,426.720,571.520,128,16384,3
prefix_hit_ratio,0.75,0,29,decode,16,16,0,16,16,0,50.030,523.960,94.260,1,429.700,574.180,128,16384,3
prefix_hit_ratio,0.75,0,30,decode,16,16,0,16,16,0,48.030,523.720,94.770,1,428.950,571.960,128,16384,3
prefix_hit_ratio,0.75,0,31,decode,16,16,0,16,16,0,48.860,553.510,99.980,1,453.530,602.540,128,16384,3
prefix_hit_ratio,0.75,0,32,decode,16,16,0,16,16,0,49.160,573.980,99.370,1,474.610,623.320,128,16384,3
prefix_hit_ratio,0.75,0,33,decode,16,16,0,16,16,0,50.510,529.000,96.270,1,432.730,579.690,128,16384,3
prefix_hit_ratio,0.75,0,34,decode,16,16,0,16,16,0,49.770,523.520,94.880,1,428.640,573.470,128,16384,3
prefix_hit_ratio,0.75,0,35,decode,16,16,0,16,16,0,49.250,523.210,95.110,1,428.100,572.610,128,16384,3
prefix_hit_ratio,0.75,0,36,decode,16,16,0,16,16,0,49.450,527.930,96.880,1,431.050,577.560,128,16384,3
prefix_hit_ratio,0.75,0,37,decode,16,16,0,16,16,0,50.520,543.110,97.380,1,445.730,593.830,128,16384,3
prefix_hit_ratio,0.75,0,38,decode,16,16,0,16,16,0,49.420,573.210,99.360,1,473.850,622.790,128,16384,3
prefix_hit_ratio,0.75,0,39,decode,16,16,0,16,16,0,49.660,525.850,95.630,1,430.220,575.680,128,16384,3
prefix_hit_ratio,0.75,0,40,decode,16,16,0,16,16,0,49.100,521.030,95.020,1,426.010,570.310,128,16384,3
prefix_hit_ratio,0.75,0,41,decode,16,16,0,16,16,0,48.640,524.900,95.050,1,429.850,573.690,128,16384,3
prefix_hit_ratio,0.75,0,42,decode,16,16,0,16,16,0,49.020,519.140,94.530,1,424.610,568.360,128,16384,3
prefix_hit_ratio,0.75,0,43,decode,16,16,0,16,16,0,48.650,616.080,99.200,1,516.880,664.870,128,16384,3
prefix_hit_ratio,0.75,0,44,decode,16,16,0,16,16,0,50.340,569.770,138.840,1,430.930,620.260,128,16384,3
prefix_hit_ratio,0.75,0,45,decode,16,16,0,16,16,0,49.570,526.600,94.860,1,431.740,576.310,128,16384,3
prefix_hit_ratio,0.75,0,46,decode,16,16,0,16,16,0,49.530,521.730,93.570,1,428.160,571.420,128,16384,3
prefix_hit_ratio,0.75,0,47,decode,16,16,0,16,16,0,48.080,518.230,94.960,1,423.270,566.500,128,16384,3
prefix_hit_ratio,0.75,0,48,decode,16,16,0,16,16,0,49.760,519.580,93.700,1,425.880,569.530,128,16384,3
prefix_hit_ratio,0.75,0,49,decode,16,16,0,16,16,0,48.470,546.030,98.240,1,447.790,594.660,128,16384,3
prefix_hit_ratio,0.75,0,50,decode,16,16,0,16,16,0,50.040,512.340,95.230,1,417.110,562.560,128,16384,3
prefix_hit_ratio,0.75,0,51,decode,16,16,0,16,16,0,87.960,522.740,97.250,1,425.490,610.890,128,16384,3
prefix_hit_ratio,0.75,0,52,decode,16,16,0,16,16,0,48.500,506.230,94.080,1,412.150,554.910,128,16384,3
prefix_hit_ratio,0.75,0,53,decode,16,16,0,16,16,0,48.490,505.650,95.590,1,410.060,554.330,128,16384,3
prefix_hit_ratio,0.75,0,54,decode,16,16,0,16,16,0,48.510,506.620,93.650,1,412.970,555.320,128,16384,3
prefix_hit_ratio,0.75,0,55,decode,16,16,0,16,16,0,48.210,520.870,94.660,1,426.210,569.300,128,16384,3
prefix_hit_ratio,0.75,0,56,decode,16,16,0,16,16,0,48.710,517.950,96.180,1,421.770,566.790,128,16384,3
prefix_hit_ratio,0.75,0,57,decode,16,16,0,16,16,0,47.520,559.500,99.330,1,460.170,607.170,128,16384,3
prefix_hit_ratio,0.75,0,58,decode,16,16,0,16,16,0,49.190,515.200,96.290,1,418.910,564.580,128,16384,3
prefix_hit_ratio,0.75,0,59,decode,16,16,0,16,16,0,48.050,509.410,94.470,1,414.940,557.620,128,16384,3
prefix_hit_ratio,0.75,0,60,decode,16,16,0,16,16,0,48.460,507.290,94.030,1,413.260,555.920,128,16384,3
prefix_hit_ratio,0.75,0,61,decode,16,16,0,16,16,0,48.120,825.020,396.430,1,428.590,873.300,128,16384,3
prefix_hit_ratio,0.75,0,62,decode,16,16,0,16,16,0,49.270,536.740,97.440,1,439.300,586.150,128,16384,3
prefix_hit_ratio,0.75,0,63,decode,16,16,0,16,16,0,48.320,567.140,100.770,1,466.370,615.650,128,16384,3
prefix_hit_ratio,0.75,0,64,decode,16,16,0,16,16,0,50.080,522.150,97.460,1,424.690,572.410,128,16384,3
prefix_hit_ratio,0.75,0,65,decode,16,16,0,16,16,0,49.690,517.040,95.550,1,421.490,566.940,128,16384,3
prefix_hit_ratio,0.75,0,66,decode,16,16,0,16,16,0,48.150,508.990,93.430,1,415.560,557.320,128,16384,3
prefix_hit_ratio,0.75,0,67,decode,16,16,0,16,16,0,48.620,511.680,97.380,1,414.300,560.470,128,16384,3
prefix_hit_ratio,0.75,0,68,decode,16,16,0,16,16,0,50.080,520.850,98.150,1,422.700,571.110,128,16384,3
prefix_hit_ratio,0.75,0,69,decode,16,16,0,16,16,0,47.990,563.200,102.690,1,460.510,611.350,128,16384,3
prefix_hit_ratio,0.75,0,70,decode,16,16,0,16,16,0,48.740,517.560,97.730,1,419.830,566.480,128,16384,3
prefix_hit_ratio,0.75,0,71,decode,16,16,0,16,16,0,48.390,514.720,96.470,1,418.250,563.280,128,16384,3
prefix_hit_ratio,0.75,0,72,decode,16,16,0,16,16,0,48.540,509.560,94.180,1,415.380,558.280,128,16384,3
prefix_hit_ratio,0.75,0,73,decode,16,16,0,16,16,0,49.450,508.810,95.290,1,413.520,558.450,128,16384,3
prefix_hit_ratio,0.75,0,74,decode,16,16,0,16,16,0,49.190,529.050,96.240,1,432.810,578.440,128,16384,3
prefix_hit_ratio,0.75,0,75,decode,16,16,0,16,16,0,48.810,508.950,95.700,1,413.250,557.950,128,16384,3
prefix_hit_ratio,0.75,0,76,decode,16,16,0,16,16,0,89.290,520.170,95.780,1,424.390,609.650,128,16384,3
prefix_hit_ratio,0.75,0,77,decode,16,16,0,16,16,0,49.210,511.210,97.280,1,413.930,560.590,128,16384,3
prefix_hit_ratio,0.75,0,78,decode,16,16,0,16,16,0,48.470,508.720,94.250,1,414.470,557.380,128,16384,3
prefix_hit_ratio,0.75,0,79,decode,16,16,0,16,16,0,49.160,508.860,95.030,1,413.830,558.210,128,16384,3
prefix_hit_ratio,1.0,0,0,decode,16,16,0,16,16,0,54.300,543.380,99.250,1,444.130,597.880,128,16384,3
prefix_hit_ratio,1.0,0,1,decode,16,16,0,16,16,0,53.910,564.510,104.000,1,460.510,618.590,128,16384,3
prefix_hit_ratio,1.0,0,2,decode,16,16,0,16,16,0,51.720,537.580,97.120,1,440.460,589.510,128,16384,3
prefix_hit_ratio,1.0,0,3,decode,16,16,0,16,16,0,50.400,584.680,103.320,1,481.360,635.230,128,16384,3
prefix_hit_ratio,1.0,0,4,decode,16,16,0,16,16,0,50.700,532.430,95.780,1,436.650,583.280,128,16384,3
prefix_hit_ratio,1.0,0,5,decode,16,16,0,16,16,0,50.110,529.660,95.610,1,434.050,579.900,128,16384,3
prefix_hit_ratio,1.0,0,6,decode,16,16,0,16,16,0,50.100,533.150,97.690,1,435.460,583.420,128,16384,3
prefix_hit_ratio,1.0,0,7,decode,16,16,0,16,16,0,50.450,550.680,102.800,1,447.880,601.280,128,16384,3
prefix_hit_ratio,1.0,0,8,decode,16,16,0,16,16,0,51.390,532.790,97.900,1,434.890,584.390,128,16384,3
prefix_hit_ratio,1.0,0,9,decode,16,16,0,16,16,0,51.080,579.670,141.900,1,437.770,630.910,128,16384,3
prefix_hit_ratio,1.0,0,10,decode,16,16,0,16,16,0,49.880,537.470,99.150,1,438.320,587.530,128,16384,3
prefix_hit_ratio,1.0,0,11,decode,16,16,0,16,16,0,49.280,522.580,96.750,1,425.830,572.070,128,16384,3
prefix_hit_ratio,1.0,0,12,decode,16,16,0,16,16,0,50.160,522.650,95.430,1,427.220,572.980,128,16384,3
prefix_hit_ratio,1.0,0,13,decode,16,16,0,16,16,0,48.690,534.760,106.640,1,428.120,583.620,128,16384,3
prefix_hit_ratio,1.0,0,14,decode,16,16,0,16,16,0,49.510,531.360,96.680,1,434.680,581.060,128,16384,3
prefix_hit_ratio,1.0,0,15,decode,16,16,0,16,16,0,50.150,529.010,96.340,1,432.670,579.300,128,16384,3
prefix_hit_ratio,1.0,0,16,decode,16,16,0,16,16,0,89.160,543.260,101.460,1,441.800,632.580,128,16384,3
prefix_hit_ratio,1.0,0,17,decode,16,16,0,16,16,0,48.810,531.810,97.600,1,434.210,580.810,128,16384,3
prefix_hit_ratio,1.0,0,18,decode,16,16,0,16,16,0,50.140,529.850,98.580,1,431.270,580.190,128,16384,3
prefix_hit_ratio,1.0,0,19,decode,16,16,0,16,16,0,50.060,531.090,96.410,1,434.680,581.310,128,16384,3
prefix_hit_ratio,1.0,0,20,decode,16,16,0,16,16,0,49.000,540.680,99.160,1,441.520,589.880,128,16384,3
prefix_hit_ratio,1.0,0,21,decode,16,16,0,16,16,0,48.300,521.820,95.500,1,426.320,570.270,128,16384,3
prefix_hit_ratio,1.0,0,22,decode,16,16,0,16,16,0,49.470,574.870,99.680,1,475.190,624.530,128,16384,3
prefix_hit_ratio,1.0,0,23,decode,16,16,0,16,16,0,50.310,532.350,98.130,1,434.220,582.820,128,16384,3
prefix_hit_ratio,1.0,0,24,decode,16,16,0,16,16,0,49.110,528.430,97.470,1,430.960,577.680,128,16384,3
prefix_hit_ratio,1.0,0,25,decode,16,16,0,16,16,0,49.000,529.090,99.130,1,429.960,578.240,128,16384,3
prefix_hit_ratio,1.0,0,26,decode,16,16,0,16,16,0,64.600,538.770,97.360,1,441.410,603.570,128,16384,3
prefix_hit_ratio,1.0,0,27,decode,16,16,0,16,16,0,49.790,528.330,97.690,1,430.640,578.330,128,16384,3
prefix_hit_ratio,1.0,0,28,decode,16,16,0,16,16,0,48.460,573.170,98.530,1,474.640,621.830,128,16384,3
prefix_hit_ratio,1.0,0,29,decode,16,16,0,16,16,0,48.780,528.340,98.660,1,429.680,577.280,128,16384,3
prefix_hit_ratio,1.0,0,30,decode,16,16,0,16,16,0,49.020,522.810,96.150,1,426.660,571.990,128,16384,3
prefix_hit_ratio,1.0,0,31,decode,16,16,0,16,16,0,49.180,522.530,95.640,1,426.890,571.860,128,16384,3
prefix_hit_ratio,1.0,0,32,decode,16,16,0,16,16,0,49.180,542.470,97.890,1,444.580,591.800,128,16384,3
prefix_hit_ratio,1.0,0,33,decode,16,16,0,16,16,0,50.040,525.350,95.520,1,429.830,575.580,128,16384,3
prefix_hit_ratio,1.0,0,34,decode,16,16,0,16,16,0,49.190,572.540,100.770,1,471.770,621.890,128,16384,3
prefix_hit_ratio,1.0,0,35,decode,16,16,0,16,16,0,49.840,533.440,97.030,1,436.410,583.430,128,16384,3
prefix_hit_ratio,1.0,0,36,decode,16,16,0,16,16,0,48.800,522.980,96.410,1,426.570,571.960,128,16384,3
prefix_hit_ratio,1.0,0,37,decode,16,16,0,16,16,0,48.840,524.650,97.400,1,427.250,573.640,128,16384,3
prefix_hit_ratio,1.0,0,38,decode,16,16,0,16,16,0,49.800,543.370,99.260,1,444.110,593.320,128,16384,3
prefix_hit_ratio,1.0,0,39,decode,16,16,0,16,16,0,50.210,525.730,96.720,1,429.010,576.130,128,16384,3
prefix_hit_ratio,1.0,0,40,decode,16,16,0,16,16,0,48.970,566.410,133.630,1,432.780,615.530,128,16384,3
prefix_hit_ratio,1.0,0,41,decode,16,16,0,16,16,0,50.920,533.870,96.110,1,437.760,584.980,128,16384,3
prefix_hit_ratio,1.0,0,42,decode,16,16,0,16,16,0,48.430,526.290,96.520,1,429.770,574.880,128,16384,3
prefix_hit_ratio,1.0,0,43,decode,16,16,0,16,16,0,47.740,525.410,95.860,1,429.550,573.350,128,16384,3
prefix_hit_ratio,1.0,0,44,decode,16,16,0,16,16,0,49.700,548.490,100.520,1,447.970,598.380,128,16384,3
prefix_hit_ratio,1.0,0,45,decode,16,16,0,16,16,0,49.850,526.950,97.240,1,429.710,576.950,128,16384,3
prefix_hit_ratio,1.0,0,46,decode,16,16,0,16,16,0,47.510,529.110,97.340,1,431.770,576.820,128,16384,3
prefix_hit_ratio,1.0,0,47,decode,16,16,0,16,16,0,88.160,549.240,101.370,1,447.870,637.590,128,16384,3
prefix_hit_ratio,1.0,0,48,decode,16,16,0,16,16,0,48.670,530.060,97.390,1,432.670,578.880,128,16384,3
prefix_hit_ratio,1.0,0,49,decode,16,16,0,16,16,0,50.980,530.720,99.110,1,431.610,581.910,128,16384,3
prefix_hit_ratio,1.0,0,50,decode,16,16,0,16,16,0,47.770,535.650,110.920,1,424.730,583.610,128,16384,3
prefix_hit_ratio,1.0,0,51,decode,16,16,0,16,16,0,49.680,523.620,96.860,1,426.760,573.500,128,16384,3
prefix_hit_ratio,1.0,0,52,decode,16,16,0,16,16,0,49.570,521.970,99.070,1,422.900,571.690,128,16384,3
prefix_hit_ratio,1.0,0,53,decode,16,16,0,16,16,0,48.610,572.900,102.040,1,470.860,621.660,128,16384,3
prefix_hit_ratio,1.0,0,54,decode,16,16,0,16,16,0,48.990,520.920,97.140,1,423.780,570.070,128,16384,3
prefix_hit_ratio,1.0,0,55,decode,16,16,0,16,16,0,48.950,519.380,97.540,1,421.840,568.550,128,16384,3
prefix_hit_ratio,1.0,0,56,decode,16,16,0,16,16,0,47.900,517.880,98.030,1,419.850,565.930,128,16384,3
prefix_hit_ratio,1.0,0,57,decode,16,16,0,16,16,0,49.460,527.910,99.540,1,428.370,577.520,128,16384,3
prefix_hit_ratio,1.0,0,58,decode,16,16,0,16,16,0,47.760,522.880,98.580,1,424.300,570.820,128,16384,3
prefix_hit_ratio,1.0,0,59,decode,16,16,0,16,16,0,48.410,571.580,102.480,1,469.100,620.180,128,16384,3
prefix_hit_ratio,1.0,0,60,decode,16,16,0,16,16,0,48.950,525.020,97.740,1,427.280,574.120,128,16384,3
prefix_hit_ratio,1.0,0,61,decode,16,16,0,16,16,0,47.830,1075.260,636.400,1,438.860,1123.260,128,16384,3
prefix_hit_ratio,1.0,0,62,decode,16,16,0,16,16,0,52.530,583.160,107.260,1,475.900,635.890,128,16384,3
prefix_hit_ratio,1.0,0,63,decode,16,16,0,16,16,0,49.630,535.970,102.190,1,433.780,585.770,128,16384,3
prefix_hit_ratio,1.0,0,64,decode,16,16,0,16,16,0,50.430,580.430,145.230,1,435.200,631.020,128,16384,3
prefix_hit_ratio,1.0,0,65,decode,16,16,0,16,16,0,53.090,553.460,105.430,1,448.030,606.750,128,16384,3
prefix_hit_ratio,1.0,0,66,decode,16,16,0,16,16,0,48.960,528.430,98.130,1,430.300,577.580,128,16384,3
prefix_hit_ratio,1.0,0,67,decode,16,16,0,16,16,0,48.750,526.080,99.710,1,426.370,574.980,128,16384,3
prefix_hit_ratio,1.0,0,68,decode,16,16,0,16,16,0,50.410,550.390,101.060,1,449.330,600.990,128,16384,3
prefix_hit_ratio,1.0,0,69,decode,16,16,0,16,16,0,49.590,526.920,98.210,1,428.710,576.720,128,16384,3
prefix_hit_ratio,1.0,0,70,decode,16,16,0,16,16,0,49.190,513.760,94.940,1,418.820,563.140,128,16384,3
prefix_hit_ratio,1.0,0,71,decode,16,16,0,16,16,0,48.600,531.420,98.300,1,433.120,580.180,128,16384,3
prefix_hit_ratio,1.0,0,72,decode,16,16,0,16,16,0,48.070,519.780,98.580,1,421.200,568.060,128,16384,3
prefix_hit_ratio,1.0,0,73,decode,16,16,0,16,16,0,49.980,517.640,96.790,1,420.850,567.760,128,16384,3
prefix_hit_ratio,1.0,0,74,decode,16,16,0,16,16,0,49.120,538.420,100.420,1,438.000,587.720,128,16384,3
prefix_hit_ratio,1.0,0,75,decode,16,16,0,16,16,0,48.950,516.920,96.920,1,420.000,566.040,128,16384,3
prefix_hit_ratio,1.0,0,76,decode,16,16,0,16,16,0,49.030,510.640,96.010,1,414.630,559.820,128,16384,3
prefix_hit_ratio,1.0,0,77,decode,16,16,0,16,16,0,47.930,564.360,98.480,1,465.880,612.470,128,16384,3
prefix_hit_ratio,1.0,0,78,decode,16,16,0,16,16,0,48.340,512.240,96.030,1,416.210,560.780,128,16384,3
prefix_hit_ratio,1.0,0,79,decode,16,16,0,16,16,0,48.620,511.580,97.100,1,414.480,560.420,128,16384,3
